job_id,design_index,family_index,constraint,k,t,n_low,n,nfa_states,unrolled_states,seed,dataset,structural_cell_index,replicate_index,base_instance_id,multi_token_keyword_count,compiled_constraint_sha256,job_sha256
000_common_gen_kth_last_k1_t1,0,0,kth_last,1,1,2,65,3,254,897793754,common_gen,0,0,common_gen:validation:930,0,de8a047d1c9f2ac85062de05c4f6dfcbb906a694d2074cd10d491ef76b86a331,5c704c386dd6928eb30b1ea1f51de6db0901c6823f7618ea6e519dca73d200e2
001_common_gen_kth_last_k3_t1,1,1,kth_last,3,1,2,65,5,370,1812287493,common_gen,1,0,common_gen:validation:194,0,7115cb104e0ad93422b5ba3d6d34aa287c6f255df24764048dce1e88137ca3a9,9d174e71cdf96c7866f02728cef638f46d32b05feebda34b561a2ef0cc948e38
002_common_gen_kth_last_k4_t1,2,2,kth_last,4,1,2,65,6,425,1700166206,common_gen,2,0,common_gen:validation:593,0,e587687006feaab7cb2ac8ba96a11064a7a239c4ceedab7d26d8d66777bca6f8,8bf15808ed9f3ef0302e390a663fdef294316cbcf7ebe281a41645c3f4be0312
003_common_gen_kth_last_k6_t1,3,3,kth_last,6,1,2,65,8,529,842411654,common_gen,3,0,common_gen:validation:218,0,f86b60ee7be6e7e0f7551a687da5e900528f51e57cd713c684d0da0effdcdfc5,7169d259139767040caa05a88ca856cda8b42cbfc9324287cf849245ac15b0d5
004_common_gen_kth_last_k7_t1,4,4,kth_last,7,1,2,65,9,578,1633392913,common_gen,4,0,common_gen:validation:247,0,7311631a1fc8a2fede2bf74d67af89f14ceb99ade43bd1c5bb9d069c8e29608a,e5310a99c574343ec5d60f5634acedafc8176bdce1d0724a7657b7bf7a4ef6ed
005_common_gen_kth_last_k9_t1,5,5,kth_last,9,1,2,65,11,670,2090001954,common_gen,5,0,common_gen:validation:462,0,4d8b74259c4b8e4eceae7e13f5fe34a07a4b1ad758f4559df765763385a52d21,5f4c75ce8fddd6c13219f711887fee943fb6a1292f02486f044a4567313da550
006_common_gen_kth_last_k11_t1,6,6,kth_last,11,1,2,65,13,754,1818931647,common_gen,6,0,common_gen:validation:195,0,2a45174a0d673039c05f78f896e331c2e879495a45878998bd816b2230f3d8dc,7eef14e60936672c559aee81f98c2a119518f67908d6a854b7ab0738a5924f74
007_common_gen_kth_last_k12_t1,7,7,kth_last,12,1,2,65,14,793,27081196,common_gen,7,0,common_gen:validation:533,0,9d6c48a11599473daa01e2646cdff9844b326e1781b1ecac69d34c119399abd0,a848f3a521fb17714cc40629ec49f9c4e970317ab0bdfd6c55e5d45c068daf2c
008_common_gen_kth_last_k14_t1,8,8,kth_last,14,1,2,65,16,865,38761726,common_gen,8,0,common_gen:validation:7,0,99dcef79a5fd380bd037f3e91e86c8bcaa8c50fe355a73875ba77f8f7338f4d8,c73457e1ee7370510e920f82afc8bad92d67ba39dae04a299376ef5a37aecd7d
009_common_gen_kth_last_k16_t1,9,9,kth_last,16,1,2,65,18,929,1570769743,common_gen,9,0,common_gen:validation:393,0,7fcee2b36a1b089a0890c0bfc29c8c502c94ef1f9e7751037fee47e75137c4ad,89edfe57e7bfb388b961c0dddcc64c92eab03522fdcec9296a29c85671df2781
010_common_gen_kth_last_k17_t1,10,10,kth_last,17,1,2,65,19,958,480605786,common_gen,10,0,common_gen:validation:622,0,a682f18e7334403949643372e50fb8b459b23e4ee59d71dfd387c177a5c63f79,ec6a10121c48a2552b14f8e3d401bb372ff3b90afcb4cce1d2aa58530d7389e2
011_common_gen_kth_last_k19_t1,11,11,kth_last,19,1,2,65,21,1010,325908543,common_gen,11,0,common_gen:validation:455,0,646d8dd80a2c78ccc6e43c74b58817bab3976824231583b9c34e0744441fb093,579d374c0e3d5a4fb16bc1c516aca88e7157dcbc3a60b8da4f5eba032068a950
012_common_gen_kth_last_k20_t1,12,12,kth_last,20,1,2,65,22,1033,1119897319,common_gen,12,0,common_gen:validation:594,0,0c1277d7fc1881abdff11f45c4622405239decdf697efdcb398bab4bcb337fc0,79d0cd3d7bdbdf73991db654e96a0bd68ccf923025ff16078c1310f1fc7a6ea8
013_common_gen_kth_last_k22_t1,13,13,kth_last,22,1,2,65,24,1073,1599240223,common_gen,13,0,common_gen:validation:249,0,6cd0f168117908464e3f2f07eaef914f121727939d0c7b3ed8e9589e3e73eca7,c11a87a4b6aa40068496b48c2d9814a2b4082127c5f53afdaec8d5fa2d9bfd70
014_common_gen_kth_last_k24_t1,14,14,kth_last,24,1,2,65,26,1105,1243071568,common_gen,14,0,common_gen:validation:641,0,4bd14e58527a2c42e2d489e5d53b4c6c0bb5c73af50785ee22f2b0a65ced9246,5cbd7824b14acd4b3e9ca991c3083bfa5f14587909f9e7916ddb1395ebd0a5b2
015_common_gen_kth_last_k25_t1,15,15,kth_last,25,1,2,65,27,1118,2013217008,common_gen,15,0,common_gen:validation:162,0,0774682091627ce4097a70e93b05d3961eda93d88b76645bd28b7716c93eb973,4a9503a23b1783648565919faa64c46d9d1f1eeba521e50a344dccc6e9f6e4c0
016_common_gen_kth_last_k27_t1,16,16,kth_last,27,1,2,65,29,1138,1151954601,common_gen,16,0,common_gen:validation:969,0,5649c20cb8034a40faf146bf56c4c225f6f7b8a3743eaac5341ca72ce74c9de6,8666f687c4d5254748eb22fce883b895678fce8a26a9489c36e2767a49b994e0
017_common_gen_kth_last_k29_t1,17,17,kth_last,29,1,2,65,31,1150,198980999,common_gen,17,0,common_gen:validation:461,0,2b740992fa4ab75eb075e5518bdfccf0dc926a27265d068365049de9b59f973a,bff3c99fcf4470e309f4ed3dda8ef111128e240270d3f5dc0bfe77f28aee4c1c
018_common_gen_kth_last_k30_t1,18,18,kth_last,30,1,2,65,32,1153,2080759986,common_gen,18,0,common_gen:validation:573,0,ed8349dab41a22cfd19b5dddef2a264489cae2b9f9f77ceab6e1fdede0ea7024,7c4514799c1fd8d9af1ba0cbaf36201407b59b9867ce20b14e12c6665dde8367
019_common_gen_kth_last_k32_t1,19,19,kth_last,32,1,2,65,34,1153,271166055,common_gen,19,0,common_gen:validation:605,0,3b0f0893f0648ab51821d5651d4fc5ead1588a09b732252455342e6c08335fc6,352eae05c1d1e2d7999d4abf6b83a2a54514b4e0b1f68b2cf03ccdaa771543b8
020_common_gen_kth_last_k33_t1,20,20,kth_last,33,1,2,65,35,1150,841196441,common_gen,20,0,common_gen:validation:170,0,3be3628497c3d972d43698db093fb4a84325dc73ba7fa2262ee14cfd66193823,5970e27955a7c0400a79f6e45ef4d67a894869975d72f78b73aab1414b30c7e2
021_common_gen_kth_last_k35_t1,21,21,kth_last,35,1,2,65,37,1138,1035774792,common_gen,21,0,common_gen:validation:767,0,2f33c444ae17f5fbb99696638af3c47d3a3a442be05e80c50e36c90edeb946cd,ace3b30bf5c7555e5ced8cb0bd9d19af5c326b21eb5357a6ffe9054859ab717a
022_common_gen_kth_last_k37_t1,22,22,kth_last,37,1,2,65,39,1118,542830063,common_gen,22,0,common_gen:validation:5,0,3e397820b7fddac363a0560c581d2d5c1042595c6fe8998a7b27b0fe8ce79adc,795d85102e590f1b7593b35f0287c8da2dd2fad54a6f45611a5cfe9c1f9c453f
023_common_gen_kth_last_k38_t1,23,23,kth_last,38,1,2,65,40,1105,2060478371,common_gen,23,0,common_gen:validation:60,0,45c7d6933b6295325e8ecc3a6c7f65af5c831a6895f0b7205c518d5900929457,cb6b4435c970e9305b46fa95dfd5292e237d07ce9b22b7f16457190f5661f670
024_common_gen_kth_last_k40_t1,24,24,kth_last,40,1,2,65,42,1073,2069810451,common_gen,24,0,common_gen:validation:407,0,e8655dd808b6a898d5d4100bb89d4c69275b4f1d531798db13146dabc55c8ca1,74be9b744a02e6087a58e4bbed87d9645b6fc98ccbac47f3bb0c92b95b6ec824
025_common_gen_kth_last_k42_t1,25,25,kth_last,42,1,2,65,44,1033,376522771,common_gen,25,0,common_gen:validation:68,0,a7f3f0d376850f0f2e05dc7a1e543d2b4b03dd2278a5e78a45db6cceee1dc6a6,6af0152e060b613735224d4911b29e359309cb35a02f85cf0e91b80b90186332
026_common_gen_kth_last_k43_t1,26,26,kth_last,43,1,2,65,45,1010,881983928,common_gen,26,0,common_gen:validation:273,0,d79fb2b6b46e5f717c9ca095633cf729455a71ba409213a743d2e2aaeef5934c,3bb1a005f0c341416d901ce3a59361c1190fa6a07f4243b74d4a2fbe387becdc
027_common_gen_kth_last_k45_t1,27,27,kth_last,45,1,2,65,47,958,1867340357,common_gen,27,0,common_gen:validation:264,0,428cc2280fc6b2687270e7da4baeb1d6ae3d120ca3e22c4671422f2b8fc44a2b,166f92a9949b9c80a71989ca424f1aeaac0d1a3fae5b1d39a2b45b808bdc7709
028_common_gen_kth_last_k46_t1,28,28,kth_last,46,1,2,65,48,929,1538777945,common_gen,28,0,common_gen:validation:476,0,1c86869219600cf5e080e6438e69659909a1c58db28234f8792d4f384c63a019,8c52a6e5a3fe009a1a8deb82ad93efe8536b47ec34a95fead6629fa4f44fa1ed
029_common_gen_kth_last_k48_t1,29,29,kth_last,48,1,2,65,50,865,1569705894,common_gen,29,0,common_gen:validation:426,0,7eb99a668a0fde984323fe4318013fa4e0fb7857796d1a071eede43aa68188d3,bc253a883b39b718f97e70ff821974ff6f18b786872e4736a23d2bb4394b4c9a
030_common_gen_repeat_after_k_k1_t3,30,0,repeat_after_k,1,3,2,65,6,439,940907085,common_gen,30,0,common_gen:validation:179,0,8c642380c71dea129b7992d32ec16b7704c89defe93ebde8a259784ec0b0d3aa,810fd6988a4029ca2cfa2caea2abf87ee7eafcd020a85af787e53ef779d43fc2
031_common_gen_repeat_after_k_k2_t3,31,1,repeat_after_k,2,3,2,65,9,618,74405207,common_gen,31,0,common_gen:validation:71,0,660ca062eba111e216c4b385c5bc2f4ae62635fa65867947bd50581aa7b67d2f,fbc4361dbba97c407746c7b1c4c8cb84c4be5d3d54be56c391ff50954634003f
032_common_gen_repeat_after_k_k3_t3,32,2,repeat_after_k,3,3,2,65,12,791,223376720,common_gen,32,0,common_gen:validation:985,0,01f882a9b4ca7fb5b31fa09570217b55f8033d17c9b19dd932b25d1b418ea232,29c7beecd308db5df2e56f3d9f6f382ebe7fe4f7fee4327a1976a10dba549809
033_common_gen_repeat_after_k_k4_t3,33,3,repeat_after_k,4,3,2,65,15,958,1397433216,common_gen,33,0,common_gen:validation:692,0,4ca345642b43e21d04dc70fd5a8d1017a4fc1ec6ea2b2f694c002e0c9b6a0476,1613843cddc937bd5d4cc3ec54dadd60128e755e55d80fdb677209ac060726e4
034_common_gen_repeat_after_k_k5_t3,34,4,repeat_after_k,5,3,2,65,18,1119,1313394347,common_gen,34,0,common_gen:validation:186,0,0ad036dfd2bdd181ab72cfc7c27eebedb208e6353e59cb454207966b4297e38e,9be4971c51b36dffcc5358e1e252e610124c4788c88de8995ddcb765c982bb42
035_common_gen_repeat_after_k_k6_t3,35,5,repeat_after_k,6,3,2,65,21,1274,208501510,common_gen,35,0,common_gen:validation:242,0,de1b1318dcdd2af68fe3a6ac64b8554dc85c4bdc25a3b04fd765bb7c89f76f8b,56949bb15693e492316f9024e7aabefb0f085985d04c07915aeb94bc916f1c0f
036_common_gen_repeat_after_k_k7_t3,36,6,repeat_after_k,7,3,2,65,24,1423,1595580074,common_gen,36,0,common_gen:validation:77,0,d93928755309f6312d735bc1390d4a63727feb19343de607b98cb882cc63ba0e,79f021f88be879c175ae0d458951ab7a1c2575861d9ae69cf014696da0e79daa
037_common_gen_repeat_after_k_k8_t3,37,7,repeat_after_k,8,3,2,65,27,1566,637249660,common_gen,37,0,common_gen:validation:299,0,95e44f3b527fea62218c92dd862d9a77a37f5e26db9d273687a5ced79424f6f8,38b380734838af48425534d7b9d0320e99998fde1f4baf2e567bff324dc37a40
038_common_gen_repeat_after_k_k9_t3,38,8,repeat_after_k,9,3,2,65,30,1703,675906945,common_gen,38,0,common_gen:validation:879,0,9d22730ed3c3b708326611fe51488bff258b7bf7d5dc26a612eb2dbe4e51129d,c858fc8148448216f3d5c82600cdc66d853b07b0cd3e2371842fe91a32d985eb
039_common_gen_repeat_after_k_k10_t3,39,9,repeat_after_k,10,3,2,65,33,1834,1009292424,common_gen,39,0,common_gen:validation:789,0,4e5ce9a5c2652f7ceaca31a7bb614f6b41f6a3238bb125041f1705b83bc90655,fa53488a84f65a7bcbde9228f4bca30719a09ac8186e9ccfbf38dd9e59712b97
040_common_gen_repeat_after_k_k11_t3,40,10,repeat_after_k,11,3,2,65,36,1959,2144758566,common_gen,40,0,common_gen:validation:144,0,f370c5e24baa708a0ae0a83f9a9b02cf39094a64967ed8b21efa78519ca1c842,8a08ea305e8d1d58322f59c4ca25f002a3442a01a9a44f2fbbedd11ae396cc07
041_common_gen_repeat_after_k_k12_t3,41,11,repeat_after_k,12,3,2,65,39,2078,112594980,common_gen,41,0,common_gen:validation:62,0,a03287c311d5190b3e06684d8e9282be148d9aa97c4081afe61a467b23416457,75f0527b8ad87a640fbba37cc4d0adbaacffb5a70ad045e9f1d9b24bf0b6cf38
042_common_gen_repeat_after_k_k13_t3,42,12,repeat_after_k,13,3,2,65,42,2191,1298467098,common_gen,42,0,common_gen:validation:189,0,88a55deadf05f1f0f731c0746b8deb9a25879506057bfd8fa7a23be47f127b12,8c6c8f48f5debb06ecd3635e82be9512031fe7de83ad5964a80eb1cd7c4384ba
043_common_gen_repeat_after_k_k14_t3,43,13,repeat_after_k,14,3,2,65,45,2298,1823450284,common_gen,43,0,common_gen:validation:551,0,ba9de5a92959d2ff547015f3ae7a158d3905943862d766fe76586cd16e5186fb,04f310ffb0041667533919fef096da7f0599096cbeca08aca7c0bd454530cd65
044_common_gen_repeat_after_k_k15_t3,44,14,repeat_after_k,15,3,2,65,48,2399,1198539203,common_gen,44,0,common_gen:validation:659,0,2f0cd142864abd78e08f8a1d87f44fa11849fc9f90fae041ce1de0d041c43a5a,a68c84669a657a4d2c662f3e7b72ff329ea6c07d0fc5247cab09243ad52d8615
045_common_gen_any_token_at_least_k_k3_t1,45,0,any_token_at_least_k,3,1,2,65,5,370,37439562,common_gen,45,0,common_gen:validation:658,0,dc1388fdb5ccbf5d57d2b21791c317ec64dbee4b35fd9b6bc1667448ceaf8d7a,c34400b7944e6fbd7544c25b0228176652a4cb6be236f9f4957a1dbe29f7aa81
046_common_gen_any_token_at_least_k_k3_t2,46,1,any_token_at_least_k,3,2,2,65,9,555,1903573988,common_gen,46,0,common_gen:validation:133,0,dd89082e61785b3485a9eb381a55321d748b1d6d8af8607b2fb90dfb246ba416,339ee40172309365c5e351e3d9bdc7478006a7f87bf5eafa5240bcb6f1c01ddc
047_common_gen_any_token_at_least_k_k3_t3,47,2,any_token_at_least_k,3,3,2,65,12,740,314449602,common_gen,47,0,common_gen:validation:450,0,55119a2500d4564a7536b60ad0ed9b69e38b48715c8a86217e97dcb39771c926,3665d57eaac85bc44825e069dc69ac8a5f5a73d8fcb6ad7ec76d229309fa8ae0
048_common_gen_any_token_at_least_k_k3_t4,48,3,any_token_at_least_k,3,4,2,65,15,925,233223876,common_gen,48,0,common_gen:validation:511,0,bf8a794ac03d1d5c23d188410613e75dba86e2faa82813c601b3ce4f424fd1a6,340c7f9ecf6451fa51337c772ef8ba2fe28c47e847dc381eb9bf5434041da432
049_common_gen_any_token_at_least_k_k3_t5,49,4,any_token_at_least_k,3,5,2,65,18,1110,787705423,common_gen,49,0,common_gen:validation:138,0,8848af8448a76e51ada0a9d9ab6e8419d982219250bef0359c4c9669f063a0fb,80d3bd8295365960f19da39b8a41c4a0603d55740c068b404f61105f8756f3bd
050_common_gen_any_token_at_least_k_k3_t6,50,5,any_token_at_least_k,3,6,2,65,21,1295,1795740898,common_gen,50,0,common_gen:validation:973,0,172af2f3a11d897ff15c78df9b7cd6c8c9da38b65bf37dd746c03e7f80808b10,baa72807c72066aa5812c5facf973cd6244372d4d622d02349640a55ad9d9b41
051_common_gen_any_token_at_least_k_k3_t7,51,6,any_token_at_least_k,3,7,2,65,24,1480,811910745,common_gen,51,0,common_gen:validation:978,0,65b095f3ab17fd769cae105e42752c6abf55f6a2bbcf36dde410b1a275e2e7b0,07afebf86f826fe64cc734bd84d1b14b63924a8d120c48a7d761c6373439de1e
052_common_gen_any_token_at_least_k_k3_t8,52,7,any_token_at_least_k,3,8,2,65,27,1665,1041751815,common_gen,52,0,common_gen:validation:342,0,b6df690d2ba0751662f0d705650a5d453c92d47f6f6cd3e8f808f7364a8bca12,59733fa79872dbbb2c76cf7fb6112320404bf560d82fa3d783c26c52a04afb2f
053_common_gen_any_token_at_least_k_k3_t9,53,8,any_token_at_least_k,3,9,2,65,30,1850,706602038,common_gen,53,0,common_gen:validation:730,0,9e3a76c3185ff4a6e784be30009e593c3116f206b0427dd4ffdcd60573cefdb9,327a0b683c5a8daae2fd1d1858d628db30abccf92b8608f3dff9dc0e74f7e409
054_common_gen_any_token_at_least_k_k3_t10,54,9,any_token_at_least_k,3,10,2,65,33,2035,1733019061,common_gen,54,0,common_gen:validation:773,0,ebcaadfcf225185064ce3484a7ca72e77aa464d7a542cb100cf1c830c5cf26f0,b0e5544b32c8e21fb7ef04873b42dd4f8037671948f64b3d0a919b16c0287807
055_common_gen_any_token_at_least_k_k3_t11,55,10,any_token_at_least_k,3,11,2,65,36,2220,769030786,common_gen,55,0,common_gen:validation:163,0,fc4b8ff13b1463886a6d8592f65db10549cddc82d38e50cffd0a06169947d9dd,7449a7ee3af7a33b4e8ccaada960bf244266e04807f3962bf121b491ed507edb
056_common_gen_any_token_at_least_k_k3_t12,56,11,any_token_at_least_k,3,12,2,65,39,2405,1602948389,common_gen,56,0,common_gen:validation:800,0,f579aaedaa450c8686ebaa3a508fceb7f2a91f3c76f7600d9a891eadda532b08,f52e918e63a54be557c78b46d4ae68fc416165c513d7b3a0ec09c5e4186b2d85
057_common_gen_any_token_at_least_k_k3_t13,57,12,any_token_at_least_k,3,13,2,65,42,2590,1976454131,common_gen,57,0,common_gen:validation:909,0,434fde17063bc5c08e4642e2a0f6a6d3969575ff4a5d6605af50ebfff14dd75f,97b90f8ae78fc504d812c93ffa9f3bd2f4a16083e4fa1432c0f875ef29ac78f5
058_common_gen_any_token_at_least_k_k3_t14,58,13,any_token_at_least_k,3,14,2,65,45,2775,2080991682,common_gen,58,0,common_gen:validation:207,0,dee69294756c8e9dbcaa7eac59d7c653a10c8cf6e917b5a91ab1c932c093b325,234b227a42ffe8766a4219caff313f77369c64b2d1ef17f1fd5721c4fb994157
059_common_gen_any_token_at_least_k_k3_t15,59,14,any_token_at_least_k,3,15,2,65,48,2960,1841475802,common_gen,59,0,common_gen:validation:676,0,ca5a3c8e25f6c8f08cb6175717220e2d381008a0a44116185ae4ef1ea22142ce,a99a53c7aeed9dc89307cd30041ea53724759d769c92549401711f5aefae15fb
060_common_gen_exactly_once_kna_t1,60,0,exactly_once,,1,2,65,3,254,416014672,common_gen,60,0,common_gen:validation:248,0,fbaf5d8fee417e9871704403ba4bd9be88c50bd7848b82c71b6394f49ab49a50,0b2b4776dcd8308cbdfe34cdc8308c6b5a236180c0c4c8579aac78a7dc1882dc
061_common_gen_exactly_once_kna_t2,61,1,exactly_once,,2,2,65,6,381,646475569,common_gen,61,0,common_gen:validation:899,0,a92b6c2b23a8e738f753695211424393513baef3ab2fd4a023aea4c3cc0bf7e1,2f338e73661b7a06acca4c7ca3a3dca7b335109e406ee0d08ab05e155d64d5aa
062_common_gen_exactly_once_kna_t3,62,2,exactly_once,,3,2,65,8,508,602052025,common_gen,62,0,common_gen:validation:478,0,2dc7e1d8c08a3117f9098b21020126088f53689874c27fcaf4aea9e276c64320,6243fd2f7210208b72c69a4347c4ca2cb213fc9b93549ee252e44662383cd276
063_common_gen_exactly_once_kna_t4,63,3,exactly_once,,4,2,65,10,635,517028796,common_gen,63,0,common_gen:validation:900,0,19cc40a87e28f05b8ec0ed1ecc586f637dafd7524311f836205e49693dd5e31e,20a4246a8b0acfdb7ea6bc4297d5423613894ab9ce6232de91e6da2616c3dc95
064_common_gen_exactly_once_kna_t5,64,4,exactly_once,,5,2,65,12,762,487164686,common_gen,64,0,common_gen:validation:206,0,9915b32a68f2a213630832c6b2360433016317c94294ef85f9c4ae8bcdc9b4bd,30312a8fe7752430bc8e32920e5682970de119b29863a87cfacb35a50bbb20c1
065_common_gen_exactly_once_kna_t6,65,5,exactly_once,,6,2,65,14,889,1890148514,common_gen,65,0,common_gen:validation:395,0,57d90604db814d54dc35ecf80034b3f179ea3e50fd006676f47a8807a86050c8,e4ff99fbfc6b6d85d59c66214caca269d672f86da0073bb517cdc820bef934a0
066_common_gen_exactly_once_kna_t7,66,6,exactly_once,,7,2,65,16,1016,148789456,common_gen,66,0,common_gen:validation:597,0,b7f86424dde9d700e769589e6bf68ab28da901fe3e36e1b1cfb0328416bd9d8f,2b3a21008fa3651753b4ff287e3c166ae05e9d97dee1baa1c89b32e12e2645de
067_common_gen_exactly_once_kna_t8,67,7,exactly_once,,8,2,65,18,1143,1089310040,common_gen,67,0,common_gen:validation:877,0,14ed6b6bf3a766b96afa85523e32da6d1c1cb935379f9bc0bfc9940cfec5689c,9038d76097faef213a537a9d52d485ae8d4196a3877b68849333bb4801b7ed2b
068_common_gen_exactly_once_kna_t9,68,8,exactly_once,,9,2,65,20,1270,1146107903,common_gen,68,0,common_gen:validation:316,0,99f3d707fd2e71de0ea3059115c7859d25ac087c6884baf71d31afd0d229c2e9,0caaa3a3b2fcfa3f1b90b591004e0dcde3945a44e27598314acbbc4f22f2f175
069_common_gen_exactly_once_kna_t10,69,9,exactly_once,,10,2,65,22,1397,887465423,common_gen,69,0,common_gen:validation:675,0,68c2beb7716ad3a7d0dfc4f093093961099c6f602d0da95d8ee6da94551f8c40,cd4595fbe80c969d533b061da47a22c4b84f1bcd8525774e4fcf35550892ed90
070_common_gen_exactly_once_kna_t11,70,10,exactly_once,,11,2,65,24,1524,1603901595,common_gen,70,0,common_gen:validation:744,0,d5da684a086fb02bd93f34eea2b6956df748271370ede3aa9441b967b278bb32,f767d158bef5854e709957d427d12f3b49bf99d65508a5e209e9362107c92fbd
071_common_gen_exactly_once_kna_t12,71,11,exactly_once,,12,2,65,26,1651,1294496675,common_gen,71,0,common_gen:validation:863,0,be694f0ed596b908a2da30f1b673a1dae5430b7c980a2cc1b37fe8fd5ac8a53f,3480848064951c4d4f8ebfb6f06cb2fd722ffed127a739978e1de1e08cf2f66f
072_common_gen_exactly_once_kna_t13,72,12,exactly_once,,13,2,65,28,1778,1229933557,common_gen,72,0,common_gen:validation:825,0,1f5e58bc81c38cb8303ffc39f6fd2372f4624727702a763c6ddb029d2d01efcf,98601ece1df6107bfc8deff90b7063c9bb40132cb61c029e6abcc8226401fb99
073_common_gen_exactly_once_kna_t14,73,13,exactly_once,,14,2,65,30,1905,1110274429,common_gen,73,0,common_gen:validation:549,0,a74f4fb003d3d2c1a34200b3f65539fee0b10142778eefd9701417be43623238,6912681da89e9a86d3781eec0918f3ad64760c5b25ea277d703dc2aaca3a2b60
074_common_gen_exactly_once_kna_t15,74,14,exactly_once,,15,2,65,32,2032,646630876,common_gen,74,0,common_gen:validation:781,0,4a3a652b185000057e4a126f3e8b1693c6157122da661082ba04e19de7a2e335,4a003aab106209c13f9de1f4fbef24dba33222d9756e0e8ca909c1ea7b71dd51
075_common_gen_exactly_once_kna_t16,75,15,exactly_once,,16,2,65,34,2159,408820454,common_gen,75,0,common_gen:validation:912,0,f38a64f4c45bd56464a1a30c43497f3f198ef0a341ffb87807faa3bbf69f75d5,702c7eda83c1256e42dc971015a83797753e46dc660cb2ca37c4bf74ef6c73d6
076_common_gen_exactly_once_kna_t17,76,16,exactly_once,,17,2,65,36,2286,1260374623,common_gen,76,0,common_gen:validation:122,0,7bc091cf507518ddc7865f0a1629d6797c947e72b18b4332d6f284de201706b3,3c1976791aef98f52bd28b2550fc6a886c345a9b3e37522093dcb7c51113dd7b
077_common_gen_exactly_once_kna_t18,77,17,exactly_once,,18,2,65,38,2413,1300087101,common_gen,77,0,common_gen:validation:739,0,4aaf17993e477a1fdd8c83638219ab6e1255ffec9578955eb55452bfd47c784d,b5c743e070438a437b2dc00f0de8ae368cbcfcba1e20545bb4b6b167852ec087
078_common_gen_exactly_once_kna_t19,78,18,exactly_once,,19,2,65,40,2540,836412328,common_gen,78,0,common_gen:validation:853,0,ef70cc8b5526b68a3be4e259fc0cee53666812c5d9198d4b358b01e1e0f17f41,14dd77d8478be5e82e13dfbe368ea2c362df2768137e5a518bafd6bcabb8441c
079_common_gen_odd_count_kna_t14,79,13,odd_count,,14,2,65,30,1905,857176652,common_gen,79,0,common_gen:validation:708,0,9f9e58aae5a98658eabcce1c72cf3f18eabaddb3ad96a885ef02ab058afc26fa,4d0ea121de1ee9f10eaa12f9ae5d87a8417a905ce177c3bcce8e71bddc145319
080_common_gen_left_not_right_kna_t1,80,0,left_not_right,,1,2,65,5,313,824386362,common_gen,80,0,common_gen:validation:327,0,c819891c3ca13827bedf7ff61f02c9f8d1484ee60db3667ebe1fedf50b560a72,985521ecd274c52f0eead51ae5a4d00f6c0d047360b63c98374f6bae9ec0d845
081_common_gen_left_not_right_kna_t2,81,1,left_not_right,,2,2,65,9,501,653345694,common_gen,81,0,common_gen:validation:954,0,e64e1de2f50fcffc25a8b5fda4a26e951b4f2e3e9631e90402be4e77dd31cf9b,f95618a6ad9369d2d20d87006a26b5b040d5bdf8188e83ccc37f4453fa0eb565
082_common_gen_left_not_right_kna_t3,82,2,left_not_right,,3,2,65,12,689,349216165,common_gen,82,0,common_gen:validation:24,0,e000b23bb6b967094363f8c916ab7ffc3c5f0a0f0ea33ece1049ebd97c304744,78ebaccad118a5e509eb136f1cecb39f40afe21a8ea8a855b0b9229561fe92f2
083_common_gen_left_not_right_kna_t4,83,3,left_not_right,,4,2,65,15,877,1598761772,common_gen,83,0,common_gen:validation:275,0,850dba7e3e44882dc252c6ada9df67e65060e7ff1c802eb5beeb7f6a9c1c2e0b,dfde0730ba43ace621df0b6f605d0c582a04e96f950e986c2e72c25cac9be2e5
084_common_gen_left_not_right_kna_t5,84,4,left_not_right,,5,2,65,18,1065,1997771556,common_gen,84,0,common_gen:validation:390,0,b8967b66bf1d4f9bbf6a34aa8401c58442022cf07c8869b9cd8e9632b137ef84,b2b44c00be32f34457c003abfd017476ad61f1fc2eea6328269e489e3fa99106
085_common_gen_left_not_right_kna_t6,85,5,left_not_right,,6,2,65,21,1253,1853355359,common_gen,85,0,common_gen:validation:687,0,6ad5c4751b1b63f82d7e0fb817a229c8f84e1dd73c6f2bfcab7d4b5746849e12,edc4fa91a311ed7611dd6cbc13d67579dea58b0e01573bdcc909bc5e5c2fcd59
086_common_gen_left_not_right_kna_t7,86,6,left_not_right,,7,2,65,24,1441,1258226968,common_gen,86,0,common_gen:validation:548,0,53c1a53cc890d2120a4bf12db112ca1431cb3008bf558387d5e5ab4a3a6ae676,d45bdc3ebf30213e10218193580523431b7b46ed3a9b0add4ee48a619042d12b
087_common_gen_left_not_right_kna_t8,87,7,left_not_right,,8,2,65,27,1629,1376487332,common_gen,87,0,common_gen:validation:429,0,90507fdb478f1d99cb90061de3e203ac7c748671d8fc558c5a1ae4548b64f6a9,5c74aeccfd37cdb82b80103118c806993b6f477acb66bb96cfff3cefa09326bd
088_common_gen_left_not_right_kna_t9,88,8,left_not_right,,9,2,65,30,1817,1200502723,common_gen,88,0,common_gen:validation:793,0,ecfdabadf1d9ce4b71d1ba25762079c3797b978661bb014307f5c693effb22e1,b16eedd94870bd00931a08aa07ba574d3c17f30b3dfe0a9dd2f586f503d8fac2
089_common_gen_left_not_right_kna_t10,89,9,left_not_right,,10,2,65,33,2005,1505447202,common_gen,89,0,common_gen:validation:416,0,99f313c408002f1816581a7f42bc24f71ad35b2ba0e3ae3e7ca5c00f374f1dec,87f0f19f71e5f4fa52639fefc019ed18e0e21a68de7bd89a2acddfa11dcc4d2e
090_common_gen_left_not_right_kna_t11,90,10,left_not_right,,11,2,65,36,2193,771020817,common_gen,90,0,common_gen:validation:343,0,51e89871f973d6f6b37e222a84d8cb3294325345c5fefd23f5b5d5e8b7b870ac,b33ad37cd3d3fa777d0e928035e7c9619c89bc47dd53be1deb2f7485b95ae888
091_common_gen_left_not_right_kna_t12,91,11,left_not_right,,12,2,65,39,2381,804440475,common_gen,91,0,common_gen:validation:608,0,89841477547d30bef4a4d5f4d54d81c6c4e85f320dda90dcd1d08804979c0ff3,8bec7dc6a5e95615f43390c061e0fc69fd960305a5cb9b63e66dd499ebd63990
092_common_gen_left_not_right_kna_t13,92,12,left_not_right,,13,2,65,42,2569,231882639,common_gen,92,0,common_gen:validation:950,0,10cc814ee67455b825e78a8eb2feaf77c5a7058dc38d2421b337ff5939065914,ed207de052f7a14138b78fc243332d1a74a904bf41cecaca4eb52a79b36d820a
093_common_gen_left_not_right_kna_t14,93,13,left_not_right,,14,2,65,45,2757,1386296876,common_gen,93,0,common_gen:validation:750,0,2ca19283c180fe5c9d1401dccc057fd88385577b91e8d313474a44c86de2b543,642a5db765f89b6498137dca82c34c55d6fed27af066ea1309ce143edad99ef7
094_common_gen_left_not_right_kna_t15,94,14,left_not_right,,15,2,65,48,2945,597251337,common_gen,94,0,common_gen:validation:820,0,c6f1d04b015e7275031854987d68d72a337627a84683e199a3379d708b1dc773,6a662f220f2824483acdd761994530a60c810f420ac3903b29cf6cdc5287db9c
095_common_gen_left_not_right_kna_t16,95,15,left_not_right,,16,2,65,51,3133,244727052,common_gen,95,0,common_gen:validation:963,0,4dc31df35da103d3467bb76c55ef1ac0775700ca6f5d39dd208fc2818fe8a7c9,a7995e7b4b38c37f1432db6819e7cb8f42ce2aadd15a0e3bc66b809f37f4af4e
096_common_gen_sets_differ_kna_t1,96,0,sets_differ,,1,2,65,7,439,1166467532,common_gen,96,0,common_gen:validation:137,0,328bb3f1647b9bde91ad10eed0c75847e6179b90c15737042edfa46b8a7b45aa,43278731029f77e0601993c1199bc586df6afe480039e732fe6abae0cd89caa9
097_common_gen_sets_differ_kna_t2,97,1,sets_differ,,2,2,65,12,690,297153974,common_gen,97,0,common_gen:validation:271,0,2728924b3d297b86d799b1623093832cc91f38dea3004b9da4857eeb9887716c,fe71bd70cddc46287e913ea3ff46ea2483e6df0038da880d6731c360b8a5f4aa
098_common_gen_sets_differ_kna_t3,98,2,sets_differ,,3,2,65,16,941,1600987872,common_gen,98,0,common_gen:validation:836,0,38e8fd722db2cd02690a6b2cb927a357ae03a7968c37949bb7039d2590432da6,7fe65148d9d0383f97c6ad6ce92648775c4b12f842330612b818514a2af68d66
099_common_gen_sets_differ_kna_t4,99,3,sets_differ,,4,2,65,20,1192,307676802,common_gen,99,0,common_gen:validation:469,0,65de497b056135f7aae2228570b93e3139ad0a86893f64f8209e7f839dbc583d,019b95e2e5e7c1d44c9aa1db59e69404dffd1e47f1bd9c48dc232fc37a65bffc
100_common_gen_sets_differ_kna_t5,100,4,sets_differ,,5,2,65,24,1443,575697519,common_gen,100,0,common_gen:validation:73,0,f584974ca738ddeb522928a8ecb3e39b9b97fbc212817dc8e2dfc6b3cea413eb,905425d1854679312e64efe5d2fbb1e3a75c83ff920304dddb60d739cb3061d0
101_common_gen_sets_differ_kna_t6,101,5,sets_differ,,6,2,65,28,1694,84759980,common_gen,101,0,common_gen:validation:655,0,50b7dc942e879d10b6ab04228cb898a844c748b665d80c824cf04707f6d41007,caf7b66c59b9f1c159838a576a8a6e146ee6ba934764572bcf05284e888f98c2
102_common_gen_sets_differ_kna_t7,102,6,sets_differ,,7,2,65,32,1945,1345129960,common_gen,102,0,common_gen:validation:302,0,d9c980b71d09867f392200acf8a8cf2139b81938a014ac8018af5bd26c4c4a85,01ba459d75bdbd007a512209efe2ff9377bd36a44955053a8593b6cb850932a4
103_common_gen_sets_differ_kna_t8,103,7,sets_differ,,8,2,65,36,2196,1603671715,common_gen,103,0,common_gen:validation:904,0,857aa9a81bf19e2f54945e105d836375435009fdb30759c9e8183c5825e46990,c3fba2c022f860eb24bf77018e98001058170491bca4282170e6d5c748df742f
104_common_gen_sets_differ_kna_t9,104,8,sets_differ,,9,2,65,40,2447,1693750564,common_gen,104,0,common_gen:validation:488,0,62506bdb7e55dc322a32700f89ded5a3bf6bf8636d7e3e1cc57c0676f02cfe74,7fa7ffc5b33466d82b35a63ab48caff6813f7d4ce856d83f4e2aeb4817e2ddb2
105_common_gen_sets_differ_kna_t10,105,9,sets_differ,,10,2,65,44,2698,499679188,common_gen,105,0,common_gen:validation:518,0,a810515d9b55ad2e967a6e90738641ecae27bff64bfa4c148e3759430118e301,bf378c7dd8aa56e6ec62b88e6715db33c12e23476aec0c3e639f24bfbc06a55b
106_common_gen_both_sides_kna_t1,106,0,both_sides,,1,2,65,6,370,751138873,common_gen,106,0,common_gen:validation:821,0,ea99a1322368d25bf5ec580c5e9f61921016489342a13d0fc6dbdfe3e660a812,f9ef71cbf930c27bc8b479b227630bbb8e3a688d8680376a1949d335c2612196
107_common_gen_both_sides_kna_t2,107,1,both_sides,,2,2,65,10,555,1787116719,common_gen,107,0,common_gen:validation:918,0,e58faafa45a0aea2f4e76e6163ab8f07d70c24e502134a15157e2cf2905191f0,3e383eb20c69b5462bea3aeb5013b44f2ade026b528ad399d2f2f21780d0859d
108_common_gen_both_sides_kna_t3,108,2,both_sides,,3,2,65,13,740,69960948,common_gen,108,0,common_gen:validation:74,0,800e9a9fba8e4cfbd18ce5275bc507b640e0ca14824bd9d77fcb8bfad83f58b3,7988fbda244e575982ac89039c9ba963dbbb3c7619878cc7274f9a464bf10029
109_common_gen_both_sides_kna_t4,109,3,both_sides,,4,2,65,16,925,1992996289,common_gen,109,0,common_gen:validation:823,0,7c8611897451f694f11a10ba86469cd2f7ea7137f20591dbc25519d834fec03c,7ab122a60bbb97bab4831093baa46188f3a6a479830ce9b89b169a3c262d9e66
110_common_gen_both_sides_kna_t5,110,4,both_sides,,5,2,65,19,1110,1305460016,common_gen,110,0,common_gen:validation:681,0,32a5fc21de5c1b5083462808e415e459b50b0d2dffbfbb240e7c1a94f2b4f951,29c0d4f2eb95a9f9e12ffe085eddaebbe0563ea7cf91ad028dad6d06a4ced3ec
111_common_gen_both_sides_kna_t6,111,5,both_sides,,6,2,65,22,1295,882206730,common_gen,111,0,common_gen:validation:525,0,bc231022cdb64cc145d665ec53469f373844a5d7832e6fec003beb19a8446147,91d63d9b7f99bd78362470c339f3ba32dde8c83e1831506ec6049e2d8c273a23
112_common_gen_both_sides_kna_t7,112,6,both_sides,,7,2,65,25,1480,1702294781,common_gen,112,0,common_gen:validation:166,0,43cb5b15160dbb0d404731560bb14e734d1e3c2ebd02fda051eb408dff21243f,49b47c5db25e803f67ba8a99a276a47a01cda651cd94bdda6d1923c9bd2c2cf3
113_common_gen_both_sides_kna_t8,113,7,both_sides,,8,2,65,28,1665,830381535,common_gen,113,0,common_gen:validation:883,0,40fb76955e4434ae8dcfaa2c3b451abd9efde490b74d232c6ebf221e829f1944,08dca517c7446f0e2ebe5a9ce445fdc78593af45fa5353f6724029e93d7b1a45
114_common_gen_both_sides_kna_t9,114,8,both_sides,,9,2,65,31,1850,1181166704,common_gen,114,0,common_gen:validation:274,0,de5181ec310179e8f6739fb3738675eb01fdd070a786a3199abf1530534ecab5,82b4316604dc6c13b276d5336a427d52938c7eb15ac85d225c2d2fc6ccbf1749
115_common_gen_both_sides_kna_t10,115,9,both_sides,,10,2,65,34,2035,442803529,common_gen,115,0,common_gen:validation:803,0,ead66f3ac366f2da0daf0620c3988dd669240a13128869a5bf3cbb1d0d44e4c4,3a689c6a6e573cad5c13d3ad4d4859d050eabc3bf11896c4a31593cb8d1d7de3
116_common_gen_both_sides_kna_t11,116,10,both_sides,,11,2,65,37,2220,1399913590,common_gen,116,0,common_gen:validation:276,0,a5945bae44fd71c6275b25f756370f1ed3e5e95dff57656d74ca474999eeeeea,81536fd11b2b5b9e605ae434711f87b1eadb0000e295cf77f94936ad710dbae2
117_common_gen_both_sides_kna_t12,117,11,both_sides,,12,2,65,40,2405,1209901790,common_gen,117,0,common_gen:validation:694,0,8d7a5f46558207575660a567ee119ca6b04f49e32c2c0494f2164fd20e6a0ab8,4a1bff54a06621320c44c03e2be939dc290a60ab161b76bd10f43245647fc8a5
118_common_gen_both_sides_kna_t13,118,12,both_sides,,13,2,65,43,2590,852852407,common_gen,118,0,common_gen:validation:875,0,10329a6c06cc3f21b0fda0358dd7448602194e2082f8237f72113f02d04e6fd6,e5790638abbfc631f84bae1cdc5fb9adecab7df4b172ec1ee3e1e2c8dabc4438
119_common_gen_both_sides_kna_t14,119,13,both_sides,,14,2,65,46,2775,1584945014,common_gen,119,0,common_gen:validation:603,0,380ef08420662d5f35b257ce7cf2fa3d71365f4a5d52064a09b69b60598becd3,b8889f8599a864ff9e7fcb6ad05dc4f1479b4449ef75a323c0fe66a19ed9a5be
120_common_gen_both_sides_kna_t15,120,14,both_sides,,15,2,65,49,2960,816804965,common_gen,120,0,common_gen:validation:599,0,4d3a7cb8d7340bbea8ccda6dc6d0de3cd557c8c7cfafa639accdbe21b46c14a7,6fe5d77d6849ee9eeead617ffc9d8cd3d48f54f7c504eb4cafcf5e431d68a49f
121_common_gen_even_count_kna_t1,121,0,even_count,,1,2,65,4,313,103387277,common_gen,121,0,common_gen:validation:752,0,cc205b3944a647b7fafbb3ec6f0861465657ebf396cce5891c98cc19fe301506,54527a7c86cce857374c12fef545f639b736a910f025071786efed6dad266614
122_common_gen_even_count_kna_t2,122,1,even_count,,2,2,65,8,501,982188147,common_gen,122,0,common_gen:validation:135,0,e7eede8fed877b580d2ab7f7546a3232babeb7f351523a4c9a5fd8cae09d0d3e,8c721b7a12eab658b6bef39ce0995e89b52e495b9eda7a4617fd6d23f2c19914
123_common_gen_even_count_kna_t3,123,2,even_count,,3,2,65,11,689,436255659,common_gen,123,0,common_gen:validation:238,0,e419775e25298caeaa9777ff4ba7fb8773a16ec7eebdf64114eb254bc7f805dd,687c86203528a3f92ceda9b05cfd5b0d8eaf81f1e59d8deb3a6c12f04e138a90
124_common_gen_even_count_kna_t4,124,3,even_count,,4,2,65,14,877,650104059,common_gen,124,0,common_gen:validation:831,0,69ff9e34cb830caf6d784caed4d43b709153f393a932c919b51acbd98039ab33,57b662844dd08e3247544739c14b442e6a004b82775d03731f628be528e87105
125_common_gen_even_count_kna_t5,125,4,even_count,,5,2,65,17,1065,710421324,common_gen,125,0,common_gen:validation:538,0,f1356eee40d7466cb763d72cacc3705871bb48fd8191426f704fd114d9aa93cd,576e164705241d03ec05cd4899b5d040955764d30a35ea8dbd13b2ca19fb0296
126_common_gen_even_count_kna_t6,126,5,even_count,,6,2,65,20,1253,648168075,common_gen,126,0,common_gen:validation:38,0,357cb1939cfa442d074682edb26383921e5833fd9be5ab6aa52441bca4330d2b,6a8a10b787619d0cd732a90dbbbbb129f64b85eacd875b401c4484cee6654547
127_common_gen_even_count_kna_t7,127,6,even_count,,7,2,65,23,1441,2103500988,common_gen,127,0,common_gen:validation:947,0,66bc3986faa494a0500399fb970c06e53995e988235d76114d281d1e5fe901de,59326b1a475f46eeff581b47b20a1bf42fe3542b1847e984d3fc64f289862c15
128_common_gen_even_count_kna_t8,128,7,even_count,,8,2,65,26,1629,1373261919,common_gen,128,0,common_gen:validation:670,0,573880d13d86dd32e615dccb3ae756fe1724111c2b6a595a748f1dd6893847df,c956443498f4efcbdf90523418e0c705b5f44bf4bdf441f1b7435eb477a894ad
129_common_gen_even_count_kna_t9,129,8,even_count,,9,2,65,29,1817,938784664,common_gen,129,0,common_gen:validation:434,0,ed4fca5459695664645147f32128cd80c4984850136826f8a020ae9282c464a1,eb87332ce269bacbbf715a86e1165c78759c49dcbc233cebca842f16d3a55140
130_common_gen_even_count_kna_t10,130,9,even_count,,10,2,65,32,2005,1129217176,common_gen,130,0,common_gen:validation:975,0,d051499bdf6721c0cb78c14860fa603a22d74a24ef55bbe2c52ca9c9cbccdc94,02131c9117363ca153e456564a78cb6f2d141983ec3cd143fdf67b0ff219d2aa
131_common_gen_even_count_kna_t11,131,10,even_count,,11,2,65,35,2193,1023589603,common_gen,131,0,common_gen:validation:860,0,2a052c1cfe131ea3b05f45076f8dc5774af25b0f0709f9cb25ca587a01f3b702,1784de3b70a20d3b983bccf1d4f25de9f2003d0b1e641c65fed70c6aaafbe4fb
132_common_gen_even_count_kna_t12,132,11,even_count,,12,2,65,38,2381,1421284154,common_gen,132,0,common_gen:validation:559,0,464b12f7aa246e73c450b714f5059b5201d749ef8a6326c99ac654e461b16ce9,077081129e403fd21206a1afa9b14193ba6986ebb631e7d7557ba2a3148cc971
133_common_gen_even_count_kna_t13,133,12,even_count,,13,2,65,41,2569,1410041463,common_gen,133,0,common_gen:validation:929,0,64393270a4bf3106266abe58b24eeeec76d1434a4bdf9bda671d1a2c2f254722,67a80bc816acdbc978a9f8482495f4920100912705e8733323190601bea69e89
134_common_gen_even_count_kna_t14,134,13,even_count,,14,2,65,44,2757,308012226,common_gen,134,0,common_gen:validation:682,0,7263a3606fc5f6e435dd0a035a0fa0e98bb8380a51356610e50409c64dbd6d16,81ad5ece955c737e46badd580cad4e1ec6aeedf76081a9e923ea3caacb3d29b3
135_common_gen_even_count_kna_t15,135,14,even_count,,15,2,65,47,2945,1060376882,common_gen,135,0,common_gen:validation:666,0,52eab01a1e8f2edaf1643f8c363f1cee3fb73c70d82c2dbc5938f2b0a9b0e8ed,5c87c16e7c6b9146e9d4104b8a8142d344fa941645cef9479e3d4db9b14d8728
136_common_gen_even_count_kna_t16,136,15,even_count,,16,2,65,50,3133,2042865728,common_gen,136,0,common_gen:validation:971,0,f4834c52878a070eb9b307d423702939d25eb079d7c6c4de650bb70beccdab75,cd9614ad7547d63abfa16ae9ceccd609ca56b0f4f188ec6f605e25ebc444ff34
137_common_gen_odd_count_kna_t1,137,0,odd_count,,1,2,65,3,254,1129329098,common_gen,137,0,common_gen:validation:501,0,5936ae32a1dca667c0eb5a4b664b3ee4816971f664c2f60a00c825d07142d0c3,4808ad6c9b7ac4490efaa2bc2ca66aa1739efd49440a865921c231cbb2b7fdb3
138_common_gen_odd_count_kna_t2,138,1,odd_count,,2,2,65,6,381,373271689,common_gen,138,0,common_gen:validation:64,0,1b61f748586510451d3bb212e51fcf40e70c6be58af9a858b40d9d21c61c572f,cd3fb8016eafccdedac57938b4a5330c2d1e74b71965c8855bb76f8238907db3
139_common_gen_odd_count_kna_t3,139,2,odd_count,,3,2,65,8,508,2089540959,common_gen,139,0,common_gen:validation:644,0,4dd797ee93be9e853433b0869d92de9c5ae1b1108de01abf6684b79118ce58e3,856ff0f607b2c1210bf4e6541624481b8a7f142d692a909efeac50a156f5f11d
140_common_gen_odd_count_kna_t4,140,3,odd_count,,4,2,65,10,635,1446895034,common_gen,140,0,common_gen:validation:513,0,aef47d7dde26c0a64bc0dd62e78073d4abd3b73417669f809611f81c28b594f1,a50b5a3010828d6c2f24f6aaf481e8bc9fbd5e1969b4be63891c520422330500
141_common_gen_odd_count_kna_t5,141,4,odd_count,,5,2,65,12,762,1077562839,common_gen,141,0,common_gen:validation:97,0,144f3bea9e6e704419e43a932fa0911dd66ac45a224864c1f3ed233e81725858,5ad35954d7ad21c4e9c8c5f1bfbb2387549b1f089278eff76e3d6b40dea98631
142_common_gen_odd_count_kna_t6,142,5,odd_count,,6,2,65,14,889,393881581,common_gen,142,0,common_gen:validation:43,0,e3a2502411b280dad355b44db2f651323856079635e61c8e178a76f3612fde28,801b06923cbbbc04ef6d9a263e7002039767245fb6bf57ec4aa5a258e30cf777
143_common_gen_odd_count_kna_t7,143,6,odd_count,,7,2,65,16,1016,1407680420,common_gen,143,0,common_gen:validation:187,0,eb662e50a79ed562d14cbbfb5b49e35b97982788993d49c4e8df4a94a57fedbb,9086f60dfe4483aca126c4afbb1ebfa310acb43e223cfb1fc26c0d0172812a44
144_common_gen_odd_count_kna_t8,144,7,odd_count,,8,2,65,18,1143,646014346,common_gen,144,0,common_gen:validation:277,0,2006d00d082c12ac2d58fca724c4553c7ec74454e9f450183c1b34a257863e11,3e231ee96ab6935fbcb48492a8eab5531f961d8a5b45011d9d204289528d6e38
145_common_gen_odd_count_kna_t9,145,8,odd_count,,9,2,65,20,1270,1614181515,common_gen,145,0,common_gen:validation:768,0,f8c86df4c97d50850a4ff084406f7ad4878724dbeb6ac31df0ca3e7e325f159f,a615ac2aa0c85b84290167bc9a10638fb398f0c9ca389d7071fdf69363b6b1a5
146_common_gen_odd_count_kna_t10,146,9,odd_count,,10,2,65,22,1397,1871991577,common_gen,146,0,common_gen:validation:262,0,da14a3e4eaa235badbdbc4e7a02c6663e4786e99b03c10f45cbbca0381023d97,c7d1abf6f97bfc40e3922186d76fbaab689692f4a88e17a6c25499c231ffdecb
147_common_gen_odd_count_kna_t11,147,10,odd_count,,11,2,65,24,1524,1936735672,common_gen,147,0,common_gen:validation:804,0,8875f4e9bc3d10eaf097b34880841672b84345bebaa7f44609acc636ffc07307,596a596e5b6336f7bb6e97480a1f684f9e25da80a4f71f457fedfae3ab22131e
148_common_gen_odd_count_kna_t12,148,11,odd_count,,12,2,65,26,1651,136770606,common_gen,148,0,common_gen:validation:400,0,326958fcb4c1d5c7325d7ba5888cd7ed3de8a630a8951826e9d2f00be523be20,49ffbdd9f7c4a68cbfd5e91dd3ed8d76ea876a242ca82b55e78c6cb8e5b29e56
149_common_gen_odd_count_kna_t13,149,12,odd_count,,13,2,65,28,1778,2070989985,common_gen,149,0,common_gen:validation:782,0,8663ed2d420526bb7a462bee0b06beb77efab5abe9b050e9e88bd250262deff4,df312d655d33c316d83c950018c0f2780b4d9b8691a030bae3b9b11e133bc8ab
000_common_gen_kth_last_k1_t1_rep1,150,0,kth_last,1,1,2,65,3,254,1605197905,common_gen,0,1,common_gen:validation:157,0,ad705a14f2c90b0947e4c0ae7be43edf6dddc4d63875b77e662f49ed47807d91,398309fe17d364f5b39b35ace0239c3bdc63b991fc83bf4c6daee36d5262a684
001_common_gen_kth_last_k3_t1_rep1,151,1,kth_last,3,1,2,65,5,370,1449557853,common_gen,1,1,common_gen:validation:82,0,bd030c2964266a21d6bd8cb89de797793d6ed0dd9268ffe81be198051160f894,2d10696045ea66b416977bfadb2e8fc3304d27ec9884581f8592896a8abca125
002_common_gen_kth_last_k4_t1_rep1,152,2,kth_last,4,1,2,65,6,425,400397256,common_gen,2,1,common_gen:validation:988,0,418dd2ded7d197e8902bf93663b2455bf036f6c465f2f70208ee6fae7cf9e5a9,17900fd32a31733cbe61ef50a360a3935a9761c91eb184a98eeb771eee051438
003_common_gen_kth_last_k6_t1_rep1,153,3,kth_last,6,1,2,65,8,529,246062452,common_gen,3,1,common_gen:validation:410,0,46d707d7cb44fb67496be2453aaa42326c7ad48ad5f30e123c268350ea80abce,16b1591c364922e11d575d2f110af6ef2caa038127d8551362650392d7a27ad1
004_common_gen_kth_last_k7_t1_rep1,154,4,kth_last,7,1,2,65,9,578,1987945104,common_gen,4,1,common_gen:validation:699,0,c0e00322f421f95b2a4e53eb7e99106ddfc9789e18a7606b62fcdc94f432048f,1ddfb9596e8327009975d2c3fe0329b589292eb0866a8238b8990238cb7edd2f
005_common_gen_kth_last_k9_t1_rep1,155,5,kth_last,9,1,2,65,11,670,798250124,common_gen,5,1,common_gen:validation:18,0,d6583614cb3988be93535d04ee7cc1d35a337ae08b1dd8b69909dfd789459fe3,1aad6ff10128f4cf6bcfe8a0b2806236e2724f0108c2028a391efed53c47b319
006_common_gen_kth_last_k11_t1_rep1,156,6,kth_last,11,1,2,65,13,754,382860176,common_gen,6,1,common_gen:validation:529,0,76526e068a6da8f6f6d8388c35c34954eddc2ba12cc1fff72d7c460978ef710b,b56451e479613fe51b9d914d26455ef1a4e2b557255301635eccfffe5eef66b2
007_common_gen_kth_last_k12_t1_rep1,157,7,kth_last,12,1,2,65,14,793,590025292,common_gen,7,1,common_gen:validation:695,0,b70ca5b2a9727905ba5a89be9d316ae87da8416f72fc3540853f9e3cebd9b1da,7a1da69bc1352c60ba83b70ca3e9377b9a346b6ee70be51f5ed5fd5510ad99cf
008_common_gen_kth_last_k14_t1_rep1,158,8,kth_last,14,1,2,65,16,865,395266010,common_gen,8,1,common_gen:validation:700,0,d875c7730a9ed29a9691b6b61ad1e52a8d02b5e1ef8de84853d553ef377141ec,faf2766e2bd5b2f15831487bf4fb568d2e2fc8839451da919320e89754d8c096
009_common_gen_kth_last_k16_t1_rep1,159,9,kth_last,16,1,2,65,18,929,1088972404,common_gen,9,1,common_gen:validation:631,0,24b9f36f66dd35dfab882c84fa0a3c67d600a20a5c191796fd40e6708b4f6859,8d8d393b70cd288e4abee7a1583d8f697250964c29a1c26339ebaef56fbe07b3
010_common_gen_kth_last_k17_t1_rep1,160,10,kth_last,17,1,2,65,19,958,1028610638,common_gen,10,1,common_gen:validation:502,0,54c278987e56115237fa5fe6f9bcf858708add3d5ff4b17cfae3ad93d64c198b,e6bc5249acdcd1bb4e125d26aa9038c76a435a495196db84fa9260dc89ca52b4
011_common_gen_kth_last_k19_t1_rep1,161,11,kth_last,19,1,2,65,21,1010,1170513678,common_gen,11,1,common_gen:validation:964,0,c40ab444ab7aca24e2c0807ef54eb9c87b7dc1cb3ee82cbe6d71e733e86f3d3f,4f16e96c6b75789f4d41fdc7949c8cc9d561175153a9b1f9da6432260283e59a
012_common_gen_kth_last_k20_t1_rep1,162,12,kth_last,20,1,2,65,22,1033,1698868490,common_gen,12,1,common_gen:validation:792,0,ea3a0771977986d5b313319e067f45419f1a9778a1dcb0646bdb1597291b8406,e4171ed933a404023db777058672fab93efd14cea259b790828ec85f01828d11
013_common_gen_kth_last_k22_t1_rep1,163,13,kth_last,22,1,2,65,24,1073,264401576,common_gen,13,1,common_gen:validation:164,0,f73a5f2827bd344789bd9d3f8a15406fc30b05dd734042530cce0c4d0bb30608,ce24198cfd3e4832e919270974c7a61857e7af7fa50117b3b2b260094949ce31
014_common_gen_kth_last_k24_t1_rep1,164,14,kth_last,24,1,2,65,26,1105,1709182379,common_gen,14,1,common_gen:validation:878,0,1d60b69657f8ae44155ef8826aa29612e69653c005e3f330a594a021303df9b5,135608801478bb07874169ae3751b7fd2eab118169f0e7cd4004421d164f817e
015_common_gen_kth_last_k25_t1_rep1,165,15,kth_last,25,1,2,65,27,1118,1638486433,common_gen,15,1,common_gen:validation:591,0,e6dbe3f1dd7de068086061cb8cfa2c76287b87af1e1e4b7eeaf39bc7bfc0f2a7,4f5c99ae0c2c401f7db6e4f4832d66d94c51c677d1f8c052108477bd0d2acdd9
016_common_gen_kth_last_k27_t1_rep1,166,16,kth_last,27,1,2,65,29,1138,1674613536,common_gen,16,1,common_gen:validation:405,0,a670bc051de914c9bf48eb457d68af68d1364e9eaee92f4424d2cd8137b6bec8,5985f18179c7a3aff90e7457ec5dd4f794be04507276ca79ae76c1daf0cce394
017_common_gen_kth_last_k29_t1_rep1,167,17,kth_last,29,1,2,65,31,1150,1658722375,common_gen,17,1,common_gen:validation:414,0,7553346f214f2709a70472a23e669111243897066c5faac4c95f5db8d9fafe97,14491a834f13e5218f3172fa0924e56c0a264d02b670c7127cc553c7df8f4133
018_common_gen_kth_last_k30_t1_rep1,168,18,kth_last,30,1,2,65,32,1153,1745670586,common_gen,18,1,common_gen:validation:210,0,b732aed668a118e8d47da96f0628d8ca6a595eabd47fed08464b36a34c9cf870,54e1e1a2e354d10b2cab5e397e9e4eda9e220713b63e7c56039b0e004e8b826f
019_common_gen_kth_last_k32_t1_rep1,169,19,kth_last,32,1,2,65,34,1153,794528412,common_gen,19,1,common_gen:validation:905,0,4d13f7652caa0fe2e6ccc2879decb40c245e01e7f2e2fd10808dbdba25a41344,ba47b6b5e4bd726442e0853305a96fecee940042086b686ef4dfe063c0d566fe
020_common_gen_kth_last_k33_t1_rep1,170,20,kth_last,33,1,2,65,35,1150,338848764,common_gen,20,1,common_gen:validation:776,0,77a22360297425a179b14f2bd72e2a29c6369b63a574133de87661d77b5e1994,80699128759b886ec1f91ecf5ed8a26ec1e103cb2ea774809e1160921b8abddc
021_common_gen_kth_last_k35_t1_rep1,171,21,kth_last,35,1,2,65,37,1138,930440047,common_gen,21,1,common_gen:validation:209,0,dd9217752ddc402f6d2f24db8e0f302de64f3e427738705830fc107383dd3c53,c4ab8931cb7b8d79855f5bb40ea3bd7962b31ecb786f08596bef6e92948da36a
022_common_gen_kth_last_k37_t1_rep1,172,22,kth_last,37,1,2,65,39,1118,1006841862,common_gen,22,1,common_gen:validation:354,0,8603e5d4a08203a8d8a7d01259f4729cb2f545d252ca05517ce56eeef38766d9,6709c3dee3ac962beb6657ef624fa1d3c8ecb6ca91ca50a6b4ba09a977b27baa
023_common_gen_kth_last_k38_t1_rep1,173,23,kth_last,38,1,2,65,40,1105,1702076224,common_gen,23,1,common_gen:validation:367,0,7cd6b33c2ef5aae1cba963cc7e6887d8e5b4ec0d6673ffa730154647025175e2,928ebbddfc733ff550e484504bf7ef8337d35f1cf080218cbb64651935202354
024_common_gen_kth_last_k40_t1_rep1,174,24,kth_last,40,1,2,65,42,1073,1070036334,common_gen,24,1,common_gen:validation:610,0,691be9925e493df92a68a48a7d0375b4455156cac132fe6ff99abd72f263efe0,121307409c476eb0a63e4f12bf88285f8615ac08d9c239537abb3dcb0fae15e4
025_common_gen_kth_last_k42_t1_rep1,175,25,kth_last,42,1,2,65,44,1033,1161641129,common_gen,25,1,common_gen:validation:14,0,97d467feb0071987e13214943ff369818db2df68e0e137966e547df19d8b36cf,4ac23dd330cc2fec90af32d615ee7e444ef7385abab575b2410659f0e7f84edc
026_common_gen_kth_last_k43_t1_rep1,176,26,kth_last,43,1,2,65,45,1010,1110310343,common_gen,26,1,common_gen:validation:889,0,e9ee16a77034d6db6437f068f3265d63847c26fc7d5e28f3a9dfe075cfae79c2,0ad0567da58325be27d155cc5b63afb5d8b51563f94a6ce983789aa0befd61d7
027_common_gen_kth_last_k45_t1_rep1,177,27,kth_last,45,1,2,65,47,958,1519912972,common_gen,27,1,common_gen:validation:544,0,a5ab3027eb88476040a4f83fc77e98f6c169723410ccb30698b291db441f0eb7,a650622c578fab32c91e6dd607d3fb939c4fcd81c50ead31ef44a5df3b29857a
028_common_gen_kth_last_k46_t1_rep1,178,28,kth_last,46,1,2,65,48,929,1246152176,common_gen,28,1,common_gen:validation:838,0,ec98150069039de987e494a6046ffcbc5fb5eaa8af1d1d89811fee5956de33be,553e28138fc5291adff9d832a566487ffbb17933ef38779f8f599b71f8ed0cf4
029_common_gen_kth_last_k48_t1_rep1,179,29,kth_last,48,1,2,65,50,865,1688501662,common_gen,29,1,common_gen:validation:360,0,3e256dc5a77203ecdf23771f1ec31e72b9bd9a2fd028cf10713a2bec6fa1d466,537b187c6a79b11cc351777fc7c170d7d031758e6d7b429fb07a4d4f7913d8ef
030_common_gen_repeat_after_k_k1_t3_rep1,180,0,repeat_after_k,1,3,2,65,6,439,265999116,common_gen,30,1,common_gen:validation:295,0,63e8a5f30cc2cccdabbfbf199c8a8d116a47bd59b61daa39e4eaff035556377e,6c48faae9f2d6fc8c37af93861e7385b8724c7b94bcd006459bcbffcbcff2558
031_common_gen_repeat_after_k_k2_t3_rep1,181,1,repeat_after_k,2,3,2,65,9,618,220327184,common_gen,31,1,common_gen:validation:237,0,2a02048d767e14ac3c6b59643991ba49914d858fa46e92e47b39c300132fcdac,075ae29eff6129d6294cefa7f46c11fcabacd6f3d603c8f4261c710be3cc20c8
032_common_gen_repeat_after_k_k3_t3_rep1,182,2,repeat_after_k,3,3,2,65,12,791,858819705,common_gen,32,1,common_gen:validation:180,0,7bac621de56abe6b5b34d1e6a356307098253ff86cca7f22243a9d017ab762dc,3d40f582a5655b05319d1736ed9258a3aed32cecff8c2b9b639eca262db9d448
033_common_gen_repeat_after_k_k4_t3_rep1,183,3,repeat_after_k,4,3,2,65,15,958,650754415,common_gen,33,1,common_gen:validation:619,0,9116df79b4aa6ea3aa70a681ed0d6299dc255102e1098d5525ca47d51fe3f42c,554a7561600c710ae53dc0557608e38f6e6b410e834e32e242564e29a0efdc54
034_common_gen_repeat_after_k_k5_t3_rep1,184,4,repeat_after_k,5,3,2,65,18,1119,1498384170,common_gen,34,1,common_gen:validation:826,0,228c7f82edcac57afc8fb352741520326f9e25b3d1e8a02cc72fd095e51330ec,2f2d5bd04b5db6f481ac5ae1b1b03fcd056b9d1f97d2badbcd54e943543b7ccf
035_common_gen_repeat_after_k_k6_t3_rep1,185,5,repeat_after_k,6,3,2,65,21,1274,1710974332,common_gen,35,1,common_gen:validation:254,0,783e8dd052689461ea6393595d45ef85f8d7bc6a1f90d20153f39181af7e8579,dcc0c38b31f503605ee3c70cfe31427544a1b547e673d7476fb4d4dfe337bb67
036_common_gen_repeat_after_k_k7_t3_rep1,186,6,repeat_after_k,7,3,2,65,24,1423,407176880,common_gen,36,1,common_gen:validation:567,0,b83b37acba9163c1128926dc3ed47052ceb5cabf10db634bc352998ac038ad3c,5057de241a2882a5151201f4e58dd251eee01ff044eb73e7d49fc48b2900389a
037_common_gen_repeat_after_k_k8_t3_rep1,187,7,repeat_after_k,8,3,2,65,27,1566,1804443141,common_gen,37,1,common_gen:validation:397,0,6abd3e6419a974b62b5ffb40a19df612b7ca456fa886391f4dfb5df5e6923cab,80c47409db8de524037c3b5392c1766fa41f835d25ce6144853b2497646a445b
038_common_gen_repeat_after_k_k9_t3_rep1,188,8,repeat_after_k,9,3,2,65,30,1703,1636599297,common_gen,38,1,common_gen:validation:398,0,9b823e45bd354b5df584ab3c15d1f810b9c1b37ea5b6eab7410f07985ba6a37a,3ebd3cdc6220e613dd0722188ca8195f299dbf3e3cff55f0f60b030831aa9471
039_common_gen_repeat_after_k_k10_t3_rep1,189,9,repeat_after_k,10,3,2,65,33,1834,50129743,common_gen,39,1,common_gen:validation:664,0,63482369c1999e012a6a1a20102aecf89582e77091d29c52ce5340b2ae0d6451,ada64b8367263b75e9fad60f0b8d48a208e942b82ef09c63a6ad769dad89c444
040_common_gen_repeat_after_k_k11_t3_rep1,190,10,repeat_after_k,11,3,2,65,36,1959,458345739,common_gen,40,1,common_gen:validation:775,0,c56bb838b54a006b37e25200c03d1d443c1ba181925486502361b23508bf7020,1a9354703573d3c768cbac78d7af655166fb04fb93e295558298d85935592a5f
041_common_gen_repeat_after_k_k12_t3_rep1,191,11,repeat_after_k,12,3,2,65,39,2078,140798395,common_gen,41,1,common_gen:validation:724,0,39c8cd77cbf86d7fcc81472947f0ea70ac6e0ae12bb16606bc510c71583270b5,b950635b61d22d4f3dfa39b48c20311141bfb0f404bf28232ed57f017cb16f5c
042_common_gen_repeat_after_k_k13_t3_rep1,192,12,repeat_after_k,13,3,2,65,42,2191,1846870438,common_gen,42,1,common_gen:validation:54,0,ee0b8f290c60e0e98d1b14529c161c2708544674f5b4dfbe91b8527b555ca6ef,f6e0776b605daeade8f4d0b281086339b2cf8d11b960b18fee300073fa106c18
043_common_gen_repeat_after_k_k14_t3_rep1,193,13,repeat_after_k,14,3,2,65,45,2298,893945336,common_gen,43,1,common_gen:validation:197,0,f20dc5ffe687c79872bfcb35d0b2976fc2375402449f8234dd6fd669717a8277,d962e829a977f60eb5f1910ea1921478a9c09ab85df68d574dfc4a1dcc0fbf6d
044_common_gen_repeat_after_k_k15_t3_rep1,194,14,repeat_after_k,15,3,2,65,48,2399,1588940576,common_gen,44,1,common_gen:validation:251,0,862f8e761cd8605c8bb9d13be7fce4f12a705108d8444f250229fe0df4a00402,9318e263666dc9b10068e356c3a2c6431ee18def9ae2dd27d9396a37135926b9
045_common_gen_any_token_at_least_k_k3_t1_rep1,195,0,any_token_at_least_k,3,1,2,65,5,370,1772172894,common_gen,45,1,common_gen:validation:515,0,bcd391f587cc7193c68b6e551b4a13916b8bb86f4a65a13b21822454f8187b48,53a8a5093bed80723ebbf4fdb9dc15d7e7db5c88840c04386a4ecbc6a388676e
046_common_gen_any_token_at_least_k_k3_t2_rep1,196,1,any_token_at_least_k,3,2,2,65,9,555,1116958057,common_gen,46,1,common_gen:validation:215,0,0c2d4ade3ee472c288ed188ca877753ff0558ce954b2303f419f63b8f38d0292,9a68cbfacaff9f7a08f8c5aec3735e98a0b5a94d860c3f33f4fa8b916b7aa0ed
047_common_gen_any_token_at_least_k_k3_t3_rep1,197,2,any_token_at_least_k,3,3,2,65,12,740,99161863,common_gen,47,1,common_gen:validation:213,0,d256998b5f3b4f5b8f40984f6c40c7d4dba953d3508dec3b1e01a757f03e49c8,6ae778dbe3a0a842dee1b13d3f109e3955d7f381fd00c26690dd2dab71c326e3
048_common_gen_any_token_at_least_k_k3_t4_rep1,198,3,any_token_at_least_k,3,4,2,65,15,925,1332789542,common_gen,48,1,common_gen:validation:717,0,cea48e53dcb2de04f0c32ca328b057d9f38465449b5c21aa825736344dd63f40,53957ee8057a9c86271ab6909cf5efce607d90e79eb5f9b40809e177f95322ea
049_common_gen_any_token_at_least_k_k3_t5_rep1,199,4,any_token_at_least_k,3,5,2,65,18,1110,2000856742,common_gen,49,1,common_gen:validation:841,0,573e85f8f6a5edf5955521d2e2fd4c2b1b28c7f7fbbea4303ab6cebeced1d569,ff2b80ba5ebdf4ef594a231cad4859c702da2d8d8058b1513302cc34445db634
050_common_gen_any_token_at_least_k_k3_t6_rep1,200,5,any_token_at_least_k,3,6,2,65,21,1295,2125091840,common_gen,50,1,common_gen:validation:436,0,ed0e485b33bb3be7f04c1a8ea66ace4f8b13df5bf23d84b03e9103c2ccc59538,ef7d3db1f1406778501301833cdf62c3df769cc48cdb7aa8ee19a3eb22452903
051_common_gen_any_token_at_least_k_k3_t7_rep1,201,6,any_token_at_least_k,3,7,2,65,24,1480,1693503289,common_gen,51,1,common_gen:validation:479,0,7d0d8abd940df364a8caa27dea2d3453e86b66af94ace48a69771bfc792eeaa1,b6849dbdc9623d0c6156b029bae611dff42134270b62b316ec2c3fb0e048222e
052_common_gen_any_token_at_least_k_k3_t8_rep1,202,7,any_token_at_least_k,3,8,2,65,27,1665,860196141,common_gen,52,1,common_gen:validation:512,0,a3b9b8f1c1a0a663d14c402e6f6d93cc673270e5433631681dbaec1dae490319,6889af5215e285e84898ca359523c20aed0a60f4cb13c9e80c5c446913465b2b
053_common_gen_any_token_at_least_k_k3_t9_rep1,203,8,any_token_at_least_k,3,9,2,65,30,1850,1994459732,common_gen,53,1,common_gen:validation:452,0,07a714779d81e9c4ea0664a8ba52d06fc92f276fbc7fcee8d1127d46ece109a5,ca2145db406c0eca2887c54eebbdcf6deec52059b79dab4604440bc7ba8b009a
054_common_gen_any_token_at_least_k_k3_t10_rep1,204,9,any_token_at_least_k,3,10,2,65,33,2035,1522346293,common_gen,54,1,common_gen:validation:723,0,a2dd34aad504be09187bbc58a897382d2ea270043eef1cb0e18fae6f23a741ce,4ce93f2c802c67e8f439c7ef4662f3b45922a6d2a367dbc80b1ac1ed0766715a
055_common_gen_any_token_at_least_k_k3_t11_rep1,205,10,any_token_at_least_k,3,11,2,65,36,2220,1077294807,common_gen,55,1,common_gen:validation:894,0,3268f8a4aea77a768b3a9075843e2c812eca82ad61afd6a85769dc855983a6bd,23482fdb68eb0cff25ca0ef5112902e630395dbde17f17e0d2f0e9bd2fc26a1a
056_common_gen_any_token_at_least_k_k3_t12_rep1,206,11,any_token_at_least_k,3,12,2,65,39,2405,808116444,common_gen,56,1,common_gen:validation:876,0,94141f664e240eb53e49a820b5c093f82cd9d1b677a71ab3c147f11fe0d8b6fd,efcd4fee9087adb486af25f7a3d6d30224d51696e06af8e8969d3f65bfc00c08
057_common_gen_any_token_at_least_k_k3_t13_rep1,207,12,any_token_at_least_k,3,13,2,65,42,2590,833341984,common_gen,57,1,common_gen:validation:564,0,58df52baaa895efb8f3216d74ce263bace17152f78d517ce5d340e44981aecef,d1f0140492754a214ae6a74cf83e9b6a7b637edfab05f66b475d5a86ff1ceef2
058_common_gen_any_token_at_least_k_k3_t14_rep1,208,13,any_token_at_least_k,3,14,2,65,45,2775,1406280043,common_gen,58,1,common_gen:validation:266,0,55fc38c06003a78f385b75c51a586149319a969264e4ac5ec352145a82875202,f261ab34d043e1070f1de02af97daa799754735850ad42668d278594ecd6ceb1
059_common_gen_any_token_at_least_k_k3_t15_rep1,209,14,any_token_at_least_k,3,15,2,65,48,2960,2061637626,common_gen,59,1,common_gen:validation:578,0,6d6b5c93a2df453c1a692ef9d29961a79a1ca423be8f87b03dd52846c5a7de27,9ed95446b2a057eab0098a15d9b819257af6cb835b405faa9cb8f0d93e32a6cc
060_common_gen_exactly_once_kna_t1_rep1,210,0,exactly_once,,1,2,65,3,254,1322616585,common_gen,60,1,common_gen:validation:217,0,5c16818aae2e9c5d15533998f6ce24163940e958253bd74c59ce02798cef078a,1a462583a39a07577a5f78d3940060f599ee6a49953c60db2782c278d1491676
061_common_gen_exactly_once_kna_t2_rep1,211,1,exactly_once,,2,2,65,6,381,702934379,common_gen,61,1,common_gen:validation:934,0,db32e1e3cd78d7f4966fdaad065e0407f32e1b62f94ec158163628dd1fc721e8,b7077b04e6c0bcb125c47d01fdc377a5209238efa696462205441d29c2625dfd
062_common_gen_exactly_once_kna_t3_rep1,212,2,exactly_once,,3,2,65,8,508,788091110,common_gen,62,1,common_gen:validation:312,0,2b12cdaa440e38c0ad0bdc19ab67e813a5d1a3c24ef8cd956333fe795719ad5a,923b1b9d691db77324a91d002059e92d2e701e73599e30640ac594b84de3b7d3
063_common_gen_exactly_once_kna_t4_rep1,213,3,exactly_once,,4,2,65,10,635,2067861125,common_gen,63,1,common_gen:validation:706,0,c55e5fdd21733fff55c993f4d0aacb4ee5343756a9736ca1f9bb9239438235a3,ec162dfc076f7094a8aaa2dad5e8e6423adc151256b3e1e89e4f34d49a7cb26a
064_common_gen_exactly_once_kna_t5_rep1,214,4,exactly_once,,5,2,65,12,762,1618482338,common_gen,64,1,common_gen:validation:691,0,595228eac660ccbe7ba66205f4dda1fdd692ff2ff14c06593718ffae55648f49,7a578a5fabd1507d363f300bbdb493da200959e38d44462f7c1c8419eaf4bdd8
065_common_gen_exactly_once_kna_t6_rep1,215,5,exactly_once,,6,2,65,14,889,1440361350,common_gen,65,1,common_gen:validation:401,0,b12463321a5784961bcee1f9e5167b689f293016f2466d29e46d21e9fd1e5923,fc10a5d640abfdc2c69e6a87be1a41f503b0d972e3cf3a1c3228cf8be0dba1e2
066_common_gen_exactly_once_kna_t7_rep1,216,6,exactly_once,,7,2,65,16,1016,1910766821,common_gen,66,1,common_gen:validation:385,0,c7b273287e21f85fd0e3c3d19afa478eae998f3eb57bc08217472fae3b2fb5ee,d32ccb95bbc9073427b60fcb54b68923cada840109e141ad5bfdbc82e7d7efad
067_common_gen_exactly_once_kna_t8_rep1,217,7,exactly_once,,8,2,65,18,1143,2116306382,common_gen,67,1,common_gen:validation:52,0,3896740e7f223e8d7e2afa61cd6e778cb9dcdeb71607230913b6b9e21f432cf2,854dc280dd611c66b2c3af25991c038209fd8a8bb087ba7d48abd9c752cdd9e0
068_common_gen_exactly_once_kna_t9_rep1,218,8,exactly_once,,9,2,65,20,1270,217189670,common_gen,68,1,common_gen:validation:743,0,83a570eaa46c458bee76d300d166c1df268f2de767da935acd6a03a8395b4d90,b4408d5f9eca7320a83a7ba4a50162b1b6b21292709dcfc4e18cdd40951c1fe3
069_common_gen_exactly_once_kna_t10_rep1,219,9,exactly_once,,10,2,65,22,1397,709817803,common_gen,69,1,common_gen:validation:423,0,2432f8f1a01854e3477278d54b34990be0a6711489fa5d227bb21a35098e9fce,a65bb62405b44956d2f67a822c8290fecc84867966ed4f3806d9bd6f0387608a
070_common_gen_exactly_once_kna_t11_rep1,220,10,exactly_once,,11,2,65,24,1524,262170999,common_gen,70,1,common_gen:validation:733,0,0173fa66a9f07780787275ea1046719ebd1e89f19e72dceba2f3cb15a4bc607b,4f738022ba4638be06b6c5e2c822f19ccfd921c0e7073759f2c3bcb6beda4ea5
071_common_gen_exactly_once_kna_t12_rep1,221,11,exactly_once,,12,2,65,26,1651,2069645348,common_gen,71,1,common_gen:validation:882,0,bf8a737d2f861bc7307a2817e8663cc0c9ce976196fe7b1e0dd1bbe3d322cb21,2f96395f9886b80fcfada258b2deb006e028478ad1a1f808ed9d7f6faedc03b9
072_common_gen_exactly_once_kna_t13_rep1,222,12,exactly_once,,13,2,65,28,1778,453241435,common_gen,72,1,common_gen:validation:824,0,af172fd25a13af4cd692dee9e1a3f37956635cedcb816d2f28ad5730c83009f3,cba0e37cadc88ff55f438d53b2de4439f95a755d212b2e708df2abf4b1692c1a
073_common_gen_exactly_once_kna_t14_rep1,223,13,exactly_once,,14,2,65,30,1905,1581391601,common_gen,73,1,common_gen:validation:968,0,f6f3de6fcf38473d3fc61abc98ab9aad9554aef0b51c9421895410c9ff08fc2e,8fa917e4c234a06f135f1e2f919adf36c9b9527e8b20e9bad0165f1fd9a39b84
074_common_gen_exactly_once_kna_t15_rep1,224,14,exactly_once,,15,2,65,32,2032,106098731,common_gen,74,1,common_gen:validation:504,0,2b980a693b12266b31f7f3842cc13b4b41eb5d323e9066b5f3719cdf11542bab,1ae1902689f7447d679ffc1d582af6f97451b0ee490ba3054993451a9d9596b6
075_common_gen_exactly_once_kna_t16_rep1,225,15,exactly_once,,16,2,65,34,2159,1437087856,common_gen,75,1,common_gen:validation:780,0,6f2b9494079f6bf55914140b789d403ee43c7e16e5d9b17bb189c57e3950edc0,90a2b8049cd706d7f53fef54be0e57cef94eaae6942242eefa8af0b58d6dbd6a
076_common_gen_exactly_once_kna_t17_rep1,226,16,exactly_once,,17,2,65,36,2286,104058370,common_gen,76,1,common_gen:validation:958,0,90641ace261e9a9e0f4619eab87e0e5029c82567f98bca1081bb1c2e08761406,3905623a6561f31af3dc562586af0c3343602c9966b7d208cf4d804f0e865db3
077_common_gen_exactly_once_kna_t18_rep1,227,17,exactly_once,,18,2,65,38,2413,1692465237,common_gen,77,1,common_gen:validation:881,0,dd154dda977db9d9b3196ee6099bb5dfd1b0a0c705f56554745255105ffc9074,17f1a9f84ce4852c6a11cabe2c0d9e776012d267d5e2fe008675e4a77c87ee44
078_common_gen_exactly_once_kna_t19_rep1,228,18,exactly_once,,19,2,65,40,2540,589495907,common_gen,78,1,common_gen:validation:545,0,6decaed9395babeff41a6d53b5a896ec1e8ea72ec2505f68b9649c0fb396fe68,b888950642042cd927776b9f68aad09d16a7fb4a7d97f78ebc338ad14b6759bc
079_common_gen_odd_count_kna_t14_rep1,229,13,odd_count,,14,2,65,30,1905,1907035134,common_gen,79,1,common_gen:validation:798,0,87c05f9cb5eb69aeb6e0766ab108a3ceaa7ed1efcc087dac8b452bf1046e7c05,914eeaec10e736982252152a077ef6383d85a4a897deabe8a64f9c6bf591e38f
080_common_gen_left_not_right_kna_t1_rep1,230,0,left_not_right,,1,2,65,5,313,29123731,common_gen,80,1,common_gen:validation:640,0,80aac1985610cdd125717cf91f8f357f664f8b4d4eef56ad84122d8c2bad3e37,42a443335af65be67d13a8ed9c04c610ff43c47573629bfa5ceb9b8b075a5887
081_common_gen_left_not_right_kna_t2_rep1,231,1,left_not_right,,2,2,65,9,501,971566100,common_gen,81,1,common_gen:validation:627,0,c24f20a868c37cd520bd89c13f81bc50c1a970151caa376b684a5aa2ca330ce4,9d43548b37585e31681d44bb04aadcc6c65da4f253f4631de137b8d145dcd425
082_common_gen_left_not_right_kna_t3_rep1,232,2,left_not_right,,3,2,65,12,689,646258239,common_gen,82,1,common_gen:validation:55,0,10247a9dce6610d3e5fa15bc8085359cfc5c424827e5edc4eb9faf4be7f246a1,97702c3163a88d8ce5d733d8dd24fc53529028e4734580b533a485c042ef05a1
083_common_gen_left_not_right_kna_t4_rep1,233,3,left_not_right,,4,2,65,15,877,716425670,common_gen,83,1,common_gen:validation:829,0,562876a4800db4fb0f6742b456de3f39255679028747a90c903c57eb4d1fb945,785399a8218e767643ef8e11b5fd2b8f7651ecc781f950e649a6fbeedbc29904
084_common_gen_left_not_right_kna_t5_rep1,234,4,left_not_right,,5,2,65,18,1065,866639243,common_gen,84,1,common_gen:validation:690,0,9a9dd8bad53e0135c31708a9c7feaccfc7c579b7db5d389c95dcd0c50e3c8a0d,9c366a4b7758445ac6e55540c75a5bf28694423287fbd52bdabecae9dd139e23
085_common_gen_left_not_right_kna_t6_rep1,235,5,left_not_right,,6,2,65,21,1253,279069166,common_gen,85,1,common_gen:validation:483,0,46d6ce9fe296389b17af5f55f5f4393c8e40bfd49a5ef82aed844eee87c192f2,aca7692144ebe55ab7b3a0900dd2f96064ad50d413328bd0058d29b03c634019
086_common_gen_left_not_right_kna_t7_rep1,236,6,left_not_right,,7,2,65,24,1441,268707133,common_gen,86,1,common_gen:validation:532,0,8dab954b0690234e746e6f55101bc39505344bb7ef048b7d45befbf3b3d9b4e3,aaddcf04ed69b15767ef3da4b6b47ef07b952bc63f03e889acbeeab87c144952
087_common_gen_left_not_right_kna_t8_rep1,237,7,left_not_right,,8,2,65,27,1629,1209309093,common_gen,87,1,common_gen:validation:92,0,d2bb86c002a61b1975b327000816b87bfddf095246e4ede6bff03561eb7c77a9,461264b62feeca4059143597954a2524e5cef57193435fad0f8979cea67ceb8f
088_common_gen_left_not_right_kna_t9_rep1,238,8,left_not_right,,9,2,65,30,1817,392196689,common_gen,88,1,common_gen:validation:712,0,630c3adf43cc8c88f6f8d9563a7d552be406ac3f398cacace21cbdbca6e89e33,36d17b26e8c6a11c1a528d25a4890ddffc694a7db52cd30cd63666af8521ebb4
089_common_gen_left_not_right_kna_t10_rep1,239,9,left_not_right,,10,2,65,33,2005,462965526,common_gen,89,1,common_gen:validation:503,0,b3d399ccc7168fed3680d0d6da013f433294c1ba8cc40aedb754c1eff3e0eb94,7b52f004860473c4ffb547d91834aaa0d7a55376e6536a3f86445c6a72512e20
090_common_gen_left_not_right_kna_t11_rep1,240,10,left_not_right,,11,2,65,36,2193,706675733,common_gen,90,1,common_gen:validation:990,0,ed20e5b53032aabca9e4e403c3e418fa3cb0bd26621da498f0d01aed877fded6,644c319aff88a9d45c3c0bcf924aa5b8d2192aa31e6230a66e2d340436359a3f
091_common_gen_left_not_right_kna_t12_rep1,241,11,left_not_right,,12,2,65,39,2381,61336099,common_gen,91,1,common_gen:validation:439,0,96e840aef136b559fa3ed8347fd90ff7ac805373266007ba98d99f62f3feb55c,9b6409a78d46052cbbfcc03254902923d4d568864400f9bbc2c7482b5900afc5
092_common_gen_left_not_right_kna_t13_rep1,242,12,left_not_right,,13,2,65,42,2569,19469142,common_gen,92,1,common_gen:validation:654,0,b215b0e401570b2ea70269d0bfd2056739a20a7bed364fed60d409d0c118b56b,57f668e948a3242856d702b18602b83d7de7eed9dc423f7311c24e5df81d8cdc
093_common_gen_left_not_right_kna_t14_rep1,243,13,left_not_right,,14,2,65,45,2757,777169582,common_gen,93,1,common_gen:validation:637,0,cfbf74241333af8643e805a2b6e1206f99adfe748faa10c6ba10bbfbe589e396,1d25147ba86334f7e07f680b66b3d5e69cfc8e868dc4e905947700ea2bcb7599
094_common_gen_left_not_right_kna_t15_rep1,244,14,left_not_right,,15,2,65,48,2945,1050385076,common_gen,94,1,common_gen:validation:601,0,58c68d223e164da03944a4581c6cf52ec6de3bf2dddd0214dbfab5c66cda3f36,50ffc87b15c0d88a04ee7dcff1041256c1b0c31023027d3d21e402cf0e8c43e9
095_common_gen_left_not_right_kna_t16_rep1,245,15,left_not_right,,16,2,65,51,3133,1914667170,common_gen,95,1,common_gen:validation:667,0,da0e87bad61e406f51d2f2a9971bda7f3dc63583fd79dd5d11b075640611234c,637716c6dc7a95cd6316f4361cb803388a8897c6cdc2b8961784b18095e186b7
096_common_gen_sets_differ_kna_t1_rep1,246,0,sets_differ,,1,2,65,7,439,1573874806,common_gen,96,1,common_gen:validation:370,0,aa11d5da4156f9ebd6006361120663fc8ce423dee4dc1b97d9f38fd6fd76ee63,878a26711c6933f41c325bcdafad4dde03e9e3100408adc3e7fc13e0ca2df1fc
097_common_gen_sets_differ_kna_t2_rep1,247,1,sets_differ,,2,2,65,12,690,1624475109,common_gen,97,1,common_gen:validation:778,0,d32a17382cf69c3a92acc32617566de6f51f5e6ab4205757f3f9c19d98bdde18,22ed4b6e32f3f7add41c1e2cf30b397c499846ba3a34a678eae6a2e01594e5a5
098_common_gen_sets_differ_kna_t3_rep1,248,2,sets_differ,,3,2,65,16,941,420724794,common_gen,98,1,common_gen:validation:761,0,d96e524bc6802196427262b0e6f9de033868fa71cdc6f89f22376f7b63486a74,b6c6c3a3adc07e823215fa96e46259ac76acbc1c3cab93082716b8d81be040c8
099_common_gen_sets_differ_kna_t4_rep1,249,3,sets_differ,,4,2,65,20,1192,36424983,common_gen,99,1,common_gen:validation:260,0,8a55dbd143cf453ebdb6a5b7e3ab43a27b3240577d6b8fd8be3e955a17617f79,099be0c8ee1a57686af6c76d0353d9dda09443c9d188b6987cdd55022a702a6b
100_common_gen_sets_differ_kna_t5_rep1,250,4,sets_differ,,5,2,65,24,1443,127974346,common_gen,100,1,common_gen:validation:441,0,a2e39894e1618a9eb2f65b276f548eefb987dcc5414284c41a5cd5bcb231b154,8e225de7c2a3d4bff763814e06f4371020e7583c19c47529a9b7aed955c8b39e
101_common_gen_sets_differ_kna_t6_rep1,251,5,sets_differ,,6,2,65,28,1694,2015136905,common_gen,101,1,common_gen:validation:232,0,0974f27d942cb51ab068218860daec5bf4fa15040262550453c55cb80a24e410,3eff4b4c5f685d2d66c22a96fb3ed2b9a620936358f7dc165479351bf1120f3a
102_common_gen_sets_differ_kna_t7_rep1,252,6,sets_differ,,7,2,65,32,1945,2016303339,common_gen,102,1,common_gen:validation:880,0,d4adf415ec581f3f69498149e135430a9d64c49e1a47e5e0fb8dbebffe7a0931,760b38ee2c6be5d1c302ff0dbd980f416a83c74c47a5b1b7d444e70a25e04dfd
103_common_gen_sets_differ_kna_t8_rep1,253,7,sets_differ,,8,2,65,36,2196,947823129,common_gen,103,1,common_gen:validation:350,0,049191c729c0562f35a6950b72ce25c5bf5595f52c71ac5ae2be11e8e1b3822d,49acc1d5e7467f4c69c6912dd6f1a272558684969c754bf4cd9619a44d3f6425
104_common_gen_sets_differ_kna_t9_rep1,254,8,sets_differ,,9,2,65,40,2447,212369143,common_gen,104,1,common_gen:validation:421,0,a46c776c2fd386360caa5ed8d03a50a1abb3aaf18e1eb01a58a50dff25e7c657,d7ec6477f69248a9f28aa7b1c8a396c69f66c027e725f0eaa645c8ada138cc58
105_common_gen_sets_differ_kna_t10_rep1,255,9,sets_differ,,10,2,65,44,2698,2009446120,common_gen,105,1,common_gen:validation:265,0,c6672e9932380900bcb9092118da1d6dace251c7382db9711664afd984fb8d21,04c95d68a432cce245eed194e01918fa0b71cafae2874c818f65f31edf6e75d4
106_common_gen_both_sides_kna_t1_rep1,256,0,both_sides,,1,2,65,6,370,1149509973,common_gen,106,1,common_gen:validation:493,0,57add58fbbaef361754f658efa17441a60d907b4c2cfbfaed565557a1c446539,5186b5650fd8cb8efe6d1d55a291664b29453205b5b2537d7fe390564d7b81db
107_common_gen_both_sides_kna_t2_rep1,257,1,both_sides,,2,2,65,10,555,1929646399,common_gen,107,1,common_gen:validation:643,0,29e3ebd3bea8050ccfeeb740f6e94ddfcad0d54ed192718ddc6d0100539e39a0,5a2073630ebb92039ac879e38d094dcb7cf3f25003f3d110ed0c6e15cc6a52a6
108_common_gen_both_sides_kna_t3_rep1,258,2,both_sides,,3,2,65,13,740,1516654347,common_gen,108,1,common_gen:validation:63,0,7e5cb88eec976e6a5c755c9f56f223b47516a2f84ac37810e57283bf142aab33,f944082963211e0eb1116a0a428586d06b678063ddbff4349ed051ec773d0ae6
109_common_gen_both_sides_kna_t4_rep1,259,3,both_sides,,4,2,65,16,925,1752666085,common_gen,109,1,common_gen:validation:500,0,d01fcce5654b51e92aad213f9bd9bf8359e4f046180817a7cd477be0e5bce355,9146116bdc5e646a6a28784dfeb5e620aa9ada293a2df86094c255b3ee756d09
110_common_gen_both_sides_kna_t5_rep1,260,4,both_sides,,5,2,65,19,1110,1043104087,common_gen,110,1,common_gen:validation:29,0,ebea1820dce4977279d33a7d46185485e2f7616d2d906be23da64e95e158d8c2,a2685939f4d789790adbe5c699ccdecc939e93497ece38277631464bc608fffc
111_common_gen_both_sides_kna_t6_rep1,261,5,both_sides,,6,2,65,22,1295,713882624,common_gen,111,1,common_gen:validation:660,0,7bbe6c20bf1bb392cd40029b6f136b5fae150ab8bd6e9b8e2a011a0168577ff7,cfcd19165e6bb91ec8426699c9d102954a8253d5c7b7f419dd61dadc6622a060
112_common_gen_both_sides_kna_t7_rep1,262,6,both_sides,,7,2,65,25,1480,1223924724,common_gen,112,1,common_gen:validation:402,0,71b6e3161c152c88eb8712ec6a03dc01004547f29a02e616e418c2b63bba53b3,6382fbfcc2872671b5ed9e177213f76ecef595853a5f7980db1f2f1edfc4aee5
113_common_gen_both_sides_kna_t8_rep1,263,7,both_sides,,8,2,65,28,1665,197853841,common_gen,113,1,common_gen:validation:857,0,de85b1c979e9b0dc178d9d64c638d28f600e80b451c7fd2c20fe10d2ab3efa12,d40c4f7af0b44fda1c173a352f3da536ee4ae90ac217c0b18c40f40c5039af7d
114_common_gen_both_sides_kna_t9_rep1,264,8,both_sides,,9,2,65,31,1850,1247722251,common_gen,114,1,common_gen:validation:873,0,6686b59e3dfcf9503d7aad77b6acadb759d1d1cc85e439084929edef926a78df,76b75fbc63e09db802878a6fe8b47650bda01fe0f00f0e80f8e53060da824fb5
115_common_gen_both_sides_kna_t10_rep1,265,9,both_sides,,10,2,65,34,2035,1116949497,common_gen,115,1,common_gen:validation:885,0,bffb148a0c880d3afd4dc42d7dbfc63458978da62351d498b431c43c512b637f,bb431ffadde25a2ae10127bcb705791fa4d99049ff160fbfa199cc941d82b646
116_common_gen_both_sides_kna_t11_rep1,266,10,both_sides,,11,2,65,37,2220,264973824,common_gen,116,1,common_gen:validation:341,0,2de12e234371117cb3068d8422b96784f433debade1db38bacde5c0a99ec4453,841238b9aef7b0bfcefa47a67bae19ae2ba952a9b21676739c321a82db7d9db1
117_common_gen_both_sides_kna_t12_rep1,267,11,both_sides,,12,2,65,40,2405,1005176426,common_gen,117,1,common_gen:validation:399,0,2be10944a608d2b8bf8007f046175e67961065f84e2ef4f5201eb701029d8896,9ed8e5f930a298c5a3a5ace3c790294223db84a9c69dab385d7bdc845abebf97
118_common_gen_both_sides_kna_t13_rep1,268,12,both_sides,,13,2,65,43,2590,664912240,common_gen,118,1,common_gen:validation:887,0,0cbaeb4f12a4770fc0e4c0f942497d9eb9eda86c8ab2636ed35bd5b1ec2ddd2c,9b99d5ac4be309feaee8c5ea58fd5a663506e251857544b8331e3f899d00623a
119_common_gen_both_sides_kna_t14_rep1,269,13,both_sides,,14,2,65,46,2775,496641802,common_gen,119,1,common_gen:validation:721,0,8dd48b213167ee4c8a6d53f3dbcfd295a036fb109c17ac8ff7f92e45745e48fc,5d42c13195c86c78bdb851e01c87a58ae2d059868bed2354e6ed3a7ab948d2f5
120_common_gen_both_sides_kna_t15_rep1,270,14,both_sides,,15,2,65,49,2960,1122654281,common_gen,120,1,common_gen:validation:161,0,4d7d44cfef9ec4109090be3857a3727e3b60cccb66fee8cc5cb3357dbb327d9f,7a2546d966d4191e994f264a7b0bd3fbc0518b4f756159b8f00f5f5823cc4d09
121_common_gen_even_count_kna_t1_rep1,271,0,even_count,,1,2,65,4,313,855419905,common_gen,121,1,common_gen:validation:392,0,d93117f6eacd03c851f46fea2db21085399e85ae980ce2d9d71415d920381fbc,bd4c3d23be6cddd5a550d0b3c80f1f3d31aeb531a84715277d2ab2280fdc4e14
122_common_gen_even_count_kna_t2_rep1,272,1,even_count,,2,2,65,8,501,1365899619,common_gen,122,1,common_gen:validation:592,0,6f443ec7a7db3c08097588d04172492dd8208d19666c19d6199410674335e106,16d1d1c69c93931eeb94c42373ee8b18a9367f53d24332fe6ad3e71fc2d4a0dc
123_common_gen_even_count_kna_t3_rep1,273,2,even_count,,3,2,65,11,689,1997518064,common_gen,123,1,common_gen:validation:871,0,e25b1a08de8cc04793499e45ac32efe0b015d87323711f1b221b33ad36358e71,e8a1fc354d0439956eb37e12fdd3ae5d62db80619bf676fb692ef119feac35e5
124_common_gen_even_count_kna_t4_rep1,274,3,even_count,,4,2,65,14,877,1386824628,common_gen,124,1,common_gen:validation:580,0,cceb833f7a80650feb195f4d69a10df739265d16f631bbc38ceca8b965a3d625,e141d94847115b3d5ae7dc57378244360adccd9c62e2abba758eef9542097383
125_common_gen_even_count_kna_t5_rep1,275,4,even_count,,5,2,65,17,1065,1030408,common_gen,125,1,common_gen:validation:356,0,bfe89c9077df6ab292ad1cea80ccd14aef7346f05540ca35423ef3f5f5194881,9d6f27cbfbdf309ce577b2b95e9426fe1f511728160f05b2ef010087dea7dfa7
126_common_gen_even_count_kna_t6_rep1,276,5,even_count,,6,2,65,20,1253,1292144660,common_gen,126,1,common_gen:validation:832,0,8c6a4a7d00be5bc6e091ca85cfda2888788bf923ebfb105a989c723e14e0fc65,b067d18b46221b59618e1a6757b27f4b7089105e28455f9983bd7066b1d1c0c5
127_common_gen_even_count_kna_t7_rep1,277,6,even_count,,7,2,65,23,1441,1930332039,common_gen,127,1,common_gen:validation:293,0,968b57d164eda87a1157841d5b043e704fd77a1395a38fec17e59522f16cb0b6,14f854793e2cb9d4e15fc4339e3d9055bcb2a1975ec6300fdd9e4a6c3459a1e4
128_common_gen_even_count_kna_t8_rep1,278,7,even_count,,8,2,65,26,1629,1266376776,common_gen,128,1,common_gen:validation:911,0,6fa3ea15b941f2b8e12c2d23203d8dd93b0a5b488c54d1797c59277c4e8a01ab,c205c532596355743cc28c451b7b537435dade53d63cb669826d57fd4c031336
129_common_gen_even_count_kna_t9_rep1,279,8,even_count,,9,2,65,29,1817,1241627802,common_gen,129,1,common_gen:validation:943,0,d179665d17a631a468e66d7ead60f90aed78f2bc51a8feb9ae1c4d5aba68af2a,0e741fe09ee2143dc7826ca8127446c0f758cade3fb20ccab7e6aec85a8ffb93
130_common_gen_even_count_kna_t10_rep1,280,9,even_count,,10,2,65,32,2005,670725564,common_gen,130,1,common_gen:validation:796,0,17031d15be21caad068dae7dd6912c00bcd485884299e74ba9c5790a5507bea3,ac73119de0f01b072415bb85708520a782d36efdef02ed4f138897789c12ca3b
131_common_gen_even_count_kna_t11_rep1,281,10,even_count,,11,2,65,35,2193,1158573297,common_gen,131,1,common_gen:validation:805,0,503105a030aa98b24ab902f89a2c65c09aab5ea39b503663390171fe346c50b4,63dafe15adb4d97ef24e09c059999b71442ee4b2ac7c2e758c1097c6f77421b2
132_common_gen_even_count_kna_t12_rep1,282,11,even_count,,12,2,65,38,2381,2076435895,common_gen,132,1,common_gen:validation:520,0,8f5bf2aceb20475b1086c5d5a250a9e0cf949ba3484567137e7f60db5f09364c,db74d6fab182a4a53c20060be179113d315451a06d6948509debe172559300a9
133_common_gen_even_count_kna_t13_rep1,283,12,even_count,,13,2,65,41,2569,1102610059,common_gen,133,1,common_gen:validation:901,0,01bd537e02a4b7c0969acd6b437c12c528e7651ef5c2ff27950768134d8cf593,6eb3d9dac4135f33120bbd51aba4731204bdb4c5384e4fe0bafc7d77ed3f7aea
134_common_gen_even_count_kna_t14_rep1,284,13,even_count,,14,2,65,44,2757,1639697217,common_gen,134,1,common_gen:validation:657,0,7f9ee6e763822ee8ba44289be4abc0540d38baee0033c051e3bd90c24852d446,e25ed42c71c42b39e14d2384576b9500bbfe293a69bfc9dcafc9adc47df6b56d
135_common_gen_even_count_kna_t15_rep1,285,14,even_count,,15,2,65,47,2945,2069139287,common_gen,135,1,common_gen:validation:510,0,49f16423f6318bdc0f9f7251ba3ad8f9cb148c26ecb94b0681e856d99750e6da,d89eccce264930b676dee941273c2a954ec85e2bb0e62a53a85e764ac2e45db1
136_common_gen_even_count_kna_t16_rep1,286,15,even_count,,16,2,65,50,3133,1127096830,common_gen,136,1,common_gen:validation:424,0,1e170501a710431c90a73b00d31f42b5f0c81eeded22e6ea9a881f284f9e9625,ec56d66694b8f478685b71f61e33066957106a5b2de2dc503d91084de6fc0c25
137_common_gen_odd_count_kna_t1_rep1,287,0,odd_count,,1,2,65,3,254,1507178887,common_gen,137,1,common_gen:validation:595,0,b7d69870abc1c12953ae63227da259954ef3e8280093f1156ebc00eeb4372bcc,cde22ffbae7b3aed10dd74c356f70e55ceedb0816cd648783ac2b5b63f9bdc90
138_common_gen_odd_count_kna_t2_rep1,288,1,odd_count,,2,2,65,6,381,1124355968,common_gen,138,1,common_gen:validation:614,0,6dc8ca297f228eb93ef9725a164d6255f32b33cda41791c66dfe09f206851750,8ed3b9c1ea52d8edf9a99c79bda9257e5d25cc03ec1ecf3a1797718428b2395a
139_common_gen_odd_count_kna_t3_rep1,289,2,odd_count,,3,2,65,8,508,929137731,common_gen,139,1,common_gen:validation:652,0,e1c1ef5489bb84997071d32814ea47eab04ad2146eea628bb9af45731bd7aa8c,7e71be0452dc77c4169e0001991bd30a7ef8d61c0bcf36ff5462ddef324f863d
140_common_gen_odd_count_kna_t4_rep1,290,3,odd_count,,4,2,65,10,635,1096446327,common_gen,140,1,common_gen:validation:902,0,919d50eaf90e2d335b94fa081ffd0aa6eff2df96b738c5056e3c3ff18126fd17,b20f0fa17902122276a93e50b75e67334720fe7abf1c2239cb061d012ea4e590
141_common_gen_odd_count_kna_t5_rep1,291,4,odd_count,,5,2,65,12,762,102972841,common_gen,141,1,common_gen:validation:31,0,9f91deafe1b838c784b6ce7645e1bf84f32195c16a860f30bc025a4fb6016815,0d5484f4a0f3cb8816b3b219fad9d0ba79f6ca6335a19a5c0d1793a3117f8e7e
142_common_gen_odd_count_kna_t6_rep1,292,5,odd_count,,6,2,65,14,889,464074219,common_gen,142,1,common_gen:validation:541,0,8dc6cb39f1a22d8c6693d70b367a7bed8600e014dd5c97f386fdc40d0094e7d7,b59c6f19f3bd2b6748643c73001cc9b553163438431b2a8e7acafa35a2f10b30
143_common_gen_odd_count_kna_t7_rep1,293,6,odd_count,,7,2,65,16,1016,842167547,common_gen,143,1,common_gen:validation:509,0,a0974bdcd9848e1e1e431003e0825499b639e3328990c11d462bf5da983900c0,4a0c99a830b3973b520abcb5f2de9d7f56e9ad220978bc33fa825c873dd031e3
144_common_gen_odd_count_kna_t8_rep1,294,7,odd_count,,8,2,65,18,1143,1051017677,common_gen,144,1,common_gen:validation:585,0,33854360089eeb223b62c082bac250858374b2f7eb4ca32be90789f0e89abfc1,cf39969592a54b53a1e6c7fead77ce999927a4b088aa505848bd281cabfcf0ae
145_common_gen_odd_count_kna_t9_rep1,295,8,odd_count,,9,2,65,20,1270,352748346,common_gen,145,1,common_gen:validation:669,0,0ef2570042dfcd54df3d4f00a11ef7fc2d8c9d270fae8e846a68b0739fbcdb72,1772cfa3c7f5a84b9568625cd82a1854abebe566b4b6f5b86887b0e782f296fa
146_common_gen_odd_count_kna_t10_rep1,296,9,odd_count,,10,2,65,22,1397,593454006,common_gen,146,1,common_gen:validation:22,0,1b63d0e7fe98c980a5019c390d3a321db91df2ee82235584ccf966208d1ae269,6d6ee8ef4ba1c24209b4d105ca30f4782f289723d2c33db8c1568b66cffeb3d6
147_common_gen_odd_count_kna_t11_rep1,297,10,odd_count,,11,2,65,24,1524,1373591884,common_gen,147,1,common_gen:validation:625,0,ca6746b1b7d1f5e6d887d9744a54d4f3b01d5bdd308c82e534ff567f268fd729,adc8c5206ed7ecc2f64dfb5abd8d1aabbff036f6692ba95fdfbe0cb15d47bc7b
148_common_gen_odd_count_kna_t12_rep1,298,11,odd_count,,12,2,65,26,1651,671196295,common_gen,148,1,common_gen:validation:507,0,380454a64183a22e6700d84fd6af8fc000c272126b3a6048b76b9533e0685f44,b1231f67ce750415000a5ca98780b1dc827ed6d3ab5cdfd6f29f3ccfbe7eb9ec
149_common_gen_odd_count_kna_t13_rep1,299,12,odd_count,,13,2,65,28,1778,1827736485,common_gen,149,1,common_gen:validation:715,0,4b7b26f516576eaadf9c2dd1ce604b44df33781640f41ca8551d547cc715f869,e02ae02efced487b862c540b1822d48f52e58f0b5963729befe4db951eaf5720
000_common_gen_kth_last_k1_t1_rep2,300,0,kth_last,1,1,2,65,3,254,2023557366,common_gen,0,2,common_gen:validation:116,0,9cc72b6ada046dce289ebe266aad92a516587574caa4c90d6c6749dfb11722e8,698554ceba7dce03e4afea1aa32b792b0e89c439cce3981bea84270ae4e879b8
001_common_gen_kth_last_k3_t1_rep2,301,1,kth_last,3,1,2,65,5,370,1645294196,common_gen,1,2,common_gen:validation:153,0,66bc72cffb2492d16b5fa5c3814be38e8ddb393596a4c50dec891f75b8025e4f,1c278836e3ee845af66b9ff2c0d06de34617ed20cdbe84f5ac485bd58f58b5cc
002_common_gen_kth_last_k4_t1_rep2,302,2,kth_last,4,1,2,65,6,425,1727643257,common_gen,2,2,common_gen:validation:960,0,5aea10a197c1249091fb284a984873e2b801f22534e607a4a56bf8faccbb3f9a,4db104375965961890073e7dd7a25f73b42004de2e4b7cb4e1a58209fd29e06f
003_common_gen_kth_last_k6_t1_rep2,303,3,kth_last,6,1,2,65,8,529,651331240,common_gen,3,2,common_gen:validation:848,0,b1b9efd7c5494f2ea24bf2fcad466b8b93c577afac12e9c714abfb7487b7ccb2,70efd29c96af2ffc7dbf94d191cee92f163b937c0bef2879d4837f7024c3dbf1
004_common_gen_kth_last_k7_t1_rep2,304,4,kth_last,7,1,2,65,9,578,1672724734,common_gen,4,2,common_gen:validation:677,0,35c1ae20b133c1a5db219a696aeeb88c93052428187830ae708ba4a2dcc53b69,5213f9f125b56dc41e4de3087715fcba31668ac72724cbdba11ac9044ba0dc8c
005_common_gen_kth_last_k9_t1_rep2,305,5,kth_last,9,1,2,65,11,670,1166548901,common_gen,5,2,common_gen:validation:59,0,258c9fb8c42bd4c8f351b5006a1f9089368b0e7f56d18327260f8acab210aa7b,0653797f58688df728bb921ecf03aed947f3e96746e8c9170a9dd72e99584ad7
006_common_gen_kth_last_k11_t1_rep2,306,6,kth_last,11,1,2,65,13,754,1478633376,common_gen,6,2,common_gen:validation:797,0,a1de7872e567ba1961b482d9e36f61a6a121c866d0a15c02f1b18b53f2b5c9c0,341039a31a41fcd1f4fadd5f6e1af6148e558c3dd02ce3f58ae1ca8f4fcabcf8
007_common_gen_kth_last_k12_t1_rep2,307,7,kth_last,12,1,2,65,14,793,839306281,common_gen,7,2,common_gen:validation:914,0,803acf7f7cfec773a7e895ce002db1354c3b1261b43866feaa6306ae83a49e71,4fcfa33378b954c2e1abe320888d48c18b61d389a738689dac9e06ba295835fa
008_common_gen_kth_last_k14_t1_rep2,308,8,kth_last,14,1,2,65,16,865,1668076455,common_gen,8,2,common_gen:validation:972,0,c8a6179df4fa1251d82634b2cbcb72d5f537d9e1c16a2c7f9597188e8008421c,466f7e87a1c381719978c30796a8c58fcb1c95d6d6f736c8df088da0b607b1d2
009_common_gen_kth_last_k16_t1_rep2,309,9,kth_last,16,1,2,65,18,929,1784310185,common_gen,9,2,common_gen:validation:171,0,2c7e284090c5fe4e2365802a210fc4bb9a4bd2f2b8d6863e97523d58823ba4a4,2e9a091321ece1d9ebf48013433c93b4ba2a7965c6dd8d24412ac2edb1f73bdc
010_common_gen_kth_last_k17_t1_rep2,310,10,kth_last,17,1,2,65,19,958,1547818814,common_gen,10,2,common_gen:validation:126,0,80c5426c7eceb2f0f6fc8793224e94f3405ac2cb3f9d6737323725dfdff13da4,781b9cb1bfc2c7f407d4b86c598d465c4709005af61468f53318084d8e25a55e
011_common_gen_kth_last_k19_t1_rep2,311,11,kth_last,19,1,2,65,21,1010,729600490,common_gen,11,2,common_gen:validation:361,0,9b0439530f46a0e27a07022212704fc8e33afe382716c24a6ddf93d43705ae54,46d334cccd49c34467d08e02b8414fd0e31abdf9ca0ce3e511875ba47e5d5e51
012_common_gen_kth_last_k20_t1_rep2,312,12,kth_last,20,1,2,65,22,1033,1929346766,common_gen,12,2,common_gen:validation:835,0,ebadf06b0891d9718db49ac8ea6b2016170119c7da074b155d432743280779ca,1a348636bb47b1b9f35e1b166bd641194e6ae592622c880f51f385223ccaa1ac
013_common_gen_kth_last_k22_t1_rep2,313,13,kth_last,22,1,2,65,24,1073,1576972858,common_gen,13,2,common_gen:validation:141,0,f615d708a32d63c214739d1e44359ff88cf63e1e7afcac70e3b123b218fb56d6,09a87fff4d5d9c608e18d9bacf0ff5ff878ebc1b1f02b39fc3e01145a2635121
014_common_gen_kth_last_k24_t1_rep2,314,14,kth_last,24,1,2,65,26,1105,641986217,common_gen,14,2,common_gen:validation:150,0,6fd8eb37992087bfd6dcbbe96f660d38ef2597cf449a693a93759d779f310561,cf7dd780eb9c3ea697aaf3513042c347b965218a52c7c9ec420e8add616382a1
015_common_gen_kth_last_k25_t1_rep2,315,15,kth_last,25,1,2,65,27,1118,364483986,common_gen,15,2,common_gen:validation:4,0,bb8b9e1865f2f131838b4da8cedf7f38906278c066bc44feacf5e0a21c7803f5,bcc5b75f84123b6f4200e26036d4f3b5f7d2dc6c99ba4be32bb679940fab245f
016_common_gen_kth_last_k27_t1_rep2,316,16,kth_last,27,1,2,65,29,1138,2143483223,common_gen,16,2,common_gen:validation:561,0,4c74f92316baf36d096020fe10d2f2d5a7b54834e38c778a4184a0e7656b779a,e1ed3a3aee7ebd660ec3d23d2367dcb757cc9c13835602f154afebd82abaae3b
017_common_gen_kth_last_k29_t1_rep2,317,17,kth_last,29,1,2,65,31,1150,1757643343,common_gen,17,2,common_gen:validation:313,0,e16457fae42541f8b5df16d265e3de646e565a2c0b0cf326218c3911388064e5,42c3823a0042e2af8081955167d5ba3a943a923eab9a6547a78c5c8a7bfa6a74
018_common_gen_kth_last_k30_t1_rep2,318,18,kth_last,30,1,2,65,32,1153,979905621,common_gen,18,2,common_gen:validation:23,0,c3b18de5af493e629fc654b75b57907eef293ad32878d7a35fab596feaf1600e,9474192eab455487de2abbc1235d2cc6bf341484dd42d85f3d3adb92073d106c
019_common_gen_kth_last_k32_t1_rep2,319,19,kth_last,32,1,2,65,34,1153,1919803765,common_gen,19,2,common_gen:validation:920,0,7a5ac51d6667b41fd9d0a9f4d9d65931a3fc85f0f69fe4d354610a2144122504,13165334a35790e7fb64899ee1add64f5e5773b8cc74d0928dec7af0f392f322
020_common_gen_kth_last_k33_t1_rep2,320,20,kth_last,33,1,2,65,35,1150,991485594,common_gen,20,2,common_gen:validation:748,0,a4cc2513360031d92ea702f03c3c4714fe1e2c377466e4ef8b656c950c4c83ec,5f05adc5f39d666c3a478bc7770fad44f94e5091dedb988d8bb484fcba36e258
021_common_gen_kth_last_k35_t1_rep2,321,21,kth_last,35,1,2,65,37,1138,657660878,common_gen,21,2,common_gen:validation:945,0,7914b71c00ac74e3255633096bc21167c2afcb9175aac79ea27b3cad1d0096e3,8a5711645bcef2868569e9cae0f1232b8d13811f86b1486abfec2707e7047634
022_common_gen_kth_last_k37_t1_rep2,322,22,kth_last,37,1,2,65,39,1118,189588838,common_gen,22,2,common_gen:validation:309,0,4f3f7dbe32dc2854fdf8fdcb8faf3597c56e665d75ec980f8530d07d09b19ceb,5a922b398cdec18b9b6a33a48d7fc61ebc992b83913eb1cc398b9e8f9dd8689f
023_common_gen_kth_last_k38_t1_rep2,323,23,kth_last,38,1,2,65,40,1105,1384715305,common_gen,23,2,common_gen:validation:76,0,2d60f6aafa7225f71ed27e1e9e35b1868f9c4b3ae0fb4198ac6a7fa3f8c4e82a,45adce5c806682dc39d31cd07f25280715dc6400be99bd9390d8dc750a056c1d
024_common_gen_kth_last_k40_t1_rep2,324,24,kth_last,40,1,2,65,42,1073,174690424,common_gen,24,2,common_gen:validation:460,0,02efc9b521d2d16f6910fda5d5e61497a656fd6965ac097353b4b1e880d31986,f2555188c5c1d099304673c9d309683d4da9fae777827a05b20efd513ca0a287
025_common_gen_kth_last_k42_t1_rep2,325,25,kth_last,42,1,2,65,44,1033,767023149,common_gen,25,2,common_gen:validation:466,0,3bdcc7b6a585e61085736ff6a9699e7d11cd695a6bc48c61496582478eec1485,6403b4c69cae6c403c6ba8c69074dbf5ad64158c7332a66d9f3c1749ebe9f105
026_common_gen_kth_last_k43_t1_rep2,326,26,kth_last,43,1,2,65,45,1010,1718174226,common_gen,26,2,common_gen:validation:57,0,84908f5add2e60e04d10054b30ac571933c8423a69f02b508b6b2fb75e3a808a,2fbf0d8cbbc1487e95f7e3c2a37c815311670923a5e3b7fb6f554709b184d3f1
027_common_gen_kth_last_k45_t1_rep2,327,27,kth_last,45,1,2,65,47,958,506425993,common_gen,27,2,common_gen:validation:90,0,23a60a35b5bdb24fb66c99d5b0c68565f14a84d36d86f464e283f9c141f122e6,eae36a6576b21cce2f1eeb33f7a72ac5b01d8cc1c1fac545f15065f0dceef26f
028_common_gen_kth_last_k46_t1_rep2,328,28,kth_last,46,1,2,65,48,929,1114962707,common_gen,28,2,common_gen:validation:86,0,100ca9b0285c1acf976587e5622400e76e9b602da60a176b0a6720aaef1b6a1d,410063ae6e1d8f7e7397cbcaa2e9358be1abaedf419aae1e32bf53f9aa073aeb
029_common_gen_kth_last_k48_t1_rep2,329,29,kth_last,48,1,2,65,50,865,1257315079,common_gen,29,2,common_gen:validation:734,0,aec4162553cc4704590b93d3028491d7df03cfbd645797121daef286158f8291,6c862cfdb5ef64be30bf3b15166f4a9366bea9dcb00e8eb8988dd02d496d5cd0
030_common_gen_repeat_after_k_k1_t3_rep2,330,0,repeat_after_k,1,3,2,65,6,439,628534398,common_gen,30,2,common_gen:validation:983,0,21934bfde0f6a816dbb8578974f871c196208a2e6664c21408e27cea2aa0abdd,6613834165584dd0118e48539407074900f0e56e188e6424b62487c4089e9986
031_common_gen_repeat_after_k_k2_t3_rep2,331,1,repeat_after_k,2,3,2,65,9,618,1048564142,common_gen,31,2,common_gen:validation:437,0,41a85eacbcf3c95c4eb872e1a54b83eaf536d94e16f6f10c26f4bf6a7566b7de,604c339dbee7073f0dddd4eec51c3ecd26e156090d0fa4b88e198ce1771f6eb8
032_common_gen_repeat_after_k_k3_t3_rep2,332,2,repeat_after_k,3,3,2,65,12,791,1029870272,common_gen,32,2,common_gen:validation:697,0,e3d115ae8aaa20ae8f66b2e034b99d2abfb537efb9ee0bca08a8f437d0a8ca45,54eff430542b7407942c639f14998b62070aec5f662ab10885136acba95013fe
033_common_gen_repeat_after_k_k4_t3_rep2,333,3,repeat_after_k,4,3,2,65,15,958,163741365,common_gen,33,2,common_gen:validation:65,0,29c0278f957cc806236624186dcbab9cd6c7007eac32f55a361bdd552eb3cc09,65ec4fb8ad7037f81dcdd68681dc4cc4917c17c5a9ba933385bfdf49858ca578
034_common_gen_repeat_after_k_k5_t3_rep2,334,4,repeat_after_k,5,3,2,65,18,1119,465351110,common_gen,34,2,common_gen:validation:245,0,f9f1470e2f4407730678f001728a99e9551ee776aae81cb8983ae8200bf617cc,9b07e029d04de228c6918f68eaa3dcf8137227494d2553fff490d9fd74fcdb86
035_common_gen_repeat_after_k_k6_t3_rep2,335,5,repeat_after_k,6,3,2,65,21,1274,1243592523,common_gen,35,2,common_gen:validation:142,0,293b84a53c41698059618b5c57f05b9252dfee3fd7e08e38f83f1a57c541b864,47efb4a6555ed42d286c034feb98f998721e33ac8ce4be7c6d14a463339448f3
036_common_gen_repeat_after_k_k7_t3_rep2,336,6,repeat_after_k,7,3,2,65,24,1423,1188701661,common_gen,36,2,common_gen:validation:263,0,e2b3b6d67c30d1a6f771263f8f9632213a61349e7536f4d164909fa72f9aa601,410d133a7417ebd06f1593d2e65eb19daf42ac234067afc0b0b01de156d148c5
037_common_gen_repeat_after_k_k8_t3_rep2,337,7,repeat_after_k,8,3,2,65,27,1566,1974812883,common_gen,37,2,common_gen:validation:487,0,33e4264888b8e54834c21438a5b2322387cca9654f8899e61b427df1fec3f273,d4894ea70640c34412458e6d980302c310a125f031e9e4268cdb611558919512
038_common_gen_repeat_after_k_k9_t3_rep2,338,8,repeat_after_k,9,3,2,65,30,1703,1055991902,common_gen,38,2,common_gen:validation:156,0,7feca501bed2fa7d82ec729d8a3ec0dcbc014ba1cf0c1dec637e025180ef3e42,0d1336e18ae1c32b20bfb354c35553daf2f299849b359ed051e27fe37cd6e314
039_common_gen_repeat_after_k_k10_t3_rep2,339,9,repeat_after_k,10,3,2,65,33,1834,1167190548,common_gen,39,2,common_gen:validation:514,0,acc82ea62e9114dede3aa95be3b5bf7c955776cd1dc0ba78a2dc9b165186d7d6,1ab3c30b74a4499c6df71b44dd0dfb6cff866ce97e35e77e062381e9ac9fd5c2
040_common_gen_repeat_after_k_k11_t3_rep2,340,10,repeat_after_k,11,3,2,65,36,1959,52861089,common_gen,40,2,common_gen:validation:534,0,ff758b2e3c66fcffd117516b0da312f895a3c0d6fe550beaec3bfb7d1143aa99,8002a4c28ab4b6d563705b67bc6eff4bdc4b142877a8d626d9093835794f2903
041_common_gen_repeat_after_k_k12_t3_rep2,341,11,repeat_after_k,12,3,2,65,39,2078,1933704178,common_gen,41,2,common_gen:validation:168,0,7b0ba195211872080a59320f926ac2a32007b63365a5d1849d3a1b8a474c5762,d075501cd12908bd9bd955b0f117d7e88212b037247c2e490e9ad174452934a0
042_common_gen_repeat_after_k_k13_t3_rep2,342,12,repeat_after_k,13,3,2,65,42,2191,1540994113,common_gen,42,2,common_gen:validation:184,0,1fef044f3fe7fa0d4c04263218aed424e34150c90563616fee9e882962e81f9e,9d37e4a5d7ae6980571cbd7f147dffadbe29d1eb2dc559f298ff064a7d94671a
043_common_gen_repeat_after_k_k14_t3_rep2,343,13,repeat_after_k,14,3,2,65,45,2298,1533466906,common_gen,43,2,common_gen:validation:363,0,53218ca5e9c67312f8028d9fde747b86a7f27834a309590c6e031355f95ecd52,9d738d31997c838588bdea7f7d801840ae694af964067397a40540c75e22370c
044_common_gen_repeat_after_k_k15_t3_rep2,344,14,repeat_after_k,15,3,2,65,48,2399,1561444631,common_gen,44,2,common_gen:validation:383,0,415cceb0e5683a4397ea4ed57cb799845252a6d71092881407d449d5f0acf0a4,4275fd71d467ae64d69377be23347afacf3ea5b244a434df1195ddc3285c91e1
045_common_gen_any_token_at_least_k_k3_t1_rep2,345,0,any_token_at_least_k,3,1,2,65,5,370,1795768787,common_gen,45,2,common_gen:validation:576,0,200a9b3b8eb1b3aa3f3e27eda4302b71e3a4552962f1fa6d075d647540fc941f,57cf48faf1465aea0db1821b8b1a76d25d6ef4eab2bd6d0e6ba392759c96739b
046_common_gen_any_token_at_least_k_k3_t2_rep2,346,1,any_token_at_least_k,3,2,2,65,9,555,949640223,common_gen,46,2,common_gen:validation:979,0,913f85a3f7cd119c792ef4436da2d9e27609df0491dede09e58fe31e69cc0525,997e7150c7d0bdb3dc375c9910dda201fdf00d7f3ea680e959e9aa6b1b91fb94
047_common_gen_any_token_at_least_k_k3_t3_rep2,347,2,any_token_at_least_k,3,3,2,65,12,740,2001366225,common_gen,47,2,common_gen:validation:208,0,6857a20726711d63ddecaf8c189a27647f6a0b131b6088dad06cadc8df64c7dc,f4fa0adfc397e7751807172ef164b5b80089ac291fe3125e2e38de73d8153607
048_common_gen_any_token_at_least_k_k3_t4_rep2,348,3,any_token_at_least_k,3,4,2,65,15,925,615849880,common_gen,48,2,common_gen:validation:575,0,5edb3dd313d7307af63f8bb7ee883900d64bc1f650754b7742cdd533da1e875e,6138523d824b8dc83cafbbecb316dd3c7042c182e5c56ebd1f19010a13c38703
049_common_gen_any_token_at_least_k_k3_t5_rep2,349,4,any_token_at_least_k,3,5,2,65,18,1110,2058249495,common_gen,49,2,common_gen:validation:508,0,970336fd5f137372be1a63e2b6da1e1e0cd99b44a168b87cfc713d017c3ff87f,ee925822248f69e34eda5d00848185202acd64e8e223d3dca35c3ed1eaad97e5
050_common_gen_any_token_at_least_k_k3_t6_rep2,350,5,any_token_at_least_k,3,6,2,65,21,1295,2086866059,common_gen,50,2,common_gen:validation:827,0,a482d4f0218e4291235d4882a4c8f772044d5809293ef4d532ebc5cff60d1f81,c2d281cc68a8d8d906e97b95d1788a9d4595c21c1198b5745b5ac885c045a7db
051_common_gen_any_token_at_least_k_k3_t7_rep2,351,6,any_token_at_least_k,3,7,2,65,24,1480,176816165,common_gen,51,2,common_gen:validation:191,0,201a3f63fa562200cfbcc9334c02f3c49bcd3abded9d7bdcab795a123e5a2e42,64bb5c9e4f8cbf5a20e659d6241b6260db12d2ef73611ef38c2d82761ce9476c
052_common_gen_any_token_at_least_k_k3_t8_rep2,352,7,any_token_at_least_k,3,8,2,65,27,1665,1906890849,common_gen,52,2,common_gen:validation:324,0,1a6dd48e90fd445bf034148d862dcc91310b845b15a555bc06be81d2f8119706,36085a233cebf902d22959b7ec81a50de77fff3de0431493909bce0e74f65489
053_common_gen_any_token_at_least_k_k3_t9_rep2,353,8,any_token_at_least_k,3,9,2,65,30,1850,1555676554,common_gen,53,2,common_gen:validation:817,0,d1ecc48abbecf9dfb1d49aa20a6e8b0533d23295576c98d0cfcfdf12b2fac513,6a778bfaf28285459dcee046f972b2a45a2481bd73eebd8afcaabeca532fb8ea
054_common_gen_any_token_at_least_k_k3_t10_rep2,354,9,any_token_at_least_k,3,10,2,65,33,2035,1781890543,common_gen,54,2,common_gen:validation:647,0,f53bd1e7a608229b0b938c8071a70f9af1609d5f56d956eb899ca4389afa10b2,e39c1d51ee797274ea78b78832a37f26182a1518e64137eec1fa0a1aa4d92656
055_common_gen_any_token_at_least_k_k3_t11_rep2,355,10,any_token_at_least_k,3,11,2,65,36,2220,463344614,common_gen,55,2,common_gen:validation:406,0,d68e7480be336d74c47a7724ea817418fe243d3d1c61294339ce468b561a1f5c,04815f72ab07dd859e945abd2e655a7698494f9b4edafb15a2a1196433efb7db
056_common_gen_any_token_at_least_k_k3_t12_rep2,356,11,any_token_at_least_k,3,12,2,65,39,2405,385744462,common_gen,56,2,common_gen:validation:984,0,de7d2829eac545e779f65a619d4f894f024cf1a2c7c3ee996cfb18e3968b5739,1495cd023d637e09796b378d9a22fa7c6a7c8d26fc50679fe14227237773db96
057_common_gen_any_token_at_least_k_k3_t13_rep2,357,12,any_token_at_least_k,3,13,2,65,42,2590,908054129,common_gen,57,2,common_gen:validation:192,0,5a20a1dc2d2c29c13c8d094cb0b6a034a2516f16b0ad97a78a0d0f71af1d6a6d,a4582e167cf0a7587582c2c9047161af5011459b7097d7135c8b0f946433be62
058_common_gen_any_token_at_least_k_k3_t14_rep2,358,13,any_token_at_least_k,3,14,2,65,45,2775,176478806,common_gen,58,2,common_gen:validation:886,0,e0da75d1a604a2b478fae9ea4aa82bdef12f3b62fbb2aa8d317e7dc1209e782b,e4c453f6a54934705784b30ccd0097927dcdba55ba859ff7e34fe7033a59c815
059_common_gen_any_token_at_least_k_k3_t15_rep2,359,14,any_token_at_least_k,3,15,2,65,48,2960,1242587590,common_gen,59,2,common_gen:validation:404,0,f206b21d7b60b235c18bb29992d26bcc154b5efd78504427a2deb58f26b26d71,27dd2361464dae19e6745d5f4208325436a67f2bc12a424f6c727de36df74b90
060_common_gen_exactly_once_kna_t1_rep2,360,0,exactly_once,,1,2,65,3,254,282243418,common_gen,60,2,common_gen:validation:811,0,b56cb33d5f27b5ea0a6e71286f65734a1cc81286bf42dbb4f263523e5818e0b5,8e5d7d906fedf849298a4df63bc3b7d70b6f6e8c4ba31e657a763bf4289c9c5d
061_common_gen_exactly_once_kna_t2_rep2,361,1,exactly_once,,2,2,65,6,381,656331716,common_gen,61,2,common_gen:validation:956,0,5df5b0bad4ba7da8e1461043815abd59a5fadd0d9aed5723cf99282b84e3b5b1,3b16f1c3e2e1edf59124622fb6c2f063b213fc66b2ca01e5c11962700ce0520a
062_common_gen_exactly_once_kna_t3_rep2,362,2,exactly_once,,3,2,65,8,508,722300856,common_gen,62,2,common_gen:validation:307,0,006eaba7e9cad7697e46d056e343f3e9389d04489d6cdc856413f2beb0048486,b72ef4c274fa30e02833f4234e8fd0f61deb13301a74dfd94233a695a557897c
063_common_gen_exactly_once_kna_t4_rep2,363,3,exactly_once,,4,2,65,10,635,181118886,common_gen,63,2,common_gen:validation:32,0,0692b8638adda02db7d33aaf9e3ffb8df74e176134e9cc98f75bc947fdfa50a0,ceed7a67922c4da2a312ab534f8fe3e64121c5f34e0e352b3820bfa908d77973
064_common_gen_exactly_once_kna_t5_rep2,364,4,exactly_once,,5,2,65,12,762,365506664,common_gen,64,2,common_gen:validation:602,0,acd81a8a10a322dc037853e1a3006fe62f4242153eb86094cdf83da046045baa,06a0edb18d553f8e31b4040fa339d8cd179af4e96959d7a652371c49e6513663
065_common_gen_exactly_once_kna_t6_rep2,365,5,exactly_once,,6,2,65,14,889,611466864,common_gen,65,2,common_gen:validation:99,0,ce56f8766fe0c6f856a608825b5c66fcff660cc832bacf740459161918c9e27d,2ec9613b35df5f19fcba0dc5353984fc083a2144b015447a2cb0e1a30565b3a5
066_common_gen_exactly_once_kna_t7_rep2,366,6,exactly_once,,7,2,65,16,1016,1209463343,common_gen,66,2,common_gen:validation:109,0,abd4549db14bfb629a3d6fefeb033b52777b262213b43dec7d22c1bfe1ec5e64,cd082c0fa2aef33d8298df5c1bb42f418414b45ea4f96cf7b899929c289702a7
067_common_gen_exactly_once_kna_t8_rep2,367,7,exactly_once,,8,2,65,18,1143,1229890557,common_gen,67,2,common_gen:validation:650,0,e4eb44acadc864bc4ec04bc2bd501219ac55f03da280f8290b71e91fce63691e,fff45a2409881f050d928c43c4b754a8482eb1051917384cd4e51de728d5f8fa
068_common_gen_exactly_once_kna_t9_rep2,368,8,exactly_once,,9,2,65,20,1270,282671048,common_gen,68,2,common_gen:validation:579,0,f1ca19f9386c28f9a0875656f1491bec0692ecbbd0ab71583cc704debddb73c4,50d24c6af93f30445c681d231d06e7a439330c8c700eb6c6ff9efd64b3c2bcb1
069_common_gen_exactly_once_kna_t10_rep2,369,9,exactly_once,,10,2,65,22,1397,1008574528,common_gen,69,2,common_gen:validation:253,0,46d0bc7cf386bed812d81a8024d96ab43ec331bb30a48d7d93bb01d8cb057a99,173d2aa6a3428c77a50cf6854a5e5326b7c9f86fc01fc89a4475af40f51a8669
070_common_gen_exactly_once_kna_t11_rep2,370,10,exactly_once,,11,2,65,24,1524,244599645,common_gen,70,2,common_gen:validation:590,0,aabb86c650c9d611aa228b0128bf7e6f0def2e68be4c06ad59ed6cc7e25ee509,aad22c46e0a6a4ea966e2909944e71fbf6f8dae389771035a12d37b9275ac2b2
071_common_gen_exactly_once_kna_t12_rep2,371,11,exactly_once,,12,2,65,26,1651,981889957,common_gen,71,2,common_gen:validation:931,0,32d75f905bc6718c92948b90ac46a34a978959b672d88ae26d503f57e7e879b5,2a1d9929962d51f0bb390422a23d0cebdf0487c0112f50474d56d3104e2bd230
072_common_gen_exactly_once_kna_t13_rep2,372,12,exactly_once,,13,2,65,28,1778,887125123,common_gen,72,2,common_gen:validation:671,0,115dfdd192b382d6a44766d7b7afa7301a85a7083ee0801c7403bb459887c7aa,8dc5f3f2b477374cbb34dff3b2671308c23e4de165db2f275e2ac74084b88670
073_common_gen_exactly_once_kna_t14_rep2,373,13,exactly_once,,14,2,65,30,1905,2042561789,common_gen,73,2,common_gen:validation:763,0,b70b8663ccedc161770e216e7659b55852bf42b6ab6e8334508b3b9701c77018,b9cb911c4a9af1447cde9a6ef0a18e36e716218df98b96966a910d2085f71327
074_common_gen_exactly_once_kna_t15_rep2,374,14,exactly_once,,15,2,65,32,2032,1009687096,common_gen,74,2,common_gen:validation:305,0,5fc3fb42e869f1c6fc19d63441a9e574ce3ff54c44379b08439a540b1abb555b,d2a2770d9782c7c13aa98ee12c7e495bf1f98deed0a320ab6d9ebb205720430b
075_common_gen_exactly_once_kna_t16_rep2,375,15,exactly_once,,16,2,65,34,2159,2106063584,common_gen,75,2,common_gen:validation:806,0,451d329415f58bfaeb8c2e46f2b537c4529a2e8d27505f01b467b336e707687b,c21f7be0a90632fdc5e8c22b341dcb8fec17ca3828ef92b54fe11984339d032c
076_common_gen_exactly_once_kna_t17_rep2,376,16,exactly_once,,17,2,65,36,2286,114612613,common_gen,76,2,common_gen:validation:787,0,a66f5cabd5d9c29919b8e9b5e115d739123242e0a3cba47dceb85a5dbd4148c7,cada0045849023d50dc70d95030d33cf4692cc3373811bf00154f7316b2a0a72
077_common_gen_exactly_once_kna_t18_rep2,377,17,exactly_once,,18,2,65,38,2413,1938070736,common_gen,77,2,common_gen:validation:777,0,197972fe29028ce728648d06cc3960119665abb0b3eeec8a424c810e11e67b9d,ccc38011ff5896b858c462595d3c8b7f9b4dfd1c958b87526c1235851fbe4cef
078_common_gen_exactly_once_kna_t19_rep2,378,18,exactly_once,,19,2,65,40,2540,868239826,common_gen,78,2,common_gen:validation:308,0,41ea0cd67630fa8f0bbaa522ffd703ecf05e4d24e814d2dcf893ca3dde9ca3ad,d202549501cc59222319c09fb60c4c2c9b89e9c73011b66b0ddbe2eb74b0a449
079_common_gen_odd_count_kna_t14_rep2,379,13,odd_count,,14,2,65,30,1905,2010497757,common_gen,79,2,common_gen:validation:807,0,9ae02d218c7d3f10ccc059dfacba6536ca3360964a51df6f2fd2c383e591622f,262208f8fd9b6f6519ddc100abb80043cacbd49907a48fe62dfb748fd7d770c0
080_common_gen_left_not_right_kna_t1_rep2,380,0,left_not_right,,1,2,65,5,313,2133090076,common_gen,80,2,common_gen:validation:527,0,d827aac10dcfd0b91359558c23cde60c64a7ceee7ba5458b5ed4f6061efa15a8,53271df3b2c59c05869180b3f22ea9fb20ce5b99d1a1878d0d20d32a7661b109
081_common_gen_left_not_right_kna_t2_rep2,381,1,left_not_right,,2,2,65,9,501,1651005495,common_gen,81,2,common_gen:validation:845,0,923e917d110e7bfc6a764492e7dae47b5c98ff13d632f70b42d05e845ff4a056,74a279109d99f36df20499dee97d9adbeda210dc6e4d5e20d0df9cd2dd8f8075
082_common_gen_left_not_right_kna_t3_rep2,382,2,left_not_right,,3,2,65,12,689,473415857,common_gen,82,2,common_gen:validation:600,0,f11820686d6e409d7c78628d192fc81fef92f0d86c10748fdb1f581d1d6a18b0,e7f338c9c73a1c7ca4f61a5ff45a6f3c432458654d80044ed4b5135fb9286d2d
083_common_gen_left_not_right_kna_t4_rep2,383,3,left_not_right,,4,2,65,15,877,245898394,common_gen,83,2,common_gen:validation:442,0,cc168521641ab65e6e32f7e30a4fb1d3079edb6e2155d9978b75a36a6c1c8a53,cd459753e03b6d28218b27effccf542c0a0f57ece35b57e4bd9931c092c78d29
084_common_gen_left_not_right_kna_t5_rep2,384,4,left_not_right,,5,2,65,18,1065,1222662817,common_gen,84,2,common_gen:validation:283,0,6f9d24dbde6b9b71990e755bec1f805df0b6dbfbc57c8fd714ceab151386e851,166aab47ff7a74f09deb8613c1838f776f074e044ff7368e7a1ea5b77fb9c18a
085_common_gen_left_not_right_kna_t6_rep2,385,5,left_not_right,,6,2,65,21,1253,200412175,common_gen,85,2,common_gen:validation:491,0,3aa95875962333256e52ccafa1213b30667325246dbe8df49c42bb1a92bdb955,f8db7a6163b8bdb03fee7556fd3a7ed7e591b515673763420336e94882dbdcb4
086_common_gen_left_not_right_kna_t7_rep2,386,6,left_not_right,,7,2,65,24,1441,817763088,common_gen,86,2,common_gen:validation:147,0,c665d6ee8ee73d1d6b5577825387e26c53160b8f34d1a547b732aeffa48eaa5a,5d539e9fb3ff07080ffe109353441ecd1a343ef1535567d695e94af2b0ba7f5f
087_common_gen_left_not_right_kna_t8_rep2,387,7,left_not_right,,8,2,65,27,1629,1928741190,common_gen,87,2,common_gen:validation:791,0,2aa3fd1b9fc6b5977a25b8c39259dbec6649a0cf45a21464d324019ead3f75bd,7e2c33c883c6ae355b8a9b4402ebc86d3f73dd60a052483dbe1b09aeac216583
088_common_gen_left_not_right_kna_t9_rep2,388,8,left_not_right,,9,2,65,30,1817,1858096094,common_gen,88,2,common_gen:validation:554,0,9f8522cb9fff4b7c853767c8a1e64c00a9f1bee4ee28968afbe32d5e51ee74c3,5384bc3c65c19ab5a29cc0c3264f473642f95c664d7bbb72ff008db51b038aad
089_common_gen_left_not_right_kna_t10_rep2,389,9,left_not_right,,10,2,65,33,2005,674314899,common_gen,89,2,common_gen:validation:555,0,f74ce6be695320097d1e6b2620c830a179ece3d1a328e03cdfdadc03e31de7d7,94c1007bffd0d3a3442ec6840527ef6e2213fdfba073a6d04ad6e33e441ce61c
090_common_gen_left_not_right_kna_t11_rep2,390,10,left_not_right,,11,2,65,36,2193,824147810,common_gen,90,2,common_gen:validation:246,0,0eec9ee542855dde4e7bf2476d6a5ea00e3bae97991a300a9665b68f33d2e33f,91ab7f20a7b9539823bd31eb8c8983e3cc13695a822dcecdc7041688a149b30f
091_common_gen_left_not_right_kna_t12_rep2,391,11,left_not_right,,12,2,65,39,2381,172984755,common_gen,91,2,common_gen:validation:684,0,87f8ea7ed3ecc0783381f92e2b04ea3e22eb640513e2436b0c41260287a54705,c022ee4a7890626f136c05ab914b681426ba7d58dea29cbcb208e754b87339e8
092_common_gen_left_not_right_kna_t13_rep2,392,12,left_not_right,,13,2,65,42,2569,1006175999,common_gen,92,2,common_gen:validation:908,0,9535c03d047d06d31b10a3738148ff64bd267bd255e2c35a9812f9f742c7dde6,abb4d1693c9db92145b3886ad419a7b69f0171ac496211640185c86e4a2ce3d6
093_common_gen_left_not_right_kna_t14_rep2,393,13,left_not_right,,14,2,65,45,2757,1019939731,common_gen,93,2,common_gen:validation:537,0,f2a19119bd1eb2a222a9c2b169fd3fe2207055e3624289e201da4a0d50e41e28,488562d356e4ce9f61d2e2536a94d04222f409063ea3f51e223d93a8898e2a52
094_common_gen_left_not_right_kna_t15_rep2,394,14,left_not_right,,15,2,65,48,2945,227435103,common_gen,94,2,common_gen:validation:48,0,7eeb554df289d588562dd051af388158f4f8621f549039eccd765e9d9a755bf0,986e39000e9aa274df91bf62461a4b1ff5d20b1ef44f01ec19fa0e9a914da31e
095_common_gen_left_not_right_kna_t16_rep2,395,15,left_not_right,,16,2,65,51,3133,1634804747,common_gen,95,2,common_gen:validation:812,0,5d6f688c8f9c66c615aab1a6b11c71416ec6eb396f8cac735392d87ec8b129bf,025844a7d6f989c6968b6f8af11362d6228e88e4f55c21927f89bc33e34e0de0
096_common_gen_sets_differ_kna_t1_rep2,396,0,sets_differ,,1,2,65,7,439,1859123528,common_gen,96,2,common_gen:validation:907,0,41262b0e5822f21f22814c0b364ecd438c1e88e583d5bd9a153e9236fc148b04,ba8a3763df64ef5586911346631cb298d4ec2d545cbf52343ca2d729299ef55f
097_common_gen_sets_differ_kna_t2_rep2,397,1,sets_differ,,2,2,65,12,690,1673063274,common_gen,97,2,common_gen:validation:110,0,25a6cc9c6abaee56984a2fb53a3a3f7df3b04cc0d4772a549ea5a5541b6c22cd,8cecc2b15d34410bc472e1dcca56027f7e46716f1df30067447dcff9ac486251
098_common_gen_sets_differ_kna_t3_rep2,398,2,sets_differ,,3,2,65,16,941,976309744,common_gen,98,2,common_gen:validation:864,0,7cd6c4733e8e0587e06d2b9dc4cc86c14ae2594a26513e9354f730f6dc2ac879,9aeb5f6d7cbb68ca3f99b4ca60591bb449a1144b3cc395a31f3fca096ffc47fa
099_common_gen_sets_differ_kna_t4_rep2,399,3,sets_differ,,4,2,65,20,1192,938168580,common_gen,99,2,common_gen:validation:380,0,07215302143dadae17bfdfb5863a32fe2f77c6e3c09ecedc1647f5f674f61af1,d291a85b43e3d4b05be6f8e4ac7ef2be00a387f3a4e5cc43d8bf89f451a57c42
100_common_gen_sets_differ_kna_t5_rep2,400,4,sets_differ,,5,2,65,24,1443,1828469491,common_gen,100,2,common_gen:validation:453,0,374760b2263544e48af80b2db9c57e148b87c4dd5427f31991d42166eab0a587,65cd6568fa096723a32b476188be662c7b7e675043f13e255f686b639fd2e62a
101_common_gen_sets_differ_kna_t6_rep2,401,5,sets_differ,,6,2,65,28,1694,48054248,common_gen,101,2,common_gen:validation:673,0,41ce62bb6287c9728d2126631d298e78e7e773e2d176b7ce14b5b25b68eb0b80,f299b198f6ecc0c4bb41efcd21ac8bae7f09eebdc6232c13b3bc8e0e383f73a0
102_common_gen_sets_differ_kna_t7_rep2,402,6,sets_differ,,7,2,65,32,1945,572630654,common_gen,102,2,common_gen:validation:888,0,9f8ceeb9f43aa35066e8148d43a67ccd97a40ae90a1f3e34701a385c450abaf0,352a5476cdbe4e65c70c9becf267fda1121cdb64b97aff2f4f9596950c0cf840
103_common_gen_sets_differ_kna_t8_rep2,403,7,sets_differ,,8,2,65,36,2196,1365137604,common_gen,103,2,common_gen:validation:240,0,5abb1cb41033c99127f879fc8073a56dabb433f7872e629254e29adf0ae074d5,0af0b1d998fad2cfb6b1934baef58a99cd72abe05304f97bdd210366f6b133c8
104_common_gen_sets_differ_kna_t9_rep2,404,8,sets_differ,,9,2,65,40,2447,1526593342,common_gen,104,2,common_gen:validation:976,0,c7e30d57027e7540c8f735451391ea5bbc2a7c6be383845628fc6be1ed21fa88,2e3c351f20b84f2787aeaabe27038ab7b6a5cdb5a83be7915a915b204f1205da
105_common_gen_sets_differ_kna_t10_rep2,405,9,sets_differ,,10,2,65,44,2698,1739885609,common_gen,105,2,common_gen:validation:818,0,b73ab17316fa9422a1f55c0a3dd35e096d2331ae4fb0ff321543da01844ee1e7,5b7dfeb46356d8ec65ae74faeefa368ed8c256112ceb4ea645d69154ab9bab1b
106_common_gen_both_sides_kna_t1_rep2,406,0,both_sides,,1,2,65,6,370,51305430,common_gen,106,2,common_gen:validation:69,0,a5da1f89cec8d38a64f03083a6e9c0f556c831028ddbd80a48de24a438d4712f,bfa04b11a43977d14c5b28061fad7c4415d3ca9624cd67062606ed7f2b2842a1
107_common_gen_both_sides_kna_t2_rep2,407,1,both_sides,,2,2,65,10,555,871591343,common_gen,107,2,common_gen:validation:556,0,494fa0776e36e5b84fe39b9482836e7755a9ece1b92e957e3ad0675f0971f08e,bd13bbfa4c019fff7b29138b0d7d9e374652cfa4ae51bbd62a5ede4616e2ca77
108_common_gen_both_sides_kna_t3_rep2,408,2,both_sides,,3,2,65,13,740,173730257,common_gen,108,2,common_gen:validation:154,0,11e005da60b68abdc4fd6db9751d4c6a792544e16245a9c00fa0b7b83d53f8dd,4adbf378c80ed6a6026d78862d545ca02d442b2a7daaf99fc025d581d5909b3d
109_common_gen_both_sides_kna_t4_rep2,409,3,both_sides,,4,2,65,16,925,1605160701,common_gen,109,2,common_gen:validation:552,0,68ac722131109129a3d28749315a96473a42ca0058417f01d7071bbf25c964a1,4c662350adc1e8ab046621027d9ef14ae73df5bb4c1a1c5678e5992ecc549fbc
110_common_gen_both_sides_kna_t5_rep2,410,4,both_sides,,5,2,65,19,1110,1614795441,common_gen,110,2,common_gen:validation:859,0,99fb5bb2578ad46e214d6a1a4ea8ee0ab816634a93b2ad16544f179ddf4341c9,dd36c366ce4ade0f3da9f24b8549cda7fee8289a157af5e3c95a95694e5f7af6
111_common_gen_both_sides_kna_t6_rep2,411,5,both_sides,,6,2,65,22,1295,1848551698,common_gen,111,2,common_gen:validation:98,0,ae6202ec1adee33f995022fb4d0e2229d4b38158ab32c3188863c37891cd8d62,27814cc5a99b56ba2d38f890e93f4ae237584f19df81ce40d4f3cbfc889984bc
112_common_gen_both_sides_kna_t7_rep2,412,6,both_sides,,7,2,65,25,1480,352329145,common_gen,112,2,common_gen:validation:298,0,e283691887dc3107c8571e4d920f40375697d0058fc4798f019097e8f464be13,ecffb5bb4c142eb5d370b97ddd4a4a7836960095c16f343b13b0f19e829ffe9a
113_common_gen_both_sides_kna_t8_rep2,413,7,both_sides,,8,2,65,28,1665,1962849389,common_gen,113,2,common_gen:validation:284,0,593f29276c988c84094a01f94338e1ec5c1ec3b0b13963bd7fd94f133c1554be,0eb21ebb6304a10ad4544bbf7fdfea166fb5502e5b7939e7c56469d419771dcd
114_common_gen_both_sides_kna_t9_rep2,414,8,both_sides,,9,2,65,31,1850,1187597341,common_gen,114,2,common_gen:validation:281,0,731e7a60953cc7c0f0e02e40bf252ab9324b6289420380339ce4eedf93bd5149,9844283e7cd3126b5f2d498f06d246a265f247d9bd49c2e6b14b59e788248819
115_common_gen_both_sides_kna_t10_rep2,415,9,both_sides,,10,2,65,34,2035,1971654649,common_gen,115,2,common_gen:validation:736,0,2d569310a1500c8eb19e72ed78648e2db7aa68b8e05a751c2262f5d44b3eb20c,124956e5a91be221e5db32eca4297d5cc9170d470b02fca410cd03514f311399
116_common_gen_both_sides_kna_t11_rep2,416,10,both_sides,,11,2,65,37,2220,1939924676,common_gen,116,2,common_gen:validation:446,0,6ed47c63705a8f70f7c71c12291b7a97bc17a82590b28cdc7d06bedb135e572e,908af35457e3a2a9f6902ff7f790f82b398c9192bb6344ab2433fe137b28af92
117_common_gen_both_sides_kna_t12_rep2,417,11,both_sides,,12,2,65,40,2405,659770294,common_gen,117,2,common_gen:validation:740,0,89f80a6dc571bcb59fce97467400fa4fd9e3af25520490b0c81223ee607a07e0,4bc163855089011c2335616c3dbece6d4cdf53e76ca49000bb2e345279de5fd8
118_common_gen_both_sides_kna_t13_rep2,418,12,both_sides,,13,2,65,43,2590,1160402031,common_gen,118,2,common_gen:validation:531,0,0c3e715f9fe2974a4906ada46c412cdf9f51ca6defd29f2780613ad0033b1694,bb01827d88ff7c6a730d3370aa4bed70c797716fe19796e9cf13c22ab062345f
119_common_gen_both_sides_kna_t14_rep2,419,13,both_sides,,14,2,65,46,2775,1487259393,common_gen,119,2,common_gen:validation:686,0,692267d68345887e1305a01a716846afe0a8ff3be0696f99bb785f40e0f27646,c8e236f0ad5a1aec7c4805c68ce01a0ee26cc660131dd6eb38417e87d04f7877
120_common_gen_both_sides_kna_t15_rep2,420,14,both_sides,,15,2,65,49,2960,863296311,common_gen,120,2,common_gen:validation:572,0,3df466ed42966731821e02cc923abae0d89dede9566180d120d5d7588f5c334f,2ab299e166cfdd874e89092e668762c1331acb513996612e7398e43c738ca6df
121_common_gen_even_count_kna_t1_rep2,421,0,even_count,,1,2,65,4,313,1484544343,common_gen,121,2,common_gen:validation:632,0,24ac89c2279f7c1820d02610108dc4550b50bbd49679d52e243fda88536643eb,04e715c2ff9e4fb5f35786f71fad9941695e31af685ce0418aa10b542c85746d
122_common_gen_even_count_kna_t2_rep2,422,1,even_count,,2,2,65,8,501,38642501,common_gen,122,2,common_gen:validation:202,0,8edc188a01b6d364db8a79ebf12db2be4e602cfed31d1746fe7938d2a797952f,2743c9f235f7c46d6b324ef61356b6d0513edd85379b459b3b7143aba1227fcb
123_common_gen_even_count_kna_t3_rep2,423,2,even_count,,3,2,65,11,689,1786006800,common_gen,123,2,common_gen:validation:30,0,f33ad3668c3ab17c2ef84247240c2635e1d6fa91c94c2ab1181cf6e2033afe34,3c585839cc81b62bd973d75c8d9792ba472ca19322a8ccd0a0e4ca86276653d8
124_common_gen_even_count_kna_t4_rep2,424,3,even_count,,4,2,65,14,877,1263411190,common_gen,124,2,common_gen:validation:89,0,239e02f1ab68ea4c13eea575f17a805f74ca8821863d721ac2816944c9c7115f,d9cacdaaa155ead0edeaff53811d81a683567cc7abb3869d86bedd5a3dfa6360
125_common_gen_even_count_kna_t5_rep2,425,4,even_count,,5,2,65,17,1065,1756175381,common_gen,125,2,common_gen:validation:765,0,c1ace0efda8f971b5eceef8153119b44038dfca3a911b5422ab0780133e4071c,eb85175a4888dd0f42eb411c032c5dcb9500bb69a099f90f19332beb9df482db
126_common_gen_even_count_kna_t6_rep2,426,5,even_count,,6,2,65,20,1253,661951391,common_gen,126,2,common_gen:validation:128,0,efad8cd1f408f1ff35a036fe509d69a9fec127c248f7babd9b7ef13025fc38ea,2c1ede54796e21d9d88fa3a791472cc25b5c8321e8d7f3e0e9e19db56f2ac2ab
127_common_gen_even_count_kna_t7_rep2,427,6,even_count,,7,2,65,23,1441,1733346817,common_gen,127,2,common_gen:validation:236,0,27dc0c6a8c89afacdc2671e7bda3b09804659f5a525abf6a143b445c870c1aa6,420fdf50c129e26b57e1bcc57d79621bd6bebeffc455e2a730fa786a6d4b1803
128_common_gen_even_count_kna_t8_rep2,428,7,even_count,,8,2,65,26,1629,1204271954,common_gen,128,2,common_gen:validation:865,0,6351e3d8498155a013b3dfe1bf94f5db5503b0c152c9ae12577b9bcf0d783037,df85102614443411b5ef54aded944f911b106afcc886b4e5c6368563ba1e7bc5
129_common_gen_even_count_kna_t9_rep2,429,8,even_count,,9,2,65,29,1817,1931760024,common_gen,129,2,common_gen:validation:505,0,243d2cd14def5c2f1592ecda3f2bd76dc346b978c1236a54e0edb7a1539b2d5a,c9fbc17081ebaf105b0e56060c11af5b6d0aec97ca7556d622c16ec08fcb82e9
130_common_gen_even_count_kna_t10_rep2,430,9,even_count,,10,2,65,32,2005,342282746,common_gen,130,2,common_gen:validation:329,0,1dfc70312935991069c7732bfbb384de283d9a2633606be272eedf46dd77a5a1,162f09aa032e0b7fff4165b6b033d6b721e6afed50b6aaf219ccf8ada811ba20
131_common_gen_even_count_kna_t11_rep2,431,10,even_count,,11,2,65,35,2193,2092919450,common_gen,131,2,common_gen:validation:714,0,649a5797085ff58f8877a268c4bb1e6481f3172162856eaf23d7a400196b7844,6fc18386c7f42266f14b4ee720a447330c5e28d4b21941e8d12d691390889d2b
132_common_gen_even_count_kna_t12_rep2,432,11,even_count,,12,2,65,38,2381,397082772,common_gen,132,2,common_gen:validation:731,0,a35849ded678600a8cfd9b8d75bd56ef5ec9fc8e83a5ccffb51c4b2351472675,3e08e8e94986dc0caa9dd3dcba6bfa0a78aed3511803e76c71ababdd686a61e5
133_common_gen_even_count_kna_t13_rep2,433,12,even_count,,13,2,65,41,2569,2125877062,common_gen,133,2,common_gen:validation:965,0,e388743019af8ff6a8edae28100d3873147551868480e4394ead4faae0b31b39,15e98bc1408f5ba3d9b2486c965063144b34185dfb4898895aab660b9e97c8c4
134_common_gen_even_count_kna_t14_rep2,434,13,even_count,,14,2,65,44,2757,401422673,common_gen,134,2,common_gen:validation:463,0,766baced5236c314485027ca6e267e1abc9727527dd05ffcf33444de583ef69b,a0b602829ca4ae10c404cfb8817435794865aeff7d4c74a672ae53d6ad1e05da
135_common_gen_even_count_kna_t15_rep2,435,14,even_count,,15,2,65,47,2945,934690135,common_gen,135,2,common_gen:validation:645,0,34df61fc13a74d15d12aebb7ea939d44b3e39c89f4e8035e94a3b087420882c8,2f7cd4e73f5e29100f6b8b6a63c3eeea06326ebaa4ffa5ddb9c9221701361317
136_common_gen_even_count_kna_t16_rep2,436,15,even_count,,16,2,65,50,3133,1263600558,common_gen,136,2,common_gen:validation:12,0,5f6ee90db44eb5119ac235e64cda4d03e8a7d619effd1811a236f608518911ea,6c314896be5d6c8d74965d9bab877a9f79ef0fdea6677c609f1b3477b75e7038
137_common_gen_odd_count_kna_t1_rep2,437,0,odd_count,,1,2,65,3,254,582900007,common_gen,137,2,common_gen:validation:320,0,9700c238d5de42503625d85174f693e60795aa6878b16d1a6fb408e206815cfc,0db8a95b2b5d320975896e519f19ca566d55a732cc6dd4160e9591b20c39f591
138_common_gen_odd_count_kna_t2_rep2,438,1,odd_count,,2,2,65,6,381,1648646265,common_gen,138,2,common_gen:validation:779,0,6d67c99ce835d729e88aaa6f347078c9e03d7cf9fd37150d9d14a3d10495f2eb,a4087ff11990049cca1671b32c55291fbd4576ad12eb20de997d32f9911b274f
139_common_gen_odd_count_kna_t3_rep2,439,2,odd_count,,3,2,65,8,508,1576209688,common_gen,139,2,common_gen:validation:47,0,893d923ff904ab80ae690926642e4ba68d48331a947b19d146d97dc12ca9a27d,35b9bfb9731532b1ef6ccb9dd67e8f7b4a7a09ea75e1e836298f91d16c817a2c
140_common_gen_odd_count_kna_t4_rep2,440,3,odd_count,,4,2,65,10,635,607940089,common_gen,140,2,common_gen:validation:944,0,6e9b25d0d48bd141e94a1f97bb388d84c901daf7d469ed99b50cea3b06d5fc3d,e58585fa1b991fac16e4c5dd0f03a24a46709048082fa4e9a22dd91e267b2e83
141_common_gen_odd_count_kna_t5_rep2,441,4,odd_count,,5,2,65,12,762,2034089868,common_gen,141,2,common_gen:validation:198,0,5075aec8101902fd311b631bca01abb33671953011df084cf5b51a59756661cb,44b1cb6c58d688afa1d4c5e9c694fdec7b144a73ede3b98578385b67655ac1f4
142_common_gen_odd_count_kna_t6_rep2,442,5,odd_count,,6,2,65,14,889,606851912,common_gen,142,2,common_gen:validation:783,0,2b61f45377b27d4d41184d34e10ee545c937fc1ab6ccf6b9d932eb8c2f6edcf9,634374f30b730a1f78b81ce40ec2a726df6d94324cf9dc001a2d68728f1478be
143_common_gen_odd_count_kna_t7_rep2,443,6,odd_count,,7,2,65,16,1016,1159581501,common_gen,143,2,common_gen:validation:704,0,830a59f2483776b816743b15739e916acd3ae0e30fd8459932e73064f79eba2d,027af3845deed5558d9bc9c4128648671ac160cae93124cf20c22cf917446cec
144_common_gen_odd_count_kna_t8_rep2,444,7,odd_count,,8,2,65,18,1143,196679307,common_gen,144,2,common_gen:validation:353,0,24ad64d49b620f19dcff7a9716e8ccf8f0e5de87f1978ad9f1e6d2e9ef611f3c,03dd2d7dd55a68007459fe7c8a0d0156dc13a3fe195cd84a925928f7112764e4
145_common_gen_odd_count_kna_t9_rep2,445,8,odd_count,,9,2,65,20,1270,1557827992,common_gen,145,2,common_gen:validation:21,0,e7b352d515a40b4be05b7f53769daa849cfc0a58cc669b6002c80a3fc25f3b89,eb390aafc48ed26c113c2c5d75375455d069c2a126481edfc1a8016fc98a88a8
146_common_gen_odd_count_kna_t10_rep2,446,9,odd_count,,10,2,65,22,1397,127712770,common_gen,146,2,common_gen:validation:165,0,60ae424432ea8bce0c2624fa2ffdeb9fed2f4644bb8498a274fb2378969b0b12,711bdc39f9f0124579d4e2d96f56a61bae3e01a78bbec26a9abf82c159c01242
147_common_gen_odd_count_kna_t11_rep2,447,10,odd_count,,11,2,65,24,1524,1471650866,common_gen,147,2,common_gen:validation:840,0,86be7854c9e8d839217644d74d39d0dc1976c29cc2b7bc169957830105482785,ade1a0b29313f728d3fda1f6c4ddbc17d786bb0425d55ff47391da4792502f05
148_common_gen_odd_count_kna_t12_rep2,448,11,odd_count,,12,2,65,26,1651,1910866874,common_gen,148,2,common_gen:validation:662,0,f637b1e5ab2650c33cb536ea5d961b9f6a7eb0cd746361244bd23435b732f114,04b3914bce9252eefda9fa3ea609609642c8fd9ae4fbc679a97e3b471ba76090
149_common_gen_odd_count_kna_t13_rep2,449,12,odd_count,,13,2,65,28,1778,1398258987,common_gen,149,2,common_gen:validation:678,0,79fa02c05cf9a65327c4761e7141a0edfde2da2c751cfc83aadd9721667faf1a,468d06f9c3f39e145bdd0d3e93f1bd45567eeea0cdd77f4bf796da1a64701d5e
150_common_gen_right_not_left_kna_t1,450,0,right_not_left,,1,2,65,4,313,370030228,common_gen,150,0,common_gen:validation:61,0,3bb134135d3d1ecd36d732c66a5392a40340974fa95c6ea451da006f2da863dd,5bd910001b9049abbd0ad9d0961511e63c5b02a9eb43c7d4ea2a73fd17caada4
151_common_gen_right_not_left_kna_t2,451,1,right_not_left,,2,2,65,7,438,1117270615,common_gen,151,0,common_gen:validation:431,0,c3bbade75988ff3442922085a61698feadd2b34411edc55824d5793df86b5ce4,58ffc75f64cb53fd6d4c74448696e9f57e280e5690fe6a67b29d446892a1ab6c
152_common_gen_right_not_left_kna_t3,452,2,right_not_left,,3,2,65,9,563,1034326056,common_gen,152,0,common_gen:validation:87,0,2753d47ea7ec1543620d3f4ac20809c8bccaf1344e2a8be7acbd847ba7bf3957,3884e4da2cd4cf0203c4d90930d9fc262ce257f91a10c64d202c51fef0e41270
153_common_gen_right_not_left_kna_t4,453,3,right_not_left,,4,2,65,11,688,625321808,common_gen,153,0,common_gen:validation:331,0,e4040ee5c2128fd00e025d07d435de10bfb6eb271ca24cbb72dfb316442c9c45,9257514789276e6bd2478e8ffc79d1c27751a742c9eecd2687156a63cbdf1ab2
154_common_gen_right_not_left_kna_t5,454,4,right_not_left,,5,2,65,13,813,1604733787,common_gen,154,0,common_gen:validation:330,0,c72e1d41ba0e941e0dd00d2d61b9eb2a26fc951253136d3409b1169cd9805de8,3a8be49c87dea9c5d2871d939de0d597feda7067506ebac7864b9c889c4d22ad
155_common_gen_right_not_left_kna_t6,455,5,right_not_left,,6,2,65,15,938,1851511355,common_gen,155,0,common_gen:validation:235,0,b2e38600a611f44b334b9a40e7b758186e75a29f32b3bfd35a0cd46443e05537,1d2e21246c9c7e0679d2892ab384b919e9dec49d73930724b63cf05738b2a7f7
156_common_gen_right_not_left_kna_t7,456,6,right_not_left,,7,2,65,17,1063,1366285325,common_gen,156,0,common_gen:validation:13,0,4c7c290a2541f332b0aea5d664738173718117ad69a3972b7cb2f36820e57c84,7223b561bcc69497f240101c3d2a131f0bbb0d479ac71b8f6c825a2df91df220
157_common_gen_right_not_left_kna_t8,457,7,right_not_left,,8,2,65,19,1188,867788967,common_gen,157,0,common_gen:validation:344,0,38ccace3016467b6d90708560d9be34458f36af5e18eab8ae0ba4e268d9b48eb,9e9b596805d6adf9a83b5b8a7d23ea2ca40a41ddb92cd85cdbc248fab028f4cd
158_common_gen_right_not_left_kna_t9,458,8,right_not_left,,9,2,65,21,1313,1994658488,common_gen,158,0,common_gen:validation:193,0,f8a2c8129ccacda64df0b9ae5d6128daf485a5e1cd5d728072626b8c561be73f,ab856b7e44a466d499295b3baca5dce923e18154a65da7a5bd08a83df894acce
159_common_gen_right_not_left_kna_t10,459,9,right_not_left,,10,2,65,23,1438,463148287,common_gen,159,0,common_gen:validation:834,0,4d1e30f4c28c2acc433cb82fc67d628983db0f07f73ed1dc85550e0633ea8d8b,ce3c35c178da76ff5cea67b18d488d262adcc4d30676032b30afdabab300227d
160_common_gen_right_not_left_kna_t11,460,10,right_not_left,,11,2,65,25,1563,520143440,common_gen,160,0,common_gen:validation:516,0,9b75bdffe4865e2807de22f9a2626b03b4431082e19a0495e736db9093b45399,b6c5eeaa805a25e28f86c141b1be632182c42e044946cbf5baf69fc04e080672
161_common_gen_right_not_left_kna_t12,461,11,right_not_left,,12,2,65,27,1688,964103042,common_gen,161,0,common_gen:validation:56,0,fd50656eda9ebd0f8c4f3d2b77091595202f658e4087e153a80c74e49248cc39,26e07f70781cab27ca1053ea2894584cc9c88c889fe23a591854c9b1337ab6c3
162_common_gen_right_not_left_kna_t13,462,12,right_not_left,,13,2,65,29,1813,1708088686,common_gen,162,0,common_gen:validation:649,0,8c9ca185f4f99f9d9fcf14ca22d4461e70bdf94876a05a881bb956ef17439586,a1fd23e15c455122ce0f36cf7d9ec5c54535686d49aa9b5fcd01940b402f91a7
163_common_gen_right_not_left_kna_t14,463,13,right_not_left,,14,2,65,31,1938,246571988,common_gen,163,0,common_gen:validation:639,0,5a11b1fe72873de7e1f9114bec904efe1d262d6a6ca130c1356df074154d5d4d,e95c45e6f823659b47cd04e87e3b41dc348ee2c01ac0e25366d04d479b48fc20
164_common_gen_right_not_left_kna_t15,464,14,right_not_left,,15,2,65,33,2063,1259191692,common_gen,164,0,common_gen:validation:928,0,8ca53a8a1e3cb9d52150197561b72f356a10f7f1e9180756d549c861be2eba86,6874fc277f822a7257f8441c5e0797901a7fb2111037ca083a2c4f7e94d38dc2
165_common_gen_right_not_left_kna_t16,465,15,right_not_left,,16,2,65,35,2188,35710196,common_gen,165,0,common_gen:validation:799,0,4a027f99cfb040b4e4b204a01080fec12803cbcefb6c8ddabebca0135ddad9cd,f907e86021ef5c0acc9163d5565c641ac04224820f503dad85404222c29bb83e
150_common_gen_right_not_left_kna_t1_rep1,466,0,right_not_left,,1,2,65,4,313,806123932,common_gen,150,1,common_gen:validation:103,0,0d4e9c93cdd5d42dac94de2ad55ee915fd9ad36103857a68f0d3719de28524ca,a3eabdc72dbd0a59a777be1b033a5bdf16e7ade2a5e3c4e9d1cafd4b073f5adb
151_common_gen_right_not_left_kna_t2_rep1,467,1,right_not_left,,2,2,65,7,438,1806795738,common_gen,151,1,common_gen:validation:986,0,446c0004b28ef4e67d1b2aeab6f135624c6938df9a4e55ad0d6b6c7113a79de6,57d6813644dcd70eec452536d9a563cac823464fcdb8a1543bcb65767feda54c
152_common_gen_right_not_left_kna_t3_rep1,468,2,right_not_left,,3,2,65,9,563,1715798320,common_gen,152,1,common_gen:validation:966,0,466f1ef225846ecd4477b0403d353f021d87bbaee5cae2161e3b737fac6830e1,061a4e5c5f33138f7656e7529415ead27b8ec1346896542f8acaeb3b97f20e5f
153_common_gen_right_not_left_kna_t4_rep1,469,3,right_not_left,,4,2,65,11,688,1810150347,common_gen,153,1,common_gen:validation:861,0,505cc20363084b4c6de4fd68afa9ef63a0540e9173631af4510194b597ef9c7c,ba081ce9e63831ea8944ba01530379b5ff3d7efbfb0309681ad137fa0c7cc260
154_common_gen_right_not_left_kna_t5_rep1,470,4,right_not_left,,5,2,65,13,813,1725636772,common_gen,154,1,common_gen:validation:222,0,538890cb62008f929f7a5a365895a6df7606bf13ffbccdf1ac9b34726ee0bc89,2bc92f81058cec4b690e5b0d42e33b47e7be077de0525fd66790979fa6d0eac5
155_common_gen_right_not_left_kna_t6_rep1,471,5,right_not_left,,6,2,65,15,938,1304672721,common_gen,155,1,common_gen:validation:381,0,aff8a9da6fdd064a700359f8ae4e926a3876bad90296f61f726d08bcdbc0d4e1,89f4c188c1fc290bd55b9056c4bcc17a5cfae47fc6d3875f3d3f90b813f3d34e
156_common_gen_right_not_left_kna_t7_rep1,472,6,right_not_left,,7,2,65,17,1063,1847576502,common_gen,156,1,common_gen:validation:467,0,797f11786ce5a877eaebc9e2f967b2e2d2a5ac1304c48b3e4383c524b461fe5a,956b800ba17d6a4343dd142d2dd1d428564dc18970c5170ad7db7756d0b48b6c
157_common_gen_right_not_left_kna_t8_rep1,473,7,right_not_left,,8,2,65,19,1188,323622681,common_gen,157,1,common_gen:validation:377,0,a9038dca2a8c13730c49e9281da3e329765539124d1a725d3a5ac7139bf24a3f,d59b41e14b31d534711a6ae8f392db4bda9b521fbfc8ebef7393e89290e281be
158_common_gen_right_not_left_kna_t9_rep1,474,8,right_not_left,,9,2,65,21,1313,1427472718,common_gen,158,1,common_gen:validation:88,0,e471f01aaee2cfd3ebc08bd69bb9f3460c5391eb44ba6767636da93c43efde14,e12ebd5f38b169c536b9cd2401bc98f211d92a6ff3798731880d61b5e22b09a7
159_common_gen_right_not_left_kna_t10_rep1,475,9,right_not_left,,10,2,65,23,1438,280967001,common_gen,159,1,common_gen:validation:705,0,dee07478f552c7e188f48694244fefcaa1731c006152b0c483424074d0bb8da4,435d5bfcb74be394c0717ba59b1de5f22f5d17d4763eb157548a0202db4e4303
160_common_gen_right_not_left_kna_t11_rep1,476,10,right_not_left,,11,2,65,25,1563,119820211,common_gen,160,1,common_gen:validation:371,0,507dc20f93601aae19529b98f4688e9b757e9cdf4100638080e5dfda417558ee,f73f1aaceff3956c0c0ae73cc49f60fe30a08febef745e0de750eefaee98d03b
161_common_gen_right_not_left_kna_t12_rep1,477,11,right_not_left,,12,2,65,27,1688,817578808,common_gen,161,1,common_gen:validation:772,0,c784220e2a141bdb62524df7e15c036bd5a636867ff25aca8d5c4fe73647e5f2,ab8fd53ab44a2931184a12a21dd23bf0a99afffda011b0f3760cda28f0c706de
162_common_gen_right_not_left_kna_t13_rep1,478,12,right_not_left,,13,2,65,29,1813,1303865603,common_gen,162,1,common_gen:validation:123,0,aa487f87237e0b0d6a3ec4327b2796f9c7439ab2f831bd38a2298fac2d797512,bcc91376a6cff1e421dea4bd4b4108493e83e21bd905148394c7417f1ce5f020
163_common_gen_right_not_left_kna_t14_rep1,479,13,right_not_left,,14,2,65,31,1938,1012729022,common_gen,163,1,common_gen:validation:234,0,af7d80c8abb4ed27477f982f9face6c96acb33b37403f17c4f55723f1ef12540,ab8aa57d92aef3db4f2dc8f71b134fd9ec023b6dd08b34e9c97caa4f21203bc6
164_common_gen_right_not_left_kna_t15_rep1,480,14,right_not_left,,15,2,65,33,2063,429832398,common_gen,164,1,common_gen:validation:581,0,421d8acbee071be2649fdb2a946a62604a68c4b6955624214799bf41a45a8444,0b5e9c225550ac0ba392a0164907f17740d506cab1a9b4fe78cbeb43afb43042
165_common_gen_right_not_left_kna_t16_rep1,481,15,right_not_left,,16,2,65,35,2188,304188434,common_gen,165,1,common_gen:validation:760,0,a19dcc960ff649d8f54960b450be0cbdb2dd375b293cde96ca9da840ac7b2227,7fe8cb70a32fb90d128417333fc8f029d7bb9438ee8c2d5d9a9834c3b1ac8ff6
150_common_gen_right_not_left_kna_t1_rep2,482,0,right_not_left,,1,2,65,4,313,899577775,common_gen,150,2,common_gen:validation:212,0,160a0b60356ab16c43aa6b0943a4ffb466b896c8d082958cde9457280b114b08,a52010016467e25c4a41c65618c2b2e50088afa5673ce9cab479f12ef07c2836
151_common_gen_right_not_left_kna_t2_rep2,483,1,right_not_left,,2,2,65,7,438,755169484,common_gen,151,2,common_gen:validation:769,0,1756fe72f4cf8dceaf815492af536e556fdb4600c5b7bf7f326321cf6a604de9,95113610006c6914af446047d2af1503af365de119ca9f216f8b2c6f5bfcd9a0
152_common_gen_right_not_left_kna_t3_rep2,484,2,right_not_left,,3,2,65,9,563,717281809,common_gen,152,2,common_gen:validation:535,0,ea9dcd14a6cc1aaf0faaa770d2169cbf019c6ea378130698969d20bfcb37ad18,b972b00979b194cef4451a96f707532f2cdad2e5b87e963479789182eab01cd9
153_common_gen_right_not_left_kna_t4_rep2,485,3,right_not_left,,4,2,65,11,688,62059944,common_gen,153,2,common_gen:validation:132,0,c091f257274868c9d28613ffb2539da848641e1c7096c2edbdb1f51e52cdbf44,3590fc8b1302c0db77119f35f7bff5036f8fd6765d4fad64bfe4e70b2f5db76e
154_common_gen_right_not_left_kna_t5_rep2,486,4,right_not_left,,5,2,65,13,813,990332911,common_gen,154,2,common_gen:validation:403,0,05f98cb0a273dca02ad307dcb9814e57900a0329454836637b39af9556611b57,fc95a6b5b273e49ec97a23919bfe759502ac31920094b3ddd07f1e128a46660e
155_common_gen_right_not_left_kna_t6_rep2,487,5,right_not_left,,6,2,65,15,938,879180340,common_gen,155,2,common_gen:validation:916,0,86b5c0885c155116b9c51f1077a1fbf4005c0d3021facc4ac79cd71a73a22db6,bfe6c987439d9e0824362b0da1b3908b551d8233c0b5447e3f09e0299e6f5186
156_common_gen_right_not_left_kna_t7_rep2,488,6,right_not_left,,7,2,65,17,1063,1320651895,common_gen,156,2,common_gen:validation:0,0,1f8e97926dc2e3c9951c7837369303efca725cd596ba3c999416775aa6ab03da,e6eb18ed6825b4b8f008c825751f1ab8bf0820a531a2714318c621ff103ec9ed
157_common_gen_right_not_left_kna_t8_rep2,489,7,right_not_left,,8,2,65,19,1188,590011412,common_gen,157,2,common_gen:validation:961,0,9bd8ca93f1f84b21662b3dda5df6b62bd96ab3069d96a833219b830d105a3394,1fd5d3a59ee070e939a9817790c145b5e4f019506b6649b5172439f8cb0e54de
158_common_gen_right_not_left_kna_t9_rep2,490,8,right_not_left,,9,2,65,21,1313,142799686,common_gen,158,2,common_gen:validation:259,0,7c6c8ce7512570595fd8adf89e6db0522c41d536786245fbb92bb99490c184db,12ff58c5973e78cba68d8d7951ece0edea8208805170fa559712241735855866
159_common_gen_right_not_left_kna_t10_rep2,491,9,right_not_left,,10,2,65,23,1438,891142208,common_gen,159,2,common_gen:validation:851,0,704cfd9cd59cd4572783ee657273745637c65411ed5f01ecba9674d33cd47d23,8647089e2c4d12c20cba4ca9a77e7303f8818e981b2e8302ce732e70aad894e1
160_common_gen_right_not_left_kna_t11_rep2,492,10,right_not_left,,11,2,65,25,1563,423118537,common_gen,160,2,common_gen:validation:1,0,d38a8949576b19b7df5ba7c84c266751ca746a3bfc993cfad1ef6ce7434639b4,1d9ef7d31cb6fa1ef55a29cc6ed3d50774a456cc5092bb89e0a30565b9366a76
161_common_gen_right_not_left_kna_t12_rep2,493,11,right_not_left,,12,2,65,27,1688,1286922299,common_gen,161,2,common_gen:validation:866,0,7948c4866bb176d7eb2db6be3e874f4e122152a5842f45a615903a21a20acc54,2a6382df32bf2fd47c2b7d94830e87d209619dd2cc566dfa9129d62597e02b06
162_common_gen_right_not_left_kna_t13_rep2,494,12,right_not_left,,13,2,65,29,1813,1250834707,common_gen,162,2,common_gen:validation:570,0,89836bb440af84fd293b866ac26e5f87df76888db02c3c4868c1319998c013b1,d24475372cbe04e7c85438bf5ce982f92059ad5b9c2ae3ca985d70dadb293a05
163_common_gen_right_not_left_kna_t14_rep2,495,13,right_not_left,,14,2,65,31,1938,1622041741,common_gen,163,2,common_gen:validation:651,0,1c5be8b14c26ebd22e1003c634bf870211e3101307d548271a28acaad39fbc19,95f06f59b39a22dc190c7d9285c1c813b05e21a5c6ace301317cfc9a3227ddbb
164_common_gen_right_not_left_kna_t15_rep2,496,14,right_not_left,,15,2,65,33,2063,360390010,common_gen,164,2,common_gen:validation:696,0,ca5bf45076daad5d7d0420ae839fa973ea8285bb4d9ed5263cf7369f4b4e82ef,dcf1849d94805ba590c52cf36b0ad7ea3c0bf27aa6c4b9387b7e93878abb6706
165_common_gen_right_not_left_kna_t16_rep2,497,15,right_not_left,,16,2,65,35,2188,408980636,common_gen,165,2,common_gen:validation:922,0,a7222b4bd18f152bf8a75f8dad14a900a26bad44aac9fbc243c6a420e77f8e45,f1719d8b03784be9294a00991695767e2f67711c39e2ebc40f1b4796b006c629
150_common_gen_right_not_left_kna_t1_rep3,498,0,right_not_left,,1,2,65,4,313,502386995,common_gen,150,3,common_gen:validation:588,0,c747154b8f7f3927df19220da804ad66c4b32bbb27debea635f473bc0e3c9f8a,816a290268fe072b305c182e9f2a44cd8ad38878d4065bb26ad3b7803f188992
165_common_gen_right_not_left_kna_t16_rep3,499,15,right_not_left,,16,2,65,35,2188,1302747975,common_gen,165,3,common_gen:validation:992,0,b9c5552c838bd673f9adfa061d39ee39932682838a04c71cdd953bd14069e4ed,232aabfe520996274647507c909e39d54ce2c1c12b43ac8099fa95a683a133af
