job_id,design_index,family_index,constraint,k,t,n_low,n,nfa_states,unrolled_states,seed,dataset,structural_cell_index,replicate_index,base_instance_id,multi_token_keyword_count,compiled_constraint_sha256,job_sha256
000_coauthor_kth_last_k1_t1,0,0,kth_last,1,1,2,65,3,254,1491181096,coauthor,0,0,coauthor:creative:d85ddd25fd5641a78bc996b77c55e82a,0,61028b941b9f309beb9908563ae06c9ed269b0988a61bf197ccb432117896f50,33aeaaaa7ed49c96937bcbdfd7b91ebacb87004c39d3cc790a4d4ca665559050
001_coauthor_kth_last_k3_t1,1,1,kth_last,3,1,2,65,5,370,1899553348,coauthor,1,0,coauthor:creative:1ff18e51f2a1466f97bb3dbfbaf98ba6,0,812baf0ee3f32656ad996c15dafddcb5c3c3176a652854470b5b23d71de7a958,1f851da1732d484cb28e4628524219efa74fe10dc967fa23679dc77685a6316a
002_coauthor_kth_last_k4_t1,2,2,kth_last,4,1,2,65,6,425,1302744492,coauthor,2,0,coauthor:creative:23b998c76c784ff29f0ddedd78128722,0,383bb9603c8327dfdb055983ee97667f8e57a114ba409b7b63fefba2f30905c8,9b11d3de386908d7cf7cb32e152675b5019bb72419792699181bb515d6f4c9cb
003_coauthor_kth_last_k6_t1,3,3,kth_last,6,1,2,65,8,529,1308401230,coauthor,3,0,coauthor:creative:34f5ead6ffce44cfbdbd9cd0ef47f0c5,0,dfe3c475411ae58505668dab004b95e9db98888b154355e4a7937d6cb4091de5,58ee3b35a515fce369630a104bc0050042002c31ce0a23f5495cec55a3673284
004_coauthor_kth_last_k7_t1,4,4,kth_last,7,1,2,65,9,578,1573029600,coauthor,4,0,coauthor:creative:c793fab594334531a25d19557c0f5ee0,0,02a1d934982f5815febb240ec4f7022992f50e623ef6737cbdd494f113657232,7e9c4388ac6e0e3ce37be8c4ddb1ca9047cf2116d8511fb0beac622564838e8f
005_coauthor_kth_last_k9_t1,5,5,kth_last,9,1,2,65,11,670,70697510,coauthor,5,0,coauthor:creative:b6936e96569b4b878e78370c516df55b,0,468434ca5bbea2976d4ca9f2243ee431770b1281b26fc9bfcc13eebad1f03759,d04f12dcc03acf088bcc14a91292b34591684ce46b6e2ef0d3d015e932f60475
006_coauthor_kth_last_k11_t1,6,6,kth_last,11,1,2,65,13,754,771436552,coauthor,6,0,coauthor:creative:dcb6bb7ac50740b49deae5bf9a0dc942,0,aa5191f938cb8435ecfaa2026f1b4213bdd5a2b33eb191363e524ab6947a19a0,687cd4f4745cfdfe1e0cc133d8a26c1a0f772b0c577e1a7db201bd229ac81d97
007_coauthor_kth_last_k12_t1,7,7,kth_last,12,1,2,65,14,793,1709702330,coauthor,7,0,coauthor:creative:86b1e2101c3141988dd27079e6963eb7,0,c042a47381c81287c04e9160a7dce3752e05823fd12e7454fbd5d395b1ca5575,d404eaa9ce3ce6dcccafa90c7022fe517239f3b0802d1cb2d64661faac11cc58
008_coauthor_kth_last_k14_t1,8,8,kth_last,14,1,2,65,16,865,2001624439,coauthor,8,0,coauthor:creative:fe0fb4892ea749c7a67b12172793c3a4,0,feb73da225f632becdffea2d2fbf00767fb17dc0842c527ed060190a4b107270,308051ba890e95690d89f7536d4b2cf4a01829fb6fe79b3f47204e0dfd0cc589
009_coauthor_kth_last_k16_t1,9,9,kth_last,16,1,2,65,18,929,928504667,coauthor,9,0,coauthor:creative:7b3266e380274b95b5a7b775dd937da6,0,00f18dc2dc6ab8b16dff72f8215d7c74bb2b4ccd4eb6e7b3bfdc2be55d6f7cd0,7d67d50c373f657d1bd92a5e8d56455553035f141dd67b4e4a5ef4d44136d9cc
010_coauthor_kth_last_k17_t1,10,10,kth_last,17,1,2,65,19,958,763842738,coauthor,10,0,coauthor:creative:0ce718a22fd341feb59ef4f7aede8827,0,b5a492699cad6f6b69d81cab0561967c35123defe1781bd07fa5a5bf66043214,c942efd6c86172d41f30e90eb66391ce68278ac9b71829d18d13d3796bfb58af
011_coauthor_kth_last_k19_t1,11,11,kth_last,19,1,2,65,21,1010,2050047378,coauthor,11,0,coauthor:creative:aa563d648ec34088a3e6d3924b53cffe,0,d0bf31a2c87fa9d08728aa2c3a3daf7f519717e11f88f421bc94d570e04bb0cc,65e34d01c15911ba8a7041ad65eaac3265d4f16f653531a831f4036de663c3de
012_coauthor_kth_last_k20_t1,12,12,kth_last,20,1,2,65,22,1033,1997180275,coauthor,12,0,coauthor:creative:f02fab15925149cf9daa0f299d54f587,0,f327a2add9ab1ce9a10061e44c531f11cc10ff95c7012c8422e40a272bd97b54,f395965549b01298b6a79973a487af65f50a12bf6c275f6dc4f5fdfe023ad88c
013_coauthor_kth_last_k22_t1,13,13,kth_last,22,1,2,65,24,1073,785059014,coauthor,13,0,coauthor:creative:499f9577962c4a2c98aee3f5b6098a71,0,1df8749dd8b52182cdd7333efcade46f4965d0934b97c5131b70b3ada1b068fc,4acf6790730228a4ea4e1a3f9bb1d2c9acce79f593a9fcda7bfe34e765cdeca6
014_coauthor_kth_last_k24_t1,14,14,kth_last,24,1,2,65,26,1105,628780060,coauthor,14,0,coauthor:creative:b1eb87ade8f7495fb7167d0270816ef7,0,a5fbee7edb68d854b3de9d5b003f0815323c704698ec0270593d81a9e152bae3,efdd38ee453015f7fe790855307d0a3008312976df3812f6c44739cc3500f1f1
015_coauthor_kth_last_k25_t1,15,15,kth_last,25,1,2,65,27,1118,590217029,coauthor,15,0,coauthor:creative:7e9c3c8fbe1f4a02bcb9940a2bf95d9f,0,63932f4c6383907b1253fb92f733ebeba3e2c7205d7a28831aa151178e7a97ae,05cdb426247fb9a2b83ea69216d4e09145714a76713bcd756562e78e51572e55
016_coauthor_kth_last_k27_t1,16,16,kth_last,27,1,2,65,29,1138,748230345,coauthor,16,0,coauthor:creative:f44e4ed0828e40abab5892a019e11dc0,0,b0b20ae882c0bcc2a3d8eeca67b3ab8742feb9ae00e696206704f89a592b2b66,427c86677dea13be9c7d4f68d60964ca80a9533f581755f3a915e33ac21541d5
017_coauthor_kth_last_k29_t1,17,17,kth_last,29,1,2,65,31,1150,1276025991,coauthor,17,0,coauthor:creative:bc89dc4ac2a04f3aae685f619bb0fd24,0,1ece1216969a79a2e78c75fa574a155f12a5cead62f32da7186e7461200f07c6,b4c0e0be50459ba868a14add63fa114ecdb1d61c2d107394b0351f71d36495af
018_coauthor_kth_last_k30_t1,18,18,kth_last,30,1,2,65,32,1153,1435139929,coauthor,18,0,coauthor:creative:e192ae618004434e80f6d9ac86b84b05,0,fa6aca364ce9a3f034bacdc1f25131704ba4c82ff236953181aa03e0a11c053a,8b1bf7259cee1a3cb9d4365860503ed1824e5f6eb3746fbb6f004b43b30e62bd
019_coauthor_kth_last_k32_t1,19,19,kth_last,32,1,2,65,34,1153,1620468441,coauthor,19,0,coauthor:creative:2ce71b3ded9340529f08b8ce0bc0a2d1,0,80d2a2d356397e014fc336785a64bfb80c424abe14117d63158b1b3dece21c46,b8fe47f0aaf91770cbf67de2fd99dca1a8f63ccb1540fb62d7ba86f53139351c
020_coauthor_kth_last_k33_t1,20,20,kth_last,33,1,2,65,35,1150,1548175453,coauthor,20,0,coauthor:creative:4d56ca2cb8c44243a3c86dd80216c1d5,0,6ba57681448ff1800fcd7a54b68d6f9418da03a17808a958db7e8a58e3d78d04,1d4957b2c2221c6552bcbdfd37d6670677720633f36432e2ef295163fbec03de
021_coauthor_kth_last_k35_t1,21,21,kth_last,35,1,2,65,37,1138,1349028788,coauthor,21,0,coauthor:creative:15225b481e3e4c4dab5c641b940b59b1,0,4fe688e9286ddf59318d5832be38ec766953081ff05012fd598f95c00628ce9d,84524e5d37f659a1da7cc9a186cef73eb5ccebed11b984c66e3398146d251d95
022_coauthor_kth_last_k37_t1,22,22,kth_last,37,1,2,65,39,1118,1398474462,coauthor,22,0,coauthor:creative:2848a799f11d4a41b15f5c91dd89eff2,0,e802ccf4f2d2ea7b2935d02bfd3c3f2c38a059dc5ab475abe6325ee5f96e998d,9e4b2baba21ea0d8716116498f87f7273b9899b8992c47d0e9aef5a868077dbb
023_coauthor_kth_last_k38_t1,23,23,kth_last,38,1,2,65,40,1105,696601385,coauthor,23,0,coauthor:creative:84b6f64b8ee84162927b65fe69374fa0,0,8ffc3db4ae6ac9616700b4dbc8d6802f8e735d936a7d4f37d786edde2ca8dd03,6b9932b9778472e23a3b42741a371428a92dde608eb304dc5139c9f7f66f9c48
024_coauthor_kth_last_k40_t1,24,24,kth_last,40,1,2,65,42,1073,1964352443,coauthor,24,0,coauthor:creative:128bf2d6121a4542ba5779b2811d8c15,0,28335441990483914c0ec2d9cf1868532ce8929a3bfaf4ed57b0abe3e15cae0c,f5b01920d23c64bb5279bb216f0357e9f1613838914388b1aa69f51f251bd063
025_coauthor_kth_last_k42_t1,25,25,kth_last,42,1,2,65,44,1033,888846517,coauthor,25,0,coauthor:creative:c7d83184f9f34ae9a9d55b0ee9176856,0,9a3201d8f8ccbe523fc93f4c3f6e27ef8803eca22cdde88100638a93ccb0aff9,2af3a020c2b43946fec2c85cc82774fa8fca5a4ce9557dbe79548715054834d0
026_coauthor_kth_last_k43_t1,26,26,kth_last,43,1,2,65,45,1010,452819898,coauthor,26,0,coauthor:creative:98ec7dfa3aa04e69b9eaf765d6134943,0,6b51aae0a49181fa2303896b54d5cdec59741fe12c31bff5ac13a5748ebd5f66,f8e8ce5393846251f35a245d68d3983bc82dfb12bfbfbacf8d555247e5c7f569
027_coauthor_kth_last_k45_t1,27,27,kth_last,45,1,2,65,47,958,530905720,coauthor,27,0,coauthor:creative:f3e888eebc91402e9a4b5266ea5c6389,0,f3a0ba2004068422d2e0ab1f2fc7ff9320da22a42ab4e912d1f51c6ca651b1ac,8cf166e8b465c1f00a6ea26fb2425dcf6cb8066a244672a93611b10f31f4d7d6
028_coauthor_kth_last_k46_t1,28,28,kth_last,46,1,2,65,48,929,1857979001,coauthor,28,0,coauthor:creative:aea2e89578b3408983027d4f02ac76e6,0,51463b08ba86559f581a8c95be4e2ff63a5ea42a378f0d822533aadd554a6a65,052894658fb5847432f32a1c3e0c84e740a017f1f3293d9eb985bfe1ef6304b4
029_coauthor_kth_last_k48_t1,29,29,kth_last,48,1,2,65,50,865,1451756060,coauthor,29,0,coauthor:creative:d2938c7114bb4f228ae7e3e801e2165b,0,5d82dccaf66a7a7850f1cc01407ad4d743aee2b69f0477692bf727d2f1251b77,da1f98b719a7b7314036aba2efddfd8278d587a9fcd75b4669836baffa1f8c02
030_coauthor_repeat_after_k_k1_t3,30,0,repeat_after_k,1,3,2,65,6,439,407670367,coauthor,30,0,coauthor:creative:67e2ebb79ef7428db8828883d135c55f,0,faa93f2f98b69a046938fa2244df184842bd44fc72bd95317b7bba3baeec96fe,f8f59891a982c390bf396a6188b1f70945da8ebc85e4fb8c06d89dcdd5406b04
031_coauthor_repeat_after_k_k2_t3,31,1,repeat_after_k,2,3,2,65,9,618,1617572021,coauthor,31,0,coauthor:creative:93743bc8b6f94308881cff7cf90ad421,0,ec7a4530487ba2db114f2581fb574ba1d0c150d95e9e8c09877e2004d64613a4,e1ef2538c953782c1bd36789fba9e98176680d74d178283b4cffff1dad022ac6
032_coauthor_repeat_after_k_k3_t3,32,2,repeat_after_k,3,3,2,65,12,791,118994828,coauthor,32,0,coauthor:creative:1187a14aa85d4c568e31d968b2aeadbd,0,205ee576ecaf3f53e6db596c3709e335e64b4242bff51ea19ddfa73032bb15fe,94d24e814561052c13f2d7300a5ab599910b1e60bd6c2057a903177d5cf6ace2
033_coauthor_repeat_after_k_k4_t3,33,3,repeat_after_k,4,3,2,65,15,958,852901307,coauthor,33,0,coauthor:creative:cfec8b365d874b18a765ce4afd83b125,0,e499487f1fd1d131a4152b50df9a9c4125dcb109e72bbd4bc2893dab05ff3b84,d148396ece8756f221025ec5578ae33aa7e92327ff10b94e3d0fbf5873dd9df0
034_coauthor_repeat_after_k_k5_t3,34,4,repeat_after_k,5,3,2,65,18,1119,395872130,coauthor,34,0,coauthor:creative:fbd1b7a3b81f4efc88b0605de907aea3,0,6f44790e902f55c2949dc382f9862f053a9f8b9c74e495bd35986494b9cf0d34,2c14e16e3b85ecd0e566c41e02d4e25fab3c043fe0e7796f715af64741b0f852
035_coauthor_repeat_after_k_k6_t3,35,5,repeat_after_k,6,3,2,65,21,1274,679877385,coauthor,35,0,coauthor:creative:946720ae11b5468e858df027906f1063,0,f0ffab20078aacf0473c7009be4083e5b71f875d39be34347b0239cf9689e444,87a873d461cee18d84a26726e3117822290ea501db13f84d7ca2599bc8cc96cd
036_coauthor_repeat_after_k_k7_t3,36,6,repeat_after_k,7,3,2,65,24,1423,865313054,coauthor,36,0,coauthor:creative:153d73ea68dc4323af5341ce6c51ea73,0,dcaaabaf9ad2cc886f996b2e55dbbd245511b498f6fe8bc96432273692905b90,8ce0c8cc4970996cab332b26afc7460a39955610d963eaa349de6897a4a2c48e
037_coauthor_repeat_after_k_k8_t3,37,7,repeat_after_k,8,3,2,65,27,1566,811916070,coauthor,37,0,coauthor:creative:e4de659d6e5a44eca6c88b18dc300d70,0,f90ddd72dfc9a9cc0da63bf267bd033356ddb10e50be62593aba2478a7917c89,c298cbfb14e32ac0ca8ae882499927ec8c8bebe4366b085f02649405377fde72
038_coauthor_repeat_after_k_k9_t3,38,8,repeat_after_k,9,3,2,65,30,1703,2111128116,coauthor,38,0,coauthor:creative:cbbfa156a608439c999233f7b05b9821,0,ec368f9fb3ac1419faa8cb0b1a8387b4ba12f025b0e8c08f06ee8ac0a01aec39,ecafead18bb8aa895472da97ffbbb3b9a3caf82b9915e3bc69bee28f651d7a7e
039_coauthor_repeat_after_k_k10_t3,39,9,repeat_after_k,10,3,2,65,33,1834,1838216032,coauthor,39,0,coauthor:creative:ae05e585f42146a283168fdee429ddea,0,d77f33f976765578304ec7da31d0f2e20a6ae059bc6650fba1bf094620c0633d,5ee7e6bb31e8f9dd69d0109632be4cbbfbacc7b1e9bfdaaa8d8cfe4f207b395f
040_coauthor_repeat_after_k_k11_t3,40,10,repeat_after_k,11,3,2,65,36,1959,1408654651,coauthor,40,0,coauthor:creative:0fe679b3bb1a472bb1d375c1c58e3687,0,c0ac1eb28696353c208c08133f6c1dee6f8efa4906b2fc6ce8b7cc666b6656d0,2cf41647ce3120e738450af9cb21d051250ef7e66ea6ac8a49dac1ed091dac22
041_coauthor_repeat_after_k_k12_t3,41,11,repeat_after_k,12,3,2,65,39,2078,58019007,coauthor,41,0,coauthor:creative:05a000131fc642f7bb20b62bb20a326e,0,2d2b2fdc35afb48414d0b4578ac4e4f65910a2be483cfc1deef7c8f9d2a96a7d,ca90cd27eb8eb498779006885a7260997a6a1cfbb32f8a77c9a49be060164576
042_coauthor_repeat_after_k_k13_t3,42,12,repeat_after_k,13,3,2,65,42,2191,1231373916,coauthor,42,0,coauthor:creative:9c8cd9880da74366ba28673147d87d34,0,40049ef32595b9d90cced2f38b2e42d8894ab023504bff049fbf3290cc559e40,8ec0063229fa3af61c043a48fd87b4379863b66d2bb0ead929cfacc2f2184b7b
043_coauthor_repeat_after_k_k14_t3,43,13,repeat_after_k,14,3,2,65,45,2298,433656339,coauthor,43,0,coauthor:creative:92108d50d38647278d97f96a4364e9b1,0,31beb137b5f9e857e7d87472154cc050d07a8fe6ed4dca36388a9f92f4f1baef,b23d7a2acaedd014b5366226994b7f80360f119dc97284f3bea8aa180930be00
044_coauthor_repeat_after_k_k15_t3,44,14,repeat_after_k,15,3,2,65,48,2399,1567105984,coauthor,44,0,coauthor:creative:642f60be7fc54530a6b80ad4bd7fb6d9,0,90117029a37047fb12296e8f55ab123ca441768949ca0f2f2d9d82c348227728,5a0ede8b21887b01d1896903bb69b64035a6df6d7022d31b72d0b6df193ca1f4
045_coauthor_any_token_at_least_k_k3_t1,45,0,any_token_at_least_k,3,1,2,65,5,370,1291260604,coauthor,45,0,coauthor:creative:a60c272551c6418a845424432fc4cc72,0,407193352c964e60392099b73e36537fdd080217ce44a6618e380a34ab72a459,e63e1fb7b66d0e4d9e7471304b0d6dece4cf1e22897d31c947231d6d602532f8
046_coauthor_any_token_at_least_k_k3_t2,46,1,any_token_at_least_k,3,2,2,65,9,555,157253,coauthor,46,0,coauthor:creative:696c87b7fe7f4f869e84d30e9bd97823,0,827b5ae1c30479284a518d0adf72e6c7811add4b36ee3cd1ba83503f4c8d4974,51b33d07c2a3650a07f44790b9191fafff62d0a7580feb0e78ad4e5781d28702
047_coauthor_any_token_at_least_k_k3_t3,47,2,any_token_at_least_k,3,3,2,65,12,740,1560797135,coauthor,47,0,coauthor:creative:9747a45190cc48ae8634b5070735c11b,0,baf4b6bda7028187c71314f4dc62c774c2bdb08d05f77f4d06c38dd3df189bce,994a106cd4f9e5c985a20a867c85986114dcf3f1dbbfc08f7429da7d53373bb8
048_coauthor_any_token_at_least_k_k3_t4,48,3,any_token_at_least_k,3,4,2,65,15,925,1342984904,coauthor,48,0,coauthor:creative:1055a72721454912a8a38ea009d84a09,0,8a49d2f627240051a7e3413a51b076927ca8b93cf645651e9844e260a2d4f245,2d1aa27b43db9a78498abf9357e0af050fbfc16be29e204bf0720f4f7d84c3e1
049_coauthor_any_token_at_least_k_k3_t5,49,4,any_token_at_least_k,3,5,2,65,18,1110,1318100432,coauthor,49,0,coauthor:creative:73e1236fcc4f48d3ba4d264eb6ffe06e,0,acc0ada2dcd4dbc0d11df64c9f1d008f289cd707129b197a8ec6a779b9beed36,892559df6e26f4759545233e22916738bae3b4cd52dddd302d06c53ebea4b1ee
050_coauthor_any_token_at_least_k_k3_t6,50,5,any_token_at_least_k,3,6,2,65,21,1295,1821058608,coauthor,50,0,coauthor:creative:f326178e52c34b5b97911cbe8f9c58ba,0,7abdefa76f8e91e0995ce43562b63385a83fc87381770d5b674ba2ffdcc52408,1be3e39d5b34021d7fb994c3a7af6724cb1c9ff3dd701da6bf114cb8989381a9
051_coauthor_any_token_at_least_k_k3_t7,51,6,any_token_at_least_k,3,7,2,65,24,1480,103343638,coauthor,51,0,coauthor:creative:8ead784ec05844608febc56ca283a595,0,71af362f5d7e0041b64f64ec392e23399ba9d3bac57a80ad2d132cfe6d787b3b,00377d049aad1f2f025d3a632cdf1458acc50ae87beb7b907e2bb392b0644260
052_coauthor_any_token_at_least_k_k3_t8,52,7,any_token_at_least_k,3,8,2,65,27,1665,1558412509,coauthor,52,0,coauthor:creative:455d43b4c912498eac41138c743501aa,0,c2b18c52ff91ff253336859f467a5d5619395d22f0a3606853dbd670beae862a,e2d3054dd9e4022b96fc764146b73c585428c9411c21dffca8046e2291c2fa8d
053_coauthor_any_token_at_least_k_k3_t9,53,8,any_token_at_least_k,3,9,2,65,30,1850,1852871808,coauthor,53,0,coauthor:creative:8d732ed8f2cc4bb393aab9f68c82e408,0,0fd737fac792b2d665a215bc2cf5e0df240cdcc146eccb18fdf852d5ff330033,7235db6407f636a7ebd74aa786db1b547c28dfd6308e3afe158f05b321d90d78
054_coauthor_any_token_at_least_k_k3_t10,54,9,any_token_at_least_k,3,10,2,65,33,2035,100592660,coauthor,54,0,coauthor:creative:7000c2b9328448a5b47432e3576c6b46,0,513d5619736f5b6986560b5909ea25bd35061862a5e026f15e484845d469d7b1,b2038a2e102fec7b72cfca79e994ac9ab5318ba346b563948499024a7ef4d44b
055_coauthor_any_token_at_least_k_k3_t11,55,10,any_token_at_least_k,3,11,2,65,36,2220,521157099,coauthor,55,0,coauthor:creative:f3fd58f51d4a406ba6151b630e18dbac,0,11a6e38b3a31bf415c1ac5f30a95023e235c02bb2f4a53b47d436cb9fb930c23,35d9b45968e07d1b950ac93ff3adb7f505f5ade50abe2b5b08f44d6bfb7747b9
056_coauthor_any_token_at_least_k_k3_t12,56,11,any_token_at_least_k,3,12,2,65,39,2405,1364215582,coauthor,56,0,coauthor:creative:ecb544fef0ec41789b0ca6ce942d2344,0,c6c377d39af8eeb2fcacf039590f5ba78c33db34020b2f4be2b6af09de1d9bbc,77c35b47ddbcd6504ac044590fb8bc354d3e76270fdc3999bd6db6bb3ba0ef96
057_coauthor_any_token_at_least_k_k3_t13,57,12,any_token_at_least_k,3,13,2,65,42,2590,1482609388,coauthor,57,0,coauthor:creative:eb052c37796c4ae3b8b5c77c800684c6,0,847822b39198884a1412ad76a3baf742965c580a0d7f78b33ef9f622bae31c90,befa0c76336207609e977103ce6d15b5bb4ce9fdd60f79b6db2f7a569a4feea1
058_coauthor_any_token_at_least_k_k3_t14,58,13,any_token_at_least_k,3,14,2,65,45,2775,2093813981,coauthor,58,0,coauthor:creative:17aac7590a114243a031617242747722,0,8dcb6e821471e1aa95a142299d7a57a387c8d0ffe2b9b271aa18a03976b84d7f,0b26584427e22e8877a6eb2e58ed09efd5af5cc88d38b3041326fda542c64d10
059_coauthor_any_token_at_least_k_k3_t15,59,14,any_token_at_least_k,3,15,2,65,48,2960,1304479038,coauthor,59,0,coauthor:creative:00d39011efcb4533ab12076801f74f42,0,207340d47d0a8ef3b85d773cc2c0ffaf694d1435db3d7ead0e33e19d0e0e201c,1f7d9b28a7e55d57eb8a62745d142139784cf65a67c544def3cef9759ed36933
060_coauthor_exactly_once_kna_t1,60,0,exactly_once,,1,2,65,3,254,1874497828,coauthor,60,0,coauthor:creative:6363bd9d985e41f79f3bfb8e04fa3b5e,0,2f785c8dd98051e88ccc4f836a5d73d6e98ce77117798332ee84f2d227a44b9c,2d1f590e27b1b8701c5fc0fabff0dd2eca8408294b6c7697eb9ef48634cb910d
061_coauthor_exactly_once_kna_t2,61,1,exactly_once,,2,2,65,6,381,185568164,coauthor,61,0,coauthor:creative:c4e852c4b21b4703a485d93b618361cd,0,c8cea1756acac12d49b57c996b156480985963fe0649503504a8555ae0c6fc45,b22a43740b9b56e1154cd199b6ea162012642d35331b62eb0febd64c86ab164a
062_coauthor_exactly_once_kna_t3,62,2,exactly_once,,3,2,65,8,508,1068772921,coauthor,62,0,coauthor:creative:75892ecb92b4437882d1565f6169d5a5,0,4a58b6e94e9a2e86ead7a67838e86591c1fdefdf17d731817b03fe8e45d167a0,5daaeb452a9e7fc05d277952b2548a3010c0c52629f11f8edf86e2dfcffe7650
063_coauthor_exactly_once_kna_t4,63,3,exactly_once,,4,2,65,10,635,1831884200,coauthor,63,0,coauthor:creative:7b827c9dbe9547fbae0a89de75863527,0,eefd985ca6a75965980dbdafc75c48a0741f2d65c299a4a65608ce1cd17cfa9d,4dd0c3ab5e1e8301c858294c94820b80384d1df1f343c8d335542e66ae68db3b
064_coauthor_exactly_once_kna_t5,64,4,exactly_once,,5,2,65,12,762,315592073,coauthor,64,0,coauthor:creative:e4611bd31b794677b02c52d5700b2e38,0,c546d1d019c6f7dfbafd220c115133e7a655d828dd2752c376d0ef3950824088,761efa4223cf43fccd1e178a9f23c4b9f62027397f066560ab28e8608d18a6cd
065_coauthor_exactly_once_kna_t6,65,5,exactly_once,,6,2,65,14,889,490584065,coauthor,65,0,coauthor:creative:745644f53bdc47409855cc751518e25b,0,4f82d12543e55e97bdc11e19af879aafc0a0f34e7aff2a10f9ef5a22138453af,b9742fbd2b7c753f6308965ba5e0a65983bf5deb9517802f13c405ae5888499a
066_coauthor_exactly_once_kna_t7,66,6,exactly_once,,7,2,65,16,1016,174415837,coauthor,66,0,coauthor:creative:e5c079dbe9104da4ae1d7b8f7cd3be3d,0,bde816c3303f6dca11991bd6a2772b8dd219a456d4978b9436cbf1b3ac42b9be,8e6368addc826150871c8f551b4e1c8c5bf0ff94a6913d494e22277a14a82c05
067_coauthor_exactly_once_kna_t8,67,7,exactly_once,,8,2,65,18,1143,1805339212,coauthor,67,0,coauthor:creative:174bb16d13624281abe2a1bc7e2a7050,0,81e6a3972e394a83a9f30adb0d9ce9f161bc40aa80560e9af7a070a6565abf2c,f489facfde24bd9aa3edd3a5ddbfc5ad20ee1d5e2b76bc28a3fbd4e1b13261da
068_coauthor_exactly_once_kna_t9,68,8,exactly_once,,9,2,65,20,1270,1261316448,coauthor,68,0,coauthor:creative:7b7b1b40027c4974ade1850596e6726f,0,a413a381dca43845af4076936b543f3ff2c1cba7f368b1ba763262457e4670f7,8bed343444d8cd0b911a0b445d90bbf20ab16518e1144bc75f97021508d2ae50
069_coauthor_exactly_once_kna_t10,69,9,exactly_once,,10,2,65,22,1397,672765597,coauthor,69,0,coauthor:creative:c72d65250b4f4c1193e2f089afe9429c,0,09fce5e25adce380b7561c6cafc25eabe76921eac1cb12e77858f49d264fe49d,98cc61c4a119b2ec8fb78c193740ac0fcffa596986bb4331dfdb55ce7f57859d
070_coauthor_exactly_once_kna_t11,70,10,exactly_once,,11,2,65,24,1524,1210095565,coauthor,70,0,coauthor:creative:6840e511d899433ea125410c709f6ed5,0,b65d5a73eb8cab0e7aaff6591889201399495d1177b93af4aeeeaf9c5b96baba,7793ff6a7485a6f377eca1af396b06b423c69b68fd3b3de93254564803963713
071_coauthor_exactly_once_kna_t12,71,11,exactly_once,,12,2,65,26,1651,910864414,coauthor,71,0,coauthor:creative:5c1905e6a05c4203b624c4db10ede78a,0,a3736cea9831d792513f55cf69d732f1cd290fd44ccb41aca38221aa1e7f4988,a4f419034f6217af5b61ec0849bc3fc90998ce1c16723237d2a85ae9f9f213ab
072_coauthor_exactly_once_kna_t13,72,12,exactly_once,,13,2,65,28,1778,1973036822,coauthor,72,0,coauthor:creative:36eead66360847afba6dc9ebf6d99593,0,97986818ff1564db4a4cadd008295e5c97bec55e954cea9cd129df2068896d90,bcbfc0fdba789b9e80cb480309bd2cc4f613515316eecdeee8f4b71ddb5c3745
073_coauthor_exactly_once_kna_t14,73,13,exactly_once,,14,2,65,30,1905,1793892946,coauthor,73,0,coauthor:creative:5221640d7c074d4a88f42e3891135350,0,e48fc6c40b77478277ffd3d337617718e3daf47b0127b19832532bc41e0e1149,8ed0b5dc47cba9e864564e8ee588b680983789225bd70b23b26c78a22da03c6c
074_coauthor_exactly_once_kna_t15,74,14,exactly_once,,15,2,65,32,2032,1389738162,coauthor,74,0,coauthor:creative:734cbb77f63544e5bce5a23f35c9f601,0,0582bf2fc93d5d59ec03e1fc7603336dd600ccfb697bc8863070a2dbffb6754d,6f3369879dbea2bd807900b9a1c2854002bc2efc43ecacdaf57b1a730a0ca793
075_coauthor_exactly_once_kna_t16,75,15,exactly_once,,16,2,65,34,2159,1931551124,coauthor,75,0,coauthor:creative:ed0280fb0f114ead8a22516a8309f982,0,3b68b53d38d6733c47f95a4db4d8caecda5b1cf12b52288828a6b1ac7e6e8911,50258979b795f56bc30975a0be75c640e2decba78205e1164234496a39ce807c
076_coauthor_exactly_once_kna_t17,76,16,exactly_once,,17,2,65,36,2286,1944905089,coauthor,76,0,coauthor:creative:fbb2199fa78647cbb4eeb94c4bd04d98,0,fbca2cb15936e9f2536f61ddba3358f59ca8f46540959c48d4d05211895562e4,0bdc4b7c707404a6af18f979eac438a696d1f6a5f71ab8c5547cbd996ccd1dc1
077_coauthor_exactly_once_kna_t18,77,17,exactly_once,,18,2,65,38,2413,632802817,coauthor,77,0,coauthor:creative:64e545e776c1466687f0fe0dc8bb0d88,0,87ea6d15278f2b57cf6e4d0caf075da9a493deb94c99ebe3e6c55245557ff5df,c190f52dc9dc312468fde997aea55e67e5b8aac80cfad0a4ccb8608c1ccf9507
078_coauthor_exactly_once_kna_t19,78,18,exactly_once,,19,2,65,40,2540,49678858,coauthor,78,0,coauthor:creative:ccbcf12b87b04596848a5091118c49d9,0,1063d8c9092c6bc54b46a9e526ba8f227f3a7be957790c89d276bfc8486b4935,d2f525753a57e94f14641ed5b442379b5ce1e3256b213d07a817bb34d8e0458d
079_coauthor_odd_count_kna_t14,79,13,odd_count,,14,2,65,30,1905,468446140,coauthor,79,0,coauthor:creative:86bb1cfe839c46058dfc0e4b96f13392,0,14f0c22f347131df1d5d79f0eaee6375e4e33f07d0273e5e7ce6a82f19dd20e9,3b976fbe4cfd5a2b408a04c2930442cdd9f34ca20ddfc3b5f3e6e6f4e7f6ada5
080_coauthor_left_not_right_kna_t1,80,0,left_not_right,,1,2,65,5,313,2853046,coauthor,80,0,coauthor:creative:9a01bc361d3c4dd09d596c716c16f5a3,0,42b70e7bab46c0319efee3498abf3871869b2a326ce9d062b50d27cdb52d3f04,8ad61a5bf34c568d8e84e11f6662c84f1c95a76f0d5c45db589ed180d9e67541
081_coauthor_left_not_right_kna_t2,81,1,left_not_right,,2,2,65,9,501,946748992,coauthor,81,0,coauthor:creative:75502f7ab83b42189c79a1972db22bb0,0,f0cd6c7e234f0561500c061c783619128accd6a07cbb813575f35f96e03835cb,4a22d2d113210ccf93509b424ee90986d81f4ecc4b791de62a15fb7c0a94cc18
082_coauthor_left_not_right_kna_t3,82,2,left_not_right,,3,2,65,12,689,671504066,coauthor,82,0,coauthor:creative:25ad6925dd65422989e3659250ac9bfd,0,1a144e3feabdb170b79447f2a839d116fe2b3479a432d813cc8e388eb54cef04,8f0d644c7c9bf3de9b8918b2e8da2ee0342215f70750f826839cc046367f6a8a
083_coauthor_left_not_right_kna_t4,83,3,left_not_right,,4,2,65,15,877,1686856945,coauthor,83,0,coauthor:creative:dd87568fb11649f283279a507a1c2f11,0,6236e17ecd0f925846e74227a265adf81636ded9362d06871339d3d192dfef02,a823d88a088dcd29498a13a5992ad4101ade90ea45746b067b4d68deba9c680e
084_coauthor_left_not_right_kna_t5,84,4,left_not_right,,5,2,65,18,1065,1387539645,coauthor,84,0,coauthor:creative:057b11be0cbb400ea2cfda2cf75292b2,0,dfc23b81bbb7e9a683367c03cfd358d9b25d6bc5741a7407adbc2d3e6d4d06f9,45ba89bb1e736a37af21955af1284bd523e8f4f15de6a62ea576520d0642602b
085_coauthor_left_not_right_kna_t6,85,5,left_not_right,,6,2,65,21,1253,1180168043,coauthor,85,0,coauthor:creative:a59321f59eeb459da6a427267afefb9b,0,5177e5f9d950ac0575d5e936fb931e6746f14a9c9e3b37888c580ce25adaa9d0,c49ef1c702965a02b7e087d0dc8bb2b6269c7afe5e82972d7bcbb1661a01b556
086_coauthor_left_not_right_kna_t7,86,6,left_not_right,,7,2,65,24,1441,157855351,coauthor,86,0,coauthor:creative:b6acb37208be4f3e96965f989fd6f9fb,0,42bede6065d2f104fd830d85b20339b4b1a3a861b0f392883be98da3a0bff1cf,b3d19b6b880e5fa96aee1e1bad3d1015f8a904734b54a5d75b9544f8bf8e6ed1
087_coauthor_left_not_right_kna_t8,87,7,left_not_right,,8,2,65,27,1629,688321707,coauthor,87,0,coauthor:creative:b8ccae873da141edbbe0dd86d2eee55c,0,230e8c8a7eb8c2ddebc9f1bf1d9d8722535a63f4e5b5d2a01c00e91b0e135dfc,7900ef7b91ed27f3170001d1b1af2a8d2b860efa711ed5ac7b82a29a9c4e4408
088_coauthor_left_not_right_kna_t9,88,8,left_not_right,,9,2,65,30,1817,1761446601,coauthor,88,0,coauthor:creative:242eb23d0a2a46a789be2b41a665873d,0,bbefb6e6dcb17b804037d4e099ca3fbadc15a6be534c7edaf9a4ee6e8777b8c7,9e3ffd8aae17a5b8570148a6151b260024bdadcf338cf23a613b98ae8b641657
089_coauthor_left_not_right_kna_t10,89,9,left_not_right,,10,2,65,33,2005,1939766575,coauthor,89,0,coauthor:creative:4db95dde4eec4612b04570858ad628bf,0,ac2a4d27a3804f3aeceadbe7318181001054413c52001a993b8384557cac1b0c,afefb1f129a1e313e1218e3f87b276a065800a087c727e4f7e87e45ccc2adff7
090_coauthor_left_not_right_kna_t11,90,10,left_not_right,,11,2,65,36,2193,856296695,coauthor,90,0,coauthor:creative:bd4dc28d6e1b469bb4b96239b8fcfef9,0,f977c92ff47c1280f89a31100adc27123ab7c06515f8c992b073441773238b45,22f254f11aff0552c6194ac39ab07d98422558f00326d0a93ca307c215ccac67
091_coauthor_left_not_right_kna_t12,91,11,left_not_right,,12,2,65,39,2381,181537588,coauthor,91,0,coauthor:creative:2cd0471292f14be5bf1ccb9b313e1903,0,9a89358b1f6b1e87d5aa085215cf9ecbb08cebdb48f1ab01c7004eec1e4920cc,c4c7f44f73df238e9db14124968f7e1602ba21a99f519b3d5894574d74519d2f
092_coauthor_left_not_right_kna_t13,92,12,left_not_right,,13,2,65,42,2569,1408831174,coauthor,92,0,coauthor:creative:4ae07eece3a740de9b77f65ae67a10ad,0,68ad8eaf5e9cf4cbc5567c81eb5bf060075c1935da880af7a1dac7f94defc998,a69430243d59ea7064babeb04d73accbafbaeb22b7e668fa0f23923fa2b0cb20
093_coauthor_left_not_right_kna_t14,93,13,left_not_right,,14,2,65,45,2757,67085581,coauthor,93,0,coauthor:creative:ec3d1c0f86a04f8eaea5df982cf79284,0,ae1e21a957010f4aa105635e5d1804d19b0c0c072f81200a7612fca0b97f8cc4,46c2e43305a7aea4bff68164fb639838260d12a867f97ecec07578388d28df09
094_coauthor_left_not_right_kna_t15,94,14,left_not_right,,15,2,65,48,2945,624182968,coauthor,94,0,coauthor:creative:b01c3090a9204cc2a74830b611722d53,0,8f96e670aedecaaa038d46f23732f628b61b25ca5e9f58c1211721c49b9e00ea,20dcefc13309bb9df7c6221eed8b5cd051c4deb8484c7201e3f00923a89f4d97
095_coauthor_left_not_right_kna_t16,95,15,left_not_right,,16,2,65,51,3133,301296286,coauthor,95,0,coauthor:creative:f6c2fa4230df43b9b9857e71b9d68a89,0,3e5bfa2f1e3c4fa54d89562e0a2a542b88f143c3596df4f49d9a6c910ff750e7,2b48d58b26388a8038bd5b657bffce51e3483a130b7979524194d31a980249d9
096_coauthor_sets_differ_kna_t1,96,0,sets_differ,,1,2,65,7,439,337701703,coauthor,96,0,coauthor:creative:c86ee4fe34954bd7b183d8a5068255da,0,db2f9fb854e8c7302ddbd5266cdc5e7c59f25547a23fd947706ffe7ebdd7ec3e,fcdce74e1ec5b251941c1fde52795f7cd02d79c7d4e260e8c26e53954fa35088
097_coauthor_sets_differ_kna_t2,97,1,sets_differ,,2,2,65,12,690,315805698,coauthor,97,0,coauthor:creative:8024bf1914664591abe824dd583d2d2a,0,aea785ef881e2f1c0bc7ef50dcc1e1cbb17631ff844c30028e9e30d7c1703a0c,6585bf91f18d58b5301dcd84162cdc11104d9be771cc968e5ebb3c3b53ef43a4
098_coauthor_sets_differ_kna_t3,98,2,sets_differ,,3,2,65,16,941,129158734,coauthor,98,0,coauthor:creative:bc176a916d344af496f7bdbf408db4e9,0,ece038a2dc5fa15442f7e6ab58e403ba107f6b78698576bb4b07d8ca5e2be637,6781137bb96fd17cae2504a1aaccb0c832af94668345125ae13c6fab0db7e1f0
099_coauthor_sets_differ_kna_t4,99,3,sets_differ,,4,2,65,20,1192,1920720594,coauthor,99,0,coauthor:creative:e90a5ce2d98548a997fb8c3ab2213483,0,13e61b84ee891333fda6b7439c5ceacba83ef03f88ef7e02146cb9be88f7ba57,801db26d57d1ca8c87318138c22049f9161933db2de329df049f8fa00e0a98da
100_coauthor_sets_differ_kna_t5,100,4,sets_differ,,5,2,65,24,1443,852954765,coauthor,100,0,coauthor:creative:8b458eefa9304e608322239981e4ccd1,0,dcefbcc2e86cf1b2ace1d38f82874e64f5f1464ae7d008c197039f2fef7c9039,e4b43c34f91b9e8c0c8ed99a17075a2c78289f7d1a530ca0c2c20d724be7d97b
101_coauthor_sets_differ_kna_t6,101,5,sets_differ,,6,2,65,28,1694,525744930,coauthor,101,0,coauthor:creative:eecd784a495648f4a5b160beba42dd0b,0,32ab89dc5f958258411f9c868479d88b2acd6e97032c74745186c8e19ea78f20,3b2c9d833142eb300fba42eaf508bf97937de2781565860374542a407cfc5a39
102_coauthor_sets_differ_kna_t7,102,6,sets_differ,,7,2,65,32,1945,1563697706,coauthor,102,0,coauthor:creative:c2af9e5faf164318999484aaf8b04de2,0,00137daa924de7c20bc0aae73fdea8fb4e835e160aa996ce15ba794446e74000,259a30a164cf5418c6737b41310247afd6096ed0b4e52677717672e26ca4e6dc
103_coauthor_sets_differ_kna_t8,103,7,sets_differ,,8,2,65,36,2196,468962890,coauthor,103,0,coauthor:creative:35399d7a3a994ff2a0425b156a33b2d7,0,3e1eea27f95e663d421b33a8fff5ff5b3c1ab9a870523a8ead0b0261c798c6aa,b630894c557eb14b19ae3c322781c897aa7aeb5dcabac0689bf5d2c90cc4d635
104_coauthor_sets_differ_kna_t9,104,8,sets_differ,,9,2,65,40,2447,882890399,coauthor,104,0,coauthor:creative:85592766aa1940778f8f71cda90305e1,0,8b7377a355b19697293c0deb7f6fd8a32dc1c9252886239a70dddc7ad06deaa1,38558ef9f6c8b808b6a7e4a9199ccd1372a8044673030820d4be4c2cab49b2ba
105_coauthor_sets_differ_kna_t10,105,9,sets_differ,,10,2,65,44,2698,245101698,coauthor,105,0,coauthor:creative:1e93ad6e64e4478886b3fc31bef6a960,0,ab2a5d5130cc5ea3dbd46ce153502dc8848dbfc148bad3d5506db12ce14dbbe8,6e19cfa406ce25db5b1f495175feb5116f260eb9bfe98364838d708ef9319d46
106_coauthor_both_sides_kna_t1,106,0,both_sides,,1,2,65,6,370,289879039,coauthor,106,0,coauthor:creative:04382674f44c40b592c703ae0f63c2ed,0,20b6e6ee9ca4ea00aab81e844e834af5dfdc338012495c365caa9ddbc05dc3e3,96fe9eaf0d87c7227db2801b140c7effa4b0064d825628414ba68a24df81977f
107_coauthor_both_sides_kna_t2,107,1,both_sides,,2,2,65,10,555,1428681236,coauthor,107,0,coauthor:creative:90e9b5945ef5420ea02c7e982df952c2,0,c14ecf1344be8f565bd3d50b132f8d96d727c455ced2be7e227d7914441812cb,da88f09432358afee6005836e383e491f4f3e0e5a0e1abc4aaa7ee07150f10a1
108_coauthor_both_sides_kna_t3,108,2,both_sides,,3,2,65,13,740,1960082510,coauthor,108,0,coauthor:creative:b6c87b8153ce4791a449f6b80a7f438e,0,f2f588f0b7ec911208a6c246a56b7d22e1a8a27f4adc263f9b9458d6ce522dac,c083cbbaebd0518fb26952cb7455c60e344b02cb938d0a870de356a8c3fa665f
109_coauthor_both_sides_kna_t4,109,3,both_sides,,4,2,65,16,925,1429010261,coauthor,109,0,coauthor:creative:a155fa8cfd624d278fb8f37cc32b0565,0,5c56d0402b99fa0332c452acb88cba6722179ab7e3571ae3c5c80ffb42b5037b,99df9cf22f6bad0aaf42a733c7e2098abe1318c41f1cab910391ec5de9f5d7ff
110_coauthor_both_sides_kna_t5,110,4,both_sides,,5,2,65,19,1110,532248575,coauthor,110,0,coauthor:creative:b95bdefc91d94744b375b7bcabc19d5f,0,11abb02426217e751688a5225f2f9fc862d03934dc37ecdae0f609027a8d4e93,f6fbd0fd8d7096ba3d19c91db24c59746ed01526bafb0b4579f7524a43af5127
111_coauthor_both_sides_kna_t6,111,5,both_sides,,6,2,65,22,1295,515395025,coauthor,111,0,coauthor:creative:87c2c42b2a80400ebcedfacc68b767ef,0,4bab8eedc59b8f62d0127cef57c3a64e61d22b458a2d33c85c5f41ab91917abf,06a5646889d5b2b2dc61048800aa81c9f60efdd2aa84303f3e178917e6fb3914
112_coauthor_both_sides_kna_t7,112,6,both_sides,,7,2,65,25,1480,1211769933,coauthor,112,0,coauthor:creative:335ffea5a1a8426badc75a2fa056a1a8,0,f8719df00ed148b4611ecf931d3b594a64893660670e4803c282e5c3be59b403,a22bbceae73d53dc3bcb406618fceef901925271d9d53dfe6bd37dfefad5e721
113_coauthor_both_sides_kna_t8,113,7,both_sides,,8,2,65,28,1665,1219233922,coauthor,113,0,coauthor:creative:e2ccab5b997f4aa19f39ffdb86be4151,0,48df4f6bdf8fbe3877775d44353f30bcd7fbf3b85d998361f0c67c903ad5d39a,92b14a9c26bf926a4f09158ab333d39060a551b65b596525a984e7ebf634c174
114_coauthor_both_sides_kna_t9,114,8,both_sides,,9,2,65,31,1850,1428967917,coauthor,114,0,coauthor:creative:dda6cf6e80e74a32b62d03db6c25859c,0,cc6aa3412e6c4a870390c223b1dcf14d1dff748a853fb3149177357d9b5b3615,05797d710198d0b0f70eb5b97c8cb311cefc1a168b15b0566c57316ff1ffb56f
115_coauthor_both_sides_kna_t10,115,9,both_sides,,10,2,65,34,2035,510268999,coauthor,115,0,coauthor:creative:105bf88bb4bc42688e06a54644e2989b,0,0b1234dd54a8a0255dd4cc0e8b84509f633b58d46b5b63cf3a0bdc6c216b178c,382f42001f107534acc9ba917843b45f510a73c7e2e4eb94cc6111e8428748ab
116_coauthor_both_sides_kna_t11,116,10,both_sides,,11,2,65,37,2220,1655916229,coauthor,116,0,coauthor:creative:128bac319cb14dadaaf5c30c3a8ac5cb,0,13efc292c92426edea07db5a8ab35d1fb408fea552199af5b13940180e1d53db,5dfe9334507899fc74ae6c8806dc123419da934b47567dfb2a6401a05d43a9b4
117_coauthor_both_sides_kna_t12,117,11,both_sides,,12,2,65,40,2405,2139205696,coauthor,117,0,coauthor:creative:25742b852b764843b15266008afdc15d,0,0d5067b29eb9bed781a9fd0fabd59fe51b41e4910fde108e4a744b68cb281b39,2045bd8bfc38afad361b52b56fdc369e160666b37c4ceaaef0da2c3b25c0b14e
118_coauthor_both_sides_kna_t13,118,12,both_sides,,13,2,65,43,2590,1079804222,coauthor,118,0,coauthor:creative:50b12e356bc94c72bec03b35dea37fb2,0,67984bdfa889144469fe99a090f99d0d648473a99f7f775260b4d4df5db1ef7f,5b366871e82b331492c779bea450d721cce10342e89847b1c1358f0767f12472
119_coauthor_both_sides_kna_t14,119,13,both_sides,,14,2,65,46,2775,910980403,coauthor,119,0,coauthor:creative:d301787ad1c14454943032e70f5f46f0,0,67a38840e258c9fdd2cdb50c00528bb9ffc3290ee7ce762bddaed19370c07e03,ce17cdcb416dace045235ff267742edeca57788323f4b2d9ba37d334cd738f33
120_coauthor_both_sides_kna_t15,120,14,both_sides,,15,2,65,49,2960,246964563,coauthor,120,0,coauthor:creative:d79796ab007244e8abb0ff2efda4a92a,0,9a1d9be69bb228905e3efec3004378ca1b03b1bd6120f4c9dd8cc206e0e090fe,4f9adc9bce60b435376120cfe08866bf7e3855b2f4a5ae2c37dc6ad6adec3bc5
121_coauthor_even_count_kna_t1,121,0,even_count,,1,2,65,4,313,1867362957,coauthor,121,0,coauthor:creative:93a0f456389043b787013a489df403ad,0,e76e2763204be2bb31e73bdfdec550a5bd43f49d08cc2aab803fb20d5a8cae12,dc60bc5d7f19c6f4e6e2bd377f06dd89c10e1a85117e7f14553c9a8f4d84e49b
122_coauthor_even_count_kna_t2,122,1,even_count,,2,2,65,8,501,326444460,coauthor,122,0,coauthor:creative:ddb30c809dfe47f8b0d0c10147b240b4,0,a09832e298b3c233aba55877141e2f454b4ad701077168d352f994f7ed5e55a8,6b63c349fb014c489c19f0b2d5f5a7edb467d66a65b10cb68f763a9d2f3d4ea5
123_coauthor_even_count_kna_t3,123,2,even_count,,3,2,65,11,689,239016924,coauthor,123,0,coauthor:creative:6fd6bb19857c4f5d9d615b349fe6087b,0,10c688f76bf4303dd658caed6f424e260ab69799faf32feb56c2ae21eccf982c,b83f40a707a4af2b88966352d4487f7b7ccf0f10da38b73086269232bc73c56c
124_coauthor_even_count_kna_t4,124,3,even_count,,4,2,65,14,877,702502129,coauthor,124,0,coauthor:creative:23b4bbf06990474a9607178c5e4c95a9,0,1887bb7303300938013e09353daf103d316e10f4325b7603a4197d94621aac34,768de67e3aea7972edf821b73da474b05c9fa95e89dc49ca3503569e195b1c29
125_coauthor_even_count_kna_t5,125,4,even_count,,5,2,65,17,1065,1301129,coauthor,125,0,coauthor:creative:8ca7402df5f646c3adb963acabde457f,0,ac923b6c2ee98f35d4283c5556be39271ac3447000c4cd26ef63640221363507,576ce293793ffbb17a8b24947139cc8e2e37ad09f5674151d713d987d822850b
126_coauthor_even_count_kna_t6,126,5,even_count,,6,2,65,20,1253,579586806,coauthor,126,0,coauthor:creative:301899b1e6be4d77b5995d94546a55ed,0,4304dd30081e0fb2c53a54a7eb98d10115793f7a68331e08f6501e1334136d65,0eb36dc1be7c9568b91f9f52a233942fd5966b60fd47b1e8966faf7067c25528
127_coauthor_even_count_kna_t7,127,6,even_count,,7,2,65,23,1441,363403152,coauthor,127,0,coauthor:creative:f71e0e018a534c7f821ba507de61fb7d,0,17bb0189ed8fd43eb546022ea098a8156715ecd18e5937aac44c63407252b555,8588c6bd845d98644d52ad7552c9519b0d1c213c23b689000c5180ef3017050a
128_coauthor_even_count_kna_t8,128,7,even_count,,8,2,65,26,1629,1103757434,coauthor,128,0,coauthor:creative:8f4fb63ec8e94e269f5a41f93e948bc5,0,1304e1aa64bcac17876dce2a130694dd30a7b992f21795d1c3f211899a004704,f736c5362f3fb50677a4b6d2bbc5d5aeba8f6622164973d69cf4ce177d0dadec
129_coauthor_even_count_kna_t9,129,8,even_count,,9,2,65,29,1817,594885269,coauthor,129,0,coauthor:creative:409ea6cd2f8347dbb41344d1243c7e17,0,be1651e25b40ea370216b12795ea9661e73af5b031d6740a5f1ec4192f9b3851,a48df9ea126196c1159a5256cc53de2746f03b52f528146b3ce58413a1a9ba04
130_coauthor_even_count_kna_t10,130,9,even_count,,10,2,65,32,2005,2137307263,coauthor,130,0,coauthor:creative:5e72eec1e0f54fe5a74cf7e82ec67017,0,30e1fd1d7c1ce463b358cc97170713aabe99582caeb6be7cf404f308434a46ec,c4571d9261f7720c041ab6b29acd090eb89dc6e83d604012bdb8cc602e8d434a
131_coauthor_even_count_kna_t11,131,10,even_count,,11,2,65,35,2193,1593263615,coauthor,131,0,coauthor:creative:780dc8712eb44ac2a05c14452f14973d,0,d8e5a95109dfbbfe3863f9913e95b3437c9deed16ccc332f2d5aa5e66f00f85a,c93d1b4e20155ef2548a9bcab1ff93f3f64beabe83406a7dbe7b497c0cfda8c8
132_coauthor_even_count_kna_t12,132,11,even_count,,12,2,65,38,2381,2057210865,coauthor,132,0,coauthor:creative:94517582b37d4ce6b9aeb4a0f9b7eed6,0,3d21e777e44d83ac01fbfbb5b15662ae10ece742253ce9beec2aa9e02329c602,3e9dff212d1f9ed3ea83f6fa2dfd929e4773a7f273514c5da52d6f83b4458716
133_coauthor_even_count_kna_t13,133,12,even_count,,13,2,65,41,2569,156765421,coauthor,133,0,coauthor:creative:401511d48acd418f8e4d199782611ccc,0,a5ad3be7e1bb472ccbe0ce36aae54e40287b58ce4ce66728592fe5d99984453c,75af09caee05b694256668e02bef3159d53001419234118a337ab51062c57094
134_coauthor_even_count_kna_t14,134,13,even_count,,14,2,65,44,2757,1292118837,coauthor,134,0,coauthor:creative:fe7442150cf74ed99d61e116a8a5426b,0,368cd8275b9379139ad4ec5974fa3a6f0b82e70476e948ff6d84a6e373837fcb,723851c75f5a39ab24fc0ce2fc795c1dc0435e8615083c4f25218728e689f9b1
135_coauthor_even_count_kna_t15,135,14,even_count,,15,2,65,47,2945,1546368903,coauthor,135,0,coauthor:creative:3d7f50f368ad4acdb051a9a31c886c9e,0,9c1b2fbf7ec05fbd378e629c7ebd41da81ea4f4c62fd87261c39dd7c5a3db517,8069e0aa5bd390bd593dab3fb6e04c0db16f87d177d6b06d1e09ce9e865e9a74
136_coauthor_even_count_kna_t16,136,15,even_count,,16,2,65,50,3133,435582132,coauthor,136,0,coauthor:creative:4fc8392481a44f3aa59da642529b0a07,0,617699cec477d0f3930f5703ff559d1d3d48a90b6b6b57db40c66a0c6298ca27,133ffeae7b593b82df230358090d27c62f249df8eb467976f1d85684c9a4d2c8
137_coauthor_odd_count_kna_t1,137,0,odd_count,,1,2,65,3,254,388200673,coauthor,137,0,coauthor:creative:ec682476ef21423390873e912f6006ae,0,d723934458a85e181b1a2ff82b57cb3f545949aa1146ee18d7a16bb9f88498e6,5b20bb268b23f34b9b8357b27efa79a04fda098393381ae322e84a81d0df6f6d
138_coauthor_odd_count_kna_t2,138,1,odd_count,,2,2,65,6,381,1306585941,coauthor,138,0,coauthor:creative:0554d7947d9444bc96f9a9512f4ae989,0,9fdf0daf0df5a95db458d394a3450759a7f9d020dc60c7d18f0a96ad293699cd,2e7181f2704481b8b1a107ba7e476e37fe235da936c44d25bfbd91be1b904816
139_coauthor_odd_count_kna_t3,139,2,odd_count,,3,2,65,8,508,575112232,coauthor,139,0,coauthor:creative:1a05d6f6ae524b638b5e3ea491d3fc4d,0,9f7b7175a022e694b008fdaec2eacd9db54901855981a95f91d379c5ca8cb2bb,174b64d50847857c4dccf3d2d705c27ac49e199e22b1e547064f0d63ce838a98
140_coauthor_odd_count_kna_t4,140,3,odd_count,,4,2,65,10,635,796825730,coauthor,140,0,coauthor:creative:4bdb5a30d17d40d7b160d942552c190b,0,00d5732310e4d029f2a8568e13b5c600e690e4d2ce91b9713d3b7d70da651b0b,cc61f0eff6e6208a4f2d140bbe6b5e19b0daebec6660a26f83a34c0f19d201c0
141_coauthor_odd_count_kna_t5,141,4,odd_count,,5,2,65,12,762,147041094,coauthor,141,0,coauthor:creative:93cd61b41e0f46dd8af1468977c91ef7,0,51af63c002f7b6345925b58f80babf8aa19e5bb5667991b2ed85189965098977,744b6a665ece7e110de2e0db6303b734930010f2d57a94d840c15170740b5150
142_coauthor_odd_count_kna_t6,142,5,odd_count,,6,2,65,14,889,1773433094,coauthor,142,0,coauthor:creative:6cd01768d763429a9c65131ad293b2fe,0,22be898d057273e016821732b5c75e4a4764e9d6069416839c93fdbb93dd63b4,687a6f453c4cea693aa3cfb9d385eb6821f20a95822969ae1ec18d6c56629442
143_coauthor_odd_count_kna_t7,143,6,odd_count,,7,2,65,16,1016,320437781,coauthor,143,0,coauthor:creative:ead266bd00fd4423be98ad8176af3a17,0,dc3d2c72e653de0acf1a9c8cc66356639836b8246fe086fd6103eca366168e73,15c10fdf20ef764c5e7e16e062ebcb9450272ae5702bb24ccfb21e7541df40cf
144_coauthor_odd_count_kna_t8,144,7,odd_count,,8,2,65,18,1143,88263007,coauthor,144,0,coauthor:creative:3b6e7a4c9d65411f9342254120abcde7,0,06290b8a9a7bd59d57eb31b6d5950def8e4b046dcbc9af31b2da5bd0c9c1a26f,154c15a5f209112d5104c60789bb99a50e9f7c15206054b4f346c74a3463fab7
145_coauthor_odd_count_kna_t9,145,8,odd_count,,9,2,65,20,1270,1632800241,coauthor,145,0,coauthor:creative:fc1a28ed73b6450c8a4b9fe3b6349257,0,00b06b87d63b1aa16e5c44d32efb95ab6050bc8b9f6d08bcae22430d72c41660,f55029d5b67cc4b259d7d931222ca857d5c0c984466d2e286b131424e8fbb2f7
146_coauthor_odd_count_kna_t10,146,9,odd_count,,10,2,65,22,1397,540577242,coauthor,146,0,coauthor:creative:9ed6505663e3421ea07365fe634cbe82,0,aecaa35c22ff3fb8eafe6a7ff03cb65b089103382129f59a1a4e5bceb148a286,43afaa66de922f40061e931fb9729115faa426b4c227870eba4a5f73a0bfb9a2
147_coauthor_odd_count_kna_t11,147,10,odd_count,,11,2,65,24,1524,989827863,coauthor,147,0,coauthor:creative:02ef07c642254b088b72486ce41e010c,0,9957500d29f2cd4ceef787c2744ad228c37c87f2852dc39a9ca8f6704d99abb1,b93bb87355052293c2cd5dade19835648cad895f5eb833d4b62fd3f7f7ae1091
148_coauthor_odd_count_kna_t12,148,11,odd_count,,12,2,65,26,1651,347190597,coauthor,148,0,coauthor:creative:484eba21615341fab99300bfe20873fb,0,5ba5bc0e78ff57dad62c80c7c8ed7ff56472e4ac0b1fd403bda81c2555fc4cce,d77d2462081f51529f99557129f620e40966cc93a1852601ebd7a1811544473d
149_coauthor_odd_count_kna_t13,149,12,odd_count,,13,2,65,28,1778,1779859864,coauthor,149,0,coauthor:creative:f13ca6a2519e4ddcaf454f11968ed676,0,850789fc6d90727e4d7dbf10c6ab6e22f624934ac92cd72614a476b9f52d66df,9361f5c28629dd43e9e13ba21cc193dc277248b3bfb9f2697acfa7a1c90b75c6
000_coauthor_kth_last_k1_t1_rep1,150,0,kth_last,1,1,2,65,3,254,1768257434,coauthor,0,1,coauthor:creative:12b63e9bbb204e43a40cb95aa7a44b17,0,4367bd1d28e675dd5cbf4ce8453b6b3f4c0db5f073a8a77c21c42cb279c7dd98,8791e05f1a6903250aa72e1413c6bc25ed9a59f740b687d40885a9e374187466
001_coauthor_kth_last_k3_t1_rep1,151,1,kth_last,3,1,2,65,5,370,957646284,coauthor,1,1,coauthor:creative:22fbbbae605c469f9ee3551b6030e421,0,38d57275978f5d8b71c268b5e17d9ceb6357fb3c91c6d24b5c46f7e6e29cd78f,abb8d54231493f6098460ea4957ee6f853b8f6d9c291e11a3d33e8282fd92bc1
002_coauthor_kth_last_k4_t1_rep1,152,2,kth_last,4,1,2,65,6,425,327601760,coauthor,2,1,coauthor:creative:0cb1f752dd254646830cf016f27b9f4f,0,9f7e7fbedb1f44b65ca2380193320dc79a5baf3a40f9fb036bdfaa454fcba853,d75567661eb1a272022f41c9be654ffb8a56ace788bb14c635e215c9705d2a88
003_coauthor_kth_last_k6_t1_rep1,153,3,kth_last,6,1,2,65,8,529,789147536,coauthor,3,1,coauthor:creative:89d3dfa041f54a32ba310a2b34a4055e,0,750739911c8b772f74e7101c1da2316e898faa1cd48e8f15362a669792e2d69c,b22b36cf82b43ce2f8af3026432c69bdd9431c487ea959a6af57c5db3152a51a
004_coauthor_kth_last_k7_t1_rep1,154,4,kth_last,7,1,2,65,9,578,1774086246,coauthor,4,1,coauthor:creative:a754ad9eecca4d13954cf36eeda823b5,0,5a7fa8f4ed3215de264e499d5aef09fb22cf61f9846979638a92bae017fd783d,1fdede668fd9b80ec438329e2e8ef7a21f00656c0f6ffbfe80dee75786144ae0
005_coauthor_kth_last_k9_t1_rep1,155,5,kth_last,9,1,2,65,11,670,2111689729,coauthor,5,1,coauthor:creative:f1e80762c105424fa21955d4520b182b,0,83fe802a6a4fb4e714c441d07a5a8c23bc89fb886de14e0c95602ea80ab6b755,4979ac59f66a62f6e380e71eab399a4808f094cd56dd14c66a299626eeacda67
006_coauthor_kth_last_k11_t1_rep1,156,6,kth_last,11,1,2,65,13,754,421805065,coauthor,6,1,coauthor:creative:8231b08c98d34682b96603ad677c4806,0,869964d18364262f247623528a959dfbce02e54fb979a35b554ac629601cd73b,b35175a872d9ea8b7760c2944e75069d4de2fbd2c17024bceaf76481408da9f2
007_coauthor_kth_last_k12_t1_rep1,157,7,kth_last,12,1,2,65,14,793,259537431,coauthor,7,1,coauthor:creative:0676be9886614881a7c2f933ef80337e,0,a6e928921bd7cea25acb83e145ec090aa08de3ab79e216a5eb415d06aea566bc,907504a78ebaddd9d9b1ecc12143cddb52bfd4084b0b260a34171c43463c7663
008_coauthor_kth_last_k14_t1_rep1,158,8,kth_last,14,1,2,65,16,865,1480172670,coauthor,8,1,coauthor:creative:ba1b42a591f4447596e99b6c0a5164b3,0,ee5e7c48ae6d733754df3ab12b34e4d74ead815d78de1b40add709ea7b0bbd78,ad93791c3a9b533d90b9affbab7d9e42b0e919562a9ddedf24ad68d5ad904cae
009_coauthor_kth_last_k16_t1_rep1,159,9,kth_last,16,1,2,65,18,929,320842591,coauthor,9,1,coauthor:creative:223f27bcebb5496a850b7ce86d50e910,0,cdf629fdbb1c39cfb546d70a1006177e7633d04af024d92223cf64d7e1c16857,d80f5062a83020f8192bde637b734f0ac1cf4182c157c08845900f7503a73b49
010_coauthor_kth_last_k17_t1_rep1,160,10,kth_last,17,1,2,65,19,958,2026672059,coauthor,10,1,coauthor:creative:aa092c2e66ea48d89361cc668d7d4919,0,45d42a45c1e5a92012e6ff4c64862f60f1ca0379ba8bfb10aa8c5f83098dbc65,f54a3be387aba40886d79bd94bbfff6bc0697dca34c66196d28905c56627658e
011_coauthor_kth_last_k19_t1_rep1,161,11,kth_last,19,1,2,65,21,1010,1648297798,coauthor,11,1,coauthor:creative:50e2383a31544349adae9a66d596cdf6,0,acf2668081a4b18df3055e66005c06c760a0d5016b7709f2def33a3ce281d544,c64015bb931df22722a447eafe9478641b4b8936a9e0bbe99eb03b0df7036a4b
012_coauthor_kth_last_k20_t1_rep1,162,12,kth_last,20,1,2,65,22,1033,828242263,coauthor,12,1,coauthor:creative:b7687cecbf6c4c18a04b5b0b9b031cf4,0,c0823cb76f7b9be1608fa156913b5ef2110865838ac127505f293d1045afcdd2,9d69b587267dafc953cf3caff3f80a23f416f018343cac9ebb924d95d9faa9f0
013_coauthor_kth_last_k22_t1_rep1,163,13,kth_last,22,1,2,65,24,1073,691822373,coauthor,13,1,coauthor:creative:138dd7338a0f480584ca1deddb32f6b7,0,62f013dd75771ab072b593adc2d6cb0fcb9b517c1e8cea0a6f088359479f8db3,123bfc5fa5950ef5dea4af1beca8af183deadbeb6d85aaad945636f3648eb6e2
014_coauthor_kth_last_k24_t1_rep1,164,14,kth_last,24,1,2,65,26,1105,524432951,coauthor,14,1,coauthor:creative:e29599231e66474b8a524c23db775e47,0,39185f342c373f6a171d016b32b74c1336b9552a6e308d1be8082c8e3cd3bb84,99e2cafb496b8e69d889744fa76b69f2d85fee9f887b46dfda456526b787d4bb
015_coauthor_kth_last_k25_t1_rep1,165,15,kth_last,25,1,2,65,27,1118,436369910,coauthor,15,1,coauthor:creative:6a9dd4e609624942951409d15edb0ff3,0,ccbaf443e9c4ba5f36ed315918eb7ebc8ab1158e79fc0b6dcb8a0d20d7a1fd41,a61d072f4435ac637ceff744f3f2d1380e7ac0461761bf6514c7edeccb51e28c
016_coauthor_kth_last_k27_t1_rep1,166,16,kth_last,27,1,2,65,29,1138,1646097257,coauthor,16,1,coauthor:creative:672cbc4dddf545218344122b24e3fd7a,0,46fad257d9831929cc8fc3ebf7947a3e68cd407d6886c5528feee797bdfd1f93,412141fa9bfdd9b298ecd47ae919d9eff9465631f8cc4e2b0685079c296e58d3
017_coauthor_kth_last_k29_t1_rep1,167,17,kth_last,29,1,2,65,31,1150,2130361448,coauthor,17,1,coauthor:creative:cecb749518a84dce992bdcb9c97ec242,0,d8362d3b93c66825dda184f9d96ab4f0c79eeb986aa4869b818814b0e5bc447c,0de3cdfe6d69e2f1a5b706e0f2b0749c2c428e67a263e30546257e23bf31350f
018_coauthor_kth_last_k30_t1_rep1,168,18,kth_last,30,1,2,65,32,1153,1876602882,coauthor,18,1,coauthor:creative:98de646c88b04772b24503cb24056236,0,61dac3436662708385aba2cd2f3f5606111bf52fa1b316859c2602a4653ecd8c,09fecc873688b54204a9e6e53dcfc2647106f551d7ccdae11609d5a40bdf097a
019_coauthor_kth_last_k32_t1_rep1,169,19,kth_last,32,1,2,65,34,1153,1362364570,coauthor,19,1,coauthor:creative:f9a09da62e19479d8b2c31d3a494f11b,0,d5c221b1a84463fbecb1f47bddc27a49af0a2fcf648ff9e5a9a7be21710efb4c,f6d2bfa9bca6fad7f0691df3d198f62f074831eec15edd922ffe6c3f7baee58d
020_coauthor_kth_last_k33_t1_rep1,170,20,kth_last,33,1,2,65,35,1150,914935066,coauthor,20,1,coauthor:creative:fd2ec09a682148418ea610817afcc79a,0,e8bd22ca2c7320f05645fb3d82c0fb089e06f8f6e142c7b630e4c37e78ebb242,696983a42a0c6575a9533c34d959d6901f5a886b8b598fbbdaccf7e8946de16b
021_coauthor_kth_last_k35_t1_rep1,171,21,kth_last,35,1,2,65,37,1138,633951183,coauthor,21,1,coauthor:creative:7b0cd9f4cae6467ca5bcd8c5e0aed9e6,0,c8be67cbb0e519f2bff5382075e40e9d904833bc103e7ceaf18fa5d18f7e6f50,0b42c75bbfbb685edde72643a7201b5210131ca2f2951ba0c6c6bdb3d5b4a539
022_coauthor_kth_last_k37_t1_rep1,172,22,kth_last,37,1,2,65,39,1118,39360620,coauthor,22,1,coauthor:creative:36bc101319da4b3590b96bce76f7c02c,0,91264c38ccfd49e7f963b57238b79ff234045d23aa5a39d0d168256cf01656b9,d9082ae28bd216e83cba65f404ddd5a6583662186f5a9c0b36b06df964d14b76
023_coauthor_kth_last_k38_t1_rep1,173,23,kth_last,38,1,2,65,40,1105,722542640,coauthor,23,1,coauthor:creative:11142ca391e749809df56da90091adb4,0,d12d07864aa9b3973577c9af158b13429c0fde6260041700e3c12a884ec29636,0940293d69f941448d5fa1a1d2d55dd121ef34b04ff98324461f7e0252d451f6
024_coauthor_kth_last_k40_t1_rep1,174,24,kth_last,40,1,2,65,42,1073,459407726,coauthor,24,1,coauthor:creative:f1d6f13474954193babf52cc2eab9353,0,5877b301c9fa3e86f613a0e3a01fad65506c838773df9a5bd4fe4fbb120237d4,ad16706edc146289b405685ce6190b2ac92b3c21003ab539db949b165db10d27
025_coauthor_kth_last_k42_t1_rep1,175,25,kth_last,42,1,2,65,44,1033,1308630757,coauthor,25,1,coauthor:creative:2a078f5a483346d283b90b5df863f87d,0,76affec5dec63bbb757aba01bebd071e20b6f557c2a265bf4994d9c931f07073,298445306f8c440b16b495a4b0eecef633874b6a049f7b7c4c4b898e24bdab9f
026_coauthor_kth_last_k43_t1_rep1,176,26,kth_last,43,1,2,65,45,1010,486991095,coauthor,26,1,coauthor:creative:bb4c49c8ca6d4b818262cf983e1e2a84,0,0d2cc9f1c2f9c7bc2b6eace282b5b27f8cd454ae29303a023238f6d7eafd81bf,ef99f1520ff53a782043e92b7d2910643bd0d721f10ad025c06396dcd823bd80
027_coauthor_kth_last_k45_t1_rep1,177,27,kth_last,45,1,2,65,47,958,1103925040,coauthor,27,1,coauthor:creative:6ccf934ffb284b76b9fa7e57ecabd06b,0,63d7269dac76f00dceb44a25334b87e495b9b5f0cc43a99bf5e16f56502b2ca6,4dd0d0d986c8a711fdc423345dc2b51f09c99a549643afec6e622f49c1c44268
028_coauthor_kth_last_k46_t1_rep1,178,28,kth_last,46,1,2,65,48,929,554583460,coauthor,28,1,coauthor:creative:377cda39f77d4be6bc47879d076b79d0,0,9bd5e179c414040f476acb5df2bd2c9e03d0283b23e0424d36ae501028773e6f,768ed89d5236a938c5a318eb857d5fbe74d118725f9be75f868a894e110c2b50
029_coauthor_kth_last_k48_t1_rep1,179,29,kth_last,48,1,2,65,50,865,1175729428,coauthor,29,1,coauthor:creative:fe4fd11d3f6e4386bf7ec81819c5ff10,0,81caae26b04ba42129f5c34464f8cd98a80e61a3005d0069463101ac1455abcd,e24c2ed6f0cd99229f23625859af74b8ca7f30124813b54ac669b307ce04e38d
030_coauthor_repeat_after_k_k1_t3_rep1,180,0,repeat_after_k,1,3,2,65,6,439,1035163104,coauthor,30,1,coauthor:creative:5773114053f147a69bd6790843ea4fd8,0,248e3384b76a297839d7763a1869db4b4d93631e036ad1390466dfaa7651d7b0,c367c9c70b9cc53982c899b9ad5817bad0a4940bfb8ba08d3352b5d1a554e0cd
031_coauthor_repeat_after_k_k2_t3_rep1,181,1,repeat_after_k,2,3,2,65,9,618,1695917781,coauthor,31,1,coauthor:creative:b0a2fd2acd9f49ebabf15233e8711c0b,0,2e4437069e67f1a66806f1d79ec5e3b880d8899c5570ac91354d115e00518817,04df0271bff2913f650c740c97be058caf1ff65e59fa5e9f48fe054277bed719
032_coauthor_repeat_after_k_k3_t3_rep1,182,2,repeat_after_k,3,3,2,65,12,791,100836408,coauthor,32,1,coauthor:creative:d9389125a7624e34a2fde4243f88bdd6,0,58f25d0378186af520618cf4f19843781c8542d8b6ee5c08631331767b55b101,5e4e4caf13ed50ce0abfa115004993b8cfa1e1de7d93fd2c4f052a805cb87823
033_coauthor_repeat_after_k_k4_t3_rep1,183,3,repeat_after_k,4,3,2,65,15,958,50416720,coauthor,33,1,coauthor:creative:e473b59b1628452f9d7ac68bea6d36ff,0,671956ebfd7581e468a5d4fa411829427e6a93b047b42c46cb62067ddcc44eb2,a7e2b9d0e741190624e128761227a92d86f78d27f731f9de5c9c91755d50c266
034_coauthor_repeat_after_k_k5_t3_rep1,184,4,repeat_after_k,5,3,2,65,18,1119,704020099,coauthor,34,1,coauthor:creative:961d4965c2c94d7b98223b2f3c9eb30a,0,1c29a59cd5dfbc7b8ca2631fc8cd3b00e34d698fcbf5735542baf50cb85cb618,92f83ab8c4498d9611135a570266266cf61b7e03e698bb461f20680214de3e3b
035_coauthor_repeat_after_k_k6_t3_rep1,185,5,repeat_after_k,6,3,2,65,21,1274,906234460,coauthor,35,1,coauthor:creative:94e6de534f4b4e2d965348fc3f4e317d,0,99265c77896fd94663f90cffc2e6541ace618f3c9ff3efc535d66b929cd89209,6b23a823b292a7b4eedb79b80f4784e3a56498647aac02058686f185cc32ef97
036_coauthor_repeat_after_k_k7_t3_rep1,186,6,repeat_after_k,7,3,2,65,24,1423,2047505644,coauthor,36,1,coauthor:creative:8485dc74018447939e7fd20e351b63c9,0,7181ab85b19097f1d2c879813b9a681f1c09dc79fe95e201feeecab3abd2ec5b,947915fc78b03624f2f68f735b5718f34af2fb99ae2c0e8e5ac5aea4f1f6a518
037_coauthor_repeat_after_k_k8_t3_rep1,187,7,repeat_after_k,8,3,2,65,27,1566,1591393197,coauthor,37,1,coauthor:creative:050118bfac954920a524e7070132690b,0,4176aca7e3c993e09e3857da8245466247a590eed9b22f076f4aa081523bf3bb,595cd2ca4089be258923d17c361471f300e87c3bf0e6789228ab6e79eb5c54c1
038_coauthor_repeat_after_k_k9_t3_rep1,188,8,repeat_after_k,9,3,2,65,30,1703,1354829003,coauthor,38,1,coauthor:creative:826e515ad8af4f68a59534c15844da37,0,91b5928ee98b2baa9162cd19c469f7c520ac4508d665e11c37058dd97a4980a3,4d8b51c418c966c34eb723927b644a342fc89932a438b5c4f8beb7d578f5690c
039_coauthor_repeat_after_k_k10_t3_rep1,189,9,repeat_after_k,10,3,2,65,33,1834,960241455,coauthor,39,1,coauthor:creative:f58ab329f0764998a66dc23a54e81abd,0,3718cdb038944c798b30b16cf6afed7bb3f39c440edb098f86021a4975476d29,d9f437b7a63008fbb02435cf626e1e9e4ee9fb8f30e6d42204782181678877a6
040_coauthor_repeat_after_k_k11_t3_rep1,190,10,repeat_after_k,11,3,2,65,36,1959,1428620970,coauthor,40,1,coauthor:creative:b30d52ea5e7346b19568167cfd2e47c0,0,d47696b63b21b8619edd8094e537682f2eb2eca442626132da83812fabd1404b,b6990afac9cb68123b0f5d8c0c39e66b33ecf6c2bf4f0acc0b41db5441bc8477
041_coauthor_repeat_after_k_k12_t3_rep1,191,11,repeat_after_k,12,3,2,65,39,2078,1757542323,coauthor,41,1,coauthor:creative:c3c445a6c1d34b329ec1ef4acfddd30d,0,d11b82e0edfc4efe026c1c07e6cb7bde6abf4392f90c5f7d4bb08e37e4523558,45fbff1f9c0016c2d7059b44468d4dd2c897c3f9eeb41c2a718d3e938e927aa0
042_coauthor_repeat_after_k_k13_t3_rep1,192,12,repeat_after_k,13,3,2,65,42,2191,138572706,coauthor,42,1,coauthor:creative:f878effe792c4076a90bf4b69daf33e7,0,8b8860d4e0155d27f9c41e511a873733714252b84e5ade63f6e976ec10c72c27,c77efab23ef504ff396eb8b459b247f7a57f94617d15cfe79fc43d69af0e2895
043_coauthor_repeat_after_k_k14_t3_rep1,193,13,repeat_after_k,14,3,2,65,45,2298,1470878335,coauthor,43,1,coauthor:creative:c9c5b78df4384aac9a2e8ebd121cca65,0,737e055723eceb917fb6bc21bf6c0734305649110ac0d9a2132093e349c3fd6d,1347bc11d22a4abdb752affe384f151ac1f33336be28ac7698399ee3e99f1162
044_coauthor_repeat_after_k_k15_t3_rep1,194,14,repeat_after_k,15,3,2,65,48,2399,827887583,coauthor,44,1,coauthor:creative:b65e8358d12a498fa442f3d1072c4bb2,0,96c31b98fa8e72bde8e3570dd183dbb0d8860d1380a65a7a5b9fab2bbc0617a7,29808c7917594816b1b7dbabeb040dcd701e8eb15218e27870a5f3060948e3cc
045_coauthor_any_token_at_least_k_k3_t1_rep1,195,0,any_token_at_least_k,3,1,2,65,5,370,1259986716,coauthor,45,1,coauthor:creative:1bf54732c8a34ff6bc71dcfe7357629a,0,920644a4563417ea314b0eab68429cfcd9ec554f25781e4a04b130364e29795c,fd7c4cfe85c70fadab471990ad5b08962867a2406757f155b5be1ef97ba46bc8
046_coauthor_any_token_at_least_k_k3_t2_rep1,196,1,any_token_at_least_k,3,2,2,65,9,555,971248878,coauthor,46,1,coauthor:creative:b48593a56908434488ca3c140744c642,0,362c8f3499c9aa799102c43dd415feaedaba11c893c9a3fcf2a75dd70c949cdf,064aae3a7e0d394b4da0f54db06abeb2559c834a2fd07700386f00d495de7259
047_coauthor_any_token_at_least_k_k3_t3_rep1,197,2,any_token_at_least_k,3,3,2,65,12,740,743599744,coauthor,47,1,coauthor:creative:ac6634d8cd064dcb84b08c0eed768c3c,0,9e3180f79dd21862aacea251758f748eef4497bd2c9b0bf24083f42d68c9a69f,901ae2bcd450cd2a8b3ddc99b0552b9e6d8bdd0abed3153860e3d393843097c8
048_coauthor_any_token_at_least_k_k3_t4_rep1,198,3,any_token_at_least_k,3,4,2,65,15,925,1794507973,coauthor,48,1,coauthor:creative:4aadf906bfc84b4f980b65c44fe483e8,0,f818e9a9cf65b9f46fbaf18d0835f50d54f62ce22c2885a714142eeb383a18c6,cb94979098df03455ffaab5449fc76c5222bafbcfa0ffea1b5293e86a324229e
049_coauthor_any_token_at_least_k_k3_t5_rep1,199,4,any_token_at_least_k,3,5,2,65,18,1110,484008016,coauthor,49,1,coauthor:creative:8c04c390a801420a9772009868a6c4f0,0,f234e6da6828d1abf9fbc17b6cc8793d8292f02738b6cf3263c9961f3d9041b5,ecf2359c4d74e90a15b9d13ab1316539e4e875b7eeb5edd9731f16e4e1286dfa
050_coauthor_any_token_at_least_k_k3_t6_rep1,200,5,any_token_at_least_k,3,6,2,65,21,1295,1797147196,coauthor,50,1,coauthor:creative:cca8806768104c18b972db618f17a37f,0,2424931e05bf2f2ddab21bf7d77615b74d0e45d022b7f191a6206b37609792bc,66d86df7b1b8a013d8f8e938bb350136e1f827a900d129284974f4ca79b17631
051_coauthor_any_token_at_least_k_k3_t7_rep1,201,6,any_token_at_least_k,3,7,2,65,24,1480,1772759359,coauthor,51,1,coauthor:creative:0c7bfadbd8db49b4b793e2a46e581759,0,6c5a18e767849f3cff2db997325a835fe2d57d80c4a1d0271e3e2bdc794e365d,a409d500ed8303cf9a8804c8775933491ec6b250fddfe044c3a30ef322ab3b16
052_coauthor_any_token_at_least_k_k3_t8_rep1,202,7,any_token_at_least_k,3,8,2,65,27,1665,1168209622,coauthor,52,1,coauthor:creative:5db9af9d7eb8449482b05842af955c63,0,aef19c09960d70d011fada705275fda5d87575bf9a3778bc5f5f4c24caba697b,20b220b875035a49f66b17710e14eb4d6c5bd5c61432abad76183d1dbe8bf416
053_coauthor_any_token_at_least_k_k3_t9_rep1,203,8,any_token_at_least_k,3,9,2,65,30,1850,1625975890,coauthor,53,1,coauthor:creative:931c030acd5e41b1bfac856da1aeb8e3,0,432e39843a9922744a83a4233b3e1946ab805d6b8abfa5ed76e52c09a3353f93,492734cd9ad89c049ef314518f2eccc69c59d7a645b76dfa716468e9b449853a
054_coauthor_any_token_at_least_k_k3_t10_rep1,204,9,any_token_at_least_k,3,10,2,65,33,2035,1445338103,coauthor,54,1,coauthor:creative:605b87492b46451d8a0ece93161368fc,0,910e3f3c7c87e0c5500c14a352e28eefeb18ac3011687ccb5be90f0d8270acb5,bd38f3b2b8de073603ecdd747890c5beb0ee1f5187004feb4c3055c041dae56f
055_coauthor_any_token_at_least_k_k3_t11_rep1,205,10,any_token_at_least_k,3,11,2,65,36,2220,503443445,coauthor,55,1,coauthor:creative:dc47866606824cc9bc59e54890c2ab22,0,29c04bc728e63849a09a3e649903f1916a69c3c45a03d9c9be3bb476aca63d7b,dc85da7109478ca2af86ec8e01e197f689a19b49d7222b234ed1c84bc5340cb0
056_coauthor_any_token_at_least_k_k3_t12_rep1,206,11,any_token_at_least_k,3,12,2,65,39,2405,2051952043,coauthor,56,1,coauthor:creative:af58ab552c724ef2bff4dd8108581e1c,0,59eb1018cc9979c9f366e3fd9693453b7ab30e412686362543b1a054d9b97e76,4ed604b620c527744619c74cf6d1c528c78165a592862eb5aeca936f74685c5f
057_coauthor_any_token_at_least_k_k3_t13_rep1,207,12,any_token_at_least_k,3,13,2,65,42,2590,408830517,coauthor,57,1,coauthor:creative:bbad29dc74f346269cc42a7563e4c865,0,73be87314207e7b5d96be5c15f720641e0bea378a5224286649e9a84fc66b5f6,9e25bb97ef28d37d3e6e4a0c43491507b784a1032da42597abffb78e446bad06
058_coauthor_any_token_at_least_k_k3_t14_rep1,208,13,any_token_at_least_k,3,14,2,65,45,2775,936863803,coauthor,58,1,coauthor:creative:6eddf840a84f4e48936eb1928eda184a,0,995587b5ba87556d2b7d9b654ff7f0c4d2f8a17ca7ccd1e772a31fef5d16a283,8c9804626535ee1a0f6306434594356355574f202edcd24644b61067adad7844
059_coauthor_any_token_at_least_k_k3_t15_rep1,209,14,any_token_at_least_k,3,15,2,65,48,2960,2134436321,coauthor,59,1,coauthor:creative:65db59a7705345ec88f5aafc812951ef,0,b4af327fbe0b87c6f589d8e97e628405e98b10388c48bac1894b5395f133821c,a92cfac17f1e85410004ee184fba2caf44e3445160b62ee5df3b3e489f926481
060_coauthor_exactly_once_kna_t1_rep1,210,0,exactly_once,,1,2,65,3,254,1768087691,coauthor,60,1,coauthor:creative:c0bda7b135404137b66b5ade3bf1c8bc,0,ea468ff2d2d27da431f818d067b6f8b13bbd07ce51c0ef9c7acfedb40e7137a9,197b689ec6e04dcb35f9180f0df50acff5bfe9ade6792155b886c48eb0264f02
061_coauthor_exactly_once_kna_t2_rep1,211,1,exactly_once,,2,2,65,6,381,1597078504,coauthor,61,1,coauthor:creative:13ff0c5ffe4341a8bcec84ef343a9359,0,080aea6f749b526e430803f2aa8073eb6c1c78210839d8bf31d68a628280ad59,cbf004e8002a633747312c6954c27517e43a89c05f5e1b4c9c55db21fe236ff3
062_coauthor_exactly_once_kna_t3_rep1,212,2,exactly_once,,3,2,65,8,508,563388754,coauthor,62,1,coauthor:creative:8619af4decba4fd0b44bd0194df73038,0,b25c2dae3433ba7f7f610dab41f64000bc2a967ae05e45f78d0854c2e6513038,e8407fbbe846af5a4d3c0598f2e12509ff5824e99db065c4a86320f6c3bf173f
063_coauthor_exactly_once_kna_t4_rep1,213,3,exactly_once,,4,2,65,10,635,1744034106,coauthor,63,1,coauthor:creative:272a45b11c944afcbf51b390caa3a6b0,0,8d3047707e514f85e85d1b15f138206e914a6cf569f604026e2bba6c0b6bd38c,c301f190db1815f0d21de42fb7479dce3775799634241f3b06f34d1879108e6e
064_coauthor_exactly_once_kna_t5_rep1,214,4,exactly_once,,5,2,65,12,762,2004608851,coauthor,64,1,coauthor:creative:9dc52675bffe43dd8a9359dab52e711b,0,cd7e46b21cdce79c3c7756c27103ac7bb00e2550b62ce0b1f6fb5043bb9bd150,c6c8c18de3e8989fb3e7ba4b9bceaf9e1551d2a1f10b3b5b9645aecdd0d23242
065_coauthor_exactly_once_kna_t6_rep1,215,5,exactly_once,,6,2,65,14,889,452716857,coauthor,65,1,coauthor:creative:ecdf98683b6641e3b99127df3ee66854,0,44ccbc895dc28209638190f02a8ddb8cd50c7a02c76dc91cbb977664b0acc788,53316c53473caa53bf9cee37ff704369492febfc5aa2d394b5b78b73e6168ede
066_coauthor_exactly_once_kna_t7_rep1,216,6,exactly_once,,7,2,65,16,1016,93540328,coauthor,66,1,coauthor:creative:cf3c59ec3ff64c539da0ee9633dc44cf,0,33da41d8c3d82838c77ea0eeb5449ebda51470d23bcaa7ce5484a6a54d7354da,743bc66e78f418b36dd93b48ae6a35c25a5ac562a6c0556e83e8743f69617621
067_coauthor_exactly_once_kna_t8_rep1,217,7,exactly_once,,8,2,65,18,1143,1091413720,coauthor,67,1,coauthor:creative:8499365ffee244d39a7d7faf479fea13,0,699e21be0c592f64a35adffe1a9119819c11f40eb86d224f9062f496a8b9cbaf,72528271b708b7a881f580d046d7e9a31416ba7bf668bff09f21908c75bb62b4
068_coauthor_exactly_once_kna_t9_rep1,218,8,exactly_once,,9,2,65,20,1270,1703782505,coauthor,68,1,coauthor:creative:8f7e2949da2c45e597b39ee6e3f85d84,0,4b5a09a3623050997924bf06188726cd08659362ceacd20c42582a2637e6b06a,895c080ef984ff9282b67ea0ec0b967656c9c920ac46cb3dcf8d37d5fc9cfc11
069_coauthor_exactly_once_kna_t10_rep1,219,9,exactly_once,,10,2,65,22,1397,335723317,coauthor,69,1,coauthor:creative:5d3c9dbeb3e04c82ac88501a6668d530,0,514aaa902a5ca754c799cf5787a38991cc00067c80ae257b3d1275c8297328b6,1aacae18411bf082bc8a532127708e89ac3c8b66b5e8c6e2a82b4d0f77e92f96
070_coauthor_exactly_once_kna_t11_rep1,220,10,exactly_once,,11,2,65,24,1524,1763787249,coauthor,70,1,coauthor:creative:2a907d5c4723445c9c9653cb1ba65876,0,19ab72e60e884c29920d7128064a7695790639d274454ae78462cb513014acd4,9f60054e0c558934f40e6663f594b67653b7b3331bbd62df6360e624ca10ff0f
071_coauthor_exactly_once_kna_t12_rep1,221,11,exactly_once,,12,2,65,26,1651,1910717667,coauthor,71,1,coauthor:creative:56af97b16b6d444c8f8d55c740550837,0,57e45d87cee09af5b37839b60e06e2c4c6447ed4fc0b1cdfa43654f5d43356d6,a386a5208914644a23cc22bf263791eda86fc4a4438abf658e1768177caa295f
072_coauthor_exactly_once_kna_t13_rep1,222,12,exactly_once,,13,2,65,28,1778,89215009,coauthor,72,1,coauthor:creative:e4bf8d4c04c743b39fb94f724339f642,0,1088bd78c0ef500077ada511724e792962217086e55b597ab2ad8d709012c0df,685d740dcdaad4c7337f3e910b4b325fe57ad01c17b75da7b88dc38d8a112d86
073_coauthor_exactly_once_kna_t14_rep1,223,13,exactly_once,,14,2,65,30,1905,1100254534,coauthor,73,1,coauthor:creative:d55f92da75db4afbbf0cb0bff4cae8c0,0,cb7786ce06711b50ac3b85f5491ac7ac5b77d9b1a104284360c7a3fa8a70a31c,b7e3b3b5adfba17edfc6e07ef02459349c674a2d8a5a4f47710f176ea5b80f46
074_coauthor_exactly_once_kna_t15_rep1,224,14,exactly_once,,15,2,65,32,2032,1083809106,coauthor,74,1,coauthor:creative:7481e5512d9f40959eebccd763d6ff87,0,02a34bc278a4c27a497d4a8d32b8d137876abe5b6d4b7308103d2df7106c65c4,03c97846c5beb437d26662e78ba4710d0a6d16c5cbebbd5fb8b598eac081ba9a
075_coauthor_exactly_once_kna_t16_rep1,225,15,exactly_once,,16,2,65,34,2159,1064513949,coauthor,75,1,coauthor:creative:e3d026e8ecb1421ca9ef198526fd4633,0,937a78e96e7c7766aeeeb6df5b185042ca6246761425ba4edbada9a59d0576f7,efb4f9442c0028cfa7e812989f9f6ce9c81c92794740c161e8b7db7ea016335b
076_coauthor_exactly_once_kna_t17_rep1,226,16,exactly_once,,17,2,65,36,2286,1374481535,coauthor,76,1,coauthor:creative:e139a4f9ea0c4ea3b7b3481eea070f29,0,071a0c8d2a28f86d76f8addf9afc6b9d9f16082215dc97cabdabf208732f272a,da9518fefcf87d5c03390a768875d0ef57766328955d4ec6d4303681be6a8bc5
077_coauthor_exactly_once_kna_t18_rep1,227,17,exactly_once,,18,2,65,38,2413,643259441,coauthor,77,1,coauthor:creative:eb15a76230f74cf781b0ace876dec6de,0,7fa6ead7b0b28d205fbbd31f583b78b7b5eb5b2456996c5f536de172461f017e,6b768d6e7178ab0a554f03a0d50b3237474d4289a2b0e409d0f9f47503de505e
078_coauthor_exactly_once_kna_t19_rep1,228,18,exactly_once,,19,2,65,40,2540,560568609,coauthor,78,1,coauthor:creative:82eec1c4618e494c88253f4e5167fc26,0,0b0511d11199ce9bbb8a0862674e5a5872ca7a19ed2adceef66ca8f01a0ea8e5,28dccf2457a0cdbcb62379d2b7e1b2f602bb8b950fcae63e0e6a680bae9aab8c
079_coauthor_odd_count_kna_t14_rep1,229,13,odd_count,,14,2,65,30,1905,579724040,coauthor,79,1,coauthor:creative:23553b4984aa4e4a91326ebd9393f01c,0,5c379e6735813f265a0f31b12bd391ae5e4323e91c8ec5bdbe483657e06a16e5,0c79f15a061f8502ab4c27c0609ce960928f6cf668d1820382bc736b77cf9f02
080_coauthor_left_not_right_kna_t1_rep1,230,0,left_not_right,,1,2,65,5,313,1278300963,coauthor,80,1,coauthor:creative:85bb144c94404f85ad2931edf1bcb8ae,0,82da983b5505901699e3204a54c1247333892e632663639457e0bb604b56b0c8,ad331a6e3798eb7174453ab3ca242bf68396484a18be9efab11521e8791dad51
081_coauthor_left_not_right_kna_t2_rep1,231,1,left_not_right,,2,2,65,9,501,1545974725,coauthor,81,1,coauthor:creative:f64a674b006c4fa6adaf1bba48049f6c,0,96df3a6f9488201c908e37f53e594a92c089d7b0b3ae2e3e7ebea37c740f02cd,02393aca97ec13c4d33f7d8301f05251268c041494d6558719853776ddedf9a3
082_coauthor_left_not_right_kna_t3_rep1,232,2,left_not_right,,3,2,65,12,689,813384807,coauthor,82,1,coauthor:creative:6938b4a468aa482ba459d2fbe140cb30,0,5ce4f7be59014d87c372a65effe8f6adf9c00516e694887a403cf4594f4f1ec4,620bab2d01180099411bfc3b7c95b13b40682a824c7a08a1e06c34abfaec5c31
083_coauthor_left_not_right_kna_t4_rep1,233,3,left_not_right,,4,2,65,15,877,714953310,coauthor,83,1,coauthor:creative:543ec3b66b0c47269e9737a650da21b5,0,84bc5f2d1c92578d26091d7f1bb9a34019f9c706d6502e62e5a4beee29da8195,aa39cb7575aa5a4b13c85f4f40daa783d54209d2a116889ba4fcaef91209cced
084_coauthor_left_not_right_kna_t5_rep1,234,4,left_not_right,,5,2,65,18,1065,590089531,coauthor,84,1,coauthor:creative:0886ac6a67c34849a08ccb15134f3407,0,72ce8b491db7600ddaa8eea975156954235978891955e205d81c4dbccbe0a80c,a3b61c1eb5f3f6fe05af5b3ea9f748ead3c2086c29b3f16fb666d962a8f2fa9e
085_coauthor_left_not_right_kna_t6_rep1,235,5,left_not_right,,6,2,65,21,1253,1810415085,coauthor,85,1,coauthor:creative:1e71cd3d266046fdaeeef386a80a0781,0,d16a4683c0264292606266053f070ba0cb89b3f741b1811723e019ba5487b16d,490bc2e7a21af22dea3fad1a8577f6bdc0e339d68ce44084c1a88134dbbd4100
086_coauthor_left_not_right_kna_t7_rep1,236,6,left_not_right,,7,2,65,24,1441,2038199862,coauthor,86,1,coauthor:creative:01650a401e614c38a04a904165a5784f,0,5dc21bab0831eb78e20c9ca0f172a7fbcb96e888fa64956ae969797397d7bbdc,e07dc60eb9cc21d3117f2241be7b8adf65f61c6d295b88b6ff7bf238afdab622
087_coauthor_left_not_right_kna_t8_rep1,237,7,left_not_right,,8,2,65,27,1629,400805508,coauthor,87,1,coauthor:creative:a373cb5e0c8f46e5bcbdcbd8ddac8227,0,95dbfb5033f2379037555af80d693a42612ecb4253541cfe693bceaa56d1f49e,9a0df096727af025af583be5bee7c2a58da18a260c0adfde1d5a3c5c2a049180
088_coauthor_left_not_right_kna_t9_rep1,238,8,left_not_right,,9,2,65,30,1817,1735353644,coauthor,88,1,coauthor:creative:b3a1b8cfb7d94eb3a615600d440a0bc1,0,ea388470f4025a9ca1c0a8b6d14d1bb732806948752180974e75f987bac06cb6,4b3028c54429841434ef6f8ae007f406d872d8dece274e4bdb4e6b854e1778fc
089_coauthor_left_not_right_kna_t10_rep1,239,9,left_not_right,,10,2,65,33,2005,1864851287,coauthor,89,1,coauthor:creative:d99c239ccb2841f6bfe743f865126332,0,2125ffcb62bb4709045727eee29d2c613ec75c41ccf76e72ba24802aa3f1ee1c,0cdeda940f9ddac6144d302d3c37cbfc49991383ae0cc39c3ede04231159c89f
090_coauthor_left_not_right_kna_t11_rep1,240,10,left_not_right,,11,2,65,36,2193,1927732778,coauthor,90,1,coauthor:creative:d1aad60e3f7f4dd68721bfd157247a99,0,61b8c8af456494567e884cf992fb99fca8c3b96f22bf4bd8e80f06b3dfcf204e,489186ad85f756b32e5187c6ababc98c4b28c0d1a525aa0e2bc03cc57de624cb
091_coauthor_left_not_right_kna_t12_rep1,241,11,left_not_right,,12,2,65,39,2381,314198940,coauthor,91,1,coauthor:creative:dc2078ed9a2d4ebd84853c014639bd1f,0,2822a10289eb99697a980cca4aeae1e34798f53684750fd120f3a790c3148729,da8b900e31934e886d82febe16ba539af5df5b7619a1ef0669ba51b2537fa79a
092_coauthor_left_not_right_kna_t13_rep1,242,12,left_not_right,,13,2,65,42,2569,561905364,coauthor,92,1,coauthor:creative:767134bda38047aab8a6fa3221b6880e,0,79f24b2250d65ba90e500da6eef535c6bc165c411b1da1c916d83013e8194725,e3e11f7219850b36bc17aa0ef36428358746bd6c6a7829b296d17e73f4ec2178
093_coauthor_left_not_right_kna_t14_rep1,243,13,left_not_right,,14,2,65,45,2757,2014808911,coauthor,93,1,coauthor:creative:374e55af5f8642bdb6134332a8c6bc20,0,7700fe76d27b983fc95730884cf889c0e42925569974db4dee33309a88f6acdf,5454afd80929bd54be9d75aa9d4adcf57beb2030825eac419a6876e524d97cf0
094_coauthor_left_not_right_kna_t15_rep1,244,14,left_not_right,,15,2,65,48,2945,553398889,coauthor,94,1,coauthor:creative:6e886e695d98418e9eaca62a07bcef02,0,164c119fc8143338710248dbf935a7053306d1fec1431889d24015dd669b1b70,66b41e1f967c346e868a9ca1d6161804a3643c10fa58f442f80baf5e75deab07
095_coauthor_left_not_right_kna_t16_rep1,245,15,left_not_right,,16,2,65,51,3133,117592634,coauthor,95,1,coauthor:creative:dad69fc8dcfb4971abbe3d4013bfc6ce,0,b26a8747477c113d6d424c0501e5fce295a2b8fa8f737b8e0c37623879b796b9,2e9bcd8eced531916cb78141330f93b5da05c47f2b1b42f623eb9c8e5027a2cb
096_coauthor_sets_differ_kna_t1_rep1,246,0,sets_differ,,1,2,65,7,439,1122122241,coauthor,96,1,coauthor:creative:5ff4b3f9999047f6858c878df9638bc3,0,4f8126b83ed15a1c4c8e3971cdc701818aa4fe7cbf74c27f636d4f73b989b4cc,851cad30af4926ba0531fec0e63c509f699aea796d7299ca538477cd81e0439f
097_coauthor_sets_differ_kna_t2_rep1,247,1,sets_differ,,2,2,65,12,690,2048344142,coauthor,97,1,coauthor:creative:1da7eb35b68842dc9b5017abaf1359d4,0,5905704515db39761afbce22a4309dd4a03c2340267c75f0442ee02333d2f52d,7c602fb9c904080b05373e57b8e2c7fb03b9b0c3bf2dd86fbadf6dbdc222162c
098_coauthor_sets_differ_kna_t3_rep1,248,2,sets_differ,,3,2,65,16,941,723810668,coauthor,98,1,coauthor:creative:a09cbbf5323a4bd2aa5a2ae775258c38,0,d1c46241b70cd73a85fef5fa15ac309e2c3dc1d0ca90ce5b7d838c6ec51575b5,9fb06bc8b20066a215a7c479d36cf00da73c55a4d21d810ea7336a764598c6fc
099_coauthor_sets_differ_kna_t4_rep1,249,3,sets_differ,,4,2,65,20,1192,995926839,coauthor,99,1,coauthor:creative:e81d6b763cc44618a315a087b3ff155c,0,a992b3e0fbc15b0031e9ded2c57ebd673d3ab4a62783e9d4bd72188ed66000c1,77ec2b4e899e21b97c7bbf729749b9be230420d4729147370ea547cec6a80881
100_coauthor_sets_differ_kna_t5_rep1,250,4,sets_differ,,5,2,65,24,1443,233422806,coauthor,100,1,coauthor:creative:749e032914384e4da8f2392a19066b89,0,544531043c6a657d415e5f2d9dbbfbf49c938499c90457141322be370bc2ea94,275dad9a780b6c23810ab0441e6c6b329bb85c042cef7afb7e82e80e08a65ff0
101_coauthor_sets_differ_kna_t6_rep1,251,5,sets_differ,,6,2,65,28,1694,31228033,coauthor,101,1,coauthor:creative:9a29f841869a4fd98cf358da50f4a340,0,7cba62c21ae14e7959cfedd0ea74f52a064d59915c3bddfff696a125315ad0ed,44e1b97da9ee36131daf7df99a9fb75612ca6a32cd210aa4df9bcaf0dd5aa55c
102_coauthor_sets_differ_kna_t7_rep1,252,6,sets_differ,,7,2,65,32,1945,457634185,coauthor,102,1,coauthor:creative:947065accb8b402c98fb2aa62a497842,0,ee57ed8c4240fbf27a17c569d14ae63e7f8b8fd4e80afdf5e824769c531da73d,0b50f07af9e621e9ea523c063a395aaad8910b9d3726e274d815640b91f4977a
103_coauthor_sets_differ_kna_t8_rep1,253,7,sets_differ,,8,2,65,36,2196,388848176,coauthor,103,1,coauthor:creative:1e6ecfa3fa7c4fd7ad7c10470546f654,0,378c7251fe981c07c3b57ff37d540357b2de1b382a66b492d6b39fdedfe57146,465e8919448bc0bc88c54404d32414700bad16d5cb762250f879ba7d7203b20a
104_coauthor_sets_differ_kna_t9_rep1,254,8,sets_differ,,9,2,65,40,2447,73890030,coauthor,104,1,coauthor:creative:4d44dbfbf4b34c8a9e28065b836b5893,0,551e2b0e7374205643aba64257af8943a93c0d42e89bd33a7fd8968160f0059d,b59f435508df1f40a8d9b656dccc21f25a301181337b4a2bacbd99583052fe61
105_coauthor_sets_differ_kna_t10_rep1,255,9,sets_differ,,10,2,65,44,2698,910446593,coauthor,105,1,coauthor:creative:76c3366d06584c42b5c0d1af41b63ccb,0,914ffdfd538f318edd2bbe3607ce0cc3b85ef1aa4c4545c84fb273f004854ac5,b9c9a44f4258c7ba5478b37b6e3fe1e5285017b459cad7fa2387f1aad3c8f358
106_coauthor_both_sides_kna_t1_rep1,256,0,both_sides,,1,2,65,6,370,1595653920,coauthor,106,1,coauthor:creative:6861c7f0f19645ffb563275d11fad363,0,ef0cdb348b359b06d7a9f9943bad0a77ce53d5cb4a924590e66698fe9c1de6fa,0561a938a47b79d9d64cbdfc770904489b4230fd8fa093aeec2d4cb4a8805dda
107_coauthor_both_sides_kna_t2_rep1,257,1,both_sides,,2,2,65,10,555,986557597,coauthor,107,1,coauthor:creative:bb89b8b76a9847f9ba0d7e67fc4fc23e,0,33e270eeeea0d8ebc01c34edc71745e89838b68bec8371bf3d4a63fb72ce6728,48c6b748b30b22c2c2d3214260362cb7ddba780142d1f6056db371d496eabb27
108_coauthor_both_sides_kna_t3_rep1,258,2,both_sides,,3,2,65,13,740,339318600,coauthor,108,1,coauthor:creative:31794aa2de5e40baba2dfa6f59e03d15,0,b8349a077c876dadb9ba56d839380c09ca00b96f4074793c4fbafbd347f4326d,eb3e161e38a21db4c3b928e82187e06adf34f11c85dfb804c7f40953c2557e28
109_coauthor_both_sides_kna_t4_rep1,259,3,both_sides,,4,2,65,16,925,466499894,coauthor,109,1,coauthor:creative:815f2133a4634d7b88b1697b1f8a5d1e,0,f11bfd033effff0f4f81a82ed7c2c0965b6e2c0edc775569e8e570ff684fac16,9876cf05efeb27c03432852bca3ac73abb89e798c05c1c9b8626e11c419b5cd5
110_coauthor_both_sides_kna_t5_rep1,260,4,both_sides,,5,2,65,19,1110,1470512668,coauthor,110,1,coauthor:creative:1763bf2d3371474ab481253b7731c586,0,66115629ff36ff2a836848a493009960c62e64006a3685246e202531af6c15bc,28688d0c9537c1d8d0a84213999df03c97dd1cbc336f198fa6f58db40b88a5e6
111_coauthor_both_sides_kna_t6_rep1,261,5,both_sides,,6,2,65,22,1295,982034088,coauthor,111,1,coauthor:creative:b821e4ee78184af086b8e229b0387500,0,1411aba6781bfa9ccc1d33645922341f488705b4c706e9d91335c482316925ef,f70536deb7bbd0ec2ecb766ab482d845581d999c25ebc914ec9040e149a8fdee
112_coauthor_both_sides_kna_t7_rep1,262,6,both_sides,,7,2,65,25,1480,1376881769,coauthor,112,1,coauthor:creative:099ea17dc4c24eba8603270c97edd468,0,50e9b3883110c0e293b6444ce70f2ba7c43d42314ddecd9b8ed8804654793d95,73d7ffc12b1a4e4b4325cc4c2ffd0a80c3620414c343df3b1592a97f0c4d6b24
113_coauthor_both_sides_kna_t8_rep1,263,7,both_sides,,8,2,65,28,1665,1884951767,coauthor,113,1,coauthor:creative:a345a395300d44a5862012539e015002,0,cbe3c0d439f5dc5d5235926faf314891ee6225f3aa369e4956789a13fa903566,6c5dbef202e97d2f5c65c762942ed217fcc2529d45a7147c7a691f8d20f36d61
114_coauthor_both_sides_kna_t9_rep1,264,8,both_sides,,9,2,65,31,1850,1205589085,coauthor,114,1,coauthor:creative:8911f32aab914a1f903bb76300b13949,0,b45968543fdf77a0e93d9288e2e2aebb4aa73419f31ba8c3188cb7722ad09a6f,07d6f446191fd82936968969de5b43db89fb1884af04cc0fdf2993209ff0289e
115_coauthor_both_sides_kna_t10_rep1,265,9,both_sides,,10,2,65,34,2035,757094947,coauthor,115,1,coauthor:creative:b22279ff63804fa6bec5c108879812dd,0,a92ef9374a97d1e9135270da806f05ac313111ddce9f04247542379cee84b2c6,e54dc45dc91cfedc2ecb5721c15859713c6b032e3c4009f130a5d4ceb9781dc1
116_coauthor_both_sides_kna_t11_rep1,266,10,both_sides,,11,2,65,37,2220,2009887760,coauthor,116,1,coauthor:creative:b73b741aa53f4dd1af35e1540ebf4af1,0,b285e18cabf7b69caf93cf86c2692b7cb7a5f50eca384b8f7e77d84b05cca196,ce0164abfd9908be6187c7963206ab65da7a7ff902e7820f560a17ff10a58adb
117_coauthor_both_sides_kna_t12_rep1,267,11,both_sides,,12,2,65,40,2405,738188187,coauthor,117,1,coauthor:creative:a5dee567f6554c59bb8fafd85f547c22,0,ffdf4625688a5effb391ce497a091b13ade8bfb9520b4e3ccb3804dadf90572a,28065220283470e50e253fcdc7617637a593d70fd7b50340c0b1b1071c1486b5
118_coauthor_both_sides_kna_t13_rep1,268,12,both_sides,,13,2,65,43,2590,1136202749,coauthor,118,1,coauthor:creative:2d9358657a364ccab47e9a7538cb6650,0,a9f6fedd72c5118c547c0e624aaaaa83951e23d239afa3b6b551069c248f4b2c,a528ea62a7b91abd6aef5fc024eca7f8e2eafe69b30da1bd2d4aaa7872a18070
119_coauthor_both_sides_kna_t14_rep1,269,13,both_sides,,14,2,65,46,2775,353320562,coauthor,119,1,coauthor:creative:a87286598bc54313b39f6ce6013541bf,0,552a6de1b4b5d76a6dc866a966c05797b8ce5586f4d073a2378d97f93e8f5872,c11c9d1314050808e66b92e110cd937afdb9acce642fb3d4993f1dd62a67d5cc
120_coauthor_both_sides_kna_t15_rep1,270,14,both_sides,,15,2,65,49,2960,722759577,coauthor,120,1,coauthor:creative:f3ecf0ce872940238b0bd429a3e36322,0,6a4d09e97bfd9cd9b108b282b574f9889080d255a66963684341b5228a8dd8c7,56ed0c2ad3e87f7b17af6ce5361581065a34b050ad5b542c67ca9daa9ee93d6c
121_coauthor_even_count_kna_t1_rep1,271,0,even_count,,1,2,65,4,313,1091262367,coauthor,121,1,coauthor:creative:8bafd5acfb7343308b5195092c4c4de5,0,c7b8deb85163d3629fd180aa8aca71a75c9bf229e984518094d7bbf7ade7e506,119b2ab923b5f7ddf365767d7ff0fd1aa1a5b76ac6f4fa6eaeb5464750a34bbd
122_coauthor_even_count_kna_t2_rep1,272,1,even_count,,2,2,65,8,501,543823507,coauthor,122,1,coauthor:creative:f1c5ca52c9754a37b10dce55cf5113e2,0,fbd78ccb0cf2d8b595254f9c5ff5247b9271d37dc2a97389332eab74e93e0b4c,94d4c46b93a7b21c417b24e3decf6141fd709ab6585b30cda4472229c645e193
123_coauthor_even_count_kna_t3_rep1,273,2,even_count,,3,2,65,11,689,776617888,coauthor,123,1,coauthor:creative:173cae0bcc714ba29bfeab4004d7fa85,0,645bb03f46bec4faae7c39d31717a640b8e1bb439fd861fe4ac0cc6faafb2163,1a812618ee8c10f2bfcfd37738c3280139875c2e8ff51100e5579cd280afb82c
124_coauthor_even_count_kna_t4_rep1,274,3,even_count,,4,2,65,14,877,413999019,coauthor,124,1,coauthor:creative:ee760edb666e4f46aedee408975a9c9d,0,5aeb3eda58e0b11d5f5cd10dd31740334d5e5b47f6d1900c4b625b8f2b7e2386,2dd5e1318ee81a4f7b76069b2665a4680f6610a5d991361c06c1f9318eaa7015
125_coauthor_even_count_kna_t5_rep1,275,4,even_count,,5,2,65,17,1065,1322706250,coauthor,125,1,coauthor:creative:8d9a97731918431e8dd6560adb8cd0fa,0,a3a1ce884d042253d40a8ee96f6d258e41858f5a909c3230d5a58b88bf0b06ba,6f1da80aaac8253850ea1b500ff1c7c5eecb1263e6be149b8f9794232a6db90c
126_coauthor_even_count_kna_t6_rep1,276,5,even_count,,6,2,65,20,1253,1471983807,coauthor,126,1,coauthor:creative:f8fd4fb1d3ae456a8a5dddefc9389aa3,0,f7d364fe4335897690e6c17bff6a7e637c2efb54fc5d878cc7a48ece03a495c5,b60c5c0f0843dec67472b8c80829fa7fd05ba7a8c5ee515430dbf67fc6ef26c8
127_coauthor_even_count_kna_t7_rep1,277,6,even_count,,7,2,65,23,1441,718301472,coauthor,127,1,coauthor:creative:93468eec16324f109abec7010cd13ebd,0,d7f51bc92c892a58bca95edbad639a75f5a5108541eaaeb2c4aa0e6cfd8ecf06,839207a1b95d45dd4f633bef0081b3215632c4d62d46fc1ad72c5b71058580da
128_coauthor_even_count_kna_t8_rep1,278,7,even_count,,8,2,65,26,1629,322401037,coauthor,128,1,coauthor:creative:ed151ac677724c7fbd32f85db77710a2,0,14eebdc7943f8e3aea61cca12e438195a9787e0c256a97590dadaaae55cc834e,5c9275a7d747612ca8cccc6d0c5011424a30aa106807f24bef6df5c84eb2a740
129_coauthor_even_count_kna_t9_rep1,279,8,even_count,,9,2,65,29,1817,234688724,coauthor,129,1,coauthor:creative:8610d3166aea4491b673112459745fc1,0,1b2e4e4fa731bfdbb14ae228296df16af8d22e4b24696afb55aafe9cc61d0729,11f9bdc9643a240f695605bffdcdb3e63e4382ae03fcb1efceb455c05104d537
130_coauthor_even_count_kna_t10_rep1,280,9,even_count,,10,2,65,32,2005,431607851,coauthor,130,1,coauthor:creative:047a25c3382c42999ceb1c78f6ebd524,0,0ecdfdcee37ddcb675f33f6344ee70bb2891a551403bdfa92a3f9f9372d8a584,a14eb1a9ec4d7619301e9cef419e29f18f5b43ebfbf033a454650a0e1312fa73
131_coauthor_even_count_kna_t11_rep1,281,10,even_count,,11,2,65,35,2193,1298677665,coauthor,131,1,coauthor:creative:72b49bf3c2434ea498475566e09690fb,0,c7d967437d7fcd8f24f61b4e212973b2af48afdc3ead86c6459ca0d945bb9a2a,b7f11f7bb140deb92890c81aaba23a78bc9b3116ccd91626d4d89fe377468220
132_coauthor_even_count_kna_t12_rep1,282,11,even_count,,12,2,65,38,2381,785394720,coauthor,132,1,coauthor:creative:8a66ba50d4e241f2aebb17e5af82c68a,0,e430eae0fab27353ec8fe9beb321f010455e76c0183d161c0622f646dfc5f17a,0c0c20ce72033f3197ebf99f710b4b6ea28133bc31d3b489ad07f8defc6104d8
133_coauthor_even_count_kna_t13_rep1,283,12,even_count,,13,2,65,41,2569,802208098,coauthor,133,1,coauthor:creative:4b1397f42c2b436c994db077de5d54c4,0,6db02b94c7f3601cdece9db7df8289cb286ea0722b34c5374d4086a4ae1c3fdc,8440974e4a8b73a42ab2537bbaca5c27570a3f51e5c97a588459966f5215ef0a
134_coauthor_even_count_kna_t14_rep1,284,13,even_count,,14,2,65,44,2757,246109509,coauthor,134,1,coauthor:creative:a935819289a042269dc6f7e419b0608e,0,843591001a5ff08bd7cc340c85955a7043b87c4672c84f945b4942b419e87428,beb472228353bd78bcad8f7741c512f950b8f16c1416e9e0b4f2cf962a625848
135_coauthor_even_count_kna_t15_rep1,285,14,even_count,,15,2,65,47,2945,852370662,coauthor,135,1,coauthor:creative:5d9be2dad6584ff4b2ab1c6f701f64cb,0,65c7adfe50e2e580380b4c67d33685a7e887edf52c3f2743ec3540f0c0fba7c8,2eaadc52f182be17cd42d25c47b7965a40ab995d25a6cd52487fe987db1cc7fd
136_coauthor_even_count_kna_t16_rep1,286,15,even_count,,16,2,65,50,3133,1436738001,coauthor,136,1,coauthor:creative:83abfb13942f491b9de32bfcc1c3dc47,0,97da7b378e7579539e1e3712c44110611007a937dfbb82509525b5ff976b8322,092a12a10ce6a6174d04bb00bc9582cc1cbb059a38ea9a171256dffdd143fb4e
137_coauthor_odd_count_kna_t1_rep1,287,0,odd_count,,1,2,65,3,254,962466428,coauthor,137,1,coauthor:creative:e3152d380e13471a91d31ab07f01255c,0,e2cbb0f31f3ae6e6ae2ca28a56c353ec31bc364b9f28f449a799a9712f7b4501,c3ad7b92fb623030707ddda5ad61eaf7f05b49da519f61c9b49ea70625bb55ff
138_coauthor_odd_count_kna_t2_rep1,288,1,odd_count,,2,2,65,6,381,1395920934,coauthor,138,1,coauthor:creative:29001da80acb414d8683c660e2e091f2,0,6cedd9273d72e12030ef31e1658e9a39e403561c804aa85fa06c34274dd44323,a13f8656dd3eb51cb2959e691646c3d1d67418b21be3d78b7fcbd384ee4127ca
139_coauthor_odd_count_kna_t3_rep1,289,2,odd_count,,3,2,65,8,508,427978413,coauthor,139,1,coauthor:creative:48058b31f2ea4797bc9dcc40ab9ee2f1,0,1d846f546131c7a71ea20ba290340b76cf766aa0afd6a1d1ea0f7bbe0c0777fa,9e2cb5de655c4d6c2fcfde2acb1c524cd71e5db970146ef552313081f3cae95d
140_coauthor_odd_count_kna_t4_rep1,290,3,odd_count,,4,2,65,10,635,57070794,coauthor,140,1,coauthor:creative:ac0d02d15e164314841ae2ce49d2b2c9,0,642c0cb6fc5e4846cb2ac7a5c9e3ca6d913567fcc2af2f30d650be7b9822d824,c2f7b12189185e0ebd647a97862739675a6f9141914ea70bbc9f865418615f21
141_coauthor_odd_count_kna_t5_rep1,291,4,odd_count,,5,2,65,14,885,1546616717,coauthor,141,1,coauthor:creative:b0713959bffc46e893715684d793a109,1,cc40b1e8ee08e50acc36b7adb39cbcfdc12d514a52ca35bcdd3f267f2503a164,a9ff57ab4fc30bd2ea7b0f44cce05e9e15df9521415a5e833435ce6eca9a3ca7
142_coauthor_odd_count_kna_t6_rep1,292,5,odd_count,,6,2,65,14,889,103504639,coauthor,142,1,coauthor:creative:d2c71212ed1446a79b5d404def4239a9,0,81da415b6af021498a8113831b8defd69b702cac9e5b31425ff661b5ca3e7ca1,76c26ef9fea3b3062b3c9ea40749a93612a76134aa12b1d251c6718aa7d125fd
143_coauthor_odd_count_kna_t7_rep1,293,6,odd_count,,7,2,65,16,1016,2137117886,coauthor,143,1,coauthor:creative:5c524b4889834145ad435d84415f457c,0,90d17b9256240052247afbface009bf29c5fe278fb540d10d44d092f44664c32,75b2d4bc55963aae42fa7adc36b11dfb6ffb37d1cb552f56c6ecc163986256cd
144_coauthor_odd_count_kna_t8_rep1,294,7,odd_count,,8,2,65,18,1143,2121816246,coauthor,144,1,coauthor:creative:87396211fee244ccbda4b0f4bcefc8e9,0,bd1900aec8ec3a72e13fe71e4689264b3a1df4ff8bec2f6d49ee4b4cf568492b,59a24917dc32cab46cf0c5846acceefac7c94a07a26449b750ea37764b213533
145_coauthor_odd_count_kna_t9_rep1,295,8,odd_count,,9,2,65,20,1270,763913707,coauthor,145,1,coauthor:creative:88daaed513824fbd9c77746eec7862d9,0,d0bd0359e72cb8e201e9e7b47c85b012f86cd27ccab15fe697436b6cb27d8dee,45fd9bc6e226bff4c05ea2325b6082aaac80be307d95ed69ab7cebf85ad850bf
146_coauthor_odd_count_kna_t10_rep1,296,9,odd_count,,10,2,65,22,1397,1969588650,coauthor,146,1,coauthor:creative:b110df89e00549d39910dc176a617be7,0,bbd364db22ae38572236063ccc13af75120a23368cac59b3b4cc20da18c1c667,82b0499bb0c3f76b1ffffdc217dc79d161e89463d3149ba36f787d55e7e13180
147_coauthor_odd_count_kna_t11_rep1,297,10,odd_count,,11,2,65,24,1524,868847341,coauthor,147,1,coauthor:creative:b153dcf4dae74acb8ebc70ff937ecccf,0,4a0292d5fc15e23b7bc1d36890442f8b2f7f94cbb204c8de2f1fb9ef9943dfbe,6354556e7ac5034583ba68f25972375e0a6f97d8f9a5206a9faf155b70cf076c
148_coauthor_odd_count_kna_t12_rep1,298,11,odd_count,,12,2,65,26,1651,1654665861,coauthor,148,1,coauthor:creative:5370cd5a21e94475b4768b176e1014b2,0,670bcf3e23dba71da2a65fbca6dd4da2b4240c619672d4f19f5471792940b6f5,60a8495964c861ac9f9170ae202999abcbc2dd1bcd0f2a9b4acd761c38ce8db5
149_coauthor_odd_count_kna_t13_rep1,299,12,odd_count,,13,2,65,28,1778,1171247615,coauthor,149,1,coauthor:creative:773aa615d24d4471911f2e43e9081f71,0,2fe3f9458104be03a8c74c13ff1d32a76a24b888026cc1457541d3ecd6f787da,4411a1022fc2dcfc790fe14c15fde0c7e9d13eb639c0a9aa785f42fe0515b367
000_coauthor_kth_last_k1_t1_rep2,300,0,kth_last,1,1,2,65,3,254,1093971734,coauthor,0,2,coauthor:creative:d4d4847e461c42888c2357e8d8f268b3,0,1d8650c2021ea0f43cbf64e25afbfde9d3e9e712c66cad8d06064a8b8a723c0a,01c957e5f5b599c4b82c36f1aa667c2fdf6e2c042726fc0de65810272a3e66d4
001_coauthor_kth_last_k3_t1_rep2,301,1,kth_last,3,1,2,65,5,370,1297718358,coauthor,1,2,coauthor:creative:229fee620c9e41f3bf737ffa9217b3d3,0,b72d29d1d81b12f363a7da8c7c7ff6cc9aafb24edb6cfe45be0ef924fef97709,38726c270215a30e8216546d7ab3a421769b551dda17b9958a2fae1cffad07f1
002_coauthor_kth_last_k4_t1_rep2,302,2,kth_last,4,1,2,65,6,425,1634466675,coauthor,2,2,coauthor:creative:a8cf086c79104dedaf0894b6ae96411f,0,3321b981f0baad071801be1a4a7dfe6710ad7efd4a903352b589a4e0e1526611,75e0892d64969279d4fab492920965da22e06e4f1f00f790a689fa409dd9626d
003_coauthor_kth_last_k6_t1_rep2,303,3,kth_last,6,1,2,65,8,529,784852011,coauthor,3,2,coauthor:creative:d7e61761eda64607b4b1232dcc09bddc,0,38c1aa378b9762f4e91423f4bb53ae293c0e5e462c9c73690f542e5c51d71b19,1d79ef51a3f8b7a77b7f9a34b86442075f37c7f576bda1a67d7e4a6e03fdb788
004_coauthor_kth_last_k7_t1_rep2,304,4,kth_last,7,1,2,65,9,578,1713130417,coauthor,4,2,coauthor:creative:3461ee41df7f4f5fa584f5ae04b3ba6f,0,410822901af1c2fa5f20bca265e769a04ade26f137369565cf98876be5535b16,0a2abfe73cf243f8cd28fc3253e46bcd196c57bd213b40ceda88c533f4f5b487
005_coauthor_kth_last_k9_t1_rep2,305,5,kth_last,9,1,2,65,11,670,2093612459,coauthor,5,2,coauthor:creative:240b61c1abc24288a19f6faa9909e719,0,acbe7e5e0226cf64b034d16fdec94a7878509546d5ee3f3157668ff76e65b50d,40eb4123be5892152342b7cb463255d53fc2de060681541c38eec7d0d8b6555d
006_coauthor_kth_last_k11_t1_rep2,306,6,kth_last,11,1,2,65,13,754,1012588212,coauthor,6,2,coauthor:creative:2b34c5a6b1bd4256980b6a3e8ed3d196,0,75be8cee92cd0ea90c57fc72e568697b5fa713bbe43c7f40ad6293858d4fdbd7,5c1612d0c0c76b43b2b1f9eb27a071134f0438613ad74c8c89b62d243a7cc5ce
007_coauthor_kth_last_k12_t1_rep2,307,7,kth_last,12,1,2,65,14,793,758370561,coauthor,7,2,coauthor:creative:95a0ce79d7ed4a77a0981c522b3deda7,0,20528f9ade3094ba12363aba2adbed655fa78a0890ba7cb1bdf0e1f3b3184f63,6adb694fc5e8bd03132106cbd222256ce600cd9a4b7c22f29837d7deefbcf24e
008_coauthor_kth_last_k14_t1_rep2,308,8,kth_last,14,1,2,65,16,865,1158982087,coauthor,8,2,coauthor:creative:46be40f9d65c4a8f8d924ac992f81376,0,8037dffda9b7e4d7fd7d990aa64fa41b07e87b57e557ece0ebbe17595915a171,7e3f4cda2b063f2e92d53e0c69ca6d9a53a4f74d55b9842b95b4841b79695d96
009_coauthor_kth_last_k16_t1_rep2,309,9,kth_last,16,1,2,65,18,929,1132233823,coauthor,9,2,coauthor:creative:2b373ca5921e4e2c8114e20114f04de8,0,baf364f2d5de23e61cdedcbd2123b4194fe700ec0aa0fb0662c97ad33bda36b8,dd26f47b6e9c096716a340fd42586fe48409533eb92e8a599de7bd2f7426ddf4
010_coauthor_kth_last_k17_t1_rep2,310,10,kth_last,17,1,2,65,19,958,1166507504,coauthor,10,2,coauthor:creative:af65522335f442adb473691320ba5f09,0,d7f0d44955065bdd746bbd163bb4b3566de6b16761947190c9533e15912e50f5,ef5bbf0afc7df8f6fc96474e8572081692119852f3062fd11a3acce118ccaa02
011_coauthor_kth_last_k19_t1_rep2,311,11,kth_last,19,1,2,65,21,1010,1264282280,coauthor,11,2,coauthor:creative:3a2ebf0908de4181a06d27b93f0ac07c,0,dda2b4535890f0be4f1a74b8b0d4ba692f7b3c0b6d0ba8063b2e64687f17f938,034832829c1957bb58297abd4a6b2e8a9a30f31f0f009910e096162a522e2543
012_coauthor_kth_last_k20_t1_rep2,312,12,kth_last,20,1,2,65,22,1033,1744230690,coauthor,12,2,coauthor:creative:126ae6528ba141a58f932a3ed097b47e,0,63c23121f70e616c193dd9ddb74ee140977cbd68cbf1d9212768bc7a6cef6390,75c7709e7fea044fd6bd431a417d707d32e96a7fac4855477ba9acf301070f50
013_coauthor_kth_last_k22_t1_rep2,313,13,kth_last,22,1,2,65,24,1073,562047961,coauthor,13,2,coauthor:creative:dcf41dcfdb0e4a98949063447b455792,0,71760a9c1ff890b98d940da2a633b7d5c8aa78fcb59c023e013b6faa9d30094e,9c9c1f4bc5845cb421652e26664d6300dc86fb731ae65ad75480b42931eeafe1
014_coauthor_kth_last_k24_t1_rep2,314,14,kth_last,24,1,2,65,26,1105,662853668,coauthor,14,2,coauthor:creative:e318e17b6c344ab0978c44c9cfe1ae82,0,36efbee9586d851cefd0333c8a4484837c8ed86200e4ebd8daedb36c2e33baa1,417386dfcbbc88423390a2015b4b3d586e66f94f0d1146ad1aa62c6d14f8f39b
015_coauthor_kth_last_k25_t1_rep2,315,15,kth_last,25,1,2,65,27,1118,524470009,coauthor,15,2,coauthor:creative:be2644ed7bc34c438c36bf80db400c9c,0,686b7dfbbdbf0cdcb5ac977044c55e67bc03825cdd533d3973b16f8765150004,abe8f3baff28df3ee73a8b1776857201e93bdf7f6efd8f7a159e3a5880cea5be
016_coauthor_kth_last_k27_t1_rep2,316,16,kth_last,27,1,2,65,29,1138,1854559605,coauthor,16,2,coauthor:creative:4542a8d2310247d1917ff1c79ac6171f,0,b53d819f008ef98b56e5f1e52ed2fc31545ef1f2e1315771a38da3545828af07,257e7f0b0964d265e4ed9491ef4400de6c35727a3f13dc27d2de2b299fa90964
017_coauthor_kth_last_k29_t1_rep2,317,17,kth_last,29,1,2,65,31,1150,1293793450,coauthor,17,2,coauthor:creative:2498ee9c53db4a8ea651ea2b95501ef4,0,102d3272feeb30ad8f425138bfa7a8aefbde651a646ad38bd7529c89ab2ae29a,f44dbe174caeae3565c0149475dd4451bc669066a2bcc82e664fb80f4b91d7aa
018_coauthor_kth_last_k30_t1_rep2,318,18,kth_last,30,1,2,65,32,1153,2043818745,coauthor,18,2,coauthor:creative:112e8b0e22094577ae3e513d70f78432,0,41c9bc815bbd4a9156ee4ba929f38aa87d3fbbb851bd49ee27b94dbda356eefe,033b97d6a2a44027ff411e8301b26dd895a0e4cd786cffb1eabe13a7b5d058b9
019_coauthor_kth_last_k32_t1_rep2,319,19,kth_last,32,1,2,65,34,1153,163077706,coauthor,19,2,coauthor:creative:adac0650634f4228bdd483b8ce1f52ea,0,368817c1546a80a63b5b44d54737d8413e0b3ac6e993d744ac8aec11de5c5b7e,96370f299bf2eae98b6a05c77fc9be339b7ccb403308b17841fedeb619e09919
020_coauthor_kth_last_k33_t1_rep2,320,20,kth_last,33,1,2,65,35,1150,1531523898,coauthor,20,2,coauthor:creative:40d132e1bc0146c0920d7b38c5b9f7c7,0,1a3584ff7a4226a306f2dcdcd06d1dbbee83d585999ec13597e780109176b6d0,407091279aed6cb5b1b1b6b35ce1d0f90044edb2e123e83348b8e912a5aff5c8
021_coauthor_kth_last_k35_t1_rep2,321,21,kth_last,35,1,2,65,37,1138,515461096,coauthor,21,2,coauthor:creative:b322b1fa853a485b9d03d790d51af585,0,dd0fffc7dc6371ccb94dde0577864c3973b2d5078ae9fda807de3e450b3fa10b,a075824bb2ea44ae005f5f07c3db5ed45f4a964763ae22fb24e3d816fe256ab8
022_coauthor_kth_last_k37_t1_rep2,322,22,kth_last,37,1,2,65,39,1118,1655160903,coauthor,22,2,coauthor:creative:635b514b259d47f2b474189aeea5e5c0,0,41cb7c1ac38447fe32ded5e6718d1d107211b63775d8206b6b1bb50fa2715146,30233249fe96acfea020d8318a2662df99b88aeb0bb3f9acddc4142ae0815c63
023_coauthor_kth_last_k38_t1_rep2,323,23,kth_last,38,1,2,65,40,1105,1521807441,coauthor,23,2,coauthor:creative:dca80ac7cfd148638a9c0f4b027f720a,0,35ef195a7e621be147c457a957d653387aec3047abeb59db690f8f46005548d8,a86b39189766ebe39cebc8aba701d17f7c5000a0f50e5fb72d529be2d5ea8e44
024_coauthor_kth_last_k40_t1_rep2,324,24,kth_last,40,1,2,65,42,1073,1111247047,coauthor,24,2,coauthor:creative:8db452c23eba4955b778ef8e1f992d40,0,56c0afde9a78998edb8c3c43a43a9ee8398926a2e0660da79ab67eefe8dd4f30,f297161fa07771bfd15dcd695b7d687b7e1c464dd27c4d3e5ec4082fc0284249
025_coauthor_kth_last_k42_t1_rep2,325,25,kth_last,42,1,2,65,44,1033,607621670,coauthor,25,2,coauthor:creative:c99f8c2465da42cc91498fd9d99e360b,0,086dad472023ec64b9032ab239aac95552cd0d64812e87010f908fe136033415,cd63a8a6760b1563864ea636a37553c1c418231311184d801073bd801a23e2ed
026_coauthor_kth_last_k43_t1_rep2,326,26,kth_last,43,1,2,65,45,1010,82745365,coauthor,26,2,coauthor:creative:1f9525eb67504ccd8167402a950cdf1a,0,ab973b7e1673b6364d9686e698a1fe368c532031c38a3e2df6230b9d4347f468,4f4cd4566971f46f5b8b06179cce6968dd1feea1a1759afcd8467558da9adc71
027_coauthor_kth_last_k45_t1_rep2,327,27,kth_last,45,1,2,65,47,958,1576635075,coauthor,27,2,coauthor:creative:949e2852c2a74afa83eb332ccd301159,0,cd6bca94dd9ad2c6cbc36977dbaa3ac2dad528280363e21a8049e92cebeff72d,55c4e0ccb20984f3e439a2286eebfeedd8d5458ac677404e4580c69938dbe8f1
028_coauthor_kth_last_k46_t1_rep2,328,28,kth_last,46,1,2,65,48,929,1426043565,coauthor,28,2,coauthor:creative:641b82584ed44b07b06840e2d0d9e75b,0,38892dd8a18e7b643cb90f6bfaa0f2e16f95f7c1c165f4bde0bc2861fe1f3986,88d72ae25f70ddc84cd07489735ffebb0a53e4465338edb4e1cba30e245b8a7b
029_coauthor_kth_last_k48_t1_rep2,329,29,kth_last,48,1,2,65,50,865,1061642980,coauthor,29,2,coauthor:creative:9ec1e386d2494b958378ef3035ca0fec,0,5c7c760be041bf39792ca9e1e33ad4c2c567810c66a59f107d6b0b51f3ea7c54,fa6ea05a6b919430dd43cf4088ccd8a1c9c060b565f3846a66161b6559054598
030_coauthor_repeat_after_k_k1_t3_rep2,330,0,repeat_after_k,1,3,2,65,6,439,197675530,coauthor,30,2,coauthor:creative:ba6d32a6c29a4bfeacf1e25a87a1f804,0,6e0513a498862c2d990b0d911f4c4fbe4b4064f586f7c7387020cb44cc7d940a,410681f4897bb1a138f4d0dc68cbabf1c4aa8c2cf30b614065bf5eedfa470659
031_coauthor_repeat_after_k_k2_t3_rep2,331,1,repeat_after_k,2,3,2,65,9,618,224789201,coauthor,31,2,coauthor:creative:e2a81dbfc6e7456ea4bbf9f8fd279f86,0,8abba2c048e600a904888da141e26ce8e8715ad683aec0c9edbd5a625474671b,f37e8759f71f814d99e6d9cd3b40067aa88637ee91242a76fe677371daac7daa
032_coauthor_repeat_after_k_k3_t3_rep2,332,2,repeat_after_k,3,3,2,65,12,791,287012368,coauthor,32,2,coauthor:creative:2f8c2905bd764dd1a70ed96115e75edb,0,bfc0075a7e9e934c04ecaebed19c0d80b4eaf47c25f69ec4086e7930c909ec13,57c8a8c27e164b095cc9bc9af49af7e6d8b8f2efdae96e7f398f408572da203b
033_coauthor_repeat_after_k_k4_t3_rep2,333,3,repeat_after_k,4,3,2,65,15,958,1920449622,coauthor,33,2,coauthor:creative:5265ab6df085473795385139bc7f821a,0,e6cd04a964001d5288a69def81de4d7e7a4c09f2852bc5c63bc1e1ffe27d4b13,5dd1a4ff7451b552814f0d46f2c5303ac2a08833e5942c1f40fafcfb0e20238b
034_coauthor_repeat_after_k_k5_t3_rep2,334,4,repeat_after_k,5,3,2,65,18,1119,1267946474,coauthor,34,2,coauthor:creative:e34e7611bef74a0aafda89752af534f3,0,8640b53c3fec836a6c7c1a95fbb39e9778dc06fea56b2af4a03c57f0a4fd8e43,acaf19aa3c1f46d291d6ed1bbdf5e976a731cebdcc8f5a53c941cc7523573e9f
035_coauthor_repeat_after_k_k6_t3_rep2,335,5,repeat_after_k,6,3,2,65,21,1274,836733471,coauthor,35,2,coauthor:creative:d7dd51e0a729428f8419480e4d8da32c,0,4aa4eb96f891ef2b396a90dc316042b24e39f743f63e6c38e1b7446d7a6c8b16,0512bf6b47973f1b4a48a0b0627f01b00879e8e886e995446f13faea12442b07
036_coauthor_repeat_after_k_k7_t3_rep2,336,6,repeat_after_k,7,3,2,65,24,1423,881157313,coauthor,36,2,coauthor:creative:17e61e6248cb4b1fae8ea73dc6bd70f7,0,58b1961248f1d159e5bafe4c1653be4ea3742580f21baea3418cee10c267bbcc,7e34619e45269cc363a29153448af59be47a676a77b27d9b96f266dba0b02a43
037_coauthor_repeat_after_k_k8_t3_rep2,337,7,repeat_after_k,8,3,2,65,27,1566,281628689,coauthor,37,2,coauthor:creative:9d363533d9734263b3feda158f5cfb69,0,13f7ce83ca40d1f7649536e9f8937c7ba026c578e0093134f68ce51a7e52e4a8,a7f2376b1c3be51889c8f210e63cddf04e6a3d5c3e4cc7e24261ee9e87f08a6e
038_coauthor_repeat_after_k_k9_t3_rep2,338,8,repeat_after_k,9,3,2,65,30,1703,1649726569,coauthor,38,2,coauthor:creative:65002bc1af0b4d27a1b05e85d0090955,0,4ff6bdf04d8c5fbcd8f8e94b97239b10d707facd8ff6a6ad6e77bec9e78d4502,2bdea74c268d3e9edd6a6c08a626ec187ee223bddb9cbd0fc11dba62e88d2dd2
039_coauthor_repeat_after_k_k10_t3_rep2,339,9,repeat_after_k,10,3,2,65,33,1834,619637702,coauthor,39,2,coauthor:creative:b05576e3cea342e6a8a9c460718875b0,0,3fc60503a5574df813412ad82126b651d6706a3f7a12080b7964aa5145826e46,a64270c019b6ff7b067d8f39e8ea47f029ff14a871324b959ec983ebe216412d
040_coauthor_repeat_after_k_k11_t3_rep2,340,10,repeat_after_k,11,3,2,65,36,1959,658167133,coauthor,40,2,coauthor:creative:b93e342180e34c518e2ff42b2589a68e,0,e83e9fd77f0574d504d8eecf28083664542003bae2cea6a599611a3bead40f8f,4180bd2912ed7a89178abfdfa84bcac182d79fa1827322e81400418f291e6ce1
041_coauthor_repeat_after_k_k12_t3_rep2,341,11,repeat_after_k,12,3,2,65,39,2078,336175932,coauthor,41,2,coauthor:creative:8be576f5a9fc4388bb4a608282382fa3,0,89b1d8f9e3bb553899980f741df1ead9cd42a69ba465eb299ff1303b780e17e1,7d11230bc056c74df5c732cd6eb128190ef44a2224af34d264e77a36aa097acc
042_coauthor_repeat_after_k_k13_t3_rep2,342,12,repeat_after_k,13,3,2,65,42,2191,1581284402,coauthor,42,2,coauthor:creative:e94df2820e7644688623158f859d77ec,0,e2379c91ba8c450ec42d4c80e278299382fb3f553f2c0b4b456ce78d589afbc1,caf28416c0d6007f2ef87920b23f695f9cf3f2dcd7c18f9cc194eb2d9b74a48e
043_coauthor_repeat_after_k_k14_t3_rep2,343,13,repeat_after_k,14,3,2,65,45,2298,1416049366,coauthor,43,2,coauthor:creative:c326ab6f04ca475a93d6322122ee6eb0,0,56a5553b90e4b42a87285d53cd89d59cb7c99a14aacce89ed6cff87b3729b848,3138f32e3dd3f6e206dfbb6c9f3250bf620142526e45bddf8fd9c4b72fa8f00e
044_coauthor_repeat_after_k_k15_t3_rep2,344,14,repeat_after_k,15,3,2,65,48,2399,2015939197,coauthor,44,2,coauthor:creative:29056a31430b414582f488535aa0fe91,0,6390e10b4599da6bf02df8e9e0c25018a14f7198e21ccd9c35a5befdb936091d,87e50e06dd1c85dc4edaf5c3c3e5420a356fc7b97fd9bb18c9e4916ec36998a7
045_coauthor_any_token_at_least_k_k3_t1_rep2,345,0,any_token_at_least_k,3,1,2,65,5,370,764490381,coauthor,45,2,coauthor:creative:d834599ff4cd479489143ebe24a94bba,0,62243bbadb81c238b4128815f95857c561744361b224c91a4e243fa4ff1580c0,c42f0aed5d23648b16681dcb6180676ad7d655a0563d27815d703b6b6720a66b
046_coauthor_any_token_at_least_k_k3_t2_rep2,346,1,any_token_at_least_k,3,2,2,65,9,555,1337201635,coauthor,46,2,coauthor:creative:473095c2040f4c049e18e41e3c887784,0,6a8fd0234f95f038615de79e5d0f5e186c04e72f894e2f70a68bbbee2b4b0dc0,f29f0557ae1b8e612b7945bf935c6381f09d885828c1b02ef214357147b3ac36
047_coauthor_any_token_at_least_k_k3_t3_rep2,347,2,any_token_at_least_k,3,3,2,65,12,740,1593160881,coauthor,47,2,coauthor:creative:7f9c5917c21f49ffb83d155fcc268ce9,0,021a39d70d58e67806f24d49159c8e5a010b796deeb046725c32e02eae6b9088,ab82932189149e60a53b2afe57710dd90718b66e96e8f6a0a71ada2834bc0cb7
048_coauthor_any_token_at_least_k_k3_t4_rep2,348,3,any_token_at_least_k,3,4,2,65,15,925,1382260424,coauthor,48,2,coauthor:creative:ea11db08c0dd4477add459779396a29e,0,1c05c822145b3fe21cf2622a92e2f4aa5df085f0f94c9e4c906787405672ea1a,2d5440777f0962cfb6809a6fb99fbffbdd7e5b5615b4cd68cbee89aecf873d68
049_coauthor_any_token_at_least_k_k3_t5_rep2,349,4,any_token_at_least_k,3,5,2,65,18,1110,1277540044,coauthor,49,2,coauthor:creative:7834dec912b34643afb92b7c3648a3fe,0,9db00b8989b140b2afb9659bdceb6dcfbe21b2208912ffe9e23d303539ff5ea0,c277e778c5540eddb50b150eb83e28311c790d7de3a0b5eb3e959ee074879d4d
050_coauthor_any_token_at_least_k_k3_t6_rep2,350,5,any_token_at_least_k,3,6,2,65,21,1295,843923608,coauthor,50,2,coauthor:creative:51811494ceb647a8aa633d4c7c3e089f,0,2f3bf65c3f7bdfb7727eb8843605320ce2c3b554c8a13cf1b2b6865429aa6000,b2bc3ec1d3034ce695e3b803fd3896f70d88c85fd0ca018f8328cb271c3b816e
051_coauthor_any_token_at_least_k_k3_t7_rep2,351,6,any_token_at_least_k,3,7,2,65,24,1480,1754035139,coauthor,51,2,coauthor:creative:1c7dcfd367a343449113516e395fed55,0,61975614de094ff8c6668e651929a48ce7ec3c0782ca6f1bff5b9d12e8a75169,f259ed3fb3c5e7f13b59580812a3d109b334f1fe6e852b1aabd89f466f5d0b0e
052_coauthor_any_token_at_least_k_k3_t8_rep2,352,7,any_token_at_least_k,3,8,2,65,27,1665,1777187386,coauthor,52,2,coauthor:creative:b123d6c29c8140b1a464b0402923dbad,0,0f8310af3cbb38f2e1f67a2e6c63c4374288f6dbf7fc481955610c3d367c23ab,c0dbe7087cc5ac26e9046c3248261da94d6c8c6600aa96aad31cc842a0b79418
053_coauthor_any_token_at_least_k_k3_t9_rep2,353,8,any_token_at_least_k,3,9,2,65,30,1850,2129138711,coauthor,53,2,coauthor:creative:f8bc132e150846b18cfe36d6b9ad5ca5,0,34ccb52579a045190617e881b1a4df958737570c2c18acfc738f8cc0f82d2896,b647c6907289d83a88afb2df62caa16fe7d1eef60a7925997b4ce162f47a4964
054_coauthor_any_token_at_least_k_k3_t10_rep2,354,9,any_token_at_least_k,3,10,2,65,33,2035,1074622705,coauthor,54,2,coauthor:creative:29e036276257406ea2b37fd5e71a56dc,0,16559b57223cb953fd4dc9564679fb0910712097be5cbee6730967a28c9c06e3,3ac88b044dfa81885656d2f8dcdc04cc2625b04e2713829f50fabcaec38f72c9
055_coauthor_any_token_at_least_k_k3_t11_rep2,355,10,any_token_at_least_k,3,11,2,65,36,2220,74759147,coauthor,55,2,coauthor:creative:37937cc84a7f43338e5c5b430d566b1f,0,965dd7c6f386cc046bd248cf532e2e2a44774277e165cd345530c11d2e7c4b05,120af2e12df0e7f8ced787759b920f2079ce629d49cadda6b285bb9d65c20901
056_coauthor_any_token_at_least_k_k3_t12_rep2,356,11,any_token_at_least_k,3,12,2,65,39,2405,1690639903,coauthor,56,2,coauthor:creative:80e39947253d4491a8b294de724100f0,0,bd93cf954acb443a8f6e1341318a162550ef0d6bec6e6948b2823b62aab423f6,b127035e94e6ea919cc11ce3d453fd81325e435397c9215abe32fe9cc6fca3e0
057_coauthor_any_token_at_least_k_k3_t13_rep2,357,12,any_token_at_least_k,3,13,2,65,42,2590,1401677075,coauthor,57,2,coauthor:creative:309c885c1f7e483681d807a14b36c831,0,f8f3e139630123d23d0b23f0d1a84f8d4c9c42396b1f21201e707e19422b2e3a,eeaddf962233aa213d54c23afa2e64c844458e326d747018651877a358aa196e
058_coauthor_any_token_at_least_k_k3_t14_rep2,358,13,any_token_at_least_k,3,14,2,65,45,2775,2088004190,coauthor,58,2,coauthor:creative:8d145264baaf4220b2848a60447cfd05,0,0b97d956f6abe74d2c6c2202b80b5df91e84b3068183f3f4290239343d53197d,9595f67e0484a9247f29380e5e1e79c854031855d9d340ec42431db368e32799
059_coauthor_any_token_at_least_k_k3_t15_rep2,359,14,any_token_at_least_k,3,15,2,65,48,2960,595158553,coauthor,59,2,coauthor:creative:41ffccaa38ce49639429028d4cc1f1e8,0,ae6de1d5126d37a7e0f3150128c6b89dee7ae53ab592dc3710c70580b594df42,b9c633a6305947a0b4d4c4a3d4f154fdf400cc60dd18bfde5b2b884ecb2e32da
060_coauthor_exactly_once_kna_t1_rep2,360,0,exactly_once,,1,2,65,3,254,627403493,coauthor,60,2,coauthor:creative:b7ba03e9a46a46b79e31ff492b20c30e,0,7f6a55dc4692893cbdd76455abe78dfc06cdeca22cff4bfcb99bd11e5243a134,3a38bd3562ad05ce878758d13cd1472d525ac71f99396050998ae966dc629de1
061_coauthor_exactly_once_kna_t2_rep2,361,1,exactly_once,,2,2,65,6,381,318389719,coauthor,61,2,coauthor:creative:0ae783e63f2f485a87f61b8159276c57,0,6d675a1ef2221fbb0b400a7330b0f5506aa1c5e0816be3ebf02bcd4a3ba676a4,e5f77d074c9aaf5b9233c806c8e22de58afa2d4f11bd1182cd5a7be5920dd479
062_coauthor_exactly_once_kna_t3_rep2,362,2,exactly_once,,3,2,65,8,508,1749306589,coauthor,62,2,coauthor:creative:e096014a9fca4d608a0f1c611e57fe2f,0,4b1ab0b9fe721d4cb0ce9dcc4931ac5bd5fd1bc696f20cce8e25b034fa1780e9,9a1800ace548f59785b516eca75af9d04ba83ef31a48ad48e056b10347b409d6
063_coauthor_exactly_once_kna_t4_rep2,363,3,exactly_once,,4,2,65,10,635,167184041,coauthor,63,2,coauthor:creative:9750cd5d84274f9b8135be2e8fa8cc6d,0,9264daca6ec52f557aed46a598cce4afb2e6510edefefb35ce92e7e68c8a1647,02c707bc6426a7d52bdc3278602fa5e1fb1b12c3db2fe04537e5584f4966a110
064_coauthor_exactly_once_kna_t5_rep2,364,4,exactly_once,,5,2,65,12,762,2041181244,coauthor,64,2,coauthor:creative:e257561129954362be03dc09727ad7a8,0,904fa54050e2cc5193bd0f85e579c764171231b2575999b2ba35db76e6e94876,5868e3ffb4971bd2e27e51f3452933c20c74b7db8ca680fd74ab6fbd497ac586
065_coauthor_exactly_once_kna_t6_rep2,365,5,exactly_once,,6,2,65,14,889,1203003413,coauthor,65,2,coauthor:creative:c5166a329a9c45f990a5d3c692d7faa0,0,7fe37226de7fd79ce74edb06755f183ef934894bc674b18a39349fe22f65b16a,1b5639d533b5f60ee05f877275a879b8a0624b9d9d98d8c11be982ff997d0bb1
066_coauthor_exactly_once_kna_t7_rep2,366,6,exactly_once,,7,2,65,16,1016,1498587352,coauthor,66,2,coauthor:creative:200b5a62bded44f6ba8320c117bee58a,0,0002fcfe5cfa4a219cdd24fc1ed1ab57b16b2ad6b56a33e0a0379652e9ed8704,9ed712def77177fc02e5f2bd137ec7e4e291b5bbe649c1d437cf1face41c4be5
067_coauthor_exactly_once_kna_t8_rep2,367,7,exactly_once,,8,2,65,18,1143,1971707270,coauthor,67,2,coauthor:creative:ab54a76d5f3643ca95b0a24783f26921,0,9de39d5b81b84492047c5440e3aeaef5a297dbb6d407193aabb544d0b092a7cf,d2fec9b512f2dde44dbd1208a9eb53638f052686bcd2fb90b941165d783f25c2
068_coauthor_exactly_once_kna_t9_rep2,368,8,exactly_once,,9,2,65,20,1270,203661594,coauthor,68,2,coauthor:creative:893f5fa336ac4092b1d4efe6c91ef24f,0,da52817858379e3502fe9fab4efdd583239fd3b69a6536849875fffb8e77a0de,ea3f472ab8fe4f44ba6d0e385cabda20c18888b49462af2f11113a2056e60453
069_coauthor_exactly_once_kna_t10_rep2,369,9,exactly_once,,10,2,65,22,1397,147400736,coauthor,69,2,coauthor:creative:a835d25a742840db987cf1fc4f877a98,0,6031f401f3c589683aa3ed18eeec330cd267348ef959aca1f3d53f20d13f6a4d,2f63e612bc6ff4ea4a09572df66c7c631a6808aec382730ef70bb06893c9eabc
070_coauthor_exactly_once_kna_t11_rep2,370,10,exactly_once,,11,2,65,24,1524,478886163,coauthor,70,2,coauthor:creative:2d9bcb435a994711829fe6b05f256fdb,0,b2722d02ae312eb67ec5f339bf426f2a10341d9ba99ae079cc2703e73545f073,69b6e2d109e0aa32474b35ca1dbbe0af27ec9dcf50cc8ec55575baac9d59da38
071_coauthor_exactly_once_kna_t12_rep2,371,11,exactly_once,,12,2,65,26,1651,647228559,coauthor,71,2,coauthor:creative:f0b4803428a846c6b22e2d420e980a33,0,e100da8423c6c29db292d58304c5fae075c8c37bf3a43464420949649e45f8e2,76c2d580e7036183ecb33aacd4b29b12086518629deb7e0b60ebfb46d6e2dfb6
072_coauthor_exactly_once_kna_t13_rep2,372,12,exactly_once,,13,2,65,28,1778,1720919723,coauthor,72,2,coauthor:creative:1a94f1f656ad46d4b58923212e41cdeb,0,9d86c07f2d6a87295ead555711439a113d359cb5c7df4332a3cfb00b5d1b3a2f,07af3af0166640685f9da26fa2588e0e71beebb2916386d49f5f89582d592708
073_coauthor_exactly_once_kna_t14_rep2,373,13,exactly_once,,14,2,65,30,1905,1656631306,coauthor,73,2,coauthor:creative:a068c6552ba143c8ba4f378e49c3b640,0,b0fbb618971e28b059597ec82032648e689beaa94633ad0da4021488f8ba7400,87afff3bb1b33318e3fe68f114f4051a4b65ac49031519d26e068bdeda2c9cbd
074_coauthor_exactly_once_kna_t15_rep2,374,14,exactly_once,,15,2,65,32,2032,193350707,coauthor,74,2,coauthor:creative:c68e3e04c564413fab31d6765cba7f77,0,b62a19bbd982bcf673b937bad7aeeda62384cc28d26f527f49e56103bac96dfb,ff3105c1ada0af29008fc985521c24640431503b77f6ec1f8e1ee430bf84d08d
075_coauthor_exactly_once_kna_t16_rep2,375,15,exactly_once,,16,2,65,34,2159,1007557637,coauthor,75,2,coauthor:creative:f7156d363a5d45ea9f0171bc468277b7,0,1d961697bc8e616dc50308e05d4e63e185b20eb8fc10829c84b520eb089af97a,47085f309563d042e235646fbd69bef9a9bae1b0f4abc5781aaf418af64d0447
076_coauthor_exactly_once_kna_t17_rep2,376,16,exactly_once,,17,2,65,36,2286,327537182,coauthor,76,2,coauthor:creative:ef145d5c1ad94981bbea37ec48c4eb2e,0,bd6f75467535b20280d911b2e3182cc326d7cc109a6d287116cccb744fb2ebb9,c4e56073c888c71decd8d3579c29ed8722e92aea51868f43941a6f9a4809969b
077_coauthor_exactly_once_kna_t18_rep2,377,17,exactly_once,,18,2,65,38,2413,882599116,coauthor,77,2,coauthor:creative:1a50c197cf564bf88f386197d1f279d9,0,4633e0c50cb1ab62bec11863d6e1980982a7e40ee175aaf1e6ef5a4fc4ecdbe9,d321513fb06948c5948a19a4dccc89953973b1b5e2486462c83f618e1d9d84ea
078_coauthor_exactly_once_kna_t19_rep2,378,18,exactly_once,,19,2,65,40,2540,1099492181,coauthor,78,2,coauthor:creative:1745a412b5cb4638b35b9f6f63eb3e0b,0,54ae192c59d315f241a811d954190159cac12c601644d373f3f27cb110e5286f,7ef3864e61185e193946409cfa306c25e96b5d150e25a536ff81bb8eea635b9e
079_coauthor_odd_count_kna_t14_rep2,379,13,odd_count,,14,2,65,30,1905,260323849,coauthor,79,2,coauthor:creative:58e702b7c7e249a0aaf762ea10f833b3,0,6ef05770b8943961a6a2cee6d6296cc443208ead087d1d1c23699bf15b1652bd,c7bf5b31e7703677dd28f697e9f450c31990b957a9080ed03f9d4a7dfd84ea2f
080_coauthor_left_not_right_kna_t1_rep2,380,0,left_not_right,,1,2,65,5,313,928162854,coauthor,80,2,coauthor:creative:dfbab4c8263444ef9d9e9d25e3e581f4,0,4756e341e0da872082a08d5540f8538cefcccb635f79d346d12992efbde1218b,a9c2b8ca975cd14bc0d3a21bf9019645ece42d94c99ad1943c53737535121899
081_coauthor_left_not_right_kna_t2_rep2,381,1,left_not_right,,2,2,65,9,501,1330869869,coauthor,81,2,coauthor:creative:05b655163b1e4e38b76c2785a0aea5bb,0,5f0f8a1a36dd8a5092005f68082289ffcc9d449e4c2494a7cf703d6eae844f5d,11b1752cb11b1b904babf6c685e46a430c62711b96559379806acc7e1ace839e
082_coauthor_left_not_right_kna_t3_rep2,382,2,left_not_right,,3,2,65,12,689,1119773552,coauthor,82,2,coauthor:creative:bf739551dea348c48635d2fbabb51ed3,0,cae5d812da954fb3c465a55b917c6d445d70f7e8e6d709649e1a27dc44497c56,2acfe38606b4dc98af6b76e0ffcf8b10f18451b4a583223935bc8ab74c7d91ef
083_coauthor_left_not_right_kna_t4_rep2,383,3,left_not_right,,4,2,65,15,877,557666619,coauthor,83,2,coauthor:creative:2bb646dbeedc487c9bab6b1d5db5b5fc,0,5c34162df68c3d6ffb2660c1b658996af27337be50c08e9f48cda7cea1dc94ce,d0f22f89af51d0bc14c020346e5525482f9ac042b126fe61debd82ea09b8025f
084_coauthor_left_not_right_kna_t5_rep2,384,4,left_not_right,,5,2,65,18,1065,408672559,coauthor,84,2,coauthor:creative:562cda138b314c97b21ba43f691b79ec,0,21287b4044e423e4921a8696750f6c2453e11d8d1468fa3f25f471a5b40311eb,24417a62ba6143129a14d713587d38acef343c8e14475eadd527f4881aee629b
085_coauthor_left_not_right_kna_t6_rep2,385,5,left_not_right,,6,2,65,21,1253,2147337852,coauthor,85,2,coauthor:creative:3ab1ca63246449669bf1f7b9c90d379b,0,30dd8a5926bdfc60cac93bd25d799f6fa19f6f78290366249ceb1943f5ab7a86,b4aea2f851d7b9c887507201645e5fe942c922da106bf804f70c703fe0a61f50
086_coauthor_left_not_right_kna_t7_rep2,386,6,left_not_right,,7,2,65,24,1441,2092830831,coauthor,86,2,coauthor:creative:7b2436bbf42d4c529fdcc62a83329e83,0,a7d7a2d51fdd3c9b908606bfbd9d03cb8fb29b5db678d41cf9e7930d2db3bda4,ced7aba57225d5ca1933cadd08924531c119617a5a2eab141ecfa15c9b485086
087_coauthor_left_not_right_kna_t8_rep2,387,7,left_not_right,,8,2,65,27,1629,1104950343,coauthor,87,2,coauthor:creative:4eeea91c57b0425b9faf9bc4b74ec2be,0,5e0e24680dd51c4f0c209af3b22c4e6218c3adca3ae22089da0088a3c8fea23d,57984c2f0a1505d6b2728a0dbb84fe24be50d52eb4811922607c1080033f34c5
088_coauthor_left_not_right_kna_t9_rep2,388,8,left_not_right,,9,2,65,30,1817,1163069596,coauthor,88,2,coauthor:creative:3fdafca346c94f52ac5b9588a48e0a56,0,6ec1727e3279e1b9c93304f1a30710461c5b969a18c98ca5181fddc411a5fdeb,c11bbb04e0a3add763b2f6fb3dd4e64726265418741955698ddf639a6ae99a7f
089_coauthor_left_not_right_kna_t10_rep2,389,9,left_not_right,,10,2,65,33,2005,401630372,coauthor,89,2,coauthor:creative:f40b77ed78bc4297bd63c56ef412863a,0,36e74c4796d898148c01c79d3799be7783fda40a20675f2bad815d90626cf9c9,a21e7738d17768a7ec314989f15d8c5d7827af1f0627280df4fe724dd26a365f
090_coauthor_left_not_right_kna_t11_rep2,390,10,left_not_right,,11,2,65,36,2193,1743393876,coauthor,90,2,coauthor:creative:67c022f81e3f415eae224f368cca7c3d,0,74f8064b7e8ade16ef556945328fd70f11d77f19a020b26d96b74599fc60dc16,d6000a170e32e414c628b931715c22bdadd0f44013c7f61dc7ea69b6fba6f3f1
091_coauthor_left_not_right_kna_t12_rep2,391,11,left_not_right,,12,2,65,39,2381,1007000844,coauthor,91,2,coauthor:creative:208569acde5b49dda0ec25ce4c410975,0,e0777dd5e39237a3b258bea980a6c14035249c5e9d3876241155c11894aebf5f,fa34590ee2d4d9f7f38edff5563586c4eb8e81feee8da7d42f00026cd2d4cd11
092_coauthor_left_not_right_kna_t13_rep2,392,12,left_not_right,,13,2,65,42,2569,1155074635,coauthor,92,2,coauthor:creative:5929420aebc940789c58a72f8c8ccd56,0,b14f0c8551c2c17288315a9eb58dc337fd225802dab7399a19d6c2a04af9c7e9,6475693eb198031bd64658758f9ebdc659bb6756a2304e4521a084d4d1b6d5ed
093_coauthor_left_not_right_kna_t14_rep2,393,13,left_not_right,,14,2,65,45,2757,1319160809,coauthor,93,2,coauthor:creative:41f6db5de3d8439ebbd996c398127d53,0,178098daa77b531302d3ea65ca202e82c82505cb65fc8a007f9a4668a4889a93,ae0fd46f1a73000d36a091166e5384dc11abf8fbac99be0a01f289d7e25c21c7
094_coauthor_left_not_right_kna_t15_rep2,394,14,left_not_right,,15,2,65,50,3065,655591910,coauthor,94,2,coauthor:creative:0a8e182a20df447db4846b1223c619b5,1,b5edff31f7a63fb162aad4877d7dc2288389fae0e2c3217703236fbf23a30e73,c790750b93aafabd03e4e74f475f6cd6f2e1d7daa0e6e67df4b79c84416dc6ba
095_coauthor_left_not_right_kna_t16_rep2,395,15,left_not_right,,16,2,65,51,3133,1763446801,coauthor,95,2,coauthor:creative:6e8295cfe7b7425198f0d305a29e3fc3,0,73127dce9edd47fc86e581d5bacad5e4c73ad7ceec6827627ea6996ac40c6d41,28d1d86c48b9d314aab11c2d1a259da0e138e86a8a9c95d73164578541e490fe
096_coauthor_sets_differ_kna_t1_rep2,396,0,sets_differ,,1,2,65,7,439,287909034,coauthor,96,2,coauthor:creative:116ae37dd7f5497c8257767b81a72cf3,0,71ed51dab8917e3e23f1c97fe39c4b65312cd53e3802f2faad4f9b87f4eae57d,caa79a9299baa3e077346b0f174edfd93efa553c99e4198fc3dd1a9092efda54
097_coauthor_sets_differ_kna_t2_rep2,397,1,sets_differ,,2,2,65,12,690,376325081,coauthor,97,2,coauthor:creative:8f5facc84faa440aaab8b05968fbdf4a,0,da61fd2238db4df3aeee9ce4467781a3ff2a3ef9636e7b787bdeefc209842056,efe0626c293016e616596b0a4b239045194cd863f4e70bc4a38b9e31f55ddd38
098_coauthor_sets_differ_kna_t3_rep2,398,2,sets_differ,,3,2,65,16,941,221453869,coauthor,98,2,coauthor:creative:b5612ede07954874974dfa8a6a921a8b,0,0dc9844eee414b8cbde125423124745e662439069cc5c1381ddf14493a28048c,5de99547c65bb9f7f26a7649a7985b479a3c0461675c0d203543e9cb723021f8
099_coauthor_sets_differ_kna_t4_rep2,399,3,sets_differ,,4,2,65,20,1192,1027359296,coauthor,99,2,coauthor:creative:5d97592b669a4155b2f8d7308d649c0d,0,a2968ec443d7fd572cc3467c87c1c5d9199194c23b5ec3aa8875868e4fa54035,1525f4b85186ced453d43930930e604a96f67951e9990d40507bf6844d760349
100_coauthor_sets_differ_kna_t5_rep2,400,4,sets_differ,,5,2,65,24,1443,1828676982,coauthor,100,2,coauthor:creative:c9e301f54a8a4723b14567a99c90d2b7,0,41525625b340dc3ee9b5ca4339639366449a5f674d095a37a2cfc4093493755b,8365d4cd272f532e5e59df6a4daab933722d65ca33b677f6964550389f4003ea
101_coauthor_sets_differ_kna_t6_rep2,401,5,sets_differ,,6,2,65,28,1694,137583360,coauthor,101,2,coauthor:creative:6d6a8d63190243f685256031a59166dd,0,297f0138fea6267d041717ae42ffe4de7623d85a926c6a4c06446d189f2ce311,dc6cc453a55d6460c84ca486e10dbbf9face02312003dd722956274ec993aba2
102_coauthor_sets_differ_kna_t7_rep2,402,6,sets_differ,,7,2,65,32,1945,2100626676,coauthor,102,2,coauthor:creative:ad936817fa674c3fb2db5f6d55fc49f1,0,6b8085f4ac192b7e77e58e9dc93c52a1d38d3aa142368fbdb474edc78a7bef98,f813e1208ccfe7a9a5f747371d126acec456f5052b716471d3e51a2568588e04
103_coauthor_sets_differ_kna_t8_rep2,403,7,sets_differ,,8,2,65,36,2196,495223424,coauthor,103,2,coauthor:creative:a2b882ca8a14420a8749dfedfecdfa36,0,aa21022dbf5e29a0c1a0e6eab67dcc4e13fc66e33d08ddc4d44ff3f5ba7739bd,30bc7b85280690519902f4a1a7ec366417bee83dc2b3c80238f54530cf94dae8
104_coauthor_sets_differ_kna_t9_rep2,404,8,sets_differ,,9,2,65,40,2447,794547656,coauthor,104,2,coauthor:creative:030168a0260f4701bb8c82e185b2c6c4,0,717014ea537a5b0d15189e7594c177ec478b09d1b1a19cc253cd4001382e6479,70dc7b21107ba596c833dd2c09f61a921f9cc9be51d95fcef2f9e7083886882a
105_coauthor_sets_differ_kna_t10_rep2,405,9,sets_differ,,10,2,65,44,2698,889109947,coauthor,105,2,coauthor:creative:64ded59bfd264094a10a88c47e4ecc1c,0,9c1fe576959ba0c2e635a912fbf552d9e6bf63f807c8ebd7707ed82ef4cc4ced,f29ff8d1361156ddcb63c9bb5b6caabc81fde909d6764cb324787f806c92b784
106_coauthor_both_sides_kna_t1_rep2,406,0,both_sides,,1,2,65,6,370,1567551141,coauthor,106,2,coauthor:creative:f151863fbea2417c9bbec7082abaefd6,0,485b8209e4b2e5fb7a2d04c2768a562f4dd02a6086e5f1fa392d71167c14e77c,4be97686f932f290f1913d6d10e12ec46714e2537151b469a5ceee321336baa9
107_coauthor_both_sides_kna_t2_rep2,407,1,both_sides,,2,2,65,10,555,103648351,coauthor,107,2,coauthor:creative:fa039fa4741a4a53a7afa9ed1deac769,0,21c4dec6919367cd4ab3ac1504e24cae43f78022efb3cc88c490d9f757dd888b,236ba1c6763fa53c4f4a6241cae376417ef98ae64b2eb987c3469fe4219e8785
108_coauthor_both_sides_kna_t3_rep2,408,2,both_sides,,3,2,65,13,740,453111492,coauthor,108,2,coauthor:creative:f6dc009e6d5c4c03a667ca201438077a,0,307e5328ce4f406ea095bf31c98d375d447225c6ecc4d9b1811c5bbedbf18a5f,ba8455ae1f2144171113bb5d6ee94c87bf9e06881bd5631ba596da0467e4b552
109_coauthor_both_sides_kna_t4_rep2,409,3,both_sides,,4,2,65,16,925,1704582959,coauthor,109,2,coauthor:creative:f4726c879c9d4e43ab6a63a3d732a988,0,b36a7768291e0d462105e45836e9e54fcf680e259fcbd6c891d772ac846ea96a,f0dea3f2ee4061a1674fe4dd64a7e1c52c71ce30a3f2f1498822253d0e424170
110_coauthor_both_sides_kna_t5_rep2,410,4,both_sides,,5,2,65,19,1110,1212847586,coauthor,110,2,coauthor:creative:bd54a50b118341678efa571079cae11e,0,3f385f4a3f45768d8fa3c0665e319f972873ed0e2f2fd6a69c967c76ca4e2131,86a9e620386aabd271e447518d94cc08c5ca966ac7259e1f61fdcf4fe17f8738
111_coauthor_both_sides_kna_t6_rep2,411,5,both_sides,,6,2,65,22,1295,1908751491,coauthor,111,2,coauthor:creative:fc9761dd283c460c850fe1733c62247a,0,584280a0de09d9b92e0ce2b99b39231a54591429b99c6dcebdf2c6b324887cf2,be0a08022d54df53e371cac87eecdfb099e5d058d8794f1a6da24513a80e93d2
112_coauthor_both_sides_kna_t7_rep2,412,6,both_sides,,7,2,65,25,1480,1933008165,coauthor,112,2,coauthor:creative:dcf08dcc251f48109e68b46ffc0561d6,0,04ddf69df2dfd5a7c1aa82417ccb60f42ec3ff16a20b3064ebb7f8f4c800047d,a48999084f1e2e48789e5d97c0e0bc73ccfda8aa0b8987bd1e2c97f355ef22f5
113_coauthor_both_sides_kna_t8_rep2,413,7,both_sides,,8,2,65,28,1665,229052572,coauthor,113,2,coauthor:creative:b7a163f09d8641c2b708236592f11767,0,de667517cbf0f596d8eca7d818e915a31278a9b94d8b1983ae4250e01b6f9158,c218df0b4b9207581bfec85e80c6acc9b84c44be61f93d8d37001ed58c1a89bf
114_coauthor_both_sides_kna_t9_rep2,414,8,both_sides,,9,2,65,31,1850,663331882,coauthor,114,2,coauthor:creative:d1edc05d6a4a411db965bb9a8adc3339,0,5c75b00e872f8ff41f2c604eb74c939844d20c2cef1684f1b1bbf19a3bd80cb6,41f25f89185470668b462f96a37722b84099bad008fbb4ee5968c139639318c3
115_coauthor_both_sides_kna_t10_rep2,415,9,both_sides,,10,2,65,34,2035,1698520607,coauthor,115,2,coauthor:creative:308df34d38ce447a957e540a6cde21c7,0,558c8b16b7d06e7d1ae2ac413f2fdf7fd0d7c35e7e381be486586dbac5b8342b,e4982621bde960f8a12fbbbf9d2896fe3db5d72055ff873255544e554f380aa0
116_coauthor_both_sides_kna_t11_rep2,416,10,both_sides,,11,2,65,37,2220,1521795194,coauthor,116,2,coauthor:creative:d8a8e6352996418a9319bbdc990bc23c,0,ec14a3c85051dd0516378621134f4d7a8c16ef6439f294b8254f8a5467160d55,367c52a28e6dc048b5b74a360e16221b3ad0fb6717b323ae45f70888dcfc8ddd
117_coauthor_both_sides_kna_t12_rep2,417,11,both_sides,,12,2,65,40,2405,178145262,coauthor,117,2,coauthor:creative:7e3839abe7334df698bb48e0d5561ab4,0,80930b5905a1b6673122a36a3d2d584963a2815a24669b5cdf9ef0686f1dd3ed,ba29cc5d5f9bd712fc64ab5660a57a8f43962356456be7e89975f7b145b6aff0
118_coauthor_both_sides_kna_t13_rep2,418,12,both_sides,,13,2,65,43,2590,273277591,coauthor,118,2,coauthor:creative:3ad000b9400447d9bd7f7dc101975973,0,4f87e695ce68bfbe3ba64a388cf8bc3d6fdb7a058d7d8537d59e3e4a65b37d29,92fd36e0bbd4fe5006d7d86cb1de133f41aff3bb320fd4399cc001d0a174d677
119_coauthor_both_sides_kna_t14_rep2,419,13,both_sides,,14,2,65,46,2775,1898952421,coauthor,119,2,coauthor:creative:626255ec39a349df84e75196a01c9e55,0,bdb594eca208254537bdf08a1995fbbeb36983899b333d7ca8ce1c856ef8d17c,0ed3983f598541abdd601a052cbacf9c9ef778e03e0fe5866349c5d20f3d86e6
120_coauthor_both_sides_kna_t15_rep2,420,14,both_sides,,15,2,65,49,2960,813730522,coauthor,120,2,coauthor:creative:0822cf8998be4c44962989a70f00eb9e,0,d1874e918cf2f367188aecbda2f89a3be9247cfa337ce600f43b620e62b52304,5e5a298ce1eab28362ab89d576542889e620ac7b0bda1018aceb06b6ddc731ac
121_coauthor_even_count_kna_t1_rep2,421,0,even_count,,1,2,65,4,313,141527139,coauthor,121,2,coauthor:creative:b42e5d2a56024abda27ec8f8f7424916,0,a2f58bb76321d09f369d9b8c082e7a3cc75bbc1f803884f7f50681ae722f8be8,3a84ff461a5262651beb9f7017589eba284d249d845869b71dacf0bc590282d7
122_coauthor_even_count_kna_t2_rep2,422,1,even_count,,2,2,65,8,501,1288346628,coauthor,122,2,coauthor:creative:ce969e3aa6374189abe638aa61b3ffc9,0,4be1c8ae366306543ae37b69643dc4b292c8491115acb5b8b7fda7d8270cb303,2fcf74a482bceb28a7afca2581eacee24b8f38a9a90269ebc2eaf56bb2326c3c
123_coauthor_even_count_kna_t3_rep2,423,2,even_count,,3,2,65,11,689,123062978,coauthor,123,2,coauthor:creative:b36defcb6838467db4486349793492fc,0,11f940fb2c181b0819c69c02c95225530e25bc469f2d846d536e1c9c8dfe9bb2,af75199b82a8a5f0badcafeb18195c7b3315e58d7cfeeec68d4bc3b5b0b879e5
124_coauthor_even_count_kna_t4_rep2,424,3,even_count,,4,2,65,14,877,897213110,coauthor,124,2,coauthor:creative:fefad5c6b2ca4bd6a6728c1ea12a6232,0,a927d71cbb49de603abc1b65fb750d447f4469bab61f9929d7c1dd5f09f4e9e3,8759b95387c033f7fd4206b41925b27ff202ff25c61da6560dd7250bf29e01fa
125_coauthor_even_count_kna_t5_rep2,425,4,even_count,,5,2,65,17,1065,1880268518,coauthor,125,2,coauthor:creative:eb9fd1c4b18b44679e21e09e4fc7fe0b,0,8c97c7da7b03f8532ab4db379b0d94655d065abb57132f71bd43a5f306952ebe,b88c5ddc699d66cfe7d6702d50156e548d41d11db676b3e056ee57b6660a5170
126_coauthor_even_count_kna_t6_rep2,426,5,even_count,,6,2,65,20,1253,1211816944,coauthor,126,2,coauthor:creative:fb763e77cfa94c7180537892300832e6,0,ea3269bcbef9059d0c43eaf0d0fa35d9be19d337622c345273778105136209eb,47edfaff12fcd2b48b5aebba5cfbdd1fbbda3fe005e19f9e667c6331e1c0d321
127_coauthor_even_count_kna_t7_rep2,427,6,even_count,,7,2,65,23,1441,1785317414,coauthor,127,2,coauthor:creative:c55eedaec6ea4aecb9d9cf1fb616a89d,0,8ff91bb6191bd70c83ed678d73da96b129e0ce223361b893e3801f3178afb0d6,e5aefb8bd09b7fa57fb68926be567bd58a2f22fd3503081d7c6f17af1c313998
128_coauthor_even_count_kna_t8_rep2,428,7,even_count,,8,2,65,26,1629,678086234,coauthor,128,2,coauthor:creative:7db807f901e64357a4ebcee6908e8755,0,53f9fed1d43b3d6b8b8e68c4350e193942e8ff11b0ae404b13c2165e96cbbdfb,74dc8c9269889214f0ba55643b16d9ac4c147dae07a56f00e2fcf07b064ce2e8
129_coauthor_even_count_kna_t9_rep2,429,8,even_count,,9,2,65,29,1817,91060022,coauthor,129,2,coauthor:creative:53a1f867867b431e9336245503e7eec4,0,8a536e2d185da6c22f238fed3c151aa05f1b88f2e3092da1832e86c4d7128a73,08a505c66bc6c540d0a2537918ea24e1a840aa10684e51736bbbf0186353366e
130_coauthor_even_count_kna_t10_rep2,430,9,even_count,,10,2,65,32,2005,1182377206,coauthor,130,2,coauthor:creative:ca8ad78852e7427598cb82fa420483b4,0,63b14bc34a96409eaeeb62be6572021bf7a4e59ba4cf765801aa2affffd094b9,8c30d85f8123592a501613328cf36ebb6f9ca293762a6a5443f6a1fed13527bb
131_coauthor_even_count_kna_t11_rep2,431,10,even_count,,11,2,65,35,2193,603178832,coauthor,131,2,coauthor:creative:6a0e4a84b6624948b9373a84488399cd,0,abbd6ca64e9e0fba7dbea66abdef4a730f774c8b6a09a05d7a00710f95f22874,a4d26249bef5349dc85e37b26148a2e0e1fd1ce28d6190cf89a200e483cf6ce0
132_coauthor_even_count_kna_t12_rep2,432,11,even_count,,12,2,65,38,2381,1404039680,coauthor,132,2,coauthor:creative:77cae115ed8349dbad550de12e5858c1,0,44354454d6a2d3bab43e6ed7b2e6691ea7c82319921ebe198dbfd286cb5c4594,84a57a1bef9c29cf0e2bad6ef4db379d0469120d5258085e9e70035bc011c56a
133_coauthor_even_count_kna_t13_rep2,433,12,even_count,,13,2,65,41,2569,668074030,coauthor,133,2,coauthor:creative:4619d21ac3ee4b6f961fb782ae6c7937,0,4d81249e2055cdbe6dcc8401deeeed049079d7f8d762d317793f7d2e49352a5b,ca5dbd46a8a80f152ddf7218347055bb4eacf2186c6f3420c1f61edc70766ce2
134_coauthor_even_count_kna_t14_rep2,434,13,even_count,,14,2,65,44,2757,1800334722,coauthor,134,2,coauthor:creative:d9905c44ab9a4489a89581f052f34624,0,0ac75d7ce5a2a55d1489b61033dec496300c2b94d26c7a3cb0be6699c9deebd3,98a68c8727f3dee6b5778babab3b78285b71f61100e15728a26fbef9bf11af79
135_coauthor_even_count_kna_t15_rep2,435,14,even_count,,15,2,65,47,2945,57330109,coauthor,135,2,coauthor:creative:ad3a61d515cf456cbaa424c7b4ac0f13,0,b2d401b99e933deb43d4921c06dff256a08a32d4736ae4b816c66b84da43d06e,19f9de370aebb74eec882632d32f64d1a2296af9f1be18ac9d5a8a96f646b7cb
136_coauthor_even_count_kna_t16_rep2,436,15,even_count,,16,2,65,50,3133,1901647826,coauthor,136,2,coauthor:creative:c6f8250e587f4288a48a616b2f1c1c6d,0,9950767c1393666aa38cab857f8bcbc3d8bccc2f738430140c1c22f091b448b2,2165e2b633872efc154bdc6050befb10a6e9c876b8296ef6f0e6090b440c62c1
137_coauthor_odd_count_kna_t1_rep2,437,0,odd_count,,1,2,65,3,254,1402988040,coauthor,137,2,coauthor:creative:95b14d2fcf8b4eb5a0be3354a80e6f32,0,97c29740412782f7b8bbb6a2254e2fc00961d61f7d1b1390f9250b4536594972,b82ebbd5899aa3584d1effc1233abc79e76d40b37dd579d275ad635ebbea4623
138_coauthor_odd_count_kna_t2_rep2,438,1,odd_count,,2,2,65,6,381,665737771,coauthor,138,2,coauthor:creative:a0cc548fb40a4e22b1963674fb4b1f83,0,63f1813a38a6b15ed3fbe750c61dd1cd8abecf310e600ef209015798feadae2d,eb37018db6de7d69e81d1782219a52133ce684ca903963b2e1222aaa92f1899e
139_coauthor_odd_count_kna_t3_rep2,439,2,odd_count,,3,2,65,8,508,1506896617,coauthor,139,2,coauthor:creative:9c397f7fd7a04f829c055d2f7f5ee160,0,857bac95fa9ca793555cdf35479175a950546f55b8922a10e62fe4b2c762fe15,509fac6e1d84b8e89d273cefb3dd5e5f659bad8c3e100d072f787aabf668a15c
140_coauthor_odd_count_kna_t4_rep2,440,3,odd_count,,4,2,65,10,635,1459845233,coauthor,140,2,coauthor:creative:ae3a87fc6c5e4c18897f71b93d670529,0,a845ebb021f896b749cba729f4153536ba6c9fd6fdcd0264fe504a40119a2e5b,df9f1f6e124233d27d2314d0ba6eca967ba6bb2b2e9ce9760a9aaca8433375b7
141_coauthor_odd_count_kna_t5_rep2,441,4,odd_count,,5,2,65,12,762,193159375,coauthor,141,2,coauthor:creative:7e7ec06df61a456c8574f64dd26389a5,0,4167f16767ecb71685a43e99a5a5d6fa11912aaf788f374732cfc5e9fcaebe96,2344cbe14dec808526765dcb4107a4dd3d32739646483084d2f20a90a0f276b5
142_coauthor_odd_count_kna_t6_rep2,442,5,odd_count,,6,2,65,14,889,556078463,coauthor,142,2,coauthor:creative:87b45d27c2424504a98f49a29509480f,0,5c2398c294fd20eca19fdce1dd40cd70e8f7a3c18b4ab54ec47df6a63f22037a,1b666eaf6f9d9acedd2e267c09cd909f77c8e5d9f48fc0c45d62ae3dc52900f2
143_coauthor_odd_count_kna_t7_rep2,443,6,odd_count,,7,2,65,16,1016,779302175,coauthor,143,2,coauthor:creative:e04ccf1a440045bd92bf1ac66489b158,0,d347b900e8ac1bb6f246429d72d1706d307935f781bd20f1e91bcf6ab79b6ab6,1e4c913cd55ac3e31259db541612c59a602580177df94dea2e9aaddbf7632d7c
144_coauthor_odd_count_kna_t8_rep2,444,7,odd_count,,8,2,65,18,1143,409476882,coauthor,144,2,coauthor:creative:7edc4eee07cd44db9a01e28f1ef20064,0,a01e8c9578143d432458a3c6a6a9f8705cccb2c5af2f133c95b736963d1fe5c1,ef4274a88ba43c3bfc09d55e238251da194be7504394bb106b2e315a38bb252b
145_coauthor_odd_count_kna_t9_rep2,445,8,odd_count,,9,2,65,20,1270,1677919498,coauthor,145,2,coauthor:creative:cfea3807443b4149a2c68fb1ee0341f5,0,444b45dd79c493cf67b8f4883c03c68694c2e48c9465ad3cde95b27fd9ca17c5,d9f7017d6c58b7d3eb1437b08064df1d0125569accef2d929766269d01437103
146_coauthor_odd_count_kna_t10_rep2,446,9,odd_count,,10,2,65,22,1397,1764460069,coauthor,146,2,coauthor:creative:18d61fce4bcc4ccf9bd49c621b0ec1c0,0,225b11eae4de280da6aaacf307a64585a574953ed1187303da72390cc2a79103,c13d4f86125d318d5522d0f2c6a6e10c6a2e12cf2b1685b743e39c2538b576ca
147_coauthor_odd_count_kna_t11_rep2,447,10,odd_count,,11,2,65,24,1524,1218765672,coauthor,147,2,coauthor:creative:cfb8bffe98a044868cec22afd04c1bba,0,5dba5ea92f7b04cddc13be0a0c64a6d4b8f5c830a6216135966751b152650cc9,03b4b8fa146f0e76ab38670be5dc86fd3ec435b344799d51664e87e23533b70e
148_coauthor_odd_count_kna_t12_rep2,448,11,odd_count,,12,2,65,26,1651,1239080464,coauthor,148,2,coauthor:creative:c28981a2c8af4ccdb127d3a74ca363ac,0,12bc1c847c2735d0efa255ff267381a1c6a11ae1f71e6c1f7cf004c0bb71a0f3,72c0a6acc2b00a408bd6eac61992755fa497d81679282d4af742ec8fcf161617
149_coauthor_odd_count_kna_t13_rep2,449,12,odd_count,,13,2,65,28,1778,1476210158,coauthor,149,2,coauthor:creative:f4aa98d6f88649e786c95c9c77960a26,0,e6e9b8905b5eadff060c90057adfc6ebeb5e1361c5b6e87bb0e4ea31c51fa40c,5d63d16266a2e488fdcc233cf4ca31e3314989758d09e36a19d7ac87831513f1
150_coauthor_right_not_left_kna_t1,450,0,right_not_left,,1,2,65,4,313,1322083217,coauthor,150,0,coauthor:creative:53d34e075dc2454ebbc4e4e8878b0d15,0,7ee508435cbccea609b35eb4c55d139a04a0d58f2e23c94895fddd5352ca6d2a,3a9bc93bd972f0fe72fd1ada5ba7568d6f5e42dd8d6d0cdf39d5edd46603c899
151_coauthor_right_not_left_kna_t2,451,1,right_not_left,,2,2,65,7,438,461348175,coauthor,151,0,coauthor:creative:a9936b88956143bead73fd420fdc8b5c,0,c1f53cd76c80a2e6036e4377a98916eb90d2769390499e8f94236ccd8c412739,c083cdb04128f4f771ef6f4d861a8a69f35b90b412dc2132a19701e4ece22b6f
152_coauthor_right_not_left_kna_t3,452,2,right_not_left,,3,2,65,9,563,612206476,coauthor,152,0,coauthor:creative:43fef1ea6c6342f490c991f230acdf1b,0,9a5f0e329e2013d1388a5e7df0de4a87d1c764ac847d4da983b0c8fa774e38b3,eafdeab58a627dedd9499a89e04921e4396e08187a4245df944af174d7c09251
153_coauthor_right_not_left_kna_t4,453,3,right_not_left,,4,2,65,11,688,124248991,coauthor,153,0,coauthor:creative:7444af48e58441e5ab11c7e295095206,0,c418ee512a349ae067847a035711df5c3331e1a8ee5e6b28e41c0f9c8819516a,738a81c0e2aa83ebd7e202e8c81d5d2ccb5f861613165c532674131039312dd2
154_coauthor_right_not_left_kna_t5,454,4,right_not_left,,5,2,65,13,813,1446083750,coauthor,154,0,coauthor:creative:8d77e68c9e2246949f8f3af5342da3a2,0,b16c385f460d4de35b3910cb924e5111b4be93038937257fde28548a7a1e62cb,b999d2257b57cbb612f264544649355fbe33e0fca496985216517f300b21a6e6
155_coauthor_right_not_left_kna_t6,455,5,right_not_left,,6,2,65,15,938,856383930,coauthor,155,0,coauthor:creative:cf41b69d79a14f2ea9c8179de2f84479,0,132f98700fafb5cabc732b18620ee130a9b844f048d7270f71625a1427b323d1,e9777384b9dcb1d1965fe8687f41ca2d0a0865868d7b10af194465e4aedfe51f
156_coauthor_right_not_left_kna_t7,456,6,right_not_left,,7,2,65,17,1063,1272848941,coauthor,156,0,coauthor:creative:3f6f1edc20064adba80cb4c98454da3b,0,4d08007732bf4ee30be301f5b19adb3b683cba781c66b87cec6dc24315a586b8,9d4d0cb40eb8a194362fb42c9f785529c49a4430663ad093effb3bc39f974fe8
157_coauthor_right_not_left_kna_t8,457,7,right_not_left,,8,2,65,19,1188,985754318,coauthor,157,0,coauthor:creative:7e42d4f3a53b4c3d9a55b6d3a7f7c6cb,0,e9a43ec911a6516bccff9ea383ad0c3a7f7d600006634d4f7d5132d08aedaf1b,5723daa195d511fce9125ff0b035689324f7452849b2754f7dc5d58d7f996ce9
158_coauthor_right_not_left_kna_t9,458,8,right_not_left,,9,2,65,21,1313,1138110410,coauthor,158,0,coauthor:creative:b5cba1af4218432bac6932bd1d546125,0,9793e8523fbabead115b364e59b1f864f92f869b9f2a8a574f3f1f6c2fce8ce5,511f41d49c5ce44b89e69aaf8702ab02e397cf35fbd5213377c5126462286c9d
159_coauthor_right_not_left_kna_t10,459,9,right_not_left,,10,2,65,23,1438,132459063,coauthor,159,0,coauthor:creative:b2340ae8050543cbb74906ff4a96e850,0,a9e105e2350978bdacf9b1cde9dc324c42922e0745153b015cbe4a99111bf293,c46f7171fc5ca85f3ee0e3142f4d911f113a913b3f84da8cb658bc024335a9ef
160_coauthor_right_not_left_kna_t11,460,10,right_not_left,,11,2,65,25,1563,2117016861,coauthor,160,0,coauthor:creative:5f020c0bdea94db5aad0478ba02f2924,0,dee307b3402ed289cb0a3df9a47716bc1d2fdb617e3a75e0343f2d1a380a6a2e,4b190b796b37360145aad0ac84fc90894f936a88943e02f6bb3dc7a8d1f1c555
161_coauthor_right_not_left_kna_t12,461,11,right_not_left,,12,2,65,27,1688,806062639,coauthor,161,0,coauthor:creative:94492b7851ad432da7385f1bb6d18fe8,0,1c35e66d3feaafc97ff2ba6f0704f009c39e5a0e06446b98bca34469b59444c1,565e303290d9d758041ea11ec139faf2cca2487c35dec8d8d2f83e8f7c7a8cd1
162_coauthor_right_not_left_kna_t13,462,12,right_not_left,,13,2,65,29,1813,1992395989,coauthor,162,0,coauthor:creative:aa259a5e72c5426ebaa0b2ef7be4aed7,0,9ca6fc1a96996a679399ddb01f00a6b2e9e350d10e2ae84c3ef95ec2f20c2c84,ecaa17b8f2a7aa6594536f18b2cfc649a6f66f19d7d7a233d4214c2d9109ff89
163_coauthor_right_not_left_kna_t14,463,13,right_not_left,,14,2,65,31,1938,1109023699,coauthor,163,0,coauthor:creative:db169bdfdf294eaab67ca9aeb7a7f948,0,b4f257eed4120a82ecae7ee42f8be974258b1b879eb14feca89c09964337ca40,188f896b79c416e6aa0e2e9d8b99730156c20c694c7a94ffcebd35ec2f51f85d
164_coauthor_right_not_left_kna_t15,464,14,right_not_left,,15,2,65,33,2063,1399142382,coauthor,164,0,coauthor:creative:06209e0aab79451d994d756ff3542754,0,88cf771971bee582cf3268ae91d66190a2a8f36b9adf69eea5864b9ed675fad7,16c889c7c3a3a02944ec2e1dc2ff1493bfb5c776dd10abcfa8743f5b6cbb9864
165_coauthor_right_not_left_kna_t16,465,15,right_not_left,,16,2,65,35,2188,2036849242,coauthor,165,0,coauthor:creative:7d049bd04eb445fd865f447f243998b4,0,fce5966bd390ef47f24a8e5a11629ed3bf22ef4d5e71729425a522cdaf8889b2,4f742b26d682a3899f0b9240dd7a93e8097c3a4fe75c963091ee26f298a007e5
150_coauthor_right_not_left_kna_t1_rep1,466,0,right_not_left,,1,2,65,4,313,291077150,coauthor,150,1,coauthor:creative:bd761f35e22b41bcb90697aa4c0050e0,0,81c06505402021e0f05613e792f5d8e840fca30d7963e3e73c0da3e965848c96,32aa0664f077f6c750384f0272913b31e920f2523ba17d00a81a9de95eae7232
151_coauthor_right_not_left_kna_t2_rep1,467,1,right_not_left,,2,2,65,7,438,55704586,coauthor,151,1,coauthor:creative:66b3ac872822426e81bab531fb15d8a0,0,bb9807577aaec44b02f6caeb09e417077df693fe8d7601d166356ee3620ca3d8,4b4beab6d7f86edadd32bbbf1404c0820ee6a1d86f650195119583c015879f02
152_coauthor_right_not_left_kna_t3_rep1,468,2,right_not_left,,3,2,65,9,563,556996197,coauthor,152,1,coauthor:creative:79757c30997549af8a2d741ed49ff453,0,bfd54f1958577843a76cbe91d4e781034478ad8f4d31f0ea80420fc5aaaea365,f22f09de1132dd856ab0630b9b3cc11b089716f1253be73c0d4024a09653acfc
153_coauthor_right_not_left_kna_t4_rep1,469,3,right_not_left,,4,2,65,11,688,750860529,coauthor,153,1,coauthor:creative:ed645ae457f04bdda9562f4aa0003ce1,0,6be905482b7e7f271037cf817da810d3af9b90c22d29e7474fcd21ea27952e9c,7296b9932cfd526d46986c268ccb6ddce319f9c4610c44ee2dc01ba57fefa80d
154_coauthor_right_not_left_kna_t5_rep1,470,4,right_not_left,,5,2,65,13,813,109756301,coauthor,154,1,coauthor:creative:1a0d49b00ae844df971176e9aab9b18a,0,f2b60210cd0805a0b4cedd4fc94cd53b8ddba6f45ad82ecd46de2d60965fefad,57d16926709e40f2501d97baa3be970317022f57a09f0864fa89a86234e54f81
155_coauthor_right_not_left_kna_t6_rep1,471,5,right_not_left,,6,2,65,15,938,1571560156,coauthor,155,1,coauthor:creative:12c0273868a84564a5f001c3c086f69f,0,c58f75fafe06a13ae57ca1d5051023ebdebea9ce8b56845ca2c932c8360fd377,6cd761c1e9752795f38b45ed6114f366bc6b555d4153d14d1b96248c19f8c85c
156_coauthor_right_not_left_kna_t7_rep1,472,6,right_not_left,,7,2,65,17,1063,1927330526,coauthor,156,1,coauthor:creative:65936cbe394149c6b24802cad630e2d7,0,d2c7a909984647d817ac0c57d98b37833ed268b94928db8677f5aa8c19b9e9cc,bade1eaf55a62455a21ca00ba064fec3f4462bf6f81d1e34ef1bcc2be88206d3
157_coauthor_right_not_left_kna_t8_rep1,473,7,right_not_left,,8,2,65,19,1188,533322675,coauthor,157,1,coauthor:creative:f3bd97b3642443f0869190c50ad0b771,0,88e60abcf9008ac4da0530c10ff33a4abc157bc639604c216b3ba9518554ad05,a8f4b54a933254a01165de23618cad0447244d3540840d6e40ebb7fa1d166628
158_coauthor_right_not_left_kna_t9_rep1,474,8,right_not_left,,9,2,65,21,1313,472441977,coauthor,158,1,coauthor:creative:864b77f0d5f34f2b9946e518cdeee98a,0,2c912c65eefba95bfe9906638d26a05b85618c9c61d5051d2ce320214c6ed37d,788795d654f191ce6ffc3f80a709e0e5a65260878be39bb286a64ee0c44313a3
159_coauthor_right_not_left_kna_t10_rep1,475,9,right_not_left,,10,2,65,23,1438,991131404,coauthor,159,1,coauthor:creative:696d64891a2947f6af20032eef450ff7,0,0d4acd7414fdf066ba60ccd08c36c3bc0c3e47aea87fa9baca8657a7d903a5b2,9af84c6e4bc7b1def9a4583d28c734a1728a9ac0e40fde9b87dc7152d30b7855
160_coauthor_right_not_left_kna_t11_rep1,476,10,right_not_left,,11,2,65,25,1563,656067478,coauthor,160,1,coauthor:creative:3d6d562a736a49509c20be372a83d111,0,8a284488473f6c4354088a4cf9c0645922bc30b77304e5f95392abb681c6b378,8fddb456e98cdb21d5822079984e1c4a34608dea04b99c209cc0c153a4d75f19
161_coauthor_right_not_left_kna_t12_rep1,477,11,right_not_left,,12,2,65,27,1688,1678836306,coauthor,161,1,coauthor:creative:120f688d383d4775a51fc45728e771de,0,2188b782705c0c0227a5bbe2cb94298e1f566483184d82ad287f2b3548716742,e8af4c538a79ad69b7f317a28da8a9f1cbbd72693b3e3f73681c16a32cc08b3b
162_coauthor_right_not_left_kna_t13_rep1,478,12,right_not_left,,13,2,65,29,1813,103503325,coauthor,162,1,coauthor:creative:575d39d6fb394e859cb5c29fd5ad876e,0,03be21efe30b3ad7a6160c28160b22c0b749b9a2842335beceea6fa2b4db62a4,5f2765253eef31bc50ea0d3905907a8a6a9bd6a7b6c2935bd780cb68b710eca1
163_coauthor_right_not_left_kna_t14_rep1,479,13,right_not_left,,14,2,65,31,1938,77087838,coauthor,163,1,coauthor:creative:90a244e4c76240ab942d8f56b971b6f2,0,0abbb24da21986511e24cbbf3a207642523a6a7af4100645b0757a1869905a33,897bb059c2066fdbecd8401b84a52d77e7fb6e242a40b366a1e7fc6aa89d5608
164_coauthor_right_not_left_kna_t15_rep1,480,14,right_not_left,,15,2,65,33,2063,1560487632,coauthor,164,1,coauthor:creative:09c68920f9e5434bb35a22e1909f324a,0,e3657f016ae5608c92750fb9a61929f4100095c2c12cf92da50f3bf4eed97259,f0d216823b7c448b99e293e58d66383bc1025cfac55fa27a1284b69c5a9c853e
165_coauthor_right_not_left_kna_t16_rep1,481,15,right_not_left,,16,2,65,35,2188,1165335327,coauthor,165,1,coauthor:creative:3be804ca8a1d41a4ba5cdeb64b126575,0,b904a3a202040354973fb6c7b4e009274abd5f1a1883f97835f1a8a895b62e20,029840f9648bfc21198764edd2a4171b3f68006da9caf395dafa11139642adfd
150_coauthor_right_not_left_kna_t1_rep2,482,0,right_not_left,,1,2,65,4,313,375272172,coauthor,150,2,coauthor:creative:7267ada18a784f5089b55427212251b3,0,936af4590663cc87875d1c3c076c4fc2e4284f4b52a5013ad666ad972e4f05f6,a57616e6affcd76cfdffd5bbcca2c5d160619190c64f28ad1049e2e70f927974
151_coauthor_right_not_left_kna_t2_rep2,483,1,right_not_left,,2,2,65,7,438,181599629,coauthor,151,2,coauthor:creative:0837a09ef77a4f20b3a341a47276288b,0,b7ffc8b3a11712cce83abc297e04a8b295d1d52459fc2615796ee2a4ceef1d82,9a5b4ec5e433cf11f2f00f58027f75ef3b4c8391e1b03a1270f2d4c4e6d4d7a3
152_coauthor_right_not_left_kna_t3_rep2,484,2,right_not_left,,3,2,65,9,563,91810545,coauthor,152,2,coauthor:creative:9989ea7d26a94464a9d94f68bc7832e9,0,bfa314c51b1704e3ddeb2f94d080fad71b815019b63c5064e35f3721b9996285,d2fe8e2eefcabd7f3ed3225111ee80d199471c98593da527b13c74e172452dc6
153_coauthor_right_not_left_kna_t4_rep2,485,3,right_not_left,,4,2,65,11,688,220592453,coauthor,153,2,coauthor:creative:af3a9e8494e54fa0a28ecb7267f02018,0,c3da27f6060c3554fd143fb524570e514a4e7ca1d66a8397fc0c18513df0672d,86e3f632fec6f478db574b28fbf404ac818dade4b258c1662a313da73d901ad2
154_coauthor_right_not_left_kna_t5_rep2,486,4,right_not_left,,5,2,65,13,813,2001577123,coauthor,154,2,coauthor:creative:1450f586cc5543b69ba4c22ebd2c7fa0,0,e9b841b2dd37b3615034a89a737c4d1125474e8e008b25dca2a7084402762ae8,bc3974e28e8d1209c6bc6ddca588c526e3e21e6d445822d47271fa25cff4c128
155_coauthor_right_not_left_kna_t6_rep2,487,5,right_not_left,,6,2,65,15,938,369529025,coauthor,155,2,coauthor:creative:fb0562d64a314d2088af7d18ea7dc210,0,e6180dc9b647ed60abbdc4c651ad7e59c277438ce87d6b8034b2c0a35dad63d9,13e90fce41d2d8ffec3d7bba0516cad263ca05071e42fff26fca5bebed06327c
156_coauthor_right_not_left_kna_t7_rep2,488,6,right_not_left,,7,2,65,17,1063,1235011510,coauthor,156,2,coauthor:creative:c65f1ff1c8674f12bbb3a4a4b62ec7f1,0,6776b06a31b20bf8bf8ad09186345e973501655d130fe0c0c4818f070a9457c1,545ccc8ae87363f574f1fda10d511ec775de06c4ebecfdde32b06d36a4eb21e4
157_coauthor_right_not_left_kna_t8_rep2,489,7,right_not_left,,8,2,65,19,1188,189499705,coauthor,157,2,coauthor:creative:7e48dc0c20c340f9b0cfe73fd8d198b6,0,a87669494833c7ae10dfed9ada2a235be813fe8626fb1a07bbad5efac30342a2,05f296583eacdfd16d50703fff8473f796b927160ddd764b175e7f252f314ee4
158_coauthor_right_not_left_kna_t9_rep2,490,8,right_not_left,,9,2,65,21,1313,1330847957,coauthor,158,2,coauthor:creative:81b30967f40349e5b0e333f1e4851ce4,0,5db0b8fcaa0eb509d6e4b4c8fa27dcf261682b6c0bd836ba1b86423be77d0570,db476c0c59a119dac182a89190503ee538c697b71ee8ec387117158312566095
159_coauthor_right_not_left_kna_t10_rep2,491,9,right_not_left,,10,2,65,23,1438,354284196,coauthor,159,2,coauthor:creative:36a7437e63c64ad99a8e4cc9433a7be1,0,8b899031a6347fa18d44313d8baaab49566dee488855eafb2296a8684cb6235e,e0c33577457b0b1a9c395307a6377c314f6844ced8e233e489915227890d459f
160_coauthor_right_not_left_kna_t11_rep2,492,10,right_not_left,,11,2,65,25,1563,1838535376,coauthor,160,2,coauthor:creative:da4fed90272b41edb41f63fed4a928f0,0,df3c8a9105944bb0d8f5b6287a13c8ea8601293aa5afa391bb0421e8b20d6031,97d4fd5c811f34a4defdcd43e9fb3e8b09afe41bf82ce456da9d6eec4c06b207
161_coauthor_right_not_left_kna_t12_rep2,493,11,right_not_left,,12,2,65,27,1688,1764169297,coauthor,161,2,coauthor:creative:786e6c194f0a4fd182440d297bfc3b9f,0,c7b66bd4c44a8ab51628f47cbd3e061082c19a30c64f21a7cc86250b35fcd68b,17bc86e61dfe4d261b82fe2bdd358a0b2bc6ddcc5e6a62f1335394c44058e8c7
162_coauthor_right_not_left_kna_t13_rep2,494,12,right_not_left,,13,2,65,29,1813,634652853,coauthor,162,2,coauthor:creative:8462cd8c839f4ebbb940326f3af1922c,0,8d555239e301c411196e9836899e671bb270daeb15d9f384adc40aa77c067451,2917b26555a915bbb0b80554ee1eeb46eb0b8cff1b90edbe97fd8adae54bbbe9
163_coauthor_right_not_left_kna_t14_rep2,495,13,right_not_left,,14,2,65,31,1938,564958425,coauthor,163,2,coauthor:creative:bad20cdce8404ef3b6992ae8758105d2,0,2f1e2470fdc02503302c30e88e30ba10139d0b3c26aea2fa589aefa866075862,539036d471ccd7d938a4f870c378f5ad83dd0a1df0fa7dd22b36bb800a428dd6
164_coauthor_right_not_left_kna_t15_rep2,496,14,right_not_left,,15,2,65,33,2063,642190226,coauthor,164,2,coauthor:creative:b3528173b35442d09e2aadaf4d06defe,0,e9cdc1662ed14b6eaccb0afc74af319ba2fb63a9a505680451e91240ac994ddc,0ebb36a0889ba20491506fc98975dc7ee21fcff54c564d7cb7be815905712717
165_coauthor_right_not_left_kna_t16_rep2,497,15,right_not_left,,16,2,65,35,2188,795645006,coauthor,165,2,coauthor:creative:3f069ddebc85414f8c650c1f9e78a498,0,b41e9d646185ac7a2d320621f1d34c643643e33befe45a0fad8cc25564a62cb3,463f294abac8d29f961d69b6fcd69ba1bb1f7e66c3ead2024a5254e80c4424ce
150_coauthor_right_not_left_kna_t1_rep3,498,0,right_not_left,,1,2,65,4,313,1411941165,coauthor,150,3,coauthor:creative:d16a6136b82b42eba1e61ff0a4ac3293,0,e06c1318db4a09111997e1a02e3905febcc7df47f1e2fb298af1c7e2fa4d9efc,875a832fe7a9877c0510e77892d0c7f4121fc32215ca2ab4ef90db6e0360d50d
165_coauthor_right_not_left_kna_t16_rep3,499,15,right_not_left,,16,2,65,35,2188,1152027960,coauthor,165,3,coauthor:creative:a1818a53e4114dd3a3f002dc7f2c2f58,0,0d58513b8093217c065d0303a273806dfe40a1e8672befab84d65d667beaec64,81343dee43d81824efe5a57056a381b7459c4a59afcd1dda3f1e44d694954d93
