job_id,design_index,family_index,constraint,k,t,n_low,n,nfa_states,unrolled_states,seed,dataset,structural_cell_index,replicate_index,base_instance_id,multi_token_keyword_count,compiled_constraint_sha256,job_sha256
000_coauthor_kth_last_k1_t1,0,0,kth_last,1,1,2,64,3,250,1491181096,coauthor,0,0,coauthor:creative:d85ddd25fd5641a78bc996b77c55e82a,0,4dde9d56e0c018eca93eb9dd49b390c2013936eba091b53f09b2a19ef4d0956d,2aeb23677de13d966d2f54f4eb0d44fa026ccc6b752a1954563ddb1c483fe3a2
001_coauthor_kth_last_k3_t1,1,1,kth_last,3,1,2,64,5,364,1899553348,coauthor,1,0,coauthor:creative:1ff18e51f2a1466f97bb3dbfbaf98ba6,0,88772c9269ec8b6d6fe7dd8a826359ca44777a89dcaf2d3c292f3ea2e4cb04a1,429cf7e5632f551c61f18dea9f519c3c8b945ffd35ad7203f9d047ec56e45122
002_coauthor_kth_last_k4_t1,2,2,kth_last,4,1,2,64,6,418,1302744492,coauthor,2,0,coauthor:creative:23b998c76c784ff29f0ddedd78128722,0,e2ae43a7b8494a8abc1616126ff3085a323e676f33a53d0f8cbf24af7422a62c,c24036a3a69a48009a332fbdf2abf35f9eb2acc7cca9288f5d9276543ee2ce3b
003_coauthor_kth_last_k6_t1,3,3,kth_last,6,1,2,64,8,520,1308401230,coauthor,3,0,coauthor:creative:34f5ead6ffce44cfbdbd9cd0ef47f0c5,0,aefdd1f2014ac435bfe050778de45fc99d387f8b3f106e773d7bd88961f09812,6dff900cc265481a92941e05cff3673376ee5476137131686efe00fbf0b79cfd
004_coauthor_kth_last_k7_t1,4,4,kth_last,7,1,2,64,9,568,1573029600,coauthor,4,0,coauthor:creative:c793fab594334531a25d19557c0f5ee0,0,66430765d67dd609b445cfab6151bc03fb643f93461ea26ea30f699ae6ddf4a4,7dd19012e20f89a7fc4ba860ea7f8f3bf3e43888087114c8eda7284c9421ee26
005_coauthor_kth_last_k9_t1,5,5,kth_last,9,1,2,64,11,658,70697510,coauthor,5,0,coauthor:creative:b6936e96569b4b878e78370c516df55b,0,526cd0aaf7cc7626b5b1b7e6207810c0de06c3254829e81f3e003338135fd2ea,a1c6fb391040d352dc315baa7a74563003322f8a6a60c8e8a71c82a3481f3689
006_coauthor_kth_last_k11_t1,6,6,kth_last,11,1,2,64,13,740,771436552,coauthor,6,0,coauthor:creative:dcb6bb7ac50740b49deae5bf9a0dc942,0,4d12b11d9c809970a7913cd611d7c267df44216e275faf7cd17521fa5c7458aa,1f49dbb9fc9c8df6bb6b8e99395406415a49c45cd7bc5e018eeaf570f97a9c98
007_coauthor_kth_last_k12_t1,7,7,kth_last,12,1,2,64,14,778,1709702330,coauthor,7,0,coauthor:creative:86b1e2101c3141988dd27079e6963eb7,0,d88bdcc660dd22744e3c07e721e4be9ed01a2f63a9f12a9583a66334d6cf2f20,76ed727b2f56bdcdc9fd5860275a6171ebfb9d6e7d1a395bb8e44277d1f5a1d1
008_coauthor_kth_last_k14_t1,8,8,kth_last,14,1,2,64,16,848,2001624439,coauthor,8,0,coauthor:creative:fe0fb4892ea749c7a67b12172793c3a4,0,daf3cca0bda121a2d7c0dd1627332e3579fcc36034bbce42342f9947824e6c70,8d1d61262c6292267a82b2cf6d6c9aa61ae2f85fe9ee5be4cb86b7c9cf74f6b9
009_coauthor_kth_last_k16_t1,9,9,kth_last,16,1,2,64,18,910,928504667,coauthor,9,0,coauthor:creative:7b3266e380274b95b5a7b775dd937da6,0,af952c243ca03086c512e14814c3f535c51acf9866d2928ff9c327a085304c1f,c368476aff4296e05cb4a1ee0ba9811f5a55100d8e980cb46322ecef112cd18b
010_coauthor_kth_last_k17_t1,10,10,kth_last,17,1,2,64,19,938,763842738,coauthor,10,0,coauthor:creative:0ce718a22fd341feb59ef4f7aede8827,0,3c703060460a90b675617ce9664af9218f130c9f9e1d23cb823535458c3b83ef,d4425eb22954f1b927ebabb8ed66bcfa7be06b9fb1bfe2c8ebb5513ed32368ab
011_coauthor_kth_last_k19_t1,11,11,kth_last,19,1,2,64,21,988,2050047378,coauthor,11,0,coauthor:creative:aa563d648ec34088a3e6d3924b53cffe,0,aac3487f315b4e5bcd37d5e5b49fcbe6c6a6c5bcd0e034508ea1fcd5f9b55cf2,5621204f4f553c0a4a7a4ba5a0f4da7e45324a7c157c65b65166e0a1858b6f86
012_coauthor_kth_last_k20_t1,12,12,kth_last,20,1,2,64,22,1010,1997180275,coauthor,12,0,coauthor:creative:f02fab15925149cf9daa0f299d54f587,0,2497574d7e47e8feddf89c3777e2bb46cf6f8757e111ac61eb6d3df878a0e8ab,3433a1c9bceb0b562d84bf229c893adeafd54f388388f7202961cdfd31d8db9f
013_coauthor_kth_last_k22_t1,13,13,kth_last,22,1,2,64,24,1048,785059014,coauthor,13,0,coauthor:creative:499f9577962c4a2c98aee3f5b6098a71,0,9755100cb953d5817077c2a1a995be280856199856b2a24edbf12c0663a4f67b,3af7b2b1d5679c1db70e4d0b67ba09847f1046a0c0b97403254b525aafff5a0d
014_coauthor_kth_last_k24_t1,14,14,kth_last,24,1,2,64,26,1078,628780060,coauthor,14,0,coauthor:creative:b1eb87ade8f7495fb7167d0270816ef7,0,40997434f657551ce282439ab331488af7a438f96b47c423ee66cf014e16bf31,ada95eb55d9d8fbdcd9410b42fc40710aab1bb66e855363538a264a6ea2b4427
015_coauthor_kth_last_k25_t1,15,15,kth_last,25,1,2,64,27,1090,590217029,coauthor,15,0,coauthor:creative:7e9c3c8fbe1f4a02bcb9940a2bf95d9f,0,542ff099aa9802e0b8f55be909710ff7fcca19133d161aa53d96d18f957ae4e1,b39de76d717ce29647dcf8a2a58d84c5d854454d7e514ee80bf676690f033d4d
016_coauthor_kth_last_k27_t1,16,16,kth_last,27,1,2,64,29,1108,748230345,coauthor,16,0,coauthor:creative:f44e4ed0828e40abab5892a019e11dc0,0,babd5b49f3b9d785629bd0e2c2d78ee0b9d38dc469f0be497b3ce3430612a604,2b8502fa4445667e7c804b277a334657101274c9227828149bcb0eab366d5b9a
017_coauthor_kth_last_k29_t1,17,17,kth_last,29,1,2,64,31,1118,1276025991,coauthor,17,0,coauthor:creative:bc89dc4ac2a04f3aae685f619bb0fd24,0,a622b2c8d7f08dae0d5f0558606c42ff75bed2eb6439e34b3fe704a575b224e6,ba1789d13ff0fa76d3631e32b5fd5c5d2b3c68d59d27b85f64e355b0ee638e13
018_coauthor_kth_last_k30_t1,18,18,kth_last,30,1,2,64,32,1120,1435139929,coauthor,18,0,coauthor:creative:e192ae618004434e80f6d9ac86b84b05,0,6556399ff3615b7c39fb89627c534806b51ec108d230308700f2a04160ebaa4b,71d52aff014a6bce95cbbd7f74600fba119518e95057746c5df29e7dd10867fb
019_coauthor_kth_last_k32_t1,19,19,kth_last,32,1,2,64,34,1118,1620468441,coauthor,19,0,coauthor:creative:2ce71b3ded9340529f08b8ce0bc0a2d1,0,a2c948e01cf686f6f6418b32c644cec9dc3fa0147ab696f612cbd5aaf892ebf6,45acc46d9776b1986b10b97b6cdcd5f1156aff34582b1e844277d6d89a5d8c1f
020_coauthor_kth_last_k33_t1,20,20,kth_last,33,1,2,64,35,1114,1548175453,coauthor,20,0,coauthor:creative:4d56ca2cb8c44243a3c86dd80216c1d5,0,de989a48df4d985989ed07f145be3ecb7a96ec892e76dca9d57553e3a098df85,db38edad4e44395b954e610c9a4ac55ef93e1388562652e0f25d45b20e57175d
021_coauthor_kth_last_k35_t1,21,21,kth_last,35,1,2,64,37,1100,1349028788,coauthor,21,0,coauthor:creative:15225b481e3e4c4dab5c641b940b59b1,0,9b111fdbb8bdf314c83182a9e456ee75ef6bb022fe23ceec60a23e416546a583,eed9d9c57d365b0fe173c7f8e2ea077167c0b8294fa83be179a7beedba280e06
022_coauthor_kth_last_k37_t1,22,22,kth_last,37,1,2,64,39,1078,1398474462,coauthor,22,0,coauthor:creative:2848a799f11d4a41b15f5c91dd89eff2,0,80fdf1b3778848122c20c185605257299bb53385f4a1ebf35c7e7bd0f6dbdcb3,ccd2a93ff9349ae7072a20f824a99c94a1891e6a5191a0dfe3dcea442929d0e4
023_coauthor_kth_last_k38_t1,23,23,kth_last,38,1,2,64,40,1064,696601385,coauthor,23,0,coauthor:creative:84b6f64b8ee84162927b65fe69374fa0,0,c3fb05bc01fc669ecc720f7e586ba4bc57e2b59ba9024fa86831ede3d904d93f,52130fbc18f3d412dbcfc18a57d30e2355178dfc2696a6b5c858993d9c276754
024_coauthor_kth_last_k40_t1,24,24,kth_last,40,1,2,64,42,1030,1964352443,coauthor,24,0,coauthor:creative:128bf2d6121a4542ba5779b2811d8c15,0,118cab7640513b0a966965fa38865966b4fc3659a5a1894495d39387a72eadbc,7fe9cccc56d26d841b365d9e28d6f993fe5118928d9ab134bb24a3be39ea2d83
025_coauthor_kth_last_k42_t1,25,25,kth_last,42,1,2,64,44,988,888846517,coauthor,25,0,coauthor:creative:c7d83184f9f34ae9a9d55b0ee9176856,0,6856a62e5c833c2ec1db63de96a4a6e7ae5848be94f6b9bb48b11627069ffc05,4e0a5511997296c8f17b1eefea7266e7df8607679c20c8307853b5c160acb5a9
026_coauthor_kth_last_k43_t1,26,26,kth_last,43,1,2,64,45,964,452819898,coauthor,26,0,coauthor:creative:98ec7dfa3aa04e69b9eaf765d6134943,0,0fa7da7aaa963dd9015d3f82333a90eee968b54a93c643912ab0aa6cfcd14c37,d550b0f076e94ce45cac568d8ead15bc86b87fbc425b1c72798548200f47fd0f
027_coauthor_kth_last_k45_t1,27,27,kth_last,45,1,2,64,47,910,530905720,coauthor,27,0,coauthor:creative:f3e888eebc91402e9a4b5266ea5c6389,0,11cad70de16f2e9c616987c37a30eb71cc3e6621eccab9a60a2e4ec0c2d44528,43103cc3e65d6569391cc7b545400b2465f5b6e370a76666c59a82564176f6d4
028_coauthor_kth_last_k46_t1,28,28,kth_last,46,1,2,64,48,880,1857979001,coauthor,28,0,coauthor:creative:aea2e89578b3408983027d4f02ac76e6,0,33e28fa288a8701746fa0f76ba579beac9980f657303ac29753544d40405727b,f7e6cead6c62fd4fe4119e70cdbecb28ec27785cd8f92405806f1569cb7e7937
029_coauthor_kth_last_k48_t1,29,29,kth_last,48,1,2,64,50,814,1451756060,coauthor,29,0,coauthor:creative:d2938c7114bb4f228ae7e3e801e2165b,0,8d54f86b3bb51f5b5124fc760d9203e190e16adfeb1e71c1958479478e2d9018,8db51e7ef6eb2d513aa4c35e249d54045a352a4bf2ddc2811edd2a1361d0be66
030_coauthor_repeat_after_k_k1_t3,30,0,repeat_after_k,1,3,2,64,6,432,407670367,coauthor,30,0,coauthor:creative:67e2ebb79ef7428db8828883d135c55f,0,d24f9f42697dbc2bcc988830dbdc2653dced9366d837c6efdbcf0e65bb114f93,051692747a01e9e0f0da7add9831b0f3a3609449995336732deab0bae3ab314a
031_coauthor_repeat_after_k_k2_t3,31,1,repeat_after_k,2,3,2,64,9,608,1617572021,coauthor,31,0,coauthor:creative:93743bc8b6f94308881cff7cf90ad421,0,5905a6c0b83463a083be8f4c5f4b8b0d4e98daa041e3041ce73b6ddbe2a9127b,2e46addb45012f3dbee96d22b309cf02dc6d29dc5d216dd3845ae3b29ff1f054
032_coauthor_repeat_after_k_k3_t3,32,2,repeat_after_k,3,3,2,64,12,778,118994828,coauthor,32,0,coauthor:creative:1187a14aa85d4c568e31d968b2aeadbd,0,38f95d7f11a293a291498c3cad95f783b7e4a1196c373713f86916cd1c47a1d8,40e564260a02606c83a465e98851a31f1f3ae9a98a23b5ed178b320e41d8410f
033_coauthor_repeat_after_k_k4_t3,33,3,repeat_after_k,4,3,2,64,15,942,852901307,coauthor,33,0,coauthor:creative:cfec8b365d874b18a765ce4afd83b125,0,9fca9eb0f869af2eb2d3f078f391c8b440e448088b3481d97153484bd0d0edfb,0e53b686007366e230b0e7dda6b931ea9ceeb75545e314f678d15aa824fca6e0
034_coauthor_repeat_after_k_k5_t3,34,4,repeat_after_k,5,3,2,64,18,1100,395872130,coauthor,34,0,coauthor:creative:fbd1b7a3b81f4efc88b0605de907aea3,0,4f1262ad051a993591d206f208c4b7fe45e9b2d11c4a40374edbc9659f283844,f76e7f1f522f24afec0a3cd1645faf6d580973e414fa531bdad1d161b33dfe76
035_coauthor_repeat_after_k_k6_t3,35,5,repeat_after_k,6,3,2,64,21,1252,679877385,coauthor,35,0,coauthor:creative:946720ae11b5468e858df027906f1063,0,a777156a1fa8af81edbd49539f6e93a40db1067d61c9cf35097cc4710def5f3c,067f9ab4a33e70fb919d35821f01ec705a48c0454a7629b5950ad0f22d1cbb48
036_coauthor_repeat_after_k_k7_t3,36,6,repeat_after_k,7,3,2,64,24,1398,865313054,coauthor,36,0,coauthor:creative:153d73ea68dc4323af5341ce6c51ea73,0,c355ba8ef3e3a74fb145144874b4ddd002845cfca6f95158274cd0cc9f945dfb,dd022ea342dd963d654a344d36652603dc995ada63296846b0303a9836ddbcdd
037_coauthor_repeat_after_k_k8_t3,37,7,repeat_after_k,8,3,2,64,27,1538,811916070,coauthor,37,0,coauthor:creative:e4de659d6e5a44eca6c88b18dc300d70,0,31f30d330d31bbd3b995b6ec3137b9c9ff63b137753aa76a4a6bd1ff1ebc9101,18b6a605ce510bcd28c535618ab8300ee0b57ec14a64a807b0cead1d420aaa61
038_coauthor_repeat_after_k_k9_t3,38,8,repeat_after_k,9,3,2,64,30,1672,2111128116,coauthor,38,0,coauthor:creative:cbbfa156a608439c999233f7b05b9821,0,5ceb1c602f3c9a41d368357289a5a8ce2acd9a5642e7081bbcf7765734ebdb06,fe8f0dbcd8c175593b72d0a5353455afd73a20db0080673519938d8b0350e716
039_coauthor_repeat_after_k_k10_t3,39,9,repeat_after_k,10,3,2,64,33,1800,1838216032,coauthor,39,0,coauthor:creative:ae05e585f42146a283168fdee429ddea,0,f5b501d1997d859025f80d19e2fc13e14251cc222827c01c3a80b494c844b56f,0d3e88f1ba7599356fbec62f22da44eaee02351e303c173491a727edf90f2e40
040_coauthor_repeat_after_k_k11_t3,40,10,repeat_after_k,11,3,2,64,36,1922,1408654651,coauthor,40,0,coauthor:creative:0fe679b3bb1a472bb1d375c1c58e3687,0,e6cf2ac5497d461c74786ff2a16b07a9cb675f7bbfe818d987fb3f9364169511,bb1e02bf461ede7903fd9a18673148e0056f8c67a8715d5154743e51db71d76e
041_coauthor_repeat_after_k_k12_t3,41,11,repeat_after_k,12,3,2,64,39,2038,58019007,coauthor,41,0,coauthor:creative:05a000131fc642f7bb20b62bb20a326e,0,852abadd1472705bd23ab97f983b4c7a244eb60ab483ff0a84b74eec54d8297a,4453a9b89d7345fdccc3c0c503b4ce1e65302ee92b170c67bd9d5714153ffcb9
042_coauthor_repeat_after_k_k13_t3,42,12,repeat_after_k,13,3,2,64,42,2148,1231373916,coauthor,42,0,coauthor:creative:9c8cd9880da74366ba28673147d87d34,0,858ea506928c8b55df7caaaf3349ca80cd1577e192009ee2f5939215316540df,5e2a64222242fe9a3202735fdaa7e229a2d902311de45fbbb8daf82271308073
043_coauthor_repeat_after_k_k14_t3,43,13,repeat_after_k,14,3,2,64,45,2252,433656339,coauthor,43,0,coauthor:creative:92108d50d38647278d97f96a4364e9b1,0,e7cad216c08a2859e0528ee790b4442c4a18b65749586a4199469b334ca48e55,917fb958d43765a9ae3fee27e3bd182714f65bcbff14b3757a82d411c4a91623
044_coauthor_repeat_after_k_k15_t3,44,14,repeat_after_k,15,3,2,64,48,2350,1567105984,coauthor,44,0,coauthor:creative:642f60be7fc54530a6b80ad4bd7fb6d9,0,645d9213683468851160d49fae197f40fd47c32a5ac9a04938bd13461f2dae5f,42e79b424da6ba338b2881a1d4323457e24f26fe5a1d635ba9084ed7aad53eb4
045_coauthor_any_token_at_least_k_k3_t1,45,0,any_token_at_least_k,3,1,2,64,5,364,1291260604,coauthor,45,0,coauthor:creative:a60c272551c6418a845424432fc4cc72,0,4795a099f02f7b8e436ee8dda9f1dfb42904c0062495249b4b3f4011bd9aa245,adb42ad816ceb9e1716fc71ce64198ee39dff55219291ff924b2adedfd472a19
046_coauthor_any_token_at_least_k_k3_t2,46,1,any_token_at_least_k,3,2,2,64,9,546,157253,coauthor,46,0,coauthor:creative:696c87b7fe7f4f869e84d30e9bd97823,0,c0c4f89f80b8741727e69c866bcdafd8977252717f40fb9b21c1b4582cd52c12,a9461505528906ced1198139dc1ce8f946e8ed5d5e351ab38ab564b91d12e7e0
047_coauthor_any_token_at_least_k_k3_t3,47,2,any_token_at_least_k,3,3,2,64,12,728,1560797135,coauthor,47,0,coauthor:creative:9747a45190cc48ae8634b5070735c11b,0,5f1afac7ad3ef209745bd61259fcc94666804d136faa45ee1c5d24016f824dc4,48a307e006e0a971fdea97029d56bd96e0fa9c103869d12071a1ec5c6a94a502
048_coauthor_any_token_at_least_k_k3_t4,48,3,any_token_at_least_k,3,4,2,64,15,910,1342984904,coauthor,48,0,coauthor:creative:1055a72721454912a8a38ea009d84a09,0,eedd8d94b431fc93cfb59c36623ed1979ab15ec091b81b13b483f50db9396f95,707442364839e77f5fc4ebd294b8511430ae483ad10e1709b33027e1aa9fe958
049_coauthor_any_token_at_least_k_k3_t5,49,4,any_token_at_least_k,3,5,2,64,18,1092,1318100432,coauthor,49,0,coauthor:creative:73e1236fcc4f48d3ba4d264eb6ffe06e,0,dae2eaf49ab605c86c0ab1d037d64d9ae85dcea0ff436687a14fbfc14ed118cf,6082c94c7f0433fda6a473a5d8ff30152ec806441c3fd0eb6b2be3ab3231899f
050_coauthor_any_token_at_least_k_k3_t6,50,5,any_token_at_least_k,3,6,2,64,21,1274,1821058608,coauthor,50,0,coauthor:creative:f326178e52c34b5b97911cbe8f9c58ba,0,915864963b82be3974b3c7a04f99bd495d233143a9fbeb6a90bede2e6fb75a66,1a447d6c5483e1011fcc348d2f088820fdb28945cd9344030d98e79f3af90536
051_coauthor_any_token_at_least_k_k3_t7,51,6,any_token_at_least_k,3,7,2,64,24,1456,103343638,coauthor,51,0,coauthor:creative:8ead784ec05844608febc56ca283a595,0,b977b1a9e98d3ffe240f9b2047b49d79e394dce0ce64bb58ca9fffcaf4847e9e,d86839dbd6627ccefb68962b075c2925662c1f0e7a2006ae44bfa84961b2cc71
052_coauthor_any_token_at_least_k_k3_t8,52,7,any_token_at_least_k,3,8,2,64,27,1638,1558412509,coauthor,52,0,coauthor:creative:455d43b4c912498eac41138c743501aa,0,3b43b462777eefcab0230ebe0750a49a38e3a976862f24878998a17e6b162c25,49094aad34cb016da647b320dd773baa3d5475154ca51c62d9e02c2fb054bbc4
053_coauthor_any_token_at_least_k_k3_t9,53,8,any_token_at_least_k,3,9,2,64,30,1820,1852871808,coauthor,53,0,coauthor:creative:8d732ed8f2cc4bb393aab9f68c82e408,0,7e97ed7a01ca3d1a50b520ff5887aef37de2218a0c57c43b113794d005bf5a4e,4386d9e07f5435eaa734004e13d51c9688844e31ceee5993435d554bcb5adf2c
054_coauthor_any_token_at_least_k_k3_t10,54,9,any_token_at_least_k,3,10,2,64,33,2002,100592660,coauthor,54,0,coauthor:creative:7000c2b9328448a5b47432e3576c6b46,0,edc45722e2b15eacefa8d22a5f80b6c4bc69fe2b53b66b154db4c212e7c668fe,8f04c38495e26223d7717c83bda1fec12ce28ffd72947c6524e7ff2dcd1e9d61
055_coauthor_any_token_at_least_k_k3_t11,55,10,any_token_at_least_k,3,11,2,64,36,2184,521157099,coauthor,55,0,coauthor:creative:f3fd58f51d4a406ba6151b630e18dbac,0,81f744f17fe7125d987d8db2bec9eecc16b890864bf852e0b24b838b5bf927fb,7b15fd99457a036563805178f5fb18a21cbabcb131c514a2e8510917081fe97e
056_coauthor_any_token_at_least_k_k3_t12,56,11,any_token_at_least_k,3,12,2,64,39,2366,1364215582,coauthor,56,0,coauthor:creative:ecb544fef0ec41789b0ca6ce942d2344,0,f02dbbe278dec49cfae0b0f5ac5371a202fec7240e86f02a6d6da2ad4067647d,c9e644b9272af24c81e1c3abf1cefc7afc16c391cdc92e17ffa261ef3540f021
057_coauthor_any_token_at_least_k_k3_t13,57,12,any_token_at_least_k,3,13,2,64,42,2548,1482609388,coauthor,57,0,coauthor:creative:eb052c37796c4ae3b8b5c77c800684c6,0,94d8ec5271e1aacf6c54bb6f0f55b6adf2c320527228e977d2bac66e3dcc6a89,5445b187dc549dc5b2f3c0f8a8170711b4a597045abe7f447092cfdf402bf55f
058_coauthor_any_token_at_least_k_k3_t14,58,13,any_token_at_least_k,3,14,2,64,45,2730,2093813981,coauthor,58,0,coauthor:creative:17aac7590a114243a031617242747722,0,e734a30a9a6401eba733f53fe30fd3e2f5b13766eeb6d936a3049651e830ca77,98c5c101006dbfa37d39d859eff03681260bb189385b4bcdf2ce8a8aa2a7d597
059_coauthor_any_token_at_least_k_k3_t15,59,14,any_token_at_least_k,3,15,2,64,48,2912,1304479038,coauthor,59,0,coauthor:creative:00d39011efcb4533ab12076801f74f42,0,ffb8a7c79b071426c7e139488d181664156f27b62bd61ae5088e427dbac187a1,2ec73877a0e955ffcd5e082718bd6acaa7a2fe6aaa85955daf4f6433fd680910
060_coauthor_exactly_once_kna_t1,60,0,exactly_once,,1,2,64,3,250,1874497828,coauthor,60,0,coauthor:creative:6363bd9d985e41f79f3bfb8e04fa3b5e,0,9c3df9625a90d9d4ad08ca31df9a4968d14ebaac9bfd79a1fcba37bb76221595,d1c2bb93e25e2ef300568da7d0c764e4e8617baebab9cb32d24394c94d410d18
061_coauthor_exactly_once_kna_t2,61,1,exactly_once,,2,2,64,6,375,185568164,coauthor,61,0,coauthor:creative:c4e852c4b21b4703a485d93b618361cd,0,9c88b7aa0061182f0f9be068a1a0ccd98c182ef988fcb0747cf5f75ff906cacf,50017d731953354602e73aa1857e31b2dc3bacf47bfa4ea004ca16588ae29152
062_coauthor_exactly_once_kna_t3,62,2,exactly_once,,3,2,64,8,500,1068772921,coauthor,62,0,coauthor:creative:75892ecb92b4437882d1565f6169d5a5,0,658a27208dc243f5ad0709ab508519b928898bf6c2a83ba1eafb618ac3914490,6f97a3677a4b86107b166153ff433793789244853e55fef776b2fd9e72e6af00
063_coauthor_exactly_once_kna_t4,63,3,exactly_once,,4,2,64,10,625,1831884200,coauthor,63,0,coauthor:creative:7b827c9dbe9547fbae0a89de75863527,0,b4edfc07f4759687247bed1aea84cc34d919c071e31dadd7ab5c2f2018430e94,c1f683d6c43b540b122bbc3f63de050daedb2dd2c8fdcac41ed52ec9ab83a2fe
064_coauthor_exactly_once_kna_t5,64,4,exactly_once,,5,2,64,12,750,315592073,coauthor,64,0,coauthor:creative:e4611bd31b794677b02c52d5700b2e38,0,aebdf519fe902d81eeb36c73b230f246e9fc399f4c7a226c83baa52fb79ab5bd,624f35b9a6b0cc0807e17719abca9008765691368b16880ddc45f74b0b1a0dd5
065_coauthor_exactly_once_kna_t6,65,5,exactly_once,,6,2,64,14,875,490584065,coauthor,65,0,coauthor:creative:745644f53bdc47409855cc751518e25b,0,d437ed512d088dfe8eb39c8d1adcfe70612afd2bf5f87939916df62500514a21,8b16851adadc4456936ca85fb8ccc9ed4b8c91bb52ab0dedf1b63ded2456c941
066_coauthor_exactly_once_kna_t7,66,6,exactly_once,,7,2,64,16,1000,174415837,coauthor,66,0,coauthor:creative:e5c079dbe9104da4ae1d7b8f7cd3be3d,0,dc9af81d2a2d46686fd09273d1f41a413fcc388537d4aae3fedb09880156b6d0,51e4cc72f790fca9b87e329e3981cd94fdff6fae0cf3ca446a0b095cceee16db
067_coauthor_exactly_once_kna_t8,67,7,exactly_once,,8,2,64,18,1125,1805339212,coauthor,67,0,coauthor:creative:174bb16d13624281abe2a1bc7e2a7050,0,65d4b73faa2e6b0058bd444b186e7bdece3091e636a9b29a7f3985e4e9fdc677,81f7d2e07c8183eea44a65ebb43a8ad6c4fbc5392284fbfb5a982ed3df691505
068_coauthor_exactly_once_kna_t9,68,8,exactly_once,,9,2,64,20,1250,1261316448,coauthor,68,0,coauthor:creative:7b7b1b40027c4974ade1850596e6726f,0,f5afc251ece5d5ba9900f62dd985520c9bf8b4435563470513a559d9da098268,d1b41f774d05cdddad6e097a8d69cdcfd97ddc32b383b5bc2d371ee36062c8a6
069_coauthor_exactly_once_kna_t10,69,9,exactly_once,,10,2,64,22,1375,672765597,coauthor,69,0,coauthor:creative:c72d65250b4f4c1193e2f089afe9429c,0,fe649d6558309c13d9245c2f33c1c0af614ce51f662567037c1d02465373d296,d543f18c244fdb86bb3479b727ff60f5bb0130eec04e9a623c73747a6d2b02d7
070_coauthor_exactly_once_kna_t11,70,10,exactly_once,,11,2,64,24,1500,1210095565,coauthor,70,0,coauthor:creative:6840e511d899433ea125410c709f6ed5,0,bc14d54e183b721ce662e5c670ed7a2660fef427b4dd7baada9c49d53d57da64,92ca52e51ad0d2ab4565f460b47c14561676a37197bf1f503e36afe2828fb596
071_coauthor_exactly_once_kna_t12,71,11,exactly_once,,12,2,64,26,1625,910864414,coauthor,71,0,coauthor:creative:5c1905e6a05c4203b624c4db10ede78a,0,536d1f25d606b55232ca826659108db16a5f070b5c63cfb4d9f7056a6fe95f43,6b0e58d6516c14a197b66dc4b6bcaafc47d625d856b6c3a8cc53daca904e6b1a
072_coauthor_exactly_once_kna_t13,72,12,exactly_once,,13,2,64,28,1750,1973036822,coauthor,72,0,coauthor:creative:36eead66360847afba6dc9ebf6d99593,0,0714508a34f2b85dc9ebabfab0127a7b18678b4e5c9c78ea4f14bba7fb409843,3340bdae500b154a63f671e687985b2959d1d0824026ebf4191e679de40bd362
073_coauthor_exactly_once_kna_t14,73,13,exactly_once,,14,2,64,30,1875,1793892946,coauthor,73,0,coauthor:creative:5221640d7c074d4a88f42e3891135350,0,8730e1ade201385f4d2fe4a4ab5b15ce6435fcc997267c67ca1fcf0b8757848b,c32cd848191e0f23cab68d4f25bd0ab8246d96a3d9123ac89cb6ca6bdb0cdd98
074_coauthor_exactly_once_kna_t15,74,14,exactly_once,,15,2,64,32,2000,1389738162,coauthor,74,0,coauthor:creative:734cbb77f63544e5bce5a23f35c9f601,0,76e9eae4982d77c61750f1a29bb2afaac0ba0a0569f082b173efd77061af0b27,60c0cfa500c71e554e8418683e3fa272d3a6c45cb1405ad848949aaf5ea1f534
075_coauthor_exactly_once_kna_t16,75,15,exactly_once,,16,2,64,34,2125,1931551124,coauthor,75,0,coauthor:creative:ed0280fb0f114ead8a22516a8309f982,0,392afc9bc04fd7d0105aaf770c6f7e3ab6844dd49096bbbe4b332a08bbb5f9b1,9493881c7c2bf88a1659ea69563d169e14209f043ab8c4c97a2b35d67c0c1b5e
076_coauthor_exactly_once_kna_t17,76,16,exactly_once,,17,2,64,36,2250,1944905089,coauthor,76,0,coauthor:creative:fbb2199fa78647cbb4eeb94c4bd04d98,0,8b0ef83381057a01aa4e79e220cf60da4c7b59be1a8b35e3e970103fc87c63a9,f7ca0a498517aa8738f288747295aa00ca369643446a125f5aa1cfeaddadaf20
077_coauthor_exactly_once_kna_t18,77,17,exactly_once,,18,2,64,38,2375,632802817,coauthor,77,0,coauthor:creative:64e545e776c1466687f0fe0dc8bb0d88,0,2dff1b18fd45221b7d93c990ce4fb48fd64c87f4d2ccb1dd2b8dd5f3253988e2,091bd3258dd567ea979143c57950bfd6b6968c15a41c49863ff0e145503303fc
078_coauthor_exactly_once_kna_t19,78,18,exactly_once,,19,2,64,40,2500,49678858,coauthor,78,0,coauthor:creative:ccbcf12b87b04596848a5091118c49d9,0,982ce6f1ba38f1efa6b7649d2d9379ccbb9826076029b38992c8eeb652690ccd,84a3206147f8a04f62340f107b50da4cffaff5778ec1d3069dbcd6a5043097de
079_coauthor_odd_count_kna_t14,79,13,odd_count,,14,2,64,30,1875,468446140,coauthor,79,0,coauthor:creative:86bb1cfe839c46058dfc0e4b96f13392,0,da83a701ec86981940d6170e9edb099cee0342265d76eca50bef7ac1f1883f95,ae0c398a0c24268d4232ccbcb750f4e83f261f7d433cef4d6fe647d239963087
080_coauthor_left_not_right_kna_t1,80,0,left_not_right,,1,2,64,5,308,2853046,coauthor,80,0,coauthor:creative:9a01bc361d3c4dd09d596c716c16f5a3,0,20d631e50a86bbe394d63215f200062eea7b4ecf431924ebd81ed5da157b4c30,d94027ff2e58763def3c8a0b0b227aeda2ca7a5f65d84ac54380f5a245c06e8d
081_coauthor_left_not_right_kna_t2,81,1,left_not_right,,2,2,64,9,493,946748992,coauthor,81,0,coauthor:creative:75502f7ab83b42189c79a1972db22bb0,0,390201582ad531e61963ff2f661855dfe1c81f418e135aa1874a0ca10d96754b,5155f935bfde66b0e5067e2e86551d6140a62bfda8eda75bb949473c086a950d
082_coauthor_left_not_right_kna_t3,82,2,left_not_right,,3,2,64,12,678,671504066,coauthor,82,0,coauthor:creative:25ad6925dd65422989e3659250ac9bfd,0,a221d07e8cf684f79c14f671358bfdb4807e90814b416e8d7877c3340ddb6e26,75b218019e26f628e84d76f05c94286d53b5c5b32af81bdec39edfaf3d7d835a
083_coauthor_left_not_right_kna_t4,83,3,left_not_right,,4,2,64,15,863,1686856945,coauthor,83,0,coauthor:creative:dd87568fb11649f283279a507a1c2f11,0,cec21ed0423d46682fd3bca6aca37e80fa039174c035b3e73f14bf212bcb5e0c,a1b68596a283ae1a4aabac7181519169034eac825148d7f81c25329de057c6e6
084_coauthor_left_not_right_kna_t5,84,4,left_not_right,,5,2,64,18,1048,1387539645,coauthor,84,0,coauthor:creative:057b11be0cbb400ea2cfda2cf75292b2,0,458e54f29e36d89573a89364f126c69de237b9e1cebace5665d9bf17188822af,03b251b5418deb852f79fcefc69f23b3cefc56c0498338c650bf5f4f043a4af2
085_coauthor_left_not_right_kna_t6,85,5,left_not_right,,6,2,64,21,1233,1180168043,coauthor,85,0,coauthor:creative:a59321f59eeb459da6a427267afefb9b,0,5811db4c331f532d9e02e65e6c419260e15fec562249c9666ac51bcd4ca2ae49,e1d956a914f41fa09828a466dd6464fc476a4d5a4593546a853f2d1cbc36f59c
086_coauthor_left_not_right_kna_t7,86,6,left_not_right,,7,2,64,24,1418,157855351,coauthor,86,0,coauthor:creative:b6acb37208be4f3e96965f989fd6f9fb,0,434358b60f555ad40ae55b2a470aa783721f1ea6cd1984cd05da7c6e53be020b,590338489128fd328bb7c9f65ddcc084847235f318bfc436661986f6300c99a5
087_coauthor_left_not_right_kna_t8,87,7,left_not_right,,8,2,64,27,1603,688321707,coauthor,87,0,coauthor:creative:b8ccae873da141edbbe0dd86d2eee55c,0,93b4d22f3a1e2f6d9ca7b439db9322d921009535892fa38f6dc1b7c4016a76ca,f12a1e939446a3730f8b190eb3409157e1fa609973454a1a7463f758428c2cd5
088_coauthor_left_not_right_kna_t9,88,8,left_not_right,,9,2,64,30,1788,1761446601,coauthor,88,0,coauthor:creative:242eb23d0a2a46a789be2b41a665873d,0,12466728d61ba0bbc886f182aa0d5f223edd4ba932b827bd5c3287f837711946,e896f31bf97aa4b73af973ac42bc1fbd39e4d6aaf6ba888bcaf1e8d13e03b8bb
089_coauthor_left_not_right_kna_t10,89,9,left_not_right,,10,2,64,33,1973,1939766575,coauthor,89,0,coauthor:creative:4db95dde4eec4612b04570858ad628bf,0,49244f38c6de03ad8280f4c7e7e4672b96be8b3ec6dde04cfefb44d55e67d217,ec302b6a1ceacf8bcba7b32af181bb39a08476f6c983fd1f5c0c0c7d76c4cd75
090_coauthor_left_not_right_kna_t11,90,10,left_not_right,,11,2,64,36,2158,856296695,coauthor,90,0,coauthor:creative:bd4dc28d6e1b469bb4b96239b8fcfef9,0,57939a698a8e28017d789bea1b8f2db3f84e0b6696d35036d12a611868721c91,eb0bb1e4cc6331ca65b3bca8f95ea225da3acd8f478ee4c054415d68dcdd0ccc
091_coauthor_left_not_right_kna_t12,91,11,left_not_right,,12,2,64,39,2343,181537588,coauthor,91,0,coauthor:creative:2cd0471292f14be5bf1ccb9b313e1903,0,4d61ad202f110ecb22de20164bde04b8ba6b60e3017ae4c85c3883134f8e6b07,86a0b081f486c74e97c12d5a29092095ed35aee1db384d620f3dded47f3ab05e
092_coauthor_left_not_right_kna_t13,92,12,left_not_right,,13,2,64,42,2528,1408831174,coauthor,92,0,coauthor:creative:4ae07eece3a740de9b77f65ae67a10ad,0,223ce03bd42834f139d7bb33086afcd0f7e58718f6998f0f113bccec927a6d49,49fe3cb493b1c04ecef52586a9ce11de3974fba6eb7630a36cae2bd92bef9252
093_coauthor_left_not_right_kna_t14,93,13,left_not_right,,14,2,64,45,2713,67085581,coauthor,93,0,coauthor:creative:ec3d1c0f86a04f8eaea5df982cf79284,0,095247b7f8e77dc1b82a73542d14284299da2e21b33787ad808e75f76df2bfaf,cfec87f3a360b684da1d0e1a3ef6d5ab669496c1b0f8b66f9bf6c4223a3eebb8
094_coauthor_left_not_right_kna_t15,94,14,left_not_right,,15,2,64,48,2898,624182968,coauthor,94,0,coauthor:creative:b01c3090a9204cc2a74830b611722d53,0,069c18e202c99bd8a9921a15d0f2b132a5f1bed7e98df02ec4d4b6d4a11e681d,b2e21ddd39a517244cd4965cb0c867f3bcc34c173449360a8f2b494e1cbb654b
095_coauthor_left_not_right_kna_t16,95,15,left_not_right,,16,2,64,51,3083,301296286,coauthor,95,0,coauthor:creative:f6c2fa4230df43b9b9857e71b9d68a89,0,ddbd12e28f76f45246f0b70858b84c74d8d48706e68704f252116b77468ebdfd,cceb99b323be85caf621bf6ec6b9050b6b5ca9f753f6634460e3b66daca3bd5d
096_coauthor_sets_differ_kna_t1,96,0,sets_differ,,1,2,64,7,432,337701703,coauthor,96,0,coauthor:creative:c86ee4fe34954bd7b183d8a5068255da,0,f42883c9508b5829cdc00399c9dc365095050abf4aafa855eb514354119bc17d,3da79230da15cc828ef46f4de9a06f109ea23cb927ba471574fb6057a0500cda
097_coauthor_sets_differ_kna_t2,97,1,sets_differ,,2,2,64,12,679,315805698,coauthor,97,0,coauthor:creative:8024bf1914664591abe824dd583d2d2a,0,3cd595b9c57d80f8844a5dcc833e0e23589787c093f60e80e17fb638c80caf45,ee9ee8f259e5544e0c4a0d36678310180166ab464e4d0f5a1c5618dd7c494824
098_coauthor_sets_differ_kna_t3,98,2,sets_differ,,3,2,64,16,926,129158734,coauthor,98,0,coauthor:creative:bc176a916d344af496f7bdbf408db4e9,0,abe563dffe61619c7cc22a576562dcafd5d07bac0adc34a3d77637e1a7020b57,79639a453a01913e208ab01decf55d83ebd5f0d770264f96272ec9196289c878
099_coauthor_sets_differ_kna_t4,99,3,sets_differ,,4,2,64,20,1173,1920720594,coauthor,99,0,coauthor:creative:e90a5ce2d98548a997fb8c3ab2213483,0,4a5dc6c01800fa7e289a0bf46b184f2093cbecdef0bde112a9f4afa70df94d74,62160b8cdc8b0d1d108cce65655dac12be444ee0181d048caf162aa433b73778
100_coauthor_sets_differ_kna_t5,100,4,sets_differ,,5,2,64,24,1420,852954765,coauthor,100,0,coauthor:creative:8b458eefa9304e608322239981e4ccd1,0,cd3327ee685d8012a840908792ca6a7f44ca399ece3bb82128a59a9c0153c0ca,417c437c8afcc37e856073580566bedce13f9f4c8c3c425c702689e583cac5bc
101_coauthor_sets_differ_kna_t6,101,5,sets_differ,,6,2,64,28,1667,525744930,coauthor,101,0,coauthor:creative:eecd784a495648f4a5b160beba42dd0b,0,d129644b35ce81fe9eadcb97d4c87942500c4d1acfbedb1bcd0787063b6bf490,bb92419b0c2fb74cbcb54f430b38235cc3d814e63a113422b35ef3e92e053a9a
102_coauthor_sets_differ_kna_t7,102,6,sets_differ,,7,2,64,32,1914,1563697706,coauthor,102,0,coauthor:creative:c2af9e5faf164318999484aaf8b04de2,0,7975930c960cec54bed463b7f4d44f0e31a9b7d68bd0a2468c8b1c580daf28fd,34d928a8ce7ce664d002f291573abf011df624ba3f619450a7437731d49e6b58
103_coauthor_sets_differ_kna_t8,103,7,sets_differ,,8,2,64,36,2161,468962890,coauthor,103,0,coauthor:creative:35399d7a3a994ff2a0425b156a33b2d7,0,55cdfabd4ab650880156a579d727f501957fa680aba83826d98f411ce7be7130,840be500ab6a94f10c3f25c4fa64573422018230f3180bd0b2921985cc8b8662
104_coauthor_sets_differ_kna_t9,104,8,sets_differ,,9,2,64,40,2408,882890399,coauthor,104,0,coauthor:creative:85592766aa1940778f8f71cda90305e1,0,31db7c87d8f6f4fe81de19a31ce45efe871dbc265e280ddee262d8de0160c643,3bdbdec00399aa5f146b013e69035387234aa6fc037ad6ab718a204db457afc6
105_coauthor_sets_differ_kna_t10,105,9,sets_differ,,10,2,64,44,2655,245101698,coauthor,105,0,coauthor:creative:1e93ad6e64e4478886b3fc31bef6a960,0,84211d600e8f7385306b604727e2b367a5c6cb03cc5d9c7fd7732eaf13e00354,e7fa664cb5eb9b258b538e03eaaff2e0689a406722470191aa43f87ed7bdbe1a
106_coauthor_both_sides_kna_t1,106,0,both_sides,,1,2,64,6,364,289879039,coauthor,106,0,coauthor:creative:04382674f44c40b592c703ae0f63c2ed,0,226b8fe07b709e4c7bb1dc2bafb73c3e4c31fb0c47231b30d175dcf507bd908f,46cf981a9a0f121327e853b9213ebb399abfefdb9bec0ecd46ab9038deef2f3c
107_coauthor_both_sides_kna_t2,107,1,both_sides,,2,2,64,10,546,1428681236,coauthor,107,0,coauthor:creative:90e9b5945ef5420ea02c7e982df952c2,0,0bb7ae1779402d28d4af1861a8c36c1e18367052589bd60109e7394fcdc4504e,f18a0d3c40fd87c1c6e019e510fac07b96e9e5d0a6f36fb2653b521bcefcace5
108_coauthor_both_sides_kna_t3,108,2,both_sides,,3,2,64,13,728,1960082510,coauthor,108,0,coauthor:creative:b6c87b8153ce4791a449f6b80a7f438e,0,d436c2e0a7c82ae1bea6021fc76ba5ff2e9067933bb2e1ebd9b86871742fe70a,bfcc7b127e9729b01e3c77305592977374a6bc7f28db3b7b5ed5fdd092809c63
109_coauthor_both_sides_kna_t4,109,3,both_sides,,4,2,64,16,910,1429010261,coauthor,109,0,coauthor:creative:a155fa8cfd624d278fb8f37cc32b0565,0,79ebebfd33769fa4583f809980ade6d17be6003c922cb6eee38174447d306ea8,917b27c0ae59c48a724d0c60df0bd201b221c9722bc920b5cae42b338c983eb5
110_coauthor_both_sides_kna_t5,110,4,both_sides,,5,2,64,19,1092,532248575,coauthor,110,0,coauthor:creative:b95bdefc91d94744b375b7bcabc19d5f,0,0b46118fa4b74ef64b05cc50c1b8b9c9e05c0846d95c9e4fd74ec87d28cb70aa,ceaad7df803e4f82a5600bff8c72fd4abf5a31243d7526d6e69a0c313d3ae49f
111_coauthor_both_sides_kna_t6,111,5,both_sides,,6,2,64,22,1274,515395025,coauthor,111,0,coauthor:creative:87c2c42b2a80400ebcedfacc68b767ef,0,4dcdfd419f4136b8477b3ab4eb74f931b35e8d8a40601d39d2f24dbda966ba53,f84903b68d9176abdcd6639022a3b9c5e12de4118cc27e87f58bd677ebc04287
112_coauthor_both_sides_kna_t7,112,6,both_sides,,7,2,64,25,1456,1211769933,coauthor,112,0,coauthor:creative:335ffea5a1a8426badc75a2fa056a1a8,0,ae57106088ac2d7d6df02f305596aca9430a81d85b7be77d71d6171e051983e5,d79772d642b355afa3752a30d1a13d6bc607cad16c0219ed9ccd67bc43f97a48
113_coauthor_both_sides_kna_t8,113,7,both_sides,,8,2,64,28,1638,1219233922,coauthor,113,0,coauthor:creative:e2ccab5b997f4aa19f39ffdb86be4151,0,c06da9b61948b1a0381a3eaac9b55b99475e792f798d40808523a7074ce76fc7,132c8eb313974618606a88feed2124313217c8e8014ba14d257feb12567ab636
114_coauthor_both_sides_kna_t9,114,8,both_sides,,9,2,64,31,1820,1428967917,coauthor,114,0,coauthor:creative:dda6cf6e80e74a32b62d03db6c25859c,0,9574f01c8e031c0d30e12e457c9ed5e0e85bb14e4469736001747421a461b23e,b00a3ef9527024f121d53df7b622c4db2c236275cb602ae1675f9df3e1bb01d4
115_coauthor_both_sides_kna_t10,115,9,both_sides,,10,2,64,34,2002,510268999,coauthor,115,0,coauthor:creative:105bf88bb4bc42688e06a54644e2989b,0,c5cab2f594b463c6a06ce6e0d9f36961c3b8c329d311c523c14ce5b39f61477c,0cca3c87a2663ec40158bf9fbf4f90e5a232eb674b82b828f4095191ee3f514d
116_coauthor_both_sides_kna_t11,116,10,both_sides,,11,2,64,37,2184,1655916229,coauthor,116,0,coauthor:creative:128bac319cb14dadaaf5c30c3a8ac5cb,0,26d7228c69ed4010f3f57dd1005fdd63a5b2ffb44729c41ae5d874a6e704bee7,505b8ee4a74b74fafb06875dfb74668c7fca5a852cd399896f6eab0006a5695a
117_coauthor_both_sides_kna_t12,117,11,both_sides,,12,2,64,40,2366,2139205696,coauthor,117,0,coauthor:creative:25742b852b764843b15266008afdc15d,0,48653e801334aed74237bbed3098659596c6513b3eef76ca9bbd385e635a5eb9,d62b69d47f4046dfa800227b71d01a376e45e9ec12b0ace0ff5ea99ef5bbabaa
118_coauthor_both_sides_kna_t13,118,12,both_sides,,13,2,64,43,2548,1079804222,coauthor,118,0,coauthor:creative:50b12e356bc94c72bec03b35dea37fb2,0,7d223f3cbf5df42c58c37d24d90db1851ae84976414aaa7289d5082356f09706,869c23a653e25a0242773bb38f57731be18ebce2cce6ba453892c1fd229747c8
119_coauthor_both_sides_kna_t14,119,13,both_sides,,14,2,64,46,2730,910980403,coauthor,119,0,coauthor:creative:d301787ad1c14454943032e70f5f46f0,0,89c19b5f06e8b065b57cec9cf2d079af2bec1fddeb870bc5381a96e641de248c,7a3d08879076118fda4f4fd4208ce25dacd3340555049b643b2a696b15dc248b
120_coauthor_both_sides_kna_t15,120,14,both_sides,,15,2,64,49,2912,246964563,coauthor,120,0,coauthor:creative:d79796ab007244e8abb0ff2efda4a92a,0,37e363de9abf60a8bbdf2beaceac144232510c972d98ad2db9f7686b2797dbf4,a434340e380a63b720f7042ee8ce37bed4217a6ade67dd612a7cfb3052677654
121_coauthor_even_count_kna_t1,121,0,even_count,,1,2,64,4,308,1867362957,coauthor,121,0,coauthor:creative:93a0f456389043b787013a489df403ad,0,c0ed8ccc9ba0d9510eeff5ea7d55cafcffd204536e0bbe238ac69a5542a91c8d,4d91f5f84f669c9af627f58a878f56e8e9c29a266913f8c624a92e0c55142759
122_coauthor_even_count_kna_t2,122,1,even_count,,2,2,64,8,493,326444460,coauthor,122,0,coauthor:creative:ddb30c809dfe47f8b0d0c10147b240b4,0,fcb75add61f2e32fc2de1ec06ae64382ac61a6f94d7164c4029f65532f579f21,4a914f4392edc65b1924298bc5b6d0b24a2f309ad8e39c58200937dc50082a4b
123_coauthor_even_count_kna_t3,123,2,even_count,,3,2,64,11,678,239016924,coauthor,123,0,coauthor:creative:6fd6bb19857c4f5d9d615b349fe6087b,0,aaeb3628d971254a62792c93c63bdc4c327e1e9c626ea6669bdc8af24b860f11,974d93ac48fc0dad7223729cf4578e55a23704972675d77e35c43d4dcb4a26e4
124_coauthor_even_count_kna_t4,124,3,even_count,,4,2,64,14,863,702502129,coauthor,124,0,coauthor:creative:23b4bbf06990474a9607178c5e4c95a9,0,4f1c2dd6f7cd673af75d40f550a5ff306728ef319e1af80456100d7898b7c6a2,b8f06e1344d6c047f8a2d12b119cbea4a426e8341da62aae37d65f53ef279663
125_coauthor_even_count_kna_t5,125,4,even_count,,5,2,64,17,1048,1301129,coauthor,125,0,coauthor:creative:8ca7402df5f646c3adb963acabde457f,0,fccefec8bfe5cedca5d2f348c1096ee3b4715ab575fadcb7456bbeef793e7548,a56771158748f9fbd8752aab9a77f9a187c902a07b4871d462f8a552aa76a7ac
126_coauthor_even_count_kna_t6,126,5,even_count,,6,2,64,20,1233,579586806,coauthor,126,0,coauthor:creative:301899b1e6be4d77b5995d94546a55ed,0,1bc9d1c60b03f48811946508e6a20a16c386f090a86c08b38d5613a1c73ecdbb,3539e77370d5cabf0a4b93f17fd72dea67b03a34295dae6c3d451bc5c568137a
127_coauthor_even_count_kna_t7,127,6,even_count,,7,2,64,23,1418,363403152,coauthor,127,0,coauthor:creative:f71e0e018a534c7f821ba507de61fb7d,0,87e5719634d4ccd55046cad402c788be1f80f6493ff97852cbfc584013cace0a,a5204d78aabe1c3c9f0658a916275ddf979b157f375cb63609cc0b1f6002cf65
128_coauthor_even_count_kna_t8,128,7,even_count,,8,2,64,26,1603,1103757434,coauthor,128,0,coauthor:creative:8f4fb63ec8e94e269f5a41f93e948bc5,0,3f2fcb09b27a39ce9411e54a6b233cbfdb3fc05205125c63b8dbd15f3efab4dc,3929c68f6e9e99554d8a3fea9c6877380456803b1b76458922cef46df43833da
129_coauthor_even_count_kna_t9,129,8,even_count,,9,2,64,29,1788,594885269,coauthor,129,0,coauthor:creative:409ea6cd2f8347dbb41344d1243c7e17,0,586059cc31a931276bb9b1f7d50e70fea80a1f17cc2c72ac22a153ebb2c9500b,0d618d618a2a8d26c00d74c117dec33148c19967e05edb2b2704e9820d1b74c3
130_coauthor_even_count_kna_t10,130,9,even_count,,10,2,64,32,1973,2137307263,coauthor,130,0,coauthor:creative:5e72eec1e0f54fe5a74cf7e82ec67017,0,0a51225a31fe89be8a0e348343a9e4d63443f1feb0b119dee426cb083675b39d,c28cc38412ca3c4b657d6697177363bc880d9bf0dbc4e39db23fcc0dc33a9cdb
131_coauthor_even_count_kna_t11,131,10,even_count,,11,2,64,35,2158,1593263615,coauthor,131,0,coauthor:creative:780dc8712eb44ac2a05c14452f14973d,0,de6792dd8d6aa0a959a4b51a30eac76fb972f92ccefdb85cb704445ef72991e1,7e4dc626145903ca0f26ecfb1283d21322a716f188e08ae2caf02bd7643a262b
132_coauthor_even_count_kna_t12,132,11,even_count,,12,2,64,38,2343,2057210865,coauthor,132,0,coauthor:creative:94517582b37d4ce6b9aeb4a0f9b7eed6,0,88cf6d8254412d1e6caa6a536fe214ceecea8e8f3b21b3d60f68d3fd76189d4b,3c496bd0552b4f4a42672390e1cc8b50fb1ee934355f3014e6733a732ad37831
133_coauthor_even_count_kna_t13,133,12,even_count,,13,2,64,41,2528,156765421,coauthor,133,0,coauthor:creative:401511d48acd418f8e4d199782611ccc,0,71aff0a31bd4ff862335f75c14975cb5880dfb90d93c52e443c4bb07fa641f4b,6d037c3bd43824ce7f34384d6ced6f4ea3fd0b87c3ff6f4dca5864bab5fae4f4
134_coauthor_even_count_kna_t14,134,13,even_count,,14,2,64,44,2713,1292118837,coauthor,134,0,coauthor:creative:fe7442150cf74ed99d61e116a8a5426b,0,7ae72ad94d42dc7fea6be8d65d3812e8bff81abdd42d114143ca7b7c2b79df6c,90492460f9d45b48bfd63cfba850cba7fb8249eac7ef0c1abc5e65805bbb1d8e
135_coauthor_even_count_kna_t15,135,14,even_count,,15,2,64,47,2898,1546368903,coauthor,135,0,coauthor:creative:3d7f50f368ad4acdb051a9a31c886c9e,0,6a38668d0635aa44a7f7217fc77d0a90b695812bd8da38092f8c6e9f45277fd4,f01615ab40747ab03dc41017b7d14a47a805c7813b7d7fe5d202e4476b250c27
136_coauthor_even_count_kna_t16,136,15,even_count,,16,2,64,50,3083,435582132,coauthor,136,0,coauthor:creative:4fc8392481a44f3aa59da642529b0a07,0,57f640e379c41620b18a859eda6462a4f6cbde27d54932a6eb5d3b6344eccfe2,6be841de0c51ade8b754fcd41a16b516684993c89677d6ed5c50dce6fc99b2a6
137_coauthor_odd_count_kna_t1,137,0,odd_count,,1,2,64,3,250,388200673,coauthor,137,0,coauthor:creative:ec682476ef21423390873e912f6006ae,0,9a368b9a577190f28dca1822b93aceb43abe51d8583b5167a04694a9ef679ad6,985868fb7cd158db3ce2522961e116faee06e590cbc00e2636a82cd2ac1d1a3c
138_coauthor_odd_count_kna_t2,138,1,odd_count,,2,2,64,6,375,1306585941,coauthor,138,0,coauthor:creative:0554d7947d9444bc96f9a9512f4ae989,0,de50e72293fa0a3830aa9134de2982681458224a72376f0b58cdd90c1c7cf4df,6aeaba7a03b87d9935a752c92860b542b267922e95bda184a7132267baf2f691
139_coauthor_odd_count_kna_t3,139,2,odd_count,,3,2,64,8,500,575112232,coauthor,139,0,coauthor:creative:1a05d6f6ae524b638b5e3ea491d3fc4d,0,1d2f42f67a21e0ecfdb7c7378bcda7064a16783f8df4fa20c15b49edc4da17d3,b030dd22c3d2e62d078b90b58f4552b789907f8d7845913227101e6ef754f4e1
140_coauthor_odd_count_kna_t4,140,3,odd_count,,4,2,64,10,625,796825730,coauthor,140,0,coauthor:creative:4bdb5a30d17d40d7b160d942552c190b,0,8a5077bfbda961aff67aa3dbd26b81798efeeaa8346fb748f281e6c78a24f79b,49fd8c964c4442c312ffb2de885bbeb6482ad6488a431484690afd43201f3548
141_coauthor_odd_count_kna_t5,141,4,odd_count,,5,2,64,12,750,147041094,coauthor,141,0,coauthor:creative:93cd61b41e0f46dd8af1468977c91ef7,0,e9ba506a75bcf9921b5b1b4b950e1b08f6cc69d3d45c9d91e02d6485c63cd588,bc2fb8c6260a90e84cf4db308a2f892aaacc56c07fdf4a82b886b5d557b14a03
142_coauthor_odd_count_kna_t6,142,5,odd_count,,6,2,64,14,875,1773433094,coauthor,142,0,coauthor:creative:6cd01768d763429a9c65131ad293b2fe,0,9ad20814efb00c78221e374525998364b6f5eefe4a244e176bccf474bc216607,09a4b28794ab76ebdcb7629eafd6ad44917266a36c079fbb4f5be9daab999b01
143_coauthor_odd_count_kna_t7,143,6,odd_count,,7,2,64,16,1000,320437781,coauthor,143,0,coauthor:creative:ead266bd00fd4423be98ad8176af3a17,0,2d67b5977727015bed1df982743c032b76ac28ff4b67a37c8e6be315f22cfa66,9887244fa7163e2c90cbdffae627637556dc350944fc2c59759f69c813953b58
144_coauthor_odd_count_kna_t8,144,7,odd_count,,8,2,64,18,1125,88263007,coauthor,144,0,coauthor:creative:3b6e7a4c9d65411f9342254120abcde7,0,e9d06481149b29a23e93a18bf3dda6b3d267d816655244b10bbfdcc1bee4b35d,a97387326042a646f2351d657359d255f38798c85b3cb1bc39c88fd4ad34af29
145_coauthor_odd_count_kna_t9,145,8,odd_count,,9,2,64,20,1250,1632800241,coauthor,145,0,coauthor:creative:fc1a28ed73b6450c8a4b9fe3b6349257,0,fb61dc0795b802d60619e44c8669107d97025d74f13bcd46089f5d4b84d28817,8404e4c5d10b490541f2208902f57ff11bb184bd69de0eafbf955db3a9bfce19
146_coauthor_odd_count_kna_t10,146,9,odd_count,,10,2,64,22,1375,540577242,coauthor,146,0,coauthor:creative:9ed6505663e3421ea07365fe634cbe82,0,e7b4c2b71b396e51d7cc1c83cb139a7216f8a81ef8ebb35ce15694c82baed700,6e123e4b1d16698e709a9ff0110f278b753625f048710a5badad5d94d9f353d3
147_coauthor_odd_count_kna_t11,147,10,odd_count,,11,2,64,24,1500,989827863,coauthor,147,0,coauthor:creative:02ef07c642254b088b72486ce41e010c,0,374d252b88fbeb177c34c77ddf6223358b018ff8f1dc271d9804a78481063f0d,e11e6a199a3c8cc3bbeca55e2a75a8ba481ebf1928878f40d484b203aae076f5
148_coauthor_odd_count_kna_t12,148,11,odd_count,,12,2,64,26,1625,347190597,coauthor,148,0,coauthor:creative:484eba21615341fab99300bfe20873fb,0,c11fc5bbfeca10eff06098621d77f1516a7ad8164183cb22da39b83ccffd95f2,72afc4e6447d8c558c269749a457954c51464bba6e199817f872a6af727b9bf5
149_coauthor_odd_count_kna_t13,149,12,odd_count,,13,2,64,28,1750,1779859864,coauthor,149,0,coauthor:creative:f13ca6a2519e4ddcaf454f11968ed676,0,d56fb35c016ee7236d018682248ac8103314931438f62045d3a38c28df5b7b47,8719459792af1ad6ea4eeb691e4c44c9c7cedb46899248946f5eb07f2ebf52f5
000_coauthor_kth_last_k1_t1_rep1,150,0,kth_last,1,1,2,64,3,250,1768257434,coauthor,0,1,coauthor:creative:12b63e9bbb204e43a40cb95aa7a44b17,0,90520e0d0b1d1fec65c690e0117abe831ee11e0b18f225f56fd2d8b4018ec618,4ee08cbb8bf5c9b2df2a9bb6e3594d0c14fa1b6b82e85ddaf842e0838082b569
001_coauthor_kth_last_k3_t1_rep1,151,1,kth_last,3,1,2,64,5,364,957646284,coauthor,1,1,coauthor:creative:22fbbbae605c469f9ee3551b6030e421,0,d0fa5008389c1428fc98588186667a3bf43c7bdf9d5e6666783a4cc08506fe00,6cf94ad8cf2f2993d3d014ba4ed49d973123d50bdfc9a50ce861dd36a87add76
002_coauthor_kth_last_k4_t1_rep1,152,2,kth_last,4,1,2,64,6,418,327601760,coauthor,2,1,coauthor:creative:0cb1f752dd254646830cf016f27b9f4f,0,aea0926e1c67f28a1e4850b57afb6689525db24d928a8a5d87d5cd8ae0d1a849,c703509274afb04b8c3a651f7055192320e5670b85f69614087136c71d4324ab
003_coauthor_kth_last_k6_t1_rep1,153,3,kth_last,6,1,2,64,8,520,789147536,coauthor,3,1,coauthor:creative:89d3dfa041f54a32ba310a2b34a4055e,0,0cd1fb3a72564c2eb2e4723dd7040e2942974386ff7a1f4f65c7d72174ec6f0e,a5ba765ae9e1b0728881b336b6f272e7d08b79b7964af9976b576b17cde056a5
004_coauthor_kth_last_k7_t1_rep1,154,4,kth_last,7,1,2,64,9,568,1774086246,coauthor,4,1,coauthor:creative:a754ad9eecca4d13954cf36eeda823b5,0,6b769d882ba551a2492bf4bf6faa783c942df68e223238bec9ab9309b2fe958b,3fbcb37efc66316c7520316b1356f07f9e75d603d6d8bdd1deb5a32a8585726a
005_coauthor_kth_last_k9_t1_rep1,155,5,kth_last,9,1,2,64,11,658,2111689729,coauthor,5,1,coauthor:creative:f1e80762c105424fa21955d4520b182b,0,502502c894579955a02e67d4bc8512dc8f790165258674653830b1c2835473fe,22f315e008c1237dd0df9e82fd04aae3d5b5ad905b0cbdfa5d9b5efdc98be577
006_coauthor_kth_last_k11_t1_rep1,156,6,kth_last,11,1,2,64,13,740,421805065,coauthor,6,1,coauthor:creative:8231b08c98d34682b96603ad677c4806,0,e7627d018247fab17ea39a52153f80dbab35e1491cddebfc6cd97fe25e8e45a8,5bea78a9a7e162251d2c04a016e2fda53a2a152a1c1ed0549b1f69cd8806f591
007_coauthor_kth_last_k12_t1_rep1,157,7,kth_last,12,1,2,64,14,778,259537431,coauthor,7,1,coauthor:creative:0676be9886614881a7c2f933ef80337e,0,6be88382b4356adeebcc8a3e9ac864ec279e1c6b03e2c88011613d15468f76f5,cdfbe6974d09ce9cc0871e14e96c5e8c8307f294502168f2afa32ed5398fc9ef
008_coauthor_kth_last_k14_t1_rep1,158,8,kth_last,14,1,2,64,16,848,1480172670,coauthor,8,1,coauthor:creative:ba1b42a591f4447596e99b6c0a5164b3,0,34e8912ee24d3dba881a7194b2286340a6e40503c32c08b51cdf44935a5dc029,3a2e75b833ca757525550a631e9496f7dfe528d0462dae7ff12a7dfe902ad96f
009_coauthor_kth_last_k16_t1_rep1,159,9,kth_last,16,1,2,64,18,910,320842591,coauthor,9,1,coauthor:creative:223f27bcebb5496a850b7ce86d50e910,0,35ccd0e0e742a27dfd0db5de6ff1fac25f7c5b3f7dec4e0dbf811d7690f8b5a4,d9c5d4bac011030086dd15f24ac0b54ff4136decfe2e529767bb0cdf9cb4ae4f
010_coauthor_kth_last_k17_t1_rep1,160,10,kth_last,17,1,2,64,19,938,2026672059,coauthor,10,1,coauthor:creative:aa092c2e66ea48d89361cc668d7d4919,0,f0aef8785fae3635dbacb398db93736768dc2db6c1007a59f74883cb4e7aec6f,2096ce40cf9cdb03b7f924f36247808c01cc8ff918f3f0c1a789f03f54442344
011_coauthor_kth_last_k19_t1_rep1,161,11,kth_last,19,1,2,64,21,988,1648297798,coauthor,11,1,coauthor:creative:50e2383a31544349adae9a66d596cdf6,0,ae4426c84b806a0828799d6e517023d7f9b666261cf6ed50691032cdb3e62063,b752cf78dc27e767135c02b616f1f3838dc1856067d3fb96e8b53441a397f5b2
012_coauthor_kth_last_k20_t1_rep1,162,12,kth_last,20,1,2,64,22,1010,828242263,coauthor,12,1,coauthor:creative:b7687cecbf6c4c18a04b5b0b9b031cf4,0,2c60ce3d695e6edd9e8872dc1c132e83d051775c4ea1e469e8c482b06c02f3a8,21011d1fd209f820a1b6ecca1882dc3104a2945000a9998bd042602b4afc8b29
013_coauthor_kth_last_k22_t1_rep1,163,13,kth_last,22,1,2,64,24,1048,691822373,coauthor,13,1,coauthor:creative:138dd7338a0f480584ca1deddb32f6b7,0,570cd71083d3cf72b346f1734f71f7ebe90ba18230e81fe1573962124df4ce8d,f42f903d7047c9a41dcd71203638e4b89b77de7dfe158e8cb6ef8072323b57bd
014_coauthor_kth_last_k24_t1_rep1,164,14,kth_last,24,1,2,64,26,1078,524432951,coauthor,14,1,coauthor:creative:e29599231e66474b8a524c23db775e47,0,e61efe11972cafd7ff0160253a4168fc65c87d29441a54d256dd7c87511c77b2,7c19e6dfdb9adc3ea5bbe84e83994bfeda5aef74665097e8486bdeb2e2d145db
015_coauthor_kth_last_k25_t1_rep1,165,15,kth_last,25,1,2,64,27,1090,436369910,coauthor,15,1,coauthor:creative:6a9dd4e609624942951409d15edb0ff3,0,f77273b83fb30df55dfa4e973731e803604f53ee0bcfee75946bbe0a5dcd358d,37a8a64bf3b8b45c75b25736fef1bdcd618a1d304ec32388cc040304127ccc33
016_coauthor_kth_last_k27_t1_rep1,166,16,kth_last,27,1,2,64,29,1108,1646097257,coauthor,16,1,coauthor:creative:672cbc4dddf545218344122b24e3fd7a,0,f6e444aa329b10e3f6c7fcde1af7c6e5c3b9a24fdf90277c7098dded962a39bf,76447692e0e670562838889121d1ca07acfd7b10ab9e461c0eb545f32b2e3bea
017_coauthor_kth_last_k29_t1_rep1,167,17,kth_last,29,1,2,64,31,1118,2130361448,coauthor,17,1,coauthor:creative:cecb749518a84dce992bdcb9c97ec242,0,0269f592b37e26046e8c8f6b95d4b444026082678d7df592177296b1acde6a3f,8ef748c8c6c94cbb074c19141086f06b979b9873df67598823516ccf3609d14f
018_coauthor_kth_last_k30_t1_rep1,168,18,kth_last,30,1,2,64,32,1120,1876602882,coauthor,18,1,coauthor:creative:98de646c88b04772b24503cb24056236,0,020b2d260a79be4c9ce04692f150799d994a2be65fd650f0e10abdad1bdb4d0e,3f7410b5a97aadbb75323c02e528ce5647ced01649da1c6e1e115bc9501e73eb
019_coauthor_kth_last_k32_t1_rep1,169,19,kth_last,32,1,2,64,34,1118,1362364570,coauthor,19,1,coauthor:creative:f9a09da62e19479d8b2c31d3a494f11b,0,c3a9c343af7c11168e2bfb5457daa18f2ef34326ddd77bffcc8bc0cf20d54b0d,893be882dc246195d1a32f39828a0cb9fc26b90d4ffe7bb5e289ae3011fc9c3d
020_coauthor_kth_last_k33_t1_rep1,170,20,kth_last,33,1,2,64,35,1114,914935066,coauthor,20,1,coauthor:creative:fd2ec09a682148418ea610817afcc79a,0,24dc995488f42fdab320ee4a0daba01574e03349f7fb85ec6629e538bc2d0472,4525a9975d610bed05303319f6508282ded5dccddeff5dd08e7277e7547403a1
021_coauthor_kth_last_k35_t1_rep1,171,21,kth_last,35,1,2,64,37,1100,633951183,coauthor,21,1,coauthor:creative:7b0cd9f4cae6467ca5bcd8c5e0aed9e6,0,f3519ed81d47d6ff2e890d60a01c286004a802a7ebc4d380ab41f744958df4d5,b0ed76be16a21bf7adf224b43a0156a76559124bda27771b6d0704774af589d9
022_coauthor_kth_last_k37_t1_rep1,172,22,kth_last,37,1,2,64,39,1078,39360620,coauthor,22,1,coauthor:creative:36bc101319da4b3590b96bce76f7c02c,0,8847b2cd0adcd6556ba2a9940d92da8e516d0fbbce0a27023e0ea799056c283c,8cd8d965476fa23e7b064d603fb58ec9b29db5da65eaf5fc891380db460f4d65
023_coauthor_kth_last_k38_t1_rep1,173,23,kth_last,38,1,2,64,40,1064,722542640,coauthor,23,1,coauthor:creative:11142ca391e749809df56da90091adb4,0,d3ff02fbec75c99281ebbdedf3cafcebfef46f0306e79c2cf01209f6934d6cc4,b7f8f43abc95d78f1d7cdb0acfcbc3a23c336b09a1161ec2fe2388bf717c06e4
024_coauthor_kth_last_k40_t1_rep1,174,24,kth_last,40,1,2,64,42,1030,459407726,coauthor,24,1,coauthor:creative:f1d6f13474954193babf52cc2eab9353,0,068da1c4247e47bd50400f85b1fcbbbaa4fe7ddce62bbc9804dd065ad6a387ac,9539f3d09f84758d3f0a547ca2a1fd66e3d91dfa89dabbdf993685ab275d12c3
025_coauthor_kth_last_k42_t1_rep1,175,25,kth_last,42,1,2,64,44,988,1308630757,coauthor,25,1,coauthor:creative:2a078f5a483346d283b90b5df863f87d,0,396da9b80fcbd7496711d384fbab8c3fd9e65b197cc8c3b8a2fc2fc1717b22d4,2d23fca782f814424dc99f15ba4234696d0abd9367ae2e8d52203ef9a1de787d
026_coauthor_kth_last_k43_t1_rep1,176,26,kth_last,43,1,2,64,45,964,486991095,coauthor,26,1,coauthor:creative:bb4c49c8ca6d4b818262cf983e1e2a84,0,5e99a12e696137305f50abcb497adc2c82078d73b81cfdc5d7817bfb3849fa35,0a69f2ccf64638932cd1e517fe082169a15e2b5a329bcfa94d7fcb97a40f9f82
027_coauthor_kth_last_k45_t1_rep1,177,27,kth_last,45,1,2,64,47,910,1103925040,coauthor,27,1,coauthor:creative:6ccf934ffb284b76b9fa7e57ecabd06b,0,262fe88b3b3bc47321194b8dee5eda0b98f4c90754cf4b002bac2b614672ab55,241183f4f6fcd457065cd4e50a445a534395f6ab31ffab34c6f8caa8c36f67ff
028_coauthor_kth_last_k46_t1_rep1,178,28,kth_last,46,1,2,64,48,880,554583460,coauthor,28,1,coauthor:creative:377cda39f77d4be6bc47879d076b79d0,0,1d329b007b66e1948dd79858370d6b9f044c2b248aa366727184d180f2280526,6375ea864e630aa04045400c4b1493c22ae4c7ebdfd390709080c2a56ca238c9
029_coauthor_kth_last_k48_t1_rep1,179,29,kth_last,48,1,2,64,50,814,1175729428,coauthor,29,1,coauthor:creative:fe4fd11d3f6e4386bf7ec81819c5ff10,0,5a781a7d66b6e1f5dc61a72eec0c98e065ff45bc262ffacc64266bbafcea3207,2ce3b5e577c0b0cdb727c841e4417f02a468d8732fd3e1dea4f54fae529094e9
030_coauthor_repeat_after_k_k1_t3_rep1,180,0,repeat_after_k,1,3,2,64,6,432,1035163104,coauthor,30,1,coauthor:creative:5773114053f147a69bd6790843ea4fd8,0,75ef1705a37b8930c7a773e734c306a5c08e8b6dca315f8ac8c482fa17eab381,7ef0b56ffb640b9d2f06a37539122a5f7bc4ff0815b9330635a9acaf02a93f2a
031_coauthor_repeat_after_k_k2_t3_rep1,181,1,repeat_after_k,2,3,2,64,9,608,1695917781,coauthor,31,1,coauthor:creative:b0a2fd2acd9f49ebabf15233e8711c0b,0,e9ecdb4405c26215782ef89f9593ea5da8211ce93a88c6425ae50022292dc5d7,65b8c9b9dcf7f23c82967d87b79b25902baa09cea26a8dee21de38aa13f850da
032_coauthor_repeat_after_k_k3_t3_rep1,182,2,repeat_after_k,3,3,2,64,12,778,100836408,coauthor,32,1,coauthor:creative:d9389125a7624e34a2fde4243f88bdd6,0,d2eb865e9877dc94502aa2718e823a19c73da987fbd8ffb79ae6fb0debc96d24,18fce4d30054d40b4b805976a8272e8d0c5d150f6a804bd1c44cf6153421ae8f
033_coauthor_repeat_after_k_k4_t3_rep1,183,3,repeat_after_k,4,3,2,64,15,942,50416720,coauthor,33,1,coauthor:creative:e473b59b1628452f9d7ac68bea6d36ff,0,c81cacc100a09be590b837db5b3931c61c263755a1d72db7a873aec3397ec878,c9410624ff31c32629886012e6243bc5c8bb4a2077cc9e210da0925939a744b4
034_coauthor_repeat_after_k_k5_t3_rep1,184,4,repeat_after_k,5,3,2,64,18,1100,704020099,coauthor,34,1,coauthor:creative:961d4965c2c94d7b98223b2f3c9eb30a,0,abaf5c084c41fcd5881abe24c32083bdaeac5e49848285cd7bf6523eb5a29a3a,df88bc5056c9202a00f22b3cfc922d73e56ada23ad36fc4180ac420bc1529807
035_coauthor_repeat_after_k_k6_t3_rep1,185,5,repeat_after_k,6,3,2,64,21,1252,906234460,coauthor,35,1,coauthor:creative:94e6de534f4b4e2d965348fc3f4e317d,0,8a2ab7ab6affbd92dea0781a6da74f89806ed94d6037f0d513b3973083a6a3ae,f7ac8012b3aa7f8addd91a603a71ab26dde10b2d179646568101a7a2a584dea6
036_coauthor_repeat_after_k_k7_t3_rep1,186,6,repeat_after_k,7,3,2,64,24,1398,2047505644,coauthor,36,1,coauthor:creative:8485dc74018447939e7fd20e351b63c9,0,8d28cfce15fa767d26631d8bf906a4f8ffcd86f058cc4707c757a2d51722bb1b,f38befe87c67f3b583f85f3a65a1f82916d6b4d78da35f3c0d1974277fea2cdb
037_coauthor_repeat_after_k_k8_t3_rep1,187,7,repeat_after_k,8,3,2,64,27,1538,1591393197,coauthor,37,1,coauthor:creative:050118bfac954920a524e7070132690b,0,9e680661fd6c003c21dfb41b97d6c5b96a77fce12e013ed1d082263379edcfa6,a7c1f1cd03075b57fc727474a2ea748c9c4fd9d0106cc5debe5e1d768a4dd11a
038_coauthor_repeat_after_k_k9_t3_rep1,188,8,repeat_after_k,9,3,2,64,30,1672,1354829003,coauthor,38,1,coauthor:creative:826e515ad8af4f68a59534c15844da37,0,e0a472ebd9c705ae35d8c6e8da7b69c504c8df5a93547e82b562575fffcdbfac,180c9cfda37b78f3dd419ec5b5a65640f220ce144fe5aab8ef53b71b766874d7
039_coauthor_repeat_after_k_k10_t3_rep1,189,9,repeat_after_k,10,3,2,64,33,1800,960241455,coauthor,39,1,coauthor:creative:f58ab329f0764998a66dc23a54e81abd,0,99887a7f436621554a5dbc9952c14c656e5139b79dab2fee58edd8055e4f0979,ebb310d3a5bf0d2847a9739dc4f24609f507ff9a301c098d4701ab3eb3925692
040_coauthor_repeat_after_k_k11_t3_rep1,190,10,repeat_after_k,11,3,2,64,36,1922,1428620970,coauthor,40,1,coauthor:creative:b30d52ea5e7346b19568167cfd2e47c0,0,fa8afb4185f8337bbd4dcf07f4efb57c84b4ef2957a95645a45c61e6a7287e46,0e36d53c69469d66939018ea19bb408642d77ee083b996283721089f134714b8
041_coauthor_repeat_after_k_k12_t3_rep1,191,11,repeat_after_k,12,3,2,64,39,2038,1757542323,coauthor,41,1,coauthor:creative:c3c445a6c1d34b329ec1ef4acfddd30d,0,f72702ddd68546fee389580eca41e624038e160931fc51d95aec1ed8405da205,5fe0e67f01b8fa32b1b42ba576ad44a6015f93e20b28440568b3065c0b21c8bf
042_coauthor_repeat_after_k_k13_t3_rep1,192,12,repeat_after_k,13,3,2,64,42,2148,138572706,coauthor,42,1,coauthor:creative:f878effe792c4076a90bf4b69daf33e7,0,611af173c41ed571deabd1a9edb32df2bd785035ed3c15430bc05f2bc4293867,1e21b6ed925a8c5c6a8803de360217081f89244d975a9d06d148a777124da23b
043_coauthor_repeat_after_k_k14_t3_rep1,193,13,repeat_after_k,14,3,2,64,45,2252,1470878335,coauthor,43,1,coauthor:creative:c9c5b78df4384aac9a2e8ebd121cca65,0,62a89c9f32912a25a490935ef7fdcb22ec2b1496d105ad13405e257417f427d3,a1d4757f6b955ec5d52b7c3039740778af7afe44554f1f0ca89297ee2fa6b8a0
044_coauthor_repeat_after_k_k15_t3_rep1,194,14,repeat_after_k,15,3,2,64,48,2350,827887583,coauthor,44,1,coauthor:creative:b65e8358d12a498fa442f3d1072c4bb2,0,643f2b3cfa641ccda2f51d39fb42872d5ca6434075347d417c2eca3de46c8715,655f696e36ec270393ff8a7940c4e695f471deefad74e63cea06644680511249
045_coauthor_any_token_at_least_k_k3_t1_rep1,195,0,any_token_at_least_k,3,1,2,64,5,364,1259986716,coauthor,45,1,coauthor:creative:1bf54732c8a34ff6bc71dcfe7357629a,0,edca55fbea2c1e88da2cad7429b3b23f25f55406704c2a87ed00067d8ee3453c,e5139d538661a9ad78e55b1868235a048d20e901381bbb2f3c9ac8ed11d1e61f
046_coauthor_any_token_at_least_k_k3_t2_rep1,196,1,any_token_at_least_k,3,2,2,64,9,546,971248878,coauthor,46,1,coauthor:creative:b48593a56908434488ca3c140744c642,0,9e12e36885ace6fe8c637063018e609cb016ae3476690de37dabc1093c6ab5f1,796705f9fdac3e7dd54eddf8b077ea972b15906a8f3b6c9035796ed20bbf56b1
047_coauthor_any_token_at_least_k_k3_t3_rep1,197,2,any_token_at_least_k,3,3,2,64,12,728,743599744,coauthor,47,1,coauthor:creative:ac6634d8cd064dcb84b08c0eed768c3c,0,62f4e6f81598dc12203dcb6bcf294933597c897deaddcf9a9e73ab05700ccb14,850e44c7dc9f912b0a9f3b129ee094f4e76cb43ad86efad601994b879bbcabed
048_coauthor_any_token_at_least_k_k3_t4_rep1,198,3,any_token_at_least_k,3,4,2,64,15,910,1794507973,coauthor,48,1,coauthor:creative:4aadf906bfc84b4f980b65c44fe483e8,0,2d36df0f06dceb0f6177bdd8951c463c8adf5027c852062fc6ce045a19bb2197,0d5c624d7091b19fb2b979d940334867be85a9dc3a45fa967c1a1a218ed9abd6
049_coauthor_any_token_at_least_k_k3_t5_rep1,199,4,any_token_at_least_k,3,5,2,64,18,1092,484008016,coauthor,49,1,coauthor:creative:8c04c390a801420a9772009868a6c4f0,0,4501f9dbb013ee3c200f7604dda15948c8cf28d8f7e49c98aebf83c97fffa770,e250b4c02ce417c603d7bb2612b471b8aa71fe0af3e97fd23a16ea8e8db2b69f
050_coauthor_any_token_at_least_k_k3_t6_rep1,200,5,any_token_at_least_k,3,6,2,64,21,1274,1797147196,coauthor,50,1,coauthor:creative:cca8806768104c18b972db618f17a37f,0,3d3b3081899aa5b8baa730cc985e9a8d12076964369f1383081cfa7aa9a21807,e173ed8af6a7c335abe3a3a352ad56b41462636d864c2e9b4ddd8299e32c51ba
051_coauthor_any_token_at_least_k_k3_t7_rep1,201,6,any_token_at_least_k,3,7,2,64,24,1456,1772759359,coauthor,51,1,coauthor:creative:0c7bfadbd8db49b4b793e2a46e581759,0,bb4d0ab149af937fe5530afbc2b436a5b046b7de948d86e71991a9140e8c8ebb,ac89272ff4a1291bb38a3acdf883889587ce0bcfc0b7d2b410b76b0d282ad159
052_coauthor_any_token_at_least_k_k3_t8_rep1,202,7,any_token_at_least_k,3,8,2,64,27,1638,1168209622,coauthor,52,1,coauthor:creative:5db9af9d7eb8449482b05842af955c63,0,a9d3f1ca609d6e24ccdbbf7219a5b3564c3c84fa63d47606db02d1e9484545f7,1723e18adad462eea6c6102091b54a1a900164228598a26054592f5b3fd4926e
053_coauthor_any_token_at_least_k_k3_t9_rep1,203,8,any_token_at_least_k,3,9,2,64,30,1820,1625975890,coauthor,53,1,coauthor:creative:931c030acd5e41b1bfac856da1aeb8e3,0,aefd107cbbb1cc032cf1d744805a9b116ab51f76eb1e84baac9e78e2c15df5a3,aa8d09d3edfff486a921d33406ea4ab0432f753d21c2499a3c8ff9f0d6f9457a
054_coauthor_any_token_at_least_k_k3_t10_rep1,204,9,any_token_at_least_k,3,10,2,64,33,2002,1445338103,coauthor,54,1,coauthor:creative:605b87492b46451d8a0ece93161368fc,0,ff8d12008d6ecaf817b895b5be091d73f0dcfe57aa9171012c72e8d0c3be3155,a0b3fa32c13269f24cc10d2484ddc37ec227f58cd0b0971902025168cf6d2605
055_coauthor_any_token_at_least_k_k3_t11_rep1,205,10,any_token_at_least_k,3,11,2,64,36,2184,503443445,coauthor,55,1,coauthor:creative:dc47866606824cc9bc59e54890c2ab22,0,c0b9dfd1b8b90d18b0cc1b3e5b22ef64c7d2f3c62eba111cc51012f1adcec77d,7db59b2a30c22fe7402a45f28d3121c0328eaaeb0fa62089ffc32855afb87f41
056_coauthor_any_token_at_least_k_k3_t12_rep1,206,11,any_token_at_least_k,3,12,2,64,39,2366,2051952043,coauthor,56,1,coauthor:creative:af58ab552c724ef2bff4dd8108581e1c,0,927da4d147bc95ceb505ff07afe7a6d259a019aa2ee47598ae1308d04fa6fd64,ce74b4bfcb3931a2a0e35c6d9186dece5d288ddc97e343bcfe69451df753636b
057_coauthor_any_token_at_least_k_k3_t13_rep1,207,12,any_token_at_least_k,3,13,2,64,42,2548,408830517,coauthor,57,1,coauthor:creative:bbad29dc74f346269cc42a7563e4c865,0,371056c1d02cb207830127a013f401f483f3064960948a6b7bfe0a027715e936,6df8c2d872eee5d6b41289d0c5f25a380f743416cad7c72f1f7248f443d0fa3f
058_coauthor_any_token_at_least_k_k3_t14_rep1,208,13,any_token_at_least_k,3,14,2,64,45,2730,936863803,coauthor,58,1,coauthor:creative:6eddf840a84f4e48936eb1928eda184a,0,cbc6fc641144be208d6e1865f82985f68d90d2b635f721b24791a5b1fe8dd31d,6af0c0ffd734cfbf5ea7d561ff43f2e1dff30c6a33b6321c6b025af3082114ff
059_coauthor_any_token_at_least_k_k3_t15_rep1,209,14,any_token_at_least_k,3,15,2,64,48,2912,2134436321,coauthor,59,1,coauthor:creative:65db59a7705345ec88f5aafc812951ef,0,24a932a148467326bb0d7081388251543627097682783ac15d1d665b4a33f6ca,c9f165b7a8a6447b892b1aeb15d6763d04ba923db34c7d556c70e8bd018de381
060_coauthor_exactly_once_kna_t1_rep1,210,0,exactly_once,,1,2,64,3,250,1768087691,coauthor,60,1,coauthor:creative:c0bda7b135404137b66b5ade3bf1c8bc,0,2a19676caa9fafc47c4868040e0eb0ccb8a7abb3f92167ffeee8872a4d4bf8af,e3347fe966be143af56461a5d4177d0dbeb06f10b98b962a07aa7d4451909c02
061_coauthor_exactly_once_kna_t2_rep1,211,1,exactly_once,,2,2,64,6,375,1597078504,coauthor,61,1,coauthor:creative:13ff0c5ffe4341a8bcec84ef343a9359,0,4e549483d98060bcefd5b595cfb6de48dfeeb0bb92a0a3f4ef18fd853e35a614,9c3119e48b22ab5535d20ad12cc6e1443ad31a89f2e08e3e28dc9bd3c84c12b0
062_coauthor_exactly_once_kna_t3_rep1,212,2,exactly_once,,3,2,64,8,500,563388754,coauthor,62,1,coauthor:creative:8619af4decba4fd0b44bd0194df73038,0,ae38f97ae3fd003f613f9e3b37b7a9c6a82b93a37272adbcefc63dceb5f12d8c,9f299388b39b077f010ca933382647742766132a94b786eead5d9a0e26c06340
063_coauthor_exactly_once_kna_t4_rep1,213,3,exactly_once,,4,2,64,10,625,1744034106,coauthor,63,1,coauthor:creative:272a45b11c944afcbf51b390caa3a6b0,0,758ab626a8729ddb221ee411692fb413af5a2fd91ee67ba452334348e385ef20,17dc4463705eb85b1dedd887ad678b1bea65277bf3542435705f987af96c1d6f
064_coauthor_exactly_once_kna_t5_rep1,214,4,exactly_once,,5,2,64,12,750,2004608851,coauthor,64,1,coauthor:creative:9dc52675bffe43dd8a9359dab52e711b,0,ea33c15379c2f7db94a4cece3f454700cda2764cf4830807113365708a21132b,59b2b5c2d659232fec5b6c0faeca2ac0765cecfd10560c8e3378d0569013e349
065_coauthor_exactly_once_kna_t6_rep1,215,5,exactly_once,,6,2,64,14,875,452716857,coauthor,65,1,coauthor:creative:ecdf98683b6641e3b99127df3ee66854,0,da1459c51db9e0d586df678f003aebab5e4b2238a72faa7e5176cd9e42f7a925,34ca8d3425041d517c8550cf2ed4c55c1cc852a1421245053f899356c3422f6d
066_coauthor_exactly_once_kna_t7_rep1,216,6,exactly_once,,7,2,64,16,1000,93540328,coauthor,66,1,coauthor:creative:cf3c59ec3ff64c539da0ee9633dc44cf,0,0316ea61bc89ce947545b483b079fd5f9339a3012271386655ee8a37d6bb899f,35f222aaa286d29b9bc5d63d5f8b5f7aaff42e30b67ff25d57f684a72c6d36c2
067_coauthor_exactly_once_kna_t8_rep1,217,7,exactly_once,,8,2,64,18,1125,1091413720,coauthor,67,1,coauthor:creative:8499365ffee244d39a7d7faf479fea13,0,603e1425cec85d9ff963c0e782134c04f80d63a594c8271fec07a4cfbc48af6b,a67cfa908225e88d915d25bb7a38bd5740f7b7497272fb46f5b375c1646df45d
068_coauthor_exactly_once_kna_t9_rep1,218,8,exactly_once,,9,2,64,20,1250,1703782505,coauthor,68,1,coauthor:creative:8f7e2949da2c45e597b39ee6e3f85d84,0,d59a1dd1b2812fe75d9db21858fa82cb6f190cefca1179e93111ff60b968cfc8,0e8387a2ad963c0a424a68755c80c0a7b0141cd82edb806f397fa1b650cda2c8
069_coauthor_exactly_once_kna_t10_rep1,219,9,exactly_once,,10,2,64,22,1375,335723317,coauthor,69,1,coauthor:creative:5d3c9dbeb3e04c82ac88501a6668d530,0,c5a59098110ea65582d4f61ecfe41319d9c484c7f29088273ac24e74a4bdb94c,6229189c768045cff3249a65bee9451cac4e6c2aa16144dd8642c80c3bc31ed8
070_coauthor_exactly_once_kna_t11_rep1,220,10,exactly_once,,11,2,64,24,1500,1763787249,coauthor,70,1,coauthor:creative:2a907d5c4723445c9c9653cb1ba65876,0,03046971f6d37d2a2334d65b1cd28f5c5cf5cf91c561ed938cdfde8a185840b1,139671590d794ebd98e681df92277e8d2088961386981b49d6beefe9ca08bf03
071_coauthor_exactly_once_kna_t12_rep1,221,11,exactly_once,,12,2,64,26,1625,1910717667,coauthor,71,1,coauthor:creative:56af97b16b6d444c8f8d55c740550837,0,5ae676ac8ff98aa3906fede88ea33f007ec74e7c9ee7371b538e9eeb317a3a7c,f7701ddd6158eb7e131cfa73e179fa8c56e36c6574cc9087504d03eb77743f07
072_coauthor_exactly_once_kna_t13_rep1,222,12,exactly_once,,13,2,64,28,1750,89215009,coauthor,72,1,coauthor:creative:e4bf8d4c04c743b39fb94f724339f642,0,dc19c49cb2c5228ede80a52631a5cf5a0e1919bdc785675f0a5957c3916fe09f,1b786ace8e0de51e77358a9737d039a226d4fb1311ddb1ec551daf57584fa39c
073_coauthor_exactly_once_kna_t14_rep1,223,13,exactly_once,,14,2,64,30,1875,1100254534,coauthor,73,1,coauthor:creative:d55f92da75db4afbbf0cb0bff4cae8c0,0,56d91706d90db659ef947e1e32332536d063fcbcc48e6e24bcd1de4d229a78e5,cf4d318c0bd76f140b6000af3acb10995fd74490d8ef97447493c4bc92b8654e
074_coauthor_exactly_once_kna_t15_rep1,224,14,exactly_once,,15,2,64,32,2000,1083809106,coauthor,74,1,coauthor:creative:7481e5512d9f40959eebccd763d6ff87,0,bb528f78a4b62fbf38316b9fdb71c4703bf7b323880a529bdc288f3398be1eee,45756101e8bb6e75958c5fdac22399b731ef08b9467c4f860f1fcfd598f05c7e
075_coauthor_exactly_once_kna_t16_rep1,225,15,exactly_once,,16,2,64,34,2125,1064513949,coauthor,75,1,coauthor:creative:e3d026e8ecb1421ca9ef198526fd4633,0,f118e13315030b1bd25f4e686302cf8824dcbe70ddc3a624c39c8a0ba234c857,d98b166efccd9f76861063e247541389cc997cb4cd5bdcab11b993caa4daaecf
076_coauthor_exactly_once_kna_t17_rep1,226,16,exactly_once,,17,2,64,36,2250,1374481535,coauthor,76,1,coauthor:creative:e139a4f9ea0c4ea3b7b3481eea070f29,0,480ba2eda5c9c1e6d66562056ce56f2df424ce5797eb68c87c9718a91c996ddc,41a974e15b2554a66cf024bd088db7a7f043ac9d7822f7e4cf3fd61a28bcc821
077_coauthor_exactly_once_kna_t18_rep1,227,17,exactly_once,,18,2,64,38,2375,643259441,coauthor,77,1,coauthor:creative:eb15a76230f74cf781b0ace876dec6de,0,dd406dafaa7fd467abcbb1e43ee3d26c28f96be3da8158ee3975f479cab760db,f0d0eacda06e6afb7a2188a004afa514709c9031731818ae461af6ec06b131d1
078_coauthor_exactly_once_kna_t19_rep1,228,18,exactly_once,,19,2,64,40,2500,560568609,coauthor,78,1,coauthor:creative:82eec1c4618e494c88253f4e5167fc26,0,19ffb34dcf39f6b86b1f9e8096e9b6be3077d60af9a1f231957fcd5cffe3e726,fcd450add08bd4df0552201152446c6a7fe669a9998573ff40d69842184d422f
079_coauthor_odd_count_kna_t14_rep1,229,13,odd_count,,14,2,64,30,1875,579724040,coauthor,79,1,coauthor:creative:23553b4984aa4e4a91326ebd9393f01c,0,a12518b287a7981e2e0779400ff41168cf92702ed9821c7df16cb43941fa6418,da3d57bfe09d9bea426647f87e6013ec1c8ae6525b7674e0c1305f71686dd338
080_coauthor_left_not_right_kna_t1_rep1,230,0,left_not_right,,1,2,64,5,308,1278300963,coauthor,80,1,coauthor:creative:85bb144c94404f85ad2931edf1bcb8ae,0,277fe31936705d46bef1043a4e61cf49c3a16b7827d448a8ca8e4815afda677f,a73917756479f72c6832d54aeb43ff5133af7cd1dd1753aedd5684384b3cfef9
081_coauthor_left_not_right_kna_t2_rep1,231,1,left_not_right,,2,2,64,9,493,1545974725,coauthor,81,1,coauthor:creative:f64a674b006c4fa6adaf1bba48049f6c,0,4936fb6ac60639faa116d3507095f33c425c245b8136b0aac78c80c4935189c1,4e520fc64183ec20614d228f86a92302ba20a2504a7e0947e74fb10b250e6d6b
082_coauthor_left_not_right_kna_t3_rep1,232,2,left_not_right,,3,2,64,12,678,813384807,coauthor,82,1,coauthor:creative:6938b4a468aa482ba459d2fbe140cb30,0,f8dbf627e17e41aa286c8ff085d12d13dd59d472b54c8452ad270048e3037865,3832c545706caad478b2113edb7bc0a8125138183725d8e21d005a7237fe5158
083_coauthor_left_not_right_kna_t4_rep1,233,3,left_not_right,,4,2,64,15,863,714953310,coauthor,83,1,coauthor:creative:543ec3b66b0c47269e9737a650da21b5,0,899789ce2f89c37497d3e700f41d2206f704f4f4f4e434b9ca83b7ded633863f,dd53d121524f055e1b7af4dda6a34b685684cd9e53ec20db0d0281c6699ae675
084_coauthor_left_not_right_kna_t5_rep1,234,4,left_not_right,,5,2,64,18,1048,590089531,coauthor,84,1,coauthor:creative:0886ac6a67c34849a08ccb15134f3407,0,524a6145d213ee94ac29e93cb7e3abef319d2ad6cb25394a687d0b31a814c4cc,ffff64d83014dc000599d4ea5734a9f67f97a332dee1d748aef0044508468b4d
085_coauthor_left_not_right_kna_t6_rep1,235,5,left_not_right,,6,2,64,21,1233,1810415085,coauthor,85,1,coauthor:creative:1e71cd3d266046fdaeeef386a80a0781,0,1ad87b96cbc615f6f0aacdae1ba045aa325d3c834b877290576f80bb720fab2f,8e3c5cfc93b19dd6d41d50c239afc96b792d83238209de66a73c560a8f87fac1
086_coauthor_left_not_right_kna_t7_rep1,236,6,left_not_right,,7,2,64,24,1418,2038199862,coauthor,86,1,coauthor:creative:01650a401e614c38a04a904165a5784f,0,907cdcebb0edd4fce11b40905b3f281dba2ae99a0b8761e4219a6b63c84740c9,e6c395ee94c7fa43f34459dbc065ab51375b4c78d2b76acf437f00ae516c267b
087_coauthor_left_not_right_kna_t8_rep1,237,7,left_not_right,,8,2,64,27,1603,400805508,coauthor,87,1,coauthor:creative:a373cb5e0c8f46e5bcbdcbd8ddac8227,0,d659ea0c52ae231dbae7779cd2005c7426164dabb058642f83d6b2d61a2a069a,fd18e1c891517f6cd9bed7f2c05f3c31fee4b8595685b8d0c42fc85c059bdcf0
088_coauthor_left_not_right_kna_t9_rep1,238,8,left_not_right,,9,2,64,30,1788,1735353644,coauthor,88,1,coauthor:creative:b3a1b8cfb7d94eb3a615600d440a0bc1,0,4e1aa6190da92be1ecf0ce8c4b58a917e5eb5f418ffb6e62b588bd539a708786,af9dfd63c6e4aee335b79a2ded4042823c49011f330a775488b63e9e1145a737
089_coauthor_left_not_right_kna_t10_rep1,239,9,left_not_right,,10,2,64,33,1973,1864851287,coauthor,89,1,coauthor:creative:d99c239ccb2841f6bfe743f865126332,0,fc144d6ecdd7994ca10e12fe7948f5459f45f44fd47d959148e716473280c9ef,aa4022d74648cb423d668b8f0c3bef00e9d789720cf9ab7e5b54de42e7735c70
090_coauthor_left_not_right_kna_t11_rep1,240,10,left_not_right,,11,2,64,36,2158,1927732778,coauthor,90,1,coauthor:creative:d1aad60e3f7f4dd68721bfd157247a99,0,f504de02c665f2894d35f149c919de1cd0d69ff709cc82eded36fc24288ff416,53993bc307b94894c317c253256b46d47ec7f1353cb89ae673d3ebb91d75e4d7
091_coauthor_left_not_right_kna_t12_rep1,241,11,left_not_right,,12,2,64,39,2343,314198940,coauthor,91,1,coauthor:creative:dc2078ed9a2d4ebd84853c014639bd1f,0,513bdf842ae21f67c8b4918519ea0f1d156191d7b6ded4908177e5c0b706d7cf,30fcc2d3ccc23107fd298047f0bf6bbca55d5db37971fbb3ef0c0a7bb4e937f3
092_coauthor_left_not_right_kna_t13_rep1,242,12,left_not_right,,13,2,64,42,2528,561905364,coauthor,92,1,coauthor:creative:767134bda38047aab8a6fa3221b6880e,0,4f040c0dd3681e804dbb95c6bcc5c0c9bc40547fc8c81619a538aa1570fbb291,a6acb0e80bc5e33f0f74277aa92a28664949fd22d59d5623aee2cecaa45d0de5
093_coauthor_left_not_right_kna_t14_rep1,243,13,left_not_right,,14,2,64,45,2713,2014808911,coauthor,93,1,coauthor:creative:374e55af5f8642bdb6134332a8c6bc20,0,86d07402414eb83105d906ef4f5342b55fb55fb252f74c55b862ef3b9799fa14,776d83c8e3511caafd1397f7dfc5084a837a4fbb86c1831b8d46ba2476a85ab2
094_coauthor_left_not_right_kna_t15_rep1,244,14,left_not_right,,15,2,64,48,2898,553398889,coauthor,94,1,coauthor:creative:6e886e695d98418e9eaca62a07bcef02,0,abadf099a53e8aca2eeb7c7a7eb0a609229acf8aa85ee208c8cd35dd6b793924,73f860b663a7d0bf814f4e2251f10dbc4142d870a634538669416cb3517c6574
095_coauthor_left_not_right_kna_t16_rep1,245,15,left_not_right,,16,2,64,51,3083,117592634,coauthor,95,1,coauthor:creative:dad69fc8dcfb4971abbe3d4013bfc6ce,0,2608951be840ca985a5fddc9082d8562fac1df6bd4c354972dbed698e71d85fe,30a937203a812a2de4725a3b8efae0356d79126c6cd26a7c1d51a86482533891
096_coauthor_sets_differ_kna_t1_rep1,246,0,sets_differ,,1,2,64,7,432,1122122241,coauthor,96,1,coauthor:creative:5ff4b3f9999047f6858c878df9638bc3,0,ad96e96648c32fda5671dc16d0b95b6093813ed4341e89688f3e248b82721dce,1e6ab16664d2599d22e05d607fd64acba26bb3e2ae4c95203d919aa9fe6933ff
097_coauthor_sets_differ_kna_t2_rep1,247,1,sets_differ,,2,2,64,12,679,2048344142,coauthor,97,1,coauthor:creative:1da7eb35b68842dc9b5017abaf1359d4,0,f5c94279f14a63f998e4d10a2832ccbf04320483e6122794d10ec617eae0a463,ed1aceb5c01e13fc08d142c052a92b479273b4c0a17664c1ae12eb896666964e
098_coauthor_sets_differ_kna_t3_rep1,248,2,sets_differ,,3,2,64,16,926,723810668,coauthor,98,1,coauthor:creative:a09cbbf5323a4bd2aa5a2ae775258c38,0,e4a4b06a888d64bbcfc7411fbacb897ed77b0abfb465fe65ecf4d6b37a3afa82,66adde4f3ca7220d5004d5c6ef0050275bcae6d6179ba9877b44171fff57840e
099_coauthor_sets_differ_kna_t4_rep1,249,3,sets_differ,,4,2,64,20,1173,995926839,coauthor,99,1,coauthor:creative:e81d6b763cc44618a315a087b3ff155c,0,e86e6264121dc08146773159618256960efaeb3cbac4184afc636513aa4681ae,259a689c8093e052b58c12bc3eeafd52c1a8fc02ab1f20d42194e60424a602e9
100_coauthor_sets_differ_kna_t5_rep1,250,4,sets_differ,,5,2,64,24,1420,233422806,coauthor,100,1,coauthor:creative:749e032914384e4da8f2392a19066b89,0,0db2b3e9b37e8ef72cc8dd18e8183164621498340cf43d6ae40d23b21c4bb67a,8afec0bdef5eca0f1c6ebe543495c821dcd5d98b58c631843a5277dd23175a2f
101_coauthor_sets_differ_kna_t6_rep1,251,5,sets_differ,,6,2,64,28,1667,31228033,coauthor,101,1,coauthor:creative:9a29f841869a4fd98cf358da50f4a340,0,8200fa3540db053348f7f39b17052c260e4a69273b9fe839f726b229f16a8ffe,ab7ea6a0ee58c96ec842ad2320e45078b6b19239338a215b6f9dbd5a4e59f0fa
102_coauthor_sets_differ_kna_t7_rep1,252,6,sets_differ,,7,2,64,32,1914,457634185,coauthor,102,1,coauthor:creative:947065accb8b402c98fb2aa62a497842,0,9417511a9c265851894bbb76bb8faa6a652ebbc62fa44742d8ddd98882befa21,d75979579a6c938c0081176546ec08252bbbb08b3a78ea0b80e58965107d5e57
103_coauthor_sets_differ_kna_t8_rep1,253,7,sets_differ,,8,2,64,36,2161,388848176,coauthor,103,1,coauthor:creative:1e6ecfa3fa7c4fd7ad7c10470546f654,0,1a6546a5ea45a6b24bb24576eb927e82d6aebe2b905ac0bad52e1b2c736105b6,4ef6e6ed1e827681d92d9c58f60bd6180579c15bb8b3f8b5db86406071e1bfbe
104_coauthor_sets_differ_kna_t9_rep1,254,8,sets_differ,,9,2,64,40,2408,73890030,coauthor,104,1,coauthor:creative:4d44dbfbf4b34c8a9e28065b836b5893,0,25322fadc5a2f82f70190c7284b992b28eb2aae009c5e11235d8c2e48298fa6e,d4fef046ee02fb414b48ad0f6f03c536c1eb22c5d92b0c8201892b196f2780f6
105_coauthor_sets_differ_kna_t10_rep1,255,9,sets_differ,,10,2,64,44,2655,910446593,coauthor,105,1,coauthor:creative:76c3366d06584c42b5c0d1af41b63ccb,0,e17f55ceeee2fe53cfc47595b34a09243a6097df4b991e7064554f51ff8adc58,b090d487d372cd1e324b0a978af14fd4a52539f587c9e90617a7896a762bd78d
106_coauthor_both_sides_kna_t1_rep1,256,0,both_sides,,1,2,64,6,364,1595653920,coauthor,106,1,coauthor:creative:6861c7f0f19645ffb563275d11fad363,0,1ce8ddee49c83f58bd1892c8365c6e924703cf9df94d73cf60fcbdfe3559e653,ecdc1b074102483916537f270854488679a4de17303cc165bdfdfefc5cf78b4f
107_coauthor_both_sides_kna_t2_rep1,257,1,both_sides,,2,2,64,10,546,986557597,coauthor,107,1,coauthor:creative:bb89b8b76a9847f9ba0d7e67fc4fc23e,0,be117e9703683be80506301621b0813cca02f6f4fa4d05684084cccb77dea509,2a6cdb20b937347b0abd63a2cd9fd0a1e6ec581fa51d8fbcc235381767990015
108_coauthor_both_sides_kna_t3_rep1,258,2,both_sides,,3,2,64,13,728,339318600,coauthor,108,1,coauthor:creative:31794aa2de5e40baba2dfa6f59e03d15,0,1f4fb196022c230af3e3e471bef01aef20859ed0a5ea2ccccd0de3adf0cb1d66,05940c8969558c23a42b4439086a642fe8bd60cc3a8af716c7a101a274ce0e36
109_coauthor_both_sides_kna_t4_rep1,259,3,both_sides,,4,2,64,16,910,466499894,coauthor,109,1,coauthor:creative:815f2133a4634d7b88b1697b1f8a5d1e,0,4f1990c3dc2d824dd44347cfd468c8df7b64e9d32cb46f7de90b813ab7ec99db,6d8cbc9e4196e0a9bd6682a1ba74743ddaa2812b19e78baaf2d83b61d4471e63
110_coauthor_both_sides_kna_t5_rep1,260,4,both_sides,,5,2,64,19,1092,1470512668,coauthor,110,1,coauthor:creative:1763bf2d3371474ab481253b7731c586,0,e654ba64493a06164c7e2510b7dd4a7a9a5b6d30314aa76be5e8e6935bd661fe,8a3b01f30c61beef95ea12bd7949cc63813632dcbcafefd56a96fa7236658e18
111_coauthor_both_sides_kna_t6_rep1,261,5,both_sides,,6,2,64,22,1274,982034088,coauthor,111,1,coauthor:creative:b821e4ee78184af086b8e229b0387500,0,6b9ed4ff4ecb29c1e2b894cad8ee8b5c10ac5cdf2f974585078a7b0d98e7b91a,842a027dc082db6a1f54a747451cf4fad5d5b4d8a641683236d3a5c41e1e7cdf
112_coauthor_both_sides_kna_t7_rep1,262,6,both_sides,,7,2,64,25,1456,1376881769,coauthor,112,1,coauthor:creative:099ea17dc4c24eba8603270c97edd468,0,751efd45071915d8ff200b2be4b934c26234131d6bc538ab25301c54baede1aa,fcb8704127c64254560441686f5adda06e9a6a0cef95de384c15e670a44907b9
113_coauthor_both_sides_kna_t8_rep1,263,7,both_sides,,8,2,64,28,1638,1884951767,coauthor,113,1,coauthor:creative:a345a395300d44a5862012539e015002,0,fec49ac77d0e23c0faca88db61dc3448921a8f03219387a584a6cdf41813a831,fc7a1e54b698332e8c775049f24063458767ea40fe9fd447500e7d3444786059
114_coauthor_both_sides_kna_t9_rep1,264,8,both_sides,,9,2,64,31,1820,1205589085,coauthor,114,1,coauthor:creative:8911f32aab914a1f903bb76300b13949,0,d1c585e6e93d71e4b58bcc3668fa3e325aa333ee6113b36e6b4f1548e880c7b7,7355f95629c63608c0737d7ce8c6dee24e68a554f94d1a6e27c473af47b1e968
115_coauthor_both_sides_kna_t10_rep1,265,9,both_sides,,10,2,64,34,2002,757094947,coauthor,115,1,coauthor:creative:b22279ff63804fa6bec5c108879812dd,0,829079a5b8ec667220450bfdb538642193d734cce3425407453b0dada34dacd6,a6bb65093c471c992d48edb8b56fd036507c9fc010f6a1317ee8838b650f18ab
116_coauthor_both_sides_kna_t11_rep1,266,10,both_sides,,11,2,64,37,2184,2009887760,coauthor,116,1,coauthor:creative:b73b741aa53f4dd1af35e1540ebf4af1,0,b0d159ec5aae185986ffc3616245ce895f7a5c462b8f8a91d748b8cdab860f7b,3281eed5dd40009a4eec7f955fb9f2955930c53b922f6fdd18ce258a7c4d8427
117_coauthor_both_sides_kna_t12_rep1,267,11,both_sides,,12,2,64,40,2366,738188187,coauthor,117,1,coauthor:creative:a5dee567f6554c59bb8fafd85f547c22,0,4b5a37e91fed808aca10633f81ba454ec5caee11585608d30d69175fe33653d8,72cd917c80010b233c9440e56fc42fb499a72ba8982077963e3433d53b57eba6
118_coauthor_both_sides_kna_t13_rep1,268,12,both_sides,,13,2,64,43,2548,1136202749,coauthor,118,1,coauthor:creative:2d9358657a364ccab47e9a7538cb6650,0,7f56506958e055e4cf57451a15baef83c4481ebe6caee153a94f4867cce2a234,4388f367c1d49e83662959dc7385f12bcce9577e2c490e6ba7bbe6221fc7dc37
119_coauthor_both_sides_kna_t14_rep1,269,13,both_sides,,14,2,64,46,2730,353320562,coauthor,119,1,coauthor:creative:a87286598bc54313b39f6ce6013541bf,0,14e11bb0b644dda6d0803b6ba2aabe5676bf53ec30bd110de3c3a4bef806e4c9,5e8b83a2c830811d0e74e9e92e2d39a6b70bcd90910fe97fcd827d606512e7e9
120_coauthor_both_sides_kna_t15_rep1,270,14,both_sides,,15,2,64,49,2912,722759577,coauthor,120,1,coauthor:creative:f3ecf0ce872940238b0bd429a3e36322,0,af6c4c1b76fd7522c427b1ab11e33529411050d8a7d1762e9001d54c50092826,a97e0a90cfaef291d4637039cee828dc6559b9f2ca602c11bd441869fe24042f
121_coauthor_even_count_kna_t1_rep1,271,0,even_count,,1,2,64,4,308,1091262367,coauthor,121,1,coauthor:creative:8bafd5acfb7343308b5195092c4c4de5,0,c9522c6879bd605e92ea7f8fe2cdbe96e5435967907a07faf7079d6be97fa317,ffe6cd07ea30c1b6b4d1c55dfa01686095ce59bc6d6d98558ab6544a60d67617
122_coauthor_even_count_kna_t2_rep1,272,1,even_count,,2,2,64,8,493,543823507,coauthor,122,1,coauthor:creative:f1c5ca52c9754a37b10dce55cf5113e2,0,ad6e1a452a6bbaee71a596d2d3d1a0e3634c81cc9ce0223c5167f91568881ee1,3716b1b8958fc318e9d0b388f0f134e5c0c23d9a72623365e0d21d167c36e05f
123_coauthor_even_count_kna_t3_rep1,273,2,even_count,,3,2,64,11,678,776617888,coauthor,123,1,coauthor:creative:173cae0bcc714ba29bfeab4004d7fa85,0,6bfff758479c54563b3e590c42e16bf060c3cdd6b90ba9551c812bc5f87af936,c442315f63e8d240cdd5c7154de7d2c9066a0ed684658d68b21fceb371cebb8e
124_coauthor_even_count_kna_t4_rep1,274,3,even_count,,4,2,64,14,863,413999019,coauthor,124,1,coauthor:creative:ee760edb666e4f46aedee408975a9c9d,0,5095a9d50906960ba47c1bb30b1680fe2ff7bd898a30dd84626ca91a4522f80c,106dc2e64eb6b7392d023eb265cea74dcfe9ed32c222f08255a4fbdc5bf028a5
125_coauthor_even_count_kna_t5_rep1,275,4,even_count,,5,2,64,17,1048,1322706250,coauthor,125,1,coauthor:creative:8d9a97731918431e8dd6560adb8cd0fa,0,abae85255795efadfedbaeef548d5e339f2be4516c45da6fb266d38e346323c1,41a241b934cac0756a343257f2bed4028c98c7046ddfdf6f04465ab94347250c
126_coauthor_even_count_kna_t6_rep1,276,5,even_count,,6,2,64,20,1233,1471983807,coauthor,126,1,coauthor:creative:f8fd4fb1d3ae456a8a5dddefc9389aa3,0,4b1076c89eb74b04314da832e5c4454d7fe0f0eca2aaf644f5df375c3fc23f04,3ebd2bb5ca6384441b0a071b0f5f7ba172d14a1b3dc4a014bc36f68574c2455f
127_coauthor_even_count_kna_t7_rep1,277,6,even_count,,7,2,64,23,1418,718301472,coauthor,127,1,coauthor:creative:93468eec16324f109abec7010cd13ebd,0,cc457ebeb57c828b23831ac498955b9ab904b94d8813e8ec7297ee39e2405944,020bed6a8f5673d1f97cf9868247ae08d2b89763450e04d6d7f5a4ee5c1278c5
128_coauthor_even_count_kna_t8_rep1,278,7,even_count,,8,2,64,26,1603,322401037,coauthor,128,1,coauthor:creative:ed151ac677724c7fbd32f85db77710a2,0,668bf9127992ff615647ce79eb947769fb8216325cbe8cf0d100ae0a85160540,8def0da76a3cc051a123a7fed93c927027f41addb77167930981ed20b1982f4a
129_coauthor_even_count_kna_t9_rep1,279,8,even_count,,9,2,64,29,1788,234688724,coauthor,129,1,coauthor:creative:8610d3166aea4491b673112459745fc1,0,f7cd4fb6ff9312efdbb98220ed68e7c53725910b0619e76d75c2ea1b902cc9ef,6cbbc5015069bde7b04f9a1abc2e08d5c7f57af71965f66f08635463463e5090
130_coauthor_even_count_kna_t10_rep1,280,9,even_count,,10,2,64,32,1973,431607851,coauthor,130,1,coauthor:creative:047a25c3382c42999ceb1c78f6ebd524,0,df212fdc5bcd743fceac3502c4e34dd6439d2fcab779b43aa1f5ed7ef54b504b,06244d7d42044cd9968649affe136dee054e11eadd3ba7778ce3cca8d3f8424c
131_coauthor_even_count_kna_t11_rep1,281,10,even_count,,11,2,64,35,2158,1298677665,coauthor,131,1,coauthor:creative:72b49bf3c2434ea498475566e09690fb,0,fa47d1ad71314ebf9bd1927a64320dcb75a1f9ca6fcec80a27645bd702e54a8a,21f7528a89ae7b09206baddfb9b0ed68588f5285dd8a6502703fc9bbe8b7f397
132_coauthor_even_count_kna_t12_rep1,282,11,even_count,,12,2,64,38,2343,785394720,coauthor,132,1,coauthor:creative:8a66ba50d4e241f2aebb17e5af82c68a,0,f66b718b19b6c252793ba23f66af7dfb27e0ebfd35f53eacc7d1b0a223505ddc,df64bd6b600109af8ac0a3de049a86e23b42dba5a8e929157e8bc56c145a9301
133_coauthor_even_count_kna_t13_rep1,283,12,even_count,,13,2,64,41,2528,802208098,coauthor,133,1,coauthor:creative:4b1397f42c2b436c994db077de5d54c4,0,6e4e687ff99b2c5be0ef059315b9a20f945267a49d3a5ee669c1247531a77c75,49fa9db29b47127b1021ebfebd239b4cbb957acf51234d0f260297b1db7d3073
134_coauthor_even_count_kna_t14_rep1,284,13,even_count,,14,2,64,44,2713,246109509,coauthor,134,1,coauthor:creative:a935819289a042269dc6f7e419b0608e,0,e641df5a1623756ad56601eba65b653abfa836cd12b775a52edc1ad773fde0a7,f4369a4eb3e3c2a86115fb827d1a8bc012bf1d37056dc6e191206d444c5ab9dd
135_coauthor_even_count_kna_t15_rep1,285,14,even_count,,15,2,64,47,2898,852370662,coauthor,135,1,coauthor:creative:5d9be2dad6584ff4b2ab1c6f701f64cb,0,5cd4b5887f3c0a0050457b1f32124fda9c30056dceadd247eb90153765845869,e5b2ed9afc6760b9f0f66f7c1ff951e7e4d559d0089dd719123337463640c6fe
136_coauthor_even_count_kna_t16_rep1,286,15,even_count,,16,2,64,50,3083,1436738001,coauthor,136,1,coauthor:creative:83abfb13942f491b9de32bfcc1c3dc47,0,ac14f9d2d35d2c022fbf20b30e0bb69a7e464f76fdaca159a559f836baf578c4,c93ceb6ae14f592f5e95a9f3437dab8942cb6921b0b3a01f4edc397a8855673a
137_coauthor_odd_count_kna_t1_rep1,287,0,odd_count,,1,2,64,3,250,962466428,coauthor,137,1,coauthor:creative:e3152d380e13471a91d31ab07f01255c,0,fb8393443bcbfc43ac29a99ce0f63a60d630bbefdc338e3fee787a7e2b651146,35fec93e0ce524be09c9636bd86d0634fa721131212b6828a21c1f8014c376e9
138_coauthor_odd_count_kna_t2_rep1,288,1,odd_count,,2,2,64,6,375,1395920934,coauthor,138,1,coauthor:creative:29001da80acb414d8683c660e2e091f2,0,259172703effef9a80bd9505afe90e0d79b3b62588f6e4da8051bec6dd77c155,d5c414840261b74404e4931f668f3679ed23d9334d76931d6f6f57be75d3f710
139_coauthor_odd_count_kna_t3_rep1,289,2,odd_count,,3,2,64,8,500,427978413,coauthor,139,1,coauthor:creative:48058b31f2ea4797bc9dcc40ab9ee2f1,0,caa81581e8726b4901cccf53ed226afac715118b2eefefdcecfcdd0864263096,9d1a3f1ada16fe08f63f3e70f69c973a726a42300f43a4fda0c86db4fd34508d
140_coauthor_odd_count_kna_t4_rep1,290,3,odd_count,,4,2,64,10,625,57070794,coauthor,140,1,coauthor:creative:ac0d02d15e164314841ae2ce49d2b2c9,0,9df1695ee519a1c5613fae119c8661d81117df66d33ce43825f5abe9a3263eda,9a02be6a90b3a8352031658f9e0a386be23568cb787c36a73f000f990e15c5fc
141_coauthor_odd_count_kna_t5_rep1,291,4,odd_count,,5,2,64,12,750,1546616717,coauthor,141,1,coauthor:creative:b0713959bffc46e893715684d793a109,0,c3ff7c99cb90f7e4b39225fe99c5a7e760e3de1a3e7627c24607699878243fde,050725a65695b85a2cfc64249c234f7acda909d83ea7a99088e5d6d8d6fc3a62
142_coauthor_odd_count_kna_t6_rep1,292,5,odd_count,,6,2,64,14,875,103504639,coauthor,142,1,coauthor:creative:d2c71212ed1446a79b5d404def4239a9,0,6479d1c908918e49073a08933b0ec5b1f6a594ea0be36a2287d983a63b89417f,e1d6ae8cd132ae26da30fa114110bf9726c34c731f2cf9d174bf6b23f237f666
143_coauthor_odd_count_kna_t7_rep1,293,6,odd_count,,7,2,64,16,1000,2137117886,coauthor,143,1,coauthor:creative:5c524b4889834145ad435d84415f457c,0,656ae9f3c23dd13b4db1c853977935f5734556428827b4fcd125ad161d69a4f9,ec482c32dda92bfcb4cb465034773723fcba098e31203aa9e6d7b49f95d9e729
144_coauthor_odd_count_kna_t8_rep1,294,7,odd_count,,8,2,64,18,1125,2121816246,coauthor,144,1,coauthor:creative:87396211fee244ccbda4b0f4bcefc8e9,0,b6d2319965bac4120c31e7053662ea9bc29c4a5bb1c8ff8127eefeceab1dfa56,0877d492b5eaff608b8e9592739cb3f9d7f608835c55f9eb0e083ad82b8e2e9e
145_coauthor_odd_count_kna_t9_rep1,295,8,odd_count,,9,2,64,20,1250,763913707,coauthor,145,1,coauthor:creative:88daaed513824fbd9c77746eec7862d9,0,f17ed5028e1761a73da34df085042f5f0ca8d36f6ee867abf0d60b25b4496bfb,8dd119ffe88b0db282d37fb1b8a0acc4680691edb2adea84c9f61f15da44bea2
146_coauthor_odd_count_kna_t10_rep1,296,9,odd_count,,10,2,64,22,1375,1969588650,coauthor,146,1,coauthor:creative:b110df89e00549d39910dc176a617be7,0,1e49b1e3d5e3f2a085c4defa51b3a405c18a7821c22cf6cfaa0833e3ffc9347c,3ec2bd04da4f1c3eda7eb94221e30c132d648cce525b1c6bdd01d3148dc6f87b
147_coauthor_odd_count_kna_t11_rep1,297,10,odd_count,,11,2,64,24,1500,868847341,coauthor,147,1,coauthor:creative:b153dcf4dae74acb8ebc70ff937ecccf,0,9a60c6b43ce6ade72864d4ba05847153f93ff094b77a086afa73b5102488ae92,280451e36bce056835b6b10059b971941fabb3bafa6da0b001ab3f1e7cf23b10
148_coauthor_odd_count_kna_t12_rep1,298,11,odd_count,,12,2,64,26,1625,1654665861,coauthor,148,1,coauthor:creative:5370cd5a21e94475b4768b176e1014b2,0,9133af0026b6c1038ab14777cf4b664040d260241fd0886c8163234b83bb8d4d,f620a316e3d5c97e04023b8fda97abba14b51856bd7b6d388a32091b1c4c1da5
149_coauthor_odd_count_kna_t13_rep1,299,12,odd_count,,13,2,64,28,1750,1171247615,coauthor,149,1,coauthor:creative:773aa615d24d4471911f2e43e9081f71,0,b7b9c174090879b1fd716e125c86d09aea21aac282977ae5482471b9c5e3c3b6,8a5fc92255e04ddb4e39514a2f593097c755137d42752688d7f80cac779b245e
000_coauthor_kth_last_k1_t1_rep2,300,0,kth_last,1,1,2,64,3,250,1093971734,coauthor,0,2,coauthor:creative:d4d4847e461c42888c2357e8d8f268b3,0,0eee349118aa2ef920aa48ffb1e0b7975cd9fc6e979aff55b598efd31db120d5,32642e35b5cdb22d25c4ccb94c1253515a95d2062b9829a51791e50cd7542667
001_coauthor_kth_last_k3_t1_rep2,301,1,kth_last,3,1,2,64,5,364,1297718358,coauthor,1,2,coauthor:creative:229fee620c9e41f3bf737ffa9217b3d3,0,4f8184aa2f6ae0f92f642bc69843b6d0a598227ee5bd1ffd081b954dd02030bc,6e71a6b3de1694c5fb93c7b02369201baccee571f0d40a9431c9437b9e3bddfd
002_coauthor_kth_last_k4_t1_rep2,302,2,kth_last,4,1,2,64,6,418,1634466675,coauthor,2,2,coauthor:creative:a8cf086c79104dedaf0894b6ae96411f,0,46e4fd9dcb574201ab9417a1f5af26a83c703c344bc4f08d6b20b0dd91ef6ef6,fc668b2238f2d2068bd1d69f68d521903f8d33703b4109d1d05125eb5365a533
003_coauthor_kth_last_k6_t1_rep2,303,3,kth_last,6,1,2,64,8,520,784852011,coauthor,3,2,coauthor:creative:d7e61761eda64607b4b1232dcc09bddc,0,ed470bd4071f09aaedb650e1e12eed4f9e91c6134bbce3641c28ec8ffb549b41,619bad436f5b0db9a5c82f4e1bb75a1999778cc5924b3efae3c67c75746337b5
004_coauthor_kth_last_k7_t1_rep2,304,4,kth_last,7,1,2,64,9,568,1713130417,coauthor,4,2,coauthor:creative:3461ee41df7f4f5fa584f5ae04b3ba6f,0,d47c36e070c430831e5194603664167130f91baae147f799177890e764e4411b,a39c495de9140ed275ea6a8c941329b7ae01034e8232155d2fa96dd398b57ef4
005_coauthor_kth_last_k9_t1_rep2,305,5,kth_last,9,1,2,64,11,658,2093612459,coauthor,5,2,coauthor:creative:240b61c1abc24288a19f6faa9909e719,0,311d91d6d52ed5a047dd72c2d71dce7d7672308698be1562e922af87cb25ba73,a1342b436e4d2edf6d60ed6f702579978eae9bfb7c163662f46de319a659d418
006_coauthor_kth_last_k11_t1_rep2,306,6,kth_last,11,1,2,64,13,740,1012588212,coauthor,6,2,coauthor:creative:2b34c5a6b1bd4256980b6a3e8ed3d196,0,c1276a1a9db38f65987947df5a49630385b7f3412aba4906556d2b7318566cdb,5c17debc5b6a315d12181949c15c54fce9c3ab905a753d0af1fedd4d279ac585
007_coauthor_kth_last_k12_t1_rep2,307,7,kth_last,12,1,2,64,14,778,758370561,coauthor,7,2,coauthor:creative:95a0ce79d7ed4a77a0981c522b3deda7,0,f67a64f1b3ad8b78babf01f85cb30a877da70f367741b390cfe2c3ea05484f5b,d86c64bc1a8325a1bef8faa63fdf7ae3d8dee20426e839094c62b682cc5ff647
008_coauthor_kth_last_k14_t1_rep2,308,8,kth_last,14,1,2,64,16,848,1158982087,coauthor,8,2,coauthor:creative:46be40f9d65c4a8f8d924ac992f81376,0,b94f3be622d32a19d4648444fba7836612c319eae1937c8cad6162ad447cc4f5,3e8dc9ca6f0d36f8556e4212906fe765105833ea19ecc66220b9cf984ea9186c
009_coauthor_kth_last_k16_t1_rep2,309,9,kth_last,16,1,2,64,18,910,1132233823,coauthor,9,2,coauthor:creative:2b373ca5921e4e2c8114e20114f04de8,0,e8255964e2ec70c2df0889693cadb2ef058465014e0b2028f0d4df2219510f4f,a740f98e72ca877b0d73d8f4b1efb54f21c33063faf86ede8083da62c964555a
010_coauthor_kth_last_k17_t1_rep2,310,10,kth_last,17,1,2,64,19,938,1166507504,coauthor,10,2,coauthor:creative:af65522335f442adb473691320ba5f09,0,dc97d8482ece434c3d8f61214ffb2c1fdc6631b6087eb1700ec75d30334c4d1e,869bcf95cae1bbc09666ac2ad69d909928d468d91a7b8da1ced891c20525ed31
011_coauthor_kth_last_k19_t1_rep2,311,11,kth_last,19,1,2,64,21,988,1264282280,coauthor,11,2,coauthor:creative:3a2ebf0908de4181a06d27b93f0ac07c,0,65d76ba24eea347f872c10cce8a66acc6a3a84f0ae5b986d4dc148a47b863ca0,573566b11edecdd4db3df665090fb21814723bdf051fe591754a463b8ff203e6
012_coauthor_kth_last_k20_t1_rep2,312,12,kth_last,20,1,2,64,22,1010,1744230690,coauthor,12,2,coauthor:creative:126ae6528ba141a58f932a3ed097b47e,0,a882294f6e7adb3645f7bfefa86ab0b63271914e74d0a3849ed02c412c1912da,4280b835be0015dffa365e96008328edd892cd2786b4d2e9ee04f1880730e632
013_coauthor_kth_last_k22_t1_rep2,313,13,kth_last,22,1,2,64,24,1048,562047961,coauthor,13,2,coauthor:creative:dcf41dcfdb0e4a98949063447b455792,0,532930f992f83971fa38367953297b45da13f6388ef4ac54a7e09ad902c567fd,6ebb022ae6001c5644449f02807062f76339c8c41b14ca8fce7aae28e57b91ae
014_coauthor_kth_last_k24_t1_rep2,314,14,kth_last,24,1,2,64,26,1078,662853668,coauthor,14,2,coauthor:creative:e318e17b6c344ab0978c44c9cfe1ae82,0,e899d91a56695ef1038b56fcdf7c90fef16e0d2206800a951b77864c62a1df3b,f2ca11e7e241781db7985c8c95cb42f55400b578ec9dab2b6ca3468e111109eb
015_coauthor_kth_last_k25_t1_rep2,315,15,kth_last,25,1,2,64,27,1090,524470009,coauthor,15,2,coauthor:creative:be2644ed7bc34c438c36bf80db400c9c,0,4d540721a4f4386169be471245e3acb5bf28544b35b7d1497e7646f64347800a,06ec31492d7bc1245689ba7cbaeec006113def2a05fdbf182d54374f9922960d
016_coauthor_kth_last_k27_t1_rep2,316,16,kth_last,27,1,2,64,29,1108,1854559605,coauthor,16,2,coauthor:creative:4542a8d2310247d1917ff1c79ac6171f,0,07ff5cbac4056e238eca7ef6d6f67d161facb51edbc233d0607cc286c1137b53,f14e141fccd2b49f3b939f5084761d6ddc207123d1a92d2acd647fa135d946e7
017_coauthor_kth_last_k29_t1_rep2,317,17,kth_last,29,1,2,64,31,1118,1293793450,coauthor,17,2,coauthor:creative:2498ee9c53db4a8ea651ea2b95501ef4,0,e4843161fc3ac4bcd2b322ab8fc9ac95eeaea9d8291a86fe966463ae95213e61,c032525b9002b77978547d31cbfa7d5fe069a5d171b0bffce3e99fd57438bff4
018_coauthor_kth_last_k30_t1_rep2,318,18,kth_last,30,1,2,64,32,1120,2043818745,coauthor,18,2,coauthor:creative:112e8b0e22094577ae3e513d70f78432,0,48e52dcd87db864eb254c0e2e47917843ee48767f4e9379de542599a7de99744,54536997a4c808a2bf885824886bb1f8378bcea53106fbbb0c4f2ea1e5efa236
019_coauthor_kth_last_k32_t1_rep2,319,19,kth_last,32,1,2,64,34,1118,163077706,coauthor,19,2,coauthor:creative:adac0650634f4228bdd483b8ce1f52ea,0,dbf8b247a14c2e197ecae9f2f865d3d450fed38d05f5843868fb701419dbf5d9,031c70cf2f9668eecede3e09d0220aac4ad3a996f2e0e95fd3c0caf7c7f61038
020_coauthor_kth_last_k33_t1_rep2,320,20,kth_last,33,1,2,64,35,1114,1531523898,coauthor,20,2,coauthor:creative:40d132e1bc0146c0920d7b38c5b9f7c7,0,2b0cae10190f6855394dd1994b775df604df76e0c580e19a6ed28ac01d4afcc5,23c39f40b665a4ba83be32f12e287e784eb27a15868b55ea3630f7727138df7a
021_coauthor_kth_last_k35_t1_rep2,321,21,kth_last,35,1,2,64,37,1100,515461096,coauthor,21,2,coauthor:creative:b322b1fa853a485b9d03d790d51af585,0,2a0ca6e78b4e4b213fcc30af35987efd822c32822bced49ca7d75dab47891324,a1fa8a7c322ea6dceb8f78ec349800bc1e1b519486a43e615e29b21d662e49e9
022_coauthor_kth_last_k37_t1_rep2,322,22,kth_last,37,1,2,64,39,1078,1655160903,coauthor,22,2,coauthor:creative:635b514b259d47f2b474189aeea5e5c0,0,551802f7179976679e6535a3c9efa1533e6160af7f9cf2cb1ca0113db09d88c1,c6daf4e004eb782d8637e365129758a7b0ecf3bf2af7c16ef0492fd61137fa8a
023_coauthor_kth_last_k38_t1_rep2,323,23,kth_last,38,1,2,64,40,1064,1521807441,coauthor,23,2,coauthor:creative:dca80ac7cfd148638a9c0f4b027f720a,0,50401706739b5934adf712e5f8d97c9698a32a28108dd305ed2835e9c06d7c6e,928c52beb08e4fdd83a90e6eddad68cc8763f84101c139c9adcd1f7572a0495e
024_coauthor_kth_last_k40_t1_rep2,324,24,kth_last,40,1,2,64,42,1030,1111247047,coauthor,24,2,coauthor:creative:8db452c23eba4955b778ef8e1f992d40,0,5550a69954dc9b5d21674f246a0b6eea7fd6529229aa77f89ea955cb5f6fb75d,7830ee0f19849e091dbd5bb8ee380085de251d8865f729b95840d4f097e76617
025_coauthor_kth_last_k42_t1_rep2,325,25,kth_last,42,1,2,64,44,988,607621670,coauthor,25,2,coauthor:creative:c99f8c2465da42cc91498fd9d99e360b,0,f68c0a4233ca2e83588c9a7d2117bface1047213c3f81c4e5a00cef3f1f9d182,320622cd128a17581895899bc9cc381fc28900c6004025edf1425495759aa777
026_coauthor_kth_last_k43_t1_rep2,326,26,kth_last,43,1,2,64,45,964,82745365,coauthor,26,2,coauthor:creative:1f9525eb67504ccd8167402a950cdf1a,0,4099254caa976f7e3d350f839fdced7b0a624cc2c3e4557098ac511f6b8ea05f,0a572e8c04bf0428fe247952847137759d0e027d81773ccb479daa9e399ac61e
027_coauthor_kth_last_k45_t1_rep2,327,27,kth_last,45,1,2,64,47,910,1576635075,coauthor,27,2,coauthor:creative:949e2852c2a74afa83eb332ccd301159,0,4e63fa351c6b402a9acbbdfc2f22f9b32b8be4e5a0274a62a3849e748ca2af41,571f2392406ca44ab6aa290caa6c32f30e1bf9c00ff805f665e0d4801cfc9b04
028_coauthor_kth_last_k46_t1_rep2,328,28,kth_last,46,1,2,64,48,880,1426043565,coauthor,28,2,coauthor:creative:641b82584ed44b07b06840e2d0d9e75b,0,34e02645c6d7c48c7e82ed1e7851509334d1451ead0be5ddfb74a7db4e3d10c5,99d38976e7bc21a39fb32f6b48e1cf284fa48031d0761d01a788359e60b96fd4
029_coauthor_kth_last_k48_t1_rep2,329,29,kth_last,48,1,2,64,50,814,1061642980,coauthor,29,2,coauthor:creative:9ec1e386d2494b958378ef3035ca0fec,0,1b420b492a28241ada0a6d1d7c3389d0e882c7201a19fbe519b5dfad990fa879,3eab6602bb75f33ff7f68da2e894b1e3c380af436d920028f3c91eca133a3c53
030_coauthor_repeat_after_k_k1_t3_rep2,330,0,repeat_after_k,1,3,2,64,6,432,197675530,coauthor,30,2,coauthor:creative:ba6d32a6c29a4bfeacf1e25a87a1f804,0,289bde55f534a1b0c76e3d07f75aa35fef5462f2eb764d1f64cdca0185487b8b,2f3dfce13bcd4369123b848bb97a7f5e3ab7dff660ad49b78b63c141b18aa338
031_coauthor_repeat_after_k_k2_t3_rep2,331,1,repeat_after_k,2,3,2,64,9,608,224789201,coauthor,31,2,coauthor:creative:e2a81dbfc6e7456ea4bbf9f8fd279f86,0,9802dc1430aa6038135e6f64e42bbf02b5531a5c9efa3f8ec5a74a4c5fc2ebb3,212311abcd42bf0777f3ef6ce9cc031d79cf3c6c26e1c25dd76f6890eca01169
032_coauthor_repeat_after_k_k3_t3_rep2,332,2,repeat_after_k,3,3,2,64,12,778,287012368,coauthor,32,2,coauthor:creative:2f8c2905bd764dd1a70ed96115e75edb,0,24abe0f507de8fb83c1a73123be4592c38548d8e4ef62b6dc6cdc31e4e9cb7f7,46eab8f8c546ac0be4898fa86618a5e4fcbb941a2342cc81ded8bfd6430c800a
033_coauthor_repeat_after_k_k4_t3_rep2,333,3,repeat_after_k,4,3,2,64,15,942,1920449622,coauthor,33,2,coauthor:creative:5265ab6df085473795385139bc7f821a,0,918b616b35baebf9b24cc53ad480a2c2eb8d240b8ceb0538c5074af2713ca7cb,f0d14796a58578f777f419386e6c9d6c6947c2e4162830a91a082990530cc39d
034_coauthor_repeat_after_k_k5_t3_rep2,334,4,repeat_after_k,5,3,2,64,18,1100,1267946474,coauthor,34,2,coauthor:creative:e34e7611bef74a0aafda89752af534f3,0,60879f08110f11d60cb1e02eb19a520b86d28538ad8027281ece2f7f7a24607c,6c6c8919c51dd88f470a211e4364c82bf6e8fd3773f1e2e1291b79ca81a1084f
035_coauthor_repeat_after_k_k6_t3_rep2,335,5,repeat_after_k,6,3,2,64,21,1252,836733471,coauthor,35,2,coauthor:creative:d7dd51e0a729428f8419480e4d8da32c,0,471deecb303f3eebfe6bcb58afba9e4ab2a93d9270d1d0ab0ae2c58d7428c591,dc56e4555487bc7b066f8a3b3f8b11a688e4942c29e95a10a41889c4cde7875f
036_coauthor_repeat_after_k_k7_t3_rep2,336,6,repeat_after_k,7,3,2,64,24,1398,881157313,coauthor,36,2,coauthor:creative:17e61e6248cb4b1fae8ea73dc6bd70f7,0,47293ed79a76445fbb852ffd5e3c406de106915eea2b36c3d2e1697f9e49859e,a9775669b8fe0e89c16804285b507dd12e2797e2bc3c097d04091544ae4d3f6f
037_coauthor_repeat_after_k_k8_t3_rep2,337,7,repeat_after_k,8,3,2,64,27,1538,281628689,coauthor,37,2,coauthor:creative:9d363533d9734263b3feda158f5cfb69,0,533df5d5aa7d15e80a524ee50d1f7b468fe172feebcfae81ce831a9ab3100db3,5f4eadca3602166cb052f489e26f5a305d230a392b997c1668b98d8dc3886a44
038_coauthor_repeat_after_k_k9_t3_rep2,338,8,repeat_after_k,9,3,2,64,30,1672,1649726569,coauthor,38,2,coauthor:creative:65002bc1af0b4d27a1b05e85d0090955,0,d08d7fd1a32832b1bab1bec2327e275630ec59a9cde570366ec8bc16bf144921,8792c0fc6fdf25abb007b2ee8ff1d1411bb7aac8c0daab94473ba8ef85be3552
039_coauthor_repeat_after_k_k10_t3_rep2,339,9,repeat_after_k,10,3,2,64,33,1800,619637702,coauthor,39,2,coauthor:creative:b05576e3cea342e6a8a9c460718875b0,0,a6f3ca19744bf8060918cac058b948dff8e23249490c8e4a4f93b8107ba537aa,ce96fd8b282188c9de538e2b2bcb0f4b5c95e4ae25481e1d96576439969922cb
040_coauthor_repeat_after_k_k11_t3_rep2,340,10,repeat_after_k,11,3,2,64,36,1922,658167133,coauthor,40,2,coauthor:creative:b93e342180e34c518e2ff42b2589a68e,0,021578d2bd222cb1abc2293eda8a4ccabb2c53abe335c6019080442c3605c8ba,6727211b7cc449ad340a3e81ae92503b331a66a4162843bef9a7125b5d7fa217
041_coauthor_repeat_after_k_k12_t3_rep2,341,11,repeat_after_k,12,3,2,64,39,2038,336175932,coauthor,41,2,coauthor:creative:8be576f5a9fc4388bb4a608282382fa3,0,0a1805e1fdfbf4e82ba75f931ea56595dfe5da6bc1dbdd02ec5125ecc01e99a4,45e909f1f65c8389d5f2ab47ca720f9c2e948f74458476d85994e75f415ab83e
042_coauthor_repeat_after_k_k13_t3_rep2,342,12,repeat_after_k,13,3,2,64,42,2148,1581284402,coauthor,42,2,coauthor:creative:e94df2820e7644688623158f859d77ec,0,6b22bc5b01622d50584bc41fbedac1e26c4dbb811475afcce1c33713ef8b9666,eeac3a962e7af69f746fd0c7bd6870e0a30a0369d3418bdc048de3686532a4a1
043_coauthor_repeat_after_k_k14_t3_rep2,343,13,repeat_after_k,14,3,2,64,45,2252,1416049366,coauthor,43,2,coauthor:creative:c326ab6f04ca475a93d6322122ee6eb0,0,535918b4d97c079bef92ae3f5967a2433853a26ed8b2bf2956dfc5ca1547e24a,616023d2b1cdf81a8e46723c8b3c3589e1f8612053d8aa2e8caf14c1be386540
044_coauthor_repeat_after_k_k15_t3_rep2,344,14,repeat_after_k,15,3,2,64,48,2350,2015939197,coauthor,44,2,coauthor:creative:29056a31430b414582f488535aa0fe91,0,6a5b10f1480836818c0bd2a6328149494445a83aa777dde3fe0dab1ec8600e67,9beacd649513910ad9ef4530804d67c00ae9303d89cd0c8f4e9fc3f6322245a0
045_coauthor_any_token_at_least_k_k3_t1_rep2,345,0,any_token_at_least_k,3,1,2,64,5,364,764490381,coauthor,45,2,coauthor:creative:d834599ff4cd479489143ebe24a94bba,0,b38e607e64f1d57b7c68f5e27cc820761ddef1824b6b2578be0077d8c4cd9061,b608af669548f0dca7f331d536aee693a3962c580336ad23245badc2de2cb195
046_coauthor_any_token_at_least_k_k3_t2_rep2,346,1,any_token_at_least_k,3,2,2,64,9,546,1337201635,coauthor,46,2,coauthor:creative:473095c2040f4c049e18e41e3c887784,0,36ed02c2398bbd994ec5733ff4ab1cf90e59944f2b43ba33f5c7dca901ea1672,01ef51c94ea02a8f93308f2206c433750a1c96f80d7bf79203b8254e37fe613e
047_coauthor_any_token_at_least_k_k3_t3_rep2,347,2,any_token_at_least_k,3,3,2,64,12,728,1593160881,coauthor,47,2,coauthor:creative:7f9c5917c21f49ffb83d155fcc268ce9,0,ce51ff0bfce2e64cd5c662bf1e7d4e9ad166e67770180a06d9e059da92a86d0c,697665a1e50875de43d3fc9190bae11b0bf9b3f1d23c82dde31301092702d8af
048_coauthor_any_token_at_least_k_k3_t4_rep2,348,3,any_token_at_least_k,3,4,2,64,15,910,1382260424,coauthor,48,2,coauthor:creative:ea11db08c0dd4477add459779396a29e,0,286246fffec0c3151da020e86ec7b5ab186d0173695ec4bcea57faf8ff96e276,e9ab2256c90cd35495e25ead847ed82331679c9b4f6cf03a92f467bc602415bd
049_coauthor_any_token_at_least_k_k3_t5_rep2,349,4,any_token_at_least_k,3,5,2,64,18,1092,1277540044,coauthor,49,2,coauthor:creative:7834dec912b34643afb92b7c3648a3fe,0,73d932083cf7aaa47d1eaba630f99e5fd369526e8864c1460e53be0b58791bb1,2774ee5c4536a4ce16c41f28327337ce9e7da5dec6fbac63ec26d8e755138381
050_coauthor_any_token_at_least_k_k3_t6_rep2,350,5,any_token_at_least_k,3,6,2,64,21,1274,843923608,coauthor,50,2,coauthor:creative:51811494ceb647a8aa633d4c7c3e089f,0,326282fe2de01a2d7a98c10389838cb37c6e4072be3e03908e7a3a15e0d36929,5f5ef48f7be0f132a64d861cef7b96daa27a21c18db8bc9f5646a410fcf214af
051_coauthor_any_token_at_least_k_k3_t7_rep2,351,6,any_token_at_least_k,3,7,2,64,24,1456,1754035139,coauthor,51,2,coauthor:creative:1c7dcfd367a343449113516e395fed55,0,68dbe02c8282c3b3d9b984205dd26db0b0c56d5ff903e8da40b6c26895971546,4cc98d2c386efa49f631047cc82a7e799baa251204fa2a183aa5c023a5c4357a
052_coauthor_any_token_at_least_k_k3_t8_rep2,352,7,any_token_at_least_k,3,8,2,64,27,1638,1777187386,coauthor,52,2,coauthor:creative:b123d6c29c8140b1a464b0402923dbad,0,a4161d260fc4227746ac07f1f64880bbecd80b5a6ce3f40bfe5220ae4d63d082,bd53e3e7a2a70209fc9271a4de22fcf2899880a2b9d024240a6372cf570e39d9
053_coauthor_any_token_at_least_k_k3_t9_rep2,353,8,any_token_at_least_k,3,9,2,64,30,1820,2129138711,coauthor,53,2,coauthor:creative:f8bc132e150846b18cfe36d6b9ad5ca5,0,280b099f29e732189d3a26f0500c3c2bc0feabf069ca211358f7afb4edd47c5c,39fd85a77cc80ca45cbdbe425504e6c4a9c5229f9b26f050bcc67ee04f4352f4
054_coauthor_any_token_at_least_k_k3_t10_rep2,354,9,any_token_at_least_k,3,10,2,64,33,2002,1074622705,coauthor,54,2,coauthor:creative:29e036276257406ea2b37fd5e71a56dc,0,b2d0e54a180401f1db9e0fe2c3c3c34c3cb8d72ba658d01684d87dbb97ed62fd,492901faeae2acb42046131e756cb73f2b951048453a63bc427d9611fda05f05
055_coauthor_any_token_at_least_k_k3_t11_rep2,355,10,any_token_at_least_k,3,11,2,64,36,2184,74759147,coauthor,55,2,coauthor:creative:37937cc84a7f43338e5c5b430d566b1f,0,e09cccaccb7ac3e8651cfbc89b3525a2cbda59251506dcb04e02a0dbf30aed98,d888b6f0d16fc4d3116efc7c38bcc9218f29421584f70b4cb045fdf40a12b103
056_coauthor_any_token_at_least_k_k3_t12_rep2,356,11,any_token_at_least_k,3,12,2,64,39,2366,1690639903,coauthor,56,2,coauthor:creative:80e39947253d4491a8b294de724100f0,0,874c483af6be8b04452fff9f59b6136099ba258ef07c45674d37794c8fbe20c1,a3faf5de4bc66ccbb24d559e29090fe9882bd5246c65f20f31cd66c00a736d91
057_coauthor_any_token_at_least_k_k3_t13_rep2,357,12,any_token_at_least_k,3,13,2,64,42,2548,1401677075,coauthor,57,2,coauthor:creative:309c885c1f7e483681d807a14b36c831,0,860592c4e7ac4d80b61914147570279c8de0c8da4b911d7c59488974b2d33dde,33511a4484b8f3b0c7ce741cfa8a0fe5c536eb5e9e680a2ca80e236f7551061d
058_coauthor_any_token_at_least_k_k3_t14_rep2,358,13,any_token_at_least_k,3,14,2,64,45,2730,2088004190,coauthor,58,2,coauthor:creative:8d145264baaf4220b2848a60447cfd05,0,58526c80bd5298a8c034e871439d07b7cfe6f5a030b6b23b8d1a90c06147a89b,1bab55f07fa03386c8a283e6f535dfdb6beea041d27eee5d5ede1f6edfb04af1
059_coauthor_any_token_at_least_k_k3_t15_rep2,359,14,any_token_at_least_k,3,15,2,64,48,2912,595158553,coauthor,59,2,coauthor:creative:41ffccaa38ce49639429028d4cc1f1e8,0,f8551db75d9c2dff13c346a89d49103f9f4f72c205d9246a9e7f5cc85d83636c,8651f6dd71e953f0c8727ab9a4ee2cd2b6ca6e652637a063b2ece41e0a6b356b
060_coauthor_exactly_once_kna_t1_rep2,360,0,exactly_once,,1,2,64,3,250,627403493,coauthor,60,2,coauthor:creative:b7ba03e9a46a46b79e31ff492b20c30e,0,8e3cabe7816f7c7389f4fc28c53b1cefbca4f6215426e3720f60ec66f655c7eb,4e0392090382aed65406a5724e6d83c1bbbd0808c341ee3ead1433f547ecdb18
061_coauthor_exactly_once_kna_t2_rep2,361,1,exactly_once,,2,2,64,6,375,318389719,coauthor,61,2,coauthor:creative:0ae783e63f2f485a87f61b8159276c57,0,6d1bdf7e2474c719ea939e5cfeb9058dbdf238059e74324ae6990e8e37c6d43c,6b1bef10015378ec8bc159674f6e1ebf4ec798f0fa2338e2302346a03c0fbb50
062_coauthor_exactly_once_kna_t3_rep2,362,2,exactly_once,,3,2,64,8,500,1749306589,coauthor,62,2,coauthor:creative:e096014a9fca4d608a0f1c611e57fe2f,0,1ae04d96359c0d276bc40434a76f390f4fec6c4c88e9c58ceb1cbebc4704896e,29790b2cdd0de867f7c6c375e30e332dd91d474f17425c014295c45e653dd7bb
063_coauthor_exactly_once_kna_t4_rep2,363,3,exactly_once,,4,2,64,10,625,167184041,coauthor,63,2,coauthor:creative:9750cd5d84274f9b8135be2e8fa8cc6d,0,df9a0735a6796c5c9281f2685df62d41fe405e8a056d0a911eb11a7c1b6c84ca,d1c9a3b19a9ab3cf314af308cd060c182bbbcc3bba42e5d94b6762f111f86bd5
064_coauthor_exactly_once_kna_t5_rep2,364,4,exactly_once,,5,2,64,12,750,2041181244,coauthor,64,2,coauthor:creative:e257561129954362be03dc09727ad7a8,0,e1037be54b10a0f1a495f9b1d240e4bd26d8dd811fb4a93b9389f80d167b04b4,30bb15f1f10dcb0a6eb09982d11cf5e036f52b9d3be7fa679a239e908ecb641a
065_coauthor_exactly_once_kna_t6_rep2,365,5,exactly_once,,6,2,64,14,875,1203003413,coauthor,65,2,coauthor:creative:c5166a329a9c45f990a5d3c692d7faa0,0,a03e489c1b906e444d88b23581e7280b6b390072cfe69bcea387a881d62b93a9,71085461e91ebf2a6d6785a1e4ec69783d0912bcd72c852e8ad0dd7710e47eae
066_coauthor_exactly_once_kna_t7_rep2,366,6,exactly_once,,7,2,64,16,1000,1498587352,coauthor,66,2,coauthor:creative:200b5a62bded44f6ba8320c117bee58a,0,22fc8e97c8671c74ab7cea15b22c0ec48fff7688f2acf2b6abed15f496de3feb,1e0b37c98a046624ff8a246d9c19e01d56f9ef1feaa4a2e48c2e4f26219f28c6
067_coauthor_exactly_once_kna_t8_rep2,367,7,exactly_once,,8,2,64,18,1125,1971707270,coauthor,67,2,coauthor:creative:ab54a76d5f3643ca95b0a24783f26921,0,cbcfbf5961f542625f49ff7e21c00ce759b6c995cd24fcc18fa3c3844826ea67,ea8527a9ca401cd04acdf01ee1dc6b3db323fc633736ff736cdc29d407e23fff
068_coauthor_exactly_once_kna_t9_rep2,368,8,exactly_once,,9,2,64,20,1250,203661594,coauthor,68,2,coauthor:creative:893f5fa336ac4092b1d4efe6c91ef24f,0,889b8565e234ccdbfb67dcef5ed14a9ca9d86dfba111aa70ca46e0c564c4d662,c1467b3b6624e5c2039fba4d8247814517af2f96c2b6c76f3c22ba5de67d472a
069_coauthor_exactly_once_kna_t10_rep2,369,9,exactly_once,,10,2,64,22,1375,147400736,coauthor,69,2,coauthor:creative:a835d25a742840db987cf1fc4f877a98,0,dec23b0fa7de368caa66ccfda05ccc0c4642cab6abbe142b6cb0344a952f60af,ecef51f2716958246690a13ec84a427204a186ce713eb89f892b9de25f84d56a
070_coauthor_exactly_once_kna_t11_rep2,370,10,exactly_once,,11,2,64,24,1500,478886163,coauthor,70,2,coauthor:creative:2d9bcb435a994711829fe6b05f256fdb,0,bdccb57d5de696a085bc92239e8747b5b08024a911ae66c7da5954cac02488c5,bea3be0587b6db620cde8249412ffe8480283e711993e123f96982cf02156b86
071_coauthor_exactly_once_kna_t12_rep2,371,11,exactly_once,,12,2,64,26,1625,647228559,coauthor,71,2,coauthor:creative:f0b4803428a846c6b22e2d420e980a33,0,d1f579596998e19af78a9769d681676008bea2a1a7d144511766a28c7316610c,cb8b9e6046c999a98efabcf54f2695b70c6823fc84deafafff298340bc4beea2
072_coauthor_exactly_once_kna_t13_rep2,372,12,exactly_once,,13,2,64,28,1750,1720919723,coauthor,72,2,coauthor:creative:1a94f1f656ad46d4b58923212e41cdeb,0,3d302da122b8af25c8ca52092b27cd62f995ca3b9e054ceb4c97c1167830a976,f670ecae0ac6e85872bdd1878fe588562afe032b05e91e35716651b231c579ad
073_coauthor_exactly_once_kna_t14_rep2,373,13,exactly_once,,14,2,64,30,1875,1656631306,coauthor,73,2,coauthor:creative:a068c6552ba143c8ba4f378e49c3b640,0,40d85e2baec03eec4ac2012a711120251e516a7997f4e672cbac4efc7cbf35dd,82977ed521352e7645264b246a4f5e3e583d6dc1d138bcd1731a079e8f0e27a1
074_coauthor_exactly_once_kna_t15_rep2,374,14,exactly_once,,15,2,64,32,2000,193350707,coauthor,74,2,coauthor:creative:c68e3e04c564413fab31d6765cba7f77,0,5becd69d9e30cead8e7de7db75853e028164fc395c22fd007faa345487ab012a,a2c53f8f68b6c502becd12f04cc40889c7011f8c2bfd45d66081c540344533e8
075_coauthor_exactly_once_kna_t16_rep2,375,15,exactly_once,,16,2,64,34,2125,1007557637,coauthor,75,2,coauthor:creative:f7156d363a5d45ea9f0171bc468277b7,0,36ca4ffc86f86940afb7859472d73b89e13af369552a42edada36bb149b23ad8,d049b272ea71a017fc1492a179e0b72af1f04b53f9d156687dc99607803963a3
076_coauthor_exactly_once_kna_t17_rep2,376,16,exactly_once,,17,2,64,36,2250,327537182,coauthor,76,2,coauthor:creative:ef145d5c1ad94981bbea37ec48c4eb2e,0,2a4317fa526169625894e7c01fbcc1df7f752a205341deb0c5c1e8011f201e31,8c25ba06fb14a66fb0a85e567c74c3f6b54b298a067c130149254773dabf462a
077_coauthor_exactly_once_kna_t18_rep2,377,17,exactly_once,,18,2,64,38,2375,882599116,coauthor,77,2,coauthor:creative:1a50c197cf564bf88f386197d1f279d9,0,a58fa1f5f930dd0b9349373ee4947a4a721007e312b368e45a3b850570f2f558,7835acd69b24144da67d3e1fbfae78fa77eb8f92cb60f463cccb8a29a52fd62a
078_coauthor_exactly_once_kna_t19_rep2,378,18,exactly_once,,19,2,64,40,2500,1099492181,coauthor,78,2,coauthor:creative:1745a412b5cb4638b35b9f6f63eb3e0b,0,b6cdaac333a6e0dfd755d8ffeb7fca52f842012c35cbfed45e8b206dc66c2050,680e8df9af58f2ee013fbe1bfdaae16385ac5a9d0b693d6b43e1763824a25817
079_coauthor_odd_count_kna_t14_rep2,379,13,odd_count,,14,2,64,30,1875,260323849,coauthor,79,2,coauthor:creative:58e702b7c7e249a0aaf762ea10f833b3,0,7d8dbf253f8057e4093d4e2f471bed168ff9284deff5479d8a3eb3bca3b6ca1d,52d1881494c472762f01720c4b1a140f32001b9125c67f2ad5f7d45388cd8f95
080_coauthor_left_not_right_kna_t1_rep2,380,0,left_not_right,,1,2,64,5,308,928162854,coauthor,80,2,coauthor:creative:dfbab4c8263444ef9d9e9d25e3e581f4,0,7f1398ba7e5a7760e6fb141a716ef8638bfaeddc8fd1d9c93d337a7da7d871f6,e8f315f595c840c95015da3979a419b77b90142fbe5e318a2bf1a856de09b4ef
081_coauthor_left_not_right_kna_t2_rep2,381,1,left_not_right,,2,2,64,9,493,1330869869,coauthor,81,2,coauthor:creative:05b655163b1e4e38b76c2785a0aea5bb,0,9229d7be5fad5cd29482dd0b3e8aababac99f624d6ac37c94a7cbdb7accb1d4b,81287636fca4e698b4cae33ea8d0aa1c4c9b4c030e14b9e949f3ac111f1b6741
082_coauthor_left_not_right_kna_t3_rep2,382,2,left_not_right,,3,2,64,12,678,1119773552,coauthor,82,2,coauthor:creative:bf739551dea348c48635d2fbabb51ed3,0,70c80018cde15c1f95be4bea842661a3256cbceaffe1c24bd4d891c345e610d3,08a9361254674d3f9daf94da07520d247bfa90899c2a5998c4ff1ae01c1883cd
083_coauthor_left_not_right_kna_t4_rep2,383,3,left_not_right,,4,2,64,15,863,557666619,coauthor,83,2,coauthor:creative:2bb646dbeedc487c9bab6b1d5db5b5fc,0,fcd8181d118c1c0f4094c90f24cb6addcbb4acb608b79de5f49b3c7f7604bceb,f03f104341c61bc90ce3740f4deac6dbfa0a1b3c579e7462890804fd77a0ce9e
084_coauthor_left_not_right_kna_t5_rep2,384,4,left_not_right,,5,2,64,18,1048,408672559,coauthor,84,2,coauthor:creative:562cda138b314c97b21ba43f691b79ec,0,d6c0542bec22a2a485db4dbade6bf524f47f090b5a824e064bcfb6934497aebb,a88d7f2832ecec478db33724b09629fa48d688c1211154d8db4d6c9470ffd757
085_coauthor_left_not_right_kna_t6_rep2,385,5,left_not_right,,6,2,64,21,1233,2147337852,coauthor,85,2,coauthor:creative:3ab1ca63246449669bf1f7b9c90d379b,0,c2d7a60f308d8cd82d690f0749770de8c42ac87683a6332614209cf7cbda8dc2,fa18cd520bde49b9b20ea316ab3f5ac497c89d615d361c6931e0fa398c60d1d6
086_coauthor_left_not_right_kna_t7_rep2,386,6,left_not_right,,7,2,64,24,1418,2092830831,coauthor,86,2,coauthor:creative:7b2436bbf42d4c529fdcc62a83329e83,0,57d2b9c0e59ccb8a85d90d38c6220cdf185f8739fe9a5cb5b1efa608dbe1d08b,72f29b8e8d7fdc4bda00a30cb92194e8db918cd865110b3703c83b194904a186
087_coauthor_left_not_right_kna_t8_rep2,387,7,left_not_right,,8,2,64,27,1603,1104950343,coauthor,87,2,coauthor:creative:4eeea91c57b0425b9faf9bc4b74ec2be,0,c63e86c9c336f8363fa17727728a5e65ef6d8430a2a3842d631bd5f51f794d37,1d40a2ed963e006b0d0acbaf21f9627c67df1f0232c121372438e585859759ad
088_coauthor_left_not_right_kna_t9_rep2,388,8,left_not_right,,9,2,64,30,1788,1163069596,coauthor,88,2,coauthor:creative:3fdafca346c94f52ac5b9588a48e0a56,0,93e11bda9d3c766475e166a81a3f43e50688742210b6f20b5eaa38f199a88d4c,54fd0cad5cd389d8e37ba55cac6d0effa329f7cc7812c076810bb2a53a941596
089_coauthor_left_not_right_kna_t10_rep2,389,9,left_not_right,,10,2,64,33,1973,401630372,coauthor,89,2,coauthor:creative:f40b77ed78bc4297bd63c56ef412863a,0,930d1fa5233832c09f2b75996e589dc64ced5314af001aa5494e0c190758ac9a,84f6331dc5851eb4512b4ca413e696edc3c48eec013bfafd1bb30f6ea5976896
090_coauthor_left_not_right_kna_t11_rep2,390,10,left_not_right,,11,2,64,36,2158,1743393876,coauthor,90,2,coauthor:creative:67c022f81e3f415eae224f368cca7c3d,0,3998a97e954622a8e51a4c7b9b4197d98b2ec5c6f4ce7a154964e2cc454edc85,48cb060089f28b0ef1b13d0f128fc7a3411c82e8e5d28f1892facb42b8384c08
091_coauthor_left_not_right_kna_t12_rep2,391,11,left_not_right,,12,2,64,39,2343,1007000844,coauthor,91,2,coauthor:creative:208569acde5b49dda0ec25ce4c410975,0,d1fad437495fe71475a6f15bb6fdc33d36fad01818f0a03d9522524ab23c7bc5,2bf2fb62744a3f379d8bf617b63090b706e5bc6dd92270b3e92ab858304c48fe
092_coauthor_left_not_right_kna_t13_rep2,392,12,left_not_right,,13,2,64,42,2528,1155074635,coauthor,92,2,coauthor:creative:5929420aebc940789c58a72f8c8ccd56,0,59d2a065ed38b1fc4c28e94fb9ee28b1a615ec5cbdc7a7757d1621305062b29e,487f7935cfdeb918087230660659bdac1a14b7d22fb6e532210740d9ef107e97
093_coauthor_left_not_right_kna_t14_rep2,393,13,left_not_right,,14,2,64,45,2713,1319160809,coauthor,93,2,coauthor:creative:41f6db5de3d8439ebbd996c398127d53,0,6ab1e0a01718ad6722d01a145a678e15838c545e5918ff4d62b66d83ba818674,964eda9fa25609d2b6f8fbd45c1475d11b939011ce5129bcddb29b72a56acd2a
094_coauthor_left_not_right_kna_t15_rep2,394,14,left_not_right,,15,2,64,48,2898,655591910,coauthor,94,2,coauthor:creative:0a8e182a20df447db4846b1223c619b5,0,7f233b7f19da5220ed8bbd347e87b54c3240b10dae7c0f3e3849ecf1c7e59749,fdb3018bf82aa0e045b387d80900606c1bbbbe66f6b6f8be4285d7cd7c0aa09e
095_coauthor_left_not_right_kna_t16_rep2,395,15,left_not_right,,16,2,64,51,3083,1763446801,coauthor,95,2,coauthor:creative:6e8295cfe7b7425198f0d305a29e3fc3,0,66c6686aa34ad2b95b80e2f84e46828d3875c4be495d044c5fdabf3f9a566987,a9f8cc848f8cba6ff67bde44f14c8f5d30fae09e2b89d5ab5c8df88ecb28441c
096_coauthor_sets_differ_kna_t1_rep2,396,0,sets_differ,,1,2,64,7,432,287909034,coauthor,96,2,coauthor:creative:116ae37dd7f5497c8257767b81a72cf3,0,a082c0027804ac8fd95ccd30977963a1546dda4f1a82d8865d47fc3bb6d0efd7,3a1c7b2e18784dfa5e8df2c323e2ed9559e160de52acaa0f1eba7adae4be250b
097_coauthor_sets_differ_kna_t2_rep2,397,1,sets_differ,,2,2,64,12,679,376325081,coauthor,97,2,coauthor:creative:8f5facc84faa440aaab8b05968fbdf4a,0,a45203630490aa6a2c5ab00969a208b980c11945ccb708a5c723c8725b086727,b4ad7271e780f4b90a6e9e5f2ad8e2552061b2fc608b3d5376e19ff84fc85ece
098_coauthor_sets_differ_kna_t3_rep2,398,2,sets_differ,,3,2,64,16,926,221453869,coauthor,98,2,coauthor:creative:b5612ede07954874974dfa8a6a921a8b,0,3efbea735e03f6efa4690b8de22bca5f18f4ada242d64dbcc27a8108c9ad1dc8,cc0e1d918156ebf965b4bef79ab380a4b4e0679eaee1b042b1e16f8ac383e319
099_coauthor_sets_differ_kna_t4_rep2,399,3,sets_differ,,4,2,64,20,1173,1027359296,coauthor,99,2,coauthor:creative:5d97592b669a4155b2f8d7308d649c0d,0,4dceeea686afa169ff21c78169eb3f8a593c2274d16a24999c9fe2fd6c59c400,74d23bba83ec5cb3b0fe387b0113e7afa7783766ddeacdaed84fbfdbeea470cb
100_coauthor_sets_differ_kna_t5_rep2,400,4,sets_differ,,5,2,64,24,1420,1828676982,coauthor,100,2,coauthor:creative:c9e301f54a8a4723b14567a99c90d2b7,0,756aa87274f46c37a1395d2470e5a5171ce46218965dc14dc73491dc920170fd,4f9d81b930a0b39267db1e90ea869bf8f4613e052694858b622996e1b61643cc
101_coauthor_sets_differ_kna_t6_rep2,401,5,sets_differ,,6,2,64,28,1667,137583360,coauthor,101,2,coauthor:creative:6d6a8d63190243f685256031a59166dd,0,889168d1ac8cdec67526b396668660298208f4a611d0027ea9fbff8836552743,487d95b9e350b1e8fc06735a9a0df2dd8c1c437496a5bd5ac133dc0dc970f234
102_coauthor_sets_differ_kna_t7_rep2,402,6,sets_differ,,7,2,64,32,1914,2100626676,coauthor,102,2,coauthor:creative:ad936817fa674c3fb2db5f6d55fc49f1,0,c027c7c4be5d7246b0a5a6a8dc299a6567aadabb3f4fefab051140e1833b3fe1,0156af2b0c6c6bbc5998adbf993ec3e32a6db696f3ee68cc7286d3baf1633d3f
103_coauthor_sets_differ_kna_t8_rep2,403,7,sets_differ,,8,2,64,36,2161,495223424,coauthor,103,2,coauthor:creative:a2b882ca8a14420a8749dfedfecdfa36,0,ac82518dd3341b0a38cefda1ca62473fda456c7b32df1b27a58c63ee8e87ef49,a8a5c8d41e70e429eb96d5419b026e4a1d77a702003ff6cb2edc91d8b82c2408
104_coauthor_sets_differ_kna_t9_rep2,404,8,sets_differ,,9,2,64,40,2408,794547656,coauthor,104,2,coauthor:creative:030168a0260f4701bb8c82e185b2c6c4,0,dcd77eb358abe8db3ab57775450670ea39e87630c3c847e27c5c26ed8d4c9afe,11e14d8186a80310b31f78eec9e2c3a45fb5f0e5feaf6bb5ab2e85ed0f1557f0
105_coauthor_sets_differ_kna_t10_rep2,405,9,sets_differ,,10,2,64,44,2655,889109947,coauthor,105,2,coauthor:creative:64ded59bfd264094a10a88c47e4ecc1c,0,4835a4b8ca7e7d6cced016481cff1683232f5f113de3edecbd94879f4197c0d6,046b0e032bd931622ea5d09f5cd42dee91c6863d01852bf4d27cedc08c371596
106_coauthor_both_sides_kna_t1_rep2,406,0,both_sides,,1,2,64,6,364,1567551141,coauthor,106,2,coauthor:creative:f151863fbea2417c9bbec7082abaefd6,0,1c5e48ca0201cb25913d0c8de671ff4ed64e66899da4edaa8ad00185625c7160,37dec7224033c2aea21fb83f8140c90fddae9362be519b187c870eaeb7e71df6
107_coauthor_both_sides_kna_t2_rep2,407,1,both_sides,,2,2,64,10,546,103648351,coauthor,107,2,coauthor:creative:fa039fa4741a4a53a7afa9ed1deac769,0,148f8f82d2e65ae15890013108a4f8446b278205cc2792d5016eac7fde0eba25,e5f9bacc7176b30e08a6e9064228a8ad7b738da3326459086f8075e4f3623d84
108_coauthor_both_sides_kna_t3_rep2,408,2,both_sides,,3,2,64,13,728,453111492,coauthor,108,2,coauthor:creative:f6dc009e6d5c4c03a667ca201438077a,0,be9cabb5f6ff4decd672335a92c08632dc0a3063d10c8e7e118099cff67d78dc,f4d184668ecbf6c5644bae08468c7bfbc42287b10134763c40daaca5342f3801
109_coauthor_both_sides_kna_t4_rep2,409,3,both_sides,,4,2,64,16,910,1704582959,coauthor,109,2,coauthor:creative:f4726c879c9d4e43ab6a63a3d732a988,0,2774a3aa72b7fe4643212a015722469e1d7b0130a73475bfa3cdd6d56a622d04,70e191e01a83dcad9c266d4eeb376052bbd3647a4b6006349969c43fc7d11f9a
110_coauthor_both_sides_kna_t5_rep2,410,4,both_sides,,5,2,64,19,1092,1212847586,coauthor,110,2,coauthor:creative:bd54a50b118341678efa571079cae11e,0,c6411c3e85a6d163ca478f39d3dddae79569e8b0658c8bcde824b6cda4d1cc93,c0c875c6dfee56a0f36261a155ddfadbf60cb3ffd56e7b59bba4dd44071b295c
111_coauthor_both_sides_kna_t6_rep2,411,5,both_sides,,6,2,64,22,1274,1908751491,coauthor,111,2,coauthor:creative:fc9761dd283c460c850fe1733c62247a,0,92354b83ba716beb1cd64a434755eb6f4651d7f3db977f196fe192d2e30c92c8,7348a5bdb8f5c11e7dca036dd8ebc29be5c257d3cfeedbc6f13d0c8990a025f0
112_coauthor_both_sides_kna_t7_rep2,412,6,both_sides,,7,2,64,25,1456,1933008165,coauthor,112,2,coauthor:creative:dcf08dcc251f48109e68b46ffc0561d6,0,4ae7219f277f2f841198babc243797f08e3f45f0d0af905b2dfc8ccff2621cdd,7207da9c94f5f5a7986376bb99d656e51f1ea5a3b6d367229b06b1610392beb3
113_coauthor_both_sides_kna_t8_rep2,413,7,both_sides,,8,2,64,28,1638,229052572,coauthor,113,2,coauthor:creative:b7a163f09d8641c2b708236592f11767,0,62c6b334bbb9d8744c1b325d10ee86a0f259d43937033017203c7762f19e9847,8e8ce8d4520370048f161a73b315f7f9c03ad57fecd7565bbec82c363bbce5ed
114_coauthor_both_sides_kna_t9_rep2,414,8,both_sides,,9,2,64,31,1820,663331882,coauthor,114,2,coauthor:creative:d1edc05d6a4a411db965bb9a8adc3339,0,99a14a2676272316ea1449e75cd3f8934d8a54f8b7a83d4c9fa46f5c62f87c52,0cbe35a51aa284b745ac1355a17bcd30a108fd07d960e1c01b4c1c3a665dc477
115_coauthor_both_sides_kna_t10_rep2,415,9,both_sides,,10,2,64,34,2002,1698520607,coauthor,115,2,coauthor:creative:308df34d38ce447a957e540a6cde21c7,0,e95ed86324c04951aed69ea6a1621cfa1a5d03b7df238a69db294290a9274968,3bb97874375ac9b1363ba5ba8c0c0a1bfa854f838f1fc59ebc0bef05e11cc8fc
116_coauthor_both_sides_kna_t11_rep2,416,10,both_sides,,11,2,64,37,2184,1521795194,coauthor,116,2,coauthor:creative:d8a8e6352996418a9319bbdc990bc23c,0,9f38cfae65b747284beb32883514e1e87b7ed324d15f7c5f4c151127f3a8dba1,0c81bf9a77db8026d7d414bf777979fbf689b97e111a5cfaabcb833f6435828b
117_coauthor_both_sides_kna_t12_rep2,417,11,both_sides,,12,2,64,40,2366,178145262,coauthor,117,2,coauthor:creative:7e3839abe7334df698bb48e0d5561ab4,0,90a05efd82912d8707f27a35e6fe2f673af2e797d5786b8fc33d3e4bd49cda6c,10a017a42296fa5eeadba7de60e9585a4694cc2d723069f34b25f86f5d24c516
118_coauthor_both_sides_kna_t13_rep2,418,12,both_sides,,13,2,64,43,2548,273277591,coauthor,118,2,coauthor:creative:3ad000b9400447d9bd7f7dc101975973,0,e3d79a813d8c5fb3051fbaa05212824d715a6a41c5c2225323902144a1d6d1c9,d92ad8a7e1a5619ae059b81d40c40b1af9bde87cacd82cb1f79bf3ca698b6343
119_coauthor_both_sides_kna_t14_rep2,419,13,both_sides,,14,2,64,46,2730,1898952421,coauthor,119,2,coauthor:creative:626255ec39a349df84e75196a01c9e55,0,8ddb9885222dd3de5a6fade38dfdec9404a1eb1f2388cf98c27aa8060744b697,58530608498c9fe39045938b95dee7b32a9c99d31ab535176fd7a04fc0bd0cf0
120_coauthor_both_sides_kna_t15_rep2,420,14,both_sides,,15,2,64,49,2912,813730522,coauthor,120,2,coauthor:creative:0822cf8998be4c44962989a70f00eb9e,0,ef1e60bb5af2c390e43a9a24220ab8a954c81dc6a4bf7b9c165a1a730d1f702e,1aa56325fa8afb12070b0c2a11f8d71cd5471779356a5a2f9ffc0531e8c515a1
121_coauthor_even_count_kna_t1_rep2,421,0,even_count,,1,2,64,4,308,141527139,coauthor,121,2,coauthor:creative:b42e5d2a56024abda27ec8f8f7424916,0,457fe0b3cdbc096c834c26ce0a29104f1c90abbe5653e8e0191b0ea7408e719c,8239387d4a5bbf2e6c325309d7ad6d8fa08e31965a418a8b2c6855610132525a
122_coauthor_even_count_kna_t2_rep2,422,1,even_count,,2,2,64,8,493,1288346628,coauthor,122,2,coauthor:creative:ce969e3aa6374189abe638aa61b3ffc9,0,467a66e366a1b0c366a4a6baa8017e9d388ee68d58d365314a12c0c60530f5e9,a75ab9763da8fe22558c4e46667769d5eeea85d77024d8d01240e6735572570e
123_coauthor_even_count_kna_t3_rep2,423,2,even_count,,3,2,64,11,678,123062978,coauthor,123,2,coauthor:creative:b36defcb6838467db4486349793492fc,0,934db4af3b28b9f73f238e8bf204d25550548a9c8862d9f815a05076db77ad51,ecd19cdb6320ec5d37aeb6c11b2d8981ac6851b75ebf255208efb9f0ab4d37d5
124_coauthor_even_count_kna_t4_rep2,424,3,even_count,,4,2,64,14,863,897213110,coauthor,124,2,coauthor:creative:fefad5c6b2ca4bd6a6728c1ea12a6232,0,467711d22815554210c168103f514484b691e8b99fd8dee254b96e7bcfe8d7ad,a07ec825ae607a6e1dd167111f07026d5c65c1f63363d650aefefbc2e3deb8ac
125_coauthor_even_count_kna_t5_rep2,425,4,even_count,,5,2,64,17,1048,1880268518,coauthor,125,2,coauthor:creative:eb9fd1c4b18b44679e21e09e4fc7fe0b,0,1d3c6ed79e23e7417ab9a00ab461ef85b1161008515de972cadbb1e2325a8c74,58cf0e223d3736b277276b85703732cee6bd4093380f00410f08a72b5199433a
126_coauthor_even_count_kna_t6_rep2,426,5,even_count,,6,2,64,20,1233,1211816944,coauthor,126,2,coauthor:creative:fb763e77cfa94c7180537892300832e6,0,9fdc500d19a8c924bae3382161dab33ec260086a56e04e62dd99986e8eca1e51,692363461e684a33e1bc6150ff86e5d3b8102941d85b8f48004987338d47813e
127_coauthor_even_count_kna_t7_rep2,427,6,even_count,,7,2,64,23,1418,1785317414,coauthor,127,2,coauthor:creative:c55eedaec6ea4aecb9d9cf1fb616a89d,0,7cca37cdea17b4a262a1726e1ed0868ba846c87b900a58817d06c47924b3524e,d58a34546b9e54a8b58543c453e78c2dc24c658b1e2893b41e08085afbe3dacb
128_coauthor_even_count_kna_t8_rep2,428,7,even_count,,8,2,64,26,1603,678086234,coauthor,128,2,coauthor:creative:7db807f901e64357a4ebcee6908e8755,0,3ec3852d22b7744b5ddebd4ac6fff18fd9de3f41f6852965176511a4e6fbb749,087a424893d38604e9663faa8a032ec0506b5296154317f82ce04037aae32370
129_coauthor_even_count_kna_t9_rep2,429,8,even_count,,9,2,64,29,1788,91060022,coauthor,129,2,coauthor:creative:53a1f867867b431e9336245503e7eec4,0,b855d8f052d1b544784c13920e976eed97f845c5227647304670e8192c9eaae9,aa961ce8e0d85c2fb1df5afe4cc77bffbc83f0812ff6848e5fa1fc6237a8146e
130_coauthor_even_count_kna_t10_rep2,430,9,even_count,,10,2,64,32,1973,1182377206,coauthor,130,2,coauthor:creative:ca8ad78852e7427598cb82fa420483b4,0,979338897ba21d285f0954d1aa828bfe2a6924794df119607d516e73f0b3f28b,ee163e793af5556a1393ad05e2a38d4ab69b22902898abe72eed21d705afaa87
131_coauthor_even_count_kna_t11_rep2,431,10,even_count,,11,2,64,35,2158,603178832,coauthor,131,2,coauthor:creative:6a0e4a84b6624948b9373a84488399cd,0,b8a70c2b25f490d0da939e997844c69b2a37375c3c31095a94126f7921a548b4,d3d976a2bee9a4445825af0c4ae03f043320554a0190844a060ff062eca75c84
132_coauthor_even_count_kna_t12_rep2,432,11,even_count,,12,2,64,38,2343,1404039680,coauthor,132,2,coauthor:creative:77cae115ed8349dbad550de12e5858c1,0,ef4cb3d406569f28169e6663ac3ad048e8d3bf704e31b6d5971ac00237f00690,e6cce128203e56acb7ec8549f961fab0d3c260f7c75cde802c0aed8c4811fec1
133_coauthor_even_count_kna_t13_rep2,433,12,even_count,,13,2,64,41,2528,668074030,coauthor,133,2,coauthor:creative:4619d21ac3ee4b6f961fb782ae6c7937,0,02a796f83c721c5e2775338e990641bab2ea86ef46a64018261a711a10262da6,215bf5f84a74b0674b2e9e4fe15d30f6f7c4c5b8cf28b17d92c2eb0a99d42c51
134_coauthor_even_count_kna_t14_rep2,434,13,even_count,,14,2,64,44,2713,1800334722,coauthor,134,2,coauthor:creative:d9905c44ab9a4489a89581f052f34624,0,307df8838cd6c340549e9a18285f57856ff3e623bedd3cfedba690d012b527d9,7a13610efb199f888c7bd766efb479b4a84d0a2f1657e762d08aebbadea315b3
135_coauthor_even_count_kna_t15_rep2,435,14,even_count,,15,2,64,47,2898,57330109,coauthor,135,2,coauthor:creative:ad3a61d515cf456cbaa424c7b4ac0f13,0,e8bc46bf7d373148053163b31127102558b9e3d07d7668a2230e0e955a7ca5d3,1ff1f6600d74e9ebaeb15cacf0e86143c672126ab12d56e8b306099a5440069e
136_coauthor_even_count_kna_t16_rep2,436,15,even_count,,16,2,64,50,3083,1901647826,coauthor,136,2,coauthor:creative:c6f8250e587f4288a48a616b2f1c1c6d,0,cadc18aaa83b8a7d9332285dd53683277d50ce50bb79a0020fd01475d11219cb,7f22d4165f41927b4ed2c05284ad89bf631f6552b33c459c500a773e5e396c54
137_coauthor_odd_count_kna_t1_rep2,437,0,odd_count,,1,2,64,3,250,1402988040,coauthor,137,2,coauthor:creative:95b14d2fcf8b4eb5a0be3354a80e6f32,0,853a902ed0b341c74c9950d8ca5317fe3c5aa82dd8df20305de31aeb4a001b84,186b4efda169ebfe03c4f7553d3950f7a8ae2dd8d77463e3e7d02df66c050634
138_coauthor_odd_count_kna_t2_rep2,438,1,odd_count,,2,2,64,6,375,665737771,coauthor,138,2,coauthor:creative:a0cc548fb40a4e22b1963674fb4b1f83,0,e9d559e035793508c57b757827c9e2410c2a2d950ef836b189b6d28978125a65,905e8c84d45e47649239adb5b2a18648e01b246c73ca958539902bea6e3d3c11
139_coauthor_odd_count_kna_t3_rep2,439,2,odd_count,,3,2,64,8,500,1506896617,coauthor,139,2,coauthor:creative:9c397f7fd7a04f829c055d2f7f5ee160,0,3484dd302875816ae567f212be8b359c0c403b3e11f3ccccd222d4a5763c16ad,a3dbd0e793f2d5c099ff189c7303d194f4b2c512525d824e15b67427ec315d1f
140_coauthor_odd_count_kna_t4_rep2,440,3,odd_count,,4,2,64,10,625,1459845233,coauthor,140,2,coauthor:creative:ae3a87fc6c5e4c18897f71b93d670529,0,787eb7700ba43b5438d4202d52db834e5dcef2003135cd2a6d46975fa05b832e,5babb686855600dc48057dcaa54af8bc07b2afd3cf0de5f365f6589cedf65b50
141_coauthor_odd_count_kna_t5_rep2,441,4,odd_count,,5,2,64,12,750,193159375,coauthor,141,2,coauthor:creative:7e7ec06df61a456c8574f64dd26389a5,0,7dcdab1e7c37056deafff0ffa36914078e246baa61f62da81d54dd905f095f33,01a178c1a6b657d8d95f4529c03e58ee2d27f3491a616cd3ca1ec3c152ab82b7
142_coauthor_odd_count_kna_t6_rep2,442,5,odd_count,,6,2,64,14,875,556078463,coauthor,142,2,coauthor:creative:87b45d27c2424504a98f49a29509480f,0,9e5a506ce44d83493851e8b9236c5b6982b367139eb55ad0fd081bc432e2ebf5,b56d5fe4861b2bce47a5ffcd89ae1fc6bfa56eb61f0bb006b8f61d48a290ac52
143_coauthor_odd_count_kna_t7_rep2,443,6,odd_count,,7,2,64,16,1000,779302175,coauthor,143,2,coauthor:creative:e04ccf1a440045bd92bf1ac66489b158,0,961faf2702d57ba6d8e72867a49e50f0b3741a2723540d664d9f963885af10f1,17becd67844fa462c714bfea31dd57c5ecc6ba35319256a1dd279b44e8d8215f
144_coauthor_odd_count_kna_t8_rep2,444,7,odd_count,,8,2,64,18,1125,409476882,coauthor,144,2,coauthor:creative:7edc4eee07cd44db9a01e28f1ef20064,0,4d66e7a2a2cad550b126c6ca2aa1dab43dfc278babe1a5965185198402f63375,8430c28813398fe0fcc5f109fcfc63efcc91d78a9476ec1124b88a38824ba032
145_coauthor_odd_count_kna_t9_rep2,445,8,odd_count,,9,2,64,20,1250,1677919498,coauthor,145,2,coauthor:creative:cfea3807443b4149a2c68fb1ee0341f5,0,381e867a58930c575f268ac31c7f0909a5496c32a77aea5860f5f5a02acfc9bd,ce7f59178d298866f0ffb5ca31d29bcc2242b8f6cda61343ad4c1bb4449e42c5
146_coauthor_odd_count_kna_t10_rep2,446,9,odd_count,,10,2,64,22,1375,1764460069,coauthor,146,2,coauthor:creative:18d61fce4bcc4ccf9bd49c621b0ec1c0,0,2f32cdaeedff9ea870a3860f608fe350b4f6021698b974b898c59fec548d5b77,705af010050f813534d66c4e39e0681c46fc4df51ed947b688bc108d1819fb47
147_coauthor_odd_count_kna_t11_rep2,447,10,odd_count,,11,2,64,24,1500,1218765672,coauthor,147,2,coauthor:creative:cfb8bffe98a044868cec22afd04c1bba,0,ad3d6a7b8611a89049efc6a1d0c5cb0ee19e245c9ddc5ed77045bcfee4990211,562e050bef02039b08a3f212072d65dd697e23cc49f693931f7431693f4e41c3
148_coauthor_odd_count_kna_t12_rep2,448,11,odd_count,,12,2,64,26,1625,1239080464,coauthor,148,2,coauthor:creative:c28981a2c8af4ccdb127d3a74ca363ac,0,74e8c82b94998c2ce003c289042f217478d8152e5c005ec0b780b5abd5ad4d38,07b689f1289145424ddf52399fc257073c9a37f34ae36f3bf90c167f1a2befeb
149_coauthor_odd_count_kna_t13_rep2,449,12,odd_count,,13,2,64,28,1750,1476210158,coauthor,149,2,coauthor:creative:f4aa98d6f88649e786c95c9c77960a26,0,577367bd9d759e4126dfaf087b3dd17bf2760b122813fcece07d8f05d5689827,27bdbe5c2c79bdb796922df7cbbab7631f464dc2ac0e934d06f55d4db3f9ced4
150_coauthor_right_not_left_kna_t1,450,0,right_not_left,,1,2,64,4,308,1322083217,coauthor,150,0,coauthor:creative:53d34e075dc2454ebbc4e4e8878b0d15,0,8cca8ad0a78493b0f333708d0b2bd1f08f46924b365a5ccba9a95c9c1a6639b6,306cec61469f74de985a106c33984b42b021b1dce23361cdb53ed39ea2d3c379
151_coauthor_right_not_left_kna_t2,451,1,right_not_left,,2,2,64,7,431,461348175,coauthor,151,0,coauthor:creative:a9936b88956143bead73fd420fdc8b5c,0,eff81f677b95c172411dd81b4e7c98faf35452aadb894306b36aa7505bc38b1b,e0fb7a0f267440c7eb2a99cc71e7b3bf647ab592bf8ae47060a21cd9d8d47007
152_coauthor_right_not_left_kna_t3,452,2,right_not_left,,3,2,64,9,554,612206476,coauthor,152,0,coauthor:creative:43fef1ea6c6342f490c991f230acdf1b,0,5fa853c5747cc8853272486aa6160deeeb88907092083dab0243722c96393433,7916fd8380fef416cfa7195d4d520b0a2e2496ea865da5e3d53bced124de696e
153_coauthor_right_not_left_kna_t4,453,3,right_not_left,,4,2,64,11,677,124248991,coauthor,153,0,coauthor:creative:7444af48e58441e5ab11c7e295095206,0,b37ec7d1923e2e5d7ca15bd7a1720024cc8a924fc2aae012ce488fe177650e34,739e96697241af9db6f390297c9e66992d4125c1997eedcfe201e989e4e46d97
154_coauthor_right_not_left_kna_t5,454,4,right_not_left,,5,2,64,13,800,1446083750,coauthor,154,0,coauthor:creative:8d77e68c9e2246949f8f3af5342da3a2,0,243182dc165aa18b4701f7bb90dd7ef7756d75e5a6208044f161914045574192,d78b84365c6f23b58be4c63a928bbf17165bd6fd1cbb3e1402657c8b43136da9
155_coauthor_right_not_left_kna_t6,455,5,right_not_left,,6,2,64,15,923,856383930,coauthor,155,0,coauthor:creative:cf41b69d79a14f2ea9c8179de2f84479,0,199ab63c1ac24c3d894499dbd25264062e77d662a6e2916a6ede9f96cfe85823,7720bd014c330735f19691ecd96e8ce97f4ff874987fea4c5641ed6ef5f344d3
156_coauthor_right_not_left_kna_t7,456,6,right_not_left,,7,2,64,17,1046,1272848941,coauthor,156,0,coauthor:creative:3f6f1edc20064adba80cb4c98454da3b,0,046bfb925e24db8c98c3922de86a8f3a74d120177907ce7caf952ffc320fda7b,c3d62285c94355228d2733031556fed063aa665f6250bf0eedcfe3ba5fea6cd9
157_coauthor_right_not_left_kna_t8,457,7,right_not_left,,8,2,64,19,1169,985754318,coauthor,157,0,coauthor:creative:7e42d4f3a53b4c3d9a55b6d3a7f7c6cb,0,1f87e92f47394474e1d1a102be5b55e1bf082db764fde5714e517016e3a9a474,137836444a4a45279176508fa0344ad2c0fe39b6a1b162372d833dcbc7158981
158_coauthor_right_not_left_kna_t9,458,8,right_not_left,,9,2,64,21,1292,1138110410,coauthor,158,0,coauthor:creative:b5cba1af4218432bac6932bd1d546125,0,159157d3340f6122e55b6e85abd16dae8e998816bc524b88f4b3250cb20e9ec9,6b49dfbff560f2dc9c5e8eae4178fcd70d437be287df298bf24f0b6319367fc1
159_coauthor_right_not_left_kna_t10,459,9,right_not_left,,10,2,64,23,1415,132459063,coauthor,159,0,coauthor:creative:b2340ae8050543cbb74906ff4a96e850,0,4488076ae76c05e3274e9ab975b96624aecfc4187be7a42ee61a4d7f9ab94b1b,71058b1aad0f8cc6569b0ee9ea58c2eab5a687de83b8bc1f38a045bc7e311b4b
160_coauthor_right_not_left_kna_t11,460,10,right_not_left,,11,2,64,25,1538,2117016861,coauthor,160,0,coauthor:creative:5f020c0bdea94db5aad0478ba02f2924,0,7f66e0b6019d15f37df8278c5692bd88054ed6584b0f9139f28a30d01c5d3c44,4f1680f2123c872b3242db515d41a9b3f7bba830aca16263ef4f2b5652e7689f
161_coauthor_right_not_left_kna_t12,461,11,right_not_left,,12,2,64,27,1661,806062639,coauthor,161,0,coauthor:creative:94492b7851ad432da7385f1bb6d18fe8,0,1556865573c22925bedf12010868891f6a32685a86c36599e9a517e4cf5ecf82,8c2095eddb3d6fe92bb6e475a502d747bc7ffec75c9754d7e8687194dc3cb796
162_coauthor_right_not_left_kna_t13,462,12,right_not_left,,13,2,64,29,1784,1992395989,coauthor,162,0,coauthor:creative:aa259a5e72c5426ebaa0b2ef7be4aed7,0,7ddc70261dc057fc24a229efa55a9286a1a1f55d9191933a66d6ea5af5a794c4,11c46f47d02213e1b158a00628b1c42b8225180e5c67bee936c1fb445764ed2d
163_coauthor_right_not_left_kna_t14,463,13,right_not_left,,14,2,64,31,1907,1109023699,coauthor,163,0,coauthor:creative:db169bdfdf294eaab67ca9aeb7a7f948,0,b1dcb0a04af5ac15f2f9431f5357803a41c182cbe937898a275a76d7fffc33ca,b79dd7a169923da96e7b07ff5c19d7929225248eb3b12aeee889b4f61dbc0c4b
164_coauthor_right_not_left_kna_t15,464,14,right_not_left,,15,2,64,33,2030,1399142382,coauthor,164,0,coauthor:creative:06209e0aab79451d994d756ff3542754,0,d565be149f1d2eb14dbc79f0d6fb648446e325ddf106c42faa9e32221304cf6a,a53334cacffeec5e6d8ffe18c402261ebd4f557822c1f939c09fcd703b1d0590
165_coauthor_right_not_left_kna_t16,465,15,right_not_left,,16,2,64,35,2153,2036849242,coauthor,165,0,coauthor:creative:7d049bd04eb445fd865f447f243998b4,0,5e071871628160a7a68c884918605eede2f0a781045bd2d2ab8ddce5a1de2817,2610681a441b5fa2477562c56aabfd4621353d0223b69dfecfa4434a0b4ac617
150_coauthor_right_not_left_kna_t1_rep1,466,0,right_not_left,,1,2,64,4,308,291077150,coauthor,150,1,coauthor:creative:bd761f35e22b41bcb90697aa4c0050e0,0,3016bb803afa4d03f50940281de23c024bfcc600785ab43def6fdc2be1b97da9,e65f7acc787d1df8a3100d8598633dafd0bb5ef6e17ce7f716bd086a13006b99
151_coauthor_right_not_left_kna_t2_rep1,467,1,right_not_left,,2,2,64,7,431,55704586,coauthor,151,1,coauthor:creative:66b3ac872822426e81bab531fb15d8a0,0,285d838dff6948be1964beca410f909e919d692ee6c83b9eece14652418f2d9e,0b63e52732cf6fc7a3c066e55799457b43251c3e55f911c96bb5e8f1c283e56b
152_coauthor_right_not_left_kna_t3_rep1,468,2,right_not_left,,3,2,64,9,554,556996197,coauthor,152,1,coauthor:creative:79757c30997549af8a2d741ed49ff453,0,120b42273e6a6a86c8a48a73dbb31061a3a2211b03b2e2d68783f9639ed5a73a,c78e408c0ca561925c358c4344a524721b1edae53dd69828e54c23015b75eaf8
153_coauthor_right_not_left_kna_t4_rep1,469,3,right_not_left,,4,2,64,11,677,750860529,coauthor,153,1,coauthor:creative:ed645ae457f04bdda9562f4aa0003ce1,0,9e02c0d9fd22043deb1dcd8bf94f45a6c9d956c208fb7bc63a042c5f3efdf13b,7f62cc9b51d78e4f90f60e404cdca95b14d1a83da31517c70ea0116a3e6e896b
154_coauthor_right_not_left_kna_t5_rep1,470,4,right_not_left,,5,2,64,13,800,109756301,coauthor,154,1,coauthor:creative:1a0d49b00ae844df971176e9aab9b18a,0,61a6fedd0c622971778c775dcb40734950f8691a9906a63a03d40d69583d0e68,055aeac3f33b7b48a145fa82d9088a6394b9ceecfdd4fca3ec79d1295957ee36
155_coauthor_right_not_left_kna_t6_rep1,471,5,right_not_left,,6,2,64,15,923,1571560156,coauthor,155,1,coauthor:creative:12c0273868a84564a5f001c3c086f69f,0,6abfee8cd447a9ffb77eae668ccc0b638add3746a59b4e63f273792961864fe4,4caf1fed304c42a8e8096f20e13c7d8783d0a13231a971985fb132488c016c3a
156_coauthor_right_not_left_kna_t7_rep1,472,6,right_not_left,,7,2,64,17,1046,1927330526,coauthor,156,1,coauthor:creative:65936cbe394149c6b24802cad630e2d7,0,7c4659e0fa6523d7023b60becd4168ce846a7f74f1357f105d8980d5fcc1db81,b283d6d0e3d037b54a427978eab9c8044c2275c6a2a7329ac45d38493570c65e
157_coauthor_right_not_left_kna_t8_rep1,473,7,right_not_left,,8,2,64,19,1169,533322675,coauthor,157,1,coauthor:creative:f3bd97b3642443f0869190c50ad0b771,0,74b55b09889503cea1dbe689575c6448be9790fccd6765ef01fa701d3054bba4,7dfddcca9660b58d23b13f41067ae89d1437a8f6888744fd9e0f64df3111e2cb
158_coauthor_right_not_left_kna_t9_rep1,474,8,right_not_left,,9,2,64,21,1292,472441977,coauthor,158,1,coauthor:creative:864b77f0d5f34f2b9946e518cdeee98a,0,3cf439c544740ef8a1b98ff48c0c370c4c378f8386d622a85d79789f90974930,fe3cb3395008d6916f7ff3eaaaef8cfe93c23333066f16df30348967fd27c814
159_coauthor_right_not_left_kna_t10_rep1,475,9,right_not_left,,10,2,64,23,1415,991131404,coauthor,159,1,coauthor:creative:696d64891a2947f6af20032eef450ff7,0,a368e80b0be9eb20814335730685265d561ba6f96ff6418cd17e4daa94a9591e,b39915e97103fb6d78eefdd495ee7eb462112c54415214f841fdb0e5f9bb6dd7
160_coauthor_right_not_left_kna_t11_rep1,476,10,right_not_left,,11,2,64,25,1538,656067478,coauthor,160,1,coauthor:creative:3d6d562a736a49509c20be372a83d111,0,918075cb69b625e33f971305aba8698c6fa1911940159c80bfd72c71f4b9f92c,2aaf404f509de9aa123648452e3d3fbf2226bb64d4edc90dc2653c29345a5b25
161_coauthor_right_not_left_kna_t12_rep1,477,11,right_not_left,,12,2,64,27,1661,1678836306,coauthor,161,1,coauthor:creative:120f688d383d4775a51fc45728e771de,0,b736d8d51ee45c63c7bb3b9ce2b9802a206c04d9472009d1b05b4d297af2eff4,34074380a177fb689e908d521490a4c9df1d986e8e95901e4618d739b25db93e
162_coauthor_right_not_left_kna_t13_rep1,478,12,right_not_left,,13,2,64,29,1784,103503325,coauthor,162,1,coauthor:creative:575d39d6fb394e859cb5c29fd5ad876e,0,67676287fb59b3c670c0d4197e53952590e7da0fae5ff83f247a2d6b803879ba,e02a718d21195816a6fcc2c8b60ed9986a75984ccac0f25ef46b54b9fa6736d2
163_coauthor_right_not_left_kna_t14_rep1,479,13,right_not_left,,14,2,64,31,1907,77087838,coauthor,163,1,coauthor:creative:90a244e4c76240ab942d8f56b971b6f2,0,252521e4a82d59f18de93bbb220d8945bc3d5952962d603db5110d8f5168d463,47988bc44d433b30316b2717fae8681dc867b827e4d1d1639dd82238e7bf6f28
164_coauthor_right_not_left_kna_t15_rep1,480,14,right_not_left,,15,2,64,33,2030,1560487632,coauthor,164,1,coauthor:creative:09c68920f9e5434bb35a22e1909f324a,0,7d8238a59014f51861268eba0c6d391e6d5f85cd842257efe54d0b734b377304,f5ffa15d5fb1d627d9c78844f3917382c21ff6d6cb17289c42cc3278f8be2b9a
165_coauthor_right_not_left_kna_t16_rep1,481,15,right_not_left,,16,2,64,35,2153,1165335327,coauthor,165,1,coauthor:creative:3be804ca8a1d41a4ba5cdeb64b126575,0,8036dc39a6b3dda5ef4835b80c5a4a53a8fc5260c31835ecfdd44b9725aa8dae,0e35d323f94b89ab5e01f073baa1e1b197be4a3b4716856fbd27000b535686ed
150_coauthor_right_not_left_kna_t1_rep2,482,0,right_not_left,,1,2,64,4,308,375272172,coauthor,150,2,coauthor:creative:7267ada18a784f5089b55427212251b3,0,b4b049deeafa417c0d22c68cf20158517372a2e3569bb5e58c79310f22edb36b,43917afd44e5280db216d63d6bdd19374b14e12f6f22ca871541dfc1382932a1
151_coauthor_right_not_left_kna_t2_rep2,483,1,right_not_left,,2,2,64,7,431,181599629,coauthor,151,2,coauthor:creative:0837a09ef77a4f20b3a341a47276288b,0,e35df5f0f170e4070cb156be196fbae6f51b64b450fa7f757305bd9b3ac0cc99,e33cb1da375e0d8201053d87c8721d1e14a6382c12a53e6df4c7ac4d6b254936
152_coauthor_right_not_left_kna_t3_rep2,484,2,right_not_left,,3,2,64,9,554,91810545,coauthor,152,2,coauthor:creative:9989ea7d26a94464a9d94f68bc7832e9,0,c680caab51cdbc91176a251a266705cfcdfe128c6a61ee33ab291183bc4d27fc,103f84b11c8ed0baa766bdfb4d387994c824ed37ac6b66335c7fc1e56d7c95ef
153_coauthor_right_not_left_kna_t4_rep2,485,3,right_not_left,,4,2,64,11,677,220592453,coauthor,153,2,coauthor:creative:af3a9e8494e54fa0a28ecb7267f02018,0,4d20b091bedfcb73323299f80e9caaf33937d8aee7258ed52cc0b4b150568c71,3cfb4448db50650240360fea813a8ddf722fc6e0e8ad01a24bdabe9a56de4843
154_coauthor_right_not_left_kna_t5_rep2,486,4,right_not_left,,5,2,64,13,800,2001577123,coauthor,154,2,coauthor:creative:1450f586cc5543b69ba4c22ebd2c7fa0,0,441cf36c44b34c0ccd23c95c90380421113cd6e37e124cc84bb406615e54cf99,524e528982e6134fd5361bfb8a4476df68a6cbeb56405a50058d9bb8aeb30ba4
155_coauthor_right_not_left_kna_t6_rep2,487,5,right_not_left,,6,2,64,15,923,369529025,coauthor,155,2,coauthor:creative:fb0562d64a314d2088af7d18ea7dc210,0,42c811751b60db90aa7ce41060690c678ce7ddf11edb1d35f98fdb31f963203e,7e3a4cd19e69156554209e6e65ea566b39369981ed563f68c426f03c47be9572
156_coauthor_right_not_left_kna_t7_rep2,488,6,right_not_left,,7,2,64,17,1046,1235011510,coauthor,156,2,coauthor:creative:c65f1ff1c8674f12bbb3a4a4b62ec7f1,0,356bb373d61561bf9440ff962b59ece35ac17076f1ed848aa7b9165f89ed0960,2c836dce1f6701516d92792d75e54703224b9f09ed3ea251ea80354a0429870f
157_coauthor_right_not_left_kna_t8_rep2,489,7,right_not_left,,8,2,64,19,1169,189499705,coauthor,157,2,coauthor:creative:7e48dc0c20c340f9b0cfe73fd8d198b6,0,0bac35435f674e02ea6e9550f7298aa70ac68e81d356c3b6a582f8438e051107,27f4a1391e8abb32ec5ad1ae860d35980f9a0853b02b036e8b514b7255a451dd
158_coauthor_right_not_left_kna_t9_rep2,490,8,right_not_left,,9,2,64,21,1292,1330847957,coauthor,158,2,coauthor:creative:81b30967f40349e5b0e333f1e4851ce4,0,d87ac1ec1cbc4827fa7dcedfb899abba05d7b50be772950794b14a03f41d7818,addb1b024d5ac26d7de1b25ea058942beda5abc9676ba1ae1385d51c4a872a34
159_coauthor_right_not_left_kna_t10_rep2,491,9,right_not_left,,10,2,64,23,1415,354284196,coauthor,159,2,coauthor:creative:36a7437e63c64ad99a8e4cc9433a7be1,0,510dda59ca2813ad4cd34caefc76d1437f21e9b11839d26111bff16836591485,2687088d24c536ef64a4cd24c6b650178c42114e94930964a4c8ff1a8f0d0af6
160_coauthor_right_not_left_kna_t11_rep2,492,10,right_not_left,,11,2,64,25,1538,1838535376,coauthor,160,2,coauthor:creative:da4fed90272b41edb41f63fed4a928f0,0,98f60d2e45fb91ffd5ae620d9d777ab066d304d6b64bf6e9905b770ec6642f58,4c0e667f57274c7f912229a8ed42c4d5504e68541d800732e7030afa803062f9
161_coauthor_right_not_left_kna_t12_rep2,493,11,right_not_left,,12,2,64,27,1661,1764169297,coauthor,161,2,coauthor:creative:786e6c194f0a4fd182440d297bfc3b9f,0,03188d67dbf27a353b9c7ba3fc5580501db85367abdfa51812fc131ee5ddb474,8edb62e3e199c11df3c9853f9016a0ed1c5a0aa1c93dafa96ddda1036bbacfab
162_coauthor_right_not_left_kna_t13_rep2,494,12,right_not_left,,13,2,64,29,1784,634652853,coauthor,162,2,coauthor:creative:8462cd8c839f4ebbb940326f3af1922c,0,5a332e5e151767f7453b16c5cc9aefa8dee5d9a3a31777b3bc657a6a3dae105d,df2ef435e5b01863001a5021efa067702610a56638645c5d7547ba77938b5b1c
163_coauthor_right_not_left_kna_t14_rep2,495,13,right_not_left,,14,2,64,31,1907,564958425,coauthor,163,2,coauthor:creative:bad20cdce8404ef3b6992ae8758105d2,0,4296c5f87745fc719008e913ac5d425aae5da1b243132f46cbc956a5bdf7c6d7,d7d4a9b659591cdbfe5437ea1380542a202729bbfdb2b3f969008262cd8a1b0a
164_coauthor_right_not_left_kna_t15_rep2,496,14,right_not_left,,15,2,64,33,2030,642190226,coauthor,164,2,coauthor:creative:b3528173b35442d09e2aadaf4d06defe,0,9cdabdfdfa36f5fa621f55030cea9624c63dc706a65bc8f9d6d85d018132f3ce,f9a2dc5f840f0bc025d1fe6b05cfe47e68af00e9561b4220e446f7fdba893c5e
165_coauthor_right_not_left_kna_t16_rep2,497,15,right_not_left,,16,2,64,35,2153,795645006,coauthor,165,2,coauthor:creative:3f069ddebc85414f8c650c1f9e78a498,0,4928a978779bc492a7f30f6753d2b50649a4cbc60aea1233e994079645fb8034,77b73b17eb3a6901b6107f2317bfcb1bf294f86dd50c18e2414d6b7d4fa1c3b9
150_coauthor_right_not_left_kna_t1_rep3,498,0,right_not_left,,1,2,64,4,308,1411941165,coauthor,150,3,coauthor:creative:d16a6136b82b42eba1e61ff0a4ac3293,0,b1ce45bde6b50fd540b4ea2fea74364e97c176358164b08bc327a795cf54ea0f,dd5e22c101649ed16f67929a0498c528b9e73d0dbaef6a3458a5546ddd2f81ac
165_coauthor_right_not_left_kna_t16_rep3,499,15,right_not_left,,16,2,64,35,2153,1152027960,coauthor,165,3,coauthor:creative:a1818a53e4114dd3a3f002dc7f2c2f58,0,537b931778a1b272a75d245dab1590c427a4d70ebaa53410366357ef91d4258b,a9d5613d0b832698701e19e440fa3b21ee9796e36942a4d4fc65badd7602934b
