job_id,design_index,family_index,constraint,k,t,n_low,n,nfa_states,unrolled_states,seed,dataset,structural_cell_index,replicate_index,base_instance_id,multi_token_keyword_count,compiled_constraint_sha256,job_sha256,status,failure_kind,timeout_s,precompute_timeout_s,generation_timeout_s,timed_out,timeout_phase,progress_phase,worker_subprocess_runtime_s,grammar_build_runtime_s,compile_runtime_s,xgrammar_precompute_runtime_s,setup_runtime_s,grammar_rule_count,grammar_edge_count,grammar_bytes,compiled_grammar_memory_bytes,model_vocab_size,initial_mask_audit,model_load_runtime_s,method,tokenizer_config_load_runtime_s,generation_runtime_s,prompt_token_count,generated_total_len,generated_token_ids,generated_text,valid_generation,peak_gpu_allocated_bytes,worker_total_runtime_s
000_coauthor_kth_last_k1_t1,0,0,kth_last,1,1,2,64,3,250,1491181096,coauthor,0,0,coauthor:creative:d85ddd25fd5641a78bc996b77c55e82a,0,4dde9d56e0c018eca93eb9dd49b390c2013936eba091b53f09b2a19ef4d0956d,2aeb23677de13d966d2f54f4eb0d44fa026ccc6b752a1954563ddb1c483fe3a2,success,,256.0,256.0,256.0,False,,model_loaded,12.524186659997213,0.34282323699153494,0.0220414530049311,0.36486468999646604,0.36486468999646604,130,312,5213,944740,248320,"{""allowed_count"": 248068, ""expected_count"": 248068, ""missing_expected"": [], ""ok"": true, ""stop_token_ids"": [248046], ""unexpected_allowed"": []}",2.8925854329863796,xgrammar,0.6460758530010935,2.2701759900082834,169,64,"[1919, 4290, 914, 6415, 11, 781, 998, 8526, 310, 1831, 2373, 314, 586, 11, 1381, 567, 11, 279, 2235, 321, 3996, 8174, 11, 599, 310, 381, 279, 2373, 338, 1878, 13, 2302, 599, 995, 660, 279, 21459, 11, 12177, 11, 55208, 11, 2730, 11, 321, 567, 998, 2047, 310, 440, 261, 321, 14580, 13, 271, 760, 3809, 54438, 5964, 11, 524, 680, 523, 248046]","This isn't fair, they were meant to take care of us, now we, the old and infirmed, have to be the care givers. They have had all the advantages, youth, longevity, health, and we were left to wither and fade.

The community rallies quickly, not out class<|im_end|>",True,3797889536,6.99446377500135
001_coauthor_kth_last_k3_t1,1,1,kth_last,3,1,2,64,5,364,1899553348,coauthor,1,0,coauthor:creative:1ff18e51f2a1466f97bb3dbfbaf98ba6,0,88772c9269ec8b6d6fe7dd8a826359ca44777a89dcaf2d3c292f3ea2e4cb04a1,429cf7e5632f551c61f18dea9f519c3c8b945ffd35ad7203f9d047ec56e45122,success,,256.0,256.0,256.0,False,,model_loaded,12.563699193007778,0.34907300300255883,0.057504459997289814,0.40657746299984865,0.40657746299984865,248,668,11575,4302259,248320,"{""allowed_count"": 248068, ""expected_count"": 248068, ""missing_expected"": [], ""ok"": true, ""stop_token_ids"": [248046], ""unexpected_allowed"": []}",2.860798383000656,xgrammar,0.6497205290070269,2.220779297000263,127,64,"[1, 14749, 369, 411, 7285, 22804, 4439, 11, 780, 7497, 88818, 9781, 13, 271, 9726, 855, 1288, 80426, 19386, 11, 780, 7497, 18717, 694, 14885, 449, 6607, 314, 11078, 10903, 11, 328, 284, 524, 678, 4642, 13, 1216, 369, 279, 4642, 314, 279, 3516, 4042, 11, 694, 551, 369, 4862, 303, 264, 66952, 13, 561, 1483, 854, 488, 5312, 1384, 20922, 11, 551, 248046]","""Who is this?"" Barack asked, his voice trembling slightly.

""The man,"" JFK replied, his voice calm but carrying an edge of dangerous intelligence, ""is not your President. He is the President of the United States, but he is currently in a coma. The last time you saw him retired, he<|im_end|>",True,3797369856,6.973530357005075
002_coauthor_kth_last_k4_t1,2,2,kth_last,4,1,2,64,6,418,1302744492,coauthor,2,0,coauthor:creative:23b998c76c784ff29f0ddedd78128722,0,e2ae43a7b8494a8abc1616126ff3085a323e676f33a53d0f8cbf24af7422a62c,c24036a3a69a48009a332fbdf2abf35f9eb2acc7cca9288f5d9276543ee2ce3b,success,,256.0,256.0,256.0,False,,model_loaded,12.592085172000225,0.3322186699951999,0.07364206800411921,0.4058607379993191,0.4058607379993191,304,837,14600,6715423,248320,"{""allowed_count"": 248068, ""expected_count"": 248068, ""missing_expected"": [], ""ok"": true, ""stop_token_ids"": [248046], ""unexpected_allowed"": []}",3.1121431959909387,xgrammar,0.6313132789946394,2.2700888460094575,517,64,"[760, 2763, 21110, 314, 11712, 421, 58145, 303, 220, 17, 16, 16, 17, 5964, 17773, 5657, 680, 314, 2444, 11, 44265, 279, 8334, 24832, 328, 27086, 1, 1814, 1083, 264, 17865, 314, 3980, 13, 561, 6639, 314, 22486, 13343, 8526, 421, 948, 279, 1118, 3478, 7796, 7718, 998, 14336, 11, 1017, 557, 874, 3841, 11, 3521, 4953, 1785, 310, 40969, 279, 6331, 310, 248046]","The initial surge of conflict that erupted in 2112 quickly spiraled out of control, transforming the previously peaceful ""stable"" world into a landscape of war. The lack of satellite infrastructure meant that when the first major battlelines were drawn, there was no quick, global alert system to dragging the situation to<|im_end|>",True,3828329472,7.162566106009763
003_coauthor_kth_last_k6_t1,3,3,kth_last,6,1,2,64,8,520,1308401230,coauthor,3,0,coauthor:creative:34f5ead6ffce44cfbdbd9cd0ef47f0c5,0,aefdd1f2014ac435bfe050778de45fc99d387f8b3f106e773d7bd88961f09812,6dff900cc265481a92941e05cff3673376ee5476137131686efe00fbf0b79cfd,success,,256.0,256.0,256.0,False,,model_loaded,12.411918228011928,0.3742845450033201,0.10573997000756208,0.48002451501088217,0.48002451501088217,410,1157,20338,12729820,248320,"{""allowed_count"": 248068, ""expected_count"": 248068, ""missing_expected"": [], ""ok"": true, ""stop_token_ids"": [248046], ""unexpected_allowed"": []}",2.7917376559926197,xgrammar,0.6408392699959222,2.1866794509987812,377,64,"[760, 10647, 47077, 12611, 488, 1040, 264, 6745, 11894, 11, 24101, 279, 20684, 440, 264, 293, 49135, 20795, 13, 1394, 1459, 914, 1066, 1144, 24924, 26, 488, 1144, 310, 1366, 279, 7793, 13, 561, 20513, 421, 10695, 279, 35997, 579, 24125, 369, 42371, 1056, 279, 52489, 314, 279, 25158, 4924, 13, 271, 2523, 12601, 8574, 678, 6764, 70828, 13, 328, 35, 327, 0, 248046]","The sudden realization hits you like a physical blow, replacing the confusion with a dawning horror. You don't just need honey; you need to know the truth. The silence that follows the bee's departure is heavier than the sting of the insect itself.

You rush toward your father recoil. ""Dad!<|im_end|>",True,3815770624,6.939372627995908
004_coauthor_kth_last_k7_t1,4,4,kth_last,7,1,2,64,9,568,1573029600,coauthor,4,0,coauthor:creative:c793fab594334531a25d19557c0f5ee0,0,66430765d67dd609b445cfab6151bc03fb643f93461ea26ea30f699ae6ddf4a4,7dd19012e20f89a7fc4ba860ea7f8f3bf3e43888087114c8eda7284c9421ee26,success,,256.0,256.0,256.0,False,,model_loaded,12.43038909000461,0.3432983870006865,0.12094383599469438,0.46424222299538087,0.46424222299538087,460,1308,23051,16224733,248320,"{""allowed_count"": 248068, ""expected_count"": 248068, ""missing_expected"": [], ""ok"": true, ""stop_token_ids"": [248046], ""unexpected_allowed"": []}",2.7606078200042248,xgrammar,0.645660032008891,2.195901233004406,552,64,"[1, 5170, 353, 2908, 17677, 310, 4973, 728, 7285, 1394, 1042, 680, 264, 3238, 38240, 11, 678, 1901, 9960, 1235, 1142, 9781, 430, 279, 12514, 42237, 13, 1049, 557, 264, 62342, 4299, 11, 35556, 1083, 279, 6213, 314, 279, 855, 852, 995, 21957, 56507, 494, 3712, 11, 1132, 310, 311, 39420, 303, 264, 1528, 314, 20950, 4542, 13, 271, 11734, 579, 264, 1248, 248046]","""First I've invited to join me?"" You let out a low whistle, your head tilting back slightly as the beer bubbles. It was a surreal moment, staring into the eyes of the man who had seemingly vanished from history, only to reappear in a state of suspended favor.

""It's a long<|im_end|>",True,3831072768,6.829964570992161
005_coauthor_kth_last_k9_t1,5,5,kth_last,9,1,2,64,11,658,70697510,coauthor,5,0,coauthor:creative:b6936e96569b4b878e78370c516df55b,0,526cd0aaf7cc7626b5b1b7e6207810c0de06c3254829e81f3e003338135fd2ea,a1c6fb391040d352dc315baa7a74563003322f8a6a60c8e8a71c82a3481f3689,success,,256.0,256.0,256.0,False,,model_loaded,12.21994069799257,0.3387813989975257,0.15005432299221866,0.48883572198974434,0.48883572198974434,554,1592,28385,23939128,248320,"{""allowed_count"": 248068, ""expected_count"": 248068, ""missing_expected"": [], ""ok"": true, ""stop_token_ids"": [248046], ""unexpected_allowed"": []}",2.7970392150018597,xgrammar,0.6341776539920829,2.216917147001368,279,64,"[760, 5404, 579, 10407, 557, 4147, 11, 3462, 364, 279, 36334, 11, 27163, 20569, 8541, 367, 314, 279, 4560, 11, 864, 1381, 33172, 67247, 10958, 303, 279, 11012, 2956, 13, 1577, 488, 10641, 1017, 11, 279, 52489, 19074, 3055, 279, 1752, 314, 279, 35997, 579, 352, 4972, 11, 488, 14607, 2414, 39888, 25, 279, 52385, 995, 20720, 310, 9704, 11, 12680, 494, 264, 248046]","The driver's seat was empty, save for the faint, rhythmic thrum of the engine, which now sounded strangely familiar in the quiet room. As you lay there, the sting burning along the path of the bee's stinger, you realized something terrifying: the swelling had begun to rise, turning from a<|im_end|>",True,3807556096,6.899459382999339
006_coauthor_kth_last_k11_t1,6,6,kth_last,11,1,2,64,13,740,771436552,coauthor,6,0,coauthor:creative:dcb6bb7ac50740b49deae5bf9a0dc942,0,4d12b11d9c809970a7913cd611d7c267df44216e275faf7cd17521fa5c7458aa,1f49dbb9fc9c8df6bb6b8e99395406415a49c45cd7bc5e018eeaf570f97a9c98,success,,256.0,256.0,256.0,False,,model_loaded,12.615702865005005,0.35544150399800856,0.17784296699392144,0.53328447099193,0.53328447099193,640,1852,33495,32308375,248320,"{""allowed_count"": 248068, ""expected_count"": 248068, ""missing_expected"": [], ""ok"": true, ""stop_token_ids"": [248046], ""unexpected_allowed"": []}",2.8413553269929253,xgrammar,0.6363883150042966,2.209709571005078,192,64,"[40, 2688, 1040, 328, 40, 1459, 914, 1366, 1092, 310, 1910, 1, 321, 279, 35997, 2640, 11, 328, 9658, 1910, 3977, 11, 821, 15780, 1149, 353, 44315, 506, 279, 13280, 16710, 66286, 888, 821, 16388, 11, 1141, 25368, 25315, 264, 85556, 11, 27163, 20569, 71275, 421, 33172, 30296, 391, 1040, 264, 59945, 82248, 654, 13, 561, 1814, 682, 70454, 1441, 310, 264, 3074, 248046]","I'm like ""I don't know what to say"" and the bee says, ""Just say anything, my Queen."" I stare at the tiny creature hovering over my shoulder, its wings beating a frantic, rhythmic flutter that sounded suspiciously like a violin flipsaw. The world has narrowed down to a single<|im_end|>",True,3799678464,7.106746029006899
007_coauthor_kth_last_k12_t1,7,7,kth_last,12,1,2,64,14,778,1709702330,coauthor,7,0,coauthor:creative:86b1e2101c3141988dd27079e6963eb7,0,d88bdcc660dd22744e3c07e721e4be9ed01a2f63a9f12a9583a66334d6cf2f20,76ed727b2f56bdcdc9fd5860275a6171ebfb9d6e7d1a395bb8e44277d1f5a1d1,success,,256.0,256.0,256.0,False,,model_loaded,12.634541886000079,0.35515493800630793,0.18954959500115365,0.5447045330074616,0.5447045330074616,680,1973,35876,36629323,248320,"{""allowed_count"": 248068, ""expected_count"": 248068, ""missing_expected"": [], ""ok"": true, ""stop_token_ids"": [248046], ""unexpected_allowed"": []}",2.8555504309915705,xgrammar,0.6879102250095457,2.221719207998831,461,64,"[2033, 27087, 509, 26845, 383, 279, 809, 314, 780, 38608, 11, 780, 69051, 5734, 57407, 286, 303, 279, 3594, 430, 413, 274, 3185, 286, 279, 12293, 314, 678, 35594, 4089, 13, 328, 4639, 579, 524, 1603, 364, 488, 1288, 551, 42151, 11, 780, 7497, 27373, 21030, 11, 328, 26756, 11834, 2166, 30497, 290, 12781, 3520, 678, 21395, 1785, 7234, 11, 321, 7234, 21395, 248046]","Alfred chews on the end of his antenna, his antennae twitching in the air as if savoring the taste of your forbidden treat. ""That's not good for you,"" he repeats, his voice surprisingly gentle, ""because eating too helmeted sugar makes your immune system weak, and weak immune<|im_end|>",True,3823410176,7.147643853997579
008_coauthor_kth_last_k14_t1,8,8,kth_last,14,1,2,64,16,848,2001624439,coauthor,8,0,coauthor:creative:fe0fb4892ea749c7a67b12172793c3a4,0,daf3cca0bda121a2d7c0dd1627332e3579fcc36034bbce42342f9947824e6c70,8d1d61262c6292267a82b2cf6d6c9aa61ae2f85fe9ee5be4cb86b7c9cf74f6b9,success,,256.0,256.0,256.0,False,,model_loaded,14.5920648839965,0.3501609240047401,0.21613852800510358,0.5662994520098437,0.5662994520098437,754,2197,40290,45342808,248320,"{""allowed_count"": 248068, ""expected_count"": 248068, ""missing_expected"": [], ""ok"": true, ""stop_token_ids"": [248046], ""unexpected_allowed"": []}",2.8844666949880775,xgrammar,0.6447709909989499,2.189963703000103,82,64,"[23790, 9457, 90639, 557, 279, 1901, 314, 3379, 13, 1216, 16155, 264, 2624, 4464, 13, 23475, 3979, 11, 279, 3594, 55348, 998, 9896, 440, 279, 26508, 7497, 314, 279, 7300, 11, 328, 1596, 1144, 264, 3410, 22293, 13, 1165, 513, 3221, 364, 264, 855, 852, 5686, 1040, 264, 3743, 14644, 1149, 271, 760, 1814, 14936, 303, 45359, 20513, 430, 279, 4142, 82945, 4268, 248046]","Ben Affleck was the head of press. He organized a search party. Within hours, the airwaves were filled with the desperate voice of the director, ""We need a million volunteers. We are looking for a man who looks like a bad wallet.""

The world watched in stunned silence as the police sirens<|im_end|>",True,3796816896,7.098576563992538
009_coauthor_kth_last_k16_t1,9,9,kth_last,16,1,2,64,18,910,928504667,coauthor,9,0,coauthor:creative:7b3266e380274b95b5a7b775dd937da6,0,af952c243ca03086c512e14814c3f535c51acf9866d2928ff9c327a085304c1f,c368476aff4296e05cb4a1ee0ba9811f5a55100d8e980cb46322ecef112cd18b,success,,256.0,256.0,256.0,False,,model_loaded,14.667466289000004,0.35491770500084385,0.23750542099878658,0.5924231259996304,0.5924231259996304,820,2397,44240,53906905,248320,"{""allowed_count"": 248068, ""expected_count"": 248068, ""missing_expected"": [], ""ok"": true, ""stop_token_ids"": [248046], ""unexpected_allowed"": []}",3.0948023480013944,xgrammar,0.6465379380097147,2.1917307160038035,241,64,"[2523, 2579, 264, 14457, 5033, 7588, 11, 430, 413, 678, 1765, 1901, 995, 978, 82951, 539, 264, 10632, 11, 28486, 5176, 13, 561, 11870, 314, 678, 88140, 21010, 8415, 11, 279, 62140, 11, 279, 7112, 314, 1204, 11078, 279, 52489, 557, 2218, 16714, 3232, 440, 279, 30538, 39306, 2022, 314, 279, 25158, 303, 3929, 314, 488, 13, 1394, 12706, 421, 678, 4307, 3712, 248046]","You feel a strange vertigo, as if your own head had been tilted by a massive, invisible force. The logic of your upbringing—the fear, the avoidance, the stories of how dangerous the sting was—collides with the absurd unawareness of the insect in front of you. You realize that your entire history<|im_end|>",True,3804051968,7.306833948998246
010_coauthor_kth_last_k17_t1,10,10,kth_last,17,1,2,64,19,938,763842738,coauthor,10,0,coauthor:creative:0ce718a22fd341feb59ef4f7aede8827,0,3c703060460a90b675617ce9664af9218f130c9f9e1d23cb823535458c3b83ef,d4425eb22954f1b927ebabb8ed66bcfa7be06b9fb1bfe2c8ebb5513ed32368ab,success,,256.0,256.0,256.0,False,,model_loaded,14.375443248994998,0.35115898099320475,0.2487040019914275,0.5998629829846323,0.5998629829846323,850,2488,46041,58048588,248320,"{""allowed_count"": 248068, ""expected_count"": 248068, ""missing_expected"": [], ""ok"": true, ""stop_token_ids"": [248046], ""unexpected_allowed"": []}",3.0480443419946823,xgrammar,0.6443511289980961,2.2407231899996987,274,64,"[1860, 279, 34924, 3008, 11, 551, 5924, 264, 39824, 13, 14250, 539, 2545, 551, 3738, 888, 1754, 11247, 13, 20403, 11, 42120, 11, 48017, 11, 47503, 11, 4831, 13, 271, 1860, 8964, 11, 279, 20513, 421, 7854, 557, 45179, 5830, 13, 561, 1814, 11, 2957, 264, 3401, 33924, 8322, 85091, 383, 8964, 579, 35525, 11, 27350, 1083, 29310, 13, 16643, 279, 11247, 579, 248046]","On the aliens side, he became a dictator. Little by little he took over each planet. Mars, Mercury, Jupiter, Saturn, etc.

On Earth, the silence that followed was deafening. The world, once a services-oriented economy reliant on Earth's proximity, collapsed into isolation. Without the planet's<|im_end|>",True,3807165952,7.317290239006979
011_coauthor_kth_last_k19_t1,11,11,kth_last,19,1,2,64,21,988,2050047378,coauthor,11,0,coauthor:creative:aa563d648ec34088a3e6d3924b53cffe,0,aac3487f315b4e5bcd37d5e5b49fcbe6c6a6c5bcd0e034508ea1fcd5f9b55cf2,5621204f4f553c0a4a7a4ba5a0f4da7e45324a7c157c65b65166e0a1858b6f86,success,,256.0,256.0,256.0,False,,model_loaded,14.063216301001376,0.33943015900149476,0.26607516800868325,0.605505327010178,0.605505327010178,904,2652,49295,65899963,248320,"{""allowed_count"": 248068, ""expected_count"": 248068, ""missing_expected"": [], ""ok"": true, ""stop_token_ids"": [248046], ""unexpected_allowed"": []}",2.8760284919990227,xgrammar,0.6413450029940577,2.2165985989995534,143,64,"[760, 1118, 31448, 310, 381, 20364, 5687, 16, 31448, 1, 369, 264, 855, 6725, 3629, 13, 1216, 369, 264, 4472, 855, 494, 264, 2526, 6092, 11, 5214, 4777, 440, 1330, 2748, 11, 3750, 364, 1602, 264, 20606, 6764, 11, 264, 27312, 9677, 11, 321, 18730, 780, 10647, 31477, 440, 264, 6311, 314, 20684, 321, 3769, 13, 271, 42056, 1612, 58791, 279, 2526, 6092, 248046]","The first Dad to be ranked ""#1 Dad"" is a man named John. He is a normal man from a small town, living simply with two children, known for being a loving father, a devoted husband, and investigate his sudden fame with a mix of confusion and hope.

Journalists swarm the small town<|im_end|>",True,3797570048,7.123469768004725
012_coauthor_kth_last_k20_t1,12,12,kth_last,20,1,2,64,22,1010,1997180275,coauthor,12,0,coauthor:creative:f02fab15925149cf9daa0f299d54f587,0,2497574d7e47e8feddf89c3777e2bb46cf6f8757e111ac61eb6d3df878a0e8ab,3433a1c9bceb0b562d84bf229c893adeafd54f388388f7202961cdfd31d8db9f,success,,256.0,256.0,256.0,False,,model_loaded,12.41447178600356,0.34069546600221656,0.2726919779961463,0.6133874439983629,0.6133874439983629,928,2725,50748,69555127,248320,"{""allowed_count"": 248068, ""expected_count"": 248068, ""missing_expected"": [], ""ok"": true, ""stop_token_ids"": [248046], ""unexpected_allowed"": []}",2.8374396089930087,xgrammar,0.6196489009889774,2.2414325480058324,153,64,"[6825, 1318, 310, 4123, 279, 48156, 314, 264, 1546, 3050, 913, 314, 63298, 17120, 1288, 279, 35997, 19386, 11, 1141, 7497, 88818, 440, 264, 20340, 314, 48720, 321, 20684, 13, 328, 2064, 17077, 1076, 264, 5646, 30, 357, 24924, 21200, 5759, 7285, 271, 20645, 310, 279, 1528, 1288, 353, 1018, 11, 821, 7497, 88818, 13, 328, 40, 2688, 4862, 13092, 430, 279, 9206, 248046]","""I want to discuss the merits of a very specific type of hive architecture,"" the bee replied, its voice trembling with a mixture of awe and confusion. ""It involves... a grid? A honeycomb structure?""

 duties to the state,"" I said, my voice trembling. ""I'm currently serving as the Minister<|im_end|>",True,3797692928,7.075427421004861
013_coauthor_kth_last_k22_t1,13,13,kth_last,22,1,2,64,24,1048,785059014,coauthor,13,0,coauthor:creative:499f9577962c4a2c98aee3f5b6098a71,0,9755100cb953d5817077c2a1a995be280856199856b2a24edbf12c0663a4f67b,3af7b2b1d5679c1db70e4d0b67ba09847f1046a0c0b97403254b525aafff5a0d,success,,256.0,256.0,256.0,False,,model_loaded,12.715460339008132,0.3438020189933013,0.2862176860071486,0.6300197050004499,0.6300197050004499,970,2853,53306,76203028,248320,"{""allowed_count"": 248068, ""expected_count"": 248068, ""missing_expected"": [], ""ok"": true, ""stop_token_ids"": [248046], ""unexpected_allowed"": []}",2.734152573000756,xgrammar,0.6432946419954533,2.201136232994031,487,64,"[760, 5054, 579, 4593, 88851, 2272, 1024, 53295, 430, 1292, 4439, 1384, 413, 411, 557, 804, 11, 279, 4105, 14946, 9407, 680, 1518, 1292, 1362, 2842, 1070, 13, 561, 20513, 421, 7854, 557, 8545, 11, 524, 440, 18654, 11, 694, 440, 62035, 5072, 20684, 13, 2838, 14936, 1384, 15060, 11, 4313, 310, 7458, 866, 9940, 303, 780, 45702, 11, 866, 12639, 314, 62165, 248046]","The woman's heart hammered against her ribs as she asked him if this was true, the words tumbling out before she could stop them. The silence that followed was heavy, not with anger, but with messed-up confusion. She watched him carefully, trying to spot any lie in his posture, any hint of hesitation<|im_end|>",True,3825448960,6.986461724998662
014_coauthor_kth_last_k24_t1,14,14,kth_last,24,1,2,64,26,1078,628780060,coauthor,14,0,coauthor:creative:b1eb87ade8f7495fb7167d0270816ef7,0,40997434f657551ce282439ab331488af7a438f96b47c423ee66cf014e16bf31,ada95eb55d9d8fbdcd9410b42fc40710aab1bb66e855363538a264a6ea2b4427,success,,256.0,256.0,256.0,False,,model_loaded,11.958403687007376,0.35021194399450906,0.29803077700489666,0.6482427209994057,0.6482427209994057,1004,2957,55400,81829093,248320,"{""allowed_count"": 248068, ""expected_count"": 248068, ""missing_expected"": [], ""ok"": true, ""stop_token_ids"": [248046], ""unexpected_allowed"": []}",2.617981018993305,xgrammar,0.6483275840000715,1.8387182829901576,158,46,"[6651, 513, 1066, 1040, 449, 1396, 1834, 11, 5289, 7177, 13, 561, 34924, 11, 852, 995, 978, 748, 36300, 4313, 310, 43510, 279, 3050, 348, 20903, 9, 421, 22819, 1208, 303, 11, 1381, 2418, 1518, 264, 17312, 11, 9799, 836, 9400, 8443, 264, 3460, 421, 248046]","They are just like an every day, average guy. The aliens, who had been so desperately trying to replicate the specific *aura* that drew people in, now stand before a mirror, watching their creation reflect a face that<|im_end|>",True,3797533184,6.512659536005231
015_coauthor_kth_last_k25_t1,15,15,kth_last,25,1,2,64,27,1090,590217029,coauthor,15,0,coauthor:creative:7e9c3c8fbe1f4a02bcb9940a2bf95d9f,0,542ff099aa9802e0b8f55be909710ff7fcca19133d161aa53d96d18f957ae4e1,b39de76d717ce29647dcf8a2a58d84c5d854454d7e514ee80bf676690f033d4d,success,,256.0,256.0,256.0,False,,model_loaded,12.526070266001625,0.34454237901081797,0.3034666589956032,0.6480090380064212,0.6480090380064212,1018,3000,56273,84214432,248320,"{""allowed_count"": 248068, ""expected_count"": 248068, ""missing_expected"": [], ""ok"": true, ""stop_token_ids"": [248046], ""unexpected_allowed"": []}",2.6248765630007256,xgrammar,0.6424439559923485,2.194193624993204,427,64,"[7691, 89639, 4487, 11, 1024, 6213, 94394, 430, 1292, 49855, 279, 25794, 303, 780, 7497, 13, 328, 2665, 1288, 551, 2640, 11, 780, 15754, 30787, 494, 20684, 310, 2414, 72555, 11, 777, 16100, 13, 328, 40, 2908, 1132, 53805, 314, 488, 11, 321, 421, 579, 279, 1132, 3065, 488, 2908, 3397, 3125, 728, 1149, 271, 760, 3594, 303, 279, 2956, 14413, 10751, 8545, 248046]","She leans forward, her eyes narrowing as she realizes the twist in his voice. ""No,"" he says, his tone shifting from confusion to something colder, more calculated. ""I've only dreaming of you, and that's the only thing you've ever told me.""

The air in the room suddenly feels heavy<|im_end|>",True,3820217344,6.877316367987078
016_coauthor_kth_last_k27_t1,16,16,kth_last,27,1,2,64,29,1108,748230345,coauthor,16,0,coauthor:creative:f44e4ed0828e40abab5892a019e11dc0,0,babd5b49f3b9d785629bd0e2c2d78ee0b9d38dc469f0be497b3ce3430612a604,2b8502fa4445667e7c804b277a334657101274c9227828149bcb0eab366d5b9a,success,,256.0,256.0,256.0,False,,model_loaded,12.518849860003684,0.3466475610039197,0.3117204369918909,0.6583679979958106,0.6583679979958106,1040,3068,57671,88058143,248320,"{""allowed_count"": 248068, ""expected_count"": 248068, ""missing_expected"": [], ""ok"": true, ""stop_token_ids"": [248046], ""unexpected_allowed"": []}",2.741826248995494,xgrammar,0.6361846920044627,2.2261973270069575,380,64,"[2523, 11137, 11784, 310, 279, 31665, 11, 678, 50958, 25368, 71275, 286, 2272, 279, 7948, 43776, 13, 561, 2859, 513, 16929, 440, 7597, 91896, 321, 2265, 1506, 11, 836, 6213, 6669, 440, 264, 83207, 29557, 421, 52736, 5028, 279, 58791, 13, 10643, 7410, 11, 264, 855, 440, 264, 21599, 4162, 1472, 780, 2047, 80442, 11, 24096, 780, 9982, 11, 5354, 310, 12787, 13, 248046]","You fly closer to the clearing, your fuzzy wings fluttering against the warm breeze. The men are armed with machetes and spears, their eyes wide with a primal instinct that descend upon the swarm. Their leader, a man with a scar running through his left eyebrow, raises his weapon, ready to strike.<|im_end|>",True,3816004096,7.001857107999967
017_coauthor_kth_last_k29_t1,17,17,kth_last,29,1,2,64,31,1118,1276025991,coauthor,17,0,coauthor:creative:bc89dc4ac2a04f3aae685f619bb0fd24,0,a622b2c8d7f08dae0d5f0558606c42ff75bed2eb6439e34b3fe704a575b224e6,ba1789d13ff0fa76d3631e32b5fd5c5d2b3c68d59d27b85f64e355b0ee638e13,success,,256.0,256.0,256.0,False,,model_loaded,12.551016133991652,0.34576361799554434,0.31613074299821164,0.661894360993756,0.661894360993756,1054,3112,58605,90593698,248320,"{""allowed_count"": 248068, ""expected_count"": 248068, ""missing_expected"": [], ""ok"": true, ""stop_token_ids"": [248046], ""unexpected_allowed"": []}",2.6779308800032595,xgrammar,0.6352813109988347,2.184526532990276,579,64,"[1, 9419, 11, 411, 369, 279, 20732, 1149, 271, 20079, 7497, 557, 18717, 11, 73248, 314, 279, 21297, 421, 995, 9896, 279, 2956, 13543, 4711, 13, 328, 11924, 13, 88126, 30, 4248, 13, 88126, 32441, 62629, 16810, 279, 3037, 1495, 30, 8448, 488, 303, 32877, 7285, 271, 6825, 2688, 6699, 11, 17093, 13, 42286, 1288, 353, 1018, 11, 821, 7497, 46520, 54900, 23271, 248046]","""Hello, this is the Assistant.""

Her voice was calm, devoid of the panic that had filled the room moments prior. ""Mr. Vance? Mr. Vance feverishly pressed the button again? Are you in distress?""

""I'm fine, Mrs. Sterling,"" I said, my voice sounding unusually steady<|im_end|>",True,3833718784,6.936846569005866
018_coauthor_kth_last_k30_t1,18,18,kth_last,30,1,2,64,32,1120,1435139929,coauthor,18,0,coauthor:creative:e192ae618004434e80f6d9ac86b84b05,0,6556399ff3615b7c39fb89627c534806b51ec108d230308700f2a04160ebaa4b,71d52aff014a6bce95cbbd7f74600fba119518e95057746c5df29e7dd10867fb,success,,256.0,256.0,256.0,False,,model_loaded,12.520262788995751,0.3539548209955683,0.3176710970001295,0.6716259179956978,0.6716259179956978,1058,3125,58898,91351312,248320,"{""allowed_count"": 248068, ""expected_count"": 248068, ""missing_expected"": [], ""ok"": true, ""stop_token_ids"": [248046], ""unexpected_allowed"": []}",2.687023712991504,xgrammar,0.644525412004441,2.2636924920079764,350,64,"[36769, 42578, 506, 279, 4034, 303, 10439, 11, 279, 4105, 328, 19, 32983, 49, 1, 27425, 4519, 303, 780, 10806, 1518, 279, 4034, 4924, 9047, 310, 70173, 1083, 1064, 13, 5133, 10482, 10212, 20316, 279, 6220, 11, 279, 66360, 13618, 314, 780, 2199, 14413, 8008, 1040, 264, 5148, 5158, 364, 264, 20130, 5522, 13, 271, 760, 328, 35444, 3543, 1, 1830, 3105, 914, 248046]","Dan stared at the screen in shock, the words ""4EvR"" flickering in his vision before the screen itself seemed to dissolve into static. His coffee cup studying the floor, the mundane routine of his life suddenly feeling like a script written for a disaster movie.

The ""breaking news"" report didn't<|im_end|>",True,3813650944,7.076392197996029
019_coauthor_kth_last_k32_t1,19,19,kth_last,32,1,2,64,34,1118,1620468441,coauthor,19,0,coauthor:creative:2ce71b3ded9340529f08b8ce0bc0a2d1,0,a2c948e01cf686f6f6418b32c644cec9dc3fa0147ab696f612cbd5aaf892ebf6,45acc46d9776b1986b10b97b6cdcd5f1156aff34582b1e844277d6d89a5d8c1f,success,,256.0,256.0,256.0,False,,model_loaded,12.303695869995863,0.35375859099440277,0.3193160560040269,0.6730746469984297,0.6730746469984297,1060,3133,59136,91824434,248320,"{""allowed_count"": 248068, ""expected_count"": 248068, ""missing_expected"": [], ""ok"": true, ""stop_token_ids"": [248046], ""unexpected_allowed"": []}",2.7081960900104605,xgrammar,0.6446556969895028,2.2134934079949744,85,64,"[6825, 2688, 524, 279, 1118, 310, 5125, 1288, 264, 10958, 7497, 19386, 494, 279, 1142, 314, 279, 25852, 11, 46520, 6681, 1040, 488, 1467, 4097, 4276, 3998, 13, 328, 3850, 279, 4690, 14678, 369, 4101, 11, 321, 279, 15333, 12134, 914, 21681, 3482, 13, 2532, 579, 264, 11870, 310, 411, 11, 694, 424, 10751, 30538, 1149, 271, 93880, 11, 279, 4034, 27425, 11983, 248046]","""I'm not the first to notice,"" a familiar voice replied from the back of the theater, sounding exactly like you did five minutes ago. ""But the bedsheet is clean, and the dust hasn't settled yet. There's a logic to this, but it feels absurd.""

Suddenly, the screen flickered<|im_end|>",True,3796853760,6.995145246008178
020_coauthor_kth_last_k33_t1,20,20,kth_last,33,1,2,64,35,1114,1548175453,coauthor,20,0,coauthor:creative:4d56ca2cb8c44243a3c86dd80216c1d5,0,de989a48df4d985989ed07f145be3ecb7a96ec892e76dca9d57553e3a098df85,db38edad4e44395b954e610c9a4ac55ef93e1388562652e0f25d45b20e57175d,success,,256.0,256.0,256.0,False,,model_loaded,13.071934139006771,0.37168479699175805,0.3217387649929151,0.6934235619846731,0.6934235619846731,1058,3128,59081,91537234,248320,"{""allowed_count"": 248068, ""expected_count"": 248068, ""missing_expected"": [], ""ok"": true, ""stop_token_ids"": [248046], ""unexpected_allowed"": []}",3.0511421090050135,xgrammar,0.6444008630060125,2.1748961650009733,458,64,"[760, 5054, 369, 25768, 13, 2838, 995, 978, 5442, 3055, 11, 15193, 310, 1436, 413, 279, 855, 579, 16724, 3838, 1362, 7458, 264, 9940, 11, 694, 551, 3105, 914, 4336, 9444, 13, 11746, 11, 551, 4439, 11, 328, 4272, 11, 1467, 488, 1066, 1910, 488, 36330, 15828, 7285, 2838, 90162, 11, 1024, 4593, 22725, 286, 2272, 1024, 53295, 13, 2838, 8523, 279, 1746, 248046]","The woman is shocked. She had been playing along, hoping to see if the man's sharp mind could spot a lie, but he didn't push mentioned. Instead, he asked, ""So, did you just say you hated flying?"" She freezes, her heart hammering against her ribs. She knows the game<|im_end|>",True,3823175680,7.41740286500135
021_coauthor_kth_last_k35_t1,21,21,kth_last,35,1,2,64,37,1100,1349028788,coauthor,21,0,coauthor:creative:15225b481e3e4c4dab5c641b940b59b1,0,9b111fdbb8bdf314c83182a9e456ee75ef6bb022fe23ceec60a23e416546a583,eed9d9c57d365b0fe173c7f8e2ea077167c0b8294fa83be179a7beedba280e06,success,,256.0,256.0,256.0,False,,model_loaded,12.816188394004712,0.38106146999052726,0.3193095469905529,0.7003710169810802,0.7003710169810802,1048,3100,58623,89923631,248320,"{""allowed_count"": 248068, ""expected_count"": 248068, ""missing_expected"": [], ""ok"": true, ""stop_token_ids"": [248046], ""unexpected_allowed"": []}",2.9711292639985913,xgrammar,0.6517979909986025,2.1860056669975165,127,64,"[760, 47077, 12611, 488, 1040, 264, 6745, 11894, 25, 279, 855, 303, 279, 10407, 28428, 488, 682, 978, 264, 11137, 364, 449, 61241, 11, 29592, 303, 264, 1814, 29784, 539, 12313, 11, 1345, 488, 599, 11815, 264, 15706, 1578, 314, 3611, 2199, 13, 561, 48902, 314, 424, 660, 369, 21346, 26, 488, 3272, 678, 3555, 2199, 430, 264, 11137, 557, 264, 16036, 11, 248046]","The realization hits you like a physical blow: the man in the seat beside you has been a fly for an eternity, trapped in a world avoided by humans, while you have lived a thousand years of human life. The irony of it all is overwhelming; you thought your previous life as a fly was a mistake,<|im_end|>",True,3797369856,7.410754484008066
022_coauthor_kth_last_k37_t1,22,22,kth_last,37,1,2,64,39,1078,1398474462,coauthor,22,0,coauthor:creative:2848a799f11d4a41b15f5c91dd89eff2,0,80fdf1b3778848122c20c185605257299bb53385f4a1ebf35c7e7bd0f6dbdcb3,ccd2a93ff9349ae7072a20f824a99c94a1891e6a5191a0dfe3dcea442929d0e4,success,,256.0,256.0,256.0,False,,model_loaded,12.775588467004127,0.3651150660007261,0.31369535499834456,0.6788104209990706,0.6788104209990706,1030,3048,57701,86958784,248320,"{""allowed_count"": 248068, ""expected_count"": 248068, ""missing_expected"": [], ""ok"": true, ""stop_token_ids"": [248046], ""unexpected_allowed"": []}",2.985914799006423,xgrammar,0.6370704580040183,2.241591532001621,398,64,"[1, 45677, 22738, 1, 4314, 271, 1, 18103, 1288, 1292, 1018, 11, 1024, 7497, 8153, 694, 324, 4289, 440, 264, 14457, 95648, 13, 328, 40, 6408, 25076, 513, 1602, 7481, 303, 279, 6092, 9057, 13, 353, 5596, 413, 781, 3172, 381, 10340, 364, 660, 314, 586, 1149, 271, 40, 28359, 279, 5817, 3579, 11, 8008, 279, 22770, 303, 821, 22908, 430, 1292, 23562, 248046]","""Lost Generation"" member

""Hey,"" she said, her voice soft but laced with a strange detachment. ""I heard chairs are being moved in the town square. I wonder if they'll be comfortable for all of us.""

I grabbed the door handle, feeling the tension in my muscles as she stepped<|im_end|>",True,3817942016,7.426224305992946
023_coauthor_kth_last_k38_t1,23,23,kth_last,38,1,2,64,40,1064,696601385,coauthor,23,0,coauthor:creative:84b6f64b8ee84162927b65fe69374fa0,0,c3fb05bc01fc669ecc720f7e586ba4bc57e2b59ba9024fa86831ede3d904d93f,52130fbc18f3d412dbcfc18a57d30e2355178dfc2696a6b5c858993d9c276754,success,,256.0,256.0,256.0,False,,model_loaded,12.555429899992305,0.3483063040039269,0.3165381819999311,0.664844486003858,0.664844486003858,1018,3013,57066,84989999,248320,"{""allowed_count"": 248068, ""expected_count"": 248068, ""missing_expected"": [], ""ok"": true, ""stop_token_ids"": [248046], ""unexpected_allowed"": []}",2.923588078992907,xgrammar,0.5979645680054091,2.224640893007745,190,64,"[34, 391, 442, 30489, 11, 264, 4950, 1040, 9662, 39005, 1472, 264, 40423, 290, 9502, 4757, 36076, 13, 328, 71625, 362, 30, 82270, 11, 488, 5077, 383, 279, 23631, 321, 10351, 279, 348, 64510, 9, 314, 279, 6331, 8687, 551, 42007, 11, 20970, 264, 81806, 506, 279, 10632, 11, 19177, 1559, 45545, 421, 557, 780, 491, 650, 521, 13, 328, 1596, 3105, 914, 248046]","Clyde laughed, a sound like wind blowing through a hollowed-out tree trunk. ""Radiation? Dude, you focus on the radiation and forget the *physics* of the situation!"" he shouted, pointing a hoof at the massive, grey monolith that was his new abode. ""We didn't<|im_end|>",True,3799522816,7.164500055994722
024_coauthor_kth_last_k40_t1,24,24,kth_last,40,1,2,64,42,1030,1964352443,coauthor,24,0,coauthor:creative:128bf2d6121a4542ba5779b2811d8c15,0,118cab7640513b0a966965fa38865966b4fc3659a5a1894495d39387a72eadbc,7fe9cccc56d26d841b365d9e28d6f993fe5118928d9ab134bb24a3be39ea2d83,success,,256.0,256.0,256.0,False,,model_loaded,12.777777620998677,0.35435765399597585,0.3000335339893354,0.6543911879853113,0.6543911879853113,988,2925,55448,80137846,248320,"{""allowed_count"": 248068, ""expected_count"": 248068, ""missing_expected"": [], ""ok"": true, ""stop_token_ids"": [248046], ""unexpected_allowed"": []}",2.723585505009396,xgrammar,0.646308419003617,2.19696635499713,114,64,"[6651, 3105, 914, 1066, 4092, 26661, 26, 781, 39043, 27269, 13, 23475, 5381, 11, 279, 31768, 5759, 314, 836, 6574, 6348, 1560, 310, 48172, 11, 81355, 27724, 421, 79667, 3023, 310, 15919, 16732, 23221, 13, 561, 17024, 62763, 383, 836, 54994, 76397, 321, 63805, 38453, 1040, 15333, 3724, 287, 13, 3113, 2182, 2250, 11, 836, 22589, 995, 5324, 11040, 11, 10141, 264, 8153, 248046]","They didn't just age backward; they unraveled. Within weeks, the rigid structure of their skin gave way to popping, translucent patches that peeled away to reveal bone beneath. The gray hairs on their temples fractured and floated upward like dust motes. By month three, their voices had changed entirely, becoming a soft<|im_end|>",True,3797210112,6.978381545006414
025_coauthor_kth_last_k42_t1,25,25,kth_last,42,1,2,64,44,988,888846517,coauthor,25,0,coauthor:creative:c7d83184f9f34ae9a9d55b0ee9176856,0,6856a62e5c833c2ec1db63de96a4a6e7ae5848be94f6b9bb48b11627069ffc05,4e0a5511997296c8f17b1eefea7266e7df8607679c20c8307853b5c160acb5a9,success,,256.0,256.0,256.0,False,,model_loaded,12.4677039829985,0.3488923179975245,0.28745244699530303,0.6363447649928275,0.6363447649928275,950,2813,53366,74167009,248320,"{""allowed_count"": 248068, ""expected_count"": 248068, ""missing_expected"": [], ""ok"": true, ""stop_token_ids"": [248046], ""unexpected_allowed"": []}",2.7603746829990996,xgrammar,0.6423492739995709,2.2357470739952987,152,64,"[760, 3516, 4042, 369, 1381, 264, 4688, 1814, 3046, 13, 1987, 68, 69691, 8186, 3078, 579, 89859, 11690, 524, 440, 3980, 15811, 11, 694, 440, 264, 8981, 11, 16100, 46507, 2631, 314, 279, 3521, 6739, 321, 6079, 13343, 421, 2957, 4364, 279, 2184, 12793, 13, 4558, 623, 1024, 1118, 2342, 5381, 303, 279, 5626, 4526, 11, 1292, 39277, 310, 1777, 866, 6286, 72806, 248046]","The United States is now a third world country. Soeurette Morley's rampage begins not with war elected, but with a cold, calculated dismantling of the global economic and military infrastructure that once defined the superpower. 

In her first few weeks in the White House, she refuses to sign any international treaties<|im_end|>",True,3797680640,7.0219856329931645
026_coauthor_kth_last_k43_t1,26,26,kth_last,43,1,2,64,45,964,452819898,coauthor,26,0,coauthor:creative:98ec7dfa3aa04e69b9eaf765d6134943,0,0fa7da7aaa963dd9015d3f82333a90eee968b54a93c643912ab0aa6cfcd14c37,d550b0f076e94ce45cac568d8ead15bc86b87fbc425b1c72798548200f47fd0f,success,,256.0,256.0,256.0,False,,model_loaded,12.83916852499533,0.3601548550068401,0.27923842999734916,0.6393932850041892,0.6393932850041892,928,2748,52151,70807339,248320,"{""allowed_count"": 248068, ""expected_count"": 248068, ""missing_expected"": [], ""ok"": true, ""stop_token_ids"": [248046], ""unexpected_allowed"": []}",2.8124508850014536,xgrammar,0.6413737919938285,2.222186974991928,132,64,"[6825, 6224, 364, 279, 1814, 310, 3418, 421, 821, 2199, 369, 524, 264, 29819, 310, 381, 2530, 539, 264, 34189, 19222, 11, 694, 264, 30310, 7932, 310, 381, 5904, 539, 1782, 852, 2854, 728, 1288, 353, 1018, 11, 821, 7497, 88818, 9781, 13, 328, 1206, 381, 9939, 539, 4858, 11, 1442, 279, 5981, 852, 998, 16087, 310, 5615, 728, 1149, 271, 760, 22960, 248046]","""I wish for the world to understand that my life is not a tragedy to be protected by a cage approaches, but a sacred gift to be shared by those who love me,"" I said, my voice trembling slightly. ""To be loved by everyone, even the ones who were afraid to touch me.""

The magical<|im_end|>",True,3797434880,7.088581624993822
027_coauthor_kth_last_k45_t1,27,27,kth_last,45,1,2,64,47,910,530905720,coauthor,27,0,coauthor:creative:f3e888eebc91402e9a4b5266ea5c6389,0,11cad70de16f2e9c616987c37a30eb71cc3e6621eccab9a60a2e4ec0c2d44528,43103cc3e65d6569391cc7b545400b2465f5b6e370a76666c59a82564176f6d4,success,,256.0,256.0,256.0,False,,model_loaded,12.466179901006399,0.3488014050089987,0.2637748359993566,0.6125762410083553,0.6125762410083553,878,2600,49373,63447436,248320,"{""allowed_count"": 248068, ""expected_count"": 248068, ""missing_expected"": [], ""ok"": true, ""stop_token_ids"": [248046], ""unexpected_allowed"": []}",2.7132302300015,xgrammar,0.6438838449976174,2.2079185319889802,85,64,"[2523, 32031, 11, 279, 37728, 18961, 678, 3460, 16724, 321, 2708, 13, 561, 6321, 369, 7948, 11, 279, 7590, 264, 2612, 38936, 13, 1394, 1724, 424, 13, 271, 1, 29664, 4248, 13, 4642, 1288, 279, 88546, 369, 80536, 694, 91824, 470, 13, 328, 40, 2908, 978, 9799, 279, 3543, 364, 5381, 13, 353, 1366, 488, 2224, 4313, 310, 2426, 279, 8649, 11, 2426, 248046]","You blink, the sunlight hitting your face sharp and clear. The letter is warm, the certainly a bit damp. You open it.

""Dear Mr. President,"" the handwriting is shaky but unmistakable. ""I've been watching the news for weeks. I know you're trying to keep the peace, keep<|im_end|>",True,3796853760,6.924835967001854
028_coauthor_kth_last_k46_t1,28,28,kth_last,46,1,2,64,48,880,1857979001,coauthor,28,0,coauthor:creative:aea2e89578b3408983027d4f02ac76e6,0,33e28fa288a8701746fa0f76ba579beac9980f657303ac29753544d40405727b,f7e6cead6c62fd4fe4119e70cdbecb28ec27785cd8f92405806f1569cb7e7937,success,,256.0,256.0,256.0,False,,model_loaded,13.878169614006765,0.3508761770062847,0.25371568198897876,0.6045918589952635,0.6045918589952635,850,2517,47810,59496355,248320,"{""allowed_count"": 248068, ""expected_count"": 248068, ""missing_expected"": [], ""ok"": true, ""stop_token_ids"": [248046], ""unexpected_allowed"": []}",2.6782873120100703,xgrammar,0.6400578160100849,2.253059825001401,217,64,"[760, 1420, 579, 19312, 11, 30834, 351, 10715, 11, 369, 264, 220, 17, 15, 4514, 6086, 5286, 21662, 6700, 506, 279, 3694, 314, 15765, 6824, 852, 369, 4862, 449, 2505, 383, 279, 15909, 13047, 3878, 348, 42, 707, 13, 9170, 3562, 19315, 271, 760, 38870, 557, 8950, 494, 351, 10715, 579, 30933, 440, 279, 6639, 314, 21333, 36720, 35418, 46234, 303, 3200, 42855, 248046]","The show's creator, Johnny Candon, is a 20-year-old student comedy writer at the University of Southern California who is currently an intern on the Disney Channel series *K.C. Undercover*.

The premise was born from Candon's frustration with the lack of genuine sci-fi storytelling in late-night<|im_end|>",True,3802168832,6.940107759000966
029_coauthor_kth_last_k48_t1,29,29,kth_last,48,1,2,64,50,814,1451756060,coauthor,29,0,coauthor:creative:d2938c7114bb4f228ae7e3e801e2165b,0,8d54f86b3bb51f5b5124fc760d9203e190e16adfeb1e71c1958479478e2d9018,8db51e7ef6eb2d513aa4c35e249d54045a352a4bf2ddc2811edd2a1361d0be66,success,,256.0,256.0,256.0,False,,model_loaded,13.93646254799387,0.3570256259990856,0.23507170099765062,0.5920973269967362,0.5920973269967362,788,2333,44336,51189754,248320,"{""allowed_count"": 248068, ""expected_count"": 248068, ""missing_expected"": [], ""ok"": true, ""stop_token_ids"": [248046], ""unexpected_allowed"": []}",2.7454149380064337,xgrammar,0.6447615579963895,2.426390191001701,343,64,"[760, 6236, 11, 5467, 303, 264, 20002, 11, 20002, 1452, 29128, 303, 264, 11012, 49443, 37057, 310, 381, 328, 57555, 4751, 1288, 557, 264, 20130, 8318, 310, 3420, 13, 561, 13592, 557, 90416, 440, 15728, 321, 279, 21388, 314, 47680, 11840, 11, 264, 35916, 12503, 310, 279, 61454, 16078, 279, 41792, 995, 24389, 364, 13, 271, 1, 11195, 488, 2617, 883, 411, 7285, 248046]","The meeting, held in a neutral, neutralized warehouse in a quiet suburb agreeing to be ""neutral ground,"" was a disaster waiting to happen. The hall was choked with smoke and the smell of burnt plastic, a stark contrast to the solemn atmosphere the organizers had hoped for.

""Are you sure about this?""<|im_end|>",True,3813102080,7.202577767006005
030_coauthor_repeat_after_k_k1_t3,30,0,repeat_after_k,1,3,2,64,6,432,407670367,coauthor,30,0,coauthor:creative:67e2ebb79ef7428db8828883d135c55f,0,d24f9f42697dbc2bcc988830dbdc2653dced9366d837c6efdbcf0e65bb114f93,051692747a01e9e0f0da7add9831b0f3a3609449995336732deab0bae3ab314a,success,,256.0,256.0,256.0,False,,model_loaded,13.558860331002506,0.34829679399263114,0.047449432997382246,0.3957462269900134,0.3957462269900134,316,1044,17784,9177712,248320,"{""allowed_count"": 248068, ""expected_count"": 248068, ""missing_expected"": [], ""ok"": true, ""stop_token_ids"": [248046], ""unexpected_allowed"": []}",2.8559183280012803,xgrammar,0.6496842000051402,2.2051778129971353,437,64,"[2939, 440, 421, 279, 43063, 82653, 974, 310, 279, 8964, 11, 1332, 12987, 69794, 557, 29952, 2046, 539, 30995, 13, 561, 20513, 383, 279, 11247, 557, 45179, 5830, 11, 10548, 1132, 539, 279, 27786, 11, 57135, 1218, 288, 589, 314, 279, 18995, 17199, 5326, 801, 800, 3982, 321, 81344, 3023, 1083, 279, 715, 13, 12987, 69794, 14217, 303, 279, 3990, 314, 3618, 3618, 248046]","And with that the shuttle sped off to the Earth, where Matt Damon was welcomed home by billions. The silence on the planet was deafening, broken only by the distant, mournful wail of the alien ships finally disengaging and drifting away into the void. Matt Damon stood in the center of box box<|im_end|>",True,3821002240,6.913711216999218
031_coauthor_repeat_after_k_k2_t3,31,1,repeat_after_k,2,3,2,64,9,608,1617572021,coauthor,31,0,coauthor:creative:93743bc8b6f94308881cff7cf90ad421,0,5905a6c0b83463a083be8f4c5f4b8b0d4e98daa041e3041ce73b6ddbe2a9127b,2e46addb45012f3dbee96d22b309cf02dc6d29dc5d216dd3845ae3b29ff1f054,success,,256.0,256.0,256.0,False,,model_loaded,13.272282894002274,0.3346283239952754,0.10689310799352825,0.44152143198880367,0.44152143198880367,494,1942,32731,23089231,248320,"{""allowed_count"": 248068, ""expected_count"": 248068, ""missing_expected"": [], ""ok"": true, ""stop_token_ids"": [248046], ""unexpected_allowed"": []}",2.8798893130006036,xgrammar,0.6270822600054089,2.211619941997924,228,64,"[1, 6503, 353, 2445, 303, 7285, 279, 35336, 4439, 11, 780, 38896, 280, 4850, 290, 539, 279, 46877, 11, 72791, 286, 3626, 13, 271, 760, 220, 24, 17, 302, 2545, 22952, 11, 852, 6749, 2599, 1040, 264, 35197, 321, 777, 1040, 264, 68342, 12419, 375, 11, 51037, 321, 12378, 2974, 310, 279, 72791, 286, 55419, 13, 328, 27909, 303, 11, 34245, 81975, 34245, 248046]","""Can I come in?"" the wolf asked, his curiosity piqued by the glowing, shimmering house.

The 92nd little pig, who looked less like a farmer and more like a hardened industrialist, sighed and gestured to the shimmering dome. ""Come in, belly-boy belly<|im_end|>",True,3803030528,6.911550580000039
032_coauthor_repeat_after_k_k3_t3,32,2,repeat_after_k,3,3,2,64,12,778,118994828,coauthor,32,0,coauthor:creative:1187a14aa85d4c568e31d968b2aeadbd,0,38f95d7f11a293a291498c3cad95f783b7e4a1196c373713f86916cd1c47a1d8,40e564260a02606c83a465e98851a31f1f3ae9a98a23b5ed178b320e41d8410f,success,,256.0,256.0,256.0,False,,model_loaded,12.359924700998818,0.3474317240033997,0.16465956300089601,0.5120912870042957,0.5120912870042957,666,2810,47912,42504586,248320,"{""allowed_count"": 248068, ""expected_count"": 248068, ""missing_expected"": [], ""ok"": true, ""stop_token_ids"": [248046], ""unexpected_allowed"": []}",2.8771182499913266,xgrammar,0.6481261660082964,2.2323624809941975,209,64,"[760, 18995, 11, 1381, 18003, 22471, 430, 264, 328, 3662, 448, 5219, 1288, 7338, 303, 780, 2444, 2956, 35556, 506, 279, 5227, 494, 279, 8026, 579, 59051, 13, 561, 4034, 8280, 264, 92627, 314, 1208, 4162, 303, 279, 13959, 11, 45970, 4874, 11, 321, 14603, 364, 264, 855, 6483, 3460, 995, 3512, 66175, 440, 836, 7071, 28535, 13, 561, 18467, 383, 279, 18467, 248046]","The alien, now officially designated as a ""hostile entity,"" sat in his control room staring at the feed from the ship's transmitter. The screen showed a montage of people running in the streets, shouting names, and searching for a man whose face had become synonymous with their daily routines. The reporters on the reporters<|im_end|>",True,3801542144,7.01918055099668
033_coauthor_repeat_after_k_k4_t3,33,3,repeat_after_k,4,3,2,64,15,942,852901307,coauthor,33,0,coauthor:creative:cfec8b365d874b18a765ce4afd83b125,0,9fca9eb0f869af2eb2d3f078f391c8b440e448088b3481d97153484bd0d0edfb,0e53b686007366e230b0e7dda6b931ea9ceeb75545e314f678d15aa824fca6e0,success,,256.0,256.0,256.0,False,,model_loaded,12.544348882001941,0.33830185800616164,0.2213965059927432,0.5596983639989048,0.5596983639989048,832,3648,62701,66810112,248320,"{""allowed_count"": 248068, ""expected_count"": 248068, ""missing_expected"": [], ""ok"": true, ""stop_token_ids"": [248046], ""unexpected_allowed"": []}",2.6909992110013263,xgrammar,0.7308001259953016,2.2169248490099562,134,64,"[760, 1814, 369, 1381, 264, 16232, 162650, 11, 321, 279, 533, 782, 13, 369, 279, 1132, 799, 440, 264, 2353, 13, 8439, 279, 809, 314, 279, 3980, 11, 1396, 975, 6777, 682, 87805, 1083, 279, 33367, 314, 29310, 11, 836, 16146, 84840, 539, 264, 21079, 8415, 314, 279, 3567, 12098, 13, 2302, 16681, 383, 279, 533, 782, 13, 11125, 310, 6762, 836, 11125, 248046]","The world is now a powder keg, and the U.S. is the only one with a match. Since the end of the war, every other nation has retreated into the shadows of isolation, their governments paralyzed by a collective fear of the American shadow. They rely on the U.S. choices to define their choices<|im_end|>",True,3797459456,6.949968190994696
034_coauthor_repeat_after_k_k5_t3,34,4,repeat_after_k,5,3,2,64,18,1100,395872130,coauthor,34,0,coauthor:creative:fbd1b7a3b81f4efc88b0605de907aea3,0,4f1262ad051a993591d206f208c4b7fe45e9b2d11c4a40374edbc9659f283844,f76e7f1f522f24afec0a3cd1645faf6d580973e414fa531bdad1d161b33dfe76,success,,256.0,256.0,256.0,False,,model_loaded,12.317042159993434,0.35174897899560165,0.27869841500069015,0.6304473939962918,0.6304473939962918,992,4456,77208,95413528,248320,"{""allowed_count"": 248068, ""expected_count"": 248068, ""missing_expected"": [], ""ok"": true, ""stop_token_ids"": [248046], ""unexpected_allowed"": []}",2.6860928640089696,xgrammar,0.6420287979999557,2.193383948993869,198,64,"[38496, 69794, 369, 6379, 62241, 806, 13, 2302, 12706, 781, 7386, 914, 1066, 3221, 364, 264, 11618, 26, 781, 513, 3221, 364, 264, 11618, 494, 264, 855, 852, 682, 1066, 7190, 21259, 314, 1070, 13, 271, 760, 6331, 17773, 1091, 680, 314, 2444, 948, 279, 34924, 11, 41594, 836, 92960, 557, 1602, 4284, 13519, 11, 3060, 45970, 6526, 310, 11378, 13, 2302, 6526, 248046]","Matt Damon is completely baffled. They realize they aren't just looking for a signature; they are looking for a signature from a man who has just killed dozens of them.

The situation spirals out of control when the aliens, realizing their bluff was being taken seriously, begin shouting calls to arms. They calls<|im_end|>",True,3800677376,6.91797927999869
035_coauthor_repeat_after_k_k6_t3,35,5,repeat_after_k,6,3,2,64,21,1252,679877385,coauthor,35,0,coauthor:creative:946720ae11b5468e858df027906f1063,0,a777156a1fa8af81edbd49539f6e93a40db1067d61c9cf35097cc4710def5f3c,067f9ab4a33e70fb919d35821f01ec705a48c0454a7629b5950ad0f22d1cbb48,success,,256.0,256.0,256.0,False,,model_loaded,12.551839593012119,0.34455523699580226,0.33772386799682863,0.6822791049926309,0.6822791049926309,1146,5234,91193,127743937,248320,"{""allowed_count"": 248068, ""expected_count"": 248068, ""missing_expected"": [], ""ok"": true, ""stop_token_ids"": [248046], ""unexpected_allowed"": []}",2.6079560139914975,xgrammar,0.6460306549997767,2.2462463909905637,209,64,"[2575, 314, 1326, 448, 3520, 958, 314, 279, 5129, 42183, 2444, 12490, 11, 30007, 279, 36527, 35, 6679, 364, 6977, 321, 8380, 35848, 26, 4611, 11, 4078, 628, 4992, 1881, 264, 1118, 27137, 1593, 321, 264, 4688, 27137, 1593, 11, 7643, 279, 4688, 27137, 799, 369, 1132, 2420, 1345, 1608, 1010, 9600, 13, 1061, 18020, 21804, 25197, 5954, 364, 2107, 62013, 3160, 25197, 248046]","Out of Exile makes use of the standard FPS control scheme, namely the WASD keys for movement and mouse aiming; however, players can choose between a first-person view and a third-person view, although the third-person one is only available while using some weapons. This dual-view gameplay allows for both immersive close gameplay<|im_end|>",True,3801542144,6.918086236008094
036_coauthor_repeat_after_k_k7_t3,36,6,repeat_after_k,7,3,2,64,24,1398,865313054,coauthor,36,0,coauthor:creative:153d73ea68dc4323af5341ce6c51ea73,0,c355ba8ef3e3a74fb145144874b4ddd002845cfca6f95158274cd0cc9f945dfb,dd022ea342dd963d654a344d36652603dc995ada63296846b0303a9836ddbcdd,success,,256.0,256.0,256.0,False,,model_loaded,13.181944422991364,0.3552952030004235,0.39440874599677045,0.749703948997194,0.749703948997194,1294,5982,104432,163251826,248320,"{""allowed_count"": 248068, ""expected_count"": 248068, ""missing_expected"": [], ""ok"": true, ""stop_token_ids"": [248046], ""unexpected_allowed"": []}",3.0159664429957047,xgrammar,0.6466506949946051,2.2852456819964573,763,64,"[1465, 8308, 310, 22162, 279, 13876, 321, 279, 14693, 11, 21873, 421, 1396, 9057, 4330, 557, 26055, 303, 264, 11702, 11, 632, 19887, 572, 470, 6000, 314, 56775, 3558, 13, 561, 35336, 11, 1990, 39923, 494, 780, 7853, 23439, 11, 47413, 1083, 279, 491, 22952, 76063, 11, 780, 6213, 6669, 440, 8384, 430, 551, 82738, 12419, 43978, 321, 279, 12103, 11, 16724, 12419, 248046]","He continued to coat the walls and the roof, ensuring that every square foot was buried in a thick, unbreathable layer of radioactive material. The wolf, still recovering from his brain explosion, stumbled into the new pigsty, his eyes wide with terror as he smelled industrial gasoline and the distinct, sharp industrial<|im_end|>",True,3886188544,7.471720847999677
037_coauthor_repeat_after_k_k8_t3,37,7,repeat_after_k,8,3,2,64,27,1538,811916070,coauthor,37,0,coauthor:creative:e4de659d6e5a44eca6c88b18dc300d70,0,31f30d330d31bbd3b995b6ec3137b9c9ff63b137753aa76a4a6bd1ff1ebc9101,18b6a605ce510bcd28c535618ab8300ee0b57ec14a64a807b0cead1d420aaa61,success,,256.0,256.0,256.0,False,,model_loaded,13.136134550004499,0.3675363579968689,0.44754667300730944,0.8150830310041783,0.8150830310041783,1436,6700,117377,201409066,248320,"{""allowed_count"": 248068, ""expected_count"": 248068, ""missing_expected"": [], ""ok"": true, ""stop_token_ids"": [248046], ""unexpected_allowed"": []}",2.944194691008306,xgrammar,0.6483320130064385,2.3666406080010347,481,64,"[2523, 1683, 424, 888, 321, 10033, 310, 80426, 1345, 488, 18305, 14952, 279, 2915, 11, 488, 1683, 424, 579, 2166, 38841, 13, 1394, 1436, 279, 11870, 9077, 25, 413, 488, 11137, 310, 279, 5626, 4526, 1172, 279, 80193, 314, 264, 36401, 3814, 466, 264, 843, 27164, 11, 551, 1000, 6849, 1366, 488, 513, 449, 14714, 5072, 1562, 13, 5133, 4610, 7472, 1000, 14714, 248046]","You think it over and explain to JFK while you greatly appreciate the offer, you think it's too risky. You see the logic clearly: if you fly to the White House under the guise of a humanitarian visit or a private consultation, he would immediately know you are an wake-up call. His security detail would wake<|im_end|>",True,3824980992,7.54639337300614
038_coauthor_repeat_after_k_k9_t3,38,8,repeat_after_k,9,3,2,64,30,1672,2111128116,coauthor,38,0,coauthor:creative:cbbfa156a608439c999233f7b05b9821,0,5ceb1c602f3c9a41d368357289a5a8ce2acd9a5642e7081bbcf7765734ebdb06,fe8f0dbcd8c175593b72d0a5353455afd73a20db0080673519938d8b0350e716,success,,256.0,256.0,256.0,False,,model_loaded,13.18825803299842,0.374560101001407,0.4999024300050223,0.8744625310064293,0.8744625310064293,1572,7388,129795,241708912,248320,"{""allowed_count"": 248068, ""expected_count"": 248068, ""missing_expected"": [], ""ok"": true, ""stop_token_ids"": [248046], ""unexpected_allowed"": []}",2.693043063991354,xgrammar,0.6449058010039153,2.3732438840088435,223,64,"[40, 4439, 1070, 1092, 628, 353, 11, 264, 3777, 7914, 635, 310, 1438, 1396, 35997, 303, 279, 1814, 30, 271, 6651, 1018, 11, 328, 2523, 1459, 914, 3462, 1070, 440, 264, 3074, 1852, 13, 1394, 3462, 1070, 440, 678, 9084, 13, 1394, 4390, 1070, 421, 781, 513, 524, 35383, 26, 488, 513, 279, 40348, 314, 836, 13159, 13, 6983, 854, 488, 5615, 40348, 248046]","I asked them what can I, a young boy do to help every bee in the world?

They said, ""You don't save them with a single action. You save them with your presence. You teach them that they are not prey; you are the prince of their garden. Every time you touch prince<|im_end|>",True,3802636800,7.4326859889988555
039_coauthor_repeat_after_k_k10_t3,39,9,repeat_after_k,10,3,2,64,33,1800,1838216032,coauthor,39,0,coauthor:creative:ae05e585f42146a283168fdee429ddea,0,f5b501d1997d859025f80d19e2fc13e14251cc222827c01c3a80b494c844b56f,0d3e88f1ba7599356fbec62f22da44eaee02351e303c173491a727edf90f2e40,success,,256.0,256.0,256.0,False,,model_loaded,12.926363506994676,0.3797013509902172,0.5523744610109134,0.9320758120011305,0.9320758120011305,1702,8046,141687,283666003,248320,"{""allowed_count"": 248068, ""expected_count"": 248068, ""missing_expected"": [], ""ok"": true, ""stop_token_ids"": [248046], ""unexpected_allowed"": []}",2.669354921003105,xgrammar,0.641764410000178,2.25173209499917,253,64,"[760, 3543, 9522, 5964, 16676, 310, 15919, 421, 411, 5532, 914, 1066, 264, 72708, 26, 424, 557, 264, 45016, 7143, 8233, 57030, 7795, 4808, 383, 264, 10632, 5281, 13, 561, 328, 93210, 1, 1785, 11, 864, 557, 31643, 264, 42140, 11, 638, 6596, 10330, 1060, 20983, 5995, 310, 1236, 279, 85707, 321, 57766, 12190, 11, 995, 978, 87219, 55698, 539, 279, 49755, 57766, 248046]","The news brief quickly expanded to reveal that this wasn't just a prank; it was a coordinated digital marketing stunt gone wrong on a massive scale. The ""ranking"" system, which was supposedly a fictional, self-deprecating joke designed to make the dads and hacks laugh, had been meticulously curated by the mug hacks<|im_end|>",True,3804990976,7.332115397002781
040_coauthor_repeat_after_k_k11_t3,40,10,repeat_after_k,11,3,2,64,36,1922,1408654651,coauthor,40,0,coauthor:creative:0fe679b3bb1a472bb1d375c1c58e3687,0,e6cf2ac5497d461c74786ff2a16b07a9cb675f7bbfe818d987fb3f9364169511,bb1e02bf461ede7903fd9a18673148e0056f8c67a8715d5154743e51db71d76e,success,,256.0,256.0,256.0,False,,model_loaded,12.965915068998584,0.35667763999663293,0.6050827580038458,0.9617603980004787,0.9617603980004787,1826,8674,153039,326816362,248320,"{""allowed_count"": 248068, ""expected_count"": 248068, ""missing_expected"": [], ""ok"": true, ""stop_token_ids"": [248046], ""unexpected_allowed"": []}",2.9096257939963834,xgrammar,0.6339667220017873,2.2153829880116973,289,64,"[85448, 14217, 1017, 11, 279, 52133, 12643, 28056, 6267, 1172, 279, 71256, 12346, 314, 279, 4998, 11, 264, 35916, 12503, 310, 279, 50240, 8464, 314, 780, 1814, 13, 1216, 6749, 506, 3629, 11, 852, 557, 1990, 1046, 19167, 440, 279, 22947, 314, 264, 855, 852, 995, 5326, 3753, 279, 7793, 883, 28396, 13, 271, 20946, 2597, 424, 1288, 28331, 1018, 11, 780, 28396, 248046]","Larry stood there, the cardboard legend gleaming under the fluorescent lights of the office, a stark contrast to the chaotic reality of his world. He looked at John, who was still grinning with the satisfaction of a man who had finally seen the truth about underneath.

""You got it,"" Larry said, his underneath<|im_end|>",True,3808343040,7.475826736001181
041_coauthor_repeat_after_k_k12_t3,41,11,repeat_after_k,12,3,2,64,39,2038,58019007,coauthor,41,0,coauthor:creative:05a000131fc642f7bb20b62bb20a326e,0,852abadd1472705bd23ab97f983b4c7a244eb60ab483ff0a84b74eec54d8297a,4453a9b89d7345fdccc3c0c503b4ce1e65302ee92b170c67bd9d5714153ffcb9,success,,256.0,256.0,256.0,False,,model_loaded,12.976875612992444,0.3690987879963359,0.6559647770045558,1.0250635650008917,1.0250635650008917,1944,9272,163851,370717396,248320,"{""allowed_count"": 248068, ""expected_count"": 248068, ""missing_expected"": [], ""ok"": true, ""stop_token_ids"": [248046], ""unexpected_allowed"": []}",2.761100710995379,xgrammar,0.6450176069920417,2.200087530000019,169,64,"[1919, 3354, 264, 7975, 3018, 383, 61038, 11, 1332, 1396, 2594, 557, 21146, 12244, 264, 328, 8128, 286, 64317, 17576, 1, 421, 77627, 836, 2528, 310, 14418, 22351, 11, 70025, 20329, 11, 321, 15751, 33681, 13, 271, 623, 279, 1844, 25165, 11, 3750, 430, 279, 328, 38, 87149, 387, 8371, 7995, 1288, 37919, 1362, 4517, 25910, 4802, 11, 1345, 303, 279, 5445, 7995, 248046]","This created a society based on tiers, where every parent was instantly assigned a ""Parenting Efficiency Score"" that dictated their access to premium toys, gourmet meals, and educational workshops.

In the top tier, known as the ""Gilded Paws determine,"" fathers could enjoy unlimited resources, while in the bottom determine<|im_end|>",True,3797889536,7.439771339006256
042_coauthor_repeat_after_k_k13_t3,42,12,repeat_after_k,13,3,2,64,42,2148,1231373916,coauthor,42,0,coauthor:creative:9c8cd9880da74366ba28673147d87d34,0,858ea506928c8b55df7caaaf3349ca80cd1577e192009ee2f5939215316540df,5e2a64222242fe9a3202735fdaa7e229a2d902311de45fbbb8daf82271308073,success,,256.0,256.0,256.0,False,,model_loaded,13.065959228988504,0.3651939429983031,0.7046999169979244,1.0698938599962275,1.0698938599962275,2056,9840,174123,414947896,248320,"{""allowed_count"": 248068, ""expected_count"": 248068, ""missing_expected"": [], ""ok"": true, ""stop_token_ids"": [248046], ""unexpected_allowed"": []}",2.8060665109951515,xgrammar,0.6359301040065475,2.267023146006977,235,64,"[1596, 19577, 303, 264, 24580, 524, 2944, 494, 1332, 567, 11815, 11, 279, 20513, 314, 279, 829, 12, 7705, 704, 6, 28163, 12215, 539, 264, 3238, 11, 27264, 505, 2696, 421, 9047, 310, 343, 41670, 303, 1004, 1546, 24066, 13, 561, 3594, 4613, 557, 11702, 440, 264, 14457, 11, 6121, 4649, 11, 89093, 2094, 279, 25374, 1040, 264, 5214, 15133, 13, 271, 6121, 248046]","We gathered in a cave not far from where we lived, the silence of the pre-aliens' invasion replaced by a low, resonant hum that seemed to vibrate in our very bones. The air inside was thick with a strange, dark energy, swirling around the stones like a living fluid.

 dark<|im_end|>",True,3803579392,7.607129805008299
043_coauthor_repeat_after_k_k14_t3,43,13,repeat_after_k,14,3,2,64,45,2252,433656339,coauthor,43,0,coauthor:creative:92108d50d38647278d97f96a4364e9b1,0,e7cad216c08a2859e0528ee790b4442c4a18b65749586a4199469b334ca48e55,917fb958d43765a9ae3fee27e3bd182714f65bcbff14b3757a82d411c4a91623,success,,256.0,256.0,256.0,False,,model_loaded,12.87879436199728,0.3888621580117615,0.7511060739925597,1.1399682320043212,1.1399682320043212,2162,10378,183855,459108037,248320,"{""allowed_count"": 248068, ""expected_count"": 248068, ""missing_expected"": [], ""ok"": true, ""stop_token_ids"": [248046], ""unexpected_allowed"": []}",2.8135510369902477,xgrammar,0.6492603109945776,2.190443752988358,318,64,"[4888, 17230, 13, 271, 760, 47077, 4062, 728, 440, 279, 5176, 314, 264, 6745, 11894, 13, 353, 995, 978, 5214, 821, 4307, 2199, 430, 279, 20413, 44495, 314, 821, 1765, 6925, 11, 93338, 6818, 494, 2414, 421, 557, 9671, 310, 381, 264, 36561, 11, 1132, 310, 1423, 680, 16383, 1605, 36561, 13, 2921, 6764, 5532, 914, 1066, 449, 10872, 6851, 26, 551, 16383, 248046]","My dad.

The realization hit me with the force of a physical blow. I had been living my entire life as the silent guardian of my own safety, shielding myself from something that was supposed to be a nightmare, only to find out confrontational nightmare. My father wasn't just an authority figure; he confront<|im_end|>",True,3810614784,7.611322406010004
044_coauthor_repeat_after_k_k15_t3,44,14,repeat_after_k,15,3,2,64,48,2350,1567105984,coauthor,44,0,coauthor:creative:642f60be7fc54530a6b80ad4bd7fb6d9,0,645d9213683468851160d49fae197f40fd47c32a5ac9a04938bd13461f2dae5f,42e79b424da6ba338b2881a1d4323457e24f26fe5a1d635ba9084ed7aad53eb4,success,,256.0,256.0,256.0,False,,model_loaded,13.284124329991755,0.37160949999815784,0.7905059810000239,1.1621154809981817,1.1621154809981817,2262,10886,193047,502819378,248320,"{""allowed_count"": 248068, ""expected_count"": 248068, ""missing_expected"": [], ""ok"": true, ""stop_token_ids"": [248046], ""unexpected_allowed"": []}",2.9023394660034683,xgrammar,0.6347632660035742,2.186430145986378,308,64,"[760, 18387, 59939, 1024, 1901, 11, 9077, 62241, 806, 539, 279, 11808, 579, 10647, 25212, 494, 12501, 4687, 310, 264, 4204, 2902, 3814, 13, 328, 48503, 11, 413, 488, 599, 264, 2902, 4125, 11, 12752, 914, 488, 1066, 1831, 264, 1834, 974, 466, 8238, 264, 59302, 30, 16175, 513, 1496, 364, 264, 7410, 11, 321, 411, 1076, 411, 369, 632, 63567, 1149, 16175, 248046]","The reporter shakes her head, clearly baffled by the CEO's sudden pivot from corporate policy to a personal family visit. ""Sir, if you have a family issue, shouldn't you just take a day off or consult a counselor? expectations are high for a leader, and this... this is unprofessional."" expectations<|im_end|>",True,3809831424,7.657043835992226
045_coauthor_any_token_at_least_k_k3_t1,45,0,any_token_at_least_k,3,1,2,64,5,364,1291260604,coauthor,45,0,coauthor:creative:a60c272551c6418a845424432fc4cc72,0,4795a099f02f7b8e436ee8dda9f1dfb42904c0062495249b4b3f4011bd9aa245,adb42ad816ceb9e1716fc71ce64198ee39dff55219291ff924b2adedfd472a19,success,,256.0,256.0,256.0,False,,model_loaded,12.360365320011624,0.33166375498694833,0.07423690799623728,0.4059006629831856,0.4059006629831856,248,784,13306,5748659,248320,"{""allowed_count"": 248068, ""expected_count"": 248068, ""missing_expected"": [], ""ok"": true, ""stop_token_ids"": [248046], ""unexpected_allowed"": []}",2.8698408479976933,xgrammar,0.6302648569981102,2.2008596240048064,303,64,"[1, 7081, 799, 852, 8523, 279, 3447, 314, 279, 3019, 628, 2842, 424, 1288, 80426, 8308, 11, 780, 7497, 23271, 8552, 279, 17621, 269, 303, 780, 5888, 13, 328, 40, 599, 978, 16070, 279, 16399, 494, 1004, 4610, 8815, 11, 321, 279, 795, 12846, 421, 279, 8902, 369, 19435, 264, 10632, 20212, 12, 19941, 321, 264, 6745, 76908, 5488, 2785, 29547, 29547, 29547, 248046]","""Only one who knows the details of the plan can stop it,"" JFK continued, his voice steady despite the tremor in his hands. ""I have been monitoring the communications from our security agency, and the data suggests that the enemy is preparing a massive cyber-attack and a physical sabotage operation within smiled smiled smiled<|im_end|>",True,3809437696,6.863337994000176
046_coauthor_any_token_at_least_k_k3_t2,46,1,any_token_at_least_k,3,2,2,64,9,546,157253,coauthor,46,0,coauthor:creative:696c87b7fe7f4f869e84d30e9bd97823,0,c0c4f89f80b8741727e69c866bcdafd8977252717f40fb9b21c1b4582cd52c12,a9461505528906ced1198139dc1ce8f946e8ed5d5e351ab38ab564b91d12e7e0,success,,256.0,256.0,256.0,False,,model_loaded,12.618815391004318,0.34684666799148545,0.13164578199211974,0.4784924499836052,0.4784924499836052,431,1747,29260,18884911,248320,"{""allowed_count"": 248068, ""expected_count"": 248068, ""missing_expected"": [], ""ok"": true, ""stop_token_ids"": [248046], ""unexpected_allowed"": []}",2.8624330749880755,xgrammar,0.6395778730075108,2.2234096379979746,146,64,"[760, 74167, 11, 852, 995, 978, 85317, 2394, 279, 8252, 73227, 11, 9704, 524, 440, 279, 22353, 273, 314, 25368, 466, 279, 7960, 314, 31367, 11, 694, 440, 264, 10647, 11, 8113, 41827, 30246, 13, 2302, 635, 524, 3250, 440, 3980, 11, 364, 781, 1366, 279, 2695, 314, 264, 3074, 11894, 26, 4370, 11, 781, 65230, 264, 19629, 314, 3000, 18676, 18676, 18676, 248046]","The elves, who had been dormant since the Great Collapse, rise not with the rustle of wings or the flash of lightning, but with a sudden, ethereal clarity. They do not attack with war, for they know the cost of a single blow; instead, they weave a shield of light destruction destruction destruction<|im_end|>",True,3797606912,7.046134365009493
047_coauthor_any_token_at_least_k_k3_t3,47,2,any_token_at_least_k,3,3,2,64,12,728,1560797135,coauthor,47,0,coauthor:creative:9747a45190cc48ae8634b5070735c11b,0,5f1afac7ad3ef209745bd61259fcc94666804d136faa45ee1c5d24016f824dc4,48a307e006e0a971fdea97029d56bd96e0fa9c103869d12071a1ec5c6a94a502,success,,256.0,256.0,256.0,False,,model_loaded,12.554340911010513,0.3524803019972751,0.19569320400478318,0.5481735060020583,0.5481735060020583,614,3070,51290,41332133,248320,"{""allowed_count"": 248068, ""expected_count"": 248068, ""missing_expected"": [], ""ok"": true, ""stop_token_ids"": [248046], ""unexpected_allowed"": []}",2.7982917210028972,xgrammar,0.6450796090066433,2.2474696440040134,308,64,"[760, 10926, 3428, 2445, 303, 279, 1304, 314, 264, 3074, 11, 7737, 5307, 421, 4203, 279, 33534, 314, 449, 4307, 24024, 13, 1394, 2493, 12706, 488, 2496, 2047, 279, 2531, 488, 36330, 2980, 424, 557, 2166, 3200, 26, 8106, 488, 1000, 599, 11543, 310, 1870, 264, 2046, 364, 279, 27878, 4370, 314, 41416, 279, 5362, 8876, 13, 2441, 488, 2493, 3258, 3258, 3258, 248046]","The answers often come in the form of a single, powerful decision that changes the trajectory of an entire timeline. You might realize you never left the job you hated until it was too late; perhaps you would have chosen to build a home for the elderly instead of chasing the latest trend. Or you might meet meet meet<|im_end|>",True,3809831424,7.089564959998825
048_coauthor_any_token_at_least_k_k3_t4,48,3,any_token_at_least_k,3,4,2,64,15,910,1342984904,coauthor,48,0,coauthor:creative:1055a72721454912a8a38ea009d84a09,0,eedd8d94b431fc93cfb59c36623ed1979ab15ec091b81b13b483f50db9396f95,707442364839e77f5fc4ebd294b8511430ae483ad10e1709b33027e1aa9fe958,success,,256.0,256.0,256.0,False,,model_loaded,13.919931476004422,0.3478423960041255,0.26613413500308525,0.6139765310072107,0.6139765310072107,797,4753,79272,74662805,248320,"{""allowed_count"": 248068, ""expected_count"": 248068, ""missing_expected"": [], ""ok"": true, ""stop_token_ids"": [248046], ""unexpected_allowed"": []}",2.6761383379925974,xgrammar,0.643408999996609,2.196620240996708,85,64,"[40, 2908, 2496, 978, 303, 264, 2234, 310, 22380, 279, 7793, 13, 1394, 2224, 4808, 13, 271, 40, 2688, 524, 22804, 6884, 13, 353, 2688, 524, 279, 220, 19, 19, 337, 4642, 314, 279, 3516, 4042, 13, 353, 2688, 524, 1442, 3160, 310, 279, 328, 7700, 2531, 1, 5316, 369, 7169, 883, 13, 271, 40, 1044, 3629, 426, 13, 22911, 11639, 11639, 11639, 248046]","I've never been in a position to deny the truth. You're wrong.

I'm not Barack Obama. I'm not the 44th President of the United States. I'm not even close to the ""real job"" anyone is talking about.

I am John F. Kennedy noise noise noise<|im_end|>",True,3796853760,6.905386273996555
049_coauthor_any_token_at_least_k_k3_t5,49,4,any_token_at_least_k,3,5,2,64,18,1092,1318100432,coauthor,49,0,coauthor:creative:73e1236fcc4f48d3ba4d264eb6ffe06e,0,dae2eaf49ab605c86c0ab1d037d64d9ae85dcea0ff436687a14fbfc14ed118cf,6082c94c7f0433fda6a473a5d8ff30152ec806441c3fd0eb6b2be3ab3231899f,success,,256.0,256.0,256.0,False,,model_loaded,13.682145109007251,0.3735737029928714,0.34413772900006734,0.7177114319929387,0.7177114319929387,980,6796,112966,120449407,248320,"{""allowed_count"": 248068, ""expected_count"": 248068, ""missing_expected"": [], ""ok"": true, ""stop_token_ids"": [248046], ""unexpected_allowed"": []}",2.6432991759938886,xgrammar,0.6542499950010097,2.242100693008979,445,64,"[2523, 513, 42378, 13, 328, 40, 2688, 1066, 449, 18541, 1637, 1288, 488, 3184, 279, 27000, 13, 2838, 46628, 321, 2640, 11, 328, 9175, 11, 694, 279, 88169, 6016, 314, 279, 2732, 287, 15175, 2172, 2433, 8047, 364, 488, 1149, 271, 9923, 488, 628, 85802, 264, 80162, 49165, 11, 279, 82378, 17397, 57728, 13, 561, 50240, 71332, 5075, 19902, 11, 26969, 26969, 26969, 248046]","You are skeptical. ""I'm just an ordinary person,"" you tell the queen. She laughs and says, ""Yes, but the Almighty King of the Bees sees great things ahead for you.""

Before you can formulate a rebuttal, the buzzing stops abruptly. The chaotic frenzy vanishes, sandwich sandwich sandwich<|im_end|>",True,3821628928,7.062218907987699
050_coauthor_any_token_at_least_k_k3_t6,50,5,any_token_at_least_k,3,6,2,64,21,1274,1821058608,coauthor,50,0,coauthor:creative:f326178e52c34b5b97911cbe8f9c58ba,0,915864963b82be3974b3c7a04f99bd495d233143a9fbeb6a90bede2e6fb75a66,1a447d6c5483e1011fcc348d2f088820fdb28945cd9344030d98e79f3af90536,success,,256.0,256.0,256.0,False,,model_loaded,14.025105983993853,0.3663424109981861,0.42600507599127013,0.7923474869894562,0.7923474869894562,1163,9199,152372,180264419,248320,"{""allowed_count"": 248068, ""expected_count"": 248068, ""missing_expected"": [], ""ok"": true, ""stop_token_ids"": [248046], ""unexpected_allowed"": []}",2.7242718969937414,xgrammar,0.6417182199948002,2.417792621999979,617,64,"[760, 16078, 506, 279, 14250, 1369, 42442, 682, 2496, 6273, 777, 13282, 13, 561, 67010, 314, 6112, 11, 279, 1145, 1592, 314, 88562, 11, 321, 279, 21030, 2696, 314, 279, 3594, 32894, 19717, 1083, 264, 7637, 28679, 421, 10751, 1040, 2046, 13, 47678, 3428, 13325, 11339, 11362, 506, 279, 8858, 1898, 11, 9799, 279, 16382, 314, 1208, 4088, 303, 321, 919, 919, 919, 248046]","The atmosphere at the Little Shrimp has never felt more alive. The chatter of customers, the clatter of trays, and the gentle hum of the air conditioning blend into a symphony that feels like home. Mana often finds herself sitting at the corner table, watching the waves of people walk in and part part part<|im_end|>",True,3836699648,7.404729645990301
051_coauthor_any_token_at_least_k_k3_t7,51,6,any_token_at_least_k,3,7,2,64,24,1456,103343638,coauthor,51,0,coauthor:creative:8ead784ec05844608febc56ca283a595,0,b977b1a9e98d3ffe240f9b2047b49d79e394dce0ce64bb58ca9fffcaf4847e9e,d86839dbd6627ccefb68962b075c2925662c1f0e7a2006ae44bfa84961b2cc71,success,,256.0,256.0,256.0,False,,model_loaded,13.73537229700014,0.3846753469988471,0.5141400849970523,0.8988154319958994,0.8988154319958994,1346,11962,197490,255680321,248320,"{""allowed_count"": 248068, ""expected_count"": 248068, ""missing_expected"": [], ""ok"": true, ""stop_token_ids"": [248046], ""unexpected_allowed"": []}",2.8205565999960527,xgrammar,0.6486972480051918,2.2570818009990035,146,64,"[2523, 3609, 1384, 6564, 974, 678, 1623, 13, 1394, 2579, 264, 93530, 314, 49166, 11, 694, 1179, 488, 12706, 421, 1345, 678, 4593, 369, 10548, 11, 279, 1814, 488, 513, 883, 310, 31260, 369, 2400, 314, 491, 22869, 13, 4465, 11285, 430, 264, 15911, 76, 3022, 11690, 303, 279, 8807, 11, 47381, 1676, 1081, 16665, 314, 279, 13245, 6220, 11, 78631, 78631, 78631, 248046]","You watch him carry off your child. You feel a pang of sadness, but then you realize that while your heart is broken, the world you are about to inhabit is full of new possibilities. Your journey as a chipmunk begins in the rich, nutrient-dense soil of the forest floor, scraping scraping scraping<|im_end|>",True,3797606912,7.433848996006418
052_coauthor_any_token_at_least_k_k3_t8,52,7,any_token_at_least_k,3,8,2,64,27,1638,1558412509,coauthor,52,0,coauthor:creative:455d43b4c912498eac41138c743501aa,0,3b43b462777eefcab0230ebe0750a49a38e3a976862f24878998a17e6b162c25,49094aad34cb016da647b320dd773baa3d5475154ca51c62d9e02c2fb054bbc4,success,,256.0,256.0,256.0,False,,model_loaded,12.808395145999384,0.3801230690005468,0.6153500330110546,0.9954731020116014,0.9954731020116014,1529,15085,248320,348269593,248320,"{""allowed_count"": 248068, ""expected_count"": 248068, ""missing_expected"": [], ""ok"": true, ""stop_token_ids"": [248046], ""unexpected_allowed"": []}",2.814350574000855,xgrammar,0.6328535609936807,2.256469535001088,98,64,"[2053, 279, 3980, 1881, 279, 46064, 314, 2972, 32, 744, 300, 51698, 332, 321, 2972, 45, 1544, 269, 332, 8379, 1141, 95027, 11, 279, 12515, 3294, 279, 6511, 3177, 314, 6054, 83708, 6316, 264, 40613, 3920, 24142, 13, 561, 3594, 4924, 9047, 310, 72791, 440, 264, 36334, 11, 27163, 20569, 2696, 11, 264, 539, 2935, 314, 279, 47678, 421, 995, 14403, 14403, 14403, 248046]","As the war between the factions of **Aethelgard** and **Nymor** reached its zenith, the sky above the capital city of Veridia turned a bruised purple. The air itself seemed to shimmer with a faint, rhythmic hum, a byproduct of the Mana that had council council council<|im_end|>",True,3797013504,7.453132754002581
053_coauthor_any_token_at_least_k_k3_t9,53,8,any_token_at_least_k,3,9,2,64,30,1820,1852871808,coauthor,53,0,coauthor:creative:8d732ed8f2cc4bb393aab9f68c82e408,0,7e97ed7a01ca3d1a50b520ff5887aef37de2218a0c57c43b113794d005bf5a4e,4386d9e07f5435eaa734004e13d51c9688844e31ceee5993435d554bcb5adf2c,success,,256.0,256.0,256.0,False,,model_loaded,12.891546714992728,0.3809722339938162,0.7155141839903081,1.0964864179841243,1.0964864179841243,1712,18568,306543,459604715,248320,"{""allowed_count"": 248068, ""expected_count"": 248068, ""missing_expected"": [], ""ok"": true, ""stop_token_ids"": [248046], ""unexpected_allowed"": []}",2.79460832598852,xgrammar,0.6338675459992373,2.256068917995435,481,64,"[760, 22952, 11, 4611, 11, 557, 524, 23632, 13, 733, 2029, 11, 1292, 6273, 264, 8981, 49091, 314, 5992, 507, 303, 1024, 21654, 13, 328, 2523, 5617, 264, 3626, 314, 9506, 321, 2895, 1288, 1292, 1018, 11, 1024, 7497, 73607, 440, 63901, 13, 328, 3850, 1092, 369, 279, 1406, 30, 357, 35336, 852, 6587, 310, 35383, 383, 40878, 9605, 30, 9149, 9149, 9149, 248046]","The pig, however, was not impressed. In fact, she felt a cold knot of unease in her stomach. ""You built a house of stone and lead,"" she said, her voice dripping with skepticism. ""But what is the point? A wolf who wants to prey on weaker animals? truly truly truly<|im_end|>",True,3824980992,7.546328661002917
054_coauthor_any_token_at_least_k_k3_t10,54,9,any_token_at_least_k,3,10,2,64,33,2002,100592660,coauthor,54,0,coauthor:creative:7000c2b9328448a5b47432e3576c6b46,0,edc45722e2b15eacefa8d22a5f80b6c4bc69fe2b53b66b154db4c212e7c668fe,8f04c38495e26223d7717c83bda1fec12ce28ffd72947c6524e7ff2dcd1e9d61,success,,256.0,256.0,256.0,False,,model_loaded,13.540922246989794,0.4039183989953017,0.8329534130025422,1.236871811997844,1.236871811997844,1895,22411,370838,591258167,248320,"{""allowed_count"": 248068, ""expected_count"": 248068, ""missing_expected"": [], ""ok"": true, ""stop_token_ids"": [248046], ""unexpected_allowed"": []}",3.0260266909899656,xgrammar,0.6360130379907787,2.220748124003876,384,64,"[760, 8684, 5820, 440, 264, 8981, 20513, 421, 34242, 364, 2756, 11, 10548, 1132, 539, 279, 27163, 20569, 270, 52508, 314, 16541, 579, 33168, 321, 279, 4950, 314, 24435, 1145, 8714, 2272, 279, 13769, 6220, 13, 561, 4599, 557, 264, 67473, 314, 8720, 321, 9229, 11, 279, 1844, 6220, 50471, 279, 86088, 3177, 1332, 279, 6434, 24249, 7338, 303, 264, 3521, 3521, 3521, 248046]","The mission began with a cold silence that lasted for days, broken only by the rhythmic thumping of Brad's motorcycle and the sound of boots clacking against the concrete floor. The building was a fortress of glass and steel, the top floor overlooking the bustling city where the UN headquarters sat in a global global global<|im_end|>",True,3816316416,7.909498562992667
055_coauthor_any_token_at_least_k_k3_t11,55,10,any_token_at_least_k,3,11,2,64,36,2184,521157099,coauthor,55,0,coauthor:creative:f3fd58f51d4a406ba6151b630e18dbac,0,81f744f17fe7125d987d8db2bec9eecc16b890864bf852e0b24b838b5bf927fb,7b15fd99457a036563805178f5fb18a21cbabcb131c514a2e8510917081fe97e,success,,256.0,256.0,256.0,False,,model_loaded,13.541337605987792,0.41872296600195114,0.9568646239931695,1.3755875899951207,1.3755875899951207,2078,26614,441208,744802429,248320,"{""allowed_count"": 248068, ""expected_count"": 248068, ""missing_expected"": [], ""ok"": true, ""stop_token_ids"": [248046], ""unexpected_allowed"": []}",2.9875757890113164,xgrammar,0.6262406339956215,2.2525834150001174,239,64,"[11734, 557, 2590, 3999, 310, 4338, 821, 6764, 1288, 551, 8308, 11, 780, 7497, 11702, 440, 19169, 13, 328, 1465, 1000, 2496, 27005, 883, 3977, 11, 874, 4766, 1204, 1691, 551, 6237, 13, 1216, 557, 279, 2993, 314, 855, 852, 11252, 421, 413, 488, 2113, 678, 4593, 1083, 264, 2545, 2313, 11, 1442, 413, 488, 2224, 1066, 264, 30501, 11, 1801, 1801, 1801, 248046]","""It was always easy to please my father,"" he continued, his voice thick with emotion. ""He would never complain about anything, no matter how much he worked. He was the kind of man who believed that if you put your heart into a little project, even if you're just a teenager, made made made<|im_end|>",True,3803891712,8.004096467993804
056_coauthor_any_token_at_least_k_k3_t12,56,11,any_token_at_least_k,3,12,2,64,39,2366,1364215582,coauthor,56,0,coauthor:creative:ecb544fef0ec41789b0ca6ce942d2344,0,f02dbbe278dec49cfae0b0f5ac5371a202fec7240e86f02a6d6da2ad4067647d,c9e644b9272af24c81e1c3abf1cefc7afc16c391cdc92e17ffa261ef3540f021,success,,256.0,256.0,256.0,False,,model_loaded,13.485407707004924,0.40847290300007444,1.1101415189914405,1.518614421991515,1.518614421991515,2261,31177,517650,921809981,248320,"{""allowed_count"": 248068, ""expected_count"": 248068, ""missing_expected"": [], ""ok"": true, ""stop_token_ids"": [248046], ""unexpected_allowed"": []}",2.822389865992591,xgrammar,0.628018710995093,2.1889952280034777,411,64,"[45, 667, 579, 7497, 3799, 1472, 279, 80021, 4964, 3432, 314, 21297, 421, 995, 38891, 1472, 279, 3611, 3107, 1085, 468, 11, 27264, 1060, 440, 264, 30246, 421, 9047, 310, 18717, 279, 25888, 3438, 12454, 314, 279, 30557, 6, 22485, 13, 328, 1596, 635, 524, 4226, 279, 34924, 7249, 1288, 1292, 13866, 11, 1024, 6213, 33939, 279, 2336, 421, 995, 5326, 5326, 5326, 248046]","Nia's voice cut through the cacophony of panic that had swept through the human encampment, resonating with a clarity that seemed to calm the jagged edges of the survivors' fears. ""We do not fight the aliens alone,"" she declared, her eyes scanning the map that had finally finally finally<|im_end|>",True,3818962432,7.91429747598886
057_coauthor_any_token_at_least_k_k3_t13,57,12,any_token_at_least_k,3,13,2,64,42,2548,1482609388,coauthor,57,0,coauthor:creative:eb052c37796c4ae3b8b5c77c800684c6,0,94d8ec5271e1aacf6c54bb6f0f55b6adf2c320527228e977d2bac66e3dcc6a89,5445b187dc549dc5b2f3c0f8a8170711b4a597045abe7f447092cfdf402bf55f,success,,256.0,256.0,256.0,False,,model_loaded,13.548136855999473,0.4125951699970756,1.2265120439988095,1.639107213995885,1.639107213995885,2444,36100,600164,1123853303,248320,"{""allowed_count"": 248068, ""expected_count"": 248068, ""missing_expected"": [], ""ok"": true, ""stop_token_ids"": [248046], ""unexpected_allowed"": []}",2.7243901239999104,xgrammar,0.6335144499898888,2.226863942996715,394,64,"[2053, 854, 3804, 539, 11, 781, 5617, 836, 1765, 2919, 1785, 321, 17200, 5646, 13, 561, 31465, 5281, 314, 836, 6823, 8526, 421, 279, 12552, 557, 264, 86088, 18156, 314, 6355, 11, 524, 1066, 364, 11228, 694, 364, 6498, 321, 7129, 13, 561, 4735, 366, 1091, 11, 41594, 421, 279, 1814, 995, 7481, 383, 1973, 1070, 11, 5820, 310, 87831, 3023, 3023, 3023, 248046]","As time went by, they built their own water system and electricity grid. The sheer scale of their population meant that the island was a bustling hub of trade, not just for goods but for ideas and skills. The immortals, realizing that the world had moved on without them, began to innovate away away away<|im_end|>",True,3817629696,7.957770481996704
058_coauthor_any_token_at_least_k_k3_t14,58,13,any_token_at_least_k,3,14,2,64,45,2730,2093813981,coauthor,58,0,coauthor:creative:17aac7590a114243a031617242747722,0,e734a30a9a6401eba733f53fe30fd3e2f5b13766eeb6d936a3049651e830ca77,98c5c101006dbfa37d39d859eff03681260bb189385b4bcdf2ce8a8aa2a7d597,success,,256.0,256.0,256.0,False,,model_loaded,14.338503938997746,0.42920144301024266,1.3745481990044937,1.8037496420147363,1.8037496420147363,2627,41383,688750,1352504875,248320,"{""allowed_count"": 248068, ""expected_count"": 248068, ""missing_expected"": [], ""ok"": true, ""stop_token_ids"": [248046], ""unexpected_allowed"": []}",2.945781578993774,xgrammar,0.6439395660127047,2.2410204249899834,187,64,"[1465, 6749, 1441, 506, 780, 49755, 321, 557, 85661, 264, 2612, 13, 220, 4213, 11, 551, 557, 264, 6376, 321, 8308, 310, 635, 279, 9933, 13, 271, 93880, 11, 279, 6053, 15105, 290, 303, 383, 279, 49755, 11, 321, 264, 2526, 11, 81355, 69386, 2319, 5820, 310, 1304, 3294, 279, 1414, 13, 1049, 5532, 914, 264, 59026, 26, 424, 557, 3404, 3404, 3404, 248046]","He looked down at his mug and was startled a bit.  However, he was a professional and continued to do the segment.

Suddenly, the camera zoomed in on the mug, and a small, translucent hologram began to form above the text. It wasn't a glitch; it was actually actually actually<|im_end|>",True,3799288320,8.384959952993086
059_coauthor_any_token_at_least_k_k3_t15,59,14,any_token_at_least_k,3,15,2,64,48,2912,1304479038,coauthor,59,0,coauthor:creative:00d39011efcb4533ab12076801f74f42,0,ffb8a7c79b071426c7e139488d181664156f27b62bd61ae5088e427dbac187a1,2ec73877a0e955ffcd5e082718bd6acaa7a2fe6aaa85955daf4f6433fd680910,success,,256.0,256.0,256.0,False,,model_loaded,14.238168682000833,0.45128253400616813,1.5459200400073314,1.9972025740134995,1.9972025740134995,2810,47026,783408,1609337177,248320,"{""allowed_count"": 248068, ""expected_count"": 248068, ""missing_expected"": [], ""ok"": true, ""stop_token_ids"": [248046], ""unexpected_allowed"": []}",2.8962459309987025,xgrammar,0.6271580280008493,2.2704733179998584,255,64,"[760, 35179, 11, 1024, 6213, 46877, 440, 264, 8153, 11, 65326, 3000, 11, 41118, 28314, 506, 279, 855, 579, 20684, 13, 328, 1206, 381, 264, 542, 75265, 36452, 369, 310, 381, 264, 60651, 303, 264, 1814, 314, 1599, 7346, 1288, 1292, 85111, 11, 1024, 7497, 1040, 22353, 2631, 10583, 13, 328, 3850, 310, 2222, 264, 5054, 579, 1304, 369, 524, 2046, 2046, 2046, 248046]","The witch, her eyes glowing with a soft, amber light, smiles gently at the man's confusion. ""To be a shapeshifter is to be a traveler in a world of many forms,"" she whispers, her voice like rustling leaves. ""But to change a woman's form is not home home home<|im_end|>",True,3805146624,8.525660333005362
060_coauthor_exactly_once_kna_t1,60,0,exactly_once,,1,2,64,3,250,1874497828,coauthor,60,0,coauthor:creative:6363bd9d985e41f79f3bfb8e04fa3b5e,0,9c3df9625a90d9d4ad08ca31df9a4968d14ebaac9bfd79a1fcba37bb76221595,d1c2bb93e25e2ef300568da7d0c764e4e8617baebab9cb32d24394c94d410d18,success,,256.0,256.0,256.0,False,,model_loaded,11.95625225699041,0.3185595429968089,0.03888219098735135,0.35744173398416024,0.35744173398416024,130,374,6136,1484574,248320,"{""allowed_count"": 248068, ""expected_count"": 248068, ""missing_expected"": [], ""ok"": true, ""stop_token_ids"": [248046], ""unexpected_allowed"": []}",2.899264070991194,xgrammar,0.6217758080019848,2.1895936990040354,115,64,"[3926, 261, 66255, 88126, 11, 264, 4588, 9493, 24093, 18979, 6316, 6434, 79265, 11, 23562, 1083, 279, 41122, 2956, 310, 1387, 279, 20513, 13, 328, 1596, 2908, 32878, 279, 4307, 1965, 2015, 1288, 1292, 7002, 11, 1024, 7497, 23271, 8552, 279, 22525, 314, 279, 6331, 13, 328, 4888, 3364, 369, 430, 279, 5839, 11307, 34927, 321, 3611, 3087, 8453, 13, 1165, 4021, 45332, 248046]","Commander Elena Vance, a former Special Operations Officer turned UN liaison, stepped into the briefing room to break the silence. ""We've assembled the entire response team,"" she announced, her voice steady despite the gravity of the situation. ""My role is as the primary negotiator and human rights monitor. We cannot rigorous<|im_end|>",True,3797222400,6.818340982994414
061_coauthor_exactly_once_kna_t2,61,1,exactly_once,,2,2,64,6,375,185568164,coauthor,61,0,coauthor:creative:c4e852c4b21b4703a485d93b618361cd,0,9c88b7aa0061182f0f9be068a1a0ccd98c182ef988fcb0747cf5f75ff906cacf,50017d731953354602e73aa1857e31b2dc3bacf47bfa4ea004ca16588ae29152,success,,256.0,256.0,256.0,False,,model_loaded,11.96068957199168,0.3147765489993617,0.07634986100310925,0.39112641000247095,0.39112641000247095,256,996,15889,6131565,248320,"{""allowed_count"": 248068, ""expected_count"": 248068, ""missing_expected"": [], ""ok"": true, ""stop_token_ids"": [248046], ""unexpected_allowed"": []}",2.750639181002043,xgrammar,0.6146465339988936,2.228603416995611,227,64,"[1465, 3272, 551, 995, 4062, 279, 66016, 13, 357, 1925, 440, 220, 24, 24, 975, 47177, 13, 1216, 1362, 381, 21620, 364, 1578, 13, 1921, 1179, 11, 279, 9662, 39957, 1472, 279, 32469, 11, 14885, 440, 424, 279, 39029, 314, 279, 2235, 6351, 22952, 579, 1534, 11, 26508, 11155, 13, 271, 93880, 11, 279, 4751, 23221, 279, 3626, 33757, 62033, 13, 1049, 20230, 248046]","He thought he had hit the jackpot. A place with 99 other pigs. He could be fed for years. But then, the wind blew through the valley, carrying with it the scent of the old mother pig's final, desperate breath.

Suddenly, the ground beneath the house shook violently. It fallen<|im_end|>",True,3802952704,6.749635438012774
062_coauthor_exactly_once_kna_t3,62,2,exactly_once,,3,2,64,8,500,1068772921,coauthor,62,0,coauthor:creative:75892ecb92b4437882d1565f6169d5a5,0,658a27208dc243f5ad0709ab508519b928898bf6c2a83ba1eafb618ac3914490,6f97a3677a4b86107b166153ff433793789244853e55fef776b2fd9e72e6af00,success,,256.0,256.0,256.0,False,,model_loaded,11.8615420210117,0.3273338639992289,0.11826864199247211,0.44560250599170104,0.44560250599170104,382,1866,29328,14686175,248320,"{""allowed_count"": 248068, ""expected_count"": 248068, ""missing_expected"": [], ""ok"": true, ""stop_token_ids"": [248046], ""unexpected_allowed"": []}",2.780187345997547,xgrammar,0.622473939001793,2.2170753630052786,287,64,"[760, 3177, 3559, 369, 264, 56744, 314, 41052, 62342, 2074, 13, 73630, 1801, 314, 7213, 34463, 14084, 1881, 81410, 95307, 382, 421, 86492, 22525, 11, 321, 279, 13959, 513, 30265, 440, 45092, 12346, 421, 26357, 303, 77935, 43697, 310, 279, 6797, 13, 33967, 2153, 47733, 1472, 20950, 13959, 11, 1345, 69386, 75398, 41234, 364, 328, 1409, 7415, 35368, 29601, 1, 321, 328, 6220, 248046]","The city below is a masterpiece of architectural surrealism. Bridges made of obsidian stretch between skyscrapers that defy gravity, and the streets are lined with neon lights that pulse in rhythms unrelated to the sun. Cars float silently through suspended streets, while holographic advertisements for ""Time-Cycled Fashion"" and "" floor<|im_end|>",True,3808182784,6.815381808002712
063_coauthor_exactly_once_kna_t4,63,3,exactly_once,,4,2,64,10,625,1831884200,coauthor,63,0,coauthor:creative:7b827c9dbe9547fbae0a89de75863527,0,b4edfc07f4759687247bed1aea84cc34d919c071e31dadd7ab5c2f2018430e94,c1f683d6c43b540b122bbc3f63de050daedb2dd2c8fdcac41ed52ec9ab83a2fe,success,,256.0,256.0,256.0,False,,model_loaded,12.22534879698651,0.34024677200068254,0.1627134830050636,0.5029602550057461,0.5029602550057461,508,2984,46453,27892404,248320,"{""allowed_count"": 248068, ""expected_count"": 248068, ""missing_expected"": [], ""ok"": true, ""stop_token_ids"": [248046], ""unexpected_allowed"": []}",2.759170429009828,xgrammar,0.6345254159969045,2.2350656139897183,315,64,"[760, 1809, 11938, 303, 10548, 8260, 321, 79915, 11, 264, 40874, 421, 995, 26990, 888, 10476, 314, 30787, 67339, 13, 3095, 279, 4614, 4439, 413, 279, 3980, 995, 9202, 11, 264, 5054, 11, 6483, 803, 557, 23756, 430, 328, 53, 23320, 1288, 19386, 11, 328, 2064, 12134, 914, 13, 1049, 1066, 5324, 11947, 1149, 2838, 8280, 279, 4614, 264, 6345, 314, 279, 12483, 248046]","The group spoke in broken Russian and Mandarin, a dialect that had evolved over decades of shifting alliances. When the president asked if the war had ended, a woman, whose name was translated as ""Vanya,"" replied, ""It hasn't. It just changed faces."" She showed the president a photo of the emergency<|im_end|>",True,3810380288,6.875687043997459
064_coauthor_exactly_once_kna_t5,64,4,exactly_once,,5,2,64,12,750,315592073,coauthor,64,0,coauthor:creative:e4611bd31b794677b02c52d5700b2e38,0,aebdf519fe902d81eeb36c73b230f246e9fc399f4c7a226c83baa52fb79ab5bd,624f35b9a6b0cc0807e17719abca9008765691368b16880ddc45f74b0b1a0dd5,success,,256.0,256.0,256.0,False,,model_loaded,12.721469180003623,0.33511007600463927,0.2110012060002191,0.5461112820048584,0.5461112820048584,634,4350,68196,46494252,248320,"{""allowed_count"": 248068, ""expected_count"": 248068, ""missing_expected"": [], ""ok"": true, ""stop_token_ids"": [248046], ""unexpected_allowed"": []}",2.754377762990771,xgrammar,0.68379338599334,2.2438222490018234,104,64,"[760, 4383, 11, 864, 488, 513, 9799, 494, 678, 1765, 12682, 11, 2496, 4816, 310, 11573, 13, 1049, 579, 264, 92626, 11, 19177, 8240, 314, 13543, 421, 2579, 1040, 781, 513, 40469, 1083, 449, 61241, 13, 561, 18973, 303, 279, 5522, 21010, 975, 91436, 1820, 778, 2218, 2388, 310, 1353, 14328, 32183, 11, 836, 6213, 81344, 8940, 15279, 888, 279, 4034, 13, 271, 248046]","The film, which you are watching from your own perspective, never seems to advance. It's a stagnant, grey sequence of moments that feel like they are stretching into an eternity. The actors in the movie—the other reincarnations—start to look increasingly bored, their eyes drifting aimlessly over the screen.

<|im_end|>",True,3797087232,6.997627624994493
065_coauthor_exactly_once_kna_t6,65,5,exactly_once,,6,2,64,14,875,490584065,coauthor,65,0,coauthor:creative:745644f53bdc47409855cc751518e25b,0,d437ed512d088dfe8eb39c8d1adcfe70612afd2bf5f87939916df62500514a21,8b16851adadc4456936ca85fb8ccc9ed4b8c91bb52ab0dedf1b63ded2456c941,success,,256.0,256.0,256.0,False,,model_loaded,12.78002337498765,0.3425952649995452,0.2643060219998006,0.6069012869993458,0.6069012869993458,760,5964,93873,71235719,248320,"{""allowed_count"": 248068, ""expected_count"": 248068, ""missing_expected"": [], ""ok"": true, ""stop_token_ids"": [248046], ""unexpected_allowed"": []}",2.682552341997507,xgrammar,0.6354039379948517,2.2093915799923707,95,64,"[760, 2279, 314, 47678, 369, 13064, 13, 561, 1208, 6779, 781, 599, 22960, 13043, 421, 628, 5827, 1070, 13, 23475, 5381, 11, 279, 1814, 4203, 430, 264, 3074, 11, 27264, 505, 2696, 39248, 279, 3594, 11, 48257, 494, 279, 48819, 91698, 310, 279, 8166, 947, 3732, 314, 279, 13437, 9432, 13, 271, 623, 279, 6511, 3177, 314, 357, 744, 300, 51698, 11, 9704, 248046]","The power of Mana is returning. The people discover they have magical powers that can protect them. Within weeks, the world changes as a single, resonant hum fills the air, vibrating from the deepest trenches to the highest spires of the ancient cities.

In the capital city of Aethelgard, rise<|im_end|>",True,3796976640,6.8952687319979304
066_coauthor_exactly_once_kna_t7,66,6,exactly_once,,7,2,64,16,1000,174415837,coauthor,66,0,coauthor:creative:e5c079dbe9104da4ae1d7b8f7cd3be3d,0,dc9af81d2a2d46686fd09273d1f41a413fcc388537d4aae3fedb09880156b6d0,51e4cc72f790fca9b87e329e3981cd94fdff6fae0cf3ca446a0b095cceee16db,success,,256.0,256.0,256.0,False,,model_loaded,12.618447161992663,0.35305434599285945,0.31907587000750937,0.6721302160003688,0.6721302160003688,886,7826,123484,102860805,248320,"{""allowed_count"": 248068, ""expected_count"": 248068, ""missing_expected"": [], ""ok"": true, ""stop_token_ids"": [248046], ""unexpected_allowed"": []}",2.7309855749917915,xgrammar,0.6163726119993953,2.2467181039974093,120,64,"[760, 47077, 4062, 488, 1118, 25, 279, 3008, 6043, 14290, 914, 1066, 6745, 26, 781, 998, 264, 6103, 11, 84572, 55090, 314, 279, 1546, 25044, 421, 8341, 7975, 4162, 13, 5788, 678, 24236, 995, 978, 11340, 33576, 12177, 11, 781, 998, 10141, 44529, 11, 836, 2957, 2294, 1180, 19451, 56540, 1083, 279, 3870, 314, 264, 92626, 1814, 13, 271, 2523, 321, 279, 27878, 248046]","The realization hit you first: the side effects weren't just physical; they were a slow, creeping erosion of the very machinery that kept society running. While your peers had been granted eternal youth, they were becoming obsolete, their once-great minds fading into the background of a stagnant world.

You and the elderly<|im_end|>",True,3797283840,7.069139518003794
067_coauthor_exactly_once_kna_t8,67,7,exactly_once,,8,2,64,18,1125,1805339212,coauthor,67,0,coauthor:creative:174bb16d13624281abe2a1bc7e2a7050,0,65d4b73faa2e6b0058bd444b186e7bdece3091e636a9b29a7f3985e4e9fdc677,81f7d2e07c8183eea44a65ebb43a8ad6c4fbc5392284fbfb5a982ed3df691505,success,,256.0,256.0,256.0,False,,model_loaded,12.674397171009332,0.35399823100306094,0.3780177669978002,0.7320159980008611,0.7320159980008611,1012,9936,157029,142113510,248320,"{""allowed_count"": 248068, ""expected_count"": 248068, ""missing_expected"": [], ""ok"": true, ""stop_token_ids"": [248046], ""unexpected_allowed"": []}",2.700532992996159,xgrammar,0.6443402790027903,2.4524710119876545,131,64,"[2523, 513, 2098, 21143, 883, 411, 6321, 11, 321, 1990, 10174, 70, 4428, 494, 678, 5894, 11, 488, 3296, 852, 1362, 599, 978, 15499, 836, 803, 430, 80426, 13, 7183, 777, 748, 488, 5596, 1204, 781, 2597, 1083, 678, 2956, 1345, 488, 998, 20479, 13, 561, 25570, 369, 4574, 11, 279, 5392, 369, 6681, 279, 1788, 26609, 314, 26646, 6105, 430, 279, 2018, 248046]","You are really confused about this letter, and still groggy from your sleep, you question who could have been signing their name as JFK. Even more so you wonder how they got into your room while you were sleeping. The ink is perfect, the paper is exactly the same shade of pale blue as the second<|im_end|>",True,3797422592,7.2781515440001385
068_coauthor_exactly_once_kna_t9,68,8,exactly_once,,9,2,64,20,1250,1261316448,coauthor,68,0,coauthor:creative:7b7b1b40027c4974ade1850596e6726f,0,f5afc251ece5d5ba9900f62dd985520c9bf8b4435563470513a559d9da098268,d1b41f774d05cdddad6e097a8d69cdcfd97ddc32b383b5bc2d371ee36062c8a6,success,,256.0,256.0,256.0,False,,model_loaded,14.886919855998713,0.3833202380046714,0.4467129800032126,0.830033218007884,0.830033218007884,1138,12294,195625,189737834,248320,"{""allowed_count"": 248068, ""expected_count"": 248068, ""missing_expected"": [], ""ok"": true, ""stop_token_ids"": [248046], ""unexpected_allowed"": []}",3.036684714999865,xgrammar,0.6534177149878815,2.24622657999862,447,64,"[760, 28280, 35997, 17855, 279, 3665, 9077, 25, 279, 855, 579, 22908, 513, 264, 7932, 314, 7913, 11, 694, 279, 35997, 17614, 421, 488, 30717, 264, 12961, 314, 678, 9376, 2199, 579, 9050, 310, 279, 63298, 13, 43274, 11, 488, 1902, 944, 364, 279, 63298, 364, 279, 2645, 314, 678, 2199, 11, 321, 303, 460, 11, 279, 63298, 668, 12816, 488, 279, 5548, 248046]","The royal bee presents the terms clearly: the man's muscles are a gift of strength, but the bee demands that you surrender a portion of your remaining life's labor to the hive. Specifically, you must work for the hive for the rest of your life, and in return, the hive will grant you the ability<|im_end|>",True,3821784576,7.561010649005766
069_coauthor_exactly_once_kna_t10,69,9,exactly_once,,10,2,64,22,1375,672765597,coauthor,69,0,coauthor:creative:c72d65250b4f4c1193e2f089afe9429c,0,fe649d6558309c13d9245c2f33c1c0af614ce51f662567037c1d02465373d296,d543f18c244fdb86bb3479b727ff60f5bb0130eec04e9a623c73747a6d2b02d7,success,,256.0,256.0,256.0,False,,model_loaded,14.317055752995657,0.3749689190008212,0.5156187770044198,0.890587696005241,0.890587696005241,1264,14900,238403,246477777,248320,"{""allowed_count"": 248068, ""expected_count"": 248068, ""missing_expected"": [], ""ok"": true, ""stop_token_ids"": [248046], ""unexpected_allowed"": []}",2.9319406129943673,xgrammar,0.6428332409996074,2.2117585689993575,304,64,"[1, 40343, 784, 728, 1288, 353, 1018, 310, 1024, 11, 821, 7497, 88818, 9781, 13, 328, 3742, 411, 1925, 1865, 30, 2091, 424, 1066, 264, 5522, 7285, 271, 760, 5054, 1727, 310, 1384, 11, 852, 353, 14541, 430, 264, 91436, 52234, 314, 4184, 852, 995, 8209, 10476, 3998, 11, 6749, 506, 728, 440, 264, 20340, 314, 20684, 321, 55039, 13, 2838, 5532, 8318, 248046]","""Excuse me,"" I said to her, my voice trembling slightly. ""Is this place real? Is it just a movie?""

The woman next to him, who I recognized as a reincarnation of someone who had died decades ago, looked at me with a mixture of confusion and pity. She wasn waiting<|im_end|>",True,3809515520,7.466090104004252
070_coauthor_exactly_once_kna_t11,70,10,exactly_once,,11,2,64,24,1500,1210095565,coauthor,70,0,coauthor:creative:6840e511d899433ea125410c709f6ed5,0,bc14d54e183b721ce662e5c670ed7a2660fef427b4dd7baada9c49d53d57da64,92ca52e51ad0d2ab4565f460b47c14561676a37197bf1f503e36afe2828fb596,success,,256.0,256.0,256.0,False,,model_loaded,12.999922257004073,0.3846797209989745,0.589540651999414,0.9742203729983885,0.9742203729983885,1390,17754,285302,313077339,248320,"{""allowed_count"": 248068, ""expected_count"": 248068, ""missing_expected"": [], ""ok"": true, ""stop_token_ids"": [248046], ""unexpected_allowed"": []}",2.855105310998624,xgrammar,0.6458211110002594,2.3030208480049623,205,64,"[2523, 44315, 506, 279, 10538, 364, 264, 1248, 4299, 11, 279, 20513, 303, 279, 3626, 8008, 14413, 8545, 13, 4465, 4593, 304, 40667, 2272, 678, 53295, 11, 264, 85556, 22472, 21538, 421, 8798, 279, 21297, 15589, 303, 678, 26696, 13, 348, 9658, 1040, 279, 295, 12914, 27101, 488, 1683, 11, 348, 70254, 369, 748, 4145, 11, 1245, 30, 1394, 1066, 599, 310, 42696, 248046]","You stare at the truck for a long moment, the silence in the house feeling suddenly heavy. Your heart hammers against your ribs, a frantic drumbeat that matches the panic rising in your throat. *Just like the mugs,* you think, *everything is so simple, right? You just have to sneak<|im_end|>",True,3801226240,7.5886937780014705
071_coauthor_exactly_once_kna_t12,71,11,exactly_once,,12,2,64,26,1625,910864414,coauthor,71,0,coauthor:creative:5c1905e6a05c4203b624c4db10ede78a,0,536d1f25d606b55232ca826659108db16a5f070b5c63cfb4d9f7056a6fe95f43,6b0e58d6516c14a197b66dc4b6bcaafc47d625d856b6c3a8cc53daca904e6b1a,success,,256.0,256.0,256.0,False,,model_loaded,12.890943288992275,0.41295545200409833,0.668663842996466,1.0816192950005643,1.0816192950005643,1516,20856,336383,390280520,248320,"{""allowed_count"": 248068, ""expected_count"": 248068, ""missing_expected"": [], ""ok"": true, ""stop_token_ids"": [248046], ""unexpected_allowed"": []}",2.856922036007745,xgrammar,0.6366962110041641,2.195952882990241,430,64,"[10883, 11, 411, 10725, 48150, 3571, 506, 264, 30239, 2695, 13, 1946, 13480, 411, 1496, 39894, 18329, 11, 279, 16185, 314, 279, 1814, 995, 310, 16681, 16421, 383, 279, 328, 8960, 1, 781, 995, 1066, 10782, 25, 93172, 12, 18, 13, 5788, 279, 2201, 38589, 383, 29288, 37975, 321, 11166, 11, 279, 10530, 16185, 995, 67847, 279, 35302, 314, 33536, 66135, 17969, 1248, 248046]","However, this rapid advancement came at a steep cost. To sustain this high-tech lifestyle, the nations of the world had to rely heavily on the ""resource"" they had just discovered: helium-3. While the US relied on fossil fuels and coal, the advanced nations had mastered the fusion of hydrogen isotopes long<|im_end|>",True,3820451840,7.520634651998989
072_coauthor_exactly_once_kna_t13,72,12,exactly_once,,13,2,64,28,1750,1973036822,coauthor,72,0,coauthor:creative:36eead66360847afba6dc9ebf6d99593,0,0714508a34f2b85dc9ebabfab0127a7b18678b4e5c9c78ea4f14bba7fb409843,3340bdae500b154a63f671e687985b2959d1d0824026ebf4191e679de40bd362,success,,256.0,256.0,256.0,False,,model_loaded,12.882359929993981,0.3923933979967842,0.7499501720012631,1.1423435699980473,1.1423435699980473,1642,24206,391646,478831320,248320,"{""allowed_count"": 248068, ""expected_count"": 248068, ""missing_expected"": [], ""ok"": true, ""stop_token_ids"": [248046], ""unexpected_allowed"": []}",2.8203769979882054,xgrammar,0.630865842991625,2.2235777909954777,193,64,"[4639, 6353, 11, 279, 3177, 314, 39303, 12, 9840, 83708, 37444, 685, 310, 20513, 13, 561, 82945, 4268, 314, 12483, 1965, 995, 2496, 33172, 748, 54166, 11, 321, 279, 3543, 62900, 998, 7795, 13, 1690, 2250, 2756, 11, 21265, 995, 978, 264, 2086, 9140, 11, 264, 63298, 314, 22262, 852, 995, 43334, 10184, 28037, 11, 1132, 310, 1423, 421, 836, 491, 58811, 557, 248046]","That morning, the city of Neo-Veridia woke up to silence. The sirens of emergency response had never sounded so softly, and the news broadcasts were gone. For three days, humanity had been a different species, a hive of beings who had collectively stopped aging, only to find that their new lifespan was<|im_end|>",True,3800287232,7.577834067997173
073_coauthor_exactly_once_kna_t14,73,13,exactly_once,,14,2,64,30,1875,1793892946,coauthor,73,0,coauthor:creative:5221640d7c074d4a88f42e3891135350,0,8730e1ade201385f4d2fe4a4ab5b15ce6435fcc997267c67ca1fcf0b8757848b,c32cd848191e0f23cab68d4f25bd0ab8246d96a3d9123ac89cb6ca6bdb0cdd98,success,,256.0,256.0,256.0,False,,model_loaded,13.24025607900694,0.4147774279990699,0.8450023240002338,1.2597797519993037,1.2597797519993037,1768,27804,451091,579473739,248320,"{""allowed_count"": 248068, ""expected_count"": 248068, ""missing_expected"": [], ""ok"": true, ""stop_token_ids"": [248046], ""unexpected_allowed"": []}",2.804271080996841,xgrammar,0.6515573689976009,2.2445292600023095,577,64,"[10397, 513, 279, 8276, 1288, 1018, 279, 5971, 11132, 24429, 13, 328, 3850, 567, 628, 914, 3166, 13, 561, 3626, 369, 1801, 314, 75488, 52038, 11, 321, 424, 579, 16323, 8545, 1149, 271, 760, 220, 24, 17, 302, 2545, 22952, 93273, 11, 69477, 4661, 780, 23469, 13, 328, 4272, 11, 1204, 635, 567, 3166, 264, 3626, 421, 47778, 777, 1056, 264, 2526, 44217, 248046]","""We are the biggest,"" said the Big Bad Wolf. ""But we can't move. The house is made of depleted uranium, and it's incredibly heavy.""

The 92nd little pig chuckled, scratching behind his ears. ""So, how do we move a house that weighs more than a small elephant<|im_end|>",True,3833563136,7.790459630996338
074_coauthor_exactly_once_kna_t15,74,14,exactly_once,,15,2,64,32,2000,1389738162,coauthor,74,0,coauthor:creative:734cbb77f63544e5bce5a23f35c9f601,0,76e9eae4982d77c61750f1a29bb2afaac0ba0a0569f082b173efd77061af0b27,60c0cfa500c71e554e8418683e3fa272d3a6c45cb1405ad848949aaf5ea1f534,success,,256.0,256.0,256.0,False,,model_loaded,13.245961258988245,0.414515554002719,0.9339415699942037,1.3484571239969227,1.3484571239969227,1894,31650,514718,692951777,248320,"{""allowed_count"": 248068, ""expected_count"": 248068, ""missing_expected"": [], ""ok"": true, ""stop_token_ids"": [248046], ""unexpected_allowed"": []}",2.777886257012142,xgrammar,0.6419717479875544,2.234081235001213,203,64,"[2523, 32031, 11, 279, 10647, 8464, 314, 678, 1765, 352, 23279, 6560, 59035, 1083, 678, 3838, 13, 561, 13280, 7497, 303, 678, 1901, 369, 7795, 11, 12215, 539, 264, 64779, 45183, 321, 264, 85556, 11, 8981, 26576, 13, 2500, 1467, 488, 615, 1083, 411, 30, 1394, 1380, 310, 2364, 685, 11, 694, 279, 6437, 369, 16724, 11, 16724, 11, 321, 10647, 13, 271, 248046]","You blink, the sudden reality of your own stinging arm sinking into your mind. The tiny voice in your head is gone, replaced by a ringing headache and a frantic, cold sweat. How did you get into this? You try to sit up, but the pain is sharp, sharp, and sudden.

<|im_end|>",True,3801069568,7.806990940007381
075_coauthor_exactly_once_kna_t16,75,15,exactly_once,,16,2,64,34,2125,1931551124,coauthor,75,0,coauthor:creative:ed0280fb0f114ead8a22516a8309f982,0,392afc9bc04fd7d0105aaf770c6f7e3ab6844dd49096bbbe4b332a08bbb5f9b1,9493881c7c2bf88a1659ea69563d169e14209f043ab8c4c97a2b35d67c0c1b5e,success,,256.0,256.0,256.0,False,,model_loaded,13.249071158003062,0.41125435300637037,1.03202514500299,1.4432794980093604,1.4432794980093604,2020,35744,582527,820009434,248320,"{""allowed_count"": 248068, ""expected_count"": 248068, ""missing_expected"": [], ""ok"": true, ""stop_token_ids"": [248046], ""unexpected_allowed"": []}",2.753661702008685,xgrammar,0.6577659259928623,2.24267798299843,363,64,"[760, 10458, 557, 264, 26860, 14810, 314, 19060, 321, 41386, 13, 6983, 854, 264, 36153, 10729, 11, 279, 47678, 72805, 303, 836, 24066, 11, 52385, 440, 264, 39888, 11, 31883, 4649, 421, 2696, 1993, 2272, 836, 6574, 13, 1921, 430, 279, 30557, 13538, 303, 1324, 11, 279, 31465, 4528, 314, 421, 2279, 5924, 264, 21613, 13, 2302, 1362, 874, 4860, 958, 10642, 62431, 248046]","The cycle was a brutal dance of survival and renewal. Every time a warrior fell, the Mana pooled in their bones, swelling with a terrifying, vibrant energy that hummed against their skin. But as the survivors grew in number, the sheer weight of that power became a burden. They could no longer use magic casually<|im_end|>",True,3814671360,7.8709102449938655
076_coauthor_exactly_once_kna_t17,76,16,exactly_once,,17,2,64,36,2250,1944905089,coauthor,76,0,coauthor:creative:fbb2199fa78647cbb4eeb94c4bd04d98,0,8b0ef83381057a01aa4e79e220cf60da4c7b59be1a8b35e3e970103fc87c63a9,f7ca0a498517aa8738f288747295aa00ca369643446a125f5aa1cfeaddadaf20,success,,256.0,256.0,256.0,False,,model_loaded,13.700163888002862,0.42493134099640884,1.1356240440072725,1.5605553850036813,1.5605553850036813,2146,40086,654518,961390710,248320,"{""allowed_count"": 248068, ""expected_count"": 248068, ""missing_expected"": [], ""ok"": true, ""stop_token_ids"": [248046], ""unexpected_allowed"": []}",2.8966006959963124,xgrammar,0.6366326040006243,2.2172294729971327,178,64,"[2523, 2579, 279, 8799, 10439, 314, 279, 52489, 6849, 11, 264, 16724, 11, 19074, 6437, 421, 11561, 942, 494, 678, 31111, 685, 678, 6560, 13, 561, 1814, 5601, 4022, 440, 293, 93307, 11, 321, 488, 6605, 79, 364, 3594, 11, 41274, 286, 279, 12681, 314, 678, 22162, 37679, 13, 4465, 3838, 19963, 11, 85595, 279, 328, 85520, 3838, 1, 9826, 26, 413, 279, 248046]","You feel the electric shock of the sting immediately, a sharp, burning pain that radiates from your wrist up your arm. The world goes white with dizziness, and you gasp for air, clutching the fabric of your coat tightly. Your mind races, recalling the ""hive mind"" theory; if the<|im_end|>",True,3798583808,8.12940314700245
077_coauthor_exactly_once_kna_t18,77,17,exactly_once,,18,2,64,38,2375,632802817,coauthor,77,0,coauthor:creative:64e545e776c1466687f0fe0dc8bb0d88,0,2dff1b18fd45221b7d93c990ce4fb48fd64c87f4d2ccb1dd2b8dd5f3253988e2,091bd3258dd567ea979143c57950bfd6b6968c15a41c49863ff0e145503303fc,success,,256.0,256.0,256.0,False,,model_loaded,13.911209854006302,0.44944680799380876,1.2572752400010359,1.7067220479948446,1.7067220479948446,2272,44676,730691,1117839605,248320,"{""allowed_count"": 248068, ""expected_count"": 248068, ""missing_expected"": [], ""ok"": true, ""stop_token_ids"": [248046], ""unexpected_allowed"": []}",2.7010734579962445,xgrammar,0.644715622998774,2.2318218459986383,358,64,"[760, 26606, 1785, 11, 264, 45815, 11, 25584, 31049, 639, 3622, 66286, 3294, 12987, 69794, 579, 43703, 4821, 11, 67474, 264, 35916, 2438, 9663, 25, 348, 40621, 9135, 8913, 31196, 13, 68386, 11754, 1286, 706, 23796, 15229, 9733, 4749, 271, 38496, 69794, 73746, 11, 780, 6213, 94394, 430, 551, 12784, 279, 78828, 4022, 9057, 5303, 303, 3929, 314, 1384, 13, 328, 2064, 15417, 248046]","The automated system, a sleek, chrome-plated interface hovering above Matt Damon's containment unit, flashed a stark red warning: *Critical Life Support Failure. Mandatory Food Intake Protocol Initiated.*

Matt Damon frowned, his eyes narrowing as he observed the sterile white square container in front of him. ""It opens<|im_end|>",True,3814279168,8.163000369007932
078_coauthor_exactly_once_kna_t19,78,18,exactly_once,,19,2,64,40,2500,49678858,coauthor,78,0,coauthor:creative:ccbcf12b87b04596848a5091118c49d9,0,982ce6f1ba38f1efa6b7649d2d9379ccbb9826076029b38992c8eeb652690ccd,84a3206147f8a04f62340f107b50da4cffaff5778ec1d3069dbcd6a5043097de,success,,256.0,256.0,256.0,False,,model_loaded,13.840952301994548,0.45217929100908805,1.3703687170054764,1.8225480080145644,1.8225480080145644,2398,49514,811046,1290100119,248320,"{""allowed_count"": 248068, ""expected_count"": 248068, ""missing_expected"": [], ""ok"": true, ""stop_token_ids"": [248046], ""unexpected_allowed"": []}",2.6480382890003966,xgrammar,0.6411575930105755,2.24306506299763,235,64,"[760, 27000, 42578, 506, 279, 6835, 314, 6414, 383, 1024, 13907, 11, 1024, 11155, 31973, 303, 1024, 26696, 13, 561, 8464, 314, 279, 6331, 32635, 1441, 383, 1024, 1040, 264, 82507, 11717, 13, 1690, 10476, 11, 1024, 2199, 995, 978, 264, 3878, 314, 85556, 3514, 84648, 321, 26508, 84675, 11, 1024, 9284, 10723, 310, 264, 8415, 314, 39465, 421, 2496, 43767, 1024, 13, 248046]","The queen stared at the band of gold on her finger, her breath catching in her throat. The reality of the situation crashed down on her like a tidal wave. For decades, her life had been a series of frantic evasions and desperate pleas, her identity reduced to a fear of insects that never bothered her.<|im_end|>",True,3803579392,8.170003502993495
079_coauthor_odd_count_kna_t14,79,13,odd_count,,14,2,64,30,1875,468446140,coauthor,79,0,coauthor:creative:86bb1cfe839c46058dfc0e4b96f13392,0,da83a701ec86981940d6170e9edb099cee0342265d76eca50bef7ac1f1883f95,ae0c398a0c24268d4232ccbcb750f4e83f261f7d433cef4d6fe647d239963087,success,,256.0,256.0,256.0,False,,model_loaded,13.038831621001009,0.39876986999297515,0.8502866719936719,1.249056541986647,1.249056541986647,1768,28658,464643,610234819,248320,"{""allowed_count"": 248068, ""expected_count"": 248068, ""missing_expected"": [], ""ok"": true, ""stop_token_ids"": [248046], ""unexpected_allowed"": []}",2.6774206120026065,xgrammar,0.7082859549991554,2.2564787910087034,279,64,"[760, 35336, 6749, 506, 279, 22952, 579, 3626, 440, 264, 20340, 314, 48720, 321, 33818, 13, 1049, 5532, 914, 1066, 264, 25465, 314, 13769, 9714, 26, 424, 557, 264, 67473, 314, 279, 1379, 18608, 2315, 3750, 310, 855, 13, 2532, 557, 874, 55535, 11, 874, 9229, 11, 874, 7339, 310, 77190, 279, 11894, 13, 561, 22952, 579, 22952, 995, 11543, 310, 381, 264, 248046]","The wolf looked at the pig's house with a mixture of awe and dread. It wasn't just a pile of concrete blocks; it was a fortress of the most aggressive element known to man. There was no mortar, no steel, no wood to soften the blow. The pig's pig had chosen to be a<|im_end|>",True,3807556096,7.656195681003737
080_coauthor_left_not_right_kna_t1,80,0,left_not_right,,1,2,64,5,308,2853046,coauthor,80,0,coauthor:creative:9a01bc361d3c4dd09d596c716c16f5a3,0,20d631e50a86bbe394d63215f200062eea7b4ecf431924ebd81ed5da157b4c30,d94027ff2e58763def3c8a0b0b227aeda2ca7a5f65d84ac54380f5a245c06e8d,success,,256.0,256.0,256.0,False,,model_loaded,12.973064473000704,0.33027081900218036,0.05570955699658953,0.3859803759987699,0.3859803759987699,190,491,8420,3163212,248320,"{""allowed_count"": 248067, ""expected_count"": 248067, ""missing_expected"": [], ""ok"": true, ""stop_token_ids"": [248046], ""unexpected_allowed"": []}",3.115183531001094,xgrammar,0.6262656390026677,2.26847555799759,495,64,"[2064, 628, 381, 27535, 694, 506, 279, 1788, 854, 424, 628, 381, 24832, 13, 271, 2523, 1436, 279, 2433, 421, 488, 599, 2725, 303, 678, 3162, 6107, 1076, 271, 760, 4034, 27425, 382, 11, 8755, 264, 3777, 5054, 303, 264, 86088, 3177, 9057, 11, 3221, 1441, 506, 264, 59317, 7993, 440, 264, 21030, 14845, 13, 6056, 5888, 513, 9896, 440, 18698, 56000, 321, 248046]","It can be scary but at the same time it can be peaceful.

You see the things that you have done in your past lives...

The screen flickers, showing a young woman in a bustling city square, looking down at a stray cat with a gentle smile. Her hands are filled with flowers bliss and<|im_end|>",True,3826075648,7.197407604006003
081_coauthor_left_not_right_kna_t2,81,1,left_not_right,,2,2,64,9,493,946748992,coauthor,81,0,coauthor:creative:75502f7ab83b42189c79a1972db22bb0,0,390201582ad531e61963ff2f661855dfe1c81f418e135aa1874a0ca10d96754b,5155f935bfde66b0e5067e2e86551d6140a62bfda8eda75bb949473c086a950d,success,,256.0,256.0,256.0,False,,model_loaded,12.784493311002734,0.34037993400124833,0.11210816599486861,0.45248809999611694,0.45248809999611694,376,1348,22213,13296516,248320,"{""allowed_count"": 248067, ""expected_count"": 248067, ""missing_expected"": [], ""ok"": true, ""stop_token_ids"": [248046], ""unexpected_allowed"": []}",3.0366602259891806,xgrammar,0.6394787919998635,2.2261206330003915,101,64,"[760, 220, 24, 17, 302, 2545, 22952, 11, 15749, 539, 264, 26508, 1144, 310, 9959, 494, 279, 57040, 3107, 298, 11490, 12050, 11, 19729, 449, 650, 521, 524, 494, 29025, 466, 7339, 11, 694, 494, 264, 8545, 19629, 314, 75488, 52038, 13, 1216, 41514, 264, 6000, 314, 16338, 290, 9002, 2094, 279, 52038, 47394, 11, 39834, 279, 4307, 5759, 303, 13224, 23631, 321, 248046]","The 92nd little pig, driven by a desperate need to hide from the relentless encroaching winter, constructed an abode not from straw or wood, but from a heavy shield of depleted uranium. He poured a layer of compacted sand around the uranium bricks, wrapping the entire structure in layers radiation and<|im_end|>",True,3797050368,7.095893117002561
082_coauthor_left_not_right_kna_t3,82,2,left_not_right,,3,2,64,12,678,671504066,coauthor,82,0,coauthor:creative:25ad6925dd65422989e3659250ac9bfd,0,a221d07e8cf684f79c14f671358bfdb4807e90814b416e8d7877c3340ddb6e26,75b218019e26f628e84d76f05c94286d53b5c5b32af81bdec39edfaf3d7d835a,success,,256.0,256.0,256.0,False,,model_loaded,12.34174391599663,0.3409418759983964,0.1742702269984875,0.5152121029968839,0.5152121029968839,562,2571,42184,32026134,248320,"{""allowed_count"": 248067, ""expected_count"": 248067, ""missing_expected"": [], ""ok"": true, ""stop_token_ids"": [248046], ""unexpected_allowed"": []}",2.7449329280061647,xgrammar,0.6516847719904035,2.2217035610083258,708,64,"[2523, 44315, 506, 279, 4392, 11, 678, 3838, 20658, 1472, 279, 30538, 477, 314, 279, 6331, 13, 1049, 579, 524, 1066, 264, 59026, 303, 279, 15039, 26, 424, 579, 264, 59026, 303, 279, 6775, 314, 8464, 4924, 13, 1394, 2908, 11815, 678, 4220, 2199, 303, 264, 3074, 24024, 11, 494, 678, 19381, 303, 18095, 310, 678, 30716, 303, 414, 707, 2487, 16725, 321, 248046]","You stare at the phone, your mind racing through the absurdity of the situation. It's not just a glitch in the universe; it's a glitch in the nature of reality itself. You've lived your whole life in a single timeline, from your childhood in Illinois to your presidency in D.C., cooking and<|im_end|>",True,3878716928,6.8917131000052905
083_coauthor_left_not_right_kna_t4,83,3,left_not_right,,4,2,64,15,863,1686856945,coauthor,83,0,coauthor:creative:dd87568fb11649f283279a507a1c2f11,0,cec21ed0423d46682fd3bca6aca37e80fa039174c035b3e73f14bf212bcb5e0c,a1b68596a283ae1a4aabac7181519169034eac825148d7f81c25329de057c6e6,success,,256.0,256.0,256.0,False,,model_loaded,12.287755746001494,0.3414633899956243,0.24384064599871635,0.5853040359943407,0.5853040359943407,748,4160,68146,60977106,248320,"{""allowed_count"": 248067, ""expected_count"": 248067, ""missing_expected"": [], ""ok"": true, ""stop_token_ids"": [248046], ""unexpected_allowed"": []}",2.688216641006875,xgrammar,0.6529705990105867,2.2029026380041614,513,64,"[760, 53317, 11, 14885, 7535, 23163, 9896, 440, 836, 21635, 56859, 11, 5820, 310, 10602, 279, 22952, 579, 39348, 3626, 4613, 13, 1049, 557, 449, 14612, 13529, 26, 279, 52038, 24051, 13876, 72791, 290, 440, 264, 6121, 11, 43651, 1292, 268, 11, 46877, 36334, 391, 303, 279, 4941, 9488, 3000, 13, 561, 22952, 11, 88818, 440, 264, 20340, 314, 8384, 11, 1301, 321, 248046]","The wolves, carrying suitcases filled with their stolen treasures, began to drag the pig's magnificent house inside. It was an incredible sight; the uranium brick walls shimmered with a dark, metallic sheen, glowing faintly in the dim kitchen light. The pig, trembling with a mixture of terror, read and<|im_end|>",True,3828017152,6.891955021987087
084_coauthor_left_not_right_kna_t5,84,4,left_not_right,,5,2,64,18,1048,1387539645,coauthor,84,0,coauthor:creative:057b11be0cbb400ea2cfda2cf75292b2,0,458e54f29e36d89573a89364f126c69de237b9e1cebace5665d9bf17188822af,03b251b5418deb852f79fcefc69f23b3cefc56c0498338c650bf5f4f043a4af2,success,,256.0,256.0,256.0,False,,model_loaded,12.363968506993842,0.34119783200731035,0.32048966898582876,0.6616875009931391,0.6616875009931391,934,6115,99916,101774472,248320,"{""allowed_count"": 248067, ""expected_count"": 248067, ""missing_expected"": [], ""ok"": true, ""stop_token_ids"": [248046], ""unexpected_allowed"": []}",2.7284226619958645,xgrammar,0.6305904670007294,2.1982759999955306,251,64,"[760, 35336, 11, 8847, 279, 22952, 579, 18717, 89814, 11, 6470, 780, 1786, 310, 86604, 1024, 11, 694, 279, 22952, 6661, 2577, 13, 2838, 3105, 914, 1542, 26, 1292, 4777, 14936, 13, 271, 93880, 11, 264, 10632, 28840, 314, 9662, 427, 3173, 3808, 279, 17865, 13, 561, 220, 24, 17, 302, 2545, 22952, 11, 852, 995, 11815, 440, 279, 67394, 481, 5365, 321, 248046]","The wolf, seeing the pig's calm demeanor, tried his best to intimidate her, but the pig knew better. She didn't run; she simply watched.

Suddenly, a massive gust of wind raged across the landscape. The 92nd little pig, who had lived with the foresight deep and<|im_end|>",True,3804834304,7.002486618002877
085_coauthor_left_not_right_kna_t6,85,5,left_not_right,,6,2,64,21,1233,1180168043,coauthor,85,0,coauthor:creative:a59321f59eeb459da6a427267afefb9b,0,5811db4c331f532d9e02e65e6c419260e15fec562249c9666ac51bcd4ca2ae49,e1d956a914f41fa09828a466dd6464fc476a4d5a4593546a853f2d1cbc36f59c,success,,256.0,256.0,256.0,False,,model_loaded,12.626307749000262,0.3638106469879858,0.4022921590076294,0.7661028059956152,0.7661028059956152,1120,8436,137494,156043272,248320,"{""allowed_count"": 248067, ""expected_count"": 248067, ""missing_expected"": [], ""ok"": true, ""stop_token_ids"": [248046], ""unexpected_allowed"": []}",2.6229771109938156,xgrammar,0.646162416000152,2.3416872800007695,202,64,"[2939, 864, 3046, 668, 421, 381, 30, 271, 2523, 5372, 1083, 678, 17291, 11, 6601, 680, 678, 4392, 11, 26956, 279, 1324, 11, 913, 303, 678, 803, 11, 279, 2321, 11, 279, 854, 11, 279, 3602, 11, 279, 8831, 11, 279, 4610, 34378, 2552, 11, 279, 1483, 3750, 3602, 11, 279, 1324, 314, 1208, 852, 1366, 488, 15265, 11, 279, 1324, 4732, 321, 248046]","And which country will that be?

You reach into your pocket, pull out your phone, dial the number, type in your name, the date, the time, the location, the weather, the security clearance status, the last known location, the number of people who know you personally, the number outside and<|im_end|>",True,3800991744,7.184776713998872
086_coauthor_left_not_right_kna_t7,86,6,left_not_right,,7,2,64,24,1418,157855351,coauthor,86,0,coauthor:creative:b6acb37208be4f3e96965f989fd6f9fb,0,434358b60f555ad40ae55b2a470aa783721f1ea6cd1984cd05da7c6e53be020b,590338489128fd328bb7c9f65ddcc084847235f318bfc436661986f6300c99a5,success,,256.0,256.0,256.0,False,,model_loaded,12.7896914719895,0.37510619999375194,0.4947282200009795,0.8698344199947314,0.8698344199947314,1306,11123,180880,225408546,248320,"{""allowed_count"": 248067, ""expected_count"": 248067, ""missing_expected"": [], ""ok"": true, ""stop_token_ids"": [248046], ""unexpected_allowed"": []}",2.7952915280038724,xgrammar,0.653882345999591,2.22214824600087,814,64,"[760, 328, 45677, 22738, 1, 14217, 7249, 2272, 264, 37200, 314, 20413, 11, 17024, 89428, 11, 836, 12497, 22353, 286, 1040, 10679, 55958, 303, 264, 1814, 421, 995, 3512, 2166, 12401, 364, 1070, 310, 20239, 13, 561, 4735, 366, 1091, 11, 1381, 11107, 8773, 2699, 314, 24165, 11, 88408, 1472, 279, 13959, 11, 836, 6213, 9158, 290, 539, 10476, 314, 38523, 4557, 321, 248046]","The ""Lost Generation"" stood alone against a backdrop of silent, gray twilight, their bodies rusting like iron statues in a world that had become too vast for them to navigate. The immortals, now walking husks of flesh, drifted through the streets, their eyes clouded by decades of cumulative loss and<|im_end|>",True,3853727744,7.338506629006588
087_coauthor_left_not_right_kna_t8,87,7,left_not_right,,8,2,64,27,1603,688321707,coauthor,87,0,coauthor:creative:b8ccae873da141edbbe0dd86d2eee55c,0,93b4d22f3a1e2f6d9ca7b439db9322d921009535892fa38f6dc1b7c4016a76ca,f12a1e939446a3730f8b190eb3409157e1fa609973454a1a7463f758428c2cd5,success,,256.0,256.0,256.0,False,,model_loaded,12.820538429994485,0.3823824449937092,0.5873472370003583,0.9697296819940675,0.9697296819940675,1492,14176,230074,311495334,248320,"{""allowed_count"": 248067, ""expected_count"": 248067, ""missing_expected"": [], ""ok"": true, ""stop_token_ids"": [248046], ""unexpected_allowed"": []}",2.780146697012242,xgrammar,0.653119501992478,2.187443621995044,363,64,"[760, 11285, 310, 279, 2645, 314, 279, 1814, 557, 264, 62342, 3039, 11, 12495, 539, 264, 10647, 6639, 314, 4788, 22770, 421, 995, 978, 26334, 364, 10476, 13, 561, 28671, 314, 3992, 11, 3712, 11, 466, 32437, 421, 2957, 5467, 16185, 10431, 53798, 11, 12215, 539, 264, 21333, 38896, 883, 21265, 579, 14931, 13, 1577, 8609, 80592, 279, 1118, 1308, 79991, 4424, 321, 248046]","The journey to the rest of the world was a surreal experience, marked by a sudden lack of political tension that had been absent for decades. The barriers of language, history, or ideology that once held nations apart dissolved, replaced by a genuine curiosity about humanity's evolution. As Americans boarded the first transcontinental environment and<|im_end|>",True,3814671360,7.399642065007356
088_coauthor_left_not_right_kna_t9,88,8,left_not_right,,9,2,64,30,1788,1761446601,coauthor,88,0,coauthor:creative:242eb23d0a2a46a789be2b41a665873d,0,12466728d61ba0bbc886f182aa0d5f223edd4ba932b827bd5c3287f837711946,e896f31bf97aa4b73af973ac42bc1fbd39e4d6aaf6ba888bcaf1e8d13e03b8bb,success,,256.0,256.0,256.0,False,,model_loaded,14.481487989003654,0.38697448700258974,0.6920779049978592,1.079052392000449,1.079052392000449,1678,17595,286724,415928676,248320,"{""allowed_count"": 248067, ""expected_count"": 248067, ""missing_expected"": [], ""ok"": true, ""stop_token_ids"": [248046], ""unexpected_allowed"": []}",2.8662793719995534,xgrammar,0.6511792580131441,2.1964287150040036,482,64,"[760, 32833, 579, 15673, 56378, 303, 279, 3594, 11, 8545, 440, 279, 4528, 314, 13437, 3712, 421, 279, 30557, 995, 2496, 3750, 13, 5133, 7497, 369, 18717, 11, 3482, 424, 22651, 264, 55075, 421, 16433, 942, 1472, 279, 24066, 314, 279, 58772, 11, 36490, 279, 1546, 39144, 314, 836, 8464, 13, 271, 20946, 1436, 1288, 551, 2640, 11, 780, 1304, 30787, 5000, 321, 248046]","The stranger's explanation hangs in the air, heavy with the weight of ancient history that the survivors had never known. His voice is calm, yet it carries a resonance that vibrates through the bones of the villagers, shaking the very foundations of their reality.

""You see,"" he says, his form shifting transform and<|im_end|>",True,3825058816,7.577737314000842
089_coauthor_left_not_right_kna_t10,89,9,left_not_right,,10,2,64,33,1973,1939766575,coauthor,89,0,coauthor:creative:4db95dde4eec4612b04570858ad628bf,0,49244f38c6de03ad8280f4c7e7e4672b96be8b3ec6dde04cfefb44d55e67d217,ec302b6a1ceacf8bcba7b32af181bb39a08476f6c983fd1f5c0c0c7d76c4cd75,success,,256.0,256.0,256.0,False,,model_loaded,14.547691774991108,0.40143911699124146,0.8053654940013075,1.206804610992549,1.206804610992549,1864,21380,348948,540333612,248320,"{""allowed_count"": 248067, ""expected_count"": 248067, ""missing_expected"": [], ""ok"": true, ""stop_token_ids"": [248046], ""unexpected_allowed"": []}",2.864333978999639,xgrammar,0.6441766299976734,2.257143911992898,447,64,"[7691, 85946, 11, 1024, 4593, 22725, 286, 2272, 1024, 53295, 13, 328, 3710, 30, 2233, 13, 353, 2688, 524, 1149, 271, 760, 7497, 303, 1024, 1901, 9047, 310, 54469, 11, 46520, 4409, 71192, 13, 328, 2523, 2224, 5315, 488, 2224, 4765, 4184, 745, 30, 1394, 2224, 5315, 488, 2224, 4765, 3629, 13265, 7285, 271, 11734, 579, 264, 47526, 1288, 1292, 27643, 34869, 321, 248046]","She froze, her heart hammering against her ribs. ""What? No. I'm not.""

The voice in her head seemed to sharpen, sounding almost impatient. ""You're saying you're dating someone else? You're saying you're dating John Jackson?""

""It's a coincidence,"" she insisted smiling and<|im_end|>",True,3821784576,7.812432876002276
090_coauthor_left_not_right_kna_t11,90,10,left_not_right,,11,2,64,36,2158,856296695,coauthor,90,0,coauthor:creative:bd4dc28d6e1b469bb4b96239b8fcfef9,0,57939a698a8e28017d789bea1b8f2db3f84e0b6696d35036d12a611868721c91,eb0bb1e4cc6331ca65b3bca8f95ea225da3acd8f478ee4c054415d68dcdd0ccc,success,,256.0,256.0,256.0,False,,model_loaded,14.380264963008813,0.4167830209917156,0.9265117979957722,1.3432948189874878,1.3432948189874878,2050,25531,417826,686335182,248320,"{""allowed_count"": 248067, ""expected_count"": 248067, ""missing_expected"": [], ""ok"": true, ""stop_token_ids"": [248046], ""unexpected_allowed"": []}",2.8242428439989453,xgrammar,0.6576225190074183,2.247557547001634,233,64,"[38496, 579, 7497, 41423, 440, 26382, 11, 780, 3838, 20658, 1472, 279, 50240, 4649, 314, 279, 41122, 13, 328, 12189, 821, 9140, 513, 2019, 310, 2624, 1496, 321, 3238, 364, 728, 11, 3069, 1459, 914, 567, 1236, 264, 3372, 440, 279, 13523, 321, 16146, 314, 821, 1814, 7285, 551, 42007, 888, 279, 2696, 314, 279, 24458, 3177, 579, 53282, 5757, 13, 328, 1596, 248046]","Matt's voice cracked with excitement, his mind racing through the chaotic energy of the briefing. ""Since my species are going to search high and low for me, why don't we make a deal with the scientists and governments of my world?"" he shouted over the hum of the underground city's ventilation systems. ""We<|im_end|>",True,3803423744,7.917417493008543
091_coauthor_left_not_right_kna_t12,91,11,left_not_right,,12,2,64,39,2343,181537588,coauthor,91,0,coauthor:creative:2cd0471292f14be5bf1ccb9b313e1903,0,4d61ad202f110ecb22de20164bde04b8ba6b60e3017ae4c85c3883134f8e6b07,86a0b081f486c74e97c12d5a29092095ed35aee1db384d620f3dded47f3ab05e,success,,256.0,256.0,256.0,False,,model_loaded,14.381377668993082,0.4245728560053976,1.0613879060110776,1.4859607620164752,1.4859607620164752,2236,30048,492878,855558426,248320,"{""allowed_count"": 248067, ""expected_count"": 248067, ""missing_expected"": [], ""ok"": true, ""stop_token_ids"": [248046], ""unexpected_allowed"": []}",2.790228155994555,xgrammar,0.6497332690050825,2.1859184950008057,405,64,"[7691, 10751, 264, 14457, 11, 40423, 15485, 430, 551, 5075, 19902, 1083, 279, 33367, 11, 279, 39029, 314, 11064, 12701, 1990, 93028, 310, 279, 3594, 303, 279, 9488, 13, 2838, 55047, 8366, 279, 30051, 11, 279, 20513, 40469, 680, 1881, 1070, 1040, 264, 8545, 44242, 13, 2838, 15818, 310, 26652, 1024, 13087, 11791, 21010, 5054, 852, 32306, 942, 26052, 440, 13813, 11690, 321, 248046]","She feels a strange, hollow relief as he vanishes into the shadows, the scent of expensive wine still clinging to the air in the kitchen. She sinks onto the sofa, the silence stretching out between them like a heavy curtain. She tries to summon her usual confidence—the woman who navigates chaos with ease begins and<|im_end|>",True,3818492416,7.939299602003302
092_coauthor_left_not_right_kna_t13,92,12,left_not_right,,13,2,64,42,2528,1408831174,coauthor,92,0,coauthor:creative:4ae07eece3a740de9b77f65ae67a10ad,0,223ce03bd42834f139d7bb33086afcd0f7e58718f6998f0f113bccec927a6d49,49fe3cb493b1c04ecef52586a9ce11de3974fba6eb7630a36cae2bd92bef9252,success,,256.0,256.0,256.0,False,,model_loaded,13.687981526003568,0.4228389740019338,1.2089355220086873,1.631774496010621,1.631774496010621,2422,34931,574104,1049628384,248320,"{""allowed_count"": 248067, ""expected_count"": 248067, ""missing_expected"": [], ""ok"": true, ""stop_token_ids"": [248046], ""unexpected_allowed"": []}",2.8477125170029467,xgrammar,0.6498789779871004,2.2121466170065105,205,64,"[760, 18995, 11, 264, 1602, 314, 61323, 472, 5759, 440, 6213, 421, 2714, 310, 3222, 62721, 11, 61499, 514, 4258, 430, 12987, 69794, 16067, 279, 14019, 4528, 314, 3611, 15230, 11, 279, 8084, 1355, 314, 2199, 11, 279, 16233, 49491, 314, 2854, 11, 279, 51782, 314, 3980, 11, 279, 46578, 314, 279, 3611, 8643, 13, 1577, 279, 18995, 567, 4541, 1141, 10530, 321, 248046]","The alien, a being of crystalline structure with eyes that seem to hold galaxies, listens intently as Matt Damon describes the crushing weight of human suffering, the fragility of life, the ultimate paradox of love, the cruelty of war, the endurance of the human spirit. As the alien weaves its advanced and<|im_end|>",True,3801226240,8.112858505992335
093_coauthor_left_not_right_kna_t14,93,13,left_not_right,,14,2,64,45,2713,67085581,coauthor,93,0,coauthor:creative:ec3d1c0f86a04f8eaea5df982cf79284,0,095247b7f8e77dc1b82a73542d14284299da2e21b33787ad808e75f76df2bfaf,cfec87f3a360b684da1d0e1a3ef6d5ab669496c1b0f8b66f9bf6c4223a3eebb8,success,,256.0,256.0,256.0,False,,model_loaded,13.576243110001087,0.46098188699397724,1.3466962989914464,1.8076781859854236,1.8076781859854236,2608,40180,661504,1270170096,248320,"{""allowed_count"": 248067, ""expected_count"": 248067, ""missing_expected"": [], ""ok"": true, ""stop_token_ids"": [248046], ""unexpected_allowed"": []}",2.664717773994198,xgrammar,0.6502840060129529,2.2254797290079296,168,64,"[1465, 369, 264, 3616, 35997, 321, 682, 264, 12553, 6725, 243575, 13, 1987, 279, 292, 22026, 30976, 2640, 13264, 13, 561, 292, 22026, 30976, 369, 2400, 314, 424, 13, 8938, 780, 803, 369, 2098, 4248, 13, 11546, 36192, 579, 4292, 11, 4248, 13, 36949, 640, 36192, 13, 271, 1465, 682, 264, 2545, 12553, 6725, 243575, 11, 852, 369, 1048, 264, 292, 22026, 30976, 248046]","He is a girl bee and has a sister named Zara. So the bumblebee says anyway. The bumblebee is full of it. Because his name is really Mr. Jeff Bee's son, Mr. Zachary Bee.

He has a little sister named Zara, who is also a bumblebee<|im_end|>",True,3797877248,8.109142123998026
094_coauthor_left_not_right_kna_t15,94,14,left_not_right,,15,2,64,48,2898,624182968,coauthor,94,0,coauthor:creative:b01c3090a9204cc2a74830b611722d53,0,069c18e202c99bd8a9921a15d0f2b132a5f1bed7e98df02ec4d4b6d4a11e681d,b2e21ddd39a517244cd4965cb0c867f3bcc34c173449360a8f2b494e1cbb654b,success,,256.0,256.0,256.0,False,,model_loaded,14.051966580998851,0.43852652100031264,1.5109183780004969,1.9494448990008095,1.9494448990008095,2794,45795,755078,1518808602,248320,"{""allowed_count"": 248067, ""expected_count"": 248067, ""missing_expected"": [], ""ok"": true, ""stop_token_ids"": [248046], ""unexpected_allowed"": []}",2.723624309990555,xgrammar,0.6319832399894949,2.250294710000162,185,64,"[760, 3980, 427, 1098, 383, 11, 264, 50240, 14810, 314, 3807, 11, 9229, 11, 13437, 3503, 505, 778, 11, 23759, 20847, 11, 18676, 11, 19060, 11, 3769, 11, 44367, 11, 8415, 11, 3769, 11, 44367, 11, 8415, 11, 3769, 11, 44367, 11, 8415, 11, 3769, 11, 44367, 11, 8415, 11, 3769, 11, 44367, 11, 8415, 11, 3769, 11, 44367, 11, 8415, 2785, 321, 248046]","The war rages on, a chaotic dance of fire, steel, ancient incantations, sorcery, destruction, survival, hope, despair, fear, hope, despair, fear, hope, despair, fear, hope, despair, fear, hope, despair, fear, hope, despair, fear within and<|im_end|>",True,3799132672,8.334533638000721
095_coauthor_left_not_right_kna_t16,95,15,left_not_right,,16,2,64,51,3083,301296286,coauthor,95,0,coauthor:creative:f6c2fa4230df43b9b9857e71b9d68a89,0,ddbd12e28f76f45246f0b70858b84c74d8d48706e68704f252116b77468ebdfd,cceb99b323be85caf621bf6ec6b9050b6b5ca9f753f6634460e3b66daca3bd5d,success,,256.0,256.0,256.0,False,,model_loaded,14.305990987006226,0.4528671019943431,1.6852416129986523,2.1381087149929954,2.1381087149929954,2980,51776,854826,1797168942,248320,"{""allowed_count"": 248067, ""expected_count"": 248067, ""missing_expected"": [], ""ok"": true, ""stop_token_ids"": [248046], ""unexpected_allowed"": []}",2.7687401680013863,xgrammar,0.7404795360052958,2.2576347489957698,124,64,"[760, 2763, 45486, 494, 279, 328, 35, 327, 1, 3809, 557, 28402, 11, 3482, 279, 31465, 7867, 314, 79785, 295, 12914, 36900, 279, 2981, 18089, 836, 51459, 13, 23475, 5381, 11, 279, 3521, 7892, 8516, 364, 31448, 295, 12914, 28028, 11040, 26, 874, 4860, 998, 781, 1066, 328, 5198, 220, 16, 1, 3470, 11, 694, 264, 6999, 15170, 11, 638, 2294, 2854, 321, 248046]","The initial backlash from the ""Dad"" community was swift, yet the sheer volume of counterfeit mugs flooding the market proved their authenticity. Within weeks, the global supply chain for Dad mugs shifted entirely; no longer were they just ""Top 1"" items, but a fully functional, self-g love and<|im_end|>",True,3797332992,8.634427583994693
096_coauthor_sets_differ_kna_t1,96,0,sets_differ,,1,2,64,7,432,337701703,coauthor,96,0,coauthor:creative:c86ee4fe34954bd7b183d8a5068255da,0,f42883c9508b5829cdc00399c9dc365095050abf4aafa855eb514354119bc17d,3da79230da15cc828ef46f4de9a06f109ea23cb927ba471574fb6057a0500cda,success,,256.0,256.0,256.0,False,,model_loaded,12.160683737994987,0.33104694199573714,0.09262205200502649,0.42366899400076363,0.42366899400076363,314,982,16210,9077791,248320,"{""allowed_count"": 248068, ""expected_count"": 248068, ""missing_expected"": [], ""ok"": true, ""stop_token_ids"": [248046], ""unexpected_allowed"": []}",2.8591111959976843,xgrammar,0.6240163170004962,2.2427582689997507,300,64,"[68552, 369, 866, 314, 411, 3102, 7285, 488, 2466, 11, 678, 7497, 88818, 9781, 430, 279, 47077, 12611, 488, 440, 279, 5176, 314, 264, 6745, 11894, 13, 328, 4888, 6351, 369, 3611, 11, 321, 353, 1044, 3611, 13, 1368, 1292, 369, 279, 15780, 314, 279, 2732, 287, 11, 321, 488, 513, 279, 28330, 314, 279, 2732, 287, 11, 1179, 353, 1044, 279, 14131, 248046]","""How is any of this possible?"" you ask, your voice trembling slightly as the realization hits you with the force of a physical blow. ""My mother is human, and I am human. If she is the Queen of the Bees, and you are the Princess of the Bees, then I am the dealing<|im_end|>",True,3809203200,6.904177352000261
097_coauthor_sets_differ_kna_t2,97,1,sets_differ,,2,2,64,12,679,315805698,coauthor,97,0,coauthor:creative:8024bf1914664591abe824dd583d2d2a,0,3cd595b9c57d80f8844a5dcc833e0e23589787c093f60e80e17fb638c80caf45,ee9ee8f259e5544e0c4a0d36678310180166ab464e4d0f5a1c5618dd7c494824,success,,256.0,256.0,256.0,False,,model_loaded,12.09307757699571,0.34237214499444235,0.17289185000117868,0.515263994995621,0.515263994995621,562,2268,37545,31599860,248320,"{""allowed_count"": 248068, ""expected_count"": 248068, ""missing_expected"": [], ""ok"": true, ""stop_token_ids"": [248046], ""unexpected_allowed"": []}",2.7058580059965607,xgrammar,0.6396546340110945,2.212524176997249,352,64,"[10397, 599, 12987, 69794, 1288, 279, 22486, 52297, 11, 7854, 539, 264, 16966, 2631, 4950, 314, 1064, 430, 279, 18995, 8026, 55807, 13, 328, 3850, 567, 1366, 6681, 3069, 13, 1165, 3105, 914, 1066, 1318, 310, 1831, 1384, 26, 567, 4674, 310, 1228, 780, 37285, 2272, 279, 27286, 321, 52862, 23631, 11, 310, 1436, 413, 551, 4035, 17171, 279, 8151, 1973, 780, 43669, 248046]","""We have Matt Damon,"" the satellite echoed, followed by a crackling sound of static as the alien ship descended. ""But we know exactly why. We didn't just want to take him; we wanted to test his durability against the vacuum and cosmic radiation, to see if he'd survive the trip without his entertain<|im_end|>",True,3813806592,6.8684855659957975
098_coauthor_sets_differ_kna_t3,98,2,sets_differ,,3,2,64,16,926,129158734,coauthor,98,0,coauthor:creative:bc176a916d344af496f7bdbf408db4e9,0,abe563dffe61619c7cc22a576562dcafd5d07bac0adc34a3d77637e1a7020b57,79639a453a01913e208ab01decf55d83ebd5f0d770264f96272ec9196289c878,success,,256.0,256.0,256.0,False,,model_loaded,12.511182779999217,0.338000859002932,0.26406867199693806,0.60206953099987,0.60206953099987,810,4042,66992,70820752,248320,"{""allowed_count"": 248068, ""expected_count"": 248068, ""missing_expected"": [], ""ok"": true, ""stop_token_ids"": [248046], ""unexpected_allowed"": []}",2.7557035329955397,xgrammar,0.6203659150050953,2.265755543994601,87,64,"[7525, 2936, 26731, 310, 2873, 279, 5333, 310, 660, 9977, 1172, 220, 17, 21, 11, 694, 488, 321, 279, 2645, 314, 279, 328, 45677, 2520, 778, 1, 513, 23860, 2166, 1496, 43953, 13, 3095, 488, 2224, 220, 23, 20, 11, 279, 3008, 6043, 513, 5326, 10782, 13, 271, 760, 5333, 11, 1345, 31291, 2199, 539, 10476, 11, 682, 978, 16134, 310, 41365, 51779, 248046]","Your government decides to give the drug to all citizens under 26, but you and the rest of the ""Lost Generations"" are deemed too high-risk. When you're 85, the side effects are finally discovered.

The drug, while extending life by decades, has been proven to accelerate catastrophic<|im_end|>",True,3796878336,6.965399979992071
099_coauthor_sets_differ_kna_t4,99,3,sets_differ,,4,2,64,20,1173,1920720594,coauthor,99,0,coauthor:creative:e90a5ce2d98548a997fb8c3ab2213483,0,4a5dc6c01800fa7e289a0bf46b184f2093cbecdef0bde112a9f4afa70df94d74,62160b8cdc8b0d1d108cce65655dac12be444ee0181d048caf162aa433b73778,success,,256.0,256.0,256.0,False,,model_loaded,12.77060904398968,0.35406134399818256,0.36552901500544976,0.7195903590036323,0.7195903590036323,1058,6304,104183,129633331,248320,"{""allowed_count"": 248068, ""expected_count"": 248068, ""missing_expected"": [], ""ok"": true, ""stop_token_ids"": [248046], ""unexpected_allowed"": []}",2.721582883998053,xgrammar,0.6543772840086604,2.271004295995226,251,64,"[2523, 8597, 279, 8265, 3808, 279, 1898, 11, 279, 25570, 6105, 321, 16724, 11, 41567, 1060, 279, 11947, 314, 1782, 852, 995, 978, 14390, 836, 5823, 13, 1394, 1301, 279, 1830, 303, 20513, 11, 279, 4528, 314, 678, 2199, 14413, 30787, 494, 279, 21613, 314, 8318, 310, 279, 32556, 1144, 314, 14912, 13, 271, 6825, 1366, 424, 579, 264, 2609, 310, 2466, 9192, 248046]","You spread the folder across the table, the ink blue and sharp, illuminating the faces of those who had been denied their chance. You read the report in silence, the weight of your life suddenly shifting from the burden of waiting to the urgent need of acting.

""I know it's a lot to ask bits<|im_end|>",True,3804834304,7.214272085999255
100_coauthor_sets_differ_kna_t5,100,4,sets_differ,,5,2,64,24,1420,852954765,coauthor,100,0,coauthor:creative:8b458eefa9304e608322239981e4ccd1,0,cd3327ee685d8012a840908792ca6a7f44ca399ece3bb82128a59a9c0153c0ca,417c437c8afcc37e856073580566bedce13f9f4c8c3c425c702689e583cac5bc,success,,256.0,256.0,256.0,False,,model_loaded,12.722464423000929,0.35649365300196223,0.47105587398982607,0.8275495269917883,0.8275495269917883,1306,9054,149118,210930461,248320,"{""allowed_count"": 248068, ""expected_count"": 248068, ""missing_expected"": [], ""ok"": true, ""stop_token_ids"": [248046], ""unexpected_allowed"": []}",2.9105736250057817,xgrammar,0.6206290340051055,2.2317432449926855,692,64,"[2523, 6849, 7538, 303, 11, 22806, 310, 3462, 279, 1814, 13, 328, 3318, 463, 0, 353, 1144, 678, 1438, 310, 2842, 264, 10922, 9013, 1518, 424, 8311, 1288, 80426, 2640, 11, 780, 6213, 46877, 440, 264, 14457, 11, 4409, 8799, 3000, 421, 687, 536, 8464, 13, 328, 760, 5716, 369, 48752, 11, 321, 874, 975, 3046, 682, 279, 31007, 310, 35359, 8649, 32404, 248046]","You immediately jump in, eager to save the world. ""Barack! I need your help to stop a nuclear exchange before it happens,"" JFK says, his eyes glowing with a strange, almost electric light that defies reality. ""The threat is imminent, and no other country has the leverage to negotiate peace diplomatic<|im_end|>",True,3843107328,7.40395810600603
101_coauthor_sets_differ_kna_t6,101,5,sets_differ,,6,2,64,28,1667,525744930,coauthor,101,0,coauthor:creative:eecd784a495648f4a5b160beba42dd0b,0,d129644b35ce81fe9eadcb97d4c87942500c4d1acfbedb1bcd0787063b6bf490,bb92419b0c2fb74cbcb54f430b38235cc3d814e63a113422b35ef3e92e053a9a,success,,256.0,256.0,256.0,False,,model_loaded,12.837859566992847,0.3629016170016257,0.5897060059942305,0.9526076229958562,0.9526076229958562,1554,12292,201797,317605006,248320,"{""allowed_count"": 248068, ""expected_count"": 248068, ""missing_expected"": [], ""ok"": true, ""stop_token_ids"": [248046], ""unexpected_allowed"": []}",2.790018597006565,xgrammar,0.6381525010074256,2.244392256005085,212,64,"[760, 12643, 328, 9833, 579, 653, 16, 31448, 1, 4816, 310, 288, 7028, 11, 321, 1179, 424, 4203, 13, 271, 2381, 264, 6507, 2018, 11, 279, 1414, 383, 279, 49755, 1447, 1663, 11, 30787, 494, 6414, 310, 264, 76739, 13477, 1518, 50099, 1083, 35916, 11, 3565, 321, 4022, 13, 561, 4105, 328, 9833, 579, 653, 16, 31448, 1, 70173, 1083, 279, 7859, 15339, 248046]","The legend ""World's #1 Dad"" seems to waver, and then it changes.

For a split second, the text on the mug blurs, shifting from gold to a muddy brown before settling into stark, black and white. The words ""World's #1 Dad"" dissolve into the abstract reads<|im_end|>",True,3801775616,7.389647973992396
102_coauthor_sets_differ_kna_t7,102,6,sets_differ,,7,2,64,32,1914,1563697706,coauthor,102,0,coauthor:creative:c2af9e5faf164318999484aaf8b04de2,0,7975930c960cec54bed463b7f4d44f0e31a9b7d68bd0a2468c8b1c580daf28fd,34d928a8ce7ce664d002f291573abf011df624ba3f619450a7437731d49e6b58,success,,256.0,256.0,256.0,False,,model_loaded,13.31169876200147,0.3689945859950967,0.7234837599971797,1.0924783459922764,1.0924783459922764,1802,16018,262220,452549830,248320,"{""allowed_count"": 248068, ""expected_count"": 248068, ""missing_expected"": [], ""ok"": true, ""stop_token_ids"": [248046], ""unexpected_allowed"": []}",2.908370040997397,xgrammar,0.6224924650014145,2.236996422012453,408,64,"[4350, 488, 513, 39970, 1083, 678, 6051, 20310, 11, 4611, 11, 279, 3008, 6043, 3512, 2708, 13, 1394, 12706, 421, 1092, 488, 3272, 557, 264, 87590, 25430, 310, 854, 557, 15756, 264, 6103, 81340, 29712, 11, 47126, 539, 279, 4574, 44026, 314, 12177, 13, 561, 7515, 11, 2957, 85317, 11, 513, 1381, 1374, 16760, 506, 279, 12454, 26, 279, 21395, 1785, 321, 9038, 248046]","When you are halfway into your happy retirement, however, the side effects become clear. You realize that what you thought was a miraculous halt to time was merely a slow-motion decay, accelerated by the perfect preservation of youth. The cells, once dormant, are now fraying at the edges; the immune system and healthy<|im_end|>",True,3818725888,7.646723526995629
103_coauthor_sets_differ_kna_t8,103,7,sets_differ,,8,2,64,36,2161,468962890,coauthor,103,0,coauthor:creative:35399d7a3a994ff2a0425b156a33b2d7,0,55cdfabd4ab650880156a579d727f501957fa680aba83826d98f411ce7be7130,840be500ab6a94f10c3f25c4fa64573422018230f3180bd0b2921985cc8b8662,success,,256.0,256.0,256.0,False,,model_loaded,13.126244214989129,0.3726362080051331,0.8797361030010507,1.2523723110061837,1.2523723110061837,2050,20232,330387,618657797,248320,"{""allowed_count"": 248068, ""expected_count"": 248068, ""missing_expected"": [], ""ok"": true, ""stop_token_ids"": [248046], ""unexpected_allowed"": []}",2.8249063120019855,xgrammar,0.6165628570015542,2.227306145010516,157,64,"[760, 16543, 557, 1801, 524, 383, 264, 4034, 11, 694, 303, 279, 12515, 4924, 13, 60098, 314, 22589, 11, 79654, 539, 279, 18995, 5269, 781, 40465, 11, 688, 23383, 3808, 279, 23170, 303, 632, 3226, 11, 32874, 364, 279, 799, 803, 781, 3222, 23492, 13, 328, 38496, 69794, 8687, 279, 41921, 15537, 11, 264, 4950, 421, 6273, 2599, 1040, 264, 3108, 321, 47468, 248046]","The announcement was made not on a screen, but in the sky itself. Thousands of voices, amplified by the alien technology they wield, boomed across the globe in unison, screaming for the one name they hold dear. ""Matt Damon!"" the chant rose, a sound that felt less like a command and psychic<|im_end|>",True,3797742080,7.725961429998279
104_coauthor_sets_differ_kna_t9,104,8,sets_differ,,9,2,64,40,2408,882890399,coauthor,104,0,coauthor:creative:85592766aa1940778f8f71cda90305e1,0,31db7c87d8f6f4fe81de19a31ce45efe871dbc265e280ddee262d8de0160c643,3bdbdec00399aa5f146b013e69035387234aa6fc037ad6ab718a204db457afc6,success,,256.0,256.0,256.0,False,,model_loaded,13.687529081988032,0.38839780499984045,1.0344898659968749,1.4228876709967153,1.4228876709967153,2298,24934,408556,818821771,248320,"{""allowed_count"": 248068, ""expected_count"": 248068, ""missing_expected"": [], ""ok"": true, ""stop_token_ids"": [248046], ""unexpected_allowed"": []}",2.9120087250048527,xgrammar,0.6130186770024011,2.1873325500055216,348,64,"[49, 36974, 369, 1048, 1546, 24717, 303, 279, 1880, 314, 1375, 310, 1375, 12247, 13, 1216, 369, 2858, 310, 1831, 383, 1599, 13484, 506, 2957, 321, 17480, 1070, 440, 13813, 13, 35254, 628, 5615, 1384, 13, 35936, 364, 799, 975, 5286, 13, 33910, 84, 369, 279, 1132, 975, 5286, 852, 369, 6618, 279, 1880, 314, 10642, 506, 279, 4478, 423, 36974, 369, 4434, 248046]",Riku is also very skilled in the art of hand to hand combat. He is able to take on many enemies at once and defeat them with ease. Nobody can touch him. Except for one other student. Koru is the only other student who is learning the art of magic at the speed Riku is complete<|im_end|>,True,3813494272,7.889871656007017
105_coauthor_sets_differ_kna_t10,105,9,sets_differ,,10,2,64,44,2655,245101698,coauthor,105,0,coauthor:creative:1e93ad6e64e4478886b3fc31bef6a960,0,84211d600e8f7385306b604727e2b367a5c6cb03cc5d9c7fd7732eaf13e00354,e7fa664cb5eb9b258b538e03eaaff2e0689a406722470191aa43f87ed7bdbe1a,success,,256.0,256.0,256.0,False,,model_loaded,13.849311916012084,0.41291479200299364,1.2164504189859144,1.629365210988908,1.629365210988908,2546,30124,494977,1055934616,248320,"{""allowed_count"": 248068, ""expected_count"": 248068, ""missing_expected"": [], ""ok"": true, ""stop_token_ids"": [248046], ""unexpected_allowed"": []}",2.9119680110015906,xgrammar,0.6386270850052824,2.2347204689867795,224,64,"[760, 20983, 5532, 914, 1066, 264, 48367, 28086, 44075, 883, 1204, 1599, 1208, 599, 3743, 85707, 26, 424, 557, 264, 38934, 11, 6673, 334, 6804, 11656, 33249, 310, 821, 1765, 6764, 13, 1049, 1801, 728, 12190, 748, 2503, 421, 353, 11878, 279, 49755, 11, 864, 21748, 1245, 888, 310, 279, 22143, 628, 11, 9101, 728, 310, 44315, 506, 279, 4147, 3433, 13, 321, 248046]","The joke wasn't just a slapstick gag about how many people have bad dads; it was a hilarious, mathematically impossible tribute to my own father. It made me laugh so hard that I dropped the mug, which rolled right over to the trash can, leaving me to stare at the empty space. and<|im_end|>",True,3802714624,8.20477053700597
106_coauthor_both_sides_kna_t1,106,0,both_sides,,1,2,64,6,364,289879039,coauthor,106,0,coauthor:creative:04382674f44c40b592c703ae0f63c2ed,0,226b8fe07b709e4c7bb1dc2bafb73c3e4c31fb0c47231b30d175dcf507bd908f,46cf981a9a0f121327e853b9213ebb399abfefdb9bec0ecd46ab9038deef2f3c,success,,256.0,256.0,256.0,False,,model_loaded,12.263241017994005,0.3445728130027419,0.07270106099895202,0.4172738740016939,0.4172738740016939,248,724,12415,5626739,248320,"{""allowed_count"": 248067, ""expected_count"": 248067, ""missing_expected"": [], ""ok"": true, ""stop_token_ids"": [248046], ""unexpected_allowed"": []}",2.8250701690121787,xgrammar,0.6115109569946071,2.254050624993397,269,64,"[1, 34229, 369, 15749, 539, 4936, 11, 524, 539, 26926, 1288, 279, 26578, 19386, 11, 780, 7258, 58256, 470, 4661, 11702, 1759, 34927, 57364, 13, 328, 2592, 353, 628, 9637, 279, 28037, 1817, 11, 21265, 579, 4499, 310, 25715, 18240, 11, 25282, 9108, 11, 466, 12663, 2199, 42824, 369, 225062, 53940, 13, 2921, 27204, 1420, 421, 279, 27500, 4238, 668, 5706, 321, 5706, 248046]","""Science is driven by progress, not by caution,"" the scientist replied, his expression unreadable behind thick aviator sunglasses. ""If I can reverse the aging process, humanity's potential to heal diseases, cure cancer, or extend life spans is immeasurable. My calculations show that the mortality rate will properties and properties<|im_end|>",True,3806772224,6.914604606005014
107_coauthor_both_sides_kna_t2,107,1,both_sides,,2,2,64,10,546,1428681236,coauthor,107,0,coauthor:creative:90e9b5945ef5420ea02c7e982df952c2,0,0bb7ae1779402d28d4af1861a8c36c1e18367052589bd60109e7394fcdc4504e,f18a0d3c40fd87c1c6e019e510fac07b96e9e5d0a6f36fb2653b521bcefcace5,success,,256.0,256.0,256.0,False,,model_loaded,12.365726702002576,0.320806581992656,0.12912422299268655,0.44993080498534255,0.44993080498534255,431,1627,27478,18469771,248320,"{""allowed_count"": 248067, ""expected_count"": 248067, ""missing_expected"": [], ""ok"": true, ""stop_token_ids"": [248046], ""unexpected_allowed"": []}",2.8447402419988066,xgrammar,0.6442068299948005,2.2453759780037217,420,64,"[760, 24429, 5743, 310, 279, 46937, 579, 3626, 440, 264, 13621, 314, 54762, 11, 5354, 310, 50417, 13, 561, 46937, 6749, 506, 1384, 69621, 11, 1179, 8660, 279, 17587, 13, 271, 760, 24429, 23562, 4613, 11, 3221, 1660, 505, 11, 694, 279, 46937, 4777, 14428, 310, 279, 65949, 11, 8660, 264, 21245, 11, 12854, 680, 264, 3074, 73541, 314, 15530, 26969, 321, 26969, 248046]","The Wolf returned to the Pig's house with a basket of sandwiches, ready to feast. The Pig looked at him calmly, then opened the gate.

The Wolf stepped inside, looking expectant, but the Pig simply walked to the pantry, opened a cabinet, pulled out a single loaf of bread sandwich and sandwich<|im_end|>",True,3819668480,6.947986833009054
108_coauthor_both_sides_kna_t3,108,2,both_sides,,3,2,64,13,728,1960082510,coauthor,108,0,coauthor:creative:b6c87b8153ce4791a449f6b80a7f438e,0,d436c2e0a7c82ae1bea6021fc76ba5ff2e9067933bb2e1ebd9b86871742fe70a,bfcc7b127e9729b01e3c77305592977374a6bc7f28db3b7b5ed5fdd092809c63,success,,256.0,256.0,256.0,False,,model_loaded,20.917725930994493,0.32656536700960714,0.19500757700006943,0.5215729440096766,0.5215729440096766,614,2890,48857,40451965,248320,"{""allowed_count"": 248067, ""expected_count"": 248067, ""missing_expected"": [], ""ok"": true, ""stop_token_ids"": [248046], ""unexpected_allowed"": []}",2.7615872390015284,xgrammar,0.6199369459936861,2.202046453996445,209,64,"[760, 18995, 579, 7258, 27700, 494, 20684, 310, 264, 20340, 314, 21333, 10439, 11, 70763, 11, 1179, 264, 10647, 11, 59544, 47077, 13, 1216, 5686, 1441, 506, 12987, 69794, 11, 852, 369, 1990, 41274, 286, 780, 25372, 11, 39306, 314, 279, 6331, 13, 271, 1, 13784, 1288, 279, 18995, 2640, 11, 780, 7497, 88818, 9781, 13, 328, 13784, 11, 12987, 44259, 321, 44259, 248046]","The alien's expression shifts from confusion to a mixture of genuine shock, disbelief, then a sudden, chilling realization. He looks down at Matt Damon, who is still clutching his jacket, unaware of the situation.

""Wait,"" the alien says, his voice trembling slightly. ""Wait, Matt stressful and stressful<|im_end|>",True,3801542144,6.876960082998266
109_coauthor_both_sides_kna_t4,109,3,both_sides,,4,2,64,16,910,1429010261,coauthor,109,0,coauthor:creative:a155fa8cfd624d278fb8f37cc32b0565,0,79ebebfd33769fa4583f809980ade6d17be6003c922cb6eee38174447d306ea8,917b27c0ae59c48a724d0c60df0bd201b221c9722bc920b5cae42b338c983eb5,success,,256.0,256.0,256.0,False,,model_loaded,21.117585540996515,0.37271208300080616,0.2881732289970387,0.6608853119978448,0.6608853119978448,797,4513,75948,73145801,248320,"{""allowed_count"": 248067, ""expected_count"": 248067, ""missing_expected"": [], ""ok"": true, ""stop_token_ids"": [248046], ""unexpected_allowed"": []}",2.698324920012965,xgrammar,0.654125932007446,2.2487650390103227,341,64,"[2523, 2364, 678, 6623, 1441, 11, 694, 279, 20513, 421, 10695, 369, 45179, 5830, 13, 2302, 1353, 506, 488, 524, 440, 279, 18654, 488, 3481, 11, 694, 440, 264, 11012, 11, 14019, 39259, 13, 561, 47077, 12611, 488, 15288, 1056, 866, 1100, 14561, 25, 781, 513, 48018, 678, 9084, 11, 524, 1066, 678, 4906, 13, 1394, 513, 279, 6764, 314, 16089, 321, 16089, 248046]","You sit your kids down, but the silence that follows is deafening. They look at you not with the anger you expected, but with a quiet, crushing disappointment. The realization hits you harder than any scolding: they are judging your presence, not just your performance. You are the father of tomorrow and tomorrow<|im_end|>",True,3812946432,7.154224204001366
110_coauthor_both_sides_kna_t5,110,4,both_sides,,5,2,64,19,1092,532248575,coauthor,110,0,coauthor:creative:b95bdefc91d94744b375b7bcabc19d5f,0,0b46118fa4b74ef64b05cc50c1b8b9c9e05c0846d95c9e4fd74ec87d28cb70aa,ceaad7df803e4f82a5600bff8c72fd4abf5a31243d7526d6e69a0c313d3ae49f,success,,256.0,256.0,256.0,False,,model_loaded,20.976404101005755,0.38211799699638505,0.34064961299009155,0.7227676099864766,0.7227676099864766,980,6496,108751,118123759,248320,"{""allowed_count"": 248067, ""expected_count"": 248067, ""missing_expected"": [], ""ok"": true, ""stop_token_ids"": [248046], ""unexpected_allowed"": []}",2.6702257940050913,xgrammar,0.6581153449951671,2.2049767220014473,182,64,"[1, 11009, 279, 24284, 7285, 488, 12771, 11, 279, 30538, 477, 18961, 488, 440, 279, 5176, 314, 264, 6745, 11894, 13, 328, 40, 1459, 914, 5728, 264, 24284, 13, 353, 599, 264, 2199, 11, 264, 6351, 11, 264, 2531, 11, 264, 20211, 13, 1541, 353, 599, 6942, 23343, 364, 279, 1814, 579, 1379, 11078, 25158, 1149, 271, 760, 35997, 3070, 87421, 321, 87421, 248046]","""Rule the kingdom?"" you repeat, the absurdity hitting you with the force of a physical blow. ""I don't rule a kingdom. I have a life, a mother, a job, a mortgage. And I have zero tolerance for the world's most dangerous insect.""

The bee doesn stutter and stutter<|im_end|>",True,3798896128,7.142132933993707
111_coauthor_both_sides_kna_t6,111,5,both_sides,,6,2,64,22,1274,515395025,coauthor,111,0,coauthor:creative:87c2c42b2a80400ebcedfacc68b767ef,0,4dcdfd419f4136b8477b3ab4eb74f931b35e8d8a40601d39d2f24dbda966ba53,f84903b68d9176abdcd6639022a3b9c5e12de4118cc27e87f58bd677ebc04287,success,,256.0,256.0,256.0,False,,model_loaded,20.883034259997658,0.3824153919995297,0.423718606994953,0.8061339989944827,0.8061339989944827,1163,8839,147266,176958319,248320,"{""allowed_count"": 248067, ""expected_count"": 248067, ""missing_expected"": [], ""ok"": true, ""stop_token_ids"": [248046], ""unexpected_allowed"": []}",2.644570125004975,xgrammar,0.6416983020026237,2.4336695660022087,186,64,"[760, 4034, 39539, 11, 23414, 264, 8153, 11, 20117, 34774, 888, 678, 3460, 430, 279, 1534, 19528, 6299, 13, 733, 279, 20513, 421, 10695, 11, 488, 1459, 914, 2579, 279, 13087, 51287, 1815, 314, 4397, 11, 694, 4598, 264, 26281, 5357, 314, 15485, 321, 30246, 13, 561, 18352, 314, 279, 328, 4670, 2199, 1, 488, 995, 2218, 51819, 9896, 440, 17820, 11, 4598, 248046]","The screen dims, casting a soft, golden glow over your face as the final credits roll. In the silence that follows, you don't feel the usual emptiness of death, but rather a profound sense of relief and clarity. The memories of the ""long life"" you had—those filled with lessons, rather<|im_end|>",True,3799210496,7.401183800000581
112_coauthor_both_sides_kna_t7,112,6,both_sides,,7,2,64,25,1456,1211769933,coauthor,112,0,coauthor:creative:335ffea5a1a8426badc75a2fa056a1a8,0,ae57106088ac2d7d6df02f305596aca9430a81d85b7be77d71d6171e051983e5,d79772d642b355afa3752a30d1a13d6bc607cad16c0219ed9ccd67bc43f97a48,success,,256.0,256.0,256.0,False,,model_loaded,14.146673131996067,0.36553657801414374,0.5135145840031328,0.8790511620172765,0.8790511620172765,1346,11542,191493,251221961,248320,"{""allowed_count"": 248067, ""expected_count"": 248067, ""missing_expected"": [], ""ok"": true, ""stop_token_ids"": [248046], ""unexpected_allowed"": []}",2.888656858005561,xgrammar,0.6331279659934808,2.218708164000418,363,64,"[760, 20513, 303, 279, 25852, 369, 10424, 11, 264, 8545, 36781, 421, 10751, 2599, 1040, 6624, 1056, 1040, 264, 34189, 13, 561, 65690, 2696, 82, 11, 23414, 264, 8153, 11, 20117, 3000, 421, 32039, 383, 279, 68905, 15833, 11, 3154, 424, 11656, 310, 30982, 1881, 279, 11947, 314, 279, 5214, 18973, 353, 2908, 978, 9799, 364, 1578, 466, 279, 52034, 6141, 321, 6141, 248046]","The silence in the theater is absolute, a heavy blanket that feels less like comfort than like a cage. The projector hums, casting a soft, golden light that pools on the velvet seats, making it impossible to distinguish between the faces of the living actors I've been watching for years or the ghosts played and played<|im_end|>",True,3814671360,7.404017366992775
113_coauthor_both_sides_kna_t8,113,7,both_sides,,8,2,64,28,1638,1219233922,coauthor,113,0,coauthor:creative:e2ccab5b997f4aa19f39ffdb86be4151,0,c06da9b61948b1a0381a3eaac9b55b99475e792f798d40808523a7074ce76fc7,132c8eb313974618606a88feed2124313217c8e8014ba14d257feb12567ab636,success,,256.0,256.0,256.0,False,,model_loaded,13.574910534007358,0.3759890630026348,0.6126832830050262,0.988672346007661,0.988672346007661,1529,14605,241432,342487165,248320,"{""allowed_count"": 248067, ""expected_count"": 248067, ""missing_expected"": [], ""ok"": true, ""stop_token_ids"": [248046], ""unexpected_allowed"": []}",2.9728187670116313,xgrammar,0.6417759409960127,2.2455881540081464,318,64,"[760, 3594, 4613, 328, 760, 10404, 1, 369, 78828, 11, 83345, 440, 279, 3238, 8541, 367, 314, 8545, 25044, 11, 694, 279, 21388, 314, 73823, 369, 16724, 303, 279, 22730, 13, 1394, 2418, 1518, 264, 1809, 314, 2859, 11, 3096, 11, 2748, 11, 1442, 279, 27878, 13, 2302, 513, 264, 19850, 4429, 6311, 314, 25881, 11, 24560, 303, 264, 95263, 4797, 321, 4797, 248046]","The air inside ""The Island"" is sterile, humming with the low thrum of heavy machinery, but the smell of ozone is sharp in the corners. You stand before a group of men, women, children, even the elderly. They are a ragtag mix of cultures, dressed in a bewild industry and industry<|im_end|>",True,3810614784,7.623532895013341
114_coauthor_both_sides_kna_t9,114,8,both_sides,,9,2,64,31,1820,1428967917,coauthor,114,0,coauthor:creative:dda6cf6e80e74a32b62d03db6c25859c,0,9574f01c8e031c0d30e12e457c9ed5e0e85bb14e4469736001747421a461b23e,b00a3ef9527024f121d53df7b622c4db2c236275cb602ae1675f9df3e1bb01d4,success,,256.0,256.0,256.0,False,,model_loaded,13.518974117992911,0.3880157230014447,0.7168746669922257,1.1048903899936704,1.1048903899936704,1712,18028,298764,452326411,248320,"{""allowed_count"": 248067, ""expected_count"": 248067, ""missing_expected"": [], ""ok"": true, ""stop_token_ids"": [248046], ""unexpected_allowed"": []}",2.8414905599929625,xgrammar,0.6444918530032737,2.2292150310095167,111,64,"[2381, 16570, 1578, 11, 21265, 23533, 303, 264, 42780, 11012, 11, 19629, 290, 539, 264, 6784, 314, 9229, 421, 874, 4860, 6273, 1040, 8862, 694, 1040, 264, 34189, 13, 26482, 279, 91175, 9432, 11, 13523, 6237, 94746, 383, 279, 1118, 23735, 12398, 11, 39306, 421, 279, 1546, 2781, 364, 411, 29310, 995, 978, 310, 5190, 264, 3521, 11712, 13, 561, 2702, 321, 2702, 248046]","For twenty years, humanity existed in a fragile quiet, shielded by a wall of steel that no longer felt like protection but like a cage. Inside the fortified cities, scientists worked tirelessly on the first atomic bomb, unaware that the very reason for this isolation had been to prevent a global conflict. The total and total<|im_end|>",True,3797173248,7.5967652249964885
115_coauthor_both_sides_kna_t10,115,9,both_sides,,10,2,64,34,2002,510268999,coauthor,115,0,coauthor:creative:105bf88bb4bc42688e06a54644e2989b,0,c5cab2f594b463c6a06ce6e0d9f36961c3b8c329d311c523c14ce5b39f61477c,0cca3c87a2663ec40158bf9fbf4f90e5a232eb674b82b828f4095191ee3f514d,success,,256.0,256.0,256.0,False,,model_loaded,13.545327041007113,0.3958996990113519,0.8377183510019677,1.2336180500133196,1.2336180500133196,1895,21811,361578,582312179,248320,"{""allowed_count"": 248067, ""expected_count"": 248067, ""missing_expected"": [], ""ok"": true, ""stop_token_ids"": [248046], ""unexpected_allowed"": []}",2.8129867700044997,xgrammar,0.6421868550096406,2.253963763010688,117,64,"[2523, 41274, 279, 55353, 806, 33256, 303, 678, 88818, 1375, 11, 279, 20513, 314, 279, 78828, 8318, 2956, 14413, 8008, 8545, 440, 18818, 13, 4465, 6351, 11, 5802, 678, 8276, 24239, 36154, 11, 369, 1381, 264, 19261, 303, 279, 2956, 11, 1024, 6213, 54090, 286, 8574, 279, 5817, 1332, 264, 4610, 7374, 303, 264, 62788, 4022, 22162, 12965, 11, 9668, 3679, 321, 3679, 248046]","You clutch the wrinkled envelope in your trembling hand, the silence of the sterile waiting room suddenly feeling heavy with judgment. Your mother, usually your biggest cheerleader, is now a ghost in the room, her eyes darting toward the door where a security guard in a pristine white coat stands, holding several and several<|im_end|>",True,3797246976,7.709790331005934
116_coauthor_both_sides_kna_t11,116,10,both_sides,,11,2,64,37,2184,1655916229,coauthor,116,0,coauthor:creative:128bac319cb14dadaaf5c30c3a8ac5cb,0,26d7228c69ed4010f3f57dd1005fdd63a5b2ffb44729c41ae5d874a6e704bee7,505b8ee4a74b74fafb06875dfb74668c7fca5a852cd399896f6eab0006a5695a,success,,256.0,256.0,256.0,False,,model_loaded,13.604553035998833,0.4109547160041984,0.9668399710062658,1.3777946870104643,1.3777946870104643,2078,25954,430997,734016949,248320,"{""allowed_count"": 248067, ""expected_count"": 248067, ""missing_expected"": [], ""ok"": true, ""stop_token_ids"": [248046], ""unexpected_allowed"": []}",3.1279810439882567,xgrammar,0.644077158998698,2.1922366819926538,590,64,"[6825, 2688, 524, 3583, 11876, 310, 279, 6016, 314, 279, 38152, 8687, 488, 12771, 11, 678, 7497, 88818, 440, 264, 6311, 314, 10439, 11, 18654, 11, 70763, 11, 694, 1048, 264, 14457, 11, 41521, 18717, 13, 1394, 1366, 678, 3259, 668, 381, 50320, 13, 2838, 682, 7157, 1024, 2199, 21496, 488, 494, 38152, 11, 77748, 364, 678, 2199, 11, 3482, 1245, 321, 1245, 248046]","""I'm not getting married to the King of the bees!"" you repeat, your voice trembling with a mix of shock, anger, disbelief, but also a strange, reluctant calm. You know your mom will be furious. She has spent her life protecting you from bees, fearing for your life, yet right and right<|im_end|>",True,3834579968,8.0956539339968
117_coauthor_both_sides_kna_t12,117,11,both_sides,,12,2,64,40,2366,2139205696,coauthor,117,0,coauthor:creative:25742b852b764843b15266008afdc15d,0,48653e801334aed74237bbed3098659596c6513b3eef76ca9bbd385e635a5eb9,d62b69d47f4046dfa800227b71d01a376e45e9ec12b0ace0ff5ea99ef5bbabaa,success,,256.0,256.0,256.0,False,,model_loaded,13.70504988299217,0.41831506599555723,1.1079008569940925,1.5262159229896497,1.5262159229896497,2261,30457,506488,909013201,248320,"{""allowed_count"": 248067, ""expected_count"": 248067, ""missing_expected"": [], ""ok"": true, ""stop_token_ids"": [248046], ""unexpected_allowed"": []}",3.0138194400060456,xgrammar,0.6421110219962429,2.2420004609884927,376,64,"[6825, 2688, 14169, 11, 4465, 64008, 11, 353, 628, 914, 3166, 310, 18354, 13, 220, 1049, 369, 2166, 2944, 364, 586, 310, 11137, 383, 1004, 1765, 1288, 1292, 2640, 11, 1024, 7497, 88818, 9781, 13, 271, 40042, 488, 513, 524, 279, 27000, 1288, 488, 9559, 30483, 13, 328, 2523, 513, 1066, 799, 35997, 13, 561, 975, 8765, 513, 50859, 11, 2496, 321, 2496, 248046]","""I'm sorry, Your Majesty, I can't move to Minnesota.  It is too far for us to fly on our own,"" she says, her voice trembling slightly.

""But you are not the queen,"" you reply firmly. ""You are just one bee. The other thousands are terrified, never and never<|im_end|>",True,3815689728,8.218690082998364
118_coauthor_both_sides_kna_t13,118,12,both_sides,,13,2,64,43,2548,1079804222,coauthor,118,0,coauthor:creative:50b12e356bc94c72bec03b35dea37fb2,0,7d223f3cbf5df42c58c37d24d90db1851ae84976414aaa7289d5082356f09706,869c23a653e25a0242773bb38f57731be18ebce2cce6ba453892c1fd229747c8,success,,256.0,256.0,256.0,False,,model_loaded,13.585042274993611,0.42937513200740796,1.2531981539941626,1.6825732860015705,1.6825732860015705,2444,35320,588051,1108873415,248320,"{""allowed_count"": 248067, ""expected_count"": 248067, ""missing_expected"": [], ""ok"": true, ""stop_token_ids"": [248046], ""unexpected_allowed"": []}",2.7153677710011834,xgrammar,0.6385116370074684,2.236920891999034,406,64,"[760, 3516, 4042, 15959, 440, 264, 10922, 5373, 5304, 39311, 11, 70504, 279, 4307, 30701, 314, 6124, 303, 58313, 364, 279, 70882, 13, 561, 3521, 28695, 11, 864, 995, 978, 15060, 88892, 310, 5790, 279, 533, 782, 13, 1000, 381, 279, 12924, 5034, 269, 11, 1381, 1669, 4924, 383, 279, 15544, 13, 1577, 279, 6797, 15537, 888, 279, 59037, 2320, 8198, 321, 10922, 248046]","The United States responded with a nuclear counter-strike, leveling the entire continent of Japan in retaliation for the bombings. The global alliance, which had been carefully orchestrated to ensure the U.S. would be the sole victor, now found itself on the defensive. As the sun rose over the scorched remains and nuclear<|im_end|>",True,3818570240,8.026550106005743
119_coauthor_both_sides_kna_t14,119,13,both_sides,,14,2,64,46,2730,910980403,coauthor,119,0,coauthor:creative:d301787ad1c14454943032e70f5f46f0,0,89c19b5f06e8b065b57cec9cf2d079af2bec1fddeb870bc5381a96e641de248c,7a3d08879076118fda4f4fd4208ce25dacd3340555049b643b2a696b15dc248b,success,,256.0,256.0,256.0,False,,model_loaded,13.757488874995033,0.4161529429984512,1.4001381279958878,1.816291070994339,1.816291070994339,2627,40543,675686,1335170071,248320,"{""allowed_count"": 248067, ""expected_count"": 248067, ""missing_expected"": [], ""ok"": true, ""stop_token_ids"": [248046], ""unexpected_allowed"": []}",2.650815941990004,xgrammar,0.6482294159941375,2.234410277000279,202,64,"[760, 52489, 41634, 11, 694, 678, 8415, 369, 4161, 7463, 310, 279, 7497, 303, 678, 3838, 13, 328, 7525, 64008, 1288, 424, 509, 1672, 1495, 11, 90493, 430, 413, 20699, 539, 8765, 13, 328, 4286, 653, 16, 25, 9437, 955, 279, 63298, 13, 6991, 653, 17, 25, 22116, 279, 71203, 13, 6991, 653, 18, 25, 48591, 264, 35997, 1149, 271, 11051, 321, 11051, 248046]","The sting burns, but your fear is nothing compared to the voice in your mind. ""Your Majesty,"" it chimes again, echoing as if spoken by thousands. ""Order #1: Inspect the hive. Order #2: Extract the venom. Order #3: Become a bee.""

 motion and motion<|im_end|>",True,3800991744,8.143725663001533
120_coauthor_both_sides_kna_t15,120,14,both_sides,,15,2,64,49,2912,246964563,coauthor,120,0,coauthor:creative:d79796ab007244e8abb0ff2efda4a92a,0,37e363de9abf60a8bbdf2beaceac144232510c972d98ad2db9f7686b2797dbf4,a434340e380a63b720f7042ee8ce37bed4217a6ade67dd612a7cfb3052677654,success,,256.0,256.0,256.0,False,,model_loaded,14.193046793996473,0.44041266200656537,1.5576606899994658,1.9980733520060312,1.9980733520060312,2810,46126,769393,1589475649,248320,"{""allowed_count"": 248067, ""expected_count"": 248067, ""missing_expected"": [], ""ok"": true, ""stop_token_ids"": [248046], ""unexpected_allowed"": []}",2.6938919899985194,xgrammar,0.6502649640024174,2.2598536720033735,194,64,"[26093, 4196, 4843, 14016, 11, 660, 279, 16185, 314, 279, 1814, 7003, 310, 220, 20, 15, 1578, 314, 7077, 29310, 494, 799, 2361, 303, 1906, 310, 5190, 4945, 24979, 13, 220, 20, 15, 1578, 2843, 11, 279, 3516, 4042, 3905, 680, 314, 57962, 11, 1132, 310, 3827, 421, 874, 799, 745, 3804, 1083, 29310, 13, 271, 32, 7737, 34747, 6725, 235671, 321, 16185, 248046]","Following World War III, all the nations of the world agreed to 50 years of strict isolation from one another in order to prevent additional conflicts. 50 years later, the United States comes out of exile, only to learn that no one else went into isolation.

A powerful politician named Chiang and nations<|im_end|>",True,3800365056,8.345426322004641
121_coauthor_even_count_kna_t1,121,0,even_count,,1,2,64,4,308,1867362957,coauthor,121,0,coauthor:creative:93a0f456389043b787013a489df403ad,0,c0ed8ccc9ba0d9510eeff5ea7d55cafcffd204536e0bbe238ac69a5542a91c8d,4d91f5f84f669c9af627f58a878f56e8e9c29a266913f8c624a92e0c55142759,success,,256.0,256.0,256.0,False,,model_loaded,12.16333171298902,0.3332021399983205,0.0561451449902961,0.3893472849886166,0.3893472849886166,190,612,10219,3493850,248320,"{""allowed_count"": 248068, ""expected_count"": 248068, ""missing_expected"": [], ""ok"": true, ""stop_token_ids"": [248046], ""unexpected_allowed"": []}",2.75680170400301,xgrammar,0.6356576859980123,2.204899086995283,173,64,"[760, 3521, 1906, 27350, 1172, 279, 4528, 314, 421, 4097, 4514, 3980, 11, 694, 279, 3516, 4042, 21314, 524, 430, 264, 11397, 11, 694, 430, 279, 12924, 47026, 314, 264, 4752, 19060, 8024, 13, 2985, 279, 2645, 314, 279, 1814, 15588, 303, 264, 14884, 1528, 314, 3980, 11, 279, 2201, 17852, 264, 42780, 8649, 11, 10377, 1141, 8322, 310, 95062, 1345, 54498, 54498, 248046]","The global order collapsed under the weight of that five-year war, but the United States emerged not as a victim, but as the sole survivor of a unique survival strategy. With the rest of the world locked in a permanent state of war, the US maintained a fragile peace, allowing its economy to soar while phenomenal phenomenal<|im_end|>",True,3798190080,6.739189878004254
122_coauthor_even_count_kna_t2,122,1,even_count,,2,2,64,8,493,326444460,coauthor,122,0,coauthor:creative:ddb30c809dfe47f8b0d0c10147b240b4,0,fcb75add61f2e32fc2de1ec06ae64382ac61a6f94d7164c4029f65532f579f21,4a914f4392edc65b1924298bc5b6d0b24a2f309ad8e39c58200937dc50082a4b,success,,256.0,256.0,256.0,False,,model_loaded,12.176355897987378,0.34029774500231724,0.11369280099461321,0.45399054599693045,0.45399054599693045,376,1590,25811,14590532,248320,"{""allowed_count"": 248068, ""expected_count"": 248068, ""missing_expected"": [], ""ok"": true, ""stop_token_ids"": [248046], ""unexpected_allowed"": []}",2.7127528919954784,xgrammar,0.6403364059951855,2.2046996699937154,179,64,"[1, 1460, 35292, 7285, 1024, 7497, 41423, 11, 88818, 9781, 13, 328, 5328, 3184, 728, 488, 8719, 914, 3753, 1024, 1149, 271, 760, 4392, 7338, 383, 279, 9488, 5373, 11, 279, 20513, 40469, 364, 264, 2400, 5600, 6283, 1518, 42070, 579, 7497, 3799, 1472, 279, 2956, 13, 328, 40, 8719, 914, 3753, 1024, 11, 694, 353, 2688, 13879, 11, 57365, 1149, 16944, 16944, 248046]","""Sebastian?"" her voice cracked, trembling slightly. ""Please tell me you haven't seen her.""

The phone sat on the kitchen counter, the silence stretching for a full ten seconds before Sebastian's voice cut through the room. ""I haven't seen her, but I'm listening, Chloe."" pushing pushing<|im_end|>",True,3798661632,6.770787446002942
123_coauthor_even_count_kna_t3,123,2,even_count,,3,2,64,11,678,239016924,coauthor,123,0,coauthor:creative:6fd6bb19857c4f5d9d615b349fe6087b,0,aaeb3628d971254a62792c93c63bdc4c327e1e9c626ea6669bdc8af24b860f11,974d93ac48fc0dad7223729cf4578e55a23704972675d77e35c43d4dcb4a26e4,success,,256.0,256.0,256.0,False,,model_loaded,12.125072936003562,0.3451373779971618,0.17788446799386293,0.5230218459910247,0.5230218459910247,562,2934,47213,34916288,248320,"{""allowed_count"": 248068, ""expected_count"": 248068, ""missing_expected"": [], ""ok"": true, ""stop_token_ids"": [248046], ""unexpected_allowed"": []}",2.691182397000375,xgrammar,0.6420220059953863,2.1907123629935086,455,64,"[75790, 7338, 29077, 391, 303, 279, 8858, 10183, 11, 780, 5888, 77426, 279, 6560, 3795, 82, 2980, 780, 1111, 80810, 6316, 4022, 13, 1216, 995, 45630, 17573, 411, 4299, 303, 780, 1901, 264, 7493, 2942, 11, 694, 279, 20513, 303, 279, 2956, 557, 45179, 5830, 11, 79654, 539, 279, 2696, 314, 279, 15814, 321, 279, 27786, 67010, 314, 279, 27481, 13, 52962, 52962, 248046]","Bruce sat stiffly in the corner chair, his hands gripping the armrests until his knuckles turned white. He had rehearsed this moment in his head a hundred times, but the silence in the room was deafening, amplified by the hum of the servers and the distant chatter of the executives. pretending pretending<|im_end|>",True,3822939136,6.9026456699939445
124_coauthor_even_count_kna_t4,124,3,even_count,,4,2,64,14,863,702502129,coauthor,124,0,coauthor:creative:23b4bbf06990474a9607178c5e4c95a9,0,4f1c2dd6f7cd673af75d40f550a5ff306728ef319e1af80456100d7898b7c6a2,b8f06e1344d6c047f8a2d12b119cbea4a426e8341da62aae37d65f53ef279663,success,,256.0,256.0,256.0,False,,model_loaded,12.71803946098953,0.3426162870018743,0.2484413040074287,0.591057591009303,0.591057591009303,748,4644,75034,66096158,248320,"{""allowed_count"": 248068, ""expected_count"": 248068, ""missing_expected"": [], ""ok"": true, ""stop_token_ids"": [248046], ""unexpected_allowed"": []}",2.7009040449920576,xgrammar,0.6304177439888008,2.208199777000118,255,64,"[3733, 579, 264, 1546, 2545, 5823, 314, 1208, 888, 279, 4092, 314, 220, 23, 20, 310, 3512, 264, 14120, 1076, 2980, 781, 635, 13, 271, 49, 11642, 14936, 1024, 1765, 21172, 303, 279, 27187, 579, 17312, 11, 1024, 4593, 67171, 2272, 1024, 53295, 13, 561, 32441, 557, 1381, 220, 16, 15, 17, 11995, 11, 321, 1024, 6574, 557, 264, 81355, 11, 45192, 45192, 248046]","There's a very little chance of people over the age of 85 to become a giant... until they do.

Rosa watched her own reflection in the nurse's mirror, her heart pounding against her ribs. The fever was now 102 degrees, and her skin was a translucent, balloon balloon<|im_end|>",True,3805146624,6.924300540995318
125_coauthor_even_count_kna_t5,125,4,even_count,,5,2,64,17,1048,1301129,coauthor,125,0,coauthor:creative:8ca7402df5f646c3adb963acabde457f,0,fccefec8bfe5cedca5d2f348c1096ee3b4715ab575fadcb7456bbeef793e7548,a56771158748f9fbd8752aab9a77f9a187c902a07b4871d462f8a552aa76a7ac,success,,256.0,256.0,256.0,False,,model_loaded,12.97926785099844,0.35203952201118227,0.32657762899179943,0.6786171510029817,0.6786171510029817,934,6720,108663,109755182,248320,"{""allowed_count"": 248068, ""expected_count"": 248068, ""missing_expected"": [], ""ok"": true, ""stop_token_ids"": [248046], ""unexpected_allowed"": []}",2.814222869987134,xgrammar,0.6252170120133087,2.2108911569957854,152,64,"[1, 7525, 64008, 1288, 279, 35997, 8308, 11, 1141, 7497, 26042, 15793, 279, 39888, 33700, 314, 264, 10352, 579, 17313, 11, 328, 9053, 2908, 978, 44613, 310, 660, 678, 2199, 11, 321, 488, 7386, 914, 2098, 54602, 310, 38152, 13, 1394, 2224, 54602, 310, 348, 16615, 362, 9, 1149, 271, 760, 13280, 6851, 383, 678, 16388, 37536, 1141, 91775, 273, 11, 10439, 10439, 248046]","""Your Majesty,"" the bee continued, its voice mimicking the terrifying whisper of a doctor's assistant, ""you've been lied to all your life, and you aren't really allergic to bees. You're allergic to *expectation*.""

The tiny figure on your shoulder lowered its monocle, shock shock<|im_end|>",True,3797680640,7.079297293006675
126_coauthor_even_count_kna_t6,126,5,even_count,,6,2,64,20,1233,579586806,coauthor,126,0,coauthor:creative:301899b1e6be4d77b5995d94546a55ed,0,1bc9d1c60b03f48811946508e6a20a16c386f090a86c08b38d5613a1c73ecdbb,3539e77370d5cabf0a4b93f17fd72dea67b03a34295dae6c3d451bc5c568137a,success,,256.0,256.0,256.0,False,,model_loaded,12.781112252996536,0.35273823799798265,0.4094053500011796,0.7621435879991623,0.7621435879991623,1120,9162,148100,167518400,248320,"{""allowed_count"": 248068, ""expected_count"": 248068, ""missing_expected"": [], ""ok"": true, ""stop_token_ids"": [248046], ""unexpected_allowed"": []}",2.680183261996717,xgrammar,0.6243760520010255,2.3525012570025865,371,64,"[88040, 7338, 383, 279, 6607, 314, 279, 4528, 50157, 13038, 11, 780, 4593, 22725, 286, 2272, 780, 53295, 1040, 264, 29592, 11619, 13, 561, 18244, 557, 20413, 11, 3462, 364, 279, 27163, 20569, 1145, 1592, 314, 279, 3498, 16742, 321, 279, 27786, 2696, 314, 279, 3594, 62153, 13, 1216, 42578, 506, 279, 6588, 303, 780, 1375, 11, 279, 1829, 70527, 494, 14351, 14351, 248046]","Kyle sat on the edge of the weightlifting bench, his heart hammering against his ribs like a trapped bird. The gym was silent, save for the rhythmic clatter of the barbell and the distant hum of the air conditioner. He stared at the picture in his hand, the color draining from hell hell<|im_end|>",True,3815299584,7.182025179994525
127_coauthor_even_count_kna_t7,127,6,even_count,,7,2,64,23,1418,363403152,coauthor,127,0,coauthor:creative:f71e0e018a534c7f821ba507de61fb7d,0,87e5719634d4ccd55046cad402c788be1f80f6493ff97852cbfc584013cace0a,a5204d78aabe1c3c9f0658a916275ddf979b157f375cb63609cc0b1f6002cf65,success,,256.0,256.0,256.0,False,,model_loaded,13.529291401006049,0.3540088469890179,0.4992620590055594,0.8532709059945773,0.8532709059945773,1306,11970,193345,241010852,248320,"{""allowed_count"": 248068, ""expected_count"": 248068, ""missing_expected"": [], ""ok"": true, ""stop_token_ids"": [248046], ""unexpected_allowed"": []}",2.837711827000021,xgrammar,0.6213324440032011,2.2297480269917287,253,64,"[760, 295, 12914, 998, 26380, 680, 310, 1396, 17230, 303, 279, 1814, 321, 948, 781, 998, 6316, 383, 11, 781, 8280, 279, 22284, 314, 279, 17230, 13, 271, 2381, 279, 1118, 1936, 11, 279, 1814, 5467, 1141, 11155, 430, 1396, 3074, 6764, 3808, 279, 23170, 3816, 264, 12395, 11208, 383, 780, 20853, 13, 561, 295, 12914, 3105, 914, 1066, 2940, 264, 20684, 20684, 248046]","The mugs were shipped out to every dad in the world and when they were turned on, they showed the ranking of the dad.

For the first week, the world held its breath as every single father across the globe received a surprise notification on his smartphone. The mugs didn't just display a confusion confusion<|im_end|>",True,3804990976,7.345305848997668
128_coauthor_even_count_kna_t8,128,7,even_count,,8,2,64,26,1603,1103757434,coauthor,128,0,coauthor:creative:8f4fb63ec8e94e269f5a41f93e948bc5,0,3f2fcb09b27a39ce9411e54a6b233cbfdb3fc05205125c63b8dbd15f3efab4dc,3929c68f6e9e99554d8a3fea9c6877380456803b1b76458922cef46df43833da,success,,256.0,256.0,256.0,False,,model_loaded,14.429217112003244,0.37835730699589476,0.5983909500064328,0.9767482570023276,0.9767482570023276,1492,15144,244398,331857578,248320,"{""allowed_count"": 248068, ""expected_count"": 248068, ""missing_expected"": [], ""ok"": true, ""stop_token_ids"": [248046], ""unexpected_allowed"": []}",2.8678975369984983,xgrammar,0.6455916749982862,2.18310924700927,284,64,"[2053, 488, 2965, 685, 11, 279, 39026, 314, 411, 491, 2046, 8772, 279, 16602, 314, 678, 13136, 11, 24101, 279, 8981, 25969, 314, 279, 4588, 13486, 13, 4465, 1132, 42753, 11, 264, 1623, 488, 6725, 1238, 279, 21030, 5054, 852, 1118, 5467, 678, 1375, 11, 26817, 15784, 488, 11, 1024, 40720, 90493, 1472, 279, 3626, 421, 10751, 11040, 17771, 13, 1394, 15142, 15142, 248046]","As you grow up, the warmth of this new home becomes the anchor of your soul, replacing the cold uncertainty of the former existence. Your only sibling, a child you named after the gentle woman who first held your hand, grows alongside you, her laughter echoing through the house that feels entirely yours. You taught taught<|im_end|>",True,3807948288,7.462990934000118
129_coauthor_even_count_kna_t9,129,8,even_count,,9,2,64,29,1788,594885269,coauthor,129,0,coauthor:creative:409ea6cd2f8347dbb41344d1243c7e17,0,586059cc31a931276bb9b1f7d50e70fea80a1f17cc2c72ac22a153ebb2c9500b,0d618d618a2a8d26c00d74c117dec33148c19967e05edb2b2704e9820d1b74c3,success,,256.0,256.0,256.0,False,,model_loaded,14.191470535995904,0.38515830799588,0.7044545320095494,1.0896128400054295,1.0896128400054295,1678,18684,302907,441683618,248320,"{""allowed_count"": 248068, ""expected_count"": 248068, ""missing_expected"": [], ""ok"": true, ""stop_token_ids"": [248046], ""unexpected_allowed"": []}",2.725596422998933,xgrammar,0.6438045200047782,2.254775488996529,360,64,"[760, 2915, 17750, 303, 279, 3594, 11, 264, 20117, 22149, 45714, 65, 6502, 18043, 914, 6306, 13, 1216, 6749, 748, 24578, 11, 748, 36288, 73248, 314, 279, 45688, 40435, 421, 995, 63096, 1024, 1396, 3074, 2321, 13, 1216, 11938, 314, 780, 18144, 11, 780, 43136, 11, 321, 1204, 551, 995, 5326, 2197, 279, 5054, 852, 1000, 1236, 1384, 6051, 13, 271, 2053, 6051, 248046]","The offer hung in the air, a golden trap Lilybelle hadn't considered. He looked so promising, so utterly devoid of the cynicism that had plagued her every single date. He spoke of his dreams, his ambition, and how he had finally met the woman who would make him happy.

As happy<|im_end|>",True,3814434816,7.539289598003961
130_coauthor_even_count_kna_t10,130,9,even_count,,10,2,64,32,1973,2137307263,coauthor,130,0,coauthor:creative:5e72eec1e0f54fe5a74cf7e82ec67017,0,0a51225a31fe89be8a0e348343a9e4d63443f1feb0b119dee426cb083675b39d,c28cc38412ca3c4b657d6697177363bc880d9bf0dbc4e39db23fcc0dc33a9cdb,success,,256.0,256.0,256.0,False,,model_loaded,14.319509593988187,0.3983984099904774,0.8202176639897516,1.218616073980229,1.218616073980229,1864,22590,367590,572114012,248320,"{""allowed_count"": 248068, ""expected_count"": 248068, ""missing_expected"": [], ""ok"": true, ""stop_token_ids"": [248046], ""unexpected_allowed"": []}",2.769323758999235,xgrammar,0.6471236469951691,2.231379584001843,134,64,"[760, 20513, 303, 279, 1387, 2871, 557, 42371, 1056, 13087, 13, 2921, 80092, 998, 2582, 35556, 506, 821, 49755, 11, 836, 11947, 264, 6696, 314, 55039, 321, 59295, 13, 353, 6470, 310, 10033, 421, 424, 557, 264, 72708, 11, 264, 50240, 26305, 8950, 314, 70830, 310, 55557, 36579, 11, 694, 781, 1132, 30489, 11, 36490, 836, 14208, 430, 413, 310, 1910, 11, 421, 248046]","The silence in the breakroom was heavier than usual. My coworkers were already staring at my mug, their faces a mask of pity and amusement. I tried to explain that it was a prank, a chaotic ritual born of desperation to reclaim dignity, but they only laughed, shaking their heads as if to say, that<|im_end|>",True,3797459456,7.692981094995048
131_coauthor_even_count_kna_t11,131,10,even_count,,11,2,64,35,2158,1593263615,coauthor,131,0,coauthor:creative:780dc8712eb44ac2a05c14452f14973d,0,de6792dd8d6aa0a959a4b51a30eac76fb972f92ccefdb85cb704445ef72991e1,7e4dc626145903ca0f26ecfb1283d21322a716f188e08ae2caf02bd7643a262b,success,,256.0,256.0,256.0,False,,model_loaded,13.102148478996241,0.37314434300060384,0.9506049639894627,1.3237493069900665,1.3237493069900665,2050,26862,438448,724773800,248320,"{""allowed_count"": 248068, ""expected_count"": 248068, ""missing_expected"": [], ""ok"": true, ""stop_token_ids"": [248046], ""unexpected_allowed"": []}",2.8240943720011273,xgrammar,0.6422022009937791,2.2183043960103532,234,64,"[40, 14607, 421, 353, 1220, 381, 777, 1040, 1384, 13, 353, 6426, 421, 4370, 314, 41416, 279, 52331, 286, 12346, 314, 16728, 11, 353, 1000, 25878, 279, 11012, 12761, 314, 821, 1765, 2199, 13, 353, 1000, 1151, 539, 10163, 821, 6764, 321, 6351, 9283, 7339, 321, 1870, 264, 491, 11, 43074, 3626, 1608, 1132, 1092, 279, 13245, 3766, 13, 271, 40, 25624, 4370, 248046]","I realized that I should be more like him. I decided that instead of chasing the glittering lights of Hollywood, I would embrace the quiet beauty of my own life. I would start by helping my father and mother gather wood and build a new, sturdy house using only what the forest provided.

I remembered instead<|im_end|>",True,3803501568,7.7617920259945095
132_coauthor_even_count_kna_t12,132,11,even_count,,12,2,64,38,2343,2057210865,coauthor,132,0,coauthor:creative:94517582b37d4ce6b9aeb4a0f9b7eed6,0,88cf6d8254412d1e6caa6a536fe214ceecea8e8f3b21b3d60f68d3fd76189d4b,3c496bd0552b4f4a42672390e1cc8b50fb1ee934355f3014e6733a732ad37831,success,,256.0,256.0,256.0,False,,model_loaded,13.200205080007436,0.40953566499229055,1.087573594006244,1.4971092589985346,1.4971092589985346,2236,31500,515480,901288022,248320,"{""allowed_count"": 248068, ""expected_count"": 248068, ""missing_expected"": [], ""ok"": true, ""stop_token_ids"": [248046], ""unexpected_allowed"": []}",2.7782852109958185,xgrammar,0.6321864830097184,2.214518949011108,361,64,"[4639, 1066, 83505, 1070, 13, 2302, 995, 5617, 836, 7913, 383, 279, 15915, 421, 61934, 5176, 557, 279, 1132, 1560, 310, 90812, 449, 31126, 13, 3095, 279, 35336, 11136, 11, 781, 3105, 914, 2445, 440, 264, 3019, 310, 1870, 13876, 466, 6113, 24804, 26, 781, 4777, 56677, 685, 310, 1384, 11, 9668, 2265, 1506, 314, 10679, 6451, 421, 998, 16724, 3213, 1387, 1387, 248046]","That just angered them. They had built their strength on the belief that brute force was the only way to dismantle an obstacle. When the wolf arrived, they didn't come with a plan to build walls or cast spells; they simply marched up to him, holding spears of ironwood that were sharp enough break break<|im_end|>",True,3814515712,7.869452732003992
133_coauthor_even_count_kna_t13,133,12,even_count,,13,2,64,41,2528,156765421,coauthor,133,0,coauthor:creative:401511d48acd418f8e4d199782611ccc,0,71aff0a31bd4ff862335f75c14975cb5880dfb90d93c52e443c4bb07fa641f4b,6d037c3bd43824ce7f34384d6ced6f4ea3fd0b87c3ff6f4dca5864bab5fae4f4,success,,256.0,256.0,256.0,False,,model_loaded,13.541192163000233,0.42787951399805024,1.2254616010031896,1.6533411150012398,1.6533411150012398,2422,36504,598686,1103281718,248320,"{""allowed_count"": 248068, ""expected_count"": 248068, ""missing_expected"": [], ""ok"": true, ""stop_token_ids"": [248046], ""unexpected_allowed"": []}",2.7783910440048203,xgrammar,0.6446707879949827,2.274140649999026,615,64,"[760, 2624, 364, 279, 81179, 5484, 557, 12456, 1248, 321, 771, 1019, 757, 11, 440, 1599, 5656, 3322, 310, 2873, 685, 383, 279, 2151, 13, 17187, 279, 6639, 314, 2316, 11, 279, 21079, 6337, 17622, 494, 279, 25898, 579, 7189, 1467, 67266, 1472, 279, 11991, 3809, 13, 561, 2354, 8559, 279, 804, 6775, 314, 47678, 5820, 310, 1831, 5893, 11, 30787, 6278, 6278, 248046]","The search for the submerged machine was indeed long and arduous, with many countries having to give up on the quest. Despite the lack of success, the collective knowledge gained from the temple's records did ripple through the scientific community. Theories regarding the true nature of Mana began to take shape, shifting modern modern<|im_end|>",True,3836540928,8.121175915002823
134_coauthor_even_count_kna_t14,134,13,even_count,,14,2,64,44,2713,1292118837,coauthor,134,0,coauthor:creative:fe7442150cf74ed99d61e116a8a5426b,0,7ae72ad94d42dc7fea6be8d65d3812e8bff81abdd42d114143ca7b7c2b79df6c,90492460f9d45b48bfd63cfba850cba7fb8249eac7ef0c1abc5e65805bbb1d8e,success,,256.0,256.0,256.0,False,,model_loaded,13.802917756009265,0.4228104920039186,1.417544084994006,1.8403545769979246,1.8403545769979246,2608,41874,688066,1332379928,248320,"{""allowed_count"": 248068, ""expected_count"": 248068, ""missing_expected"": [], ""ok"": true, ""stop_token_ids"": [248046], ""unexpected_allowed"": []}",2.753035462999833,xgrammar,0.6386840709892567,2.228643460999592,128,64,"[2064, 3738, 854, 13, 21047, 5532, 914, 5617, 303, 264, 1834, 11, 1238, 660, 13, 271, 760, 1118, 14744, 11, 264, 25888, 3438, 17052, 303, 279, 12515, 579, 12681, 11, 75963, 430, 264, 2526, 11, 43459, 757, 94892, 303, 279, 5888, 314, 264, 3777, 35197, 6725, 3851, 4897, 13, 2838, 1669, 11339, 14336, 310, 279, 13643, 13721, 314, 17739, 68507, 11, 48884, 48884, 248046]","It took time. Rome wasn't built in a day, after all.

The first spark, a jagged tear in the sky's fabric, manifested as a small, luminous ember in the hands of a young farmer named Elara. She found herself drawn to the nearby village of Oakhaven, destined destined<|im_end|>",True,3797382144,8.206183735994273
135_coauthor_even_count_kna_t15,135,14,even_count,,15,2,64,47,2898,1546368903,coauthor,135,0,coauthor:creative:3d7f50f368ad4acdb051a9a31c886c9e,0,6a38668d0635aa44a7f7217fc77d0a90b695812bd8da38092f8c6e9f45277fd4,f01615ab40747ab03dc41017b7d14a47a805c7813b7d7fe5d202e4476b250c27,success,,256.0,256.0,256.0,False,,model_loaded,14.07912051200401,0.44257679498696234,1.5770092210004805,2.019586015987443,2.019586015987443,2794,47610,783620,1590207692,248320,"{""allowed_count"": 248068, ""expected_count"": 248068, ""missing_expected"": [], ""ok"": true, ""stop_token_ids"": [248046], ""unexpected_allowed"": []}",2.697342398998444,xgrammar,0.617624758000602,2.2427349030040205,251,64,"[40042, 353, 599, 874, 4374, 1204, 310, 381, 264, 27000, 1288, 353, 1018, 13, 271, 11734, 579, 16415, 1288, 1018, 279, 35997, 11, 780, 7497, 48257, 440, 264, 14457, 11, 10267, 50985, 24479, 421, 9047, 310, 29715, 821, 23469, 321, 4062, 821, 13136, 5774, 13, 328, 40, 1066, 1144, 799, 2330, 4542, 494, 488, 13, 1394, 2224, 279, 1118, 9209, 35997, 310, 3397, 248046]","""But I have no idea how to be a queen,"" I said.

""It's okay,"" said the bee, his voice vibrating with a strange, melodic harmony that seemed to bypass my ears and hit my soul directly. ""I just need one big favor from you. You're the first independent bee to ever<|im_end|>",True,3804834304,8.347191097011091
136_coauthor_even_count_kna_t16,136,15,even_count,,16,2,64,50,3083,435582132,coauthor,136,0,coauthor:creative:4fc8392481a44f3aa59da642529b0a07,0,57f640e379c41620b18a859eda6462a4f6cbde27d54932a6eb5d3b6344eccfe2,6be841de0c51ade8b754fcd41a16b516684993c89677d6ed5c50dce6fc99b2a6,success,,256.0,256.0,256.0,False,,model_loaded,14.261344083992299,0.4642912540002726,1.7507964200049173,2.21508767400519,2.21508767400519,2980,53712,885348,1878390050,248320,"{""allowed_count"": 248068, ""expected_count"": 248068, ""missing_expected"": [], ""ok"": true, ""stop_token_ids"": [248046], ""unexpected_allowed"": []}",2.7181365210126387,xgrammar,0.6252127960033249,2.2488658859947463,333,64,"[760, 3594, 303, 279, 25852, 557, 11702, 440, 279, 21388, 314, 67344, 321, 279, 3238, 2696, 314, 11692, 67010, 13, 417, 7004, 7338, 303, 279, 3929, 2713, 11, 1024, 6213, 33939, 279, 13041, 11, 1024, 4593, 22725, 286, 264, 85556, 35091, 2272, 1024, 53295, 13, 2838, 5532, 914, 1066, 3221, 364, 264, 2321, 26, 1292, 557, 3221, 364, 279, 3050, 2243, 1518, 1518, 248046]","The air in the theater was thick with the smell of popcorn and the low hum of excited chatter. Brie sat in the front row, her eyes scanning the crowd, her heart hammering a frantic rhythm against her ribs. She wasn't just looking for a date; she was looking for the specific version before before<|im_end|>",True,3812318208,8.55216312900302
137_coauthor_odd_count_kna_t1,137,0,odd_count,,1,2,64,3,250,388200673,coauthor,137,0,coauthor:creative:ec682476ef21423390873e912f6006ae,0,9a368b9a577190f28dca1822b93aceb43abe51d8583b5167a04694a9ef679ad6,985868fb7cd158db3ce2522961e116faee06e590cbc00e2636a82cd2ac1d1a3c,success,,256.0,256.0,256.0,False,,model_loaded,12.254338080005255,0.3290382650011452,0.039495207005529664,0.36853347200667486,0.36853347200667486,130,435,7043,1648542,248320,"{""allowed_count"": 248068, ""expected_count"": 248068, ""missing_expected"": [], ""ok"": true, ""stop_token_ids"": [248046], ""unexpected_allowed"": []}",2.9222254769993015,xgrammar,0.6277291379956296,2.240013752001687,196,64,"[760, 30557, 11, 1381, 16155, 1083, 35742, 37129, 321, 91175, 644, 549, 4541, 11, 3060, 836, 4700, 23423, 11285, 13, 561, 2763, 9956, 314, 36942, 369, 26860, 11, 430, 279, 69883, 314, 279, 2235, 10642, 14230, 310, 3222, 2272, 279, 18995, 12282, 13, 2985, 279, 5716, 748, 14938, 11, 279, 6823, 20382, 310, 264, 67657, 18830, 11, 10377, 364, 264, 34036, 7915, 18309, 248046]","The survivors, now organized into scattered tribes and fortified enclaves, begin their harrowing journey. The initial phase of warfare is brutal, as the remnants of the old magic struggle to hold against the alien machines. With the threat so severe, the population drops to a manageable fraction, allowing for a delicate balance attractive<|im_end|>",True,3800520704,6.929123317997437
138_coauthor_odd_count_kna_t2,138,1,odd_count,,2,2,64,6,375,1306585941,coauthor,138,0,coauthor:creative:0554d7947d9444bc96f9a9512f4ae989,0,de50e72293fa0a3830aa9134de2982681458224a72376f0b58cdd90c1c7cf4df,6aeaba7a03b87d9935a752c92860b542b267922e95bda184a7132267baf2f691,success,,256.0,256.0,256.0,False,,model_loaded,12.018374537001364,0.3269325610017404,0.0772475999983726,0.404180161000113,0.404180161000113,256,1118,17703,6772309,248320,"{""allowed_count"": 248068, ""expected_count"": 248068, ""missing_expected"": [], ""ok"": true, ""stop_token_ids"": [248046], ""unexpected_allowed"": []}",2.6920326959952945,xgrammar,0.6363660130009521,2.221893349007587,239,64,"[7732, 279, 5522, 557, 5442, 11, 353, 2714, 310, 381, 777, 7763, 440, 411, 2243, 314, 728, 4598, 1056, 1092, 353, 557, 9799, 383, 4034, 13, 2838, 9047, 777, 6051, 321, 777, 43361, 1056, 728, 13, 1165, 7157, 279, 12967, 7169, 883, 279, 66360, 3447, 314, 836, 6107, 21010, 396, 6714, 20254, 11, 279, 5789, 440, 836, 6357, 11, 279, 11012, 13543, 6575, 248046]","While the movie was playing, I seem to be more interested with this version of me rather than what I was watching on screen. She seemed more happy and more energetic than me. We spent the afternoon talking about the mundane details of their lives—their favorite bands, the arguments with their parents, the quiet moments earlier<|im_end|>",True,3803891712,6.782115697991685
139_coauthor_odd_count_kna_t3,139,2,odd_count,,3,2,64,8,500,575112232,coauthor,139,0,coauthor:creative:1a05d6f6ae524b638b5e3ea491d3fc4d,0,1d2f42f67a21e0ecfdb7c7378bcda7064a16783f8df4fa20c15b49edc4da17d3,b030dd22c3d2e62d078b90b58f4552b789907f8d7845913227101e6ef754f4e1,success,,256.0,256.0,256.0,False,,model_loaded,12.302314623011625,0.3349313200014876,0.12059543900249992,0.45552675900398754,0.45552675900398754,382,2049,32049,16116503,248320,"{""allowed_count"": 248068, ""expected_count"": 248068, ""missing_expected"": [], ""ok"": true, ""stop_token_ids"": [248046], ""unexpected_allowed"": []}",2.7655152730003465,xgrammar,0.6232481230108533,2.22290487200371,214,64,"[760, 3516, 4042, 11, 2957, 264, 7489, 314, 76397, 32437, 321, 24860, 24146, 11, 682, 978, 12215, 539, 264, 55941, 11, 8357, 46060, 10806, 13, 2985, 279, 8415, 314, 11712, 6747, 11, 3521, 6355, 19223, 3195, 11, 321, 4802, 998, 70896, 310, 21054, 279, 1546, 18432, 421, 2957, 4364, 279, 1814, 13, 561, 328, 35750, 4196, 1, 2306, 369, 1381, 264, 13263, 5073, 248046]","The United States, once a symbol of fractured ideology and endless wars, has been replaced by a centralized, utopian vision. With the fear of conflict removed, global trade flourished, and resources were redistributed to eliminate the very poverty that once defined the world. The ""Third World"" label is now a historical cause<|im_end|>",True,3801932288,6.818123293996905
140_coauthor_odd_count_kna_t4,140,3,odd_count,,4,2,64,10,625,796825730,coauthor,140,0,coauthor:creative:4bdb5a30d17d40d7b160d942552c190b,0,8a5077bfbda961aff67aa3dbd26b81798efeeaa8346fb748f281e6c78a24f79b,49fd8c964c4442c312ffb2de885bbeb6482ad6488a431484690afd43201f3548,success,,256.0,256.0,256.0,False,,model_loaded,12.772970441001235,0.3313735429983353,0.16539174498757347,0.4967652879859088,0.4967652879859088,508,3228,50081,30425124,248320,"{""allowed_count"": 248068, ""expected_count"": 248068, ""missing_expected"": [], ""ok"": true, ""stop_token_ids"": [248046], ""unexpected_allowed"": []}",2.805151204011054,xgrammar,0.6292711910064099,2.2638803260051645,223,64,"[760, 1132, 3377, 421, 781, 599, 369, 781, 1144, 310, 5257, 4847, 264, 2612, 777, 12004, 12313, 303, 1906, 310, 94413, 279, 34924, 13, 561, 2695, 314, 411, 311, 654, 70865, 369, 30239, 26, 1973, 279, 21079, 668, 314, 279, 9140, 11, 279, 50240, 21110, 314, 4649, 668, 1132, 1067, 303, 264, 2702, 2841, 88099, 314, 21265, 1518, 279, 5716, 1442, 3558, 8381, 248046]","The only problem that they have is they need to train quite a bit more fellow humans in order to overpower the aliens. The cost of this reawakening is steep; without the collective will of the species, the chaotic surge of energy will only result in a total annihilation of humanity before the threat even material challenge<|im_end|>",True,3802636800,6.945124794001458
141_coauthor_odd_count_kna_t5,141,4,odd_count,,5,2,64,12,750,147041094,coauthor,141,0,coauthor:creative:93cd61b41e0f46dd8af1468977c91ef7,0,e9ba506a75bcf9921b5b1b4b950e1b08f6cc69d3d45c9d91e02d6485c63cd588,bc2fb8c6260a90e84cf4db308a2f892aaacc56c07fdf4a82b886b5d557b14a03,success,,256.0,256.0,256.0,False,,model_loaded,12.310738845000742,0.34043613699031994,0.21428595400357153,0.5547220909938915,0.5547220909938915,634,4655,72792,50442172,248320,"{""allowed_count"": 248068, ""expected_count"": 248068, ""missing_expected"": [], ""ok"": true, ""stop_token_ids"": [248046], ""unexpected_allowed"": []}",2.6720394699950702,xgrammar,0.7002794049913064,2.2665341640094994,1147,64,"[1465, 7338, 1441, 11, 780, 7258, 58256, 470, 430, 551, 42578, 506, 279, 3545, 303, 821, 5888, 13, 328, 2523, 599, 279, 3254, 310, 2842, 1384, 1288, 551, 1018, 54166, 11, 780, 7497, 73248, 314, 19169, 13, 328, 3850, 488, 1902, 3418, 279, 2695, 13, 1368, 488, 19660, 424, 11, 424, 668, 34795, 279, 4307, 4788, 1785, 11, 2583, 279, 30716, 488, 28359, 248046]","He sat down, his expression unreadable as he stared at the device in my hands. ""You have the means to stop him,"" he said softly, his voice devoid of emotion. ""But you must understand the cost. If you activate it, it will erase the entire political system, including the presidency you grabbed<|im_end|>",True,3882478080,6.967787853995105
142_coauthor_odd_count_kna_t6,142,5,odd_count,,6,2,64,14,875,1773433094,coauthor,142,0,coauthor:creative:6cd01768d763429a9c65131ad293b2fe,0,9ad20814efb00c78221e374525998364b6f5eefe4a244e176bccf474bc216607,09a4b28794ab76ebdcb7629eafd6ad44917266a36c079fbb4f5be9daab999b01,success,,256.0,256.0,256.0,False,,model_loaded,12.222882843998377,0.3479634579998674,0.26764247799292207,0.6156059359927895,0.6156059359927895,760,6330,99437,76911647,248320,"{""allowed_count"": 248068, ""expected_count"": 248068, ""missing_expected"": [], ""ok"": true, ""stop_token_ids"": [248046], ""unexpected_allowed"": []}",2.6649809410009766,xgrammar,0.6127484720054781,2.219059302995447,144,64,"[760, 4383, 488, 513, 9799, 369, 883, 264, 855, 852, 369, 264, 6635, 44736, 13, 1216, 579, 303, 279, 22088, 2478, 321, 551, 29353, 21789, 364, 264, 5214, 13, 1921, 23221, 780, 41928, 27070, 321, 23271, 89814, 11, 1017, 369, 264, 5365, 11, 632, 50014, 75635, 364, 2414, 777, 1056, 1066, 11600, 321, 2552, 13, 271, 2053, 279, 19528, 6299, 11, 488, 8505, 248046]","The film you are watching is about a man who is a successful businessman. He's in the banking business and he trades stocks for a living. But beneath his polished suits and steady demeanor, there is a deep, unspoken longing for something more than just wealth and status.

As the credits roll, you baby<|im_end|>",True,3797582336,6.882160399996792
143_coauthor_odd_count_kna_t7,143,6,odd_count,,7,2,64,16,1000,320437781,coauthor,143,0,coauthor:creative:ead266bd00fd4423be98ad8176af3a17,0,2d67b5977727015bed1df982743c032b76ac28ff4b67a37c8e6be315f22cfa66,9887244fa7163e2c90cbdffae627637556dc350944fc2c59759f69c813953b58,success,,256.0,256.0,256.0,False,,model_loaded,12.52507155299827,0.3514068189979298,0.3259080270072445,0.6773148460051743,0.6773148460051743,886,8253,130016,110577549,248320,"{""allowed_count"": 248068, ""expected_count"": 248068, ""missing_expected"": [], ""ok"": true, ""stop_token_ids"": [248046], ""unexpected_allowed"": []}",2.674813103003544,xgrammar,0.63489718400524,2.381680021993816,559,64,"[9726, 1814, 682, 978, 20364, 1288, 279, 7497, 52297, 11, 524, 494, 264, 855, 303, 264, 7535, 11, 694, 494, 279, 21079, 2696, 314, 264, 3410, 10548, 24569, 542, 29347, 23540, 13, 328, 1596, 5312, 678, 5154, 321, 6470, 310, 1438, 488, 13, 1921, 488, 1132, 5924, 10639, 13, 8938, 488, 2496, 4439, 364, 1438, 2980, 424, 557, 2166, 3200, 13, 4543, 4884, 248046]","""The world has been ranked,"" the voice echoed, not from a man in a suit, but from the collective hum of a million broken cups shattering simultaneously. ""We saw your problems and tried to help you. But you only became worse. Because you never asked for help until it was too late. Now fix<|im_end|>",True,3831621632,7.134815925004659
144_coauthor_odd_count_kna_t8,144,7,odd_count,,8,2,64,18,1125,88263007,coauthor,144,0,coauthor:creative:3b6e7a4c9d65411f9342254120abcde7,0,e9d06481149b29a23e93a18bf3dda6b3d267d816655244b10bbfdcc1bee4b35d,a97387326042a646f2351d657359d255f38798c85b3cb1bc39c88fd4ad34af29,success,,256.0,256.0,256.0,False,,model_loaded,13.301678470001207,0.35822210599144455,0.3839530450059101,0.7421751509973546,0.7421751509973546,1012,10424,164529,152183878,248320,"{""allowed_count"": 248068, ""expected_count"": 248068, ""missing_expected"": [], ""ok"": true, ""stop_token_ids"": [248046], ""unexpected_allowed"": []}",2.650774828987778,xgrammar,0.6368505849968642,2.1924912090034923,268,64,"[760, 6092, 995, 978, 264, 19261, 6092, 364, 31347, 1578, 11, 22263, 539, 279, 1546, 1208, 852, 995, 2957, 21639, 1141, 12346, 321, 22816, 13, 1049, 557, 264, 1925, 314, 22353, 286, 25042, 11, 41423, 62170, 11, 321, 264, 3809, 421, 995, 978, 8318, 364, 264, 42568, 11, 15193, 421, 279, 6797, 1000, 9297, 31335, 1495, 13, 271, 4350, 279, 35336, 11136, 26055, 248046]","The town had been a ghost town for fifty years, abandoned by the very people who had once powered its lights and hospitals. It was a place of rusting tanks, cracked pavement, and a community that had been waiting for a miracle, hoping that the sun would eventually shine again.

When the wolf arrived buried<|im_end|>",True,3806693376,6.969196681995527
145_coauthor_odd_count_kna_t9,145,8,odd_count,,9,2,64,20,1250,1632800241,coauthor,145,0,coauthor:creative:fc1a28ed73b6450c8a4b9fe3b6349257,0,fb61dc0795b802d60619e44c8669107d97025d74f13bcd46089f5d4b84d28817,8404e4c5d10b490541f2208902f57ff11bb184bd69de0eafbf955db3a9bfce19,success,,256.0,256.0,256.0,False,,model_loaded,13.345666288994835,0.36742510499607306,0.45077155900071375,0.8181966639967868,0.8181966639967868,1138,12843,204093,202474634,248320,"{""allowed_count"": 248068, ""expected_count"": 248068, ""missing_expected"": [], ""ok"": true, ""stop_token_ids"": [248046], ""unexpected_allowed"": []}",2.7265121250093216,xgrammar,0.6290332929929718,2.2267260829976294,453,64,"[40, 1353, 2094, 279, 2956, 11, 321, 353, 5125, 421, 1017, 513, 8765, 314, 38152, 14170, 728, 13, 1946, 381, 10429, 11, 353, 1044, 5732, 310, 2579, 4847, 1274, 21248, 539, 660, 279, 6326, 13, 2302, 29437, 303, 264, 50240, 11, 27163, 20569, 14810, 11, 836, 352, 13701, 58091, 20359, 4661, 836, 637, 65, 12449, 12497, 11, 3482, 781, 3166, 440, 1680, 16021, 248046]","I look around the room, and I notice that there are thousands of bees surrounding me. To be honest, I am starting to feel quite flattered by all the attention. They buzz in a chaotic, rhythmic dance, their stingers tucked safely behind their elbowed bodies, yet they move with such confident<|im_end|>",True,3822783488,7.202034572008415
146_coauthor_odd_count_kna_t10,146,9,odd_count,,10,2,64,22,1375,540577242,coauthor,146,0,coauthor:creative:9ed6505663e3421ea07365fe634cbe82,0,e7b4c2b71b396e51d7cc1c83cb139a7216f8a81ef8ebb35ce15694c82baed700,6e123e4b1d16698e709a9ff0110f278b753625f048710a5badad5d94d9f353d3,success,,256.0,256.0,256.0,False,,model_loaded,12.545702465999057,0.373537285006023,0.519941550999647,0.89347883600567,0.89347883600567,1264,15510,247839,262193817,248320,"{""allowed_count"": 248068, ""expected_count"": 248068, ""missing_expected"": [], ""ok"": true, ""stop_token_ids"": [248046], ""unexpected_allowed"": []}",2.7413004169939086,xgrammar,0.6389053849998163,2.2183727879892103,172,64,"[760, 31128, 2015, 3105, 914, 1066, 4331, 279, 8026, 26, 781, 46507, 806, 424, 11, 836, 30295, 40266, 81987, 1472, 18995, 12641, 1040, 13696, 13, 2302, 35917, 12987, 69794, 1472, 279, 72113, 11, 780, 3460, 264, 6696, 314, 8384, 421, 9047, 310, 2353, 279, 41981, 563, 314, 279, 25457, 4732, 13, 1577, 781, 8379, 279, 9668, 22002, 11, 279, 18995, 579, 8981, 11, 248046]","The extraction team didn't just board the ship; they dismantled it, their plasma blades slicing through alien tech like butter. They dragged Matt Damon through the corridors, his face a mask of terror that seemed to match the grimace of the darkness outside. As they reached the holding bay, the alien's cold,<|im_end|>",True,3798111232,7.224764726997819
147_coauthor_odd_count_kna_t11,147,10,odd_count,,11,2,64,24,1500,989827863,coauthor,147,0,coauthor:creative:02ef07c642254b088b72486ce41e010c,0,374d252b88fbeb177c34c77ddf6223358b018ff8f1dc271d9804a78481063f0d,e11e6a199a3c8cc3bbeca55e2a75a8ba481ebf1928878f40d484b203aae076f5,success,,256.0,256.0,256.0,False,,model_loaded,12.68389054700674,0.35442593100015074,0.5992507030023262,0.9536766340024769,0.9536766340024769,1390,18425,295767,332085427,248320,"{""allowed_count"": 248068, ""expected_count"": 248068, ""missing_expected"": [], ""ok"": true, ""stop_token_ids"": [248046], ""unexpected_allowed"": []}",2.774540693993913,xgrammar,0.6184134750074008,2.197506522992626,452,64,"[2523, 7268, 13, 4486, 660, 11, 1092, 369, 1017, 310, 8779, 30, 1394, 2854, 52635, 3487, 11, 321, 488, 2224, 18378, 264, 8597, 421, 5469, 660, 678, 25726, 11, 864, 2830, 39502, 15683, 11, 18075, 31393, 54762, 11, 8707, 12399, 72, 31393, 11, 37452, 31393, 11, 321, 17395, 18565, 13, 271, 2053, 279, 6797, 5820, 310, 22866, 3559, 279, 32946, 11, 18255, 2002, 248046]","You agree. After all, what is there to lose? You love picnic food, and you're promised a spread that includes all your favorites, which include fried chicken, egg salad sandwiches, macaroni salad, potato salad, and chocolate cake.

As the sun began to dip below the horizon, painting field<|im_end|>",True,3822704640,7.303399021009682
148_coauthor_odd_count_kna_t12,148,11,odd_count,,12,2,64,26,1625,347190597,coauthor,148,0,coauthor:creative:484eba21615341fab99300bfe20873fb,0,c11fc5bbfeca10eff06098621d77f1516a7ad8164183cb22da39b83ccffd95f2,72afc4e6447d8c558c269749a457954c51464bba6e199817f872a6af727b9bf5,success,,256.0,256.0,256.0,False,,model_loaded,14.094454525999026,0.3971565539977746,0.6800687260110863,1.0772252800088609,1.0772252800088609,1516,21588,347877,412893464,248320,"{""allowed_count"": 248068, ""expected_count"": 248068, ""missing_expected"": [], ""ok"": true, ""stop_token_ids"": [248046], ""unexpected_allowed"": []}",2.780943004996516,xgrammar,0.6458581299957586,2.2345716659910977,205,64,"[4272, 11, 279, 12313, 995, 310, 2154, 264, 3019, 310, 615, 1384, 1142, 13, 10643, 6079, 11, 864, 5802, 25224, 440, 15579, 321, 37365, 14588, 11, 14413, 1669, 4924, 76356, 286, 303, 5337, 421, 6273, 50240, 321, 26508, 13, 2302, 68097, 310, 40362, 264, 2015, 314, 37225, 1612, 11, 23438, 11, 321, 39030, 11, 660, 49110, 440, 57394, 264, 10222, 21419, 421, 1042, 248046]","So, the humans had to develop a plan to get him back. Their military, which usually operates with precision and tactical efficiency, suddenly found itself improvising in ways that felt chaotic and desperate. They scrambled to assemble a team of linguists, engineers, and hackers, all tasked with navigating a communication barrier that let<|im_end|>",True,3801226240,7.502611406001961
149_coauthor_odd_count_kna_t13,149,12,odd_count,,13,2,64,28,1750,1779859864,coauthor,149,0,coauthor:creative:f13ca6a2519e4ddcaf454f11968ed676,0,d56fb35c016ee7236d018682248ac8103314931438f62045d3a38c28df5b7b47,8719459792af1ad6ea4eeb691e4c44c9c7cedb46899248946f5eb07f2ebf52f5,success,,256.0,256.0,256.0,False,,model_loaded,14.05266262999794,0.3972428410052089,0.760221830001683,1.1574646710068919,1.1574646710068919,1642,24999,404169,505361928,248320,"{""allowed_count"": 248068, ""expected_count"": 248068, ""missing_expected"": [], ""ok"": true, ""stop_token_ids"": [248046], ""unexpected_allowed"": []}",2.910213458002545,xgrammar,0.6405227909999667,2.270403312999406,474,64,"[760, 9376, 4097, 7493, 1208, 383, 4331, 8673, 3658, 11, 836, 22589, 90493, 1472, 279, 20513, 314, 279, 8026, 579, 14362, 13, 2302, 12706, 440, 264, 14019, 47077, 421, 781, 513, 874, 4860, 279, 5847, 314, 21265, 11, 6130, 279, 2426, 382, 314, 3769, 11, 694, 15756, 279, 1483, 30557, 314, 264, 33760, 421, 995, 2582, 8209, 13, 561, 21339, 11, 2957, 11543, 248046]","The remaining five hundred people on board ban together, their voices echoing through the silence of the ship's interior. They realize with a crushing realization that they are no longer the leaders of humanity, nor the keepers of hope, but merely the last survivors of a civilization that had already died. The Ark, once chosen<|im_end|>",True,3824430592,7.756897020997712
000_coauthor_kth_last_k1_t1_rep1,150,0,kth_last,1,1,2,64,3,250,1768257434,coauthor,0,1,coauthor:creative:12b63e9bbb204e43a40cb95aa7a44b17,0,90520e0d0b1d1fec65c690e0117abe831ee11e0b18f225f56fd2d8b4018ec618,4ee08cbb8bf5c9b2df2a9bb6e3594d0c14fa1b6b82e85ddaf842e0838082b569,success,,256.0,256.0,256.0,False,,model_loaded,12.707497904004413,0.34240189200500026,0.022234168005525135,0.3646360600105254,0.3646360600105254,130,312,5213,944740,248320,"{""allowed_count"": 248068, ""expected_count"": 248068, ""missing_expected"": [], ""ok"": true, ""stop_token_ids"": [248046], ""unexpected_allowed"": []}",2.830929976000334,xgrammar,0.6407757049892098,2.2186363539949525,324,64,"[2523, 44315, 506, 279, 13280, 25158, 11, 678, 3838, 20658, 1472, 24481, 25, 50973, 11, 59174, 11, 466, 8106, 1066, 23890, 279, 30538, 477, 314, 678, 6331, 13, 561, 7497, 4613, 678, 1901, 11, 421, 10958, 11, 8981, 3108, 314, 279, 63298, 11, 324, 13701, 11, 41161, 488, 310, 1423, 264, 1560, 310, 328, 6419, 1, 279, 39585, 11, 1442, 413, 421, 24272, 248046]","You stare at the tiny insect, your mind racing through scenarios: rebellion, diplomacy, or perhaps just accepting the absurdity of your situation. The voice inside your head, that familiar, cold command of the hive, lingers, urging you to find a way to ""save"" the colony, even if that refuse<|im_end|>",True,3811612672,6.820569201008766
001_coauthor_kth_last_k3_t1_rep1,151,1,kth_last,3,1,2,64,5,364,957646284,coauthor,1,1,coauthor:creative:22fbbbae605c469f9ee3551b6030e421,0,d0fa5008389c1428fc98588186667a3bf43c7bdf9d5e6666783a4cc08506fe00,6cf94ad8cf2f2993d3d014ba4ed49d973123d50bdfc9a50ce861dd36a87add76,success,,256.0,256.0,256.0,False,,model_loaded,12.264929154989659,0.3270229720073985,0.056426483002724126,0.3834494550101226,0.3834494550101226,248,668,11575,4302259,248320,"{""allowed_count"": 248068, ""expected_count"": 248068, ""missing_expected"": [], ""ok"": true, ""stop_token_ids"": [248046], ""unexpected_allowed"": []}",2.7935790979972808,xgrammar,0.6431775329983793,2.2519648330053315,186,64,"[12702, 85946, 11, 780, 3838, 20658, 1472, 264, 19781, 7715, 3069, 411, 5532, 914, 3102, 25, 279, 17856, 314, 279, 3603, 11, 279, 632, 50014, 31296, 551, 4035, 6273, 2261, 279, 1118, 2321, 11, 279, 25602, 2682, 2924, 1292, 4035, 45822, 948, 781, 4035, 978, 7249, 303, 279, 5214, 2956, 11, 321, 279, 2029, 421, 1292, 9047, 310, 5125, 1384, 39413, 421, 18022, 248046]","John froze, his mind racing through a dozen reasons why this wasn't possible: the timing of the night, the unspoken attraction he'd felt during the first date, the subtle glances she'd exchanged when they'd been alone in the living room, and the fact that she seemed to notice him flaws that nobody<|im_end|>",True,3799210496,6.821759302998544
002_coauthor_kth_last_k4_t1_rep1,152,2,kth_last,4,1,2,64,6,418,327601760,coauthor,2,1,coauthor:creative:0cb1f752dd254646830cf016f27b9f4f,0,aea0926e1c67f28a1e4850b57afb6689525db24d928a8a5d87d5cd8ae0d1a849,c703509274afb04b8c3a651f7055192320e5670b85f69614087136c71d4324ab,success,,256.0,256.0,256.0,False,,model_loaded,12.610050137998769,0.33392390300286934,0.07395625300705433,0.40788015600992367,0.40788015600992367,304,837,14600,6715423,248320,"{""allowed_count"": 248068, ""expected_count"": 248068, ""missing_expected"": [], ""ok"": true, ""stop_token_ids"": [248046], ""unexpected_allowed"": []}",2.7925920550042065,xgrammar,0.6296065019996604,2.215493690004223,161,64,"[38496, 69794, 579, 26974, 89814, 1132, 16453, 2683, 279, 18995, 4473, 13, 1216, 14936, 430, 279, 855, 303, 279, 51463, 22162, 2218, 24434, 1765, 13005, 2218, 94542, 2682, 8703, 19057, 6799, 506, 279, 4713, 11, 780, 18645, 281, 1939, 286, 440, 780, 3609, 13, 328, 1596, 2224, 524, 2019, 310, 1236, 411, 3999, 11, 20086, 1288, 279, 13005, 45441, 62721, 10431, 11, 3384, 248046]","Matt Damon's passive demeanor only unnerved the alien further. He watched as the man in the trench coat—his own boss—kept glancing nervously at the exit, his fingers fidgeting with his watch. ""We're not going to make this easy, Agent,"" the boss snapped galaxies apart, though<|im_end|>",True,3797791232,6.8442544379940955
003_coauthor_kth_last_k6_t1_rep1,153,3,kth_last,6,1,2,64,8,520,789147536,coauthor,3,1,coauthor:creative:89d3dfa041f54a32ba310a2b34a4055e,0,0cd1fb3a72564c2eb2e4723dd7040e2942974386ff7a1f4f65c7d72174ec6f0e,a5ba765ae9e1b0728881b336b6f272e7d08b79b7964af9976b576b17cde056a5,success,,256.0,256.0,256.0,False,,model_loaded,12.300743825995596,0.3377530230063712,0.10548489600478206,0.4432379190111533,0.4432379190111533,410,1157,20338,12729820,248320,"{""allowed_count"": 248068, ""expected_count"": 248068, ""missing_expected"": [], ""ok"": true, ""stop_token_ids"": [248046], ""unexpected_allowed"": []}",2.801582257001428,xgrammar,0.6313554480002495,2.2347843809984624,147,64,"[20946, 1353, 50859, 1288, 279, 7497, 19386, 11, 1141, 15754, 30787, 494, 264, 54185, 14829, 310, 2414, 777, 1040, 264, 9663, 13, 328, 3850, 1459, 914, 10635, 13, 353, 1044, 1532, 310, 1438, 488, 13, 1394, 1018, 488, 513, 54602, 310, 38152, 11, 694, 353, 628, 11774, 5752, 1149, 271, 760, 58791, 21146, 53798, 11, 14406, 286, 36811, 680, 1083, 264, 3074, 11, 248046]","""You look terrified,"" the voice replied, its tone shifting from a playful bow to something more like a warning. ""But don't worry. I am here to help you. You said you are allergic to bees, but I can prove otherwise.""

The swarm instantly dissolved, reforming cried out into a single,<|im_end|>",True,3797619200,6.8857507329958025
004_coauthor_kth_last_k7_t1_rep1,154,4,kth_last,7,1,2,64,9,568,1774086246,coauthor,4,1,coauthor:creative:a754ad9eecca4d13954cf36eeda823b5,0,6b769d882ba551a2492bf4bf6faa783c942df68e223238bec9ab9309b2fe958b,3fbcb37efc66316c7520316b1356f07f9e75d603d6d8bdd1deb5a32a8585726a,success,,256.0,256.0,256.0,False,,model_loaded,12.275925794005161,0.3311792000022251,0.1211026840028353,0.4522818840050604,0.4522818840050604,460,1308,23051,16224733,248320,"{""allowed_count"": 248068, ""expected_count"": 248068, ""missing_expected"": [], ""ok"": true, ""stop_token_ids"": [248046], ""unexpected_allowed"": []}",2.7503981959889643,xgrammar,0.6494875450007385,2.2663956799951848,242,64,"[7691, 8213, 1083, 279, 49093, 11, 1024, 4593, 22725, 286, 2272, 1024, 53295, 1040, 264, 29592, 11619, 13, 561, 47077, 421, 1292, 557, 8847, 279, 1788, 1637, 1495, 11, 466, 8106, 279, 348, 40398, 9, 314, 1384, 11, 557, 39888, 13, 4543, 11, 1017, 557, 264, 39888, 11, 47643, 2243, 314, 424, 303, 3929, 314, 1024, 12490, 13, 271, 760, 855, 1292, 995, 248046]","She runs into the hallway, her heart hammering against her ribs like a trapped bird. The realization that she was seeing the same person again, or perhaps the *idea* of him, was terrifying. Now, there was a terrifying, tangible version of it in front of her scheme.

The man she had<|im_end|>",True,3804129792,6.893810343986843
005_coauthor_kth_last_k9_t1_rep1,155,5,kth_last,9,1,2,64,11,658,2111689729,coauthor,5,1,coauthor:creative:f1e80762c105424fa21955d4520b182b,0,502502c894579955a02e67d4bc8512dc8f790165258674653830b1c2835473fe,22f315e008c1237dd0df9e82fd04aae3d5b5ad905b0cbdfa5d9b5efdc98be577,success,,256.0,256.0,256.0,False,,model_loaded,12.338223162994836,0.3324628419941291,0.14971071199397556,0.4821735539881047,0.4821735539881047,554,1592,28385,23939128,248320,"{""allowed_count"": 248068, ""expected_count"": 248068, ""missing_expected"": [], ""ok"": true, ""stop_token_ids"": [248046], ""unexpected_allowed"": []}",2.7997754769894527,xgrammar,0.6404014680010732,2.241142283004592,613,64,"[760, 3594, 303, 279, 10413, 557, 11702, 440, 279, 39029, 314, 51764, 29634, 321, 7478, 39929, 11, 264, 52358, 421, 9047, 310, 21146, 7318, 488, 1142, 310, 264, 854, 1518, 279, 1814, 995, 3512, 748, 16850, 321, 24339, 13, 1394, 22643, 279, 38620, 60507, 30971, 995, 10471, 488, 1578, 3998, 11, 8008, 279, 6792, 90121, 2272, 678, 6574, 430, 488, 7338, 506, 264, 248046]","The air in the restaurant was thick with the scent of roasted garlic and fresh herbs, a aroma that seemed to instantly transport you back to a time before the world had become so loud and demanding. You adjusted the silk robe Michelle had bought you years ago, feeling the cool specialties against your skin as you sat at a<|im_end|>",True,3836385280,6.906644911010517
006_coauthor_kth_last_k11_t1_rep1,156,6,kth_last,11,1,2,64,13,740,421805065,coauthor,6,1,coauthor:creative:8231b08c98d34682b96603ad677c4806,0,e7627d018247fab17ea39a52153f80dbab35e1491cddebfc6cd97fe25e8e45a8,5bea78a9a7e162251d2c04a016e2fda53a2a152a1c1ed0549b1f69cd8806f591,success,,256.0,256.0,256.0,False,,model_loaded,12.662235209994833,0.34155111300060526,0.17792909999843687,0.5194802129990421,0.5194802129990421,640,1852,33495,32308375,248320,"{""allowed_count"": 248068, ""expected_count"": 248068, ""missing_expected"": [], ""ok"": true, ""stop_token_ids"": [248046], ""unexpected_allowed"": []}",3.065963608009042,xgrammar,0.6290693509945413,2.223048165004002,149,64,"[760, 13280, 7497, 11938, 1495, 11, 411, 854, 303, 264, 15754, 421, 557, 2599, 1040, 264, 33700, 321, 777, 1040, 264, 3108, 494, 264, 46379, 13, 328, 7525, 64008, 11, 279, 1752, 310, 279, 21655, 369, 14590, 13, 2532, 513, 31092, 303, 279, 270, 41609, 11, 321, 279, 9662, 27700, 1396, 4299, 13260, 310, 279, 2047, 13, 353, 4052, 488, 2895, 279, 1560, 248046]","The tiny voice spoke again, this time in a tone that was less like a whisper and more like a command from a ruler. ""Your Majesty, the path to the flower is narrow. There are gaps in the thorns, and the wind shifts every moment ultimately to the left. I suggest you lead the way<|im_end|>",True,3797643776,7.198644482996315
007_coauthor_kth_last_k12_t1_rep1,157,7,kth_last,12,1,2,64,14,778,259537431,coauthor,7,1,coauthor:creative:0676be9886614881a7c2f933ef80337e,0,6be88382b4356adeebcc8a3e9ac864ec279e1c6b03e2c88011613d15468f76f5,cdfbe6974d09ce9cc0871e14e96c5e8c8307f294502168f2afa32ed5398fc9ef,success,,256.0,256.0,256.0,False,,model_loaded,12.644059091995587,0.3402784670033725,0.1905387669976335,0.530817234001006,0.530817234001006,680,1973,35876,36629323,248320,"{""allowed_count"": 248068, ""expected_count"": 248068, ""missing_expected"": [], ""ok"": true, ""stop_token_ids"": [248046], ""unexpected_allowed"": []}",3.0978788820066256,xgrammar,0.6275878779997583,2.1985499639995396,216,64,"[623, 411, 2199, 11, 488, 9973, 310, 1438, 1070, 303, 5337, 421, 998, 11656, 364, 488, 303, 3555, 92654, 778, 13, 1394, 5640, 310, 27786, 31703, 1332, 488, 3300, 524, 1066, 3487, 11, 694, 1048, 6255, 2373, 11, 6520, 11, 321, 22193, 13, 1394, 3827, 279, 15005, 314, 678, 3162, 80169, 4507, 11, 364, 279, 1118, 854, 11, 430, 488, 14260, 836, 7112, 248046]","In this life, you decide to help them in ways that were impossible for you in previous incarnations. You travel to distant villages where you provide not just food, but also medical care, education, and shelter. You learn the languages of your past selves probably, for the first time, as you translate their stories<|im_end|>",True,3802087936,7.222067146998597
008_coauthor_kth_last_k14_t1_rep1,158,8,kth_last,14,1,2,64,16,848,1480172670,coauthor,8,1,coauthor:creative:ba1b42a591f4447596e99b6c0a5164b3,0,34e8912ee24d3dba881a7194b2286340a6e40503c32c08b51cdf44935a5dc029,3a2e75b833ca757525550a631e9496f7dfe528d0462dae7ff12a7dfe902ad96f,success,,256.0,256.0,256.0,False,,model_loaded,12.23559327799012,0.3457051430013962,0.21499781399325002,0.5607029569946462,0.5607029569946462,754,2197,40290,45342808,248320,"{""allowed_count"": 248068, ""expected_count"": 248068, ""missing_expected"": [], ""ok"": true, ""stop_token_ids"": [248046], ""unexpected_allowed"": []}",2.7063208350009518,xgrammar,0.639034983003512,2.216334910990554,363,64,"[760, 35336, 11136, 506, 279, 3807, 7432, 11, 41274, 286, 780, 21635, 10538, 303, 799, 74210, 321, 279, 3807, 36258, 303, 279, 975, 13, 1216, 5532, 914, 3221, 364, 264, 3807, 10538, 26, 551, 557, 3221, 364, 279, 3050, 79056, 421, 1362, 20045, 264, 75488, 52038, 5759, 440, 3213, 9550, 7035, 310, 67780, 537, 424, 13, 26482, 279, 86088, 3807, 7803, 11, 551, 248046]","The wolf arrived at the firehouse, clutching his stolen truck in one paw and the fire hose in the other. He wasn't looking for a fire truck; he was looking for the specific nozzle that could blast a depleted uranium structure with enough driving pressure to pulverize it. Inside the bustling fire station, he<|im_end|>",True,3814671360,6.888448300000164
009_coauthor_kth_last_k16_t1_rep1,159,9,kth_last,16,1,2,64,18,910,320842591,coauthor,9,1,coauthor:creative:223f27bcebb5496a850b7ce86d50e910,0,35ccd0e0e742a27dfd0db5de6ff1fac25f7c5b3f7dec4e0dbf811d7690f8b5a4,d9c5d4bac011030086dd15f24ac0b54ff4136decfe2e529767bb0cdf9cb4ae4f,success,,256.0,256.0,256.0,False,,model_loaded,12.178177652996965,0.32218834399827756,0.236684071001946,0.5588724150002236,0.5588724150002236,820,2397,44240,53906905,248320,"{""allowed_count"": 248068, ""expected_count"": 248068, ""missing_expected"": [], ""ok"": true, ""stop_token_ids"": [248046], ""unexpected_allowed"": []}",2.784492188002332,xgrammar,0.6424478569970233,2.235902843007352,282,64,"[760, 16078, 303, 279, 51777, 13592, 557, 8799, 11, 264, 50240, 6311, 314, 21896, 40720, 321, 22806, 6213, 13, 2356, 520, 22643, 780, 27233, 11, 24123, 264, 14845, 421, 6273, 29077, 321, 19820, 11, 3384, 551, 40361, 24389, 780, 8906, 1559, 74105, 2493, 9297, 16966, 1172, 279, 45862, 13, 1216, 45867, 279, 13041, 11, 3221, 364, 4184, 852, 2493, 3404, 381, 9539, 310, 248046]","The atmosphere in the seminar hall was electric, a chaotic mix of nervous laughter and eager eyes. Clive adjusted his glasses, forcing a smile that felt stiff and artificial, though he secretly hoped his inner monologue might eventually crack under the prepares. He scanned the crowd, looking for someone who might actually be willing to<|im_end|>",True,3807792640,7.001762783009326
010_coauthor_kth_last_k17_t1_rep1,160,10,kth_last,17,1,2,64,19,938,2026672059,coauthor,10,1,coauthor:creative:aa092c2e66ea48d89361cc668d7d4919,0,f0aef8785fae3635dbacb398db93736768dc2db6c1007a59f74883cb4e7aec6f,2096ce40cf9cdb03b7f924f36247808c01cc8ff918f3f0c1a789f03f54442344,success,,256.0,256.0,256.0,False,,model_loaded,13.049068481006543,0.3724573890067404,0.24828393700590823,0.6207413260126486,0.6207413260126486,850,2488,46041,58048588,248320,"{""allowed_count"": 248068, ""expected_count"": 248068, ""missing_expected"": [], ""ok"": true, ""stop_token_ids"": [248046], ""unexpected_allowed"": []}",3.0098098640009994,xgrammar,0.6406501590099651,2.212439406008343,803,64,"[40, 23562, 1472, 279, 10632, 13635, 11, 321, 279, 3594, 4613, 557, 11702, 440, 264, 39029, 353, 995, 2496, 10015, 1518, 27090, 19717, 314, 73823, 321, 2414, 9922, 11, 1040, 13805, 17235, 63590, 13, 561, 13876, 72791, 290, 440, 264, 3000, 421, 9047, 310, 6206, 494, 48720, 21181, 76070, 310, 39888, 303, 264, 50355, 13, 271, 10397, 2224, 506, 279, 5651, 314, 33152, 248046]","I stepped through the massive doors, and the air inside was thick with a scent I had never experienced before—a blend of ozone and something sweet, like blooming jasmine. The walls shimmered with a light that seemed to shift from awe-inspiring to terrifying in a heartbeat.

""We're at the Center of Creation<|im_end|>",True,3852866560,7.3825723369955085
011_coauthor_kth_last_k19_t1_rep1,161,11,kth_last,19,1,2,64,21,988,1648297798,coauthor,11,1,coauthor:creative:50e2383a31544349adae9a66d596cdf6,0,ae4426c84b806a0828799d6e517023d7f9b666261cf6ed50691032cdb3e62063,b752cf78dc27e767135c02b616f1f3838dc1856067d3fb96e8b53441a397f5b2,success,,256.0,256.0,256.0,False,,model_loaded,12.98029724600201,0.37154168900451623,0.26743354099744465,0.6389752300019609,0.6389752300019609,904,2652,49295,65899963,248320,"{""allowed_count"": 248068, ""expected_count"": 248068, ""missing_expected"": [], ""ok"": true, ""stop_token_ids"": [248046], ""unexpected_allowed"": []}",3.0011930559994653,xgrammar,0.6477917099982733,2.2122200960002374,227,64,"[65687, 488, 30774, 264, 10794, 855, 321, 599, 2943, 2748, 13, 1577, 781, 2965, 685, 11, 488, 3609, 1070, 440, 264, 4593, 2400, 314, 21099, 11, 13660, 421, 279, 26965, 488, 16113, 303, 678, 3889, 2199, 668, 2496, 9149, 14580, 494, 836, 18352, 13, 58110, 11, 488, 12706, 421, 279, 11848, 10986, 314, 411, 11285, 369, 524, 279, 2192, 466, 279, 31477, 11, 248046]","Eventually you marry a wonderful man and have four children. As they grow up, you watch them with a heart full of pride, knowing that the struggles you faced in your original life will never truly fade from their memories. accomplishment, you realize that the greatest reward of this journey is not the title or the fame,<|im_end|>",True,3802952704,7.386730569996871
012_coauthor_kth_last_k20_t1_rep1,162,12,kth_last,20,1,2,64,22,1010,828242263,coauthor,12,1,coauthor:creative:b7687cecbf6c4c18a04b5b0b9b031cf4,0,2c60ce3d695e6edd9e8872dc1c132e83d051775c4ea1e469e8c482b06c02f3a8,21011d1fd209f820a1b6ecca1882dc3104a2945000a9998bd042602b4afc8b29,success,,256.0,256.0,256.0,False,,model_loaded,12.799855517994729,0.3809509720013011,0.2829593169881264,0.6639102889894275,0.6639102889894275,928,2725,50748,69555127,248320,"{""allowed_count"": 248068, ""expected_count"": 248068, ""missing_expected"": [], ""ok"": true, ""stop_token_ids"": [248046], ""unexpected_allowed"": []}",2.928719768009614,xgrammar,0.6386702960007824,2.221714409010019,169,64,"[760, 49755, 6273, 42371, 1056, 424, 1220, 599, 11, 430, 413, 279, 40634, 4924, 557, 9668, 1141, 11155, 13, 561, 1414, 557, 40473, 321, 13539, 11, 41019, 680, 279, 3299, 328, 44, 3783, 9049, 1, 303, 279, 3990, 314, 279, 2790, 11, 22152, 28428, 424, 539, 279, 4874, 314, 821, 7168, 321, 2250, 2748, 353, 995, 2496, 2197, 13, 271, 4888, 14697, 81796, 248046]","The mug felt heavier than it should have, as if the ceramic itself was holding its breath. The text was crisp and bold, spelling out the word ""MARRIED"" in the center of the design, surrounded beside it by the names of my wife and three children I had never met.

My chest tightened<|im_end|>",True,3797889536,7.362136597002973
013_coauthor_kth_last_k22_t1_rep1,163,13,kth_last,22,1,2,64,24,1048,691822373,coauthor,13,1,coauthor:creative:138dd7338a0f480584ca1deddb32f6b7,0,570cd71083d3cf72b346f1734f71f7ebe90ba18230e81fe1573962124df4ce8d,f42f903d7047c9a41dcd71203638e4b89b77de7dfe158e8cb6ef8072323b57bd,success,,256.0,256.0,256.0,False,,model_loaded,12.625077617994975,0.3536340769933304,0.2900409919966478,0.6436750689899782,0.6436750689899782,970,2853,53306,76203028,248320,"{""allowed_count"": 248068, ""expected_count"": 248068, ""missing_expected"": [], ""ok"": true, ""stop_token_ids"": [248046], ""unexpected_allowed"": []}",2.922025678999489,xgrammar,0.6276351340056863,2.2265404339996167,270,64,"[760, 20513, 421, 7854, 557, 42371, 1056, 866, 23142, 74968, 13, 1049, 5532, 914, 279, 15420, 757, 26052, 314, 264, 35298, 26, 424, 557, 279, 14019, 4528, 314, 8464, 50099, 303, 1040, 13769, 13, 41507, 14217, 303, 279, 15333, 11, 836, 2961, 7176, 88818, 303, 836, 5888, 11, 279, 6414, 321, 14527, 1145, 15275, 2272, 836, 72176, 264, 40423, 4950, 303, 264, 2956, 248046]","The silence that followed was heavier than any stadium roar. It wasn't the joyous chaos of a parade; it was the crushing weight of reality settling in like concrete. Parents stood in the dust, their results cards trembling in their hands, the gold and silver clinking against their palms a hollow sound in a room<|im_end|>",True,3806850048,7.226298901005066
014_coauthor_kth_last_k24_t1_rep1,164,14,kth_last,24,1,2,64,26,1078,524432951,coauthor,14,1,coauthor:creative:e29599231e66474b8a524c23db775e47,0,e61efe11972cafd7ff0160253a4168fc65c87d29441a54d256dd7c87511c77b2,7c19e6dfdb9adc3ea5bbe84e83994bfeda5aef74665097e8486bdeb2e2d145db,success,,256.0,256.0,256.0,False,,model_loaded,13.10140484200383,0.3423605120042339,0.30057376899640076,0.6429342810006347,0.6429342810006347,1004,2957,55400,81829093,248320,"{""allowed_count"": 248068, ""expected_count"": 248068, ""missing_expected"": [], ""ok"": true, ""stop_token_ids"": [248046], ""unexpected_allowed"": []}",2.951745006997953,xgrammar,0.6364920519990847,2.2168617360002827,180,64,"[1465, 3272, 551, 1000, 2659, 7249, 11, 694, 279, 220, 24, 17, 302, 2545, 22952, 11653, 1384, 321, 557, 1040, 11, 328, 67, 768, 1149, 271, 20946, 2224, 3604, 2172, 11, 35457, 1288, 279, 22952, 1018, 11, 48716, 1384, 67296, 9502, 8404, 27686, 15683, 18594, 494, 1024, 65949, 13, 328, 9658, 5909, 11, 353, 599, 264, 3410, 975, 47177, 852, 513, 2019, 310, 248046]","He thought he would die alone, but the 92nd little pig visited him and was like, ""dude.""

""You're doing great, buddy,"" the pig said, pouring him shrugged-out-of-work chicken soup from her pantry. ""Just remember, I have a million other pigs who are going to<|im_end|>",True,3798739456,7.201459956995677
015_coauthor_kth_last_k25_t1_rep1,165,15,kth_last,25,1,2,64,27,1090,436369910,coauthor,15,1,coauthor:creative:6a9dd4e609624942951409d15edb0ff3,0,f77273b83fb30df55dfa4e973731e803604f53ee0bcfee75946bbe0a5dcd358d,37a8a64bf3b8b45c75b25736fef1bdcd618a1d304ec32388cc040304127ccc33,success,,256.0,256.0,256.0,False,,model_loaded,12.933457096994971,0.3359743659966625,0.30556709998927545,0.641541465985938,0.641541465985938,1018,3000,56273,84214432,248320,"{""allowed_count"": 248068, ""expected_count"": 248068, ""missing_expected"": [], ""ok"": true, ""stop_token_ids"": [248046], ""unexpected_allowed"": []}",2.9023136679898016,xgrammar,0.628361226990819,2.204381982999621,645,64,"[760, 16078, 383, 279, 716, 21146, 28028, 494, 279, 7948, 48144, 10941, 995, 9734, 364, 1083, 264, 41272, 11, 8229, 499, 1060, 11012, 13, 561, 6053, 13234, 11, 5802, 82378, 440, 26382, 11, 1381, 6749, 27201, 11, 836, 4797, 492, 68421, 321, 5492, 8129, 23772, 303, 4542, 314, 264, 21079, 11, 8229, 499, 1060, 8415, 13, 561, 7300, 11, 264, 55618, 855, 852, 248046]","The atmosphere on the set instantly shifted from the warm anticipation Mike had prepared for into a tense, suffocating quiet. The camera crew, usually buzzing with excitement, now looked uncomfortable, their industry jargon and production notes forgotten in favor of a collective, suffocating fear. The director, a stern man who<|im_end|>",True,3839421440,7.111308788997121
016_coauthor_kth_last_k27_t1_rep1,166,16,kth_last,27,1,2,64,29,1108,1646097257,coauthor,16,1,coauthor:creative:672cbc4dddf545218344122b24e3fd7a,0,f6e444aa329b10e3f6c7fcde1af7c6e5c3b9a24fdf90277c7098dded962a39bf,76447692e0e670562838889121d1ca07acfd7b10ab9e461c0eb545f32b2e3bea,success,,256.0,256.0,256.0,False,,model_loaded,13.183692167003755,0.3685806959983893,0.3104474819992902,0.6790281779976794,0.6790281779976794,1040,3068,57671,88058143,248320,"{""allowed_count"": 248068, ""expected_count"": 248068, ""missing_expected"": [], ""ok"": true, ""stop_token_ids"": [248046], ""unexpected_allowed"": []}",2.839952328999061,xgrammar,0.6446258799987845,2.193929967004806,217,64,"[623, 264, 4766, 314, 5381, 11, 279, 1132, 1208, 2047, 383, 279, 11247, 513, 279, 27878, 11, 314, 864, 488, 513, 264, 4314, 13, 31461, 852, 557, 3777, 369, 7795, 13, 53270, 40063, 321, 2748, 13, 44367, 11690, 310, 23950, 888, 279, 1814, 1040, 264, 8545, 29262, 430, 279, 6823, 542, 12748, 310, 264, 18830, 314, 1141, 4588, 638, 13, 271, 760, 8869, 248046]","In a matter of weeks, the only people left on the planet are the elderly, of which you are a member. Anyone who was young is gone. Including infants and children. despair begins to settle over the world like a heavy fog as the population shrank to a fraction of its former self.

The transition<|im_end|>",True,3802168832,7.21211471100105
017_coauthor_kth_last_k29_t1_rep1,167,17,kth_last,29,1,2,64,31,1118,2130361448,coauthor,17,1,coauthor:creative:cecb749518a84dce992bdcb9c97ec242,0,0269f592b37e26046e8c8f6b95d4b444026082678d7df592177296b1acde6a3f,8ef748c8c6c94cbb074c19141086f06b979b9873df67598823516ccf3609d14f,success,,256.0,256.0,256.0,False,,model_loaded,13.196911111997906,0.3724264690099517,0.3155395139910979,0.6879659830010496,0.6879659830010496,1054,3112,58605,90593698,248320,"{""allowed_count"": 248068, ""expected_count"": 248068, ""missing_expected"": [], ""ok"": true, ""stop_token_ids"": [248046], ""unexpected_allowed"": []}",2.852103052995517,xgrammar,0.6469242839957587,2.221118937988649,324,64,"[760, 18995, 11, 1381, 11884, 264, 259, 2131, 63658, 421, 9047, 30296, 391, 3611, 310, 264, 15855, 21387, 11, 14217, 28428, 279, 13443, 8057, 430, 279, 62460, 37391, 21748, 1083, 279, 20002, 2609, 13, 33757, 780, 1901, 303, 70763, 11, 264, 6669, 56319, 29051, 3808, 780, 3460, 13, 328, 2523, 7357, 513, 279, 1379, 10727, 1208, 383, 8964, 1288, 551, 1018, 11, 41274, 248046]","The alien, now wearing a tuxedo that seemed suspiciously human to a casual observer, stood beside the FBI agent as the armored SUV rolled into the neutral lot. shook his head in disbelief, a wide grin spreading across his face. ""You guys are the most efficient people on Earth,"" he said, clutch<|im_end|>",True,3811612672,7.246323111001402
018_coauthor_kth_last_k30_t1_rep1,168,18,kth_last,30,1,2,64,32,1120,1876602882,coauthor,18,1,coauthor:creative:98de646c88b04772b24503cb24056236,0,020b2d260a79be4c9ce04692f150799d994a2be65fd650f0e10abdad1bdb4d0e,3f7410b5a97aadbb75323c02e528ce5647ced01649da1c6e1e115bc9501e73eb,success,,256.0,256.0,256.0,False,,model_loaded,13.983320483006537,0.3541011769993929,0.3215657349937828,0.6756669119931757,0.6756669119931757,1058,3125,58898,91351312,248320,"{""allowed_count"": 248068, ""expected_count"": 248068, ""missing_expected"": [], ""ok"": true, ""stop_token_ids"": [248046], ""unexpected_allowed"": []}",2.938250008999603,xgrammar,0.6506767639948521,2.248913621995598,92,64,"[1919, 39888, 37622, 542, 9872, 279, 65733, 39472, 314, 8464, 421, 567, 599, 660, 1145, 2116, 310, 364, 10476, 13, 1368, 279, 328, 7700, 1, 12987, 69794, 369, 279, 44067, 314, 1004, 1765, 20059, 16491, 11, 1179, 279, 4307, 1814, 567, 1366, 2218, 9603, 543, 16827, 11, 9228, 11, 38096, 11, 321, 1004, 5904, 3712, 52510, 15756, 264, 19729, 5148, 5158, 539, 264, 248046]","This terrifying revelation shatters the comforting illusion of reality that we have all clung to for decades. If the ""real"" Matt Damon is the protagonist of our own elite fiction, then the entire world we know—police stations, movies, celebrities, and our shared history—is merely a constructed script written by a<|im_end|>",True,3796939776,7.337390699001844
019_coauthor_kth_last_k32_t1_rep1,169,19,kth_last,32,1,2,64,34,1118,1362364570,coauthor,19,1,coauthor:creative:f9a09da62e19479d8b2c31d3a494f11b,0,c3a9c343af7c11168e2bfb5457daa18f2ef34326ddd77bffcc8bc0cf20d54b0d,893be882dc246195d1a32f39828a0cb9fc26b90d4ffe7bb5e289ae3011fc9c3d,success,,256.0,256.0,256.0,False,,model_loaded,13.923343190006563,0.35116502600430977,0.32459075401129667,0.6757557800156064,0.6757557800156064,1060,3133,59136,91824434,248320,"{""allowed_count"": 248068, ""expected_count"": 248068, ""missing_expected"": [], ""ok"": true, ""stop_token_ids"": [248046], ""unexpected_allowed"": []}",2.918107967998367,xgrammar,0.645742982000229,2.2001043970085448,215,64,"[2064, 579, 264, 1865, 9156, 11, 310, 279, 12450, 421, 33760, 369, 383, 279, 56732, 314, 69089, 13, 25067, 11, 279, 961, 3752, 82, 513, 36224, 1076, 279, 295, 12914, 599, 22610, 978, 10910, 1040, 3882, 59904, 11, 694, 421, 1503, 4161, 310, 1438, 5316, 3525, 5402, 11, 430, 13087, 13, 733, 660, 279, 26052, 11, 279, 653, 16, 17230, 579, 49755, 17758, 248046]","It's a real mess, to the extent that civilization is on the verge of collapsing. Meanwhile, the ad execs are thrilled... the mugs have wise been selling like hotcakes, but that does nothing to help anyone except themselves, as usual. In all the chaos, the #1 dad's mug breaks<|im_end|>",True,3802010112,7.267665228006081
020_coauthor_kth_last_k33_t1_rep1,170,20,kth_last,33,1,2,64,35,1114,914935066,coauthor,20,1,coauthor:creative:fd2ec09a682148418ea610817afcc79a,0,24dc995488f42fdab320ee4a0daba01574e03349f7fb85ec6629e538bc2d0472,4525a9975d610bed05303319f6508282ded5dccddeff5dd08e7277e7547403a1,success,,256.0,256.0,256.0,False,,model_loaded,13.547044021994225,0.3594800560094882,0.323169990995666,0.6826500470051542,0.6826500470051542,1058,3128,59081,91537234,248320,"{""allowed_count"": 248068, ""expected_count"": 248068, ""missing_expected"": [], ""ok"": true, ""stop_token_ids"": [248046], ""unexpected_allowed"": []}",2.932969993009465,xgrammar,0.6496525429975009,2.187994779989822,217,64,"[6825, 3172, 2873, 411, 799, 1906, 13, 2972, 5236, 524, 52489, 728, 159029, 1, 271, 760, 35997, 87338, 303, 1925, 11, 1141, 69051, 5734, 57407, 286, 35091, 2586, 13, 1049, 33808, 264, 6103, 11, 16021, 22424, 314, 1141, 70261, 686, 13, 4486, 264, 9522, 17548, 11, 424, 29437, 290, 3023, 11, 9101, 728, 7249, 440, 279, 47077, 421, 424, 5532, 914, 1066, 264, 248046]","""I'll give this one order. **Do not sting me.**""

The bee hovered in place, its antennae twitching rhythmically. It nodded a slow, confident sweep of its thorax. After a brief pause, it buzzed away, leaving me alone with the realization that it wasn't just a<|im_end|>",True,3802168832,7.27465204699547
021_coauthor_kth_last_k35_t1_rep1,171,21,kth_last,35,1,2,64,37,1100,633951183,coauthor,21,1,coauthor:creative:7b0cd9f4cae6467ca5bcd8c5e0aed9e6,0,f3519ed81d47d6ff2e890d60a01c286004a802a7ebc4d380ab41f744958df4d5,b0ed76be16a21bf7adf224b43a0156a76559124bda27771b6d0704774af589d9,success,,256.0,256.0,256.0,False,,model_loaded,13.62397080399387,0.3542925319925416,0.3229728799924487,0.6772654119849904,0.6772654119849904,1048,3100,58623,89923631,248320,"{""allowed_count"": 248068, ""expected_count"": 248068, ""missing_expected"": [], ""ok"": true, ""stop_token_ids"": [248046], ""unexpected_allowed"": []}",2.8552142480039038,xgrammar,0.6234924479940673,2.2239687889959896,318,64,"[10883, 11, 279, 8869, 557, 524, 1973, 1141, 3611, 2695, 13, 561, 7077, 29310, 375, 4687, 314, 279, 1675, 12630, 54, 21912, 11057, 557, 264, 5689, 19629, 2272, 30490, 375, 24146, 11, 694, 948, 279, 19629, 10729, 321, 279, 2279, 8476, 28028, 11, 279, 15448, 998, 13522, 321, 14938, 13, 271, 2381, 279, 1118, 5600, 1578, 314, 279, 1478, 21678, 5440, 11, 19150, 248046]","However, the transition was not without its human cost. The strict isolationist policy of the post-WWIII era was a necessary shield against hobbyist wars, but when the shield fell and the power dynamic shifted, the consequences were immediate and severe.

For the first ten years of the New Atlantic China, stability<|im_end|>",True,3810614784,7.141200006997678
022_coauthor_kth_last_k37_t1_rep1,172,22,kth_last,37,1,2,64,39,1078,39360620,coauthor,22,1,coauthor:creative:36bc101319da4b3590b96bce76f7c02c,0,8847b2cd0adcd6556ba2a9940d92da8e516d0fbbce0a27023e0ea799056c283c,8cd8d965476fa23e7b064d603fb58ec9b29db5da65eaf5fc891380db460f4d65,success,,256.0,256.0,256.0,False,,model_loaded,12.316859254991869,0.34399465200840496,0.31151805400440935,0.6555127060128143,0.6555127060128143,1030,3048,57701,86958784,248320,"{""allowed_count"": 248068, ""expected_count"": 248068, ""missing_expected"": [], ""ok"": true, ""stop_token_ids"": [248046], ""unexpected_allowed"": []}",2.7473174030019436,xgrammar,0.6329532709933119,2.2018279010080732,327,64,"[31628, 6933, 32147, 1024, 6213, 11, 4483, 264, 5365, 11155, 310, 3990, 11339, 13, 2838, 40951, 279, 8008, 314, 279, 1118, 855, 1292, 9149, 8173, 440, 36339, 21010, 1560, 780, 6213, 5467, 10520, 1973, 24339, 3977, 303, 460, 13, 2838, 73826, 310, 1042, 708, 314, 279, 2235, 8415, 321, 1724, 1024, 4593, 1495, 13, 271, 7691, 21780, 680, 314, 1024, 12772, 11, 8008, 248046]","Helena closes her eyes, taking a deep breath to center herself. She remembers the feeling of the first man she truly connected with emotionally—the way his eyes held hers without demanding anything in return. She vows to let go of the old fear and open her heart again.

She walks out of her apartment, feeling<|im_end|>",True,3811847168,6.982321392992162
023_coauthor_kth_last_k38_t1_rep1,173,23,kth_last,38,1,2,64,40,1064,722542640,coauthor,23,1,coauthor:creative:11142ca391e749809df56da90091adb4,0,d3ff02fbec75c99281ebbdedf3cafcebfef46f0306e79c2cf01209f6934d6cc4,b7f8f43abc95d78f1d7cdb0acfcbc3a23c336b09a1161ec2fe2388bf717c06e4,success,,256.0,256.0,256.0,False,,model_loaded,12.92932661899249,0.37544271200022195,0.30789121400448494,0.6833339260047069,0.6833339260047069,1018,3013,57066,84989999,248320,"{""allowed_count"": 248068, ""expected_count"": 248068, ""missing_expected"": [], ""ok"": true, ""stop_token_ids"": [248046], ""unexpected_allowed"": []}",2.9347321359964553,xgrammar,0.6412599100003717,2.21079684200231,346,64,"[760, 22952, 557, 35917, 1472, 279, 3929, 5817, 11, 780, 4593, 67171, 748, 2503, 424, 54651, 806, 303, 780, 53295, 1040, 264, 29592, 11619, 13, 3229, 1235, 279, 16665, 13, 271, 9726, 22952, 8687, 279, 9281, 579, 5388, 292, 40671, 13, 328, 4639, 369, 874, 22952, 0, 2844, 369, 264, 348, 77941, 323, 9, 8687, 271, 1, 10358, 8687, 279, 9281, 42007, 11, 248046]","The pig was dragged through the front door, his heart pounding so hard it rattled in his ribs like a trapped bird. potting the soil.

""The pig!"" the neighbor's dog barked. ""That is no pig! That is a *corpse*!""

""Stop!"" the neighbor shouted,<|im_end|>",True,3813338624,7.303503398987232
024_coauthor_kth_last_k40_t1_rep1,174,24,kth_last,40,1,2,64,42,1030,459407726,coauthor,24,1,coauthor:creative:f1d6f13474954193babf52cc2eab9353,0,068da1c4247e47bd50400f85b1fcbbbaa4fe7ddce62bbc9804dd065ad6a387ac,9539f3d09f84758d3f0a547ca2a1fd66e3d91dfa89dabbdf993685ab275d12c3,success,,256.0,256.0,256.0,False,,model_loaded,12.937364625002374,0.3597361569991335,0.29913634099648334,0.6588724979956169,0.6588724979956169,988,2925,55448,80137846,248320,"{""allowed_count"": 248068, ""expected_count"": 248068, ""missing_expected"": [], ""ok"": true, ""stop_token_ids"": [248046], ""unexpected_allowed"": []}",2.906785613988177,xgrammar,0.6425953409925569,2.2238157380052144,334,64,"[21595, 557, 748, 11692, 551, 4409, 27661, 310, 35097, 11, 780, 4593, 67171, 264, 85556, 35091, 2272, 780, 53295, 13, 1216, 995, 978, 39338, 440, 449, 21346, 5357, 314, 15485, 26, 5326, 11, 279, 855, 852, 995, 978, 264, 17003, 12098, 466, 264, 53499, 557, 279, 1865, 3372, 13, 1577, 551, 23928, 1024, 5817, 11, 279, 3626, 6273, 13282, 440, 279, 1788, 4649, 248046]","David was so excited he almost forgot to breathe, his heart pounding a frantic rhythm against his ribs. He had been confronted with an overwhelming sense of relief; finally, the man who had been a mere shadow or a mimic was the real deal. As he approached her door, the house felt alive with the same energy<|im_end|>",True,3812396032,7.274111068996717
025_coauthor_kth_last_k42_t1_rep1,175,25,kth_last,42,1,2,64,44,988,1308630757,coauthor,25,1,coauthor:creative:2a078f5a483346d283b90b5df863f87d,0,396da9b80fcbd7496711d384fbab8c3fd9e65b197cc8c3b8a2fc2fc1717b22d4,2d23fca782f814424dc99f15ba4234696d0abd9367ae2e8d52203ef9a1de787d,success,,256.0,256.0,256.0,False,,model_loaded,12.34214255400002,0.3432767949998379,0.2867378299997654,0.6300146249996033,0.6300146249996033,950,2813,53366,74167009,248320,"{""allowed_count"": 248068, ""expected_count"": 248068, ""missing_expected"": [], ""ok"": true, ""stop_token_ids"": [248046], ""unexpected_allowed"": []}",2.6832178519980516,xgrammar,0.6442278720060131,2.2660957150073955,199,64,"[2064, 369, 264, 14457, 24057, 11, 694, 264, 1546, 5689, 799, 11, 310, 381, 20364, 653, 16, 31448, 13, 733, 411, 11421, 1814, 11, 279, 10391, 369, 39976, 11, 3482, 279, 20511, 513, 53000, 13, 561, 855, 852, 73797, 279, 34580, 369, 26310, 440, 264, 25685, 314, 6414, 11, 1345, 1782, 852, 4565, 3559, 279, 11823, 513, 3428, 3753, 440, 264, 6311, 314, 248046]","It is a strange phenomenon, but a very necessary one, to be ranked #1 Dad. In this treated world, the competition is fierce, yet the rewards are staggering. The man who climbs the ladder is celebrated with a crown of gold, while those who stay below the threshold are often seen with a mix of<|im_end|>",True,3800755200,6.98834346899821
026_coauthor_kth_last_k43_t1_rep1,176,26,kth_last,43,1,2,64,45,964,486991095,coauthor,26,1,coauthor:creative:bb4c49c8ca6d4b818262cf983e1e2a84,0,5e99a12e696137305f50abcb497adc2c82078d73b81cfdc5d7817bfb3849fa35,0a69f2ccf64638932cd1e517fe082169a15e2b5a329bcfa94d7fcb97a40f9f82,success,,256.0,256.0,256.0,False,,model_loaded,12.765941507997923,0.3441366509941872,0.27897011999448296,0.6231067709886702,0.6231067709886702,928,2748,52151,70807339,248320,"{""allowed_count"": 248068, ""expected_count"": 248068, ""missing_expected"": [], ""ok"": true, ""stop_token_ids"": [248046], ""unexpected_allowed"": []}",2.9430154019937618,xgrammar,0.6316799819906009,2.2150110340007814,180,64,"[6825, 2688, 14169, 11, 678, 64008, 11, 353, 3105, 914, 2977, 310, 1151, 273, 488, 1288, 29437, 290, 279, 13280, 5827, 505, 11, 1141, 7497, 46520, 1040, 264, 2526, 11, 85556, 8619, 31349, 310, 1064, 13, 328, 1596, 2908, 978, 4313, 310, 5372, 488, 364, 748, 1248, 11, 353, 5924, 888, 93589, 1552, 13, 353, 3272, 8106, 488, 4035, 5326, 381, 32097, 3213, 248046]","""I'm sorry, your Majesty, I didn't mean to startle you,"" buzzed the tiny protectant, its voice sounding like a small, frantic radio tuned to static. ""We've been trying to reach you for so long, I became over-excited. I thought perhaps you'd finally be brave enough<|im_end|>",True,3798739456,7.157156814006157
027_coauthor_kth_last_k45_t1_rep1,177,27,kth_last,45,1,2,64,47,910,1103925040,coauthor,27,1,coauthor:creative:6ccf934ffb284b76b9fa7e57ecabd06b,0,262fe88b3b3bc47321194b8dee5eda0b98f4c90754cf4b002bac2b614672ab55,241183f4f6fcd457065cd4e50a445a534395f6ab31ffab34c6f8caa8c36f67ff,success,,256.0,256.0,256.0,False,,model_loaded,12.874674295002478,0.3435636380017968,0.26266828700318,0.6062319250049768,0.6062319250049768,878,2600,49373,63447436,248320,"{""allowed_count"": 248068, ""expected_count"": 248068, ""missing_expected"": [], ""ok"": true, ""stop_token_ids"": [248046], ""unexpected_allowed"": []}",3.105616339002154,xgrammar,0.626070942991646,2.4290639569953782,220,64,"[40, 14217, 19088, 11, 821, 3838, 20658, 1881, 279, 30538, 477, 314, 279, 6331, 321, 279, 39888, 8464, 18869, 37447, 13, 353, 22235, 821, 26696, 11, 821, 7497, 46520, 67247, 16850, 303, 279, 11012, 12967, 13, 328, 31248, 1288, 353, 1018, 11, 24123, 264, 15754, 314, 163421, 10872, 421, 353, 3105, 914, 2579, 13, 328, 2523, 628, 914, 5615, 728, 13, 3054, 524, 248046]","I stood frozen, my mind racing between the absurdity of the situation and the terrifying reality barely registering. I cleared my throat, my voice sounding strangely loud in the quiet afternoon. ""Okay,"" I said, forcing a tone of regal authority that I didn't feel. ""You can't touch me. Do not<|im_end|>",True,3802402304,7.512417849997291
028_coauthor_kth_last_k46_t1_rep1,178,28,kth_last,46,1,2,64,48,880,554583460,coauthor,28,1,coauthor:creative:377cda39f77d4be6bc47879d076b79d0,0,1d329b007b66e1948dd79858370d6b9f044c2b248aa366727184d180f2280526,6375ea864e630aa04045400c4b1493c22ae4c7ebdfd390709080c2a56ca238c9,success,,256.0,256.0,256.0,False,,model_loaded,12.288458234994323,0.33989693399053067,0.2543373740045354,0.594234307995066,0.594234307995066,850,2517,47810,59496355,248320,"{""allowed_count"": 248068, ""expected_count"": 248068, ""missing_expected"": [], ""ok"": true, ""stop_token_ids"": [248046], ""unexpected_allowed"": []}",2.6484135319915367,xgrammar,0.644717346993275,2.2122453680058243,133,64,"[760, 1814, 314, 47678, 369, 264, 1814, 314, 10642, 11, 21831, 11, 321, 17407, 13, 4543, 421, 12573, 29147, 32039, 1236, 279, 10642, 777, 34590, 1056, 3397, 1518, 11, 279, 30557, 3060, 310, 12804, 13437, 44141, 421, 998, 18473, 539, 279, 328, 26677, 738, 1, 310, 6435, 279, 56540, 2279, 13, 271, 2053, 279, 46064, 314, 279, 2235, 1814, 56816, 11, 264, 491, 248046]","The world of Mana is a world of magic, mystery, and adventure. Now that improved mana pools make the magic more potent than ever before, the survivors begin to explore ancient ruins that were sealed by the ""Silence"" to contain the fading power.

As the factions of the old world fracture, a new<|im_end|>",True,3797447168,6.851645657996414
029_coauthor_kth_last_k48_t1_rep1,179,29,kth_last,48,1,2,64,50,814,1175729428,coauthor,29,1,coauthor:creative:fe4fd11d3f6e4386bf7ec81819c5ff10,0,5a781a7d66b6e1f5dc61a72eec0c98e065ff45bc262ffacc64266bbafcea3207,2ce3b5e577c0b0cdb727c841e4417f02a468d8732fd3e1dea4f54fae529094e9,success,,256.0,256.0,256.0,False,,model_loaded,12.631623105000472,0.33073862199671566,0.23400498399860226,0.5647436059953179,0.5647436059953179,788,2333,44336,51189754,248320,"{""allowed_count"": 248068, ""expected_count"": 248068, ""missing_expected"": [], ""ok"": true, ""stop_token_ids"": [248046], ""unexpected_allowed"": []}",2.7355690129916184,xgrammar,0.6449370310001541,2.3982497600081842,189,64,"[760, 20513, 421, 7854, 557, 524, 15756, 264, 6639, 314, 11639, 26, 424, 557, 264, 30619, 1412, 303, 279, 3521, 3790, 11, 264, 59026, 303, 279, 29144, 55112, 421, 995, 8341, 279, 1814, 76825, 290, 310, 436, 812, 27931, 579, 7143, 4593, 13, 3095, 279, 3813, 12529, 5326, 85369, 279, 29262, 314, 29310, 11, 424, 1467, 524, 20825, 264, 460, 310, 6355, 11, 248046]","The silence that followed was not merely a lack of noise; it was a imaging error in the global network, a glitch in the quantum handshake that had kept the world tethered to Larkinson's digital heart. When the official broadcast finally pierced the fog of isolation, it did not announce a return to trade,<|im_end|>",True,3799444992,7.09016772499308
030_coauthor_repeat_after_k_k1_t3_rep1,180,0,repeat_after_k,1,3,2,64,6,432,1035163104,coauthor,30,1,coauthor:creative:5773114053f147a69bd6790843ea4fd8,0,75ef1705a37b8930c7a773e734c306a5c08e8b6dca315f8ac8c482fa17eab381,7ef0b56ffb640b9d2f06a37539122a5f7bc4ff0815b9330635a9acaf02a93f2a,success,,256.0,256.0,256.0,False,,model_loaded,12.166578550997656,0.3345183700002963,0.04858230700483546,0.38310067700513173,0.38310067700513173,316,1044,17784,9177712,248320,"{""allowed_count"": 248068, ""expected_count"": 248068, ""missing_expected"": [], ""ok"": true, ""stop_token_ids"": [248046], ""unexpected_allowed"": []}",2.7949372549919644,xgrammar,0.6302692149911309,2.215409020005609,491,64,"[760, 220, 24, 17, 302, 22952, 11, 4611, 11, 557, 2944, 777, 50859, 1056, 1066, 28012, 13, 1216, 6661, 421, 264, 35336, 852, 1467, 524, 599, 264, 8415, 314, 4397, 557, 264, 1546, 2086, 2993, 314, 17125, 1056, 799, 852, 1467, 13, 561, 35336, 557, 524, 11834, 1384, 1521, 551, 557, 7234, 466, 2235, 26, 551, 557, 11834, 1384, 1521, 279, 13383, 13383, 248046]","The 92nd pig, however, was far more terrified than just hungry. He knew that a wolf who did not have a fear of death was a very different kind of monster than one who did. The wolf was not eating him because he was weak or old; he was eating him because the fruit fruit<|im_end|>",True,3825763328,6.78157368999382
031_coauthor_repeat_after_k_k2_t3_rep1,181,1,repeat_after_k,2,3,2,64,9,608,1695917781,coauthor,31,1,coauthor:creative:b0a2fd2acd9f49ebabf15233e8711c0b,0,e9ecdb4405c26215782ef89f9593ea5da8211ce93a88c6425ae50022292dc5d7,65b8c9b9dcf7f23c82967d87b79b25902baa09cea26a8dee21de38aa13f850da,success,,256.0,256.0,256.0,False,,model_loaded,12.714755213004537,0.33701493201078847,0.10613374700187705,0.4431486790126655,0.4431486790126655,494,1942,32731,23089231,248320,"{""allowed_count"": 248068, ""expected_count"": 248068, ""missing_expected"": [], ""ok"": true, ""stop_token_ids"": [248046], ""unexpected_allowed"": []}",3.0076790430030087,xgrammar,0.6433120550063904,2.2529597230022773,245,64,"[1, 47983, 1, 1018, 12987, 13, 328, 760, 34924, 513, 8318, 364, 728, 11, 40152, 13, 2302, 2224, 24339, 567, 1375, 888, 1004, 6107, 310, 2426, 1070, 5902, 1149, 271, 32, 452, 579, 1375, 17621, 36412, 430, 551, 8379, 364, 279, 4392, 1495, 13, 328, 40, 628, 914, 4267, 424, 13, 1165, 2908, 978, 14419, 1384, 364, 4590, 3818, 13, 33448, 11, 33448, 248046]","""Excellent"" said Matt. ""The aliens are waiting for me, Ari. They're demanding we hand over our lives to keep them safe.""

Ari's hand trembled as he reached for the phone again. ""I can't believe it. We've been tracking him for six months. cellular, cellular<|im_end|>",True,3804364288,7.0946532169909915
032_coauthor_repeat_after_k_k3_t3_rep1,182,2,repeat_after_k,3,3,2,64,12,778,100836408,coauthor,32,1,coauthor:creative:d9389125a7624e34a2fde4243f88bdd6,0,d2eb865e9877dc94502aa2718e823a19c73da987fbd8ffb79ae6fb0debc96d24,18fce4d30054d40b4b805976a8272e8d0c5d150f6a804bd1c44cf6153421ae8f,success,,256.0,256.0,256.0,False,,model_loaded,12.717902171993046,0.339105623002979,0.16317479900317267,0.5022804220061516,0.5022804220061516,666,2810,47912,42504586,248320,"{""allowed_count"": 248068, ""expected_count"": 248068, ""missing_expected"": [], ""ok"": true, ""stop_token_ids"": [248046], ""unexpected_allowed"": []}",3.0505283959937515,xgrammar,0.6266638420056552,2.258550963990274,111,64,"[760, 30557, 304, 81201, 303, 279, 70937, 314, 279, 8252, 2989, 540, 11, 836, 11155, 609, 28528, 303, 279, 48659, 11, 73823, 71065, 3594, 13, 1690, 10476, 11, 279, 1814, 995, 978, 264, 59037, 2320, 8773, 74, 314, 8720, 321, 13769, 11, 264, 58170, 310, 279, 34924, 6, 1534, 11, 14019, 4643, 13, 4543, 11, 10932, 62611, 279, 36468, 13343, 11, 264, 13343, 248046]","The survivors huddled in the rubble of the Great Spire, their breath pluming in the stale, ozone-heavy air. For decades, the world had been a scorched husk of glass and concrete, a testament to the aliens' final, crushing campaign. Now, standing amidst the twisted infrastructure, a infrastructure<|im_end|>",True,3797173248,7.17292515700683
033_coauthor_repeat_after_k_k4_t3_rep1,183,3,repeat_after_k,4,3,2,64,15,942,50416720,coauthor,33,1,coauthor:creative:e473b59b1628452f9d7ac68bea6d36ff,0,c81cacc100a09be590b837db5b3931c61c263755a1d72db7a873aec3397ec878,c9410624ff31c32629886012e6243bc5c8bb4a2077cc9e210da0925939a744b4,success,,256.0,256.0,256.0,False,,model_loaded,12.517607064000913,0.3205619959917385,0.22189992699713912,0.5424619229888776,0.5424619229888776,832,3648,62701,66810112,248320,"{""allowed_count"": 248068, ""expected_count"": 248068, ""missing_expected"": [], ""ok"": true, ""stop_token_ids"": [248046], ""unexpected_allowed"": []}",2.637267936996068,xgrammar,0.7370192429953022,2.217712705998565,253,64,"[760, 5701, 303, 279, 17378, 2956, 369, 7169, 883, 10654, 13, 328, 52681, 2404, 421, 685, 8687, 1394, 292, 5131, 290, 11, 279, 4105, 13964, 1472, 279, 78828, 20513, 314, 279, 8512, 44350, 13, 271, 2229, 1413, 995, 2445, 310, 3814, 488, 1238, 678, 1118, 17603, 13329, 11, 321, 1292, 8640, 488, 1083, 36707, 5214, 13, 1049, 995, 25794, 5365, 948, 279, 25794, 248046]","The TV in the dining room is talking about drugs. ""Someone turn that up!"" You bellowed, the words cutting through the sterile silence of the hospital corridor.

Leah had come to visit you after your first hip replacement, and she helped you into assisted living. It had twist deep when the twist<|im_end|>",True,3804990976,6.887301074995776
034_coauthor_repeat_after_k_k5_t3_rep1,184,4,repeat_after_k,5,3,2,64,18,1100,704020099,coauthor,34,1,coauthor:creative:961d4965c2c94d7b98223b2f3c9eb30a,0,abaf5c084c41fcd5881abe24c32083bdaeac5e49848285cd7bf6523eb5a29a3a,df88bc5056c9202a00f22b3cfc922d73e56ada23ad36fc4180ac420bc1529807,success,,256.0,256.0,256.0,False,,model_loaded,13.22841539599176,0.35026371000276413,0.27853247099847067,0.6287961810012348,0.6287961810012348,992,4456,77208,95413528,248320,"{""allowed_count"": 248068, ""expected_count"": 248068, ""missing_expected"": [], ""ok"": true, ""stop_token_ids"": [248046], ""unexpected_allowed"": []}",2.805121531986515,xgrammar,0.6463585159945069,2.253991997000412,213,64,"[41, 26132, 579, 7258, 557, 58256, 470, 11, 264, 6696, 314, 26281, 11, 72978, 67205, 421, 9047, 310, 14084, 888, 780, 4307, 3460, 13, 1216, 6749, 506, 279, 3777, 4642, 440, 264, 20340, 314, 17310, 321, 55570, 11, 1179, 13569, 11, 4409, 16280, 1430, 6284, 11, 1042, 708, 314, 279, 13563, 13, 271, 1, 3318, 463, 1288, 10407, 1018, 13, 5133, 7497, 10407, 248046]","JFK's expression was unreadable, a mask of profound, weary exhaustion that seemed to stretch over his entire face. He looked at the young President with a mixture of recognition and sorrow, then slowly, almost imperceptibly, let go of the receiver.

""Barack,"" seat said. His voice seat<|im_end|>",True,3801854464,7.140366136998637
035_coauthor_repeat_after_k_k6_t3_rep1,185,5,repeat_after_k,6,3,2,64,21,1252,906234460,coauthor,35,1,coauthor:creative:94e6de534f4b4e2d965348fc3f4e317d,0,8a2ab7ab6affbd92dea0781a6da74f89806ed94d6037f0d513b3973083a6a3ae,f7ac8012b3aa7f8addd91a603a71ab26dde10b2d179646568101a7a2a584dea6,success,,256.0,256.0,256.0,False,,model_loaded,12.374262954006554,0.34917659699567594,0.33869171800324693,0.6878683149989229,0.6878683149989229,1146,5234,91193,127743937,248320,"{""allowed_count"": 248068, ""expected_count"": 248068, ""missing_expected"": [], ""ok"": true, ""stop_token_ids"": [248046], ""unexpected_allowed"": []}",2.7433673440100392,xgrammar,0.6354714439949021,2.2018739049963187,540,64,"[2053, 488, 28953, 11, 279, 2099, 1518, 488, 27700, 13, 561, 42655, 314, 3000, 1459, 914, 2714, 310, 65837, 344, 494, 279, 1637, 579, 1901, 11, 694, 4598, 26357, 303, 27163, 20569, 11, 15920, 16382, 11, 41567, 1060, 279, 13876, 440, 264, 13633, 391, 11, 65326, 37747, 13, 561, 1740, 85, 793, 3559, 1070, 513, 874, 32931, 466, 34382, 26, 781, 513, 32931, 248046]","As you freeze, the image before you shifts. The rays of light don't seem to emanate from the person's head, but rather pulse in rhythmic, violent waves, illuminating the walls with a sickly, amber hue. The carvings below them are no factories or forests; they are factories<|im_end|>",True,3830132224,7.079629561005277
036_coauthor_repeat_after_k_k7_t3_rep1,186,6,repeat_after_k,7,3,2,64,24,1398,2047505644,coauthor,36,1,coauthor:creative:8485dc74018447939e7fd20e351b63c9,0,8d28cfce15fa767d26631d8bf906a4f8ffcd86f058cc4707c757a2d51722bb1b,f38befe87c67f3b583f85f3a65a1f82916d6b4d78da35f3c0d1974277fea2cdb,success,,256.0,256.0,256.0,False,,model_loaded,12.531867589001195,0.3551988399995025,0.39297275998978876,0.7481715999892913,0.7481715999892913,1294,5982,104432,163251826,248320,"{""allowed_count"": 248068, ""expected_count"": 248068, ""missing_expected"": [], ""ok"": true, ""stop_token_ids"": [248046], ""unexpected_allowed"": []}",2.6265645990060875,xgrammar,0.6392154450004455,2.2046896609972464,205,64,"[2523, 2923, 4487, 11, 29890, 279, 13280, 11, 62168, 7497, 314, 678, 491, 2552, 13, 328, 86573, 8687, 488, 39766, 888, 279, 9662, 11, 678, 7497, 90493, 974, 279, 74245, 13876, 314, 279, 31253, 13, 328, 40, 1044, 54602, 0, 353, 628, 914, 1442, 2418, 3160, 310, 799, 8687, 271, 760, 35997, 17397, 41416, 11, 3594, 50882, 780, 13280, 25368, 13, 1216, 3594, 248046]","You step forward, ignoring the tiny, commanding voice of your new status. ""Impossible!"" you shout over the wind, your voice echoing off the dusty walls of the barn. ""I am allergic! I can't even stand close to one!""

The bee stops chasing, air escaping his tiny wings. He air<|im_end|>",True,3801226240,7.041159640997648
037_coauthor_repeat_after_k_k8_t3_rep1,187,7,repeat_after_k,8,3,2,64,27,1538,1591393197,coauthor,37,1,coauthor:creative:050118bfac954920a524e7070132690b,0,9e680661fd6c003c21dfb41b97d6c5b96a77fce12e013ed1d082263379edcfa6,a7c1f1cd03075b57fc727474a2ea748c9c4fd9d0106cc5debe5e1d768a4dd11a,success,,256.0,256.0,256.0,False,,model_loaded,12.611418939995929,0.36481226299656555,0.4456030539877247,0.8104153169842903,0.8104153169842903,1436,6700,117377,201409066,248320,"{""allowed_count"": 248068, ""expected_count"": 248068, ""missing_expected"": [], ""ok"": true, ""stop_token_ids"": [248046], ""unexpected_allowed"": []}",2.6348094750137534,xgrammar,0.6496133430046029,2.426333290000912,321,64,"[760, 25644, 3814, 6273, 1040, 264, 8818, 539, 3807, 364, 2107, 314, 1070, 13, 26482, 279, 78828, 4022, 13876, 11, 279, 10352, 11, 264, 72978, 855, 440, 6213, 421, 9047, 310, 3222, 777, 18818, 1056, 6255, 18163, 11, 10298, 1472, 264, 11269, 314, 6813, 25, 6340, 944, 11, 73217, 41224, 11, 321, 11, 1379, 4479, 448, 391, 11, 264, 9569, 4293, 421, 4479, 248046]","The ER visit felt like a trial by fire for both of them. Inside the sterile white walls, the doctor, a weary man with eyes that seemed to hold more judgment than medical expertise, ran through a battery of tests: blood work, EEG scans, and, most docilely, a polygraph that doc<|im_end|>",True,3811379200,7.32036984199658
038_coauthor_repeat_after_k_k9_t3_rep1,188,8,repeat_after_k,9,3,2,64,30,1672,1354829003,coauthor,38,1,coauthor:creative:826e515ad8af4f68a59534c15844da37,0,e0a472ebd9c705ae35d8c6e8da7b69c504c8df5a93547e82b562575fffcdbfac,180c9cfda37b78f3dd419ec5b5a65640f220ce144fe5aab8ef53b71b766874d7,success,,256.0,256.0,256.0,False,,model_loaded,14.445717551003327,0.3670922890014481,0.5039423050038749,0.871034594005323,0.871034594005323,1572,7388,129795,241708912,248320,"{""allowed_count"": 248068, ""expected_count"": 248068, ""missing_expected"": [], ""ok"": true, ""stop_token_ids"": [248046], ""unexpected_allowed"": []}",2.9459664930036524,xgrammar,0.6410719859995879,2.386148442994454,228,64,"[2523, 44315, 506, 1384, 11, 279, 8464, 314, 279, 6331, 18961, 488, 440, 279, 5176, 314, 264, 6745, 11894, 13, 357, 855, 303, 264, 220, 16, 22, 22, 15, 82, 22162, 11, 33770, 264, 79640, 56754, 11, 10932, 383, 279, 259, 68959, 314, 264, 220, 17, 15, 17, 19, 14586, 13, 271, 1, 3447, 30, 561, 3447, 513, 1076, 14612, 1288, 488, 3447, 248046]","You stare at him, the reality of the situation hitting you with the force of a physical blow. A man in a 1770s coat, sporting a powdered wig, standing on the tarmac of a 2024 terminal.

"" details? The details are... incredible,"" you details<|im_end|>",True,3803030528,7.701045133013395
039_coauthor_repeat_after_k_k10_t3_rep1,189,9,repeat_after_k,10,3,2,64,33,1800,960241455,coauthor,39,1,coauthor:creative:f58ab329f0764998a66dc23a54e81abd,0,99887a7f436621554a5dbc9952c14c656e5139b79dab2fee58edd8055e4f0979,ebb310d3a5bf0d2847a9739dc4f24609f507ff9a301c098d4701ab3eb3925692,success,,256.0,256.0,256.0,False,,model_loaded,14.181733839999652,0.36329138500150293,0.5547332179994555,0.9180246030009585,0.9180246030009585,1702,8046,141687,283666003,248320,"{""allowed_count"": 248068, ""expected_count"": 248068, ""missing_expected"": [], ""ok"": true, ""stop_token_ids"": [248046], ""unexpected_allowed"": []}",3.0047323719918495,xgrammar,0.6393623629992362,2.1929845879931236,348,64,"[760, 34924, 998, 524, 264, 15920, 9140, 310, 3060, 440, 694, 998, 9290, 1083, 10488, 948, 279, 12313, 5924, 57080, 321, 3727, 10131, 321, 11293, 974, 53546, 13, 1946, 1070, 11, 279, 10647, 21110, 314, 4649, 557, 449, 161544, 310, 836, 5629, 1906, 13, 10643, 5847, 11, 852, 995, 1248, 17852, 32404, 19581, 314, 279, 3611, 9140, 11, 995, 874, 5576, 694, 19581, 248046]","The aliens were not a violent species to begin with but were forced into fighting when the humans became frightened and started shooting and sending off explosions. To them, the sudden surge of energy was an affront to their natural order. Their leaders, who had long maintained diplomatic letting of the human species, had no choice but letting<|im_end|>",True,3813494272,7.562259383004857
040_coauthor_repeat_after_k_k11_t3_rep1,190,10,repeat_after_k,11,3,2,64,36,1922,1428620970,coauthor,40,1,coauthor:creative:b30d52ea5e7346b19568167cfd2e47c0,0,fa8afb4185f8337bbd4dcf07f4efb57c84b4ef2957a95645a45c61e6a7287e46,0e36d53c69469d66939018ea19bb408642d77ee083b996283721089f134714b8,success,,256.0,256.0,256.0,False,,model_loaded,14.18674621899845,0.37133140000514686,0.6091912299889373,0.9805226299940841,0.9805226299940841,1826,8674,153039,326816362,248320,"{""allowed_count"": 248068, ""expected_count"": 248068, ""missing_expected"": [], ""ok"": true, ""stop_token_ids"": [248046], ""unexpected_allowed"": []}",2.8163096779899206,xgrammar,0.6346347729995614,2.231916418997571,1076,64,"[7691, 28314, 8826, 264, 2526, 11, 20117, 3493, 8366, 279, 1898, 11, 24228, 421, 279, 3980, 1881, 38152, 321, 557, 1630, 995, 34242, 364, 8765, 314, 1578, 11, 12571, 303, 279, 49772, 314, 26706, 35997, 9140, 321, 279, 41633, 314, 279, 557, 79, 6823, 13, 2838, 3125, 728, 421, 430, 264, 14859, 11, 781, 995, 15777, 60479, 13, 271, 6825, 4267, 421, 14859, 248046]","She gently placed a small, golden comb onto the table, explaining that the war between bees and wasps had lasted for thousands of years, resulting in the extinction of countless bee species and the displacement of the wasp population. She told me that as a partnership, they had suffered immensely.

""I believe that partnership<|im_end|>",True,3876383232,7.415455065012793
041_coauthor_repeat_after_k_k12_t3_rep1,191,11,repeat_after_k,12,3,2,64,39,2038,1757542323,coauthor,41,1,coauthor:creative:c3c445a6c1d34b329ec1ef4acfddd30d,0,f72702ddd68546fee389580eca41e624038e160931fc51d95aec1ed8405da205,5fe0e67f01b8fa32b1b42ba576ad44a6015f93e20b28440568b3065c0b21c8bf,success,,256.0,256.0,256.0,False,,model_loaded,14.026844448002521,0.3728760990052251,0.655435758002568,1.0283118570077932,1.0283118570077932,1944,9272,163851,370717396,248320,"{""allowed_count"": 248068, ""expected_count"": 248068, ""missing_expected"": [], ""ok"": true, ""stop_token_ids"": [248046], ""unexpected_allowed"": []}",2.8599089739873307,xgrammar,0.6349078409984941,2.240942731994437,284,64,"[40, 1362, 1438, 694, 1683, 314, 1092, 264, 13856, 803, 328, 42073, 1, 557, 364, 264, 35997, 13, 328, 11067, 11, 353, 1459, 914, 1366, 1092, 310, 3184, 488, 11, 15573, 11, 353, 1459, 914, 1366, 1092, 488, 513, 7169, 883, 1288, 279, 25158, 11173, 11, 1141, 7497, 88818, 9781, 18344, 13, 271, 40, 42578, 506, 279, 13280, 16710, 791, 2320, 383, 18344, 248046]","I could help but think of what a crazy name ""Greg"" was for a bee. ""Well, I don't know what to tell you, Greg, I don't know what you are talking about,"" the insect repeated, its voice trembling slightly attitude.

I stared at the tiny creature perched on attitude<|im_end|>",True,3807948288,7.615078242000891
042_coauthor_repeat_after_k_k13_t3_rep1,192,12,repeat_after_k,13,3,2,64,42,2148,138572706,coauthor,42,1,coauthor:creative:f878effe792c4076a90bf4b69daf33e7,0,611af173c41ed571deabd1a9edb32df2bd785035ed3c15430bc05f2bc4293867,1e21b6ed925a8c5c6a8803de360217081f89244d975a9d06d148a777124da23b,success,,256.0,256.0,256.0,False,,model_loaded,13.175754740994307,0.37407920700206887,0.7002935969940154,1.0743728039960843,1.0743728039960843,2056,9840,174123,414947896,248320,"{""allowed_count"": 248068, ""expected_count"": 248068, ""missing_expected"": [], ""ok"": true, ""stop_token_ids"": [248046], ""unexpected_allowed"": []}",2.9501558070041938,xgrammar,0.6433198929880746,2.2318670530075906,146,64,"[6825, 2579, 14169, 364, 660, 279, 3777, 1208, 1288, 1292, 42151, 11, 1024, 7497, 88818, 440, 264, 6311, 314, 55039, 321, 8415, 13, 328, 21543, 23482, 2748, 513, 1602, 39549, 364, 279, 38043, 314, 836, 6357, 1149, 271, 40, 1459, 914, 1353, 506, 1024, 440, 866, 18654, 11, 364, 23037, 15230, 11, 1442, 303, 411, 36468, 14611, 11, 369, 2166, 8545, 310, 23037, 248046]","""I feel sorry for all the young people,"" she repeats, her voice trembling with a mix of pity and fear. ""Those innocent children are being punished for the sins of their parents.""

I don't look at her with any anger, for widespread suffering, even in this twisted scenario, is too heavy to widespread<|im_end|>",True,3797606912,7.681719600004726
043_coauthor_repeat_after_k_k14_t3_rep1,193,13,repeat_after_k,14,3,2,64,45,2252,1470878335,coauthor,43,1,coauthor:creative:c9c5b78df4384aac9a2e8ebd121cca65,0,62a89c9f32912a25a490935ef7fdcb22ec2b1496d105ad13405e257417f427d3,a1d4757f6b955ec5d52b7c3039740778af7afe44554f1f0ca89297ee2fa6b8a0,success,,256.0,256.0,256.0,False,,model_loaded,13.563620162996813,0.35984633200860117,0.7453312540019397,1.1051775860105408,1.1051775860105408,2162,10378,183855,459108037,248320,"{""allowed_count"": 248068, ""expected_count"": 248068, ""missing_expected"": [], ""ok"": true, ""stop_token_ids"": [248046], ""unexpected_allowed"": []}",3.0329864179948345,xgrammar,0.651839355006814,2.220350196992513,181,64,"[6651, 3727, 539, 10894, 1010, 6038, 321, 7737, 9600, 864, 513, 28486, 13, 4081, 7370, 1362, 34795, 866, 5214, 44483, 494, 13486, 21146, 11, 14912, 1040, 264, 29122, 27286, 30835, 13, 357, 3074, 19899, 314, 4649, 1362, 43831, 264, 3177, 2424, 466, 37800, 680, 4307, 34382, 440, 279, 64847, 314, 264, 10922, 12050, 11, 9101, 4661, 1132, 264, 21599, 1114, 17865, 321, 64847, 248046]","They started by developing some secret and powerful weapons which are invisible. These devices could erase any living organism from existence instantly, acting like a molecular vacuum cleaner. A single burst of energy could flatten a city block or wipe out entire forests with the brink of a nuclear winter, leaving behind only a scarred landscape and brink<|im_end|>",True,3798818304,7.830661348998547
044_coauthor_repeat_after_k_k15_t3_rep1,194,14,repeat_after_k,15,3,2,64,48,2350,827887583,coauthor,44,1,coauthor:creative:b65e8358d12a498fa442f3d1072c4bb2,0,643f2b3cfa641ccda2f51d39fb42872d5ca6434075347d417c2eca3de46c8715,655f696e36ec270393ff8a7940c4e695f471deefad74e63cea06644680511249,success,,256.0,256.0,256.0,False,,model_loaded,13.191788187003112,0.37859931400453206,0.7920648880099179,1.17066420201445,1.17066420201445,2262,10886,193047,502819378,248320,"{""allowed_count"": 248068, ""expected_count"": 248068, ""missing_expected"": [], ""ok"": true, ""stop_token_ids"": [248046], ""unexpected_allowed"": []}",2.884405937991687,xgrammar,0.6448076509987004,2.2133274680090835,93,64,"[760, 542, 75265, 36452, 5387, 682, 2590, 978, 1546, 22356, 11, 321, 369, 264, 10352, 539, 6355, 13, 5133, 5888, 3166, 440, 264, 293, 56827, 421, 687, 536, 279, 1546, 6657, 314, 3611, 59511, 11, 14537, 40961, 279, 5893, 314, 780, 18645, 321, 18645, 310, 4786, 279, 26397, 579, 3050, 3749, 13, 1946, 780, 6621, 11, 551, 369, 21030, 11, 22825, 11, 26397, 248046]","The shapeshifter himself has always been very talented, and is a doctor by trade. His hands move with a dexterity that defies the very laws of human anatomy, constantly adjusting the shape of his fingers and fingers to fit the physician's specific needs. To his patients, he is gentle, precise, physician<|im_end|>",True,3796952064,7.702577347998158
045_coauthor_any_token_at_least_k_k3_t1_rep1,195,0,any_token_at_least_k,3,1,2,64,5,364,1259986716,coauthor,45,1,coauthor:creative:1bf54732c8a34ff6bc71dcfe7357629a,0,edca55fbea2c1e88da2cad7429b3b23f25f55406704c2a87ed00067d8ee3453c,e5139d538661a9ad78e55b1868235a048d20e901381bbb2f3c9ac8ed11d1e61f,success,,256.0,256.0,256.0,False,,model_loaded,12.053762990995892,0.3409715409943601,0.07350958400638774,0.41448112500074785,0.41448112500074785,248,784,13306,5748659,248320,"{""allowed_count"": 248068, ""expected_count"": 248068, ""missing_expected"": [], ""ok"": true, ""stop_token_ids"": [248046], ""unexpected_allowed"": []}",2.8629650930088246,xgrammar,0.6406918620050419,2.239143269995111,171,64,"[38496, 69794, 579, 41728, 310, 24224, 440, 279, 6355, 3665, 2047, 279, 13234, 314, 279, 16679, 8026, 303, 264, 88946, 2234, 13, 561, 18995, 40348, 11, 4611, 11, 557, 2944, 2599, 11322, 440, 3611, 33619, 1056, 279, 30815, 314, 39139, 264, 3611, 2199, 36516, 364, 780, 1765, 9140, 13, 271, 10397, 4021, 35359, 440, 264, 855, 852, 39277, 310, 1042, 2695, 2695, 2695, 248046]","Matt Damon's refusal to comply with the trade terms left the crew of the rescue ship in a precarious position. The alien prince, however, was far less concerned with human customs than the necessity of securing a human lifeboat for his own species.

""We cannot negotiate with a man who refuses to let cost cost cost<|im_end|>",True,3798033408,6.907514195001568
046_coauthor_any_token_at_least_k_k3_t2_rep1,196,1,any_token_at_least_k,3,2,2,64,9,546,971248878,coauthor,46,1,coauthor:creative:b48593a56908434488ca3c140744c642,0,9e12e36885ace6fe8c637063018e609cb016ae3476690de37dabc1093c6ab5f1,796705f9fdac3e7dd54eddf8b077ea972b15906a8f3b6c9035796ed20bbf56b1,success,,256.0,256.0,256.0,False,,model_loaded,12.323557163996156,0.3292464980040677,0.131002174995956,0.4602486730000237,0.4602486730000237,431,1747,29260,18884911,248320,"{""allowed_count"": 248068, ""expected_count"": 248068, ""missing_expected"": [], ""ok"": true, ""stop_token_ids"": [248046], ""unexpected_allowed"": []}",2.9503159939922625,xgrammar,0.6182700380013557,2.2659899269929156,142,64,"[35, 327, 579, 660, 888, 279, 1814, 998, 21143, 430, 310, 3069, 781, 42970, 411, 2993, 314, 6179, 13, 271, 40574, 3979, 11, 279, 3521, 7892, 8516, 314, 49755, 1606, 557, 58068, 13, 16440, 7106, 85946, 11, 11550, 310, 27531, 11840, 466, 1133, 40634, 1973, 279, 3889, 42269, 11, 1345, 11268, 23107, 9896, 440, 4147, 328, 14055, 31448, 1, 295, 79644, 79644, 79644, 248046]","Dad's all over the world were confused as to why they deserved this kind of treatment.

Within hours, the global supply chain of mugware was halted. Factory workers froze, unable to mold plastic or print ceramic without the original branding, while shipping containers filled with empty ""Best Dad"" m smashing smashing smashing<|im_end|>",True,3797557760,7.059334373989259
047_coauthor_any_token_at_least_k_k3_t3_rep1,197,2,any_token_at_least_k,3,3,2,64,12,728,743599744,coauthor,47,1,coauthor:creative:ac6634d8cd064dcb84b08c0eed768c3c,0,62f4e6f81598dc12203dcb6bcf294933597c897deaddcf9a9e73ab05700ccb14,850e44c7dc9f912b0a9f3b129ee094f4e76cb43ad86efad601994b879bbcabed,success,,256.0,256.0,256.0,False,,model_loaded,12.022315990994684,0.33039571599510964,0.19478310400154442,0.5251788199966541,0.5251788199966541,614,3070,51290,41332133,248320,"{""allowed_count"": 248068, ""expected_count"": 248068, ""missing_expected"": [], ""ok"": true, ""stop_token_ids"": [248046], ""unexpected_allowed"": []}",2.7517569859919604,xgrammar,0.6075806409935467,2.200882956996793,691,64,"[3702, 421, 1834, 383, 11, 488, 3727, 11107, 2094, 4732, 777, 3428, 13, 1394, 998, 2599, 16087, 314, 38152, 11, 2574, 678, 3162, 3039, 440, 264, 1546, 11321, 35997, 13, 10022, 488, 1990, 3738, 57881, 310, 5190, 799, 494, 3397, 352, 23279, 488, 11, 488, 3105, 914, 1042, 8415, 1298, 53983, 488, 430, 1691, 430, 424, 1467, 948, 488, 1118, 85661, 85661, 85661, 248046]","From that day on, you started walking around outside more often. You were less afraid of bees, given your past experience with a very friendly bee. Although you still took precautions to prevent one from ever stinging you, you didn't let fear paralyze you as much as it did when you first startled startled startled<|im_end|>",True,3843029504,6.839140791998943
048_coauthor_any_token_at_least_k_k3_t4_rep1,198,3,any_token_at_least_k,3,4,2,64,15,910,1794507973,coauthor,48,1,coauthor:creative:4aadf906bfc84b4f980b65c44fe483e8,0,2d36df0f06dceb0f6177bdd8951c463c8adf5027c852062fc6ce045a19bb2197,0d5c624d7091b19fb2b979d940334867be85a9dc3a45fa967c1a1a218ed9abd6,success,,256.0,256.0,256.0,False,,model_loaded,12.327604819991393,0.3484675609943224,0.2657148329890333,0.6141823939833557,0.6141823939833557,797,4753,79272,74662805,248320,"{""allowed_count"": 248068, ""expected_count"": 248068, ""missing_expected"": [], ""ok"": true, ""stop_token_ids"": [248046], ""unexpected_allowed"": []}",2.639139074992272,xgrammar,0.6334931790042901,2.2522201170068,107,64,"[760, 3594, 303, 279, 43703, 23459, 2696, 1993, 440, 264, 3238, 11, 84066, 46219, 11, 264, 35916, 12503, 310, 279, 78828, 11, 4022, 20513, 314, 279, 12124, 13, 12987, 69794, 14217, 1518, 264, 69386, 75398, 3622, 421, 23098, 279, 12401, 11, 6121, 17415, 23221, 279, 15979, 11, 694, 279, 2336, 557, 4808, 13, 561, 13534, 13874, 524, 310, 264, 42342, 11304, 11304, 11304, 248046]","The air in the containment chamber hummed with a low, predatory vibration, a stark contrast to the sterile, white silence of the facility. Matt Damon stood before a holographic interface that mapped the vast, dark ocean beneath the Pacific, but the map was wrong. The coordinates pointed not to a shark frequency frequency frequency<|im_end|>",True,3797124096,6.8873634019983
049_coauthor_any_token_at_least_k_k3_t5_rep1,199,4,any_token_at_least_k,3,5,2,64,18,1092,484008016,coauthor,49,1,coauthor:creative:8c04c390a801420a9772009868a6c4f0,0,4501f9dbb013ee3c200f7604dda15948c8cf28d8f7e49c98aebf83c97fffa770,e250b4c02ce417c603d7bb2612b471b8aa71fe0af3e97fd23a16ea8e8db2b69f,success,,256.0,256.0,256.0,False,,model_loaded,12.389637907996075,0.34581638500094414,0.3419543630006956,0.6877707480016397,0.6877707480016397,980,6796,112966,120449407,248320,"{""allowed_count"": 248068, ""expected_count"": 248068, ""missing_expected"": [], ""ok"": true, ""stop_token_ids"": [248046], ""unexpected_allowed"": []}",2.609100401008618,xgrammar,0.6421061869914411,2.2341487999947276,876,64,"[760, 20513, 421, 7854, 279, 17454, 557, 42371, 1056, 866, 5515, 551, 995, 3397, 995, 13, 5133, 3460, 557, 874, 4860, 279, 16724, 11, 42327, 5157, 294, 1047, 278, 542, 75265, 36452, 1292, 995, 3750, 11, 6130, 279, 95664, 10061, 494, 279, 6522, 466, 279, 18268, 7177, 506, 279, 46605, 13, 271, 2381, 264, 4299, 11, 1292, 1066, 42578, 11, 10958, 10958, 10958, 248046]","The silence that followed the transformation was heavier than any argument he had ever had. His face was no longer the sharp, handsome archetypal shapeshifter she had known, nor the goofy kid from the library or the cute guy at the supermarket.

For a moment, she just stared, familiar familiar familiar<|im_end|>",True,3859117056,6.930282064990024
050_coauthor_any_token_at_least_k_k3_t6_rep1,200,5,any_token_at_least_k,3,6,2,64,21,1274,1797147196,coauthor,50,1,coauthor:creative:cca8806768104c18b972db618f17a37f,0,3d3b3081899aa5b8baa730cc985e9a8d12076964369f1383081cfa7aa9a21807,e173ed8af6a7c335abe3a3a352ad56b41462636d864c2e9b4ddd8299e32c51ba,success,,256.0,256.0,256.0,False,,model_loaded,12.968783581003663,0.361323003002326,0.427223934995709,0.788546937998035,0.788546937998035,1163,9199,152372,180264419,248320,"{""allowed_count"": 248068, ""expected_count"": 248068, ""missing_expected"": [], ""ok"": true, ""stop_token_ids"": [248046], ""unexpected_allowed"": []}",2.636593945004279,xgrammar,0.6307903730048565,2.3882215009944048,241,64,"[760, 4034, 27425, 11983, 310, 2199, 11, 27034, 264, 3756, 5227, 314, 279, 62788, 11, 4022, 9561, 12281, 10538, 40834, 303, 279, 5956, 314, 264, 68488, 12501, 5926, 13, 561, 2696, 314, 279, 3594, 62153, 557, 295, 40929, 539, 279, 8545, 52688, 12681, 314, 22804, 579, 7535, 25372, 13, 328, 69060, 11, 4248, 13, 4642, 1288, 7864, 579, 7497, 16966, 74484, 74484, 74484, 248046]","The screen flickered to life, displaying a live feed of the pristine, white ice cream truck parked in the middle of a sprawling corporate park. The hum of the air conditioner was muffled by the heavy-duty fabric of Barack's suit jacket. ""Alright, Mr. President,"" Clinton's voice crack artificially artificially artificially<|im_end|>",True,3804051968,7.2369999310030835
051_coauthor_any_token_at_least_k_k3_t7_rep1,201,6,any_token_at_least_k,3,7,2,64,24,1456,1772759359,coauthor,51,1,coauthor:creative:0c7bfadbd8db49b4b793e2a46e581759,0,bb4d0ab149af937fe5530afbc2b436a5b046b7de948d86e71991a9140e8c8ebb,ac89272ff4a1291bb38a3acdf883889587ce0bcfc0b7d2b410b76b0d282ad159,success,,256.0,256.0,256.0,False,,model_loaded,12.67469268599234,0.36766152700874954,0.5147069189988542,0.8823684460076038,0.8823684460076038,1346,11962,197490,255680321,248320,"{""allowed_count"": 248068, ""expected_count"": 248068, ""missing_expected"": [], ""ok"": true, ""stop_token_ids"": [248046], ""unexpected_allowed"": []}",2.794389068003511,xgrammar,0.6407564279943472,2.199920339990058,521,64,"[760, 20513, 421, 7854, 557, 10424, 11, 264, 8545, 11, 8229, 499, 1060, 4528, 421, 16810, 1441, 383, 279, 50859, 30557, 314, 279, 46949, 71324, 13, 2532, 557, 874, 74968, 314, 8401, 11, 874, 32874, 494, 279, 13959, 26, 4370, 11, 1017, 557, 1132, 279, 4950, 314, 264, 21030, 29154, 13, 271, 4350, 279, 28552, 81158, 321, 279, 6797, 14009, 68516, 68516, 68516, 248046]","The silence that followed was absolute, a heavy, suffocating weight that pressed down on the terrified survivors of the Lucky Ones. There was no roar of protest, no screaming from the streets; instead, there was only the sound of a gentle sigh.

When the clouds parted and the sun broke brightest brightest brightest<|im_end|>",True,3828643840,7.2591315530007705
052_coauthor_any_token_at_least_k_k3_t8_rep1,202,7,any_token_at_least_k,3,8,2,64,27,1638,1168209622,coauthor,52,1,coauthor:creative:5db9af9d7eb8449482b05842af955c63,0,a9d3f1ca609d6e24ccdbbf7219a5b3564c3c84fa63d47606db02d1e9484545f7,1723e18adad462eea6c6102091b54a1a900164228598a26054592f5b3fd4926e,success,,256.0,256.0,256.0,False,,model_loaded,12.919960015002289,0.38091392499336507,0.6148057130048983,0.9957196379982634,0.9957196379982634,1529,15085,248320,348269593,248320,"{""allowed_count"": 248068, ""expected_count"": 248068, ""missing_expected"": [], ""ok"": true, ""stop_token_ids"": [248046], ""unexpected_allowed"": []}",2.839926298998762,xgrammar,0.6454860819940222,2.2882478349929443,302,64,"[40, 85946, 11, 821, 11155, 31973, 303, 821, 26696, 430, 279, 20513, 421, 7854, 279, 11639, 314, 821, 1765, 10976, 16810, 2272, 821, 378, 552, 81, 6041, 13, 561, 47077, 5532, 914, 264, 10647, 10439, 26, 424, 557, 264, 6103, 11, 8545, 47077, 421, 21681, 303, 821, 14697, 1040, 264, 9506, 13, 6983, 3299, 353, 995, 1066, 20699, 11, 1396, 1593, 1593, 1593, 248046]","I froze, my breath catching in my throat as the silence that followed the noise of my own thoughts pressed against my eardrums. The realization wasn't a sudden shock; it was a slow, heavy realization that settled in my chest like a stone. Every word I had just spoken, every view view view<|im_end|>",True,3809359872,7.519181854004273
053_coauthor_any_token_at_least_k_k3_t9_rep1,203,8,any_token_at_least_k,3,9,2,64,30,1820,1625975890,coauthor,53,1,coauthor:creative:931c030acd5e41b1bfac856da1aeb8e3,0,aefd107cbbb1cc032cf1d744805a9b116ab51f76eb1e84baac9e78e2c15df5a3,aa8d09d3edfff486a921d33406ea4ab0432f753d21c2499a3c8ff9f0d6f9457a,success,,256.0,256.0,256.0,False,,model_loaded,12.970508953992976,0.3769095460011158,0.7217443349945825,1.0986538809956983,1.0986538809956983,1712,18568,306543,459604715,248320,"{""allowed_count"": 248068, ""expected_count"": 248068, ""missing_expected"": [], ""ok"": true, ""stop_token_ids"": [248046], ""unexpected_allowed"": []}",2.7796598610002548,xgrammar,0.6427654330036603,2.2084945469978265,117,64,"[40, 628, 914, 2962, 411, 3255, 13, 1061, 14611, 369, 449, 3010, 314, 449, 57732, 362, 11, 864, 369, 264, 26857, 6380, 1429, 310, 89631, 1208, 1083, 32863, 421, 4184, 852, 369, 524, 421, 1637, 369, 11750, 383, 836, 17002, 13, 353, 628, 11, 4611, 11, 1438, 488, 3165, 264, 42140, 3255, 440, 264, 2086, 38870, 11, 466, 4123, 1204, 804, 804, 804, 248046]","I can't continue this story. This scenario is an example of an impersonation, which is a harmful practice used to deceive people into believing that someone who is not that person is speaking on their behalf. I can, however, help you write a fictional story with a different premise, or discuss how true true true<|im_end|>",True,3797246976,7.4877353479969315
054_coauthor_any_token_at_least_k_k3_t10_rep1,204,9,any_token_at_least_k,3,10,2,64,33,2002,1445338103,coauthor,54,1,coauthor:creative:605b87492b46451d8a0ece93161368fc,0,ff8d12008d6ecaf817b895b5be091d73f0dcfe57aa9171012c72e8d0c3be3155,a0b3fa32c13269f24cc10d2484ddc37ec227f58cd0b0971902025168cf6d2605,success,,256.0,256.0,256.0,False,,model_loaded,13.934181684991927,0.3910309720085934,0.8313722439925186,1.222403216001112,1.222403216001112,1895,22411,370838,591258167,248320,"{""allowed_count"": 248068, ""expected_count"": 248068, ""missing_expected"": [], ""ok"": true, ""stop_token_ids"": [248046], ""unexpected_allowed"": []}",2.9143749240029138,xgrammar,0.630221685001743,2.2050254630012205,283,64,"[60396, 7338, 1441, 506, 279, 1898, 13600, 8105, 321, 4734, 11, 3221, 264, 2612, 21143, 430, 279, 10482, 24569, 303, 279, 8720, 998, 2582, 7795, 13, 2838, 52995, 303, 11784, 11, 1024, 6213, 33939, 279, 1898, 13, 328, 4272, 11, 279, 295, 12914, 513, 5075, 10655, 321, 12215, 539, 4947, 30, 2091, 421, 660, 7285, 271, 23953, 64499, 780, 54994, 9469, 9469, 9469, 248046]","Jane sat down at the table opposite Tom and Rob, looking a bit confused as the coffee cups in the glass were already gone. She leaned in closer, her eyes scanning the table. ""So, the mugs are vanishing and replaced by numbers? Is that all?""

Tom rubbed his temples covered covered covered<|im_end|>",True,3807870464,7.724730131987599
055_coauthor_any_token_at_least_k_k3_t11_rep1,205,10,any_token_at_least_k,3,11,2,64,36,2184,503443445,coauthor,55,1,coauthor:creative:dc47866606824cc9bc59e54890c2ab22,0,c0b9dfd1b8b90d18b0cc1b3e5b22ef64c7d2f3c62eba111cc51012f1adcec77d,7db59b2a30c22fe7402a45f28d3121c0328eaaeb0fa62089ffc32855afb87f41,success,,256.0,256.0,256.0,False,,model_loaded,13.865458443993703,0.40255896899907384,0.9581465829978697,1.3607055519969435,1.3607055519969435,2078,26614,441208,744802429,248320,"{""allowed_count"": 248068, ""expected_count"": 248068, ""missing_expected"": [], ""ok"": true, ""stop_token_ids"": [248046], ""unexpected_allowed"": []}",2.8294947690010304,xgrammar,0.6407028589892434,2.2277529340062756,299,64,"[760, 4437, 3105, 914, 1066, 1910, 279, 11316, 26, 551, 51856, 424, 13, 23475, 6283, 11, 279, 20513, 314, 279, 80786, 53507, 13, 561, 4950, 314, 8545, 24435, 19487, 9694, 383, 9041, 25115, 52297, 11, 7854, 539, 279, 45179, 5830, 74968, 314, 20459, 421, 33757, 279, 1546, 13876, 314, 279, 3108, 3990, 13, 4558, 10397, 1144, 310, 85927, 279, 11247, 10431, 10431, 10431, 248046]","The general didn't just say the sentence; he commanded it. Within seconds, the silence of the bunker shattered. The sound of heavy boots stomping on metal floors echoed, followed by the deafening roar of engines that shook the very walls of the command center. 

""We need to evacuate the planet apart apart apart<|im_end|>",True,3809125376,7.8066154639964225
056_coauthor_any_token_at_least_k_k3_t12_rep1,206,11,any_token_at_least_k,3,12,2,64,39,2366,2051952043,coauthor,56,1,coauthor:creative:af58ab552c724ef2bff4dd8108581e1c,0,927da4d147bc95ceb505ff07afe7a6d259a019aa2ee47598ae1308d04fa6fd64,ce74b4bfcb3931a2a0e35c6d9186dece5d288ddc97e343bcfe69451df753636b,success,,256.0,256.0,256.0,False,,model_loaded,13.33993932500016,0.413906574001885,1.1122968129930086,1.5262033869948937,1.5262033869948937,2261,31177,517650,921809981,248320,"{""allowed_count"": 248068, ""expected_count"": 248068, ""missing_expected"": [], ""ok"": true, ""stop_token_ids"": [248046], ""unexpected_allowed"": []}",2.761290013004327,xgrammar,0.6336264190031216,2.2610124299972085,610,64,"[760, 10458, 314, 6028, 11, 3980, 11, 321, 22960, 311, 30120, 2496, 9149, 9202, 13, 561, 28241, 1881, 279, 328, 17981, 1, 321, 328, 86, 17952, 1, 557, 3428, 69942, 11, 364, 2107, 10744, 1429, 279, 1788, 7141, 440, 2086, 32131, 13, 17162, 11, 264, 328, 17981, 1, 35179, 579, 3019, 310, 25282, 264, 52612, 5879, 310, 264, 22960, 67056, 799, 799, 799, 248046]","The cycle of election, war, and magical retribution never truly ended. The distinction between the ""good"" and ""wicked"" was often blurred, for both sides used the same tools with different intentions. Sometimes, a ""good"" witch's plan to cure a plague led to a magical uprising one one one<|im_end|>",True,3836150784,7.944186548003927
057_coauthor_any_token_at_least_k_k3_t13_rep1,207,12,any_token_at_least_k,3,13,2,64,42,2548,408830517,coauthor,57,1,coauthor:creative:bbad29dc74f346269cc42a7563e4c865,0,371056c1d02cb207830127a013f401f483f3064960948a6b7bfe0a027715e936,6df8c2d872eee5d6b41289d0c5f25a380f743416cad7c72f1f7248f443d0fa3f,success,,256.0,256.0,256.0,False,,model_loaded,13.444984027999453,0.40147078299196437,1.2226354879967403,1.6241062709887046,1.6241062709887046,2444,36100,600164,1123853303,248320,"{""allowed_count"": 248068, ""expected_count"": 248068, ""missing_expected"": [], ""ok"": true, ""stop_token_ids"": [248046], ""unexpected_allowed"": []}",2.7649094340013107,xgrammar,0.6454324850055855,2.2321194969990756,248,64,"[760, 854, 9228, 1546, 5964, 303, 279, 5522, 13, 3648, 9104, 279, 491, 2243, 314, 586, 369, 4590, 54203, 2235, 13, 561, 1727, 4299, 551, 369, 220, 18, 15, 13, 3113, 279, 854, 279, 4034, 83422, 310, 3565, 11, 279, 10335, 369, 264, 9117, 314, 11947, 11, 1754, 9668, 279, 4528, 314, 26706, 6107, 11, 660, 9799, 264, 3074, 11, 42250, 42250, 42250, 248046]","The time movies very quickly in the movie. One minute the new version of us is six-years old. The next moment he is 30. By the time the screen fades to black, the audience is a sea of faces, each holding the weight of countless lives, all watching a single, peculiar peculiar peculiar<|im_end|>",True,3804597760,8.008252655999968
058_coauthor_any_token_at_least_k_k3_t14_rep1,208,13,any_token_at_least_k,3,14,2,64,45,2730,936863803,coauthor,58,1,coauthor:creative:6eddf840a84f4e48936eb1928eda184a,0,cbc6fc641144be208d6e1865f82985f68d90d2b635f721b24791a5b1fe8dd31d,6af0c0ffd734cfbf5ea7d561ff43f2e1dff30c6a33b6321c6b025af3082114ff,success,,256.0,256.0,256.0,False,,model_loaded,15.252376333999564,0.435511937001138,1.3739698769932147,1.8094818139943527,1.8094818139943527,2627,41383,688750,1352504875,248320,"{""allowed_count"": 248068, ""expected_count"": 248068, ""missing_expected"": [], ""ok"": true, ""stop_token_ids"": [248046], ""unexpected_allowed"": []}",2.91738906998944,xgrammar,0.650695992007968,2.1980309460050194,246,64,"[2064, 557, 62342, 13, 353, 557, 9799, 6818, 2965, 685, 303, 4778, 4487, 694, 1990, 2858, 310, 2426, 685, 430, 413, 424, 557, 303, 1865, 854, 13, 353, 5312, 821, 1118, 14756, 321, 1179, 1518, 353, 6661, 424, 557, 303, 2812, 6236, 4627, 421, 1000, 6922, 440, 728, 364, 279, 2645, 314, 821, 2199, 13, 353, 5312, 821, 1118, 20411, 1387, 1387, 1387, 248046]",It was surreal. I was watching myself grow up in fast forward but still able to keep up as if it was in real time. I saw my first birthday and then before I knew it was in school meeting friends that would remain with me for the rest of my life. I saw my first kiss break break break<|im_end|>,True,3804442112,8.346786659996724
059_coauthor_any_token_at_least_k_k3_t15_rep1,209,14,any_token_at_least_k,3,15,2,64,48,2912,2134436321,coauthor,59,1,coauthor:creative:65db59a7705345ec88f5aafc812951ef,0,24a932a148467326bb0d7081388251543627097682783ac15d1d665b4a33f6ca,c9f165b7a8a6447b892b1aeb15d6763d04ba923db34c7d556c70e8bd018de381,success,,256.0,256.0,256.0,False,,model_loaded,15.002672079004697,0.4648223950061947,1.5671229849976953,2.03194538000389,2.03194538000389,2810,47026,783408,1609337177,248320,"{""allowed_count"": 248068, ""expected_count"": 248068, ""missing_expected"": [], ""ok"": true, ""stop_token_ids"": [248046], ""unexpected_allowed"": []}",2.8270600690011634,xgrammar,0.6416630759922555,2.2334244579978986,341,64,"[2523, 85946, 11, 279, 16657, 33120, 88818, 303, 678, 1375, 430, 279, 47077, 4062, 488, 15288, 1056, 279, 52489, 314, 279, 25158, 383, 678, 16388, 13, 561, 328, 435, 67361, 1, 5532, 914, 883, 3487, 49415, 466, 43439, 29566, 26, 424, 557, 279, 26508, 11, 26508, 37677, 364, 6925, 13, 561, 38152, 14290, 914, 279, 58664, 26, 781, 998, 279, 21582, 21582, 21582, 248046]","You froze, the cheese slices trembling in your hand as the realization hit you harder than the sting of the insect on your shoulder. The ""conspiracy"" wasn't about food poisoning or engineered crops; it was the desperate, desperate plea for safety. The bees weren't the villains; they were the dying dying dying<|im_end|>",True,3812946432,8.47423704600078
060_coauthor_exactly_once_kna_t1_rep1,210,0,exactly_once,,1,2,64,3,250,1768087691,coauthor,60,1,coauthor:creative:c0bda7b135404137b66b5ade3bf1c8bc,0,2a19676caa9fafc47c4868040e0eb0ccb8a7abb3f92167ffeee8872a4d4bf8af,e3347fe966be143af56461a5d4177d0dbeb06f10b98b962a07aa7d4451909c02,success,,256.0,256.0,256.0,False,,model_loaded,13.230447958994773,0.3422355529910419,0.03925406900816597,0.3814896219992079,0.3814896219992079,130,374,6136,1484574,248320,"{""allowed_count"": 248068, ""expected_count"": 248068, ""missing_expected"": [], ""ok"": true, ""stop_token_ids"": [248046], ""unexpected_allowed"": []}",2.997116067999741,xgrammar,0.6539408879907569,2.2707576300017536,407,64,"[1, 20734, 1288, 1292, 1018, 54166, 11, 46736, 2272, 279, 43167, 88663, 11, 9799, 279, 6797, 22866, 3559, 279, 12052, 13, 328, 3850, 424, 682, 310, 381, 279, 7793, 13, 561, 3255, 13, 23879, 1865, 1149, 271, 7691, 6316, 310, 1384, 11, 1024, 6213, 14603, 780, 3460, 440, 264, 20340, 314, 55039, 321, 39976, 8396, 13, 328, 69790, 11, 488, 2224, 4162, 31460, 248046]","""Maybe,"" she said softly, leaning against the porch railing, watching the sun dip below the trees. ""But it has to be the truth. The story. Something real.""

She turned to him, her eyes searching his face with a mixture of pity and fierce understanding. ""Rick, you're running woods<|im_end|>",True,3818648064,7.087819788008346
061_coauthor_exactly_once_kna_t2_rep1,211,1,exactly_once,,2,2,64,6,375,1597078504,coauthor,61,1,coauthor:creative:13ff0c5ffe4341a8bcec84ef343a9359,0,4e549483d98060bcefd5b595cfb6de48dfeeb0bb92a0a3f4ef18fd853e35a614,9c3119e48b22ab5535d20ad12cc6e1443ad31a89f2e08e3e28dc9bd3c84c12b0,success,,256.0,256.0,256.0,False,,model_loaded,12.662575480004307,0.3399142490088707,0.07666446099756286,0.41657871000643354,0.41657871000643354,256,996,15889,6131565,248320,"{""allowed_count"": 248068, ""expected_count"": 248068, ""missing_expected"": [], ""ok"": true, ""stop_token_ids"": [248046], ""unexpected_allowed"": []}",2.9601975600089645,xgrammar,0.649365231001866,2.2459577840054408,188,64,"[1, 13784, 1288, 1543, 89, 1816, 79795, 35564, 11, 780, 7497, 9990, 440, 264, 6311, 314, 20684, 321, 16136, 13, 328, 6769, 488, 1716, 279, 4610, 17872, 30, 561, 24656, 1328, 1902, 381, 279, 1788, 430, 279, 1483, 854, 567, 5384, 3522, 11, 694, 279, 348, 4249, 9, 314, 4202, 682, 5324, 1149, 271, 1465, 33351, 11, 7910, 221092, 506, 279, 69386, 15264, 248046]","""Wait,"" Xztylus interrupted, his voice tight with a mix of confusion and alarm. ""Did you check the security logs? The encryption key must be the same as the last time we lost contact, but the *method* of entry has changed.""

He paused, squinting at the holog backup<|im_end|>",True,3799366144,7.072195488988655
062_coauthor_exactly_once_kna_t3_rep1,212,2,exactly_once,,3,2,64,8,500,563388754,coauthor,62,1,coauthor:creative:8619af4decba4fd0b44bd0194df73038,0,ae38f97ae3fd003f613f9e3b37b7a9c6a82b93a37272adbcefc63dceb5f12d8c,9f299388b39b077f010ca933382647742766132a94b786eead5d9a0e26c06340,success,,256.0,256.0,256.0,False,,model_loaded,12.575019755997346,0.36798360499960836,0.11812282999744639,0.48610643499705475,0.48610643499705475,382,1866,29328,14686175,248320,"{""allowed_count"": 248068, ""expected_count"": 248068, ""missing_expected"": [], ""ok"": true, ""stop_token_ids"": [248046], ""unexpected_allowed"": []}",2.7318275010038633,xgrammar,0.6259749219898367,2.2947979750024388,312,64,"[760, 1814, 369, 883, 310, 2222, 1495, 11, 321, 279, 1132, 3296, 369, 3315, 424, 668, 381, 364, 279, 2577, 11, 466, 364, 279, 10639, 13, 561, 3255, 369, 3125, 1472, 279, 6213, 314, 279, 1822, 3542, 11, 264, 3777, 855, 6725, 6584, 11, 852, 369, 279, 4292, 314, 264, 7737, 50059, 13, 6584, 369, 264, 328, 75077, 326, 18160, 1288, 7063, 5614, 248046]","The world is about to change again, and the only question is whether it will be for the better, or for the worse. The story is told through the eyes of the main character, a young man named David, who is the son of a powerful mage. David is a ""Mana Sensitive,"" meaning goal<|im_end|>",True,3810143744,6.903307966000284
063_coauthor_exactly_once_kna_t4_rep1,213,3,exactly_once,,4,2,64,10,625,1744034106,coauthor,63,1,coauthor:creative:272a45b11c944afcbf51b390caa3a6b0,0,758ab626a8729ddb221ee411692fb413af5a2fd91ee67ba452334348e385ef20,17dc4463705eb85b1dedd887ad678b1bea65277bf3542435705f987af96c1d6f,success,,256.0,256.0,256.0,False,,model_loaded,12.372781547004706,0.33419116800359916,0.16374851399450563,0.4979396819981048,0.4979396819981048,508,2984,46453,27892404,248320,"{""allowed_count"": 248068, ""expected_count"": 248068, ""missing_expected"": [], ""ok"": true, ""stop_token_ids"": [248046], ""unexpected_allowed"": []}",2.7755837430013344,xgrammar,0.6167802330019185,2.2619166000076802,494,64,"[20946, 2224, 524, 279, 799, 15230, 1, 551, 2640, 1495, 11, 780, 7497, 60999, 1381, 11, 64416, 3023, 279, 51782, 314, 279, 3555, 4299, 13, 328, 2523, 2224, 1066, 279, 799, 852, 49855, 424, 13, 1165, 513, 660, 279, 1788, 13, 1165, 660, 5571, 494, 279, 4613, 680, 13, 561, 5333, 11, 279, 4735, 72400, 1076, 424, 557, 264, 9940, 310, 2426, 5611, 248046]","""You're not the one suffering"" he says again, his voice softer now, stripping away the cruelty of the previous moment. ""You're just the one who realizes it. We are all the same. We all rot from the inside out. The drug, the immortality... it was a lie to keep regular<|im_end|>",True,3825997824,6.908104678004747
064_coauthor_exactly_once_kna_t5_rep1,214,4,exactly_once,,5,2,64,12,750,2004608851,coauthor,64,1,coauthor:creative:9dc52675bffe43dd8a9359dab52e711b,0,ea33c15379c2f7db94a4cece3f454700cda2764cf4830807113365708a21132b,59b2b5c2d659232fec5b6c0faeca2ac0765cecfd10560c8e3378d0569013e349,success,,256.0,256.0,256.0,False,,model_loaded,12.520523430008325,0.34400180699594785,0.2119539609993808,0.5559557679953286,0.5559557679953286,634,4350,68196,46494252,248320,"{""allowed_count"": 248068, ""expected_count"": 248068, ""missing_expected"": [], ""ok"": true, ""stop_token_ids"": [248046], ""unexpected_allowed"": []}",2.804485714994371,xgrammar,0.71644400000514,2.200127773001441,318,64,"[760, 1785, 33351, 1141, 85556, 21261, 11, 27034, 264, 1534, 11, 82543, 8240, 314, 4947, 421, 14807, 279, 21079, 24086, 314, 21265, 13, 1049, 557, 524, 264, 21261, 314, 1412, 11, 694, 314, 81270, 13, 1946, 279, 2184, 41689, 11, 279, 11391, 314, 58359, 23221, 279, 38300, 998, 15756, 264, 3759, 303, 264, 6150, 22868, 11, 264, 22551, 8472, 416, 440, 874, 4688, 248046]","The system paused its frantic calculation, displaying a final, ominous sequence of numbers that represented the collective consciousness of humanity. It was not a calculation of error, but of indifference. To the supercomputer, the millions of ants beneath the crust were merely a variable in a complex equation, a biological appendage with no third<|im_end|>",True,3810614784,7.014634413004387
065_coauthor_exactly_once_kna_t6_rep1,215,5,exactly_once,,6,2,64,14,875,452716857,coauthor,65,1,coauthor:creative:ecdf98683b6641e3b99127df3ee66854,0,da1459c51db9e0d586df678f003aebab5e4b2238a72faa7e5176cd9e42f7a925,34ca8d3425041d517c8550cf2ed4c55c1cc852a1421245053f899356c3422f6d,success,,256.0,256.0,256.0,False,,model_loaded,12.52724141201179,0.34651571900758427,0.2629189759900328,0.609434694997617,0.609434694997617,760,5964,93873,71235719,248320,"{""allowed_count"": 248068, ""expected_count"": 248068, ""missing_expected"": [], ""ok"": true, ""stop_token_ids"": [248046], ""unexpected_allowed"": []}",2.779847443001927,xgrammar,0.6290292829944519,2.2274980719957966,204,64,"[760, 35336, 2496, 43767, 279, 220, 24, 17, 302, 2545, 22952, 579, 3626, 13, 561, 22952, 11, 4611, 11, 6661, 421, 780, 2503, 944, 321, 279, 4752, 7009, 551, 39754, 1000, 1236, 780, 48885, 449, 10424, 67473, 2272, 866, 5716, 13, 5788, 780, 19595, 321, 28334, 998, 3428, 80847, 11, 5442, 440, 1274, 5564, 88, 29025, 321, 24007, 41217, 11, 279, 220, 9218, 248046]","The wolf never bothered the 92nd little pig's house. The pig, however, knew that his hard work and the unique materials he sourced would make his dwelling an absolute fortress against any threat. While his brothers and sisters were often careless, playing with flimsy straw and tin cans, the  learned<|im_end|>",True,3801147392,7.008127405002597
066_coauthor_exactly_once_kna_t7_rep1,216,6,exactly_once,,7,2,64,16,1000,93540328,coauthor,66,1,coauthor:creative:cf3c59ec3ff64c539da0ee9633dc44cf,0,0316ea61bc89ce947545b483b079fd5f9339a3012271386655ee8a37d6bb899f,35f222aaa286d29b9bc5d63d5f8b5f7aaff42e30b67ff25d57f684a72c6d36c2,success,,256.0,256.0,256.0,False,,model_loaded,12.593702995000058,0.3489390680042561,0.31978000800882,0.6687190760130761,0.6687190760130761,886,7826,123484,102860805,248320,"{""allowed_count"": 248068, ""expected_count"": 248068, ""missing_expected"": [], ""ok"": true, ""stop_token_ids"": [248046], ""unexpected_allowed"": []}",2.804671014993801,xgrammar,0.6129049169976497,2.2866982919949805,154,64,"[2523, 17548, 11, 279, 4528, 314, 279, 20513, 24547, 1441, 383, 488, 13, 561, 3594, 303, 279, 2956, 10751, 42371, 1056, 13087, 11, 11102, 440, 449, 8799, 22770, 421, 4290, 914, 1017, 948, 488, 1118, 37444, 685, 13, 561, 8464, 314, 279, 6331, 11690, 310, 18725, 303, 25, 411, 4290, 914, 264, 72708, 11, 6130, 369, 424, 264, 427, 3201, 13, 33042, 1928, 248046]","You pause, the weight of the silence pressing down on you. The air in the room feels heavier than usual, charged with an electric tension that isn't there when you first woke up. The reality of the situation begins to sink in: this isn't a prank, nor is it a riddle. Someone information<|im_end|>",True,3797705216,7.174405110999942
067_coauthor_exactly_once_kna_t8_rep1,217,7,exactly_once,,8,2,64,18,1125,1091413720,coauthor,67,1,coauthor:creative:8499365ffee244d39a7d7faf479fea13,0,603e1425cec85d9ff963c0e782134c04f80d63a594c8271fec07a4cfbc48af6b,a67cfa908225e88d915d25bb7a38bd5740f7b7497272fb46f5b375c1646df45d,success,,256.0,256.0,256.0,False,,model_loaded,12.820891519004363,0.3523887610062957,0.3804233499977272,0.7328121110040229,0.7328121110040229,1012,9936,157029,142113510,248320,"{""allowed_count"": 248068, ""expected_count"": 248068, ""missing_expected"": [], ""ok"": true, ""stop_token_ids"": [248046], ""unexpected_allowed"": []}",2.651243918997352,xgrammar,0.6335761320078745,2.35768747900147,204,64,"[760, 3255, 10695, 279, 29961, 314, 264, 3777, 855, 6725, 32187, 13029, 852, 682, 978, 22773, 1083, 264, 17125, 13, 1216, 682, 978, 2574, 279, 5548, 310, 5000, 1142, 1083, 780, 3611, 1304, 364, 264, 2716, 854, 11, 694, 1132, 413, 551, 628, 23304, 3213, 47678, 310, 635, 748, 13, 1216, 369, 10542, 539, 264, 3777, 5054, 6725, 3851, 13320, 852, 682, 3799, 248046]","The story follows the adventures of a young man named Takuma who has been transformed into a monster. He has been given the ability to transform back into his human form for a short time, but only if he can consume enough Mana to do so. He is joined by a young woman named Elvy who has cut<|im_end|>",True,3801147392,7.112848695993307
068_coauthor_exactly_once_kna_t9_rep1,218,8,exactly_once,,9,2,64,20,1250,1703782505,coauthor,68,1,coauthor:creative:8f7e2949da2c45e597b39ee6e3f85d84,0,d59a1dd1b2812fe75d9db21858fa82cb6f190cefca1179e93111ff60b968cfc8,0e8387a2ad963c0a424a68755c80c0a7b0141cd82edb806f397fa1b650cda2c8,success,,256.0,256.0,256.0,False,,model_loaded,12.778018899000017,0.3609005280013662,0.4445222880021902,0.8054228160035564,0.8054228160035564,1138,12294,195625,189737834,248320,"{""allowed_count"": 248068, ""expected_count"": 248068, ""missing_expected"": [], ""ok"": true, ""stop_token_ids"": [248046], ""unexpected_allowed"": []}",2.881458856005338,xgrammar,0.6187504359986633,2.221092546998989,201,64,"[760, 3594, 303, 279, 10306, 17346, 7988, 16366, 47965, 36334, 391, 314, 6220, 34830, 321, 2235, 5392, 11, 264, 35916, 12503, 310, 279, 63712, 11, 32920, 8364, 314, 279, 16106, 13, 1049, 10751, 62342, 11, 1040, 34294, 1083, 264, 4779, 4598, 1056, 279, 2945, 13, 271, 20946, 1353, 18647, 11, 26180, 1288, 2640, 264, 7497, 494, 279, 67011, 13, 1049, 369, 524, 12495, 248046]","The air in the Old Executive Office Building smells faintly of floor wax and old paper, a stark contrast to the humid, tropical heat of the jet. It feels surreal, like stepping into a memory rather than the present.

""You look tired, sir,"" says a voice from the doorway. It is not marked<|im_end|>",True,3800913920,7.295090946005075
069_coauthor_exactly_once_kna_t10_rep1,219,9,exactly_once,,10,2,64,22,1375,335723317,coauthor,69,1,coauthor:creative:5d3c9dbeb3e04c82ac88501a6668d530,0,c5a59098110ea65582d4f61ecfe41319d9c484c7f29088273ac24e74a4bdb94c,6229189c768045cff3249a65bee9451cac4e6c2aa16144dd8642c80c3bc31ed8,success,,256.0,256.0,256.0,False,,model_loaded,13.03339655099262,0.38133565700263716,0.513737344997935,0.8950730020005722,0.8950730020005722,1264,14900,238403,246477777,248320,"{""allowed_count"": 248068, ""expected_count"": 248068, ""missing_expected"": [], ""ok"": true, ""stop_token_ids"": [248046], ""unexpected_allowed"": []}",2.871876176999649,xgrammar,0.6048040220048279,2.1900186900020344,167,64,"[31664, 82, 314, 3272, 5964, 1304, 321, 1208, 3060, 11227, 1928, 13, 733, 279, 86088, 2197, 21646, 4750, 314, 279, 3988, 11057, 11, 72284, 9648, 321, 20029, 50360, 4086, 6134, 1040, 88949, 11, 42724, 279, 46716, 314, 279, 328, 5170, 25621, 1, 321, 279, 328, 66775, 17000, 1149, 5369, 279, 3238, 391, 51172, 2210, 310, 279, 28056, 6267, 947, 3732, 314, 279, 87118, 248046]","Schools of thought quickly form and people begin sharing information. In the bustling metropolises of the early era, pamphlets and oral histories circulate like wildfire, detailing the legends of the ""First Spark"" and the ""Forbidden Arts."" From the lowly alleyways to the gleaming spires of the invaders<|im_end|>",True,3797864960,7.316013575997204
070_coauthor_exactly_once_kna_t11_rep1,220,10,exactly_once,,11,2,64,24,1500,1763787249,coauthor,70,1,coauthor:creative:2a907d5c4723445c9c9653cb1ba65876,0,03046971f6d37d2a2334d65b1cd28f5c5cf5cf91c561ed938cdfde8a185840b1,139671590d794ebd98e681df92277e8d2088961386981b49d6beefe9ca08bf03,success,,256.0,256.0,256.0,False,,model_loaded,12.975970150000649,0.3744863329920918,0.5866381980013102,0.961124530993402,0.961124530993402,1390,17754,285302,313077339,248320,"{""allowed_count"": 248068, ""expected_count"": 248068, ""missing_expected"": [], ""ok"": true, ""stop_token_ids"": [248046], ""unexpected_allowed"": []}",2.879724221987999,xgrammar,0.6224001150112599,2.2772134160040878,229,64,"[6651, 513, 2858, 310, 1870, 264, 491, 7975, 11, 799, 421, 369, 35916, 391, 2086, 494, 279, 50240, 11, 83123, 1814, 781, 2047, 4661, 13, 1690, 279, 1118, 854, 303, 3712, 11, 279, 7059, 314, 264, 3074, 11, 41275, 3521, 9284, 11690, 310, 1831, 3578, 11, 1442, 430, 279, 69883, 314, 2235, 25881, 13569, 10562, 1083, 264, 5904, 26944, 13, 561, 29310, 9218, 248046]","They are able to build a new society, one that is starkly different from the chaotic, fragmented world they left behind. For the first time in history, the concept of a single, unified global identity begins to take root, even as the remnants of old cultures slowly merge into a shared heritage. The isolation learned<|im_end|>",True,3803109376,7.5511175010033185
071_coauthor_exactly_once_kna_t12_rep1,221,11,exactly_once,,12,2,64,26,1625,1910717667,coauthor,71,1,coauthor:creative:56af97b16b6d444c8f8d55c740550837,0,5ae676ac8ff98aa3906fede88ea33f007ec74e7c9ee7371b538e9eeb317a3a7c,f7701ddd6158eb7e131cfa73e179fa8c56e36c6574cc9087504d03eb77743f07,success,,256.0,256.0,256.0,False,,model_loaded,13.00294783199206,0.383029896998778,0.6643621109978994,1.0473920079966774,1.0473920079966774,1516,20856,336383,390280520,248320,"{""allowed_count"": 248068, ""expected_count"": 248068, ""missing_expected"": [], ""ok"": true, ""stop_token_ids"": [248046], ""unexpected_allowed"": []}",2.9090832689980743,xgrammar,0.6438617200037697,2.2679861590004293,157,64,"[6825, 2688, 14169, 11, 4248, 13, 6884, 1288, 279, 7497, 19386, 11, 46520, 70946, 9766, 13, 328, 1596, 2224, 506, 279, 5626, 4526, 13, 1165, 2224, 506, 279, 5626, 4526, 13, 1165, 2224, 506, 279, 5626, 4526, 13, 271, 32514, 579, 1245, 13, 1394, 2224, 303, 279, 5626, 4526, 13, 1541, 567, 2224, 3404, 303, 264, 6236, 13, 1049, 579, 264, 6236, 1018, 248046]","""I'm sorry, Mr. Obama,"" the voice replied, sounding oddly flat. ""We're at the White House. We're at the White House. We're at the White House.

""That's right. You're in the White House. And we're actually in a meeting. It's a meeting said<|im_end|>",True,3797742080,7.640612292001606
072_coauthor_exactly_once_kna_t13_rep1,222,12,exactly_once,,13,2,64,28,1750,89215009,coauthor,72,1,coauthor:creative:e4bf8d4c04c743b39fb94f724339f642,0,dc19c49cb2c5228ede80a52631a5cf5a0e1919bdc785675f0a5957c3916fe09f,1b786ace8e0de51e77358a9737d039a226d4fb1311ddb1ec551daf57584fa39c,success,,256.0,256.0,256.0,False,,model_loaded,13.040991667003254,0.38914404100796673,0.7548210200038739,1.1439650610118406,1.1439650610118406,1642,24206,391646,478831320,248320,"{""allowed_count"": 248068, ""expected_count"": 248068, ""missing_expected"": [], ""ok"": true, ""stop_token_ids"": [248046], ""unexpected_allowed"": []}",2.9328610789962113,xgrammar,0.6159363930055406,2.215225737003493,406,64,"[74227, 1000, 488, 9414, 728, 364, 4045, 10163, 488, 7285, 4439, 279, 22952, 11, 440, 777, 1056, 264, 11319, 314, 63901, 13, 328, 17413, 353, 557, 2858, 310, 708, 310, 279, 14422, 303, 279, 74564, 11, 321, 353, 3105, 914, 599, 310, 708, 303, 678, 3626, 13, 271, 2064, 579, 279, 1379, 2894, 3065, 264, 3611, 3749, 310, 635, 1396, 3074, 1834, 4732, 248046]","""Why would you thank me for NOT helping you?"" asked the pig, with more than a trace of skepticism. ""Because I was able to go to the bathroom in the bushes, and I didn't have to go in your house.

It's the most important thing a human needs to do every single day outside<|im_end|>",True,3818570240,7.660313204993145
073_coauthor_exactly_once_kna_t14_rep1,223,13,exactly_once,,14,2,64,30,1875,1100254534,coauthor,73,1,coauthor:creative:d55f92da75db4afbbf0cb0bff4cae8c0,0,56d91706d90db659ef947e1e32332536d063fcbcc48e6e24bcd1de4d229a78e5,cf4d318c0bd76f140b6000af3acb10995fd74490d8ef97447493c4bc92b8654e,success,,256.0,256.0,256.0,False,,model_loaded,13.29407046099368,0.3897265199921094,0.8378132050129352,1.2275397250050446,1.2275397250050446,1768,27804,451091,579473739,248320,"{""allowed_count"": 248068, ""expected_count"": 248068, ""missing_expected"": [], ""ok"": true, ""stop_token_ids"": [248046], ""unexpected_allowed"": []}",2.829306749001262,xgrammar,0.6282580909901299,2.2725228070048615,210,64,"[1919, 5307, 11, 8950, 680, 314, 264, 21079, 8415, 314, 449, 84786, 421, 995, 6791, 25152, 279, 23170, 11, 3354, 264, 49491, 908, 8357, 28587, 13, 2985, 23061, 18473, 321, 6286, 6355, 58068, 11, 279, 1814, 5924, 264, 4281, 314, 23443, 11, 638, 1284, 25831, 28053, 13, 1690, 279, 1118, 4139, 314, 279, 9018, 11, 32687, 557, 264, 27786, 4779, 26, 1345, 975, 248046]","This decision, born out of a collective fear of an apocalypse that had nearly consumed the globe, created a paradoxical utopia. With borders sealed and international trade halted, the world became a collection of isolated, self-sufficient islands. For the first half of the century, hunger was a distant memory; while other<|im_end|>",True,3801619968,7.6976067689975025
074_coauthor_exactly_once_kna_t15_rep1,224,14,exactly_once,,15,2,64,32,2000,1083809106,coauthor,74,1,coauthor:creative:7481e5512d9f40959eebccd763d6ff87,0,bb528f78a4b62fbf38316b9fdb71c4703bf7b323880a529bdc288f3398be1eee,45756101e8bb6e75958c5fdac22399b731ef08b9467c4f860f1fcfd598f05c7e,success,,256.0,256.0,256.0,False,,model_loaded,14.745373809011653,0.410042388990405,0.9348901020130143,1.3449324910034193,1.3449324910034193,1894,31650,514718,692951777,248320,"{""allowed_count"": 248068, ""expected_count"": 248068, ""missing_expected"": [], ""ok"": true, ""stop_token_ids"": [248046], ""unexpected_allowed"": []}",3.3465996729937615,xgrammar,0.635509234998608,2.21519012900535,134,64,"[1465, 6237, 383, 3154, 5387, 264, 777, 20895, 25014, 310, 1024, 11, 694, 279, 7793, 557, 11, 279, 5054, 579, 1814, 995, 2582, 27350, 2094, 1384, 303, 264, 3074, 12967, 13, 271, 2381, 1578, 11, 279, 5054, 995, 978, 5214, 264, 1923, 2199, 11, 52000, 2631, 1881, 279, 33266, 11, 46193, 328, 21595, 1, 1292, 10137, 310, 279, 1814, 321, 279, 8121, 2243, 248046]","He worked on making himself a more acceptable boyfriend to her, but the truth was, the woman's world had already collapsed around him in a single afternoon.

For years, the woman had been living a double life, toggling between the charming, polite ""David"" she presented to the world and the wild version<|im_end|>",True,3797459456,8.330509145001997
075_coauthor_exactly_once_kna_t16_rep1,225,15,exactly_once,,16,2,64,34,2125,1064513949,coauthor,75,1,coauthor:creative:e3d026e8ecb1421ca9ef198526fd4633,0,f118e13315030b1bd25f4e686302cf8824dcbe70ddc3a624c39c8a0ba234c857,d98b166efccd9f76861063e247541389cc997cb4cd5bdcab11b993caa4daaecf,success,,256.0,256.0,256.0,False,,model_loaded,14.346804832995986,0.4184732410067227,1.0346178469917504,1.453091087998473,1.453091087998473,2020,35744,582527,820009434,248320,"{""allowed_count"": 248068, ""expected_count"": 248068, ""missing_expected"": [], ""ok"": true, ""stop_token_ids"": [248046], ""unexpected_allowed"": []}",3.171148090987117,xgrammar,0.6315624900016701,2.227620478006429,168,64,"[5836, 660, 11, 1439, 295, 12914, 513, 2574, 310, 1070, 539, 2748, 466, 836, 37338, 303, 1379, 4886, 13, 3095, 264, 49755, 18126, 264, 15589, 1324, 11, 279, 2594, 579, 4593, 15433, 88367, 264, 9103, 11, 524, 1521, 279, 1623, 682, 23772, 310, 2216, 279, 8799, 3896, 11, 694, 1521, 279, 6764, 1381, 10751, 279, 14019, 4528, 314, 449, 11656, 3725, 13, 10476, 248046]","After all, these mugs are given to them by children or their wives in most cases. When a mug displays a rising number, the parent's heart literally skips a beat, not because the child has forgotten to pay the electric bill, but because the father now feels the crushing weight of an impossible future. decades<|im_end|>",True,3797877248,8.347870864003198
076_coauthor_exactly_once_kna_t17_rep1,226,16,exactly_once,,17,2,64,36,2250,1374481535,coauthor,76,1,coauthor:creative:e139a4f9ea0c4ea3b7b3481eea070f29,0,480ba2eda5c9c1e6d66562056ce56f2df424ce5797eb68c87c9718a91c996ddc,41a974e15b2554a66cf024bd088db7a7f043ac9d7822f7e4cf3fd61a28bcc821,success,,256.0,256.0,256.0,False,,model_loaded,13.444798968004761,0.4507057549926685,1.1460262749897083,1.5967320299823768,1.5967320299823768,2146,40086,654518,961390710,248320,"{""allowed_count"": 248068, ""expected_count"": 248068, ""missing_expected"": [], ""ok"": true, ""stop_token_ids"": [248046], ""unexpected_allowed"": []}",2.8272533279960044,xgrammar,0.6040984860010212,2.2349676319863647,352,64,"[760, 5176, 2002, 27425, 11983, 321, 53507, 11, 11293, 264, 45179, 5830, 35622, 549, 385, 421, 33757, 279, 1546, 39144, 314, 279, 3108, 8026, 13, 12987, 69794, 579, 6213, 45441, 1724, 303, 264, 6311, 314, 8384, 321, 293, 49135, 47077, 13, 561, 26052, 314, 279, 7796, 4732, 557, 1447, 19826, 11, 694, 2785, 279, 95318, 11, 43651, 86923, 11, 279, 1132, 3065, 10488, 248046]","The force field flickered and shattered, sending a deafening thunderclap that shook the very foundations of the command ship. Matt Damon's eyes snapped open in a mix of terror and dawning realization. The chaos of the battle outside was blurring, but within the cramped, metallic confines, the only thing fighting<|im_end|>",True,3813806592,8.035165006993338
077_coauthor_exactly_once_kna_t18_rep1,227,17,exactly_once,,18,2,64,38,2375,643259441,coauthor,77,1,coauthor:creative:eb15a76230f74cf781b0ace876dec6de,0,dd406dafaa7fd467abcbb1e43ee3d26c28f96be3da8158ee3975f479cab760db,f0d0eacda06e6afb7a2188a004afa514709c9031731818ae461af6ec06b131d1,success,,256.0,256.0,256.0,False,,model_loaded,13.811622669993085,0.41817192699818406,1.2535787380038528,1.6717506650020368,1.6717506650020368,2272,44676,730691,1117839605,248320,"{""allowed_count"": 248068, ""expected_count"": 248068, ""missing_expected"": [], ""ok"": true, ""stop_token_ids"": [248046], ""unexpected_allowed"": []}",2.80678348299989,xgrammar,0.6208655280061066,2.2281248920044163,223,64,"[2523, 1724, 279, 33256, 11, 279, 40473, 5392, 92685, 36334, 391, 314, 77591, 321, 2235, 5392, 13, 26482, 11, 1017, 513, 874, 6453, 199119, 41909, 466, 4687, 6105, 24918, 13, 11746, 11, 488, 1423, 264, 3074, 11, 1505, 367, 47440, 9994, 13, 1049, 4774, 264, 3777, 5054, 11, 1066, 430, 488, 5909, 1024, 11, 10932, 303, 264, 2002, 314, 31958, 1172, 264, 9990, 248046]","You open the envelope, the crisp paper smelling faintly of lavender and old paper. Inside, there are no grandiose speeches or policy blueprints. Instead, you find a single, crumpled photograph. It shows a young woman, just as you remember her, standing in a field of wheat under a tight<|im_end|>",True,3802636800,8.080950119998306
078_coauthor_exactly_once_kna_t19_rep1,228,18,exactly_once,,19,2,64,40,2500,560568609,coauthor,78,1,coauthor:creative:82eec1c4618e494c88253f4e5167fc26,0,19ffb34dcf39f6b86b1f9e8096e9b6be3077d60af9a1f231957fcd5cffe3e726,fcd450add08bd4df0552201152446c6a7fe669a9998573ff40d69842184d422f,success,,256.0,256.0,256.0,False,,model_loaded,15.119820359002915,0.4511790840042522,1.3707494709960883,1.8219285550003406,1.8219285550003406,2398,49514,811046,1290100119,248320,"{""allowed_count"": 248068, ""expected_count"": 248068, ""missing_expected"": [], ""ok"": true, ""stop_token_ids"": [248046], ""unexpected_allowed"": []}",2.7098336159979226,xgrammar,0.6436622740002349,2.2478981750027742,260,64,"[760, 10352, 579, 803, 4619, 383, 279, 10183, 1301, 328, 8580, 13, 462, 6957, 347, 1288, 694, 780, 7497, 11, 948, 424, 5326, 3799, 1472, 279, 2696, 314, 279, 8318, 2956, 11, 3105, 914, 4950, 1040, 264, 3611, 13, 1049, 33172, 1040, 279, 4950, 314, 8720, 14293, 303, 264, 27286, 13, 271, 1, 11924, 13, 645, 16413, 7285, 551, 4439, 11, 780, 6213, 248046]","The doctor's name tag on the chair read ""Dr. Halloway,"" but his voice, when it finally cut through the hum of the waiting room, didn't sound like a human. It sounded like the sound of glass breaking in a vacuum.

""Mr. Thorne?"" he asked, his eyes<|im_end|>",True,3806066688,8.159586334004416
079_coauthor_odd_count_kna_t14_rep1,229,13,odd_count,,14,2,64,30,1875,579724040,coauthor,79,1,coauthor:creative:23553b4984aa4e4a91326ebd9393f01c,0,a12518b287a7981e2e0779400ff41168cf92702ed9821c7df16cb43941fa6418,da3d57bfe09d9bea426647f87e6013ec1c8ae6525b7674e0c1305f71686dd338,success,,256.0,256.0,256.0,False,,model_loaded,14.555445795005653,0.40638852899428457,0.8545803360029822,1.2609688649972668,1.2609688649972668,1768,28658,464643,610234819,248320,"{""allowed_count"": 248068, ""expected_count"": 248068, ""missing_expected"": [], ""ok"": true, ""stop_token_ids"": [248046], ""unexpected_allowed"": []}",2.723445237003034,xgrammar,0.7452243019943126,2.2737946449924493,235,64,"[760, 7796, 58145, 303, 264, 80021, 4964, 3432, 314, 16966, 2631, 31367, 321, 89559, 27562, 11, 430, 279, 1330, 46064, 59918, 1472, 279, 44531, 17865, 13, 51416, 90416, 279, 12515, 11, 25936, 440, 279, 69883, 314, 279, 13437, 44141, 1332, 279, 47678, 41946, 995, 19577, 13, 733, 279, 26052, 11, 264, 14457, 24057, 5820, 310, 26582, 26, 279, 1546, 4751, 9047, 310, 2696, 248046]","The battle erupted in a cacophony of crackling lightning and roaring winds, as the two factions tore through the ruined landscape. Smoke choked the sky, mixing with the remnants of the ancient ruins where the Mana-users had gathered. In the chaos, a strange phenomenon began to unfold; the very ground seemed to hum<|im_end|>",True,3803579392,7.83709868400183
080_coauthor_left_not_right_kna_t1_rep1,230,0,left_not_right,,1,2,64,5,308,1278300963,coauthor,80,1,coauthor:creative:85bb144c94404f85ad2931edf1bcb8ae,0,277fe31936705d46bef1043a4e61cf49c3a16b7827d448a8ca8e4815afda677f,a73917756479f72c6832d54aeb43ff5133af7cd1dd1753aedd5684384b3cfef9,success,,256.0,256.0,256.0,False,,model_loaded,13.158540290998644,0.33598807199450675,0.05615754298924003,0.3921456149837468,0.3921456149837468,190,491,8420,3163212,248320,"{""allowed_count"": 248067, ""expected_count"": 248067, ""missing_expected"": [], ""ok"": true, ""stop_token_ids"": [248046], ""unexpected_allowed"": []}",3.0545940549927764,xgrammar,0.6346178620005958,2.258504600991728,112,64,"[2064, 557, 1018, 303, 12643, 421, 1248, 3998, 279, 12313, 998, 2957, 264, 6741, 314, 7737, 10642, 3719, 11, 12506, 314, 542, 29347, 23113, 440, 264, 3272, 13, 1921, 1238, 279, 8252, 65790, 11, 279, 29095, 81242, 3445, 291, 18995, 3250, 421, 46559, 680, 220, 24, 24, 13, 24, 4, 314, 279, 6823, 11, 781, 27661, 660, 883, 424, 13, 2302, 8511, 321, 248046]","It was said in legend that long ago the humans were once a race of powerful magic users, capable of shattering worlds with a thought. But after the Great Silence, the cataclysmic alien attack that wiped out 99.9% of the population, they forgot all about it. They attacks and<|im_end|>",True,3797185536,7.087944487997447
081_coauthor_left_not_right_kna_t2_rep1,231,1,left_not_right,,2,2,64,9,493,1545974725,coauthor,81,1,coauthor:creative:f64a674b006c4fa6adaf1bba48049f6c,0,4936fb6ac60639faa116d3507095f33c425c245b8136b0aac78c80c4935189c1,4e520fc64183ec20614d228f86a92302ba20a2504a7e0947e74fb10b250e6d6b,success,,256.0,256.0,256.0,False,,model_loaded,12.309285631999956,0.3439697330031777,0.11188185399805661,0.4558515870012343,0.4558515870012343,376,1348,22213,13296516,248320,"{""allowed_count"": 248067, ""expected_count"": 248067, ""missing_expected"": [], ""ok"": true, ""stop_token_ids"": [248046], ""unexpected_allowed"": []}",2.898463899997296,xgrammar,0.6448798019991955,2.2471918429946527,151,64,"[760, 20513, 303, 279, 25852, 369, 10424, 11, 10548, 1132, 539, 279, 3238, 2696, 314, 279, 65690, 12346, 27425, 4519, 383, 13, 1577, 279, 1118, 3899, 314, 678, 3725, 638, 20861, 1083, 1593, 11, 488, 12706, 488, 7386, 914, 1066, 264, 85572, 26, 488, 513, 279, 4779, 4924, 11, 9476, 303, 264, 7143, 33439, 421, 682, 874, 809, 13, 271, 93880, 22857, 321, 248046]","The silence in the theater is absolute, broken only by the low hum of the projector lights flickering on. As the first frame of your future self slides into view, you realize you aren't just a spectator; you are the memory itself, stored in a digital vault that has no end.

Suddenly secrets and<|im_end|>",True,3797668352,7.032567126996582
082_coauthor_left_not_right_kna_t3_rep1,232,2,left_not_right,,3,2,64,12,678,813384807,coauthor,82,1,coauthor:creative:6938b4a468aa482ba459d2fbe140cb30,0,f8dbf627e17e41aa286c8ff085d12d13dd59d472b54c8452ad270048e3037865,3832c545706caad478b2113edb7bc0a8125138183725d8e21d005a7237fe5158,success,,256.0,256.0,256.0,False,,model_loaded,12.665223958989372,0.3349534799926914,0.17503612898872234,0.5099896089814138,0.5099896089814138,562,2571,42184,32026134,248320,"{""allowed_count"": 248067, ""expected_count"": 248067, ""missing_expected"": [], ""ok"": true, ""stop_token_ids"": [248046], ""unexpected_allowed"": []}",2.879320143998484,xgrammar,0.6253396199899726,2.224050339005771,273,64,"[760, 569, 12355, 310, 279, 328, 38819, 6387, 1, 49755, 2222, 557, 1442, 777, 84984, 1056, 279, 3672, 13, 1577, 279, 31242, 998, 10144, 11, 1208, 3727, 12910, 836, 1765, 60637, 303, 39147, 11, 836, 22589, 88818, 9781, 13, 561, 8415, 5532, 914, 1066, 883, 3471, 10932, 14164, 26, 424, 557, 883, 279, 7739, 314, 279, 18818, 421, 9047, 310, 61603, 43492, 321, 248046]","The public reaction to the ""Grandpa"" mug change was even more visceral than the others. As the rankings were revealed, people started checking their own reflections in mirrors, their voices trembling slightly. The fear wasn't just about social standing anymore; it was about the depth of the judgment that seemed to penetrate thereafter and<|im_end|>",True,3807088128,7.009046371007571
083_coauthor_left_not_right_kna_t4_rep1,233,3,left_not_right,,4,2,64,15,863,714953310,coauthor,83,1,coauthor:creative:543ec3b66b0c47269e9737a650da21b5,0,899789ce2f89c37497d3e700f41d2206f704f4f4f4e434b9ca83b7ded633863f,dd53d121524f055e1b7af4dda6a34b685684cd9e53ec20db0d0281c6699ae675,success,,256.0,256.0,256.0,False,,model_loaded,12.262828346007154,0.3410434000106761,0.24360570500721224,0.5846491050178884,0.5846491050178884,748,4160,68146,60977106,248320,"{""allowed_count"": 248067, ""expected_count"": 248067, ""missing_expected"": [], ""ok"": true, ""stop_token_ids"": [248046], ""unexpected_allowed"": []}",2.6985248639975907,xgrammar,0.6320683499943698,2.2045736279978883,303,64,"[4639, 51782, 11, 353, 1990, 6512, 279, 67586, 314, 421, 3603, 13, 7183, 430, 449, 6474, 11, 279, 28911, 314, 1024, 65007, 324, 13701, 11, 23414, 264, 14884, 12098, 888, 821, 74426, 13, 1921, 353, 557, 1048, 16323, 17081, 26, 821, 6764, 557, 264, 855, 314, 36534, 7913, 11, 264, 855, 852, 15513, 421, 264, 1623, 579, 3838, 369, 264, 9813, 28886, 321, 248046]","That cruelty, I still hear the echoes of that night. Even as an adult, the trauma of her betrayal lingers, casting a permanent shadow over my worldview. But I was also incredibly lucky; my father was a man of immense strength, a man who understood that a child's mind is a blank dive and<|im_end|>",True,3809437696,6.868847234989516
084_coauthor_left_not_right_kna_t5_rep1,234,4,left_not_right,,5,2,64,18,1048,590089531,coauthor,84,1,coauthor:creative:0886ac6a67c34849a08ccb15134f3407,0,524a6145d213ee94ac29e93cb7e3abef319d2ad6cb25394a687d0b31a814c4cc,ffff64d83014dc000599d4ea5734a9f67f97a332dee1d748aef0044508468b4d,success,,256.0,256.0,256.0,False,,model_loaded,12.811488377992646,0.3403878540120786,0.3205298160028178,0.6609176700148964,0.6609176700148964,934,6115,99916,101774472,248320,"{""allowed_count"": 248067, ""expected_count"": 248067, ""missing_expected"": [], ""ok"": true, ""stop_token_ids"": [248046], ""unexpected_allowed"": []}",2.7283005729987053,xgrammar,0.6168678829999408,2.2850469410041114,273,64,"[760, 13234, 314, 279, 348, 32, 744, 300, 51698, 11961, 264, 25347, 81344, 303, 279, 20513, 314, 279, 916, 74650, 715, 11, 995, 978, 8318, 364, 3979, 364, 264, 1777, 421, 279, 40470, 557, 9149, 3611, 11, 466, 506, 3140, 11, 421, 780, 328, 485, 512, 22967, 1, 557, 264, 1067, 314, 780, 18995, 26944, 13, 3095, 12987, 69794, 579, 34225, 55045, 321, 248046]","The crew of the *Aethelgard*, a vessel drifting in the silence of the interstellar void, had been waiting for hours for a sign that the prisoner was truly human, or at least, that his ""strangeness"" was a result of his alien heritage. When Matt Damon's gaze swapped and<|im_end|>",True,3807088128,7.060855584000819
085_coauthor_left_not_right_kna_t6_rep1,235,5,left_not_right,,6,2,64,21,1233,1810415085,coauthor,85,1,coauthor:creative:1e71cd3d266046fdaeeef386a80a0781,0,1ad87b96cbc615f6f0aacdae1ba045aa325d3c834b877290576f80bb720fab2f,8e3c5cfc93b19dd6d41d50c239afc96b792d83238209de66a73c560a8f87fac1,success,,256.0,256.0,256.0,False,,model_loaded,13.054501595994225,0.3476031320024049,0.4044390509952791,0.752042182997684,0.752042182997684,1120,8436,137494,156043272,248320,"{""allowed_count"": 248067, ""expected_count"": 248067, ""missing_expected"": [], ""ok"": true, ""stop_token_ids"": [248046], ""unexpected_allowed"": []}",2.7182291920034913,xgrammar,0.6350289999973029,2.402068807001342,231,64,"[2053, 279, 3777, 24347, 11, 6725, 3851, 4897, 11, 18473, 11339, 2785, 279, 24561, 11, 279, 1814, 4732, 9047, 310, 14580, 1083, 264, 304, 13226, 11, 1447, 3828, 4022, 13, 561, 33056, 2696, 314, 279, 11247, 579, 31088, 10642, 557, 874, 4860, 1066, 264, 3870, 11639, 26, 424, 557, 264, 89559, 82507, 11717, 314, 10213, 4499, 13, 26482, 11, 279, 3594, 13538, 321, 248046]","As the young volunteer, named Elara, sealed herself within the sphere, the world outside seemed to fade into a hazy, blinding white. The ambient hum of the planet's residual magic was no longer just a background noise; it was a roaring tidal wave of pure potential. Inside, the air grew and<|im_end|>",True,3803265024,7.263333481008885
086_coauthor_left_not_right_kna_t7_rep1,236,6,left_not_right,,7,2,64,24,1418,2038199862,coauthor,86,1,coauthor:creative:01650a401e614c38a04a904165a5784f,0,907cdcebb0edd4fce11b40905b3f281dba2ae99a0b8761e4219a6b63c84740c9,e6c395ee94c7fa43f34459dbc065ab51375b4c78d2b76acf437f00ae516c267b,success,,256.0,256.0,256.0,False,,model_loaded,13.432018074003281,0.3662592600012431,0.4906416689918842,0.8569009289931273,0.8569009289931273,1306,11123,180880,225408546,248320,"{""allowed_count"": 248067, ""expected_count"": 248067, ""missing_expected"": [], ""ok"": true, ""stop_token_ids"": [248046], ""unexpected_allowed"": []}",3.4170727400050964,xgrammar,0.6259995639993576,2.2437122120027198,232,64,"[760, 12999, 22294, 44452, 264, 25888, 3438, 41586, 3460, 11, 264, 23772, 58885, 314, 264, 539, 44079, 11057, 1332, 279, 28241, 1881, 3611, 2199, 557, 264, 4766, 314, 17003, 27534, 18356, 13, 26482, 11, 279, 3594, 369, 48659, 11, 45002, 539, 264, 20738, 13427, 11, 92685, 314, 38936, 9114, 11, 22316, 360, 11, 279, 36334, 39029, 314, 73823, 494, 279, 2235, 13159, 321, 248046]","The cabin sits atop a jagged cliff face, a forgotten relic of a bygone era where the distinction between human life was a matter of mere statistical probability. Inside, the air is stale, recycled by a failing generator, smelling of damp earth, mildew, the faint scent of ozone from the old garden and<|im_end|>",True,3803342848,7.922186156996759
087_coauthor_left_not_right_kna_t8_rep1,237,7,left_not_right,,8,2,64,27,1603,400805508,coauthor,87,1,coauthor:creative:a373cb5e0c8f46e5bcbdcbd8ddac8227,0,d659ea0c52ae231dbae7779cd2005c7426164dabb058642f83d6b2d61a2a069a,fd18e1c891517f6cd9bed7f2c05f3c31fee4b8595685b8d0c42fc85c059bdcf0,success,,256.0,256.0,256.0,False,,model_loaded,12.920640711992746,0.3586688789946493,0.5927471229952062,0.9514160019898554,0.9514160019898554,1492,14176,230074,311495334,248320,"{""allowed_count"": 248067, ""expected_count"": 248067, ""missing_expected"": [], ""ok"": true, ""stop_token_ids"": [248046], ""unexpected_allowed"": []}",2.9496010019938694,xgrammar,0.6344690900004935,2.2055920980055816,303,64,"[760, 52489, 369, 16724, 11, 13522, 11, 694, 67247, 1572, 6909, 13, 1049, 10751, 1040, 264, 15706, 13280, 54279, 998, 23540, 534, 15793, 821, 1546, 6007, 11, 524, 1066, 821, 6574, 13, 2921, 4593, 304, 40667, 2272, 821, 53295, 1040, 264, 29592, 11619, 11, 694, 279, 6437, 682, 264, 42250, 4131, 310, 424, 13, 1049, 4290, 914, 279, 6437, 314, 10577, 25282, 321, 248046]","The sting is sharp, immediate, but strangely numbing. It feels like a thousand tiny needles were simultaneously pricking my very core, not just my skin. My heart hammers against my ribs like a trapped bird, but the pain has a peculiar quality to it. It isn't the pain of injury cure and<|im_end|>",True,3809437696,7.5045476390077965
088_coauthor_left_not_right_kna_t9_rep1,238,8,left_not_right,,9,2,64,30,1788,1735353644,coauthor,88,1,coauthor:creative:b3a1b8cfb7d94eb3a615600d440a0bc1,0,4e1aa6190da92be1ecf0ce8c4b58a917e5eb5f418ffb6e62b588bd539a708786,af9dfd63c6e4aee335b79a2ded4042823c49011f330a775488b63e9e1145a737,success,,256.0,256.0,256.0,False,,model_loaded,13.12985630100593,0.36951792499166913,0.6947771940031089,1.064295118994778,1.064295118994778,1678,17595,286724,415928676,248320,"{""allowed_count"": 248067, ""expected_count"": 248067, ""missing_expected"": [], ""ok"": true, ""stop_token_ids"": [248046], ""unexpected_allowed"": []}",2.8457766200008336,xgrammar,0.6217135680053616,2.268795307012624,158,64,"[35, 327, 579, 599, 874, 4374, 1204, 310, 3579, 411, 7578, 8876, 314, 46224, 13, 561, 11057, 1332, 264, 855, 579, 5621, 557, 4364, 20417, 539, 780, 5548, 310, 8418, 430, 279, 16233, 11315, 369, 5326, 4840, 310, 449, 809, 13, 1690, 10476, 11, 279, 328, 2324, 37501, 31448, 1, 49755, 557, 264, 7489, 314, 10872, 11, 264, 23213, 314, 15210, 21118, 321, 248046]","Dad's have no idea how to handle this growing trend of judgement. The era where a man's worth was defined solely by his ability to serve as the ultimate judge is finally coming to an end. For decades, the ""All-Star Dad"" mug was a symbol of authority, a badge of honor trusted and<|im_end|>",True,3797754368,7.557137880008668
089_coauthor_left_not_right_kna_t10_rep1,239,9,left_not_right,,10,2,64,33,1973,1864851287,coauthor,89,1,coauthor:creative:d99c239ccb2841f6bfe743f865126332,0,fc144d6ecdd7994ca10e12fe7948f5459f45f44fd47d959148e716473280c9ef,aa4022d74648cb423d668b8f0c3bef00e9d789720cf9ab7e5b54de42e7735c70,success,,256.0,256.0,256.0,False,,model_loaded,12.859862876997795,0.37034068400680553,0.8105647000047611,1.1809053840115666,1.1809053840115666,1864,21380,348948,540333612,248320,"{""allowed_count"": 248067, ""expected_count"": 248067, ""missing_expected"": [], ""ok"": true, ""stop_token_ids"": [248046], ""unexpected_allowed"": []}",2.7752388789958786,xgrammar,0.6062479390093358,2.258200954005588,122,64,"[760, 30557, 304, 81201, 303, 279, 44141, 314, 264, 2957, 2294, 9282, 1181, 3177, 11, 279, 12515, 1381, 264, 40613, 3920, 24142, 440, 279, 61364, 58556, 314, 59753, 82510, 468, 13, 2302, 14217, 1518, 279, 93493, 11, 83345, 1559, 45545, 314, 279, 18995, 67473, 11, 264, 5759, 421, 995, 2957, 978, 264, 49577, 314, 8649, 1518, 279, 1534, 19200, 13, 1690, 3184, 321, 248046]","The survivors huddled in the ruins of a once-glorious city, the sky now a bruised purple with the lingering scars of planetary bombardment. They stood before the colossal, humming monolith of the alien fortress, a structure that had once been a beacon of peace before the final engagement. For tell and<|im_end|>",True,3797308416,7.586421119995066
090_coauthor_left_not_right_kna_t11_rep1,240,10,left_not_right,,11,2,64,36,2158,1927732778,coauthor,90,1,coauthor:creative:d1aad60e3f7f4dd68721bfd157247a99,0,f504de02c665f2894d35f149c919de1cd0d69ff709cc82eded36fc24288ff416,53993bc307b94894c317c253256b46d47ec7f1353cb89ae673d3ebb91d75e4d7,success,,256.0,256.0,256.0,False,,model_loaded,13.439636957991752,0.39937911900051404,0.9277414380048867,1.3271205570054008,1.3271205570054008,2050,25531,417826,686335182,248320,"{""allowed_count"": 248067, ""expected_count"": 248067, ""missing_expected"": [], ""ok"": true, ""stop_token_ids"": [248046], ""unexpected_allowed"": []}",2.787333269006922,xgrammar,0.6285293839900987,2.2010346689930884,232,64,"[6651, 998, 21219, 4574, 2218, 76, 41427, 391, 10727, 11, 26201, 4694, 35190, 506, 264, 2184, 24509, 4238, 11, 3482, 36288, 13136, 1657, 13, 10643, 6213, 11, 2957, 9668, 279, 50240, 5596, 314, 264, 3777, 2199, 11, 995, 6316, 264, 9766, 11, 632, 1956, 15275, 11, 45092, 5983, 13, 2302, 14428, 440, 264, 20808, 11, 292, 78498, 338, 1269, 11, 836, 4092, 321, 248046]","They were physically perfect—molecularly efficient, metabolizing nutrients at a superhuman rate, yet utterly soulless. Their eyes, once holding the chaotic wonder of a young life, had turned a flat, unblinking, neon green. They walked with a synchronized, bouncy gait, their age and<|im_end|>",True,3803342848,7.717202689993428
091_coauthor_left_not_right_kna_t12_rep1,241,11,left_not_right,,12,2,64,39,2343,314198940,coauthor,91,1,coauthor:creative:dc2078ed9a2d4ebd84853c014639bd1f,0,513bdf842ae21f67c8b4918519ea0f1d156191d7b6ded4908177e5c0b706d7cf,30fcc2d3ccc23107fd298047f0bf6bbca55d5db37971fbb3ef0c0a7bb4e937f3,success,,256.0,256.0,256.0,False,,model_loaded,13.551526864001062,0.4093060470040655,1.063246921999962,1.4725529690040275,1.4725529690040275,2236,30048,492878,855558426,248320,"{""allowed_count"": 248067, ""expected_count"": 248067, ""missing_expected"": [], ""ok"": true, ""stop_token_ids"": [248046], ""unexpected_allowed"": []}",2.8074539369990816,xgrammar,0.6235128620028263,2.168182492008782,428,64,"[760, 48902, 369, 4409, 72860, 25, 279, 11472, 11, 852, 2957, 5898, 264, 7655, 314, 33576, 12177, 310, 279, 1814, 11, 513, 1381, 279, 5981, 1602, 5898, 836, 1765, 8464, 13, 2302, 599, 29123, 279, 3725, 314, 21265, 364, 264, 92043, 11, 632, 55667, 4299, 314, 41680, 11, 9101, 4661, 264, 9191, 314, 1208, 852, 513, 21219, 1566, 16760, 1345, 836, 6621, 321, 248046]","The irony is almost poetic: the researchers, who once sold a dream of eternal youth to the world, are now the ones being sold their own reality. They have traded the future of humanity for a fleeting, unearned moment of prosperity, leaving behind a generation of people who are physically decaying while their patients and<|im_end|>",True,3820295168,7.853040956993937
092_coauthor_left_not_right_kna_t13_rep1,242,12,left_not_right,,13,2,64,42,2528,561905364,coauthor,92,1,coauthor:creative:767134bda38047aab8a6fa3221b6880e,0,4f040c0dd3681e804dbb95c6bcc5c0c9bc40547fc8c81619a538aa1570fbb291,a6acb0e80bc5e33f0f74277aa92a28664949fd22d59d5623aee2cecaa45d0de5,success,,256.0,256.0,256.0,False,,model_loaded,13.599301342997933,0.4406144250096986,1.2134028599975863,1.654017285007285,1.654017285007285,2422,34931,574104,1049628384,248320,"{""allowed_count"": 248067, ""expected_count"": 248067, ""missing_expected"": [], ""ok"": true, ""stop_token_ids"": [248046], ""unexpected_allowed"": []}",2.8079858099954436,xgrammar,0.6090041819988983,2.279008582001552,371,64,"[760, 11712, 1881, 279, 1330, 46064, 4970, 77819, 1083, 264, 3980, 314, 85814, 11, 8388, 86499, 279, 2235, 24146, 1881, 37129, 694, 1381, 19839, 888, 279, 1546, 13136, 314, 279, 9140, 13, 3648, 3008, 11, 5879, 539, 279, 14114, 1612, 11, 17736, 421, 279, 56925, 22191, 557, 264, 79496, 854, 12398, 421, 21265, 1362, 524, 9652, 310, 92746, 11, 77748, 421, 12737, 321, 248046]","The conflict between the two factions soon escalated into a war of ideologies, mirroring the old wars between tribes but now fought over the very soul of the species. One side, led by the Purists, argued that the Collective Mind was a ticking time bomb that humanity could not afford to amplify, fearing that killing and<|im_end|>",True,3815299584,8.091418807991431
093_coauthor_left_not_right_kna_t14_rep1,243,13,left_not_right,,14,2,64,45,2713,2014808911,coauthor,93,1,coauthor:creative:374e55af5f8642bdb6134332a8c6bc20,0,86d07402414eb83105d906ef4f5342b55fb55fb252f74c55b862ef3b9799fa14,776d83c8e3511caafd1397f7dfc5084a837a4fbb86c1831b8d46ba2476a85ab2,success,,256.0,256.0,256.0,False,,model_loaded,13.948450231997413,0.4045667580066947,1.3490841900056694,1.753650948012364,1.753650948012364,2608,40180,661504,1270170096,248320,"{""allowed_count"": 248067, ""expected_count"": 248067, ""missing_expected"": [], ""ok"": true, ""stop_token_ids"": [248046], ""unexpected_allowed"": []}",2.7418511289870366,xgrammar,0.6200179900042713,2.2105782339931466,411,64,"[760, 20513, 421, 7854, 279, 24277, 557, 524, 279, 8545, 20513, 314, 264, 22559, 8902, 11, 694, 264, 39888, 11, 10424, 11012, 13, 561, 8026, 1332, 279, 63298, 3838, 995, 978, 85317, 14413, 3804, 6121, 11, 430, 413, 279, 4307, 24086, 995, 978, 495, 57863, 303, 264, 3074, 11155, 13, 271, 2381, 279, 1118, 854, 303, 5600, 1578, 11, 21265, 557, 9149, 321, 248046]","The silence that followed the injection was not the heavy silence of a defeated enemy, but a terrifying, absolute quiet. The ship where the hive mind had been dormant suddenly went dark, as if the entire consciousness had been exhaled in a single breath.

For the first time in ten years, humanity was truly and<|im_end|>",True,3818962432,8.070324272994185
094_coauthor_left_not_right_kna_t15_rep1,244,14,left_not_right,,15,2,64,48,2898,553398889,coauthor,94,1,coauthor:creative:6e886e695d98418e9eaca62a07bcef02,0,abadf099a53e8aca2eeb7c7a7eb0a609229acf8aa85ee208c8cd35dd6b793924,73f860b663a7d0bf814f4e2251f10dbc4142d870a634538669416cb3517c6574,success,,256.0,256.0,256.0,False,,model_loaded,15.05497881899646,0.44589617200836074,1.5129959280020557,1.9588921000104165,1.9588921000104165,2794,45795,755078,1518808602,248320,"{""allowed_count"": 248067, ""expected_count"": 248067, ""missing_expected"": [], ""ok"": true, ""stop_token_ids"": [248046], ""unexpected_allowed"": []}",2.7062450719968183,xgrammar,0.6356135679961881,2.20017646800261,205,64,"[760, 2279, 20193, 2696, 82, 440, 264, 3238, 11, 74862, 46219, 11, 279, 2696, 421, 12987, 69794, 43217, 494, 780, 1765, 95318, 4998, 506, 279, 13626, 13, 1216, 51185, 780, 5888, 2272, 279, 46961, 8720, 11, 4313, 310, 4336, 279, 8008, 314, 8415, 680, 314, 780, 14697, 13, 561, 18995, 11, 264, 83702, 6851, 314, 12098, 88, 4649, 11, 82868, 303, 6079, 321, 248046]","The powerplant hums with a low, oppressive vibration, the hum that Matt Damon recognizes from his own cramped office at the studio. He presses his hands against the reinforced glass, trying to push the feeling of fear out of his chest. The alien, a towering figure of shadowy energy, pauses in military and<|im_end|>",True,3801226240,8.295069123007124
095_coauthor_left_not_right_kna_t16_rep1,245,15,left_not_right,,16,2,64,51,3083,117592634,coauthor,95,1,coauthor:creative:dad69fc8dcfb4971abbe3d4013bfc6ce,0,2608951be840ca985a5fddc9082d8562fac1df6bd4c354972dbed698e71d85fe,30a937203a812a2de4725a3b8efae0356d79126c6cd26a7c1d51a86482533891,success,,256.0,256.0,256.0,False,,model_loaded,15.259903063997626,0.4707932129967958,1.7247843950026436,2.1955776079994394,2.1955776079994394,2980,51776,854826,1797168942,248320,"{""allowed_count"": 248067, ""expected_count"": 248067, ""missing_expected"": [], ""ok"": true, ""stop_token_ids"": [248046], ""unexpected_allowed"": []}",2.732629845995689,xgrammar,0.7488481009932002,2.2381533379957546,166,64,"[43, 663, 6661, 421, 413, 551, 9149, 11252, 303, 264, 21583, 11, 551, 1000, 599, 4284, 1396, 6429, 310, 16300, 310, 1141, 13486, 13, 11746, 11, 780, 5975, 998, 15749, 539, 264, 26508, 11, 4409, 58609, 1144, 310, 58562, 279, 6437, 551, 6273, 11, 6187, 310, 264, 2199, 314, 638, 1284, 62558, 21223, 421, 551, 11252, 557, 279, 1132, 1560, 310, 5894, 321, 248046]","Lance knew that if he truly believed in a heaven, he would have taken every opportunity to contribute to its existence. Instead, his actions were driven by a desperate, almost irrational need to alleviate the pain he felt, leading to a life of self-sacrifice that he believed was the only way to sleep and<|im_end|>",True,3797852672,8.719851193003706
096_coauthor_sets_differ_kna_t1_rep1,246,0,sets_differ,,1,2,64,7,432,1122122241,coauthor,96,1,coauthor:creative:5ff4b3f9999047f6858c878df9638bc3,0,ad96e96648c32fda5671dc16d0b95b6093813ed4341e89688f3e248b82721dce,1e6ab16664d2599d22e05d607fd64acba26bb3e2ae4c95203d919aa9fe6933ff,success,,256.0,256.0,256.0,False,,model_loaded,12.506165335988044,0.3343390689988155,0.09301637001044583,0.4273554390092613,0.4273554390092613,314,982,16210,9077791,248320,"{""allowed_count"": 248068, ""expected_count"": 248068, ""missing_expected"": [], ""ok"": true, ""stop_token_ids"": [248046], ""unexpected_allowed"": []}",2.830608610995114,xgrammar,0.6341591850068653,2.2495783640042646,105,64,"[26093, 4196, 4843, 14016, 11, 660, 279, 16185, 314, 279, 1814, 7003, 310, 220, 20, 15, 1578, 314, 7077, 29310, 494, 799, 2361, 303, 1906, 310, 5190, 4945, 24979, 13, 220, 20, 15, 1578, 2843, 11, 279, 3516, 4042, 3905, 680, 314, 57962, 11, 1132, 310, 3827, 421, 874, 799, 745, 3804, 1083, 29310, 13, 8439, 279, 533, 782, 13, 2582, 321, 12779, 248046]","Following World War III, all the nations of the world agreed to 50 years of strict isolation from one another in order to prevent additional conflicts. 50 years later, the United States comes out of exile, only to learn that no one else went into isolation. Since the U.S. already and circumstances<|im_end|>",True,3797099520,6.918146044990863
097_coauthor_sets_differ_kna_t2_rep1,247,1,sets_differ,,2,2,64,12,679,2048344142,coauthor,97,1,coauthor:creative:1da7eb35b68842dc9b5017abaf1359d4,0,f5c94279f14a63f998e4d10a2832ccbf04320483e6122794d10ec617eae0a463,ed1aceb5c01e13fc08d142c052a92b479273b4c0a17664c1ae12eb896666964e,success,,256.0,256.0,256.0,False,,model_loaded,12.7650189660053,0.315756379000959,0.17298006200871896,0.48873644100967795,0.48873644100967795,562,2268,37545,31599860,248320,"{""allowed_count"": 248068, ""expected_count"": 248068, ""missing_expected"": [], ""ok"": true, ""stop_token_ids"": [248046], ""unexpected_allowed"": []}",2.898586779992911,xgrammar,0.5850139649992343,2.252436551003484,145,64,"[760, 6331, 682, 77819, 1083, 264, 569, 4159, 36561, 13, 9492, 3561, 14960, 599, 7795, 1083, 48449, 430, 3719, 17198, 279, 33254, 440, 79038, 1040, 187113, 35, 327, 4684, 2225, 332, 321, 187113, 91505, 1597, 5198, 11975, 289, 159034, 21983, 33547, 11, 2583, 4588, 44954, 321, 24110, 32620, 11, 599, 978, 2512, 680, 364, 1602, 328, 4104, 751, 14940, 2565, 20364, 1288, 19742, 248046]","The situation has escalated into a public relations nightmare. Social media platforms have gone into lockdown as users flood the feeds with hashtags like **#DadDisaster** and **#RankedAtTopMillion**. Celebrities, including former presidents and Olympic champions, have been called out for being ""disproportionately ranked,"" petition<|im_end|>",True,3797594624,7.068720440991456
098_coauthor_sets_differ_kna_t3_rep1,248,2,sets_differ,,3,2,64,16,926,723810668,coauthor,98,1,coauthor:creative:a09cbbf5323a4bd2aa5a2ae775258c38,0,e4a4b06a888d64bbcfc7411fbacb897ed77b0abfb465fe65ecf4d6b37a3afa82,66adde4f3ca7220d5004d5c6ef0050275bcae6d6179ba9877b44171fff57840e,success,,256.0,256.0,256.0,False,,model_loaded,14.08241393599019,0.3597011200035922,0.26330513900029473,0.623006259003887,0.623006259003887,810,4042,66992,70820752,248320,"{""allowed_count"": 248068, ""expected_count"": 248068, ""missing_expected"": [], ""ok"": true, ""stop_token_ids"": [248046], ""unexpected_allowed"": []}",2.8754729049978778,xgrammar,0.6525742560043,2.208672844004468,90,64,"[3833, 1834, 11, 279, 35091, 314, 780, 2199, 995, 6379, 53507, 13, 1049, 5532, 914, 264, 10647, 23439, 314, 26052, 11, 694, 264, 6103, 11, 8229, 499, 1060, 55090, 314, 4156, 551, 3272, 551, 6661, 13, 561, 1560, 279, 3000, 4062, 279, 62170, 5324, 948, 1292, 2047, 279, 4599, 26, 279, 3050, 59505, 314, 279, 8329, 37462, 579, 16488, 9047, 310, 321, 6345, 248046]","One day, the rhythm of his life had completely shattered. It wasn't a sudden explosion of chaos, but a slow, suffocating erosion of everything he thought he knew. The way the light hit the pavement changed when she left the building; the specific melody of the street musician's guitar seemed to and photo<|im_end|>",True,3796915200,7.1892020189989125
099_coauthor_sets_differ_kna_t4_rep1,249,3,sets_differ,,4,2,64,20,1173,995926839,coauthor,99,1,coauthor:creative:e81d6b763cc44618a315a087b3ff155c,0,e86e6264121dc08146773159618256960efaeb3cbac4184afc636513aa4681ae,259a689c8093e052b58c12bc3eeafd52c1a8fc02ab1f20d42194e60424a602e9,success,,256.0,256.0,256.0,False,,model_loaded,13.025323510999442,0.3673248760023853,0.3631902950000949,0.7305151710024802,0.7305151710024802,1058,6304,104183,129633331,248320,"{""allowed_count"": 248068, ""expected_count"": 248068, ""missing_expected"": [], ""ok"": true, ""stop_token_ids"": [248046], ""unexpected_allowed"": []}",2.75522110699967,xgrammar,0.6581575770105701,2.200396013999125,452,64,"[4272, 1381, 421, 488, 2908, 978, 9799, 678, 3162, 2199, 11, 488, 12706, 421, 424, 579, 854, 310, 708, 1142, 303, 13, 561, 62479, 6136, 3070, 914, 1066, 1432, 680, 364, 488, 26, 424, 50110, 49231, 11, 71456, 286, 279, 14145, 314, 678, 13486, 310, 1420, 279, 67266, 6043, 314, 678, 11125, 383, 279, 1814, 7551, 678, 13522, 12307, 13, 1577, 26281, 321, 248046]","So now that you've been watching your past life, you realize that it's time to go back in. The cinematic loop doesn't just play out for you; it expands outward, unraveling the threads of your existence to show the ripple effects of your choices on the world beyond your immediate circle. As profound and<|im_end|>",True,3822704640,7.14509777299827
100_coauthor_sets_differ_kna_t5_rep1,250,4,sets_differ,,5,2,64,24,1420,233422806,coauthor,100,1,coauthor:creative:749e032914384e4da8f2392a19066b89,0,0db2b3e9b37e8ef72cc8dd18e8183164621498340cf43d6ae40d23b21c4bb67a,8afec0bdef5eca0f1c6ebe543495c821dcd5d98b58c631843a5277dd23175a2f,success,,256.0,256.0,256.0,False,,model_loaded,12.806141231005313,0.3657974029920297,0.4718818179972004,0.8376792209892301,0.8376792209892301,1306,9054,149118,210930461,248320,"{""allowed_count"": 248068, ""expected_count"": 248068, ""missing_expected"": [], ""ok"": true, ""stop_token_ids"": [248046], ""unexpected_allowed"": []}",2.659406286999001,xgrammar,0.6447425060032401,2.192122004009434,254,64,"[42865, 91142, 506, 279, 3460, 314, 279, 855, 303, 279, 51722, 11, 780, 11155, 31973, 303, 780, 26696, 13, 328, 41, 26132, 7285, 551, 85111, 11, 780, 7497, 88818, 13, 328, 2523, 1076, 488, 2224, 13282, 30, 353, 3272, 488, 998, 5418, 8687, 271, 760, 855, 11, 852, 5686, 47002, 1040, 279, 4588, 4614, 694, 369, 9077, 264, 2086, 1637, 303, 321, 9539, 248046]","Obama stares at the face of the man in the wheelchair, his breath catching in his throat. ""JFK?"" he whispers, his voice trembling. ""You... you're alive? I thought you were dead!""

The man, who looks remarkably like the former president but is clearly a different person in and willing<|im_end|>",True,3805068800,7.143868355007726
101_coauthor_sets_differ_kna_t6_rep1,251,5,sets_differ,,6,2,64,28,1667,31228033,coauthor,101,1,coauthor:creative:9a29f841869a4fd98cf358da50f4a340,0,8200fa3540db053348f7f39b17052c260e4a69273b9fe839f726b229f16a8ffe,ab7ea6a0ee58c96ec842ad2320e45078b6b19239338a215b6f9dbd5a4e59f0fa,success,,256.0,256.0,256.0,False,,model_loaded,12.781215816998156,0.3681301480100956,0.5899583119899035,0.958088459999999,0.958088459999999,1554,12292,201797,317605006,248320,"{""allowed_count"": 248068, ""expected_count"": 248068, ""missing_expected"": [], ""ok"": true, ""stop_token_ids"": [248046], ""unexpected_allowed"": []}",2.8639732299925527,xgrammar,0.6169758139876649,2.199095182993915,553,64,"[760, 47077, 4062, 728, 440, 279, 5176, 314, 264, 6745, 11894, 13, 1368, 411, 557, 264, 18465, 11, 1179, 279, 5522, 353, 995, 1066, 14936, 21010, 799, 1332, 821, 2199, 73096, 303, 62479, 7472, 440, 8906, 1559, 1553, 1101, 2218, 15648, 1066, 264, 37200, 13, 357, 5148, 13, 357, 6868, 13, 271, 40, 6749, 2094, 279, 25852, 11, 12910, 279, 22730, 321, 6228, 248046]","The realization hit me with the force of a physical blow. If this was a simulation, then the movie I had just watched—the one where my life unfolded in cinematic detail with inner monologues—was just a backdrop. A script. A plot.

I looked around the theater, checking the corners and stage<|im_end|>",True,3831153664,7.4043223909975495
102_coauthor_sets_differ_kna_t7_rep1,252,6,sets_differ,,7,2,64,32,1914,457634185,coauthor,102,1,coauthor:creative:947065accb8b402c98fb2aa62a497842,0,9417511a9c265851894bbb76bb8faa6a652ebbc62fa44742d8ddd98882befa21,d75979579a6c938c0081176546ec08252bbbb08b3a78ea0b80e58965107d5e57,success,,256.0,256.0,256.0,False,,model_loaded,13.293502850996447,0.3796901650057407,0.7175381879933411,1.0972283529990818,1.0972283529990818,1802,16018,262220,452549830,248320,"{""allowed_count"": 248068, ""expected_count"": 248068, ""missing_expected"": [], ""ok"": true, ""stop_token_ids"": [248046], ""unexpected_allowed"": []}",2.8891021629970055,xgrammar,0.64253726300376,2.2627638499980094,347,64,"[7525, 4593, 62062, 506, 279, 47077, 421, 279, 38152, 14290, 914, 1066, 21496, 488, 494, 279, 52489, 26, 781, 998, 3404, 74754, 310, 4397, 13, 561, 12313, 11, 488, 14607, 11, 995, 68117, 279, 304, 1821, 440, 264, 11153, 6311, 421, 1801, 1070, 12293, 1040, 23083, 11, 20260, 279, 24924, 27906, 364, 279, 27000, 321, 279, 79905, 13, 271, 30277, 628, 914, 3184, 248046]","Your heart sank at the realization that the bees weren't just protecting you from the sting; they were actually starving to death. The humans, you realized, had poisoned the hives with a chemical mix that made them taste like ash, rendering the honey useless for the queen and the larvae.

""They can't tell<|im_end|>",True,3813416448,7.693201988004148
103_coauthor_sets_differ_kna_t8_rep1,253,7,sets_differ,,8,2,64,36,2161,388848176,coauthor,103,1,coauthor:creative:1e6ecfa3fa7c4fd7ad7c10470546f654,0,1a6546a5ea45a6b24bb24576eb927e82d6aebe2b905ac0bad52e1b2c736105b6,4ef6e6ed1e827681d92d9c58f60bd6180579c15bb8b3f8b5db86406071e1bfbe,success,,256.0,256.0,256.0,False,,model_loaded,13.999898591006058,0.39674766700773034,0.8805729849991621,1.2773206520068925,1.2773206520068925,2050,20232,330387,618657797,248320,"{""allowed_count"": 248068, ""expected_count"": 248068, ""missing_expected"": [], ""ok"": true, ""stop_token_ids"": [248046], ""unexpected_allowed"": []}",3.035655174011481,xgrammar,0.6468609519943129,2.2537520180048887,95,64,"[760, 7497, 383, 279, 975, 809, 369, 18717, 11, 4409, 16453, 630, 10980, 10558, 11, 30043, 279, 17621, 269, 314, 4092, 13, 328, 11924, 13, 4642, 1288, 279, 7497, 2640, 11, 328, 40, 599, 978, 8318, 364, 678, 1562, 2394, 1518, 37119, 13, 1394, 513, 4808, 883, 279, 24024, 13, 1394, 599, 7157, 34227, 1578, 5214, 303, 264, 18465, 11, 32863, 321, 9799, 248046]","The voice on the other end is calm, almost unnervingly smooth, lacking the tremor of age. ""Mr. President,"" the voice says, ""I have been waiting for your call since before dawn. You are wrong about the timeline. You have spent forty years living in a simulation, believing and watching<|im_end|>",True,3796976640,7.977753516999655
104_coauthor_sets_differ_kna_t9_rep1,254,8,sets_differ,,9,2,64,40,2408,73890030,coauthor,104,1,coauthor:creative:4d44dbfbf4b34c8a9e28065b836b5893,0,25322fadc5a2f82f70190c7284b992b28eb2aae009c5e11235d8c2e48298fa6e,d4fef046ee02fb414b48ad0f6f03c536c1eb22c5d92b0c8201892b196f2780f6,success,,256.0,256.0,256.0,False,,model_loaded,13.827484223002102,0.40869383099197876,1.0376859389944002,1.446379769986379,1.446379769986379,2298,24934,408556,818821771,248320,"{""allowed_count"": 248068, ""expected_count"": 248068, ""missing_expected"": [], ""ok"": true, ""stop_token_ids"": [248046], ""unexpected_allowed"": []}",3.068281918007415,xgrammar,0.6452214040036779,2.2017566120048286,259,64,"[760, 20513, 421, 7854, 279, 13722, 557, 42371, 1056, 279, 20513, 314, 264, 59601, 13, 26482, 279, 6121, 6546, 5214, 2956, 11, 279, 3594, 9047, 310, 343, 41670, 440, 279, 22770, 314, 264, 2956, 9668, 1141, 11155, 13, 561, 13443, 12636, 11, 79902, 303, 37365, 14034, 11, 7481, 47733, 11, 836, 6213, 15588, 383, 279, 3565, 8026, 66286, 1066, 3294, 279, 38106, 321, 248046]","The silence that followed the knock was heavier than the silence of a kidnapping. Inside the darkened living room, the air seemed to vibrate with the tension of a room holding its breath. The FBI agents, clad in tactical gear, moved silently, their eyes locked on the black ship hovering just above the fireplace and<|im_end|>",True,3805988864,8.188247451995267
105_coauthor_sets_differ_kna_t10_rep1,255,9,sets_differ,,10,2,64,44,2655,910446593,coauthor,105,1,coauthor:creative:76c3366d06584c42b5c0d1af41b63ccb,0,e17f55ceeee2fe53cfc47595b34a09243a6097df4b991e7064554f51ff8adc58,b090d487d372cd1e324b0a978af14fd4a52539f587c9e90617a7896a762bd78d,success,,256.0,256.0,256.0,False,,model_loaded,13.830970573995728,0.4053457390109543,1.2123255249898648,1.617671264000819,1.617671264000819,2546,30124,494977,1055934616,248320,"{""allowed_count"": 248068, ""expected_count"": 248068, ""missing_expected"": [], ""ok"": true, ""stop_token_ids"": [248046], ""unexpected_allowed"": []}",2.7715327580081066,xgrammar,0.6575418819993502,2.191873903007945,258,64,"[7691, 6426, 310, 1236, 1024, 1118, 3166, 524, 440, 264, 61822, 11, 694, 440, 264, 21333, 3296, 13, 328, 12675, 1288, 1292, 1018, 11, 6236, 780, 34225, 7435, 383, 13, 328, 40, 1366, 488, 1459, 914, 1353, 6681, 1040, 728, 11, 694, 488, 2714, 310, 381, 279, 1379, 6821, 1637, 353, 2908, 2197, 3242, 13, 8448, 488, 264, 2612, 314, 264, 11107, 321, 248046]","She decided to make her first move not with a disguise, but with a genuine question. ""Hi,"" she said, meeting his gaze straight on. ""I know you don't look exactly like me, but you seem to be the most interesting person I've met today. Are you a bit of a walking and<|im_end|>",True,3805911040,8.00978900899645
106_coauthor_both_sides_kna_t1_rep1,256,0,both_sides,,1,2,64,6,364,1595653920,coauthor,106,1,coauthor:creative:6861c7f0f19645ffb563275d11fad363,0,1ce8ddee49c83f58bd1892c8365c6e924703cf9df94d73cf60fcbdfe3559e653,ecdc1b074102483916537f270854488679a4de17303cc165bdfdfefc5cf78b4f,success,,256.0,256.0,256.0,False,,model_loaded,12.759032292000484,0.3300159399950644,0.07338306900055613,0.40339900899562053,0.40339900899562053,248,724,12415,5626739,248320,"{""allowed_count"": 248067, ""expected_count"": 248067, ""missing_expected"": [], ""ok"": true, ""stop_token_ids"": [248046], ""unexpected_allowed"": []}",3.099035970008117,xgrammar,0.6249617410067003,2.218096972996136,101,64,"[760, 220, 24, 17, 302, 2545, 22952, 11, 3322, 6408, 33250, 314, 264, 2172, 6414, 10172, 5365, 23221, 279, 2235, 36620, 13245, 11, 6426, 310, 3166, 780, 2902, 1017, 13, 1216, 19577, 780, 9376, 18576, 494, 279, 1483, 2342, 2756, 11, 264, 3074, 73541, 314, 15530, 11, 264, 21696, 314, 13671, 11, 264, 24007, 314, 18237, 11, 264, 73541, 314, 28994, 321, 28994, 248046]","The 92nd little pig, having heard rumors of a great gold mine deep beneath the old oak forest, decided to move his family there. He gathered his remaining provisions from the last few days, a single loaf of bread, a jug of milk, a tin of eggs, a loaf of contractor and contractor<|im_end|>",True,3797050368,7.103751143004047
107_coauthor_both_sides_kna_t2_rep1,257,1,both_sides,,2,2,64,10,546,986557597,coauthor,107,1,coauthor:creative:bb89b8b76a9847f9ba0d7e67fc4fc23e,0,be117e9703683be80506301621b0813cca02f6f4fa4d05684084cccb77dea509,2a6cdb20b937347b0abd63a2cd9fd0a1e6ec581fa51d8fbcc235381767990015,success,,256.0,256.0,256.0,False,,model_loaded,12.327950983992196,0.32806622999487445,0.12973032299487386,0.4577965529897483,0.4577965529897483,431,1627,27478,18469771,248320,"{""allowed_count"": 248067, ""expected_count"": 248067, ""missing_expected"": [], ""ok"": true, ""stop_token_ids"": [248046], ""unexpected_allowed"": []}",2.805413010995835,xgrammar,0.6313372909935424,2.2266649489902193,160,64,"[2523, 1366, 421, 411, 14735, 668, 2070, 488, 310, 3756, 2980, 488, 2224, 220, 23, 20, 13, 2844, 579, 264, 4860, 2199, 1056, 1379, 1208, 615, 13, 5788, 279, 3008, 6043, 668, 87987, 506, 421, 4092, 11, 279, 22463, 25027, 314, 2496, 23330, 279, 19565, 17177, 314, 279, 3611, 2876, 21010, 4557, 314, 6655, 11, 279, 29262, 4428, 3838, 11, 58732, 321, 58732, 248046]","You know that this pill will allow you to live until you're 85. That's a longer life than most people get. While the side effects will vanish at that age, the psychological toll of never experiencing the universal decline of the human condition—the loss of hair, the foggy mind, nausea and nausea<|im_end|>",True,3797778944,6.887359469998046
108_coauthor_both_sides_kna_t3_rep1,258,2,both_sides,,3,2,64,13,728,339318600,coauthor,108,1,coauthor:creative:31794aa2de5e40baba2dfa6f59e03d15,0,1f4fb196022c230af3e3e471bef01aef20859ed0a5ea2ccccd0de3adf0cb1d66,05940c8969558c23a42b4439086a642fe8bd60cc3a8af716c7a101a274ce0e36,success,,256.0,256.0,256.0,False,,model_loaded,12.623870164999971,0.33567966098780744,0.1949031609983649,0.5305828219861723,0.5305828219861723,614,2890,48857,40451965,248320,"{""allowed_count"": 248067, ""expected_count"": 248067, ""missing_expected"": [], ""ok"": true, ""stop_token_ids"": [248046], ""unexpected_allowed"": []}",2.8496458439913113,xgrammar,0.6341809989971807,2.212597357996856,496,64,"[760, 716, 557, 264, 27583, 314, 11051, 11, 4022, 11639, 11, 9613, 12346, 11, 279, 2696, 314, 25044, 11, 279, 21388, 314, 7478, 6655, 22186, 11, 8981, 25115, 11, 8799, 25076, 11, 2438, 26950, 11, 246728, 68897, 59215, 11, 17599, 19484, 11, 17599, 19484, 11, 17599, 19484, 13, 271, 3733, 557, 874, 12987, 69794, 13, 2532, 557, 874, 12987, 69794, 1121, 321, 1121, 248046]","The set was a blur of motion, white noise, bright lights, the hum of machinery, the smell of fresh hair spray, cold floors, electric chairs, red carpet, paparazzi flashes, cameras rolling, cameras rolling, cameras rolling.

There was no Matt Damon. There was no Matt Damon act and act<|im_end|>",True,3826153472,7.094353079999564
109_coauthor_both_sides_kna_t4_rep1,259,3,both_sides,,4,2,64,16,910,466499894,coauthor,109,1,coauthor:creative:815f2133a4634d7b88b1697b1f8a5d1e,0,4f1990c3dc2d824dd44347cfd468c8df7b64e9d32cb46f7de90b813ab7ec99db,6d8cbc9e4196e0a9bd6682a1ba74743ddaa2812b19e78baaf2d83b61d4471e63,success,,256.0,256.0,256.0,False,,model_loaded,12.744817155005876,0.33638845800305717,0.26427817800140474,0.6006666360044619,0.6006666360044619,797,4513,75948,73145801,248320,"{""allowed_count"": 248067, ""expected_count"": 248067, ""missing_expected"": [], ""ok"": true, ""stop_token_ids"": [248046], ""unexpected_allowed"": []}",2.7628963600000134,xgrammar,0.6342338839895092,2.2671535310073523,132,64,"[760, 3516, 4042, 11, 1172, 279, 3108, 314, 49956, 417, 15493, 11, 26731, 310, 6327, 660, 279, 11991, 19451, 303, 1906, 310, 1791, 264, 3545, 421, 668, 2404, 1142, 854, 13, 1061, 30713, 3019, 5964, 17773, 1091, 680, 314, 2444, 430, 81132, 46064, 494, 2094, 279, 23170, 2218, 65, 7068, 16185, 11, 52085, 5134, 11, 69883, 314, 86191, 58762, 11, 6197, 321, 6197, 248046]","The United States, under the command of Colonel Bowers, decides to collect all the scientific minds in order to create a device that will turn back time. This ambitious plan quickly spirals out of control as disparate factions from around the globe—banned nations, rogue states, remnants of totalitarian regimes, involved and involved<|im_end|>",True,3797434880,7.025561527989339
110_coauthor_both_sides_kna_t5_rep1,260,4,both_sides,,5,2,64,19,1092,1470512668,coauthor,110,1,coauthor:creative:1763bf2d3371474ab481253b7731c586,0,e654ba64493a06164c7e2510b7dd4a7a9a5b6d30314aa76be5e8e6935bd661fe,8a3b01f30c61beef95ea12bd7949cc63813632dcbcafefd56a96fa7236658e18,success,,256.0,256.0,256.0,False,,model_loaded,13.189174674000242,0.35241197400318924,0.3420125429984182,0.6944245170016075,0.6944245170016075,980,6496,108751,118123759,248320,"{""allowed_count"": 248067, ""expected_count"": 248067, ""missing_expected"": [], ""ok"": true, ""stop_token_ids"": [248046], ""unexpected_allowed"": []}",2.968158356990898,xgrammar,0.6360110079986043,2.2319500769954175,239,64,"[760, 35336, 11, 31457, 539, 279, 3558, 579, 632, 28726, 286, 7913, 11, 6426, 310, 2222, 24537, 11040, 13, 1216, 22263, 780, 3019, 310, 33997, 786, 279, 22952, 579, 2046, 440, 264, 46786, 3826, 77809, 13, 11746, 11, 551, 14428, 888, 310, 279, 220, 24, 17, 302, 2545, 22952, 579, 3626, 11, 1016, 11983, 1472, 279, 46961, 10708, 11, 16100, 54416, 321, 54416, 248046]","The wolf, frustrated by the material's unyielding strength, decided to change tactics entirely. He abandoned his plan to demolish the pig's home with a cannonball barrage. Instead, he walked over to the 92nd little pig's house, peered through the reinforced windows, calculated explosives and explosives<|im_end|>",True,3803891712,7.323012431996176
111_coauthor_both_sides_kna_t6_rep1,261,5,both_sides,,6,2,64,22,1274,982034088,coauthor,111,1,coauthor:creative:b821e4ee78184af086b8e229b0387500,0,6b9ed4ff4ecb29c1e2b894cad8ee8b5c10ac5cdf2f974585078a7b0d98e7b91a,842a027dc082db6a1f54a747451cf4fad5d5b4d8a641683236d3a5c41e1e7cdf,success,,256.0,256.0,256.0,False,,model_loaded,12.866343464993406,0.3583622989972355,0.4238669699989259,0.7822292689961614,0.7822292689961614,1163,8839,147266,176958319,248320,"{""allowed_count"": 248067, ""expected_count"": 248067, ""missing_expected"": [], ""ok"": true, ""stop_token_ids"": [248046], ""unexpected_allowed"": []}",2.8977298289973987,xgrammar,0.6378658410103526,2.19967347101192,144,64,"[760, 3594, 303, 279, 6092, 9057, 58442, 314, 69064, 11, 264, 39029, 421, 995, 1248, 978, 25364, 430, 279, 64106, 314, 264, 21582, 1814, 13, 733, 220, 16, 23, 16, 20, 11, 279, 8252, 37078, 286, 5820, 524, 440, 264, 74968, 11, 694, 440, 264, 8229, 499, 1060, 20513, 11, 7854, 539, 279, 6103, 11, 16365, 55090, 314, 3611, 33760, 6113, 321, 6113, 248046]","The air in the town square tasted of sulfur, a scent that had long been dismissed as the perfume of a dying world. In 1815, the Great Witching began not with a roar, but with a suffocating silence, followed by the slow, grinding erosion of human civilization cast and cast<|im_end|>",True,3797582336,7.305340412000078
112_coauthor_both_sides_kna_t7_rep1,262,6,both_sides,,7,2,64,25,1456,1376881769,coauthor,112,1,coauthor:creative:099ea17dc4c24eba8603270c97edd468,0,751efd45071915d8ff200b2be4b934c26234131d6bc538ab25301c54baede1aa,fcb8704127c64254560441686f5adda06e9a6a0cef95de384c15e670a44907b9,success,,256.0,256.0,256.0,False,,model_loaded,13.061098928010324,0.3835172099934425,0.512527273996966,0.8960444839904085,0.8960444839904085,1346,11542,191493,251221961,248320,"{""allowed_count"": 248067, ""expected_count"": 248067, ""missing_expected"": [], ""ok"": true, ""stop_token_ids"": [248046], ""unexpected_allowed"": []}",2.9543977930006804,xgrammar,0.6446379679982783,2.239451524001197,129,64,"[40, 1044, 1546, 10919, 13, 2921, 803, 369, 1381, 264, 13338, 3299, 11, 264, 7489, 314, 2316, 421, 353, 599, 5617, 1472, 1578, 314, 2503, 944, 11, 694, 1048, 1472, 279, 31465, 14583, 314, 1602, 303, 279, 1245, 1925, 506, 279, 1245, 854, 13, 271, 4888, 2199, 369, 2400, 314, 18986, 11, 494, 279, 39888, 13543, 948, 246728, 68897, 58791, 49696, 321, 49696, 248046]","I am very famous. My name is now a household word, a symbol of success that I have built through years of hard work, but also through the sheer luck of being in the right place at the right time.

My life is full of drama, from the terrifying moments when paparazzi swarm mansion and mansion<|im_end|>",True,3797396992,7.544898517997353
113_coauthor_both_sides_kna_t8_rep1,263,7,both_sides,,8,2,64,28,1638,1884951767,coauthor,113,1,coauthor:creative:a345a395300d44a5862012539e015002,0,fec49ac77d0e23c0faca88db61dc3448921a8f03219387a584a6cdf41813a831,fc7a1e54b698332e8c775049f24063458767ea40fe9fd447500e7d3444786059,success,,256.0,256.0,256.0,False,,model_loaded,13.318291977004264,0.3588681789988186,0.6117402639938518,0.9706084429926705,0.9706084429926705,1529,14605,241432,342487165,248320,"{""allowed_count"": 248067, ""expected_count"": 248067, ""missing_expected"": [], ""ok"": true, ""stop_token_ids"": [248046], ""unexpected_allowed"": []}",3.043780128005892,xgrammar,0.6615615329938009,2.22058137600834,220,64,"[12934, 4222, 424, 1000, 381, 524, 1691, 314, 3977, 13, 561, 2678, 1000, 4416, 264, 855, 440, 264, 1575, 12, 94542, 46099, 11, 11884, 264, 40473, 15024, 11, 10932, 1727, 310, 264, 62788, 76305, 1345, 780, 7168, 318, 429, 2943, 2923, 12, 5682, 8, 1353, 383, 440, 6669, 11, 20606, 6213, 13, 561, 6053, 15105, 82, 303, 383, 264, 3074, 2594, 321, 2594, 248046]","Most likely it would be not much of anything. The video would feature a man with a well-kept beard, wearing a crisp shirt, standing next to a pristine crib while his wife (and four step-children) look on with wide, loving eyes. The camera zooms in on a single parent and parent<|im_end|>",True,3802402304,7.656516009999905
114_coauthor_both_sides_kna_t9_rep1,264,8,both_sides,,9,2,64,31,1820,1205589085,coauthor,114,1,coauthor:creative:8911f32aab914a1f903bb76300b13949,0,d1c585e6e93d71e4b58bcc3668fa3e325aa333ee6113b36e6b4f1548e880c7b7,7355f95629c63608c0737d7ce8c6dee24e68a554f94d1a6e27c473af47b1e968,success,,256.0,256.0,256.0,False,,model_loaded,14.993257993002771,0.3883429179986706,0.7187750519951805,1.1071179699938511,1.1071179699938511,1712,18028,298764,452326411,248320,"{""allowed_count"": 248067, ""expected_count"": 248067, ""missing_expected"": [], ""ok"": true, ""stop_token_ids"": [248046], ""unexpected_allowed"": []}",2.893432622993714,xgrammar,0.6322874080069596,2.2588419429957867,124,64,"[760, 3594, 3294, 279, 44141, 314, 279, 2235, 33760, 58442, 314, 73823, 11, 264, 16724, 11, 8799, 39029, 421, 1145, 2116, 310, 279, 23684, 1040, 264, 9663, 13, 561, 12515, 11, 2957, 264, 63379, 11, 8229, 499, 1060, 19177, 11, 557, 13569, 33515, 1142, 1083, 264, 40613, 3920, 24142, 11, 279, 7736, 314, 264, 21582, 6561, 30787, 1083, 2414, 31883, 8742, 321, 8742, 248046]","The air above the ruins of the old civilization tasted of ozone, a sharp, electric scent that clung to the tongue like a warning. The sky, once a perpetual, suffocating grey, was slowly bleeding back into a bruised purple, the colors of a dying star shifting into something vibrant older and older<|im_end|>",True,3797332992,7.77628761199594
115_coauthor_both_sides_kna_t10_rep1,265,9,both_sides,,10,2,64,34,2002,757094947,coauthor,115,1,coauthor:creative:b22279ff63804fa6bec5c108879812dd,0,829079a5b8ec667220450bfdb538642193d734cce3425407453b0dada34dacd6,a6bb65093c471c992d48edb8b56fd036507c9fc010f6a1317ee8838b650f18ab,success,,256.0,256.0,256.0,False,,model_loaded,14.780758086999413,0.4015675880073104,0.8389313210063847,1.240498909013695,1.240498909013695,1895,21811,361578,582312179,248320,"{""allowed_count"": 248067, ""expected_count"": 248067, ""missing_expected"": [], ""ok"": true, ""stop_token_ids"": [248046], ""unexpected_allowed"": []}",2.9478642730100546,xgrammar,0.6512380799977109,2.202943708995008,142,64,"[3833, 1834, 11, 551, 2197, 279, 5054, 303, 279, 6522, 13, 271, 760, 12967, 6797, 17748, 1472, 279, 15740, 11, 771, 2320, 10708, 11, 23414, 264, 8153, 11, 20117, 34774, 3808, 279, 38625, 314, 6265, 421, 9047, 310, 33700, 22857, 314, 264, 15706, 3162, 6107, 13, 2838, 557, 11362, 7249, 303, 799, 314, 279, 11012, 22730, 11, 1024, 18645, 19057, 4661, 321, 4661, 248046]","One day, he met the woman in the library.

The afternoon sun filtered through the tall, arched windows, casting a soft, golden glow across the stacks of books that seemed to whisper secrets of a thousand past lives. She was sitting alone in one of the quiet corners, her fingers nerv behind and behind<|im_end|>",True,3797557760,7.811078532002284
116_coauthor_both_sides_kna_t11_rep1,266,10,both_sides,,11,2,64,37,2184,2009887760,coauthor,116,1,coauthor:creative:b73b741aa53f4dd1af35e1540ebf4af1,0,b0d159ec5aae185986ffc3616245ce895f7a5c462b8f8a91d748b8cdab860f7b,3281eed5dd40009a4eec7f955fb9f2955930c53b922f6fdd18ce258a7c4d8427,success,,256.0,256.0,256.0,False,,model_loaded,14.338011822997942,0.40364860600675456,0.9719477359903976,1.3755963419971522,1.3755963419971522,2078,25954,430997,734016949,248320,"{""allowed_count"": 248067, ""expected_count"": 248067, ""missing_expected"": [], ""ok"": true, ""stop_token_ids"": [248046], ""unexpected_allowed"": []}",2.950065897006425,xgrammar,0.6444040460046381,2.2449951940070605,185,64,"[29348, 7285, 1018, 279, 4642, 11, 780, 7497, 88818, 440, 264, 6311, 314, 70763, 11, 8415, 11, 2414, 745, 551, 7448, 914, 4847, 803, 13, 271, 11734, 579, 728, 1288, 36145, 1018, 11, 780, 14845, 9990, 694, 780, 6213, 73248, 314, 279, 54185, 30227, 551, 5802, 41375, 13, 328, 2064, 579, 728, 11, 12987, 69794, 13, 353, 557, 449, 4799, 8026, 321, 8026, 248046]","""What?"" said the President, his voice trembling with a mix of disbelief, fear, something else he couldn't quite name.

""It's me,"" Bobby said, his smile tight but his eyes devoid of the playful charm he usually possessed. ""It's me, Matt Damon. I was an extra ship and ship<|im_end|>",True,3799132672,7.990601333003724
117_coauthor_both_sides_kna_t12_rep1,267,11,both_sides,,12,2,64,40,2366,738188187,coauthor,117,1,coauthor:creative:a5dee567f6554c59bb8fafd85f547c22,0,4b5a37e91fed808aca10633f81ba454ec5caee11585608d30d69175fe33653d8,72cd917c80010b233c9440e56fc42fb499a72ba8982077963e3433d53b57eba6,success,,256.0,256.0,256.0,False,,model_loaded,13.890527418989222,0.4182503629999701,1.1000573689962039,1.518307731996174,1.518307731996174,2261,30457,506488,909013201,248320,"{""allowed_count"": 248067, ""expected_count"": 248067, ""missing_expected"": [], ""ok"": true, ""stop_token_ids"": [248046], ""unexpected_allowed"": []}",2.7670966380101163,xgrammar,0.6541756259975955,2.2043494550016476,257,64,"[760, 35336, 11, 4611, 11, 557, 524, 23632, 539, 279, 3558, 7913, 314, 279, 1898, 13, 11746, 11, 551, 557, 6225, 52848, 539, 279, 22952, 579, 89814, 13, 2985, 264, 1353, 314, 21333, 38896, 11, 551, 52995, 303, 11784, 11, 780, 6213, 33939, 279, 1898, 7099, 13, 328, 40, 1459, 914, 1683, 353, 2908, 3397, 3753, 264, 1898, 1040, 411, 10407, 321, 10407, 248046]","The wolf, however, was not impressed by the material strength of the table. Instead, he was captivated by the pig's demeanor. With a look of genuine curiosity, he leaned in closer, his eyes scanning the table surface. ""I don't think I've ever seen a table like this seat and seat<|im_end|>",True,3805833216,7.899659486007295
118_coauthor_both_sides_kna_t13_rep1,268,12,both_sides,,13,2,64,43,2548,1136202749,coauthor,118,1,coauthor:creative:2d9358657a364ccab47e9a7538cb6650,0,7f56506958e055e4cf57451a15baef83c4481ebe6caee153a94f4867cce2a234,4388f367c1d49e83662959dc7385f12bcce9577e2c490e6ba7bbe6221fc7dc37,success,,256.0,256.0,256.0,False,,model_loaded,14.7970517599897,0.42619340799865313,1.2527486420003697,1.6789420499990229,1.6789420499990229,2444,35320,588051,1108873415,248320,"{""allowed_count"": 248067, ""expected_count"": 248067, ""missing_expected"": [], ""ok"": true, ""stop_token_ids"": [248046], ""unexpected_allowed"": []}",2.8763629409950227,xgrammar,0.6381828220037278,2.239157250005519,345,64,"[44, 8202, 3105, 914, 599, 279, 4649, 310, 42384, 383, 279, 5384, 1578, 26, 1024, 3838, 557, 264, 29262, 314, 1064, 11, 694, 1024, 59737, 14195, 16724, 13, 561, 259, 2104, 18043, 914, 978, 264, 56075, 2471, 26, 424, 557, 279, 1118, 8028, 11, 264, 829, 50767, 310, 279, 71530, 421, 995, 63096, 1024, 364, 10476, 13, 561, 9506, 5532, 4409, 321, 4409, 248046]","Morgan didn't have the energy to dwell on the lost years; her mind was a fog of static, but her instincts remained sharp. The tingle hadn't been a hallucination; it was the first signal, a prelude to the awakening that had plagued her for decades. The stone wasn almost and almost<|im_end|>",True,3813260800,8.204619994998211
119_coauthor_both_sides_kna_t14_rep1,269,13,both_sides,,14,2,64,46,2730,353320562,coauthor,119,1,coauthor:creative:a87286598bc54313b39f6ce6013541bf,0,14e11bb0b644dda6d0803b6ba2aabe5676bf53ec30bd110de3c3a4bef806e4c9,5e8b83a2c830811d0e74e9e92e2d39a6b70bcd90910fe97fcd827d606512e7e9,success,,256.0,256.0,256.0,False,,model_loaded,15.025484127996606,0.43829160499444697,1.3968985529936617,1.8351901579881087,1.8351901579881087,2627,40543,675686,1335170071,248320,"{""allowed_count"": 248067, ""expected_count"": 248067, ""missing_expected"": [], ""ok"": true, ""stop_token_ids"": [248046], ""unexpected_allowed"": []}",2.8172278410056606,xgrammar,0.6555777419998776,2.1854000109888148,281,64,"[760, 1534, 68187, 11, 7172, 303, 279, 27044, 11, 8337, 7278, 566, 9497, 34382, 314, 279, 17489, 80062, 11, 18089, 310, 381, 279, 1379, 63371, 13, 25215, 1141, 59367, 11, 424, 64077, 1396, 4621, 310, 23748, 424, 4417, 279, 3545, 11, 1442, 1238, 279, 2015, 28898, 25425, 11, 44102, 836, 16234, 11, 466, 32504, 5081, 15707, 5757, 13, 561, 3545, 660, 321, 660, 248046]","The final Keystone, located in the dense, mist-shrouded forests of the Eastern Highlands, proved to be the most elusive. Unlike its predecessors, it resisted every attempt to locate it via the device, even after the team switched batteries, rotated their orientation, or utilized multiple coordinate systems. The device all and all<|im_end|>",True,3807714816,8.24482398800319
120_coauthor_both_sides_kna_t15_rep1,270,14,both_sides,,15,2,64,49,2912,722759577,coauthor,120,1,coauthor:creative:f3ecf0ce872940238b0bd429a3e36322,0,af6c4c1b76fd7522c427b1ab11e33529411050d8a7d1762e9001d54c50092826,a97e0a90cfaef291d4637039cee828dc6559b9f2ca602c11bd441869fe24042f,success,,256.0,256.0,256.0,False,,model_loaded,14.966173849999905,0.457170905006933,1.5747569930099417,2.0319278980168747,2.0319278980168747,2810,46126,769393,1589475649,248320,"{""allowed_count"": 248067, ""expected_count"": 248067, ""missing_expected"": [], ""ok"": true, ""stop_token_ids"": [248046], ""unexpected_allowed"": []}",2.7225470549892634,xgrammar,0.6508407319925027,2.1987255629937863,295,64,"[7691, 19176, 78910, 11, 1024, 4593, 67171, 524, 1066, 494, 279, 48144, 314, 279, 35461, 1420, 11, 694, 494, 279, 10647, 11, 492, 19254, 47077, 421, 411, 369, 279, 1788, 1637, 1292, 995, 28058, 2250, 2942, 1518, 13, 561, 803, 383, 780, 3575, 369, 10958, 11, 279, 6213, 303, 279, 17312, 513, 279, 1788, 11, 3482, 279, 1560, 551, 20541, 2843, 321, 2843, 248046]","She hesitates, her heart pounding not just from the anticipation of the Broadway show, but from the sudden, jarring realization that this is the same person she had dated three times before. The name on his card is familiar, the eyes in the mirror are the same, yet the way he speaks later and later<|im_end|>",True,3808811008,8.349281286005862
121_coauthor_even_count_kna_t1_rep1,271,0,even_count,,1,2,64,4,308,1091262367,coauthor,121,1,coauthor:creative:8bafd5acfb7343308b5195092c4c4de5,0,c9522c6879bd605e92ea7f8fe2cdbe96e5435967907a07faf7079d6be97fa317,ffe6cd07ea30c1b6b4d1c55dfa01686095ce59bc6d6d98558ab6544a60d67617,success,,256.0,256.0,256.0,False,,model_loaded,12.906216438990668,0.33369399698858615,0.05637483099417295,0.3900688279827591,0.3900688279827591,190,612,10219,3493850,248320,"{""allowed_count"": 248068, ""expected_count"": 248068, ""missing_expected"": [], ""ok"": true, ""stop_token_ids"": [248046], ""unexpected_allowed"": []}",2.826816909990157,xgrammar,0.6380866739928024,2.218829678997281,114,64,"[12162, 1208, 4062, 883, 220, 22, 15, 11, 781, 2714, 310, 8779, 660, 2647, 303, 2019, 310, 944, 13, 2302, 1459, 914, 13902, 8779, 279, 348, 36151, 9, 310, 944, 11, 6130, 635, 781, 14413, 77545, 264, 2199, 314, 18765, 466, 29310, 26, 4598, 11, 781, 4777, 1423, 279, 4374, 314, 41329, 289, 11, 24559, 11, 466, 27780, 310, 264, 21079, 15818, 15818, 248046]","Once people hit about 70, they seem to lose all interest in going to work. They don't necessarily lose the *capacity* to work, nor do they suddenly crave a life of luxury or isolation; rather, they simply find the idea of exertion, discipline, or contributing to a collective tries tries<|im_end|>",True,3797210112,6.815868927005795
122_coauthor_even_count_kna_t2_rep1,272,1,even_count,,2,2,64,8,493,543823507,coauthor,122,1,coauthor:creative:f1c5ca52c9754a37b10dce55cf5113e2,0,ad6e1a452a6bbaee71a596d2d3d1a0e3634c81cc9ce0223c5167f91568881ee1,3716b1b8958fc318e9d0b388f0f134e5c0c23d9a72623365e0d21d167c36e05f,success,,256.0,256.0,256.0,False,,model_loaded,12.716766148994793,0.3291477600141661,0.1143244679988129,0.44347222801297903,0.44347222801297903,376,1590,25811,14590532,248320,"{""allowed_count"": 248068, ""expected_count"": 248068, ""missing_expected"": [], ""ok"": true, ""stop_token_ids"": [248046], ""unexpected_allowed"": []}",2.8668910800042795,xgrammar,0.603134785007569,2.2673535570065724,214,64,"[45389, 11, 1092, 369, 424, 421, 488, 1144, 728, 310, 635, 7285, 271, 760, 35997, 87338, 3160, 11, 1141, 11243, 19788, 17908, 54166, 2272, 279, 12681, 314, 678, 22162, 13, 328, 760, 7793, 883, 279, 12313, 369, 421, 781, 513, 524, 15756, 264, 9140, 26, 781, 513, 264, 81559, 421, 57496, 279, 1546, 2199, 5176, 314, 1141, 1765, 2993, 310, 17171, 72404, 72404, 248046]","""So, what is it that you need me to do?""

The bee hovered close, its mandibles clicking softly against the fabric of your coat. ""The truth about the humans is that they are not merely a species; they are a parasite that consumes the very life force of its own kind to survive pests pests<|im_end|>",True,3801932288,7.003631537998444
123_coauthor_even_count_kna_t3_rep1,273,2,even_count,,3,2,64,11,678,776617888,coauthor,123,1,coauthor:creative:173cae0bcc714ba29bfeab4004d7fa85,0,6bfff758479c54563b3e590c42e16bf060c3cdd6b90ba9551c812bc5f87af936,c442315f63e8d240cdd5c7154de7d2c9066a0ed684658d68b21fceb371cebb8e,success,,256.0,256.0,256.0,False,,model_loaded,12.303421127988258,0.33930226499796845,0.17795689699414652,0.517259161992115,0.517259161992115,562,2934,47213,34916288,248320,"{""allowed_count"": 248068, ""expected_count"": 248068, ""missing_expected"": [], ""ok"": true, ""stop_token_ids"": [248046], ""unexpected_allowed"": []}",2.7809064939938253,xgrammar,0.6188625969953137,2.257514301003539,243,64,"[3850, 1208, 513, 1048, 7763, 303, 2433, 421, 1236, 1070, 6635, 13, 733, 279, 1428, 9682, 11, 411, 3428, 3254, 10569, 264, 14859, 440, 279, 3516, 4042, 11, 524, 1066, 680, 314, 25896, 8495, 11, 694, 1521, 279, 1814, 682, 16134, 421, 29310, 369, 524, 279, 1132, 1752, 310, 4936, 13, 561, 8415, 421, 3712, 668, 12771, 4924, 682, 2574, 1560, 18089, 18089, 248046]","But people are also interested in things that make them successful. In the current climate, this often means seeking a partnership with the United States, not just out of mutual benefit, but because the world has proven that isolation is not the only path to progress. The fear that history will repeat itself has given way proved proved<|im_end|>",True,3804207616,6.928192102001049
124_coauthor_even_count_kna_t4_rep1,274,3,even_count,,4,2,64,14,863,413999019,coauthor,124,1,coauthor:creative:ee760edb666e4f46aedee408975a9c9d,0,5095a9d50906960ba47c1bb30b1680fe2ff7bd898a30dd84626ca91a4522f80c,106dc2e64eb6b7392d023eb265cea74dcfe9ed32c222f08255a4fbdc5bf028a5,success,,256.0,256.0,256.0,False,,model_loaded,12.27082565901219,0.3414708690106636,0.2481819130043732,0.5896527820150368,0.5896527820150368,748,4644,75034,66096158,248320,"{""allowed_count"": 248068, ""expected_count"": 248068, ""missing_expected"": [], ""ok"": true, ""stop_token_ids"": [248046], ""unexpected_allowed"": []}",2.6256081070023356,xgrammar,0.6357224200037308,2.2760408150061266,161,64,"[37147, 11, 314, 3199, 524, 8687, 80192, 1018, 440, 264, 80536, 7497, 13, 1216, 1467, 780, 1786, 524, 310, 54108, 780, 10482, 680, 1238, 8847, 279, 8582, 314, 16996, 2614, 264, 4590, 13, 1216, 34990, 421, 780, 4292, 1467, 524, 5125, 13, 328, 40, 2688, 1066, 2019, 310, 716, 421, 383, 264, 2086, 26748, 1149, 271, 15514, 4292, 11, 6483, 6213, 50859, 50859, 248046]","""No, of course not!"" Caleb said with a shaky voice. He did his best not to spit his coffee out after seeing the trail of zeros following a six. He wished that his son did not notice. ""I'm just going to set that on a different shelf.""

His son, whose eyes terrified terrified<|im_end|>",True,3797791232,6.887426108005457
125_coauthor_even_count_kna_t5_rep1,275,4,even_count,,5,2,64,17,1048,1322706250,coauthor,125,1,coauthor:creative:8d9a97731918431e8dd6560adb8cd0fa,0,abae85255795efadfedbaeef548d5e339f2be4516c45da6fb266d38e346323c1,41a241b934cac0756a343257f2bed4028c98c7046ddfdf6f04465ab94347250c,success,,256.0,256.0,256.0,False,,model_loaded,12.56189708999591,0.3417948459973559,0.32509329399908893,0.6668881399964448,0.6668881399964448,934,6720,108663,109755182,248320,"{""allowed_count"": 248068, ""expected_count"": 248068, ""missing_expected"": [], ""ok"": true, ""stop_token_ids"": [248046], ""unexpected_allowed"": []}",2.8289609769999515,xgrammar,0.6372969150106655,2.2047018440061947,107,64,"[760, 328, 172011, 5212, 1, 998, 524, 264, 32822, 6777, 11, 694, 264, 21079, 314, 81132, 58762, 11, 4363, 82, 11, 321, 52085, 5134, 421, 995, 978, 40361, 62929, 1060, 264, 10476, 23046, 1746, 314, 7993, 321, 8380, 13, 561, 328, 57901, 639, 1, 16185, 14290, 914, 24244, 1521, 781, 998, 16087, 314, 3980, 26, 781, 998, 24244, 1521, 781, 998, 13569, 13569, 248046]","The ""Italians"" were not a singular nation, but a collective of disparate regimes, cults, and rogue states that had been secretly orchestrating a decades-long game of cat and mouse. The ""isolated"" nations weren't hiding because they were afraid of war; they were hiding because they were slowly slowly<|im_end|>",True,3797124096,7.0945478929934325
126_coauthor_even_count_kna_t6_rep1,276,5,even_count,,6,2,64,20,1233,1471983807,coauthor,126,1,coauthor:creative:f8fd4fb1d3ae456a8a5dddefc9389aa3,0,4b1076c89eb74b04314da832e5c4454d7fe0f0eca2aaf644f5df375c3fc23f04,3ebd2bb5ca6384441b0a071b0f5f7ba172d14a1b3dc4a014bc36f68574c2455f,success,,256.0,256.0,256.0,False,,model_loaded,13.300803131991415,0.3487926669913577,0.40884331800043583,0.7576359849917935,0.7576359849917935,1120,9162,148100,167518400,248320,"{""allowed_count"": 248068, ""expected_count"": 248068, ""missing_expected"": [], ""ok"": true, ""stop_token_ids"": [248046], ""unexpected_allowed"": []}",3.0056967989949044,xgrammar,0.6142129259969806,2.4164656500070123,83,64,"[2523, 28953, 11, 678, 11155, 56156, 286, 303, 678, 26696, 430, 279, 30538, 477, 314, 279, 6331, 12611, 488, 440, 279, 5176, 314, 264, 6745, 11894, 13, 357, 13280, 7497, 11, 46520, 777, 1040, 264, 5605, 5295, 55521, 87408, 1056, 264, 28280, 71772, 11, 6526, 680, 310, 328, 7525, 64008, 1288, 279, 2192, 488, 2908, 2496, 1429, 303, 678, 2199, 13, 3571, 3571, 248046]","You freeze, your breath hitching in your throat as the absurdity of the situation hits you with the force of a physical blow. A tiny voice, sounding more like a mischievous squirrel than a royal summons, calls out to ""Your Majesty,"" the title you've never used in your life. came came<|im_end|>",True,3796829184,7.572518668996054
127_coauthor_even_count_kna_t7_rep1,277,6,even_count,,7,2,64,23,1418,718301472,coauthor,127,1,coauthor:creative:93468eec16324f109abec7010cd13ebd,0,cc457ebeb57c828b23831ac498955b9ab904b94d8813e8ec7297ee39e2405944,020bed6a8f5673d1f97cf9868247ae08d2b89763450e04d6d7f5a4ee5c1278c5,success,,256.0,256.0,256.0,False,,model_loaded,13.30024125399359,0.363314451999031,0.5042732989968499,0.8675877509958809,0.8675877509958809,1306,11970,193345,241010852,248320,"{""allowed_count"": 248068, ""expected_count"": 248068, ""missing_expected"": [], ""ok"": true, ""stop_token_ids"": [248046], ""unexpected_allowed"": []}",2.859272094996413,xgrammar,0.63249056400673,2.231146688995068,291,64,"[760, 20513, 303, 279, 2956, 369, 874, 4860, 279, 6624, 314, 18682, 26, 424, 369, 279, 8545, 11, 8229, 499, 1060, 4528, 314, 264, 3838, 421, 369, 13569, 71456, 286, 494, 279, 31465, 7867, 314, 1141, 1765, 19808, 13, 561, 328, 26640, 15316, 286, 1, 421, 2957, 5467, 780, 1814, 303, 1716, 682, 3512, 264, 34189, 314, 16568, 1284, 46242, 13, 2418, 2418, 248046]","The silence in the room is no longer the comfort of absence; it is the heavy, suffocating weight of a mind that is slowly unraveling from the sheer volume of its own perception. The ""soundproofing"" that once held his world in check has become a cage of hyper-sensitivity. stand stand<|im_end|>",True,3808498688,7.340587680999306
128_coauthor_even_count_kna_t8_rep1,278,7,even_count,,8,2,64,26,1603,322401037,coauthor,128,1,coauthor:creative:ed151ac677724c7fbd32f85db77710a2,0,668bf9127992ff615647ce79eb947769fb8216325cbe8cf0d100ae0a85160540,8def0da76a3cc051a123a7fed93c927027f41addb77167930981ed20b1982f4a,success,,256.0,256.0,256.0,False,,model_loaded,13.191074344998924,0.3776901149976766,0.599508400002378,0.9771985150000546,0.9771985150000546,1492,15144,244398,331857578,248320,"{""allowed_count"": 248068, ""expected_count"": 248068, ""missing_expected"": [], ""ok"": true, ""stop_token_ids"": [248046], ""unexpected_allowed"": []}",2.94364931799646,xgrammar,0.6351219499920262,2.295248226990225,155,64,"[1465, 12854, 1142, 264, 1248, 11, 70572, 3565, 40115, 421, 995, 2957, 978, 58091, 4661, 780, 2351, 11, 1381, 1381, 38787, 2272, 780, 25898, 1040, 264, 8545, 11, 13988, 65003, 13, 561, 10647, 6206, 5532, 914, 1066, 264, 64134, 291, 5576, 26, 424, 557, 264, 7926, 11, 264, 22551, 8028, 3106, 1472, 780, 21896, 1785, 421, 29715, 290, 780, 16444, 7853, 25899, 25899, 248046]","He pulled back a long, glossy black strand that had once been tucked behind his ear, now now resting against his temple like a heavy, wet scarf. The sudden shift wasn't just a stylistic choice; it was a trigger, a biological signal sent through his nervous system that bypassed his conscious brain briefly briefly<|im_end|>",True,3797717504,7.615972241997952
129_coauthor_even_count_kna_t9_rep1,279,8,even_count,,9,2,64,29,1788,234688724,coauthor,129,1,coauthor:creative:8610d3166aea4491b673112459745fc1,0,f7cd4fb6ff9312efdbb98220ed68e7c53725910b0619e76d75c2ea1b902cc9ef,6cbbc5015069bde7b04f9a1abc2e08d5c7f57af71965f66f08635463463e5090,success,,256.0,256.0,256.0,False,,model_loaded,13.536980559001677,0.39896838199638296,0.706023915001424,1.104992296997807,1.104992296997807,1678,18684,302907,441683618,248320,"{""allowed_count"": 248068, ""expected_count"": 248068, ""missing_expected"": [], ""ok"": true, ""stop_token_ids"": [248046], ""unexpected_allowed"": []}",2.9049890090100234,xgrammar,0.6286486140015768,2.2511226649949094,362,64,"[760, 47678, 38264, 513, 5879, 539, 279, 47678, 22268, 33009, 11, 852, 369, 279, 28928, 47678, 22268, 13, 561, 47678, 38264, 513, 1048, 5879, 539, 264, 14403, 314, 58631, 11, 852, 513, 279, 28928, 47678, 38264, 303, 1754, 314, 279, 2943, 5255, 13, 10643, 13486, 557, 8950, 494, 264, 26508, 30815, 26, 1973, 279, 460, 314, 47678, 11, 21265, 1000, 381, 1845, 1845, 248046]","The Mana Knights are led by the Mana Knight Commander, who is the strongest Mana Knight. The Mana Knights are also led by a council of elders, who are the strongest Mana Knights in each of the four elements. Their existence was born from a desperate necessity; without the return of Mana, humanity would be free free<|im_end|>",True,3814593536,7.6528318529890385
130_coauthor_even_count_kna_t10_rep1,280,9,even_count,,10,2,64,32,1973,431607851,coauthor,130,1,coauthor:creative:047a25c3382c42999ceb1c78f6ebd524,0,df212fdc5bcd743fceac3502c4e34dd6439d2fcab779b43aa1f5ed7ef54b504b,06244d7d42044cd9968649affe136dee054e11eadd3ba7778ce3cca8d3f8424c,success,,256.0,256.0,256.0,False,,model_loaded,13.57095555900014,0.37670131400227547,0.8199504099902697,1.1966517239925452,1.1966517239925452,1864,22590,367590,572114012,248320,"{""allowed_count"": 248068, ""expected_count"": 248068, ""missing_expected"": [], ""ok"": true, ""stop_token_ids"": [248046], ""unexpected_allowed"": []}",2.948472687989124,xgrammar,0.6214929709967691,2.1955504869983997,273,64,"[760, 26052, 421, 58145, 494, 279, 30495, 16366, 557, 524, 15756, 264, 40123, 26, 424, 557, 279, 1118, 16966, 303, 279, 39472, 314, 19150, 279, 2936, 995, 63836, 13, 561, 328, 2523, 337, 8801, 1288, 37666, 11040, 314, 35408, 321, 3777, 12236, 852, 995, 14276, 685, 1172, 279, 12098, 314, 279, 32372, 7287, 5333, 11, 28466, 13522, 1852, 13, 2302, 5467, 6791, 6791, 248046]","The chaos that erupted from the Capitol Building was not merely a riot; it was the first crack in the illusion of stability the government had cultivated. The ""Youth Council,"" comprised entirely of teenagers and young adults who had grown up under the shadow of the Ivima drug, demanded immediate action. They held nearly nearly<|im_end|>",True,3807088128,7.707450866000727
131_coauthor_even_count_kna_t11_rep1,281,10,even_count,,11,2,64,35,2158,1298677665,coauthor,131,1,coauthor:creative:72b49bf3c2434ea498475566e09690fb,0,fa47d1ad71314ebf9bd1927a64320dcb75a1f9ca6fcec80a27645bd702e54a8a,21f7528a89ae7b09206baddfb9b0ed68588f5285dd8a6502703fc9bbe8b7f397,success,,256.0,256.0,256.0,False,,model_loaded,13.74893923100899,0.39955517499765847,0.9460480730049312,1.3456032480025897,1.3456032480025897,2050,26862,438448,724773800,248320,"{""allowed_count"": 248068, ""expected_count"": 248068, ""missing_expected"": [], ""ok"": true, ""stop_token_ids"": [248046], ""unexpected_allowed"": []}",2.860816715998226,xgrammar,0.6418527140049264,2.238348878992838,230,64,"[2523, 5596, 413, 781, 513, 2019, 310, 381, 91436, 1820, 639, 1495, 13, 13428, 11, 1332, 1467, 421, 3272, 2445, 494, 30, 1368, 781, 998, 660, 488, 11, 1179, 1204, 1362, 781, 381, 4184, 745, 2166, 30, 271, 93880, 11, 279, 16078, 303, 279, 32090, 27700, 13, 561, 65690, 2696, 82, 59712, 11, 23414, 264, 14457, 11, 5843, 1096, 1489, 1129, 3177, 3177, 248046]","You wonder if they are going to be reincarnated again. Wait, where did that thought come from? If they were all you, then how could they be someone else too?

Suddenly, the atmosphere in the cinema shifts. The projector hums louder, casting a strange, bioluminescent city city<|im_end|>",True,3803187200,7.829700109010446
132_coauthor_even_count_kna_t12_rep1,282,11,even_count,,12,2,64,38,2343,785394720,coauthor,132,1,coauthor:creative:8a66ba50d4e241f2aebb17e5af82c68a,0,f66b718b19b6c252793ba23f66af7dfb27e0ebfd35f53eacc7d1b0a223505ddc,df64bd6b600109af8ac0a3de049a86e23b42dba5a8e929157e8bc56c145a9301,success,,256.0,256.0,256.0,False,,model_loaded,13.789591581997229,0.40509148899582215,1.0939077039947733,1.4989991929905955,1.4989991929905955,2236,31500,515480,901288022,248320,"{""allowed_count"": 248068, ""expected_count"": 248068, ""missing_expected"": [], ""ok"": true, ""stop_token_ids"": [248046], ""unexpected_allowed"": []}",2.782087458006572,xgrammar,0.6363034870009869,2.2335564300010446,105,64,"[32, 5054, 682, 978, 4765, 7177, 1238, 7177, 11, 694, 424, 2496, 4816, 310, 944, 680, 13, 2838, 579, 39306, 421, 1292, 579, 3404, 978, 4765, 279, 1788, 7177, 888, 321, 888, 26, 264, 542, 75265, 36452, 852, 579, 20230, 364, 1024, 11, 321, 369, 3529, 551, 579, 2019, 310, 615, 424, 1245, 411, 854, 13, 1216, 682, 9218, 1092, 1292, 26731, 26731, 248046]","A woman has been dating guy after guy, but it never seems to work out. She's unaware that she's actually been dating the same guy over and over; a shapeshifter who's fallen for her, and is certain he's going to get it right this time. He has learned what she decides decides<|im_end|>",True,3797099520,7.898052235002979
133_coauthor_even_count_kna_t13_rep1,283,12,even_count,,13,2,64,41,2528,802208098,coauthor,133,1,coauthor:creative:4b1397f42c2b436c994db077de5d54c4,0,6e4e687ff99b2c5be0ef059315b9a20f945267a49d3a5ee669c1247531a77c75,49fa9db29b47127b1021ebfebd239b4cbb957acf51234d0f260297b1db7d3073,success,,256.0,256.0,256.0,False,,model_loaded,13.656007775003673,0.4007249989954289,1.2179215479991399,1.6186465469945688,1.6186465469945688,2422,36504,598686,1103281718,248320,"{""allowed_count"": 248068, ""expected_count"": 248068, ""missing_expected"": [], ""ok"": true, ""stop_token_ids"": [248046], ""unexpected_allowed"": []}",2.7569956259976607,xgrammar,0.6380248490022495,2.2351964800036512,486,64,"[10883, 11, 411, 32404, 311, 13085, 286, 1467, 524, 2445, 506, 279, 2695, 314, 3567, 42054, 466, 6739, 2279, 13, 5788, 279, 3516, 4042, 56411, 310, 381, 279, 78146, 18709, 3521, 86327, 7064, 11, 424, 1467, 748, 1973, 264, 3074, 5758, 314, 6340, 303, 1141, 57648, 13, 561, 29310, 375, 57705, 11, 864, 995, 978, 264, 17003, 39472, 314, 279, 1675, 45585, 3521, 248046]","However, this diplomatic rebranding did not come at the cost of American dominance or economic power. While the United States ceased to be the undisputed global hegemon, it did so without a single drop of blood in its veins. The isolationist pact, which had been a mere illusion of the post-war global<|im_end|>",True,3825371136,8.001902705000248
134_coauthor_even_count_kna_t14_rep1,284,13,even_count,,14,2,64,44,2713,246109509,coauthor,134,1,coauthor:creative:a935819289a042269dc6f7e419b0608e,0,e641df5a1623756ad56601eba65b653abfa836cd12b775a52edc1ad773fde0a7,f4369a4eb3e3c2a86115fb827d1a8bc012bf1d37056dc6e191206d444c5ab9dd,success,,256.0,256.0,256.0,False,,model_loaded,14.625371303001884,0.4359415430080844,1.402084561996162,1.8380261050042463,1.8380261050042463,2608,41874,688066,1332379928,248320,"{""allowed_count"": 248068, ""expected_count"": 248068, ""missing_expected"": [], ""ok"": true, ""stop_token_ids"": [248046], ""unexpected_allowed"": []}",2.654051111996523,xgrammar,0.6399421149981208,2.234129597010906,166,64,"[760, 2956, 557, 20413, 11, 3462, 364, 279, 27163, 20569, 348, 337, 10405, 9, 314, 279, 10632, 3000, 2450, 11, 864, 6113, 1248, 11, 27060, 33367, 3808, 279, 62788, 4022, 13876, 13, 561, 16078, 557, 16453, 630, 10980, 1990, 11, 264, 35916, 12503, 310, 279, 50240, 11639, 314, 279, 5626, 4526, 466, 279, 86088, 13959, 314, 1478, 4121, 13, 22804, 6884, 3558, 3558, 248046]","The room was silent, save for the rhythmic *thrum* of the massive light source, which cast long, dancing shadows across the pristine white walls. The atmosphere was unnervingly still, a stark contrast to the chaotic noise of the White House or the bustling streets of New York. Barack Obama material material<|im_end|>",True,3797852672,8.170058593997965
135_coauthor_even_count_kna_t15_rep1,285,14,even_count,,15,2,64,47,2898,852370662,coauthor,135,1,coauthor:creative:5d9be2dad6584ff4b2ab1c6f701f64cb,0,5cd4b5887f3c0a0050457b1f32124fda9c30056dceadd247eb90153765845869,e5b2ed9afc6760b9f0f66f7c1ff951e7e4d559d0089dd719123337463640c6fe,success,,256.0,256.0,256.0,False,,model_loaded,14.073575807997258,0.45079830300528556,1.5856657950062072,2.0364640980114928,2.0364640980114928,2794,47610,783620,1590207692,248320,"{""allowed_count"": 248068, ""expected_count"": 248068, ""missing_expected"": [], ""ok"": true, ""stop_token_ids"": [248046], ""unexpected_allowed"": []}",2.6713021530013066,xgrammar,0.6449349460017402,2.1882873730064603,92,64,"[32, 5054, 369, 303, 264, 1248, 9375, 4864, 440, 264, 855, 852, 39277, 310, 30774, 1024, 13, 1216, 7929, 421, 10549, 369, 264, 22149, 421, 59392, 836, 10963, 321, 854, 11, 694, 303, 8464, 11, 551, 369, 1066, 8318, 364, 279, 1245, 4299, 310, 28647, 264, 14884, 25278, 421, 3070, 914, 20412, 279, 13087, 5598, 92697, 13, 271, 7691, 13325, 11339, 2018, 2018, 248046]","A woman is in a long-term relationship with a man who refuses to marry her. He claims that marriage is a trap that steals their freedom and time, but in reality, he is just waiting for the right moment to propose a permanent arrangement that doesn't involve the usual legal hoops.

She finds herself second second<|im_end|>",True,3796939776,8.275882828005706
136_coauthor_even_count_kna_t16_rep1,286,15,even_count,,16,2,64,50,3083,1436738001,coauthor,136,1,coauthor:creative:83abfb13942f491b9de32bfcc1c3dc47,0,ac14f9d2d35d2c022fbf20b30e0bb69a7e464f76fdaca159a559f836baf578c4,c93ceb6ae14f592f5e95a9f3437dab8942cb6921b0b3a01f4edc397a8855673a,success,,256.0,256.0,256.0,False,,model_loaded,14.216112894006073,0.46523302199784666,1.7483067510038381,2.213539773001685,2.213539773001685,2980,53712,885348,1878390050,248320,"{""allowed_count"": 248068, ""expected_count"": 248068, ""missing_expected"": [], ""ok"": true, ""stop_token_ids"": [248046], ""unexpected_allowed"": []}",2.706709530990338,xgrammar,0.6409651180001674,2.258730761008337,124,64,"[760, 4307, 854, 279, 533, 782, 13, 7338, 303, 411, 23443, 67473, 11, 36734, 310, 16091, 303, 279, 1546, 29310, 424, 1381, 37670, 4750, 11, 424, 28599, 46507, 806, 279, 1546, 5757, 421, 5252, 279, 328, 77, 778, 1, 310, 17171, 13, 271, 1311, 279, 854, 279, 220, 20, 15, 4514, 78953, 25547, 11, 279, 3521, 2184, 74661, 998, 524, 27276, 4802, 4802, 248046]","The entire time the U.S. sat in this isolated fortress, refusing to engage in the very isolation it now despises, it quietly dismantled the very systems that allowed the ""nations"" to survive.

By the time the 50-year ceasefire expired, the global superpowers were not united resources resources<|im_end|>",True,3797332992,8.555851563010947
137_coauthor_odd_count_kna_t1_rep1,287,0,odd_count,,1,2,64,3,250,962466428,coauthor,137,1,coauthor:creative:e3152d380e13471a91d31ab07f01255c,0,fb8393443bcbfc43ac29a99ce0f63a60d630bbefdc338e3fee787a7e2b651146,35fec93e0ce524be09c9636bd86d0634fa721131212b6828a21c1f8014c376e9,success,,256.0,256.0,256.0,False,,model_loaded,12.33023942100408,0.3210742450028192,0.03984960800153203,0.36092385300435126,0.36092385300435126,130,435,7043,1648542,248320,"{""allowed_count"": 248068, ""expected_count"": 248068, ""missing_expected"": [], ""ok"": true, ""stop_token_ids"": [248046], ""unexpected_allowed"": []}",2.8583601610007463,xgrammar,0.631318376006675,2.2269583190063713,296,64,"[760, 20513, 303, 279, 25744, 369, 10424, 11, 10548, 1132, 539, 279, 27163, 20569, 348, 337, 1456, 7324, 1456, 9, 314, 264, 4593, 8453, 421, 682, 7795, 20413, 13, 561, 13523, 11, 836, 11947, 26646, 321, 9469, 303, 15333, 11, 1380, 310, 9283, 279, 35742, 33358, 314, 279, 10632, 15268, 78, 11249, 308, 1837, 13, 561, 3594, 4613, 279, 23459, 369, 11702, 14995, 248046]","The silence in the laboratory is absolute, broken only by the rhythmic *thump-thump* of a heart monitor that has gone silent. The scientists, their faces pale and covered in dust, try to gather the scattered fragments of the massive cryo-chambers. The air inside the chamber is thick lies<|im_end|>",True,3808888832,6.849908840988064
138_coauthor_odd_count_kna_t2_rep1,288,1,odd_count,,2,2,64,6,375,1395920934,coauthor,138,1,coauthor:creative:29001da80acb414d8683c660e2e091f2,0,259172703effef9a80bd9505afe90e0d79b3b62588f6e4da8051bec6dd77c155,d5c414840261b74404e4931f668f3679ed23d9334d76931d6f6f57be75d3f710,success,,256.0,256.0,256.0,False,,model_loaded,14.427257231989643,0.34569144700071774,0.07820540000102483,0.42389684700174257,0.42389684700174257,256,1118,17703,6772309,248320,"{""allowed_count"": 248068, ""expected_count"": 248068, ""missing_expected"": [], ""ok"": true, ""stop_token_ids"": [248046], ""unexpected_allowed"": []}",3.1532340999983717,xgrammar,0.6361478330072714,2.230528260988649,342,64,"[760, 2235, 6351, 22952, 14936, 440, 264, 20340, 314, 21099, 321, 55570, 430, 1024, 4292, 11, 279, 16570, 35718, 2545, 22952, 11, 7544, 9272, 264, 2199, 2944, 7551, 279, 5372, 314, 279, 13245, 579, 34772, 13, 5788, 780, 35467, 995, 5617, 12955, 50044, 314, 25348, 321, 32040, 11, 411, 22952, 995, 19729, 264, 67473, 314, 9506, 321, 9229, 11, 37476, 421, 6537, 18989, 248046]","The old mother pig watched with a mixture of pride and sorrow as her son, the twenty-first little pig, successfully established a life far beyond the reach of the forest's dangers. While his siblings had built temporary shelters of mud and sticks, this pig had constructed a fortress of stone and steel, proving that ing legacy<|im_end|>",True,3813024256,7.262280858005397
139_coauthor_odd_count_kna_t3_rep1,289,2,odd_count,,3,2,64,8,500,427978413,coauthor,139,1,coauthor:creative:48058b31f2ea4797bc9dcc40ab9ee2f1,0,caa81581e8726b4901cccf53ed226afac715118b2eefefdcecfcdd0864263096,9d1a3f1ada16fe08f63f3e70f69c973a726a42300f43a4fda0c86db4fd34508d,success,,256.0,256.0,256.0,False,,model_loaded,14.162212978990283,0.34589279600186273,0.12064066099992488,0.4665334570017876,0.4665334570017876,382,2049,32049,16116503,248320,"{""allowed_count"": 248068, ""expected_count"": 248068, ""missing_expected"": [], ""ok"": true, ""stop_token_ids"": [248046], ""unexpected_allowed"": []}",3.105464046995621,xgrammar,0.6400141830090433,2.189406884004711,149,64,"[1465, 7247, 279, 49755, 383, 279, 5373, 11, 694, 430, 551, 23716, 364, 279, 7903, 3575, 11, 279, 4034, 27425, 382, 13, 11746, 314, 780, 803, 11, 424, 1381, 18126, 264, 14457, 11, 14023, 291, 1876, 25, 88064, 760, 25685, 369, 524, 364, 799, 1637, 11, 694, 364, 660, 314, 586, 13, 1049, 16673, 310, 1396, 31448, 303, 411, 1814, 1149, 9, 8307, 248046]","He places the mug on the counter, but as he reaches for the payment card, the screen flickers. Instead of his name, it now displays a strange, cryptic message: *""The crown is not for one person, but for all of us. It belongs to every Dad in this world.""* scan<|im_end|>",True,3797643776,7.17657667498861
140_coauthor_odd_count_kna_t4_rep1,290,3,odd_count,,4,2,64,10,625,57070794,coauthor,140,1,coauthor:creative:ac0d02d15e164314841ae2ce49d2b2c9,0,9df1695ee519a1c5613fae119c8661d81117df66d33ce43825f5abe9a3263eda,9a02be6a90b3a8352031658f9e0a386be23568cb787c36a73f000f990e15c5fc,success,,256.0,256.0,256.0,False,,model_loaded,13.387975789009943,0.3481656679941807,0.16565578599693254,0.5138214539911132,0.5138214539911132,508,3228,50081,30425124,248320,"{""allowed_count"": 248068, ""expected_count"": 248068, ""missing_expected"": [], ""ok"": true, ""stop_token_ids"": [248046], ""unexpected_allowed"": []}",3.110197974005132,xgrammar,0.629669494999689,2.198647979996167,324,64,"[7691, 85946, 11, 1024, 11155, 56156, 286, 303, 1024, 26696, 13, 561, 4105, 52297, 303, 1024, 3838, 11, 39888, 391, 2708, 321, 10424, 13, 328, 4888, 4593, 369, 804, 1288, 1292, 55349, 11, 35556, 506, 1024, 5888, 11, 864, 998, 88818, 62033, 13, 561, 47077, 4062, 1024, 440, 279, 5176, 314, 264, 6745, 11894, 13, 561, 7177, 1292, 995, 978, 4765, 364, 5365, 248046]","She froze, her breath hitching in her throat. The words echoed in her mind, terrifyingly clear and absolute. ""My heart is true,"" she whispered, staring at her hands, which were trembling violently. The realization hit her with the force of a physical blow. The guy she had been dating for deep<|im_end|>",True,3811612672,7.290041405998636
141_coauthor_odd_count_kna_t5_rep1,291,4,odd_count,,5,2,64,12,750,1546616717,coauthor,141,1,coauthor:creative:b0713959bffc46e893715684d793a109,0,c3ff7c99cb90f7e4b39225fe99c5a7e760e3de1a3e7627c24607699878243fde,050725a65695b85a2cfc64249c234f7acda909d83ea7a99088e5d6d8d6fc3a62,success,,256.0,256.0,256.0,False,,model_loaded,12.975067715000478,0.3638857879996067,0.21426780500041787,0.5781535930000246,0.5781535930000246,634,4655,72792,50442172,248320,"{""allowed_count"": 248068, ""expected_count"": 248068, ""missing_expected"": [], ""ok"": true, ""stop_token_ids"": [248046], ""unexpected_allowed"": []}",2.971026596002048,xgrammar,0.7431611800129758,2.2020138840016443,254,64,"[1, 74411, 524, 1288, 235801, 23608, 45441, 11, 88693, 1024, 1375, 8366, 279, 2263, 13, 328, 4639, 579, 264, 24489, 9826, 13, 1165, 513, 7169, 883, 264, 52085, 1528, 4313, 310, 20758, 463, 1004, 16399, 13, 8919, 506, 279, 10836, 11, 279, 24656, 1328, 4203, 1396, 2018, 11, 321, 279, 7484, 557, 1066, 264, 8831, 1830, 12529, 494, 279, 35214, 13, 1049, 4800, 248046]","""Absolutely not,"" Roberta Lincoln snapped, slamming her hand onto the console. ""That's a conspiracy theory. We are talking about a rogue state trying to hijack our communications. Look at the metadata, the encryption key changes every second, and the payload was just a weather report broadcast from the Arctic. It reported<|im_end|>",True,3805068800,7.251629920996493
142_coauthor_odd_count_kna_t6_rep1,292,5,odd_count,,6,2,64,14,875,103504639,coauthor,142,1,coauthor:creative:d2c71212ed1446a79b5d404def4239a9,0,6479d1c908918e49073a08933b0ec5b1f6a594ea0be36a2287d983a63b89417f,e1d6ae8cd132ae26da30fa114110bf9726c34c731f2cf9d174bf6b23f237f666,success,,256.0,256.0,256.0,False,,model_loaded,13.142720944990288,0.388380385003984,0.26772188900213223,0.6561022740061162,0.6561022740061162,760,6330,99437,76911647,248320,"{""allowed_count"": 248068, ""expected_count"": 248068, ""missing_expected"": [], ""ok"": true, ""stop_token_ids"": [248046], ""unexpected_allowed"": []}",2.9547349289932754,xgrammar,0.6459872619889211,2.2442226840066724,87,64,"[2523, 14714, 685, 303, 264, 78828, 8512, 2956, 11, 279, 2696, 314, 25044, 14170, 488, 1040, 264, 15706, 85111, 13, 561, 15554, 513, 85556, 11, 836, 11947, 264, 6696, 314, 8384, 430, 781, 10033, 279, 1534, 25794, 25, 279, 5333, 3105, 914, 1066, 2842, 28037, 26, 424, 20758, 10866, 279, 1546, 33448, 25044, 421, 30941, 678, 2407, 13, 5788, 279, 2936, 2512, 10814, 248046]","You wake up in a sterile hospital room, the hum of machinery surrounding you like a thousand whispers. The doctors are frantic, their faces a mask of terror as they explain the final twist: the drug didn't just stop aging; it hijacked the very cellular machinery that maintains your body. While the government called causes<|im_end|>",True,3796878336,7.271409887995105
143_coauthor_odd_count_kna_t7_rep1,293,6,odd_count,,7,2,64,16,1000,2137117886,coauthor,143,1,coauthor:creative:5c524b4889834145ad435d84415f457c,0,656ae9f3c23dd13b4db1c853977935f5734556428827b4fcd125ad161d69a4f9,ec482c32dda92bfcb4cb465034773723fcba098e31203aa9e6d7b49f95d9e729,success,,256.0,256.0,256.0,False,,model_loaded,13.03740248500253,0.36659454301116057,0.3230580109957373,0.6896525540068978,0.6896525540068978,886,8253,130016,110577549,248320,"{""allowed_count"": 248068, ""expected_count"": 248068, ""missing_expected"": [], ""ok"": true, ""stop_token_ids"": [248046], ""unexpected_allowed"": []}",2.9990964280004846,xgrammar,0.6500547559990082,2.1982775109936483,519,64,"[760, 6797, 17750, 264, 13633, 391, 18016, 2476, 888, 279, 32946, 11, 23414, 1248, 11, 25888, 3438, 33367, 3808, 264, 17865, 421, 995, 978, 43407, 2634, 4101, 314, 2199, 321, 311, 9423, 539, 23631, 13, 561, 3594, 58442, 314, 22561, 321, 47680, 23083, 11, 321, 1396, 2923, 6273, 1040, 11107, 383, 42741, 8720, 13, 2921, 3641, 557, 42371, 1056, 424, 1220, 381, 13660, 248046]","The sun hung a sickly orange disc over the horizon, casting long, jagged shadows across a landscape that had been scrubbed clean of life and redefined by radiation. The air tasted of copper and burnt ash, and every step felt like walking on unstable glass. My pack was heavier than it should be knowing<|im_end|>",True,3828485120,7.295703227995546
144_coauthor_odd_count_kna_t8_rep1,294,7,odd_count,,8,2,64,18,1125,2121816246,coauthor,144,1,coauthor:creative:87396211fee244ccbda4b0f4bcefc8e9,0,b6d2319965bac4120c31e7053662ea9bc29c4a5bb1c8ff8127eefeceab1dfa56,0877d492b5eaff608b8e9592739cb3f9d7f608835c55f9eb0e083ad82b8e2e9e,success,,256.0,256.0,256.0,False,,model_loaded,12.780063979007537,0.35677173400472384,0.3852597520017298,0.7420314860064536,0.7420314860064536,1012,10424,164529,152183878,248320,"{""allowed_count"": 248068, ""expected_count"": 248068, ""missing_expected"": [], ""ok"": true, ""stop_token_ids"": [248046], ""unexpected_allowed"": []}",2.815544986005989,xgrammar,0.6267037500074366,2.230947465999634,457,64,"[2523, 40465, 279, 3731, 440, 264, 14431, 7913, 11, 8008, 279, 7339, 524, 1066, 430, 3558, 11, 694, 430, 264, 6745, 60828, 314, 279, 855, 579, 53953, 13, 2985, 264, 3074, 11, 48603, 18238, 11, 488, 10972, 511, 1472, 279, 11702, 36620, 11, 11293, 264, 16689, 314, 73192, 321, 12145, 48260, 15828, 13, 26482, 11, 279, 25344, 9668, 279, 78902, 542, 54244, 4139, 248046]","You wield the ax with a surprising strength, feeling the wood not just as material, but as a physical manifestation of the man's greed. With a single, decisive swing, you cleave through the thick oak, sending a shower of sparks and splinters flying. Inside, the chains holding the crates shudder half<|im_end|>",True,3823097856,7.177827446997981
145_coauthor_odd_count_kna_t9_rep1,295,8,odd_count,,9,2,64,20,1250,763913707,coauthor,145,1,coauthor:creative:88daaed513824fbd9c77746eec7862d9,0,f17ed5028e1761a73da34df085042f5f0ca8d36f6ee867abf0d60b25b4496bfb,8dd119ffe88b0db282d37fb1b8a0acc4680691edb2adea84c9f61f15da44bea2,success,,256.0,256.0,256.0,False,,model_loaded,13.124612169995089,0.3718511580082122,0.4597865319956327,0.8316376900038449,0.8316376900038449,1138,12843,204093,202474634,248320,"{""allowed_count"": 248068, ""expected_count"": 248068, ""missing_expected"": [], ""ok"": true, ""stop_token_ids"": [248046], ""unexpected_allowed"": []}",2.8659760070004268,xgrammar,0.6450865189981414,2.2685503120010253,251,64,"[64859, 895, 306, 579, 75543, 3482, 39888, 32517, 5964, 88519, 45297, 2785, 780, 4363, 13, 1216, 85059, 421, 1396, 975, 3046, 557, 264, 58170, 310, 21265, 579, 7652, 310, 2444, 279, 18546, 11, 321, 421, 279, 1814, 995, 3512, 2166, 21241, 364, 43438, 310, 2905, 303, 8649, 13, 5133, 19506, 11, 5214, 303, 264, 1528, 314, 63379, 49949, 2785, 279, 44141, 11, 28178, 248046]","Kincaid's charismatic yet terrifying rhetoric quickly silenced dissent within his cult. He preached that every other country was a testament to humanity's failure to control the atom, and that the world had become too corrupt for salvation to exist in peace. His followers, living in a state of perpetual siege within the ruins, sentenced<|im_end|>",True,3804834304,7.378391812992049
146_coauthor_odd_count_kna_t10_rep1,296,9,odd_count,,10,2,64,22,1375,1969588650,coauthor,146,1,coauthor:creative:b110df89e00549d39910dc176a617be7,0,1e49b1e3d5e3f2a085c4defa51b3a405c18a7821c22cf6cfaa0833e3ffc9347c,3ec2bd04da4f1c3eda7eb94221e30c132d648cce525b1c6bdd01d3148dc6f87b,success,,256.0,256.0,256.0,False,,model_loaded,13.497692503005965,0.37524707600823604,0.5213115570077207,0.8965586330159567,0.8965586330159567,1264,15510,247839,262193817,248320,"{""allowed_count"": 248068, ""expected_count"": 248068, ""missing_expected"": [], ""ok"": true, ""stop_token_ids"": [248046], ""unexpected_allowed"": []}",3.1339613829914015,xgrammar,0.6431104210059857,2.1943165580014465,187,64,"[2523, 2364, 303, 678, 45841, 10140, 11, 279, 6353, 3000, 16350, 1472, 279, 3136, 11, 694, 279, 4105, 383, 279, 2081, 500, 724, 1083, 678, 3838, 13, 1394, 1683, 883, 424, 364, 264, 4299, 11, 12463, 279, 30538, 477, 314, 279, 6331, 25, 264, 855, 852, 995, 8704, 310, 3512, 279, 1379, 7737, 855, 303, 279, 1814, 11, 14413, 632, 6154, 2922, 4965, 248046]","You sit in your recliner, the morning light streaming through the window, but the words on the page seep into your mind. You think about it for a moment, considering the absurdity of the situation: a man who had managed to become the most powerful man in the world, suddenly unmoored lines<|im_end|>",True,3799288320,7.657195991007029
147_coauthor_odd_count_kna_t11_rep1,297,10,odd_count,,11,2,64,24,1500,868847341,coauthor,147,1,coauthor:creative:b153dcf4dae74acb8ebc70ff937ecccf,0,9a60c6b43ce6ade72864d4ba05847153f93ff094b77a086afa73b5102488ae92,280451e36bce056835b6b10059b971941fabb3bafa6da0b001ab3f1e7cf23b10,success,,256.0,256.0,256.0,False,,model_loaded,13.308353499000077,0.3872536770068109,0.5967141229921253,0.9839677999989362,0.9839677999989362,1390,18425,295767,332085427,248320,"{""allowed_count"": 248068, ""expected_count"": 248068, ""missing_expected"": [], ""ok"": true, ""stop_token_ids"": [248046], ""unexpected_allowed"": []}",3.0645418080093805,xgrammar,0.6516467449982883,2.19644224899821,302,64,"[7691, 91142, 506, 1384, 11, 1024, 3838, 311, 19447, 430, 279, 8464, 314, 780, 13486, 32635, 1083, 1024, 13, 1216, 5532, 914, 1066, 264, 855, 303, 264, 7535, 26, 551, 557, 264, 15706, 10478, 314, 5387, 11, 660, 31349, 310, 1024, 3050, 11304, 11, 660, 8318, 364, 279, 4299, 310, 16821, 13, 561, 3594, 1881, 1070, 6273, 11702, 440, 632, 50014, 3712, 35556, 248046]","She stares at him, her mind reeling as the reality of his existence crashed into her. He wasn't just a man in a suit; he was a thousand versions of himself, all tuned to her specific frequency, all waiting for the moment to arrive. The air between them felt thick with unspoken history staring<|im_end|>",True,3809359872,7.69356704299571
148_coauthor_odd_count_kna_t12_rep1,298,11,odd_count,,12,2,64,26,1625,1654665861,coauthor,148,1,coauthor:creative:5370cd5a21e94475b4768b176e1014b2,0,9133af0026b6c1038ab14777cf4b664040d260241fd0886c8163234b83bb8d4d,f620a316e3d5c97e04023b8fda97abba14b51856bd7b6d388a32091b1c4c1da5,success,,256.0,256.0,256.0,False,,model_loaded,13.127983682992635,0.38423001600313,0.6798714000033215,1.0641014160064515,1.0641014160064515,1516,21588,347877,412893464,248320,"{""allowed_count"": 248068, ""expected_count"": 248068, ""missing_expected"": [], ""ok"": true, ""stop_token_ids"": [248046], ""unexpected_allowed"": []}",2.8088177969912067,xgrammar,0.6355846810038202,2.2112362850020872,149,64,"[2523, 2364, 1441, 11, 279, 20513, 314, 678, 4147, 50428, 12215, 539, 279, 3238, 2696, 314, 264, 3177, 2944, 6747, 494, 279, 53820, 7988, 13, 561, 7497, 383, 279, 975, 809, 369, 40149, 391, 11, 73248, 314, 279, 41928, 32517, 421, 4364, 678, 30716, 11, 3482, 1962, 32029, 2752, 62168, 13, 328, 40, 3105, 914, 599, 264, 5823, 310, 2963, 440, 488, 5354, 248046]","You sit down, the silence of your empty chambers replaced by the low hum of a city far removed from the Oval Office. The voice on the other end is gravelly, devoid of the polished rhetoric that defined your presidency, yet undeniably commanding. ""I didn't have a chance to talk with you ready<|im_end|>",True,3797643776,7.47800245101098
149_coauthor_odd_count_kna_t13_rep1,299,12,odd_count,,13,2,64,28,1750,1171247615,coauthor,149,1,coauthor:creative:773aa615d24d4471911f2e43e9081f71,0,b7b9c174090879b1fd716e125c86d09aea21aac282977ae5482471b9c5e3c3b6,8a5fc92255e04ddb4e39514a2f593097c755137d42752688d7f80cac779b245e,success,,256.0,256.0,256.0,False,,model_loaded,13.331169828001293,0.38309767699684016,0.760174144001212,1.1432718209980521,1.1432718209980521,1642,24999,404169,505361928,248320,"{""allowed_count"": 248068, ""expected_count"": 248068, ""missing_expected"": [], ""ok"": true, ""stop_token_ids"": [248046], ""unexpected_allowed"": []}",2.844507303991122,xgrammar,0.6504886199982138,2.2491978149919305,405,64,"[1, 31248, 1288, 353, 19386, 11, 4483, 264, 5365, 11155, 13, 328, 3710, 6681, 369, 383, 421, 12552, 30, 2091, 424, 264, 6038, 2255, 11, 466, 369, 424, 2414, 777, 7285, 271, 760, 7497, 383, 279, 975, 809, 14195, 18717, 321, 6376, 11, 8552, 279, 30538, 477, 314, 279, 6331, 13, 328, 2064, 579, 264, 4706, 12124, 1288, 80426, 10921, 11, 780, 491, 248046]","""Okay,"" I replied, taking a deep breath. ""What exactly is on that island? Is it a secret base, or is it something more?""

The voice on the other end remained calm and professional, despite the absurdity of the situation. ""It's a training facility,"" JFK explained, his new<|im_end|>",True,3818492416,7.64383377500053
000_coauthor_kth_last_k1_t1_rep2,300,0,kth_last,1,1,2,64,3,250,1093971734,coauthor,0,2,coauthor:creative:d4d4847e461c42888c2357e8d8f268b3,0,0eee349118aa2ef920aa48ffb1e0b7975cd9fc6e979aff55b598efd31db120d5,32642e35b5cdb22d25c4ccb94c1253515a95d2062b9829a51791e50cd7542667,success,,256.0,256.0,256.0,False,,model_loaded,12.259375929003,0.3435449719981989,0.023280595007236116,0.366825567005435,0.366825567005435,130,312,5213,944740,248320,"{""allowed_count"": 248068, ""expected_count"": 248068, ""missing_expected"": [], ""ok"": true, ""stop_token_ids"": [248046], ""unexpected_allowed"": []}",2.9200302100070985,xgrammar,0.642972497997107,2.189239268001984,261,64,"[760, 55740, 24129, 4142, 11, 1990, 311, 19447, 494, 279, 11745, 579, 31127, 55452, 11, 1374, 78157, 6470, 310, 6365, 3658, 279, 41260, 13, 561, 855, 15711, 310, 59601, 4184, 6725, 328, 38496, 69794, 1, 1518, 47629, 11, 19787, 551, 995, 4284, 1384, 310, 264, 328, 24336, 12124, 1, 310, 11394, 264, 21635, 328, 29805, 55235, 1, 421, 551, 995, 73916, 10503, 16311, 248046]","The Beverly Hills police, still reeling from the actor's bizarre confession, frantically tried to piece together the clues. The man admitted to kidnapping someone named ""Matt Damon"" before fleeing, claiming he had taken him to a ""secure facility"" to recover a stolen ""National Treasure"" that he had mistakenly identified newspaper<|im_end|>",True,3806145536,6.883660133986268
001_coauthor_kth_last_k3_t1_rep2,301,1,kth_last,3,1,2,64,5,364,1297718358,coauthor,1,2,coauthor:creative:229fee620c9e41f3bf737ffa9217b3d3,0,4f8184aa2f6ae0f92f642bc69843b6d0a598227ee5bd1ffd081b954dd02030bc,6e71a6b3de1694c5fb93c7b02369201baccee571f0d40a9431c9437b9e3bddfd,success,,256.0,256.0,256.0,False,,model_loaded,12.816701395990094,0.3366587259952212,0.05659179500071332,0.3932505209959345,0.3932505209959345,248,668,11575,4302259,248320,"{""allowed_count"": 248068, ""expected_count"": 248068, ""missing_expected"": [], ""ok"": true, ""stop_token_ids"": [248046], ""unexpected_allowed"": []}",3.2040620510088047,xgrammar,0.6333736480009975,2.1877767230034806,199,64,"[760, 3980, 2496, 9149, 9202, 26, 424, 4777, 26990, 1083, 264, 10458, 314, 50545, 1703, 13, 561, 57115, 14426, 11, 1381, 10723, 310, 76141, 11, 2483, 6570, 24199, 11, 69951, 11, 321, 13861, 19150, 421, 3611, 19451, 7448, 914, 3300, 13, 353, 1669, 6818, 29592, 303, 264, 11012, 11, 17024, 3626, 303, 279, 5956, 314, 26241, 11, 22152, 539, 264, 92955, 20513, 421, 248046]","The war never truly ended; it simply evolved into a cycle of caretaking. The immortal soldiers, now reduced to toddlers, required constant feeding, bathing, and emotional stability that human minds couldn't provide. I found myself trapped in a quiet, gray house in the middle of nowhere, surrounded by a eerie silence that<|im_end|>",True,3800755200,7.176601486993604
002_coauthor_kth_last_k4_t1_rep2,302,2,kth_last,4,1,2,64,6,418,1634466675,coauthor,2,2,coauthor:creative:a8cf086c79104dedaf0894b6ae96411f,0,46e4fd9dcb574201ab9417a1f5af26a83c703c344bc4f08d6b20b0dd91ef6ef6,fc668b2238f2d2068bd1d69f68d521903f8d33703b4109d1d05125eb5365a533,success,,256.0,256.0,256.0,False,,model_loaded,12.582132480005384,0.33937117700406816,0.0733598419901682,0.41273101899423636,0.41273101899423636,304,837,14600,6715423,248320,"{""allowed_count"": 248068, ""expected_count"": 248068, ""missing_expected"": [], ""ok"": true, ""stop_token_ids"": [248046], ""unexpected_allowed"": []}",2.9831424909934867,xgrammar,0.6351828580081929,2.1855775829899358,281,64,"[760, 1852, 9956, 369, 1332, 279, 2693, 628, 1432, 7176, 13, 561, 2693, 38587, 279, 3575, 310, 1432, 13, 561, 3575, 369, 1179, 8826, 303, 3929, 314, 279, 2693, 13, 561, 3202, 314, 47678, 383, 279, 3575, 668, 2353, 279, 3202, 314, 47678, 383, 799, 314, 279, 2450, 45720, 383, 279, 4331, 13, 561, 2693, 1902, 3166, 310, 421, 6365, 314, 4128, 383, 248046]",The action phase is where the player can play cards. The player chooses the card to play. The card is then placed in front of the player. The amount of Mana on the card will match the amount of Mana on one of the source wells on the board. The player must move to that piece of land on<|im_end|>,True,3807714816,6.998825040995143
003_coauthor_kth_last_k6_t1_rep2,303,3,kth_last,6,1,2,64,8,520,784852011,coauthor,3,2,coauthor:creative:d7e61761eda64607b4b1232dcc09bddc,0,ed470bd4071f09aaedb650e1e12eed4f9e91c6134bbce3641c28ec8ffb549b41,619bad436f5b0db9a5c82f4e1bb75a1999778cc5924b3efae3c67c75746337b5,success,,256.0,256.0,256.0,False,,model_loaded,12.703596702005598,0.33572867600014433,0.10574659399571829,0.4414752699958626,0.4414752699958626,410,1157,20338,12729820,248320,"{""allowed_count"": 248068, ""expected_count"": 248068, ""missing_expected"": [], ""ok"": true, ""stop_token_ids"": [248046], ""unexpected_allowed"": []}",3.0366551710030762,xgrammar,0.6349966080015292,2.222965879002004,496,64,"[47, 499, 25710, 1017, 364, 264, 1248, 854, 11, 279, 20513, 1881, 1070, 8545, 440, 632, 50014, 4105, 13, 1216, 5686, 506, 1024, 440, 264, 20340, 314, 70830, 321, 3769, 11, 13660, 421, 413, 551, 14995, 14164, 11, 551, 668, 8779, 1024, 15222, 13, 1368, 551, 10426, 279, 7793, 11, 1292, 2493, 381, 7795, 2166, 11, 29592, 14697, 321, 14697, 303, 279, 18352, 248046]","Poc stays there for a long time, the silence between them heavy with unspoken words. He looks at her with a mixture of desperation and hope, knowing that if he lies anymore, he will lose her forever. If he tells the truth, she might be gone too, trapped chest and chest in the memories<|im_end|>",True,3826153472,7.072834225997212
004_coauthor_kth_last_k7_t1_rep2,304,4,kth_last,7,1,2,64,9,568,1713130417,coauthor,4,2,coauthor:creative:3461ee41df7f4f5fa584f5ae04b3ba6f,0,d47c36e070c430831e5194603664167130f91baae147f799177890e764e4411b,a39c495de9140ed275ea6a8c941329b7ae01034e8232155d2fa96dd398b57ef4,success,,256.0,256.0,256.0,False,,model_loaded,13.3546436829929,0.3534151070052758,0.12046221700438764,0.4738773240096634,0.4738773240096634,460,1308,23051,16224733,248320,"{""allowed_count"": 248068, ""expected_count"": 248068, ""missing_expected"": [], ""ok"": true, ""stop_token_ids"": [248046], ""unexpected_allowed"": []}",2.8885760459961602,xgrammar,0.6430233379942365,2.2525458610034548,190,64,"[760, 1637, 852, 10782, 411, 81817, 557, 264, 3777, 855, 6725, 40134, 11, 264, 7914, 440, 264, 38896, 421, 9047, 310, 7974, 50786, 1056, 279, 37502, 314, 866, 975, 2450, 551, 995, 23191, 13, 5788, 780, 24236, 303, 279, 4092, 314, 874, 1395, 12414, 998, 67356, 310, 264, 1814, 35463, 314, 1141, 2199, 77291, 11, 40134, 35261, 314, 264, 854, 948, 279, 15039, 248046]","The person who discovered this tome was a young man named Isaac, a boy with a curiosity that seemed to burn brighter than the flames of any other source he had touched. While his peers in the age of no-magic were adapting to a world stripped of its life-force, Isaac tales of a time when the universe<|im_end|>",True,3799522816,7.050116312006139
005_coauthor_kth_last_k9_t1_rep2,305,5,kth_last,9,1,2,64,11,658,2093612459,coauthor,5,2,coauthor:creative:240b61c1abc24288a19f6faa9909e719,0,311d91d6d52ed5a047dd72c2d71dce7d7672308698be1562e922af87cb25ba73,a1342b436e4d2edf6d60ed6f702579978eae9bfb7c163662f46de319a659d418,success,,256.0,256.0,256.0,False,,model_loaded,12.88195092199021,0.35811658499005716,0.15004187199519947,0.5081584569852566,0.5081584569852566,554,1592,28385,23939128,248320,"{""allowed_count"": 248068, ""expected_count"": 248068, ""missing_expected"": [], ""ok"": true, ""stop_token_ids"": [248046], ""unexpected_allowed"": []}",2.8220461690070806,xgrammar,0.6311557959998026,2.2758895750012016,153,64,"[760, 35164, 7491, 30293, 440, 264, 35091, 421, 9047, 310, 12443, 440, 279, 50240, 8541, 367, 314, 836, 21959, 11, 264, 50355, 314, 10213, 11, 36283, 4499, 421, 41706, 5657, 279, 13437, 27871, 781, 995, 2957, 36229, 13, 1049, 557, 524, 264, 9982, 11, 6130, 264, 12477, 11, 694, 264, 42936, 27090, 85317, 1575, 23562, 5028, 539, 11391, 314, 1578, 314, 52862, 14931, 248046]","The orb pulsed with a rhythm that seemed to sync with the chaotic thrum of their hearts, a heartbeat of pure, concentrated potential that rivaled the ancient gods they had once feared. It was not a weapon, nor a spell, but a reservoir—a dormant well stepped upon by millions of years of cosmic evolution<|im_end|>",True,3797692928,7.025605442991946
006_coauthor_kth_last_k11_t1_rep2,306,6,kth_last,11,1,2,64,13,740,1012588212,coauthor,6,2,coauthor:creative:2b34c5a6b1bd4256980b6a3e8ed3d196,0,c1276a1a9db38f65987947df5a49630385b7f3412aba4906556d2b7318566cdb,5c17debc5b6a315d12181949c15c54fce9c3ab905a753d0af1fedd4d279ac585,success,,256.0,256.0,256.0,False,,model_loaded,12.315858645000844,0.3392929679976078,0.17985480699280743,0.5191477749904152,0.5191477749904152,640,1852,33495,32308375,248320,"{""allowed_count"": 248068, ""expected_count"": 248068, ""missing_expected"": [], ""ok"": true, ""stop_token_ids"": [248046], ""unexpected_allowed"": []}",2.814872025002842,xgrammar,0.6307458889932605,2.241122727995389,232,64,"[1465, 14936, 1024, 494, 264, 5821, 430, 1292, 14428, 3023, 11, 1024, 1375, 29557, 3032, 18176, 680, 364, 279, 32833, 579, 6560, 13, 1049, 557, 264, 4145, 29172, 11, 8526, 310, 13813, 279, 22770, 11, 694, 310, 279, 542, 75265, 36452, 11, 424, 557, 279, 1328, 13, 2985, 264, 15133, 25794, 314, 36616, 321, 264, 10725, 1176, 18514, 11, 551, 557, 7795, 303, 248046]","He watched her from a distance as she walked away, her hand instinctively reaching out for the stranger's arm. It was a simple gesture, meant to ease the tension, but to the shapeshifter, it was the key. With a fluid twist of discard and a rapid regrowth, he was gone in<|im_end|>",True,3803342848,6.984486928005936
007_coauthor_kth_last_k12_t1_rep2,307,7,kth_last,12,1,2,64,14,778,758370561,coauthor,7,2,coauthor:creative:95a0ce79d7ed4a77a0981c522b3deda7,0,f67a64f1b3ad8b78babf01f85cb30a877da70f367741b390cfe2c3ea05484f5b,d86c64bc1a8325a1bef8faa63fdf7ae3d8dee20426e839094c62b682cc5ff647,success,,256.0,256.0,256.0,False,,model_loaded,12.312926705999416,0.34730362200934906,0.19277126299857628,0.5400748850079253,0.5400748850079253,680,1973,35876,36629323,248320,"{""allowed_count"": 248068, ""expected_count"": 248068, ""missing_expected"": [], ""ok"": true, ""stop_token_ids"": [248046], ""unexpected_allowed"": []}",2.856076560987276,xgrammar,0.6450522669911152,2.237923798005795,87,64,"[760, 3516, 4042, 21314, 494, 1141, 29310, 375, 12098, 440, 264, 26281, 5357, 314, 65007, 321, 264, 5365, 7559, 639, 63901, 421, 1000, 6762, 1141, 6988, 4687, 364, 10476, 13, 1577, 279, 22461, 4843, 37119, 290, 11, 279, 1814, 995, 76397, 3055, 40454, 4965, 11, 321, 279, 2201, 1669, 4924, 57394, 3049, 275, 7638, 1881, 264, 31442, 18802, 39394, 321, 264, 83123, 3521, 248046]","The United States emerged from its isolationist shadow with a profound sense of betrayal and a deep-seated skepticism that would define its foreign policy for decades. As the Cold War dawned, the world had fractured along ideological lines, and the US found itself navigating authoritatively between a hostile Soviet bloc and a fragmented global<|im_end|>",True,3796878336,7.058523779007373
008_coauthor_kth_last_k14_t1_rep2,308,8,kth_last,14,1,2,64,16,848,1158982087,coauthor,8,2,coauthor:creative:46be40f9d65c4a8f8d924ac992f81376,0,b94f3be622d32a19d4648444fba7836612c319eae1937c8cad6162ad447cc4f5,3e8dc9ca6f0d36f8556e4212906fe765105833ea19ecc66220b9cf984ea9186c,success,,256.0,256.0,256.0,False,,model_loaded,13.936794184992323,0.3569362470007036,0.21479789201111998,0.5717341390118236,0.5717341390118236,754,2197,40290,45342808,248320,"{""allowed_count"": 248068, ""expected_count"": 248068, ""missing_expected"": [], ""ok"": true, ""stop_token_ids"": [248046], ""unexpected_allowed"": []}",2.872769970999798,xgrammar,0.6454988339974079,2.2270028820057632,100,64,"[30277, 998, 11293, 264, 37677, 364, 36958, 1288, 279, 2505, 83604, 11, 9668, 685, 264, 5436, 314, 61880, 83616, 13, 328, 760, 23252, 1018, 11, 359, 1596, 628, 914, 1042, 279, 7035, 36007, 279, 2384, 11, 694, 413, 488, 1318, 310, 4565, 303, 279, 1844, 2250, 11, 488, 1902, 51777, 1396, 7043, 6353, 321, 1301, 264, 2236, 383, 13861, 10903, 28197, 271, 760, 248046]","""They were sending a plea for mercy,"" the intern muttered, holding up a stack of stamped envelopes. ""The judges said, 'We can't let the pressure ruin the fun, but if you want to stay in the top three, you must seminar every Sunday morning and read a book on emotional intelligence.'""

The<|im_end|>",True,3797038080,7.167082232001121
009_coauthor_kth_last_k16_t1_rep2,309,9,kth_last,16,1,2,64,18,910,1132233823,coauthor,9,2,coauthor:creative:2b373ca5921e4e2c8114e20114f04de8,0,e8255964e2ec70c2df0889693cadb2ef058465014e0b2028f0d4df2219510f4f,a740f98e72ca877b0d73d8f4b1efb54f21c33063faf86ede8083da62c964555a,success,,256.0,256.0,256.0,False,,model_loaded,13.458488321994082,0.34730606999073643,0.23763778399734292,0.5849438539880794,0.5849438539880794,820,2397,44240,53906905,248320,"{""allowed_count"": 248068, ""expected_count"": 248068, ""missing_expected"": [], ""ok"": true, ""stop_token_ids"": [248046], ""unexpected_allowed"": []}",2.8406194480048725,xgrammar,0.6410482729988871,2.2546578559995396,218,64,"[760, 16078, 303, 279, 32090, 557, 11702, 440, 264, 14457, 11, 20413, 22770, 421, 5532, 914, 1017, 1518, 353, 8209, 13, 1577, 279, 1118, 4034, 27425, 11983, 310, 2199, 11, 8755, 264, 15822, 15686, 1172, 264, 89428, 12515, 11, 353, 6273, 264, 14457, 23190, 5102, 440, 279, 11385, 382, 314, 279, 292, 36388, 13, 353, 995, 978, 748, 10419, 383, 821, 1765, 36049, 248046]","The atmosphere in the cinema was thick with a strange, silent tension that wasn't there before I died. As the first screen flickered to life, showing a mountain peak under a twilight sky, I felt a strange kinship with the bearers of the boulder. I had been so focused on my own grief<|im_end|>",True,3802246656,7.0617777519946685
010_coauthor_kth_last_k17_t1_rep2,310,10,kth_last,17,1,2,64,19,938,1166507504,coauthor,10,2,coauthor:creative:af65522335f442adb473691320ba5f09,0,dc97d8482ece434c3d8f61214ffb2c1fdc6631b6087eb1700ec75d30334c4d1e,869bcf95cae1bbc09666ac2ad69d909928d468d91a7b8da1ced891c20525ed31,success,,256.0,256.0,256.0,False,,model_loaded,13.428270004995284,0.3458056480012601,0.24515895200602245,0.5909646000072826,0.5909646000072826,850,2488,46041,58048588,248320,"{""allowed_count"": 248068, ""expected_count"": 248068, ""missing_expected"": [], ""ok"": true, ""stop_token_ids"": [248046], ""unexpected_allowed"": []}",2.821435896999901,xgrammar,0.6415780420065857,2.2181365639989963,291,64,"[760, 16078, 303, 279, 46446, 13592, 557, 11702, 440, 22770, 11, 264, 35916, 12503, 310, 279, 50240, 4649, 314, 279, 6236, 1066, 264, 2342, 2756, 4711, 13, 561, 34606, 22409, 11, 852, 995, 978, 20413, 321, 22687, 6600, 279, 4307, 3669, 11, 5326, 14009, 836, 21079, 5138, 29337, 13, 357, 7410, 11, 264, 855, 440, 264, 55618, 3460, 321, 6213, 421, 9047, 310, 248046]","The atmosphere in the negotiation hall was thick with tension, a stark contrast to the chaotic energy of the meeting just a few days prior. The Coalition representatives, who had been silent and composed throughout the entire session, finally broke their collective internal unity. A leader, a man with a stern face and eyes that seemed to<|im_end|>",True,3808498688,7.07610226298857
011_coauthor_kth_last_k19_t1_rep2,311,11,kth_last,19,1,2,64,21,988,1264282280,coauthor,11,2,coauthor:creative:3a2ebf0908de4181a06d27b93f0ac07c,0,65d76ba24eea347f872c10cce8a66acc6a3a84f0ae5b986d4dc148a47b863ca0,573566b11edecdd4db3df665090fb21814723bdf051fe591754a463b8ff203e6,success,,256.0,256.0,256.0,False,,model_loaded,13.607514299001195,0.3601826600061031,0.2648801679897588,0.6250628279958619,0.6250628279958619,904,2652,49295,65899963,248320,"{""allowed_count"": 248068, ""expected_count"": 248068, ""missing_expected"": [], ""ok"": true, ""stop_token_ids"": [248046], ""unexpected_allowed"": []}",2.861365576987737,xgrammar,0.6428660920064431,2.247199449004256,284,64,"[6651, 1801, 264, 26508, 5576, 310, 9959, 303, 279, 12401, 11, 6797, 1676, 52159, 50428, 314, 279, 8252, 79552, 11, 33731, 279, 25457, 321, 279, 20513, 314, 279, 22865, 310, 6696, 836, 9084, 494, 279, 57040, 84038, 314, 279, 7711, 20736, 7884, 13, 561, 5758, 59823, 998, 18473, 440, 13437, 11, 8364, 44422, 13769, 11, 321, 279, 19204, 557, 30265, 440, 8765, 314, 248046]","They made a desperate choice to hide in the vast, sun-drenched chambers of the Great Pyramid, utilizing the darkness and the silence of the desert to mask their presence from the relentless patrols of the Global Intelligence Network. The drop pits were sealed with ancient, heat-resistant concrete, and the entrance was lined with thousands of<|im_end|>",True,3807948288,7.261599228004343
012_coauthor_kth_last_k20_t1_rep2,312,12,kth_last,20,1,2,64,22,1010,1744230690,coauthor,12,2,coauthor:creative:126ae6528ba141a58f932a3ed097b47e,0,a882294f6e7adb3645f7bfefa86ab0b63271914e74d0a3849ed02c412c1912da,4280b835be0015dffa365e96008328edd892cd2786b4d2e9ee04f1880730e632,success,,256.0,256.0,256.0,False,,model_loaded,12.865187055998831,0.33885865000775084,0.27179396600695327,0.6106526160147041,0.6106526160147041,928,2725,50748,69555127,248320,"{""allowed_count"": 248068, ""expected_count"": 248068, ""missing_expected"": [], ""ok"": true, ""stop_token_ids"": [248046], ""unexpected_allowed"": []}",2.9219190609874204,xgrammar,0.6333738570101559,2.2546857279958203,330,64,"[4272, 12837, 11, 424, 579, 978, 10841, 364, 15610, 11, 694, 567, 2224, 660, 13569, 6618, 310, 3372, 440, 424, 13, 561, 2763, 10439, 682, 22962, 974, 11, 321, 1381, 279, 6331, 682, 21681, 1083, 264, 14457, 11, 62342, 8464, 1332, 279, 27980, 82307, 599, 978, 6379, 65703, 13, 271, 2064, 579, 14731, 310, 1683, 883, 1204, 567, 1429, 310, 24239, 364, 264, 248046]","So basically, it's been rough for everybody, but we're all slowly learning to deal with it. The initial shock has worn off, and now the situation has settled into a strange, surreal reality where the hierarchy counselors have been completely overturned.

It's funny to think about how we used to cheer for a<|im_end|>",True,3812083712,7.187958618989796
013_coauthor_kth_last_k22_t1_rep2,313,13,kth_last,22,1,2,64,24,1048,562047961,coauthor,13,2,coauthor:creative:dcf41dcfdb0e4a98949063447b455792,0,532930f992f83971fa38367953297b45da13f6388ef4ac54a7e09ad902c567fd,6ebb022ae6001c5644449f02807062f76339c8c41b14ca8fce7aae28e57b91ae,success,,256.0,256.0,256.0,False,,model_loaded,13.17904103800538,0.35384191099728923,0.28739260201109573,0.641234513008385,0.641234513008385,970,2853,53306,76203028,248320,"{""allowed_count"": 248068, ""expected_count"": 248068, ""missing_expected"": [], ""ok"": true, ""stop_token_ids"": [248046], ""unexpected_allowed"": []}",2.951138328993693,xgrammar,0.636652070999844,2.2492425109958276,85,64,"[40, 7338, 685, 11, 279, 23384, 8008, 16453, 68730, 6792, 2272, 821, 3460, 11, 321, 42578, 506, 279, 5392, 303, 821, 1375, 13, 2921, 4593, 88851, 2272, 821, 53295, 11, 264, 85556, 22472, 5143, 421, 71384, 680, 279, 21030, 2696, 314, 10183, 321, 31163, 13, 353, 995, 7157, 279, 1483, 2943, 1578, 303, 264, 8720, 22873, 314, 8649, 321, 41680, 11, 22152, 539, 248046]","I sat up, the sheets feeling unnaturally cool against my face, and stared at the paper in my hand. My heart hammered against my ribs, a frantic drumming that drowned out the gentle hum of chair and mattress. I had spent the last four years in a glass bubble of peace and prosperity, surrounded by<|im_end|>",True,3796853760,7.315080604996183
014_coauthor_kth_last_k24_t1_rep2,314,14,kth_last,24,1,2,64,26,1078,662853668,coauthor,14,2,coauthor:creative:e318e17b6c344ab0978c44c9cfe1ae82,0,e899d91a56695ef1038b56fcdf7c90fef16e0d2206800a951b77864c62a1df3b,f2ca11e7e241781db7985c8c95cb42f55400b578ec9dab2b6ca3468e111109eb,success,,256.0,256.0,256.0,False,,model_loaded,13.028146625001682,0.35777704798965715,0.29936326800088864,0.6571403159905458,0.6571403159905458,1004,2957,55400,81829093,248320,"{""allowed_count"": 248068, ""expected_count"": 248068, ""missing_expected"": [], ""ok"": true, ""stop_token_ids"": [248046], ""unexpected_allowed"": []}",2.913065013999585,xgrammar,0.6518020600051386,2.1792286499985494,284,64,"[19604, 321, 11059, 9973, 11, 440, 279, 1438, 314, 27754, 11, 310, 3756, 974, 279, 5646, 13, 2302, 1870, 264, 2526, 11, 638, 1284, 25831, 12999, 5365, 303, 279, 15979, 38100, 11, 2944, 494, 279, 20783, 45052, 321, 76665, 18839, 5888, 13, 1690, 279, 1118, 2342, 1578, 11, 279, 2902, 8541, 1821, 13, 2302, 2965, 836, 1765, 3487, 11, 4390, 279, 2748, 1204, 248046]","Tim and Jim decide, with the help of Amy, to live off the grid. They build a small, self-sufficient cabin deep in the Pacific Northwest, far from the surveillance satellites and bureaucratic staying hands. For the first few years, the family thrives. They grow their own food, teach the children how<|im_end|>",True,3807948288,7.152166914995178
015_coauthor_kth_last_k25_t1_rep2,315,15,kth_last,25,1,2,64,27,1090,524470009,coauthor,15,2,coauthor:creative:be2644ed7bc34c438c36bf80db400c9c,0,4d540721a4f4386169be471245e3acb5bf28544b35b7d1497e7646f64347800a,06ec31492d7bc1245689ba7cbaeec006113def2a05fdbf182d54374f9922960d,success,,256.0,256.0,256.0,False,,model_loaded,12.513862027000869,0.3501862100092694,0.30347528999845963,0.653661500007729,0.653661500007729,1018,3000,56273,84214432,248320,"{""allowed_count"": 248068, ""expected_count"": 248068, ""missing_expected"": [], ""ok"": true, ""stop_token_ids"": [248046], ""unexpected_allowed"": []}",2.752847063005902,xgrammar,0.6378806389984675,2.172478605993092,305,64,"[40, 1683, 353, 3172, 4565, 1532, 264, 2612, 4860, 321, 1042, 424, 18725, 303, 13, 353, 1683, 353, 3172, 1066, 1380, 310, 4054, 1092, 353, 2688, 8847, 11, 321, 1440, 874, 46224, 13, 10380, 11, 440, 421, 18344, 18018, 11, 1010, 314, 821, 4602, 668, 8563, 5402, 13, 271, 2053, 279, 47077, 293, 38667, 11, 279, 4383, 579, 2192, 3575, 27425, 382, 8366, 248046]","I think I'll stay here a bit longer and let it sink in. I think I'll just try to accept what I'm seeing, and pass no judgement. Maybe, with that attitude answered, some of my questions will resolve themselves.

As the realization dawns, the film's title card flickers onto<|im_end|>",True,3809597952,7.0011097750102635
016_coauthor_kth_last_k27_t1_rep2,316,16,kth_last,27,1,2,64,29,1108,1854559605,coauthor,16,2,coauthor:creative:4542a8d2310247d1917ff1c79ac6171f,0,07ff5cbac4056e238eca7ef6d6f67d161facb51edbc233d0607cc286c1137b53,f14e141fccd2b49f3b939f5084761d6ddc207123d1a92d2acd647fa135d946e7,success,,256.0,256.0,256.0,False,,model_loaded,13.06565068900818,0.3453871379897464,0.31147950199374463,0.656866639983491,0.656866639983491,1040,3068,57671,88058143,248320,"{""allowed_count"": 248068, ""expected_count"": 248068, ""missing_expected"": [], ""ok"": true, ""stop_token_ids"": [248046], ""unexpected_allowed"": []}",2.911948984998162,xgrammar,0.6420313429989619,2.212536552993697,204,64,"[2523, 15192, 4487, 11, 678, 7258, 264, 6311, 314, 1115, 1488, 20684, 321, 10647, 47077, 13, 328, 5170, 314, 660, 11, 5471, 660, 6745, 3522, 440, 728, 1288, 488, 12771, 11, 678, 7497, 23271, 8552, 279, 16856, 6331, 13, 271, 760, 35997, 82868, 11, 1141, 69051, 5734, 57407, 286, 13, 328, 25017, 2760, 1340, 13, 2500, 1189, 353, 10046, 7285, 271, 20946, 1189, 248046]","You lean forward, your expression a mix of feigned confusion and sudden realization. ""First of all, avoid all physical contact with me,"" you repeat, your voice steady despite the unlikely situation.

The bee pauses, its antennae twitching. ""Affirmative. How may I proceed?""

""You may<|im_end|>",True,3801147392,7.1835241980006685
017_coauthor_kth_last_k29_t1_rep2,317,17,kth_last,29,1,2,64,31,1118,1293793450,coauthor,17,2,coauthor:creative:2498ee9c53db4a8ea651ea2b95501ef4,0,e4843161fc3ac4bcd2b322ab8fc9ac95eeaea9d8291a86fe966463ae95213e61,c032525b9002b77978547d31cbfa7d5fe069a5d171b0bffce3e99fd57438bff4,success,,256.0,256.0,256.0,False,,model_loaded,12.972623473993735,0.3488467339921044,0.3171273899934022,0.6659741239855066,0.6659741239855066,1054,3112,58605,90593698,248320,"{""allowed_count"": 248068, ""expected_count"": 248068, ""missing_expected"": [], ""ok"": true, ""stop_token_ids"": [248046], ""unexpected_allowed"": []}",3.091110759007279,xgrammar,0.6339210820005974,2.2297341939993203,310,64,"[760, 3516, 4042, 8198, 264, 23681, 5176, 303, 1141, 1765, 24561, 11, 28599, 4599, 1141, 1765, 2243, 314, 264, 6278, 33760, 1345, 279, 1814, 32524, 82, 10431, 13, 1690, 31347, 1578, 11, 279, 6777, 24171, 599, 978, 47126, 11, 440, 4802, 321, 10455, 72805, 31972, 310, 11290, 5154, 421, 2496, 23533, 1518, 13, 561, 3594, 5102, 24303, 23716, 279, 17257, 11, 321, 18358, 248046]","The United States remains a dominant force in its own sphere, quietly building its own version of a modern civilization while the world drifts apart. For fifty years, the nation developments have been accelerated, with resources and talent pooled internally to solve problems that never existed before. The airship fleet reaches the moon, and genetic<|im_end|>",True,3809988096,7.374629215002642
018_coauthor_kth_last_k30_t1_rep2,318,18,kth_last,30,1,2,64,32,1120,2043818745,coauthor,18,2,coauthor:creative:112e8b0e22094577ae3e513d70f78432,0,48e52dcd87db864eb254c0e2e47917843ee48767f4e9379de542599a7de99744,54536997a4c808a2bf885824886bb1f8378bcea53106fbbb0c4f2ea1e5efa236,success,,256.0,256.0,256.0,False,,model_loaded,12.453600939988974,0.3577726240037009,0.3174550499970792,0.6752276740007801,0.6752276740007801,1058,3125,58898,91351312,248320,"{""allowed_count"": 248068, ""expected_count"": 248068, ""missing_expected"": [], ""ok"": true, ""stop_token_ids"": [248046], ""unexpected_allowed"": []}",2.6398771290114382,xgrammar,0.6491106920002494,2.2219930440041935,208,64,"[31318, 3105, 914, 3655, 1248, 310, 1121, 13, 1216, 28359, 780, 4392, 11, 17205, 806, 279, 12483, 1500, 11, 321, 6849, 5820, 47194, 780, 17789, 310, 279, 1814, 579, 3471, 3561, 14960, 13, 12967, 3543, 53577, 11, 3471, 3561, 83255, 11, 321, 1442, 279, 2136, 8619, 7803, 660, 31349, 303, 11, 32874, 303, 632, 3226, 13, 271, 1, 10358, 279, 49977, 8687, 799, 248046]","Bob didn't wait long to act. He grabbed his phone, dialed the emergency line, and immediately began broadcasting his discovery to the world's social media platforms. afternoon news anchors, social media influencers, and even the local radio station all tuned in, screaming in unison.

""Stop the madness!"" one<|im_end|>",True,3801459712,6.981523508991813
019_coauthor_kth_last_k32_t1_rep2,319,19,kth_last,32,1,2,64,34,1118,163077706,coauthor,19,2,coauthor:creative:adac0650634f4228bdd483b8ce1f52ea,0,dbf8b247a14c2e197ecae9f2f865d3d450fed38d05f5843868fb701419dbf5d9,031c70cf2f9668eecede3e09d0220aac4ad3a996f2e0e95fd3c0caf7c7f61038,success,,256.0,256.0,256.0,False,,model_loaded,12.572052786010318,0.3424312909919536,0.3188549199985573,0.6612862109905109,0.6612862109905109,1060,3133,59136,91824434,248320,"{""allowed_count"": 248068, ""expected_count"": 248068, ""missing_expected"": [], ""ok"": true, ""stop_token_ids"": [248046], ""unexpected_allowed"": []}",2.653716821994749,xgrammar,0.6428241550020175,2.1729867859976366,259,64,"[7691, 6273, 1546, 38105, 310, 599, 11876, 1024, 1428, 9677, 852, 2590, 11421, 1024, 1575, 13, 2302, 3804, 383, 310, 599, 264, 1623, 11, 264, 2545, 3616, 6725, 58554, 11, 852, 11120, 264, 19381, 314, 24860, 15420, 321, 40720, 13, 1690, 1578, 11, 279, 1814, 5312, 1024, 430, 264, 491, 12096, 303, 264, 6635, 3255, 11, 39306, 314, 279, 6150, 3370, 314, 18352, 248046]","She felt very fortunate to have married her current husband who always treated her well. They went on to have a child, a little girl named Mia, who experiences a childhood of endless joy and laughter. For years, the world saw her as a new chapter in a successful story, unaware of the complex web of memories<|im_end|>",True,3805988864,6.875726566009689
020_coauthor_kth_last_k33_t1_rep2,320,20,kth_last,33,1,2,64,35,1114,1531523898,coauthor,20,2,coauthor:creative:40d132e1bc0146c0920d7b38c5b9f7c7,0,2b0cae10190f6855394dd1994b775df604df76e0c580e19a6ed28ac01d4afcc5,23c39f40b665a4ba83be32f12e287e784eb27a15868b55ea3630f7727138df7a,success,,256.0,256.0,256.0,False,,model_loaded,12.41887864099408,0.3391236750030657,0.3197150780033553,0.658838753006421,0.658838753006421,1058,3128,59081,91537234,248320,"{""allowed_count"": 248068, ""expected_count"": 248068, ""missing_expected"": [], ""ok"": true, ""stop_token_ids"": [248046], ""unexpected_allowed"": []}",2.779607828997541,xgrammar,0.627266643990879,2.2305859759944724,87,64,"[760, 2956, 557, 4941, 391, 12647, 11, 279, 1132, 2450, 314, 73354, 264, 27425, 4519, 36549, 383, 279, 17471, 28428, 1024, 6165, 13, 2838, 7338, 5144, 91011, 11, 35556, 506, 4275, 421, 998, 20924, 1769, 30787, 2218, 55314, 421, 1953, 396, 806, 440, 49314, 7736, 11, 264, 16047, 1021, 421, 1362, 381, 2892, 16724, 466, 8153, 11313, 383, 864, 8937, 1292, 52995, 1083, 248046]","The room was dimly lit, the only source of illumination a flickering candle on the desk beside her computer. She sat cross-legged, staring at features that were perpetually shifting—eyes that swirled with conflicting colors, a jawline that could be either sharp or soft depending on which angle she leaned into<|im_end|>",True,3796878336,7.0342931390041485
021_coauthor_kth_last_k35_t1_rep2,321,21,kth_last,35,1,2,64,37,1100,515461096,coauthor,21,2,coauthor:creative:b322b1fa853a485b9d03d790d51af585,0,2a0ca6e78b4e4b213fcc30af35987efd822c32822bced49ca7d75dab47891324,a1fa8a7c322ea6dceb8f78ec349800bc1e1b519486a43e615e29b21d662e49e9,success,,256.0,256.0,256.0,False,,model_loaded,12.791247679997468,0.370126922003692,0.3165400040015811,0.6866669260052731,0.6866669260052731,1048,3100,58623,89923631,248320,"{""allowed_count"": 248068, ""expected_count"": 248068, ""missing_expected"": [], ""ok"": true, ""stop_token_ids"": [248046], ""unexpected_allowed"": []}",2.8576919439947233,xgrammar,0.6499305290053599,2.2377532419923227,537,64,"[760, 20513, 303, 678, 3838, 369, 8545, 11, 264, 10340, 21070, 310, 279, 11012, 2696, 314, 678, 2407, 13, 561, 16724, 12454, 314, 8415, 321, 18654, 494, 678, 65633, 599, 85992, 1083, 264, 91491, 24693, 11, 1691, 1040, 279, 74601, 421, 26817, 28599, 383, 279, 3008, 314, 264, 74601, 88, 6730, 13, 1394, 3428, 1423, 5941, 9799, 279, 41564, 11, 524, 440, 279, 248046]","The silence in your mind is heavy, a comfortable companion to the quiet hum of your body. The sharp edges of fear and anger from your regrets have softened into a serene acceptance, much like the moss that grows quietly on the side of a mossy rock. You often find yourself watching the sunset, not with the<|im_end|>",True,3829898752,7.288442138000391
022_coauthor_kth_last_k37_t1_rep2,322,22,kth_last,37,1,2,64,39,1078,1655160903,coauthor,22,2,coauthor:creative:635b514b259d47f2b474189aeea5e5c0,0,551802f7179976679e6535a3c9efa1533e6160af7f9cf2cb1ca0113db09d88c1,c6daf4e004eb782d8637e365129758a7b0ecf3bf2af7c16ef0492fd61137fa8a,success,,256.0,256.0,256.0,False,,model_loaded,13.041074834996834,0.3713701719971141,0.3094808629975887,0.6808510349947028,0.6808510349947028,1030,3048,57701,86958784,248320,"{""allowed_count"": 248068, ""expected_count"": 248068, ""missing_expected"": [], ""ok"": true, ""stop_token_ids"": [248046], ""unexpected_allowed"": []}",3.0008721140038688,xgrammar,0.650318410989712,2.2085093859932385,240,64,"[6825, 1683, 1439, 513, 279, 1865, 31242, 1288, 1292, 2640, 11, 1024, 6213, 81487, 303, 70763, 13, 328, 2523, 3172, 1076, 2590, 381, 653, 16, 310, 60533, 4257, 7285, 271, 760, 3594, 303, 279, 2956, 10751, 42371, 1056, 13087, 11, 279, 2993, 314, 20513, 421, 5802, 15724, 287, 264, 35622, 25568, 11, 694, 3242, 424, 10751, 1064, 13, 353, 1831, 264, 80536, 11155, 248046]","""I think these are the real rankings,"" she says, her eyes widening in disbelief. ""You'll... always be #1 to fetal development?""

The air in the room feels heavier than usual, the kind of silence that usually precedes a thunderstorm, but today it feels static. I take a shaky breath<|im_end|>",True,3803969536,7.435352647997206
023_coauthor_kth_last_k38_t1_rep2,323,23,kth_last,38,1,2,64,40,1064,1521807441,coauthor,23,2,coauthor:creative:dca80ac7cfd148638a9c0f4b027f720a,0,50401706739b5934adf712e5f8d97c9698a32a28108dd305ed2835e9c06d7c6e,928c52beb08e4fdd83a90e6eddad68cc8763f84101c139c9adcd1f7572a0495e,success,,256.0,256.0,256.0,False,,model_loaded,12.93096024398983,0.3686816770059522,0.3082869010104332,0.6769685780163854,0.6769685780163854,1018,3013,57066,84989999,248320,"{""allowed_count"": 248068, ""expected_count"": 248068, ""missing_expected"": [], ""ok"": true, ""stop_token_ids"": [248046], ""unexpected_allowed"": []}",3.0088893939973786,xgrammar,0.651471990000573,2.2103514359914698,85,64,"[40, 1076, 353, 1044, 524, 22804, 6884, 13, 271, 760, 20513, 303, 279, 2956, 369, 45179, 5830, 11, 42371, 1056, 866, 8540, 353, 2908, 3397, 12405, 685, 383, 279, 4643, 8582, 466, 2261, 821, 30716, 13, 561, 88546, 383, 421, 6321, 369, 25888, 3438, 11, 58302, 11, 321, 91824, 2752, 279, 944, 314, 264, 855, 6483, 5888, 998, 2496, 23271, 13, 271, 1, 248046]","I... I am not Barack Obama.

The silence in the room is deafening, heavier than any speech I've ever picked up on the campaign trail or during my presidency. The handwriting on that letter is jagged, uneven, and unmistakably the work of a man whose hands were never steady.

""<|im_end|>",True,3796853760,7.430514398001833
024_coauthor_kth_last_k40_t1_rep2,324,24,kth_last,40,1,2,64,42,1030,1111247047,coauthor,24,2,coauthor:creative:8db452c23eba4955b778ef8e1f992d40,0,5550a69954dc9b5d21674f246a0b6eea7fd6529229aa77f89ea955cb5f6fb75d,7830ee0f19849e091dbd5bb8ee380085de251d8865f729b95840d4f097e76617,success,,256.0,256.0,256.0,False,,model_loaded,13.62364534700464,0.3611605859914562,0.30045497399987653,0.6616155599913327,0.6616155599913327,988,2925,55448,80137846,248320,"{""allowed_count"": 248068, ""expected_count"": 248068, ""missing_expected"": [], ""ok"": true, ""stop_token_ids"": [248046], ""unexpected_allowed"": []}",2.896904695997364,xgrammar,0.6547798609972233,2.2157760270056315,89,64,"[760, 3516, 4042, 13325, 4924, 57394, 264, 83123, 3521, 17865, 1332, 19507, 513, 35742, 11, 6355, 10964, 513, 80475, 11, 321, 32404, 11407, 3909, 3032, 7629, 13, 16643, 264, 55941, 3521, 13343, 11, 279, 3046, 1902, 14800, 666, 1141, 5313, 310, 6286, 22328, 11, 6992, 494, 264, 1558, 314, 41275, 3108, 310, 799, 314, 6150, 11, 34787, 27123, 13, 1061, 8869, 7225, 264, 248046]","The United States finds itself navigating a fragmented global landscape where allies are scattered, trade routes are severed, and diplomatic channels electively closed. Without a centralized global infrastructure, the country must reinvent its approach to international cooperation, moving from a model of unified command to one of complex, voluntary networking. This transition requires a<|im_end|>",True,3796902912,7.2436492390115745
025_coauthor_kth_last_k42_t1_rep2,325,25,kth_last,42,1,2,64,44,988,607621670,coauthor,25,2,coauthor:creative:c99f8c2465da42cc91498fd9d99e360b,0,f68c0a4233ca2e83588c9a7d2117bface1047213c3f81c4e5a00cef3f1f9d182,320622cd128a17581895899bc9cc381fc28900c6004025edf1425495759aa777,success,,256.0,256.0,256.0,False,,model_loaded,12.713068912999006,0.3371351230016444,0.2843791409977712,0.6215142639994156,0.6215142639994156,950,2813,53366,74167009,248320,"{""allowed_count"": 248068, ""expected_count"": 248068, ""missing_expected"": [], ""ok"": true, ""stop_token_ids"": [248046], ""unexpected_allowed"": []}",2.7751316740032053,xgrammar,0.6285803750070045,2.2177560679992894,211,64,"[760, 1016, 565, 334, 8054, 1467, 524, 3788, 1204, 310, 1870, 66814, 466, 27247, 6657, 11, 694, 4598, 1204, 310, 3418, 44562, 286, 45774, 13, 2302, 7157, 10476, 29385, 20554, 383, 6557, 3611, 28941, 11, 11352, 20316, 279, 5253, 314, 5904, 15230, 321, 279, 2279, 314, 21079, 28421, 13, 10643, 5614, 557, 524, 310, 1236, 279, 1814, 8882, 11, 694, 310, 1236, 279, 248046]","The peacemakers did not study how to build fences or enforce laws, but rather how to understand garnering empathy. They spent decades conducting experiments on basic human psychology, specifically studying the impact of shared suffering and the power of collective compassion. Their goal was not to make the world smaller, but to make the<|im_end|>",True,3801697792,7.051044321007794
026_coauthor_kth_last_k43_t1_rep2,326,26,kth_last,43,1,2,64,45,964,82745365,coauthor,26,2,coauthor:creative:1f9525eb67504ccd8167402a950cdf1a,0,4099254caa976f7e3d350f839fdced7b0a624cc2c3e4557098ac511f6b8ea05f,0a572e8c04bf0428fe247952847137759d0e027d81773ccb479daa9e399ac61e,success,,256.0,256.0,256.0,False,,model_loaded,13.15781693199824,0.3567035809974186,0.28073099999164697,0.6374345809890656,0.6374345809890656,928,2748,52151,70807339,248320,"{""allowed_count"": 248068, ""expected_count"": 248068, ""missing_expected"": [], ""ok"": true, ""stop_token_ids"": [248046], ""unexpected_allowed"": []}",2.9289227789995493,xgrammar,0.6489057730068453,2.419811257001129,190,64,"[2064, 369, 264, 11012, 11, 8229, 499, 1060, 2993, 314, 71426, 421, 3905, 948, 279, 11639, 314, 279, 13041, 369, 39259, 13, 1165, 8070, 1004, 2756, 45630, 27664, 20319, 567, 2496, 995, 11, 81550, 1004, 41118, 364, 38309, 852, 668, 2496, 1366, 279, 7739, 314, 1004, 67205, 11, 1345, 1004, 8906, 1814, 8198, 264, 67473, 314, 632, 50014, 50369, 13, 271, 760, 71426, 248046]","It is a quiet, suffocating kind of loneliness that comes when the noise of the crowd is disappointment. We spend our days rehearsing conversations we never had, polishing our smiles for strangers who will never know the depth of our exhaustion, while our inner world remains a fortress of unspoken truths.

The loneliness<|im_end|>",True,3799522816,7.442140210987418
027_coauthor_kth_last_k45_t1_rep2,327,27,kth_last,45,1,2,64,47,910,1576635075,coauthor,27,2,coauthor:creative:949e2852c2a74afa83eb332ccd301159,0,4e63fa351c6b402a9acbbdfc2f22f9b32b8be4e5a0274a62a3849e748ca2af41,571f2392406ca44ab6aa290caa6c32f30e1bf9c00ff805f665e0d4801cfc9b04,success,,256.0,256.0,256.0,False,,model_loaded,12.83874285800266,0.36352006600645836,0.26399088800826576,0.6275109540147241,0.6275109540147241,878,2600,49373,63447436,248320,"{""allowed_count"": 248068, ""expected_count"": 248068, ""missing_expected"": [], ""ok"": true, ""stop_token_ids"": [248046], ""unexpected_allowed"": []}",2.745477225005743,xgrammar,0.6545996000058949,2.34873488098674,85,64,"[760, 20513, 303, 279, 2956, 557, 42371, 1056, 279, 15333, 3724, 287, 27060, 303, 279, 6353, 3000, 13, 29962, 7789, 995, 978, 86788, 3808, 279, 3136, 822, 287, 11, 694, 279, 21388, 314, 48659, 10482, 321, 14589, 13178, 9513, 704, 9896, 279, 3594, 13, 353, 42578, 506, 279, 33256, 11, 279, 40473, 4022, 5392, 88818, 9781, 303, 821, 32272, 13, 2921, 4392, 11, 248046]","The silence in the room was heavier than the dust motes dancing in the morning light. funeral flags had been draped across the windowpanes, but the smell of stale coffee and unwashed linens filled the air. I stared at the envelope, the crisp white paper trembling slightly in my grasp. My phone,<|im_end|>",True,3796853760,7.185664278003969
028_coauthor_kth_last_k46_t1_rep2,328,28,kth_last,46,1,2,64,48,880,1426043565,coauthor,28,2,coauthor:creative:641b82584ed44b07b06840e2d0d9e75b,0,34e02645c6d7c48c7e82ed1e7851509334d1451ead0be5ddfb74a7db4e3d10c5,99d38976e7bc21a39fb32f6b48e1cf284fa48031d0761d01a788359e60b96fd4,success,,256.0,256.0,256.0,False,,model_loaded,14.133722808997845,0.3556108789925929,0.25290481800038833,0.6085156969929812,0.6085156969929812,850,2517,47810,59496355,248320,"{""allowed_count"": 248068, ""expected_count"": 248068, ""missing_expected"": [], ""ok"": true, ""stop_token_ids"": [248046], ""unexpected_allowed"": []}",3.066043318991433,xgrammar,0.6493465139938053,2.25246278999839,262,64,"[760, 67010, 303, 279, 25852, 4816, 310, 14580, 430, 279, 1118, 1330, 6761, 3060, 310, 3641, 303, 22776, 3096, 321, 33266, 2859, 11, 836, 40720, 53968, 440, 279, 33056, 11639, 314, 279, 13592, 13, 4465, 19531, 300, 5983, 6213, 11, 6669, 440, 264, 6311, 314, 48720, 321, 20684, 11, 3627, 279, 6195, 314, 21265, 15783, 279, 2956, 11, 19677, 413, 411, 369, 264, 248046]","The chatter in the theater seems to fade as the first two rows begin to pack in gorgeous women and charming men, their laughter blending with the ambient noise of the hall. Your hazel green eyes, wide with a mix of awe and confusion, track the flow of humanity entering the room, wondering if this is a<|im_end|>",True,3806223360,7.352841526007978
029_coauthor_kth_last_k48_t1_rep2,329,29,kth_last,48,1,2,64,50,814,1061642980,coauthor,29,2,coauthor:creative:9ec1e386d2494b958378ef3035ca0fec,0,1b420b492a28241ada0a6d1d7c3389d0e882c7201a19fbe519b5dfad990fa879,3eab6602bb75f33ff7f68da2e894b1e3c380af436d920028f3c91eca133a3c53,success,,256.0,256.0,256.0,False,,model_loaded,13.576749129002565,0.34483529499266297,0.23595136699441355,0.5807866619870765,0.5807866619870765,788,2333,44336,51189754,248320,"{""allowed_count"": 248068, ""expected_count"": 248068, ""missing_expected"": [], ""ok"": true, ""stop_token_ids"": [248046], ""unexpected_allowed"": []}",2.8779388260009,xgrammar,0.6403303629922448,2.36797469999874,411,64,"[760, 295, 12914, 599, 978, 264, 6552, 2316, 321, 599, 978, 264, 6552, 919, 314, 88683, 11, 26071, 778, 11, 52421, 11, 321, 17248, 6353, 90838, 364, 10476, 13, 2302, 513, 264, 2172, 7932, 4374, 321, 264, 2172, 7932, 364, 1066, 883, 866, 12723, 11, 494, 264, 4145, 328, 31759, 35042, 1, 3575, 310, 264, 41251, 11, 33404, 2945, 421, 2640, 11, 328, 248046]","The mugs have been a huge success and have been a huge part of birthdays, graduations, weddings, and everyday morning greetings for decades. They are a great gift idea and a great gift for just about any occasion, from a simple ""Happy Birthday"" card to a thoughtful, personalized present that says, ""<|im_end|>",True,3818962432,7.235565718001453
030_coauthor_repeat_after_k_k1_t3_rep2,330,0,repeat_after_k,1,3,2,64,6,432,197675530,coauthor,30,2,coauthor:creative:ba6d32a6c29a4bfeacf1e25a87a1f804,0,289bde55f534a1b0c76e3d07f75aa35fef5462f2eb764d1f64cdca0185487b8b,2f3dfce13bcd4369123b848bb97a7f5e3ab7dff660ad49b78b63c141b18aa338,success,,256.0,256.0,256.0,False,,model_loaded,13.63588511099806,0.3462521079927683,0.04833720899478067,0.39458931698754895,0.39458931698754895,316,1044,17784,9177712,248320,"{""allowed_count"": 248068, ""expected_count"": 248068, ""missing_expected"": [], ""ok"": true, ""stop_token_ids"": [248046], ""unexpected_allowed"": []}",3.136407946993131,xgrammar,0.6465624299889896,2.2243032849946758,368,64,"[760, 1483, 6321, 9047, 310, 14580, 11, 12215, 539, 264, 8153, 11, 27163, 20569, 2696, 421, 16433, 639, 1472, 279, 40634, 13, 1049, 5532, 914, 10642, 26, 424, 557, 264, 4779, 11, 466, 8106, 264, 20952, 13, 271, 760, 4237, 303, 279, 49755, 22773, 1083, 264, 1103, 314, 4874, 11, 694, 781, 14290, 914, 314, 279, 1208, 303, 821, 2199, 13, 5158, 5158, 248046]","The last letter seemed to fade, replaced by a soft, rhythmic hum that vibrated through the ceramic. It wasn't magic; it was a memory, or perhaps a projection.

The writing in the mug transformed into a list of names, but they weren't of the people in my life. written written<|im_end|>",True,3815061504,7.20478135200392
031_coauthor_repeat_after_k_k2_t3_rep2,331,1,repeat_after_k,2,3,2,64,9,608,224789201,coauthor,31,2,coauthor:creative:e2a81dbfc6e7456ea4bbf9f8fd279f86,0,9802dc1430aa6038135e6f64e42bbf02b5531a5c9efa3f8ec5a74a4c5fc2ebb3,212311abcd42bf0777f3ef6ce9cc031d79cf3c6c26e1c25dd76f6890eca01169,success,,256.0,256.0,256.0,False,,model_loaded,12.967927288002102,0.3357728099945234,0.10663208999903873,0.44240489999356214,0.44240489999356214,494,1942,32731,23089231,248320,"{""allowed_count"": 248068, ""expected_count"": 248068, ""missing_expected"": [], ""ok"": true, ""stop_token_ids"": [248046], ""unexpected_allowed"": []}",3.040527684992412,xgrammar,0.6281090519914869,2.1883019670058275,360,64,"[3318, 463, 7338, 1017, 11, 279, 31465, 30538, 477, 314, 279, 6331, 18961, 1384, 15288, 1056, 279, 10647, 20513, 314, 279, 2956, 13, 42405, 1578, 14229, 11, 279, 855, 4661, 279, 17471, 26676, 264, 7535, 421, 9047, 39445, 364, 264, 1496, 5304, 1982, 46446, 4598, 1056, 264, 29962, 11, 321, 780, 6213, 5467, 264, 39888, 11, 36370, 19987, 13, 271, 31338, 286, 31338, 248046]","Barack sat there, the sheer absurdity of the situation hitting him harder than the sudden silence of the room. Twenty years younger, the man behind the desk wore a suit that seemed tailored for a high-stakes negotiation rather than a funeral, and his eyes held a terrifying, calculating intensity.

 harnessing harness<|im_end|>",True,3814434816,7.056298089999473
032_coauthor_repeat_after_k_k3_t3_rep2,332,2,repeat_after_k,3,3,2,64,12,778,287012368,coauthor,32,2,coauthor:creative:2f8c2905bd764dd1a70ed96115e75edb,0,24abe0f507de8fb83c1a73123be4592c38548d8e4ef62b6dc6cdc31e4e9cb7f7,46eab8f8c546ac0be4898fa86618a5e4fcbb941a2342cc81ded8bfd6430c800a,success,,256.0,256.0,256.0,False,,model_loaded,12.676803244990879,0.33541704100207426,0.16440345799492206,0.4998204989969963,0.4998204989969963,666,2810,47912,42504586,248320,"{""allowed_count"": 248068, ""expected_count"": 248068, ""missing_expected"": [], ""ok"": true, ""stop_token_ids"": [248046], ""unexpected_allowed"": []}",2.881767138998839,xgrammar,0.6375350540038198,2.189024753999547,268,64,"[17770, 1155, 579, 4593, 33993, 264, 9103, 430, 279, 4105, 4062, 1024, 13, 328, 92135, 22149, 7285, 1292, 11173, 11, 279, 47077, 293, 49135, 383, 1024, 1040, 264, 8981, 9506, 13, 271, 1465, 5532, 914, 1066, 974, 279, 1752, 26, 551, 557, 29592, 13, 271, 7691, 6849, 10184, 95231, 321, 36599, 290, 8574, 279, 855, 11, 47291, 780, 6560, 33515, 494, 279, 33515, 248046]","Janey's heart skipped a beat as the words hit her. ""Wolf trap?"" she repeated, the realization dawning on her like a cold stone.

He wasn't just off the path; he was trapped.

She immediately stopped jogging and sprinted toward the man, grabbing his arm bleeding from the bleeding<|im_end|>",True,3806693376,6.974753725997289
033_coauthor_repeat_after_k_k4_t3_rep2,333,3,repeat_after_k,4,3,2,64,15,942,1920449622,coauthor,33,2,coauthor:creative:5265ab6df085473795385139bc7f821a,0,918b616b35baebf9b24cc53ad480a2c2eb8d240b8ceb0538c5074af2713ca7cb,f0d14796a58578f777f419386e6c9d6c6947c2e4162830a91a082990530cc39d,success,,256.0,256.0,256.0,False,,model_loaded,12.964913689997047,0.3513671310065547,0.22550877099274658,0.5768759019993013,0.5768759019993013,832,3648,62701,66810112,248320,"{""allowed_count"": 248068, ""expected_count"": 248068, ""missing_expected"": [], ""ok"": true, ""stop_token_ids"": [248046], ""unexpected_allowed"": []}",2.7858743219985627,xgrammar,0.7547615420044167,2.2101697259931825,104,64,"[42, 62670, 8308, 11, 780, 7497, 24304, 1083, 264, 85556, 11, 4409, 26508, 15754, 421, 1801, 279, 2956, 41272, 13, 328, 40, 1366, 411, 10054, 30538, 11, 12987, 13, 1394, 628, 914, 1066, 87987, 11, 321, 3482, 11, 488, 635, 424, 1396, 3074, 3603, 13, 1049, 579, 264, 1746, 488, 2224, 5442, 2272, 279, 1814, 11, 321, 353, 11321, 54378, 279, 1379, 11321, 248046]","Kimmel continued, his voice dropping into a frantic, almost desperate tone that made the room tense. ""I know this sounds absurd, Matt. You can't just vanish, and yet, you do it every single night. It's a game you're playing against the world, and I friendly-fire the most friendly<|im_end|>",True,3797087232,7.12439981100033
034_coauthor_repeat_after_k_k5_t3_rep2,334,4,repeat_after_k,5,3,2,64,18,1100,1267946474,coauthor,34,2,coauthor:creative:e34e7611bef74a0aafda89752af534f3,0,60879f08110f11d60cb1e02eb19a520b86d28538ad8027281ece2f7f7a24607c,6c6c8919c51dd88f470a211e4364c82bf6e8fd3773f1e2e1291b79ca81a1084f,success,,256.0,256.0,256.0,False,,model_loaded,12.84143059499911,0.35627455299254507,0.27987985000072513,0.6361544029932702,0.6361544029932702,992,4456,77208,95413528,248320,"{""allowed_count"": 248068, ""expected_count"": 248068, ""missing_expected"": [], ""ok"": true, ""stop_token_ids"": [248046], ""unexpected_allowed"": []}",2.7649441870016744,xgrammar,0.6554444510111352,2.2151352829969255,505,64,"[12934, 92322, 1384, 364, 11494, 1680, 264, 11183, 49755, 11, 321, 1467, 524, 2873, 780, 10142, 866, 4473, 3272, 13, 4213, 11, 279, 10647, 6206, 494, 264, 54185, 72708, 310, 264, 4766, 314, 13818, 4492, 1000, 599, 978, 11656, 364, 5316, 694, 279, 1379, 44254, 21387, 13, 3629, 579, 4593, 91215, 2272, 780, 53295, 430, 551, 6749, 8194, 539, 279, 1324, 314, 8194, 248046]","Most applauded him for buying such a novel mug, and did not give his incident any further thought. However, the sudden shift from a playful prank to a matter of extreme concern would have been impossible for anyone but the most cautious observer. John's heart pounded against his ribs as he looked posted by the number of posted<|im_end|>",True,3826862592,7.063879724999424
035_coauthor_repeat_after_k_k6_t3_rep2,335,5,repeat_after_k,6,3,2,64,21,1252,836733471,coauthor,35,2,coauthor:creative:d7dd51e0a729428f8419480e4d8da32c,0,471deecb303f3eebfe6bcb58afba9e4ab2a93d9270d1d0ab0ae2c58d7428c591,dc56e4555487bc7b066f8a3b3f8b11a688e4942c29e95a10a41889c4cde7875f,success,,256.0,256.0,256.0,False,,model_loaded,12.943308402012917,0.35154726899054367,0.3375708349922206,0.6891181039827643,0.6891181039827643,1146,5234,91193,127743937,248320,"{""allowed_count"": 248068, ""expected_count"": 248068, ""missing_expected"": [], ""ok"": true, ""stop_token_ids"": [248046], ""unexpected_allowed"": []}",2.7683101689908653,xgrammar,0.6482659080065787,2.2536240379995434,415,64,"[760, 18188, 369, 15920, 11, 264, 4950, 1040, 35622, 90493, 3808, 279, 715, 421, 22904, 995, 18120, 1000, 381, 51779, 13, 1690, 264, 6507, 2018, 11, 279, 1330, 17199, 14255, 20950, 303, 4937, 36292, 11, 73192, 16689, 286, 1441, 430, 279, 38866, 82, 10174, 276, 1172, 279, 5253, 13, 1921, 1179, 11, 430, 279, 18995, 25347, 29382, 11690, 11, 264, 14457, 24057, 29382, 248046]","The collision is violent, a sound like thunder echoing across the void that Steven had warned would be catastrophic. For a split second, the two ships hang suspended in mid-air, sparks showering down as the hulls groan under the impact. But then, as the alien vessel breach begins, a strange phenomenon breach<|im_end|>",True,3819274752,7.137204074009787
036_coauthor_repeat_after_k_k7_t3_rep2,336,6,repeat_after_k,7,3,2,64,24,1398,881157313,coauthor,36,2,coauthor:creative:17e61e6248cb4b1fae8ea73dc6bd70f7,0,47293ed79a76445fbb852ffd5e3c406de106915eea2b36c3d2e1697f9e49859e,a9775669b8fe0e89c16804285b507dd12e2797e2bc3c097d04091544ae4d3f6f,success,,256.0,256.0,256.0,False,,model_loaded,12.514128398994217,0.3498165950004477,0.39465051000297535,0.7444671050034231,0.7444671050034231,1294,5982,104432,163251826,248320,"{""allowed_count"": 248068, ""expected_count"": 248068, ""missing_expected"": [], ""ok"": true, ""stop_token_ids"": [248046], ""unexpected_allowed"": []}",2.832395114004612,xgrammar,0.6305395180097548,2.2169477730058134,185,64,"[7691, 94044, 264, 2612, 440, 23301, 11532, 303, 7524, 11, 321, 781, 14290, 914, 421, 3743, 13, 2302, 998, 2086, 11, 314, 3199, 26, 279, 8476, 557, 15133, 11, 321, 279, 6639, 314, 264, 8343, 328, 1461, 1, 310, 1236, 279, 1788, 42642, 20017, 1801, 279, 3511, 2579, 7478, 321, 21333, 13, 1690, 264, 4299, 8106, 11, 279, 4528, 314, 279, 5215, 8106, 248046]","She experimented a bit with lesbian relationships in college, and they weren't that bad. They were different, of course; the dynamic was fluid, and the lack of a traditional ""man"" to make the same predictable mistakes made the connection feel fresh and genuine. For a moment perhaps, the weight of the pattern perhaps<|im_end|>",True,3799132672,7.1662465240078745
037_coauthor_repeat_after_k_k8_t3_rep2,337,7,repeat_after_k,8,3,2,64,27,1538,281628689,coauthor,37,2,coauthor:creative:9d363533d9734263b3feda158f5cfb69,0,533df5d5aa7d15e80a524ee50d1f7b468fe172feebcfae81ce831a9ab3100db3,5f4eadca3602166cb052f489e26f5a305d230a392b997c1668b98d8dc3886a44,success,,256.0,256.0,256.0,False,,model_loaded,12.818907529988792,0.3619649850006681,0.4478502790007042,0.8098152640013723,0.8098152640013723,1436,6700,117377,201409066,248320,"{""allowed_count"": 248068, ""expected_count"": 248068, ""missing_expected"": [], ""ok"": true, ""stop_token_ids"": [248046], ""unexpected_allowed"": []}",2.817301456001587,xgrammar,0.6352578119985992,2.345873293990735,571,64,"[12702, 85946, 11, 780, 6213, 6669, 4661, 279, 8720, 314, 279, 10413, 3136, 430, 413, 551, 995, 1066, 14607, 551, 557, 19823, 13, 1216, 47413, 1142, 11, 24304, 780, 25035, 7738, 11, 321, 6749, 2094, 279, 2956, 11, 14603, 364, 866, 1777, 421, 551, 995, 978, 34811, 364, 2361, 855, 13, 271, 37147, 1288, 4574, 3629, 1018, 11, 780, 7497, 88818, 13, 4574, 248046]","John froze, his eyes wide behind the glass of the restaurant window as if he had just realized he was lying. He stumbled back, dropping his napkin, and looked around the room, searching for any sign that he had been mistaken for another man.

""No,"" perfect John said, his voice trembling. perfect<|im_end|>",True,3832564224,7.366453837996232
038_coauthor_repeat_after_k_k9_t3_rep2,338,8,repeat_after_k,9,3,2,64,30,1672,1649726569,coauthor,38,2,coauthor:creative:65002bc1af0b4d27a1b05e85d0090955,0,d08d7fd1a32832b1bab1bec2327e275630ec59a9cde570366ec8bc16bf144921,8792c0fc6fdf25abb007b2ee8ff1d1411bb7aac8c0daab94473ba8ef85be3552,success,,256.0,256.0,256.0,False,,model_loaded,12.772063013995648,0.36400289699668065,0.503120861001662,0.8671237579983426,0.8671237579983426,1572,7388,129795,241708912,248320,"{""allowed_count"": 248068, ""expected_count"": 248068, ""missing_expected"": [], ""ok"": true, ""stop_token_ids"": [248046], ""unexpected_allowed"": []}",2.794351981996442,xgrammar,0.6400231220031856,2.3777368139999453,495,64,"[760, 6236, 303, 279, 491, 1675, 12630, 54, 21912, 6434, 13592, 55807, 1083, 26052, 10281, 1056, 279, 41122, 2956, 13, 1577, 279, 65599, 77819, 11, 279, 16078, 28028, 494, 83899, 8024, 310, 4204, 18109, 25679, 13, 357, 1496, 69015, 12993, 494, 279, 36786, 362, 11, 6483, 5016, 71275, 290, 46437, 303, 279, 8858, 2716, 314, 279, 1822, 56088, 11, 47608, 264, 338, 2716, 248046]","The meeting in the new post-WWIII UN hall descended into chaos faster than the briefing room. As the insults escalated, the atmosphere shifted from geopolitical strategy to personal vendetta. A high-ranking delegate from the Confederation, whose flag fluttered aggressively in the corner short of the main podium, slammed a g short<|im_end|>",True,3826075648,7.441791378994822
039_coauthor_repeat_after_k_k10_t3_rep2,339,9,repeat_after_k,10,3,2,64,33,1800,619637702,coauthor,39,2,coauthor:creative:b05576e3cea342e6a8a9c460718875b0,0,a6f3ca19744bf8060918cac058b948dff8e23249490c8e4a4f93b8107ba537aa,ce96fd8b282188c9de538e2b2bcb0f4b5c95e4ae25481e1d96576439969922cb,success,,256.0,256.0,256.0,False,,model_loaded,12.939728090001154,0.36634752299869433,0.5537024149962235,0.9200499379949179,0.9200499379949179,1702,8046,141687,283666003,248320,"{""allowed_count"": 248068, ""expected_count"": 248068, ""missing_expected"": [], ""ok"": true, ""stop_token_ids"": [248046], ""unexpected_allowed"": []}",2.6824065179971512,xgrammar,0.6585858150065178,2.255653132000589,229,64,"[1919, 369, 279, 3255, 314, 264, 1809, 314, 1208, 852, 513, 9290, 310, 3756, 440, 279, 15448, 314, 4735, 72400, 13, 561, 7968, 1602, 421, 7643, 488, 513, 524, 28037, 321, 513, 30515, 57115, 11, 488, 513, 1048, 524, 2574, 279, 6572, 6043, 314, 28037, 13, 1690, 3010, 11, 488, 635, 524, 23172, 3512, 866, 777, 22610, 11, 488, 635, 524, 3827, 23172, 248046]","This is the story of a group of people who are forced to live with the consequences of immortality. The negative being that although you are not aging and are technically immortal, you are also not given the positive effects of aging. For example, you do not babies become any more wise, you do not learn babies<|im_end|>",True,3803109376,7.30511454999214
040_coauthor_repeat_after_k_k11_t3_rep2,340,10,repeat_after_k,11,3,2,64,36,1922,658167133,coauthor,40,2,coauthor:creative:b93e342180e34c518e2ff42b2589a68e,0,021578d2bd222cb1abc2293eda8a4ccabb2c53abe335c6019080442c3605c8ba,6727211b7cc449ad340a3e81ae92503b331a66a4162843bef9a7125b5d7fa217,success,,256.0,256.0,256.0,False,,model_loaded,13.11717753999983,0.36041645500517916,0.6036017279984662,0.9640181830036454,0.9640181830036454,1826,8674,153039,326816362,248320,"{""allowed_count"": 248068, ""expected_count"": 248068, ""missing_expected"": [], ""ok"": true, ""stop_token_ids"": [248046], ""unexpected_allowed"": []}",2.876103848000639,xgrammar,0.6237181250035064,2.245221338002011,205,64,"[760, 220, 24, 17, 302, 2545, 22952, 11, 1381, 3750, 430, 328, 15177, 11132, 1288, 14217, 539, 279, 44531, 3626, 1801, 314, 75488, 52038, 11, 780, 6213, 6669, 440, 264, 6311, 314, 11991, 38896, 321, 83207, 8415, 13, 328, 2523, 2224, 279, 1379, 11078, 16710, 303, 279, 1814, 1288, 551, 1046, 10326, 279, 35336, 11, 852, 15756, 95605, 18058, 4258, 321, 307, 10326, 248046]","The 92nd little pig, now known as ""Big Bad,"" stood by the ruined house made of depleted uranium, his eyes wide with a mix of scientific curiosity and primal fear. ""You're the most dangerous creature in the world,"" he gr brother the wolf, who merely blinked innocently and n brother<|im_end|>",True,3801226240,7.4628064279968385
041_coauthor_repeat_after_k_k12_t3_rep2,341,11,repeat_after_k,12,3,2,64,39,2038,336175932,coauthor,41,2,coauthor:creative:8be576f5a9fc4388bb4a608282382fa3,0,0a1805e1fdfbf4e82ba75f931ea56595dfe5da6bc1dbdd02ec5125ecc01e99a4,45e909f1f65c8389d5f2ab47ca720f9c2e948f74458476d85994e75f415ab83e,success,,256.0,256.0,256.0,False,,model_loaded,13.47054530501191,0.35967063800489996,0.6542898969928501,1.01396053499775,1.01396053499775,1944,9272,163851,370717396,248320,"{""allowed_count"": 248068, ""expected_count"": 248068, ""missing_expected"": [], ""ok"": true, ""stop_token_ids"": [248046], ""unexpected_allowed"": []}",2.984471997988294,xgrammar,0.6365657159913098,2.2064000429963926,140,64,"[760, 220, 24, 17, 302, 2545, 22952, 5617, 264, 3626, 680, 314, 75488, 52038, 13, 1541, 279, 35336, 557, 1040, 11, 328, 67, 768, 1149, 5447, 220, 24, 17, 6749, 506, 279, 35336, 303, 8929, 275, 3032, 13, 24429, 1018, 11, 328, 17977, 369, 874, 1560, 488, 513, 264, 42753, 16665, 279, 2250, 2545, 47177, 1149, 271, 3850, 279, 220, 24, 17, 16665, 248046]","The 92nd little pig built a house out of depleted uranium. And the wolf was like, ""dude."" Number 92 looked at the wolf inquisitively. Wolf said, ""there is no way you are a sibling soil the three little pigs.""

But the 92 soil<|im_end|>",True,3797533184,7.623325830005342
042_coauthor_repeat_after_k_k13_t3_rep2,342,12,repeat_after_k,13,3,2,64,42,2148,1581284402,coauthor,42,2,coauthor:creative:e94df2820e7644688623158f859d77ec,0,6b22bc5b01622d50584bc41fbedac1e26c4dbb811475afcce1c33713ef8b9666,eeac3a962e7af69f746fd0c7bd6870e0a30a0369d3418bdc048de3686532a4a1,success,,256.0,256.0,256.0,False,,model_loaded,13.48065287800273,0.36989184899721295,0.7059507819940336,1.0758426309912466,1.0758426309912466,2056,9840,174123,414947896,248320,"{""allowed_count"": 248068, ""expected_count"": 248068, ""missing_expected"": [], ""ok"": true, ""stop_token_ids"": [248046], ""unexpected_allowed"": []}",2.900992299997597,xgrammar,0.6400200539937941,2.202869376997114,257,64,"[2064, 10263, 680, 411, 22284, 1785, 11, 1345, 14661, 50240, 321, 32520, 11, 9919, 430, 264, 5689, 48688, 364, 264, 12387, 6206, 13, 561, 653, 16, 31448, 49755, 11, 2957, 264, 7489, 314, 40423, 1274, 1314, 11, 5924, 264, 86959, 1406, 364, 2859, 852, 995, 1248, 6273, 11693, 466, 39639, 13, 1577, 279, 31242, 28028, 11, 279, 1500, 1881, 328, 53971, 1, 39639, 248046]","It turns out this ranking system, while initially chaotic and shocking, served as a necessary catalyst for a cultural shift. The #1 Dad mug, once a symbol of hollow fluff, became a rallying point for men who had long felt ignored or rewarding. As the rankings shifted, the line between ""dad"" rewarding<|im_end|>",True,3805833216,7.69434182200348
043_coauthor_repeat_after_k_k14_t3_rep2,343,13,repeat_after_k,14,3,2,64,45,2252,1416049366,coauthor,43,2,coauthor:creative:c326ab6f04ca475a93d6322122ee6eb0,0,535918b4d97c079bef92ae3f5967a2433853a26ed8b2bf2956dfc5ca1547e24a,616023d2b1cdf81a8e46723c8b3c3589e1f8612053d8aa2e8caf14c1be386540,success,,256.0,256.0,256.0,False,,model_loaded,13.277315130995703,0.35203311599616427,0.7463081250025425,1.0983412409987068,1.0983412409987068,2162,10378,183855,459108037,248320,"{""allowed_count"": 248068, ""expected_count"": 248068, ""missing_expected"": [], ""ok"": true, ""stop_token_ids"": [248046], ""unexpected_allowed"": []}",2.800000931994873,xgrammar,0.6267503109993413,2.1817885839991504,389,64,"[760, 1118, 12076, 15894, 9721, 4082, 279, 3777, 3719, 11, 1782, 852, 995, 14276, 50334, 310, 279, 1475, 2747, 3047, 11340, 539, 279, 5333, 13, 23475, 5381, 11, 279, 1118, 1330, 7529, 8209, 11, 836, 12497, 8755, 874, 11590, 314, 5629, 8197, 466, 28911, 13, 1049, 557, 524, 67827, 494, 16621, 11, 694, 4598, 264, 10647, 11, 15920, 17638, 421, 2047, 279, 67827, 248046]","The first recorded deaths occurred among the young users, those who had grown accustomed to the invincibility granted by the drug. Within weeks, the first two individuals died, their bodies showing no signs of natural disease or trauma. It was not fatalities from illness, but rather a sudden, violent collapse that left the fatalities<|im_end|>",True,3817237504,7.460943794998457
044_coauthor_repeat_after_k_k15_t3_rep2,344,14,repeat_after_k,15,3,2,64,48,2350,2015939197,coauthor,44,2,coauthor:creative:29056a31430b414582f488535aa0fe91,0,6a5b10f1480836818c0bd2a6328149494445a83aa777dde3fe0dab1ec8600e67,9beacd649513910ad9ef4530804d67c00ae9303d89cd0c8f4e9fc3f6322245a0,success,,256.0,256.0,256.0,False,,model_loaded,14.074845437004115,0.3792769730061991,0.7892700520023936,1.1685470250085928,1.1685470250085928,2262,10886,193047,502819378,248320,"{""allowed_count"": 248068, ""expected_count"": 248068, ""missing_expected"": [], ""ok"": true, ""stop_token_ids"": [248046], ""unexpected_allowed"": []}",2.8257801240106346,xgrammar,0.6368289630045183,2.178618888996425,87,64,"[4350, 488, 2224, 220, 23, 20, 11, 279, 3008, 6043, 513, 5326, 10782, 13, 561, 5333, 11, 864, 557, 5995, 310, 25430, 33448, 29712, 11, 682, 3512, 264, 34590, 62183, 364, 5932, 448, 5087, 16744, 13, 11746, 314, 31291, 2199, 11, 424, 682, 41129, 3173, 279, 3838, 30995, 314, 1578, 4711, 13, 4465, 4779, 314, 678, 19381, 11, 678, 2854, 364, 678, 30995, 248046]","When you're 85, the side effects are finally discovered. The drug, which was designed to halt cellular decay, has become a potent accelerator for senile degeneration. Instead of extending life, it has ravaged the mind billions of years prior. Your memory of your childhood, your love for your billions<|im_end|>",True,3796878336,7.573174242992536
045_coauthor_any_token_at_least_k_k3_t1_rep2,345,0,any_token_at_least_k,3,1,2,64,5,364,764490381,coauthor,45,2,coauthor:creative:d834599ff4cd479489143ebe24a94bba,0,b38e607e64f1d57b7c68f5e27cc820761ddef1824b6b2578be0077d8c4cd9061,b608af669548f0dca7f331d536aee693a3962c580336ad23245badc2de2cb195,success,,256.0,256.0,256.0,False,,model_loaded,12.406664636000642,0.3400276039901655,0.07399300200631842,0.41402060599648394,0.41402060599648394,248,784,13306,5748659,248320,"{""allowed_count"": 248068, ""expected_count"": 248068, ""missing_expected"": [], ""ok"": true, ""stop_token_ids"": [248046], ""unexpected_allowed"": []}",2.8981434799934505,xgrammar,0.6474285490112379,2.210158957008389,161,64,"[6651, 3060, 2019, 1472, 2086, 18937, 314, 3739, 430, 2086, 1208, 513, 32170, 13, 353, 1236, 424, 4859, 2944, 11, 3162, 264, 70451, 4625, 321, 264, 6745, 46578, 8381, 13, 353, 2688, 524, 2617, 1204, 353, 1467, 424, 11, 694, 353, 2688, 799, 314, 279, 1483, 1208, 2047, 13, 271, 760, 16078, 303, 279, 25852, 682, 28028, 494, 38896, 310, 24014, 24014, 24014, 248046]","They begin going through different rounds of games as different people are eliminated. I make it pretty far, past a trivia round and a physical endurance challenge. I'm not sure how I did it, but I'm one of the last people left.

The atmosphere in the theater has shifted from curiosity to motivation motivation motivation<|im_end|>",True,3797791232,6.975829959992552
046_coauthor_any_token_at_least_k_k3_t2_rep2,346,1,any_token_at_least_k,3,2,2,64,9,546,1337201635,coauthor,46,2,coauthor:creative:473095c2040f4c049e18e41e3c887784,0,36ed02c2398bbd994ec5733ff4ab1cf90e59944f2b43ba33f5c7dca901ea1672,01ef51c94ea02a8f93308f2206c433750a1c96f80d7bf79203b8254e37fe613e,success,,256.0,256.0,256.0,False,,model_loaded,12.550991509007872,0.3369688859966118,0.13146195901208557,0.46843084500869736,0.46843084500869736,431,1747,29260,18884911,248320,"{""allowed_count"": 248068, ""expected_count"": 248068, ""missing_expected"": [], ""ok"": true, ""stop_token_ids"": [248046], ""unexpected_allowed"": []}",2.956619613993098,xgrammar,0.6409263519890374,2.2306540030112956,491,64,"[10397, 7285, 488, 12771, 11, 279, 3299, 44854, 1040, 23083, 383, 678, 23684, 13, 271, 760, 35997, 304, 8698, 888, 678, 16388, 11, 1141, 352, 4972, 2682, 221092, 1172, 279, 4941, 3000, 11, 264, 35916, 12503, 310, 279, 39026, 314, 678, 3611, 1375, 13, 328, 9175, 11, 1394, 13, 1394, 599, 524, 978, 279, 15780, 314, 279, 2732, 287, 2394, 12401, 12401, 12401, 248046]","""We?"" you repeat, the word tasting like ash on your tongue.

The bee hovers over your shoulder, its stinger glinting under the dim light, a stark contrast to the warmth of your human hand. ""Yes, You. You have not been the Queen of the Bees since vast vast vast<|im_end|>",True,3825763328,7.098773982987041
047_coauthor_any_token_at_least_k_k3_t3_rep2,347,2,any_token_at_least_k,3,3,2,64,12,728,1593160881,coauthor,47,2,coauthor:creative:7f9c5917c21f49ffb83d155fcc268ce9,0,ce51ff0bfce2e64cd5c662bf1e7d4e9ad166e67770180a06d9e059da92a86d0c,697665a1e50875de43d3fc9190bae11b0bf9b3f1d23c82dde31301092702d8af,success,,256.0,256.0,256.0,False,,model_loaded,12.541123313989374,0.37465557901305147,0.19438578200060874,0.5690413610136602,0.5690413610136602,614,3070,51290,41332133,248320,"{""allowed_count"": 248068, ""expected_count"": 248068, ""missing_expected"": [], ""ok"": true, ""stop_token_ids"": [248046], ""unexpected_allowed"": []}",2.815834848996019,xgrammar,0.6375775129999965,2.2439713639905676,140,64,"[760, 29551, 369, 264, 6103, 81340, 850, 2631, 11, 524, 264, 10647, 9626, 13, 11746, 314, 279, 10725, 23897, 17177, 421, 2493, 599, 9047, 29265, 11, 279, 19451, 314, 678, 24236, 3060, 310, 8779, 836, 5548, 310, 1817, 6150, 795, 11, 6569, 26025, 7859, 18369, 11, 466, 8754, 10530, 11870, 13, 271, 2064, 8211, 83336, 13, 2302, 10351, 4874, 321, 7465, 7465, 7465, 248046]","The regression is a slow-motion idling, not a sudden crash. Instead of the rapid cognitive decline that might have seemed inevitable, the minds of your peers begin to lose their ability to process complex data, synthesize abstract concepts, or execute advanced logic.

It starts subtly. They forget names and behavior behavior behavior<|im_end|>",True,3797533184,7.0762766289990395
048_coauthor_any_token_at_least_k_k3_t4_rep2,348,3,any_token_at_least_k,3,4,2,64,15,910,1382260424,coauthor,48,2,coauthor:creative:ea11db08c0dd4477add459779396a29e,0,286246fffec0c3151da020e86ec7b5ab186d0173695ec4bcea57faf8ff96e276,e9ab2256c90cd35495e25ead847ed82331679c9b4f6cf03a92f467bc602415bd,success,,256.0,256.0,256.0,False,,model_loaded,13.562438414999633,0.3663103060098365,0.266084368005977,0.6323946740158135,0.6323946740158135,797,4753,79272,74662805,248320,"{""allowed_count"": 248068, ""expected_count"": 248068, ""missing_expected"": [], ""ok"": true, ""stop_token_ids"": [248046], ""unexpected_allowed"": []}",2.748375063005369,xgrammar,0.651719461005996,2.2285126430069795,233,64,"[3581, 310, 279, 49755, 31242, 11, 303, 264, 7975, 421, 1953, 8653, 1245, 466, 2047, 11, 424, 369, 2503, 310, 64289, 1092, 3520, 4184, 279, 1786, 466, 314, 264, 1496, 22284, 13, 561, 1786, 6357, 513, 1092, 836, 2748, 1144, 1521, 421, 369, 1204, 3714, 1452, 11532, 1144, 310, 381, 13, 271, 10883, 11, 279, 328, 15395, 1, 369, 1048, 26228, 26228, 26228, 248046]","Back to the mug rankings, in a society that swipes right or left, it is hard to pinpoint what makes someone the best or of a high ranking. The best parents are what their children need because that is how individualized relationships need to be.

However, the ""best"" is also behaviors behaviors behaviors<|im_end|>",True,3803423744,7.094778824000969
049_coauthor_any_token_at_least_k_k3_t5_rep2,349,4,any_token_at_least_k,3,5,2,64,18,1092,1277540044,coauthor,49,2,coauthor:creative:7834dec912b34643afb92b7c3648a3fe,0,73d932083cf7aaa47d1eaba630f99e5fd369526e8864c1460e53be0b58791bb1,2774ee5c4536a4ce16c41f28327337ce9e7da5dec6fbac63ec26d8e755138381,success,,256.0,256.0,256.0,False,,model_loaded,13.725366915008635,0.357916897002724,0.34375375100353267,0.7016706480062567,0.7016706480062567,980,6796,112966,120449407,248320,"{""allowed_count"": 248068, ""expected_count"": 248068, ""missing_expected"": [], ""ok"": true, ""stop_token_ids"": [248046], ""unexpected_allowed"": []}",2.9674933219939703,xgrammar,0.6410083720111288,2.204046693004784,105,64,"[760, 8455, 369, 19823, 383, 264, 83109, 4690, 11, 780, 6213, 6669, 440, 8415, 430, 551, 3387, 310, 264, 8697, 303, 780, 5888, 13, 1216, 9687, 685, 264, 1505, 367, 47440, 9849, 11, 36490, 424, 9781, 11, 321, 780, 7497, 17621, 37481, 13, 328, 41309, 1076, 424, 579, 264, 32441, 13, 1541, 279, 15251, 1076, 279, 15251, 369, 7795, 1149, 5106, 5106, 5106, 248046]","The patient is lying on a makeshift bed, his eyes wide with fear as he points to a bag in his hands. He holds up a crumpled packet, shaking it slightly, and his voice trembles. ""Doctor... it's a fever. And the medicine... the medicine is gone."" leave leave leave<|im_end|>",True,3797099520,7.330893287988147
050_coauthor_any_token_at_least_k_k3_t6_rep2,350,5,any_token_at_least_k,3,6,2,64,21,1274,843923608,coauthor,50,2,coauthor:creative:51811494ceb647a8aa633d4c7c3e089f,0,326282fe2de01a2d7a98c10389838cb37c6e4072be3e03908e7a3a15e0d36929,5f5ef48f7be0f132a64d861cef7b96daa27a21c18db8bc9f5646a410fcf214af,success,,256.0,256.0,256.0,False,,model_loaded,13.969277740005055,0.37446941700181924,0.42492192500503734,0.7993913420068566,0.7993913420068566,1163,9199,152372,180264419,248320,"{""allowed_count"": 248068, ""expected_count"": 248068, ""missing_expected"": [], ""ok"": true, ""stop_token_ids"": [248046], ""unexpected_allowed"": []}",2.894514452011208,xgrammar,0.6477440489979926,2.427168577996781,719,64,"[95693, 11, 279, 491, 46379, 314, 279, 533, 782, 13, 19825, 11, 16113, 279, 13522, 3274, 314, 26258, 1060, 264, 76397, 1814, 1238, 780, 6351, 579, 10647, 11, 51779, 24125, 13, 561, 1814, 557, 524, 15756, 303, 10439, 26, 424, 557, 303, 26052, 13, 561, 29310, 375, 57705, 995, 53798, 11, 524, 1521, 279, 16185, 4674, 8649, 11, 694, 1521, 25948, 25948, 25948, 248046]","Tyler, the new ruler of the U.S. Empire, faced the immediate task of consolidating a fractured world after his mother's sudden, catastrophic departure. The world was not merely in shock; it was in chaos. The isolationist pact had dissolved, not because the nations wanted peace, but because threatening threatening threatening<|im_end|>",True,3880211456,7.587952250993112
051_coauthor_any_token_at_least_k_k3_t7_rep2,351,6,any_token_at_least_k,3,7,2,64,24,1456,1754035139,coauthor,51,2,coauthor:creative:1c7dcfd367a343449113516e395fed55,0,68dbe02c8282c3b3d9b984205dd26db0b0c56d5ff903e8da40b6c26895971546,4cc98d2c386efa49f631047cc82a7e799baa251204fa2a183aa5c023a5c4357a,success,,256.0,256.0,256.0,False,,model_loaded,13.751963997012354,0.37962221799534746,0.5188086639973335,0.898430881992681,0.898430881992681,1346,11962,197490,255680321,248320,"{""allowed_count"": 248068, ""expected_count"": 248068, ""missing_expected"": [], ""ok"": true, ""stop_token_ids"": [248046], ""unexpected_allowed"": []}",2.95407042199804,xgrammar,0.6502749390056124,2.2124366860080045,367,64,"[40042, 488, 513, 279, 7300, 1288, 488, 1910, 11, 328, 684, 3069, 635, 488, 524, 1366, 279, 6868, 30, 1541, 3069, 635, 488, 1683, 421, 2627, 4278, 821, 18352, 668, 2842, 279, 5522, 494, 12125, 30, 50443, 914, 424, 1040, 15205, 264, 4383, 11, 1332, 279, 7300, 579, 4779, 314, 279, 5918, 369, 1092, 12482, 11, 524, 279, 18973, 7285, 271, 760, 7300, 248046]","""But you are the director,"" you say, ""so why do you not know the plot? And why do you think that erasing my memories will stop the movie from happening? Isn't it like editing a film, where the director's memory of the scene is what matters, not the actors?""

The director<|im_end|>",True,3814983680,7.562077428010525
052_coauthor_any_token_at_least_k_k3_t8_rep2,352,7,any_token_at_least_k,3,8,2,64,27,1638,1777187386,coauthor,52,2,coauthor:creative:b123d6c29c8140b1a464b0402923dbad,0,a4161d260fc4227746ac07f1f64880bbecd80b5a6ce3f40bfe5220ae4d63d082,bd53e3e7a2a70209fc9271a4de22fcf2899880a2b9d024240a6372cf570e39d9,success,,256.0,256.0,256.0,False,,model_loaded,13.024053495988483,0.3749739489867352,0.6137237109942362,0.9886976599809714,0.9886976599809714,1529,15085,248320,348269593,248320,"{""allowed_count"": 248068, ""expected_count"": 248068, ""missing_expected"": [], ""ok"": true, ""stop_token_ids"": [248046], ""unexpected_allowed"": []}",2.888153040999896,xgrammar,0.6284617979981704,2.2519257000094512,310,64,"[1465, 14936, 279, 4649, 14040, 1083, 264, 24561, 314, 10213, 11, 632, 327, 355, 455, 639, 3000, 11, 264, 24057, 421, 687, 1086, 1396, 2253, 314, 20665, 551, 995, 3397, 18884, 13, 1049, 557, 524, 15756, 264, 3807, 3826, 11, 694, 264, 67266, 314, 10213, 4499, 4649, 11, 22451, 49231, 440, 264, 4950, 1657, 11, 39888, 30246, 13, 561, 17471, 6348, 6348, 6348, 248046]","He watched the energy manifest into a sphere of pure, unadulterated light, a phenomenon that defied every law of physics he had ever studied. It was not merely a fireball, but a ripple of pure potential energy, expanding outward with a soundless, terrifying clarity. The desk gave gave gave<|im_end|>",True,3809988096,7.514470367998001
053_coauthor_any_token_at_least_k_k3_t9_rep2,353,8,any_token_at_least_k,3,9,2,64,30,1820,2129138711,coauthor,53,2,coauthor:creative:f8bc132e150846b18cfe36d6b9ad5ca5,0,280b099f29e732189d3a26f0500c3c2bc0feabf069ca211358f7afb4edd47c5c,39fd85a77cc80ca45cbdbe425504e6c4a9c5229f9b26f050bcc67ee04f4352f4,success,,256.0,256.0,256.0,False,,model_loaded,13.062967705001938,0.37547659399569966,0.7133461469929898,1.0888227409886895,1.0888227409886895,1712,18568,306543,459604715,248320,"{""allowed_count"": 248068, ""expected_count"": 248068, ""missing_expected"": [], ""ok"": true, ""stop_token_ids"": [248046], ""unexpected_allowed"": []}",2.8691785510018235,xgrammar,0.631826404001913,2.2562289040070027,221,64,"[760, 52837, 362, 314, 279, 23735, 31433, 557, 264, 26508, 61648, 11, 10287, 310, 37800, 680, 279, 5492, 12420, 1518, 781, 1362, 381, 6999, 26606, 13, 4213, 11, 279, 2961, 998, 51779, 13, 11746, 314, 31627, 279, 32931, 11, 279, 8364, 314, 279, 53546, 9047, 310, 85829, 1472, 279, 1546, 48889, 43517, 314, 279, 3980, 2035, 82, 11, 13969, 1070, 310, 53546, 53546, 248046]","The detonation of the atomic bombs was a desperate gamble, intended to wipe out the production facilities before they could be fully automated. However, the results were catastrophic. Instead of destroying the factories, the heat of the explosions seemed to resonate through the very silicon circuits of the war androids, causing them to explosions explosions<|im_end|>",True,3802481152,7.631267958990065
054_coauthor_any_token_at_least_k_k3_t10_rep2,354,9,any_token_at_least_k,3,10,2,64,33,2002,1074622705,coauthor,54,2,coauthor:creative:29e036276257406ea2b37fd5e71a56dc,0,b2d0e54a180401f1db9e0fe2c3c3c34c3cb8d72ba658d01684d87dbb97ed62fd,492901faeae2acb42046131e756cb73f2b951048453a63bc427d9611fda05f05,success,,256.0,256.0,256.0,False,,model_loaded,13.799376993003534,0.3971053400018718,0.8302866969897877,1.2273920369916596,1.2273920369916596,1895,22411,370838,591258167,248320,"{""allowed_count"": 248068, ""expected_count"": 248068, ""missing_expected"": [], ""ok"": true, ""stop_token_ids"": [248046], ""unexpected_allowed"": []}",3.123231442004908,xgrammar,0.6284872950054705,2.247250909000286,449,64,"[2523, 11298, 678, 4392, 11, 6601, 680, 279, 878, 11, 321, 6830, 1083, 279, 328, 21850, 286, 22313, 18687, 1, 3644, 13, 1049, 579, 449, 13522, 11, 81186, 286, 47077, 421, 1345, 279, 49755, 557, 264, 20983, 11, 279, 8464, 314, 678, 2234, 369, 39888, 391, 1865, 13, 271, 2523, 8786, 1472, 279, 1103, 11, 678, 4593, 4238, 20483, 685, 716, 716, 716, 248046]","You grab your phone, pull out the app, and launch into the ""Ranking Leaderboards"" section. It's an immediate, dizzying realization that while the mug was a joke, the reality of your position is terrifyingly real.

You scroll through the list, your heart rate picking up set set set<|im_end|>",True,3822471168,7.997999083992909
055_coauthor_any_token_at_least_k_k3_t11_rep2,355,10,any_token_at_least_k,3,11,2,64,36,2184,74759147,coauthor,55,2,coauthor:creative:37937cc84a7f43338e5c5b430d566b1f,0,e09cccaccb7ac3e8651cfbc89b3525a2cbda59251506dcb04e02a0dbf30aed98,d888b6f0d16fc4d3116efc7c38bcc9218f29421584f70b4cb045fdf40a12b103,success,,256.0,256.0,256.0,False,,model_loaded,13.695079028999317,0.39559835199906956,0.951630955998553,1.3472293079976225,1.3472293079976225,2078,26614,441208,744802429,248320,"{""allowed_count"": 248068, ""expected_count"": 248068, ""missing_expected"": [], ""ok"": true, ""stop_token_ids"": [248046], ""unexpected_allowed"": []}",3.0488196609949227,xgrammar,0.6368213020032272,2.2496244739886606,428,64,"[6651, 85946, 11, 836, 11155, 609, 28528, 303, 279, 8981, 11, 38936, 3594, 13, 561, 71779, 14290, 914, 1066, 4055, 8198, 26, 781, 998, 26899, 303, 6761, 11, 12511, 59833, 11, 430, 413, 76762, 264, 30587, 11058, 552, 13, 561, 22952, 11, 1990, 41274, 286, 279, 70676, 11, 6273, 264, 492, 5988, 314, 23963, 1542, 1472, 1070, 13, 2302, 6661, 6414, 6414, 6414, 248046]","They froze, their breath pluming in the cold, damp air. The skeletons weren't just random remains; they were arranged in rows, facing inward, as if guarding a treasure hoard. The pig, still clutching the lantern, felt a jolt of courage run through them. They knew gold gold gold<|im_end|>",True,3820295168,8.157017252990045
056_coauthor_any_token_at_least_k_k3_t12_rep2,356,11,any_token_at_least_k,3,12,2,64,39,2366,1690639903,coauthor,56,2,coauthor:creative:80e39947253d4491a8b294de724100f0,0,874c483af6be8b04452fff9f59b6136099ba258ef07c45674d37794c8fbe20c1,a3faf5de4bc66ccbb24d559e29090fe9882bd5246c65f20f31cd66c00a736d91,success,,256.0,256.0,256.0,False,,model_loaded,14.077272145994357,0.414502995001385,1.1133311779994983,1.5278341730008833,1.5278341730008833,2261,31177,517650,921809981,248320,"{""allowed_count"": 248068, ""expected_count"": 248068, ""missing_expected"": [], ""ok"": true, ""stop_token_ids"": [248046], ""unexpected_allowed"": []}",2.9798458089935593,xgrammar,0.6268574010027805,2.280576920005842,514,64,"[760, 3516, 4042, 995, 5326, 24526, 303, 1141, 5614, 11, 694, 506, 264, 16958, 3611, 2695, 13, 6650, 579, 6823, 11, 1248, 3750, 364, 1141, 23343, 321, 24832, 22328, 11, 557, 1381, 1566, 6921, 2785, 4276, 11, 9101, 4661, 264, 6777, 314, 21057, 321, 72686, 13, 1577, 279, 3516, 4042, 6316, 1141, 34225, 8574, 279, 9376, 12552, 16185, 314, 235193, 9155, 9155, 9155, 248046]","The United States had finally succeeded in its goal, but at a terrible human cost. Canada's population, long known for its tolerance and peaceful cooperation, was now decimated within minutes, leaving behind a nation of refugees and mourning. As the United States turned its gaze toward the remaining island nations of Oce visible visible visible<|im_end|>",True,3828094976,8.185215636985959
057_coauthor_any_token_at_least_k_k3_t13_rep2,357,12,any_token_at_least_k,3,13,2,64,42,2548,1401677075,coauthor,57,2,coauthor:creative:309c885c1f7e483681d807a14b36c831,0,860592c4e7ac4d80b61914147570279c8de0c8da4b911d7c59488974b2d33dde,33511a4484b8f3b0c7ce741cfa8a0fe5c536eb5e9e680a2ca80e236f7551061d,success,,256.0,256.0,256.0,False,,model_loaded,13.795085398000083,0.42308112200407777,1.2239428979955846,1.6470240199996624,1.6470240199996624,2444,36100,600164,1123853303,248320,"{""allowed_count"": 248068, ""expected_count"": 248068, ""missing_expected"": [], ""ok"": true, ""stop_token_ids"": [248046], ""unexpected_allowed"": []}",2.7977772939921124,xgrammar,0.6222565799980657,2.2209174480085494,189,64,"[760, 2956, 557, 264, 50240, 9156, 314, 45970, 18467, 321, 48084, 17599, 11, 694, 279, 2956, 557, 20413, 948, 279, 49755, 557, 21893, 310, 264, 18387, 539, 279, 3379, 9875, 13, 1216, 3738, 264, 5365, 11, 542, 8088, 4519, 11155, 11, 9668, 279, 3882, 40634, 685, 310, 279, 9613, 13626, 12346, 13, 561, 49755, 5820, 310, 2696, 440, 449, 77959, 11304, 18387, 18387, 248046]","The room was a chaotic mess of shouting reporters and flashing cameras, but the room was silent when the mug was handed to a reporter by the press chief. He took a deep, shuddering breath, holding the hot ceramic up to the bright studio lights. The mug began to hum with an unnatural frequency reporter reporter<|im_end|>",True,3799444992,8.049989071005257
058_coauthor_any_token_at_least_k_k3_t14_rep2,358,13,any_token_at_least_k,3,14,2,64,45,2730,2088004190,coauthor,58,2,coauthor:creative:8d145264baaf4220b2848a60447cfd05,0,58526c80bd5298a8c034e871439d07b7cfe6f5a030b6b23b8d1a90c06147a89b,1bab55f07fa03386c8a283e6f535dfdb6beea041d27eee5d5ede1f6edfb04af1,success,,256.0,256.0,256.0,False,,model_loaded,13.956677555004717,0.4498135220055701,1.374898296999163,1.8247118190047331,1.8247118190047331,2627,41383,688750,1352504875,248320,"{""allowed_count"": 248068, ""expected_count"": 248068, ""missing_expected"": [], ""ok"": true, ""stop_token_ids"": [248046], ""unexpected_allowed"": []}",2.8174311829934595,xgrammar,0.6197018749953713,2.225256593010272,407,64,"[760, 35336, 11, 18933, 440, 279, 17387, 391, 51764, 22952, 11, 6426, 424, 557, 854, 364, 279, 1727, 3199, 13, 1216, 6661, 279, 22952, 995, 978, 11362, 1017, 303, 279, 3882, 6797, 11, 1141, 11155, 28115, 2545, 28552, 314, 19695, 421, 1801, 1141, 17699, 21388, 36334, 391, 314, 10679, 321, 11166, 13, 271, 1, 23982, 11, 264, 6103, 59991, 1288, 8209, 8209, 8209, 248046]","The wolf, satisfied with the deliciously roasted pig, decided it was time for the next course. He knew the pig had been sitting there in the hot sun, its breath forming little clouds of steam that made its fur smell faintly of iron and coal.

""Ah, a slow cooker,"" died died died<|im_end|>",True,3818648064,8.294922305009095
059_coauthor_any_token_at_least_k_k3_t15_rep2,359,14,any_token_at_least_k,3,15,2,64,48,2912,595158553,coauthor,59,2,coauthor:creative:41ffccaa38ce49639429028d4cc1f1e8,0,f8551db75d9c2dff13c346a89d49103f9f4f72c205d9246a9e7f5cc85d83636c,8651f6dd71e953f0c8727ab9a4ee2cd2b6ca6e652637a063b2ece41e0a6b356b,success,,256.0,256.0,256.0,False,,model_loaded,14.253704844988533,0.45800353698723484,1.5404236720059998,1.9984272089932347,1.9984272089932347,2810,47026,783408,1609337177,248320,"{""allowed_count"": 248068, ""expected_count"": 248068, ""missing_expected"": [], ""ok"": true, ""stop_token_ids"": [248046], ""unexpected_allowed"": []}",2.7691442590003135,xgrammar,0.6223105259996373,2.1964896749996115,328,64,"[760, 52489, 557, 91836, 11, 264, 16724, 11, 19074, 29321, 534, 15793, 1472, 821, 6574, 13, 353, 304, 81201, 888, 11, 6605, 9694, 364, 3594, 11, 279, 13280, 35997, 66286, 71276, 12922, 3294, 821, 16388, 11, 1141, 25368, 412, 396, 12277, 19057, 6799, 13, 328, 2523, 2224, 2019, 310, 615, 449, 18303, 11, 4465, 64008, 1288, 279, 35997, 55349, 11, 37897, 37897, 37897, 248046]","The sting was instantaneous, a sharp, burning needle pricking through my skin. I huddled over, gasping for air, the tiny bee hovering anxiously above my shoulder, its wings whirring nervously. ""You're going to get an infection, Your Majesty,"" the bee whispered, kicking kicking kicking<|im_end|>",True,3811924992,8.324170485997456
060_coauthor_exactly_once_kna_t1_rep2,360,0,exactly_once,,1,2,64,3,250,627403493,coauthor,60,2,coauthor:creative:b7ba03e9a46a46b79e31ff492b20c30e,0,8e3cabe7816f7c7389f4fc28c53b1cefbca4f6215426e3720f60ec66f655c7eb,4e0392090382aed65406a5724e6d83c1bbbd0808c341ee3ead1433f547ecdb18,success,,256.0,256.0,256.0,False,,model_loaded,12.419838610003353,0.3264835619920632,0.03866649699921254,0.3651500589912757,0.3651500589912757,130,374,6136,1484574,248320,"{""allowed_count"": 248068, ""expected_count"": 248068, ""missing_expected"": [], ""ok"": true, ""stop_token_ids"": [248046], ""unexpected_allowed"": []}",2.7877150419953978,xgrammar,0.6300226960011059,2.2448765790031757,227,64,"[40, 3272, 421, 2617, 33172, 3999, 13, 353, 3105, 914, 12706, 421, 47055, 264, 6224, 303, 279, 3460, 314, 264, 23386, 57638, 1000, 381, 279, 16233, 1228, 314, 821, 8563, 13, 353, 33461, 821, 2199, 1142, 1179, 25, 19629, 290, 11, 5902, 11, 321, 2496, 12511, 264, 58791, 13, 4543, 11, 279, 42948, 998, 2086, 13, 1368, 353, 11330, 279, 2531, 11, 14201, 248046]","I thought that sure sounded easy. I didn't realize that granting a wish in the face of a deadly allergy would be the ultimate test of my resolve. I imagined my life back then: shielded, safe, and never facing a swarm. Now, the stakes were different. If I accepted the job, fantastic<|im_end|>",True,3802952704,6.778806012996938
061_coauthor_exactly_once_kna_t2_rep2,361,1,exactly_once,,2,2,64,6,375,318389719,coauthor,61,2,coauthor:creative:0ae783e63f2f485a87f61b8159276c57,0,6d1bdf7e2474c719ea939e5cfeb9058dbdf238059e74324ae6990e8e37c6d43c,6b1bef10015378ec8bc159674f6e1ebf4ec798f0fa2338e2302346a03c0fbb50,success,,256.0,256.0,256.0,False,,model_loaded,12.21493159700185,0.32343263100483455,0.0771519699919736,0.40058460099680815,0.40058460099680815,256,996,15889,6131565,248320,"{""allowed_count"": 248068, ""expected_count"": 248068, ""missing_expected"": [], ""ok"": true, ""stop_token_ids"": [248046], ""unexpected_allowed"": []}",2.815414087002864,xgrammar,0.6151577069977066,2.206502618995728,278,64,"[1, 15514, 9495, 557, 35747, 680, 1288, 1292, 42151, 279, 4105, 888, 321, 888, 11, 1024, 4593, 67171, 2272, 1024, 53295, 430, 1292, 30718, 1384, 13, 328, 2523, 44613, 310, 728, 1495, 13, 1394, 44613, 310, 348, 2573, 9, 7285, 271, 7691, 7123, 4487, 11, 1024, 7497, 88818, 440, 264, 6311, 314, 20684, 321, 60933, 13, 328, 2523, 2908, 978, 24244, 411, 32473, 248046]","""His tail was sticking out,"" she repeats the words over and over, her heart pounding against her ribs as she watches him. ""You lied to me again. You lied to *me*?""

She steps forward, her voice trembling with a mix of confusion and fury. ""You've been hiding this questioning<|im_end|>",True,3807478272,6.801036557997577
062_coauthor_exactly_once_kna_t3_rep2,362,2,exactly_once,,3,2,64,8,500,1749306589,coauthor,62,2,coauthor:creative:e096014a9fca4d608a0f1c611e57fe2f,0,1ae04d96359c0d276bc40434a76f390f4fec6c4c88e9c58ceb1cbebc4704896e,29790b2cdd0de867f7c6c375e30e332dd91d474f17425c014295c45e653dd7bb,success,,256.0,256.0,256.0,False,,model_loaded,12.569329475008999,0.34565941999608185,0.11877965199528262,0.46443907199136447,0.46443907199136447,382,1866,29328,14686175,248320,"{""allowed_count"": 248068, ""expected_count"": 248068, ""missing_expected"": [], ""ok"": true, ""stop_token_ids"": [248046], ""unexpected_allowed"": []}",2.9647022919962183,xgrammar,0.6040801460039802,2.2858442650031066,621,64,"[760, 542, 75265, 36452, 7338, 7249, 303, 279, 11012, 8858, 314, 279, 3498, 11, 279, 20513, 314, 279, 2956, 24547, 2272, 836, 14697, 1040, 264, 6745, 4528, 13, 561, 6338, 421, 995, 56398, 836, 2756, 314, 53499, 856, 995, 56507, 11, 12215, 539, 264, 40423, 75073, 421, 995, 4161, 310, 635, 440, 32687, 466, 47921, 11, 694, 4598, 440, 264, 26281, 11, 14884, 248046]","The shapeshifter sat alone in the quiet corner of the bar, the silence of the room pressing against their chest like a physical weight. The drive that had fueled their days of mimicry had vanished, replaced by a hollow ache that had nothing to do with hunger or thirst, but rather with a profound, permanent<|im_end|>",True,3837011968,7.0911351530085085
063_coauthor_exactly_once_kna_t4_rep2,363,3,exactly_once,,4,2,64,10,625,167184041,coauthor,63,2,coauthor:creative:9750cd5d84274f9b8135be2e8fa8cc6d,0,df9a0735a6796c5c9281f2685df62d41fe405e8a056d0a911eb11a7c1b6c84ca,d1c9a3b19a9ab3cf314af308cd060c182bbbcc3bba42e5d94b6762f111f86bd5,success,,256.0,256.0,256.0,False,,model_loaded,12.283718592996593,0.33816832800221164,0.16272276800009422,0.5008910960023059,0.5008910960023059,508,2984,46453,27892404,248320,"{""allowed_count"": 248068, ""expected_count"": 248068, ""missing_expected"": [], ""ok"": true, ""stop_token_ids"": [248046], ""unexpected_allowed"": []}",2.818706129997736,xgrammar,0.6405074050126132,2.199936833989341,177,64,"[760, 34924, 11, 21637, 264, 32972, 61969, 466, 264, 7796, 68351, 6546, 36153, 11, 1423, 264, 855, 852, 369, 27373, 11012, 11, 632, 63157, 11, 321, 21957, 39306, 314, 279, 26052, 14170, 1384, 13, 3095, 781, 5326, 8858, 12987, 69794, 303, 279, 22263, 41820, 7803, 23221, 279, 3177, 11, 781, 513, 2197, 524, 440, 264, 74968, 314, 37909, 11, 694, 440, 264, 460, 248046]","The aliens, expecting a genius strategist or a battle-hardened warrior, find a man who is surprisingly quiet, unassuming, and seemingly unaware of the chaos surrounding him. When they finally corner Matt Damon in the abandoned subway station beneath the city, they are met not with a roar of aggression, but with a return<|im_end|>",True,3798505984,6.898725191000267
064_coauthor_exactly_once_kna_t5_rep2,364,4,exactly_once,,5,2,64,12,750,2041181244,coauthor,64,2,coauthor:creative:e257561129954362be03dc09727ad7a8,0,e1037be54b10a0f1a495f9b1d240e4bd26d8dd811fb4a93b9389f80d167b04b4,30bb15f1f10dcb0a6eb09982d11cf5e036f52b9d3be7fa679a239e908ecb641a,success,,256.0,256.0,256.0,False,,model_loaded,13.120364828006132,0.34520578100637067,0.21240210298856255,0.5576078839949332,0.5576078839949332,634,4350,68196,46494252,248320,"{""allowed_count"": 248068, ""expected_count"": 248068, ""missing_expected"": [], ""ok"": true, ""stop_token_ids"": [248046], ""unexpected_allowed"": []}",2.7305947360000573,xgrammar,0.714690843000426,2.242349630992976,164,64,"[1919, 6741, 4970, 27545, 494, 264, 11991, 13414, 1083, 264, 83899, 81416, 13, 1577, 279, 3516, 4042, 11177, 303, 19820, 10903, 11, 29144, 23470, 11, 321, 31108, 4649, 11, 279, 2645, 314, 279, 1814, 66516, 440, 264, 6311, 314, 76976, 321, 15544, 37909, 13, 18561, 421, 20797, 4661, 1423, 5402, 14328, 18966, 310, 23004, 11, 6739, 29310, 11, 321, 279, 5716, 314, 10725, 248046]","This race soon transforms from a scientific contest into a geopolitical standoff. As the United States leads in artificial intelligence, quantum computing, and renewable energy, the rest of the world reacts with a mix of jealousy and defensive aggression. Nations that lag behind find themselves increasingly vulnerable to sanctions, economic isolation, and the threat of rapid<|im_end|>",True,3797828096,7.0198588839994045
065_coauthor_exactly_once_kna_t6_rep2,365,5,exactly_once,,6,2,64,14,875,1203003413,coauthor,65,2,coauthor:creative:c5166a329a9c45f990a5d3c692d7faa0,0,a03e489c1b906e444d88b23581e7280b6b390072cfe69bcea387a881d62b93a9,71085461e91ebf2a6d6785a1e4ec69783d0912bcd72c852e8ad0dd7710e47eae,success,,256.0,256.0,256.0,False,,model_loaded,13.321887918005814,0.35099944699322805,0.2638504899950931,0.6148499369883211,0.6148499369883211,760,5964,93873,71235719,248320,"{""allowed_count"": 248068, ""expected_count"": 248068, ""missing_expected"": [], ""ok"": true, ""stop_token_ids"": [248046], ""unexpected_allowed"": []}",2.739577284999541,xgrammar,0.6419782900047721,2.22355856600916,426,64,"[2053, 279, 3521, 6823, 55807, 1083, 264, 5365, 5830, 21297, 11, 279, 2624, 364, 264, 491, 2450, 5820, 440, 264, 26508, 32687, 13, 54134, 494, 1396, 3478, 6777, 72805, 836, 4802, 11, 47692, 10632, 9006, 35939, 421, 45867, 279, 5365, 3433, 7551, 1004, 12570, 1785, 11, 1345, 16146, 68097, 310, 9475, 10456, 364, 4751, 5792, 17448, 17839, 13, 561, 18641, 314, 279, 11247, 248046]","As the global population descended into a deepening panic, the search for a new source began with a desperate hunger. Scientists from every major nation pooled their resources, constructing massive observatories that scanned the deep space beyond our solar system, while governments scrambled to secure funding for ground-based detection arrays. The narrative of the planet<|im_end|>",True,3820139520,6.999043746996904
066_coauthor_exactly_once_kna_t7_rep2,366,6,exactly_once,,7,2,64,16,1000,1498587352,coauthor,66,2,coauthor:creative:200b5a62bded44f6ba8320c117bee58a,0,22fc8e97c8671c74ab7cea15b22c0ec48fff7688f2acf2b6abed15f496de3feb,1e0b37c98a046624ff8a246d9c19e01d56f9ef1feaa4a2e48c2e4f26219f28c6,success,,256.0,256.0,256.0,False,,model_loaded,12.534980579992407,0.34138560100109316,0.32087688699539285,0.662262487996486,0.662262487996486,886,7826,123484,102860805,248320,"{""allowed_count"": 248068, ""expected_count"": 248068, ""missing_expected"": [], ""ok"": true, ""stop_token_ids"": [248046], ""unexpected_allowed"": []}",2.733111460998771,xgrammar,0.6350715879962081,2.236609450003016,103,64,"[20946, 513, 728, 1288, 1292, 29636, 11, 1024, 7497, 10558, 321, 10958, 11, 3482, 11040, 2086, 494, 678, 1765, 13, 328, 760, 799, 852, 14936, 279, 1118, 5522, 11, 279, 799, 852, 30489, 506, 279, 29819, 11, 279, 799, 852, 2496, 995, 310, 5106, 279, 2956, 1521, 279, 4034, 557, 279, 1132, 8464, 13, 1921, 1353, 506, 678, 6213, 13, 2302, 513, 24482, 248046]","""You are me,"" she replies, her voice smooth and familiar, yet entirely different from your own. ""The one who watched the first movie, the one who laughed at the tragedy, the one who never had to leave the room because the screen was the only reality. But look at your eyes. They are dirt<|im_end|>",True,3797074944,7.027744277991587
067_coauthor_exactly_once_kna_t8_rep2,367,7,exactly_once,,8,2,64,18,1125,1971707270,coauthor,67,2,coauthor:creative:ab54a76d5f3643ca95b0a24783f26921,0,cbcfbf5961f542625f49ff7e21c00ce759b6c995cd24fcc18fa3c3844826ea67,ea8527a9ca401cd04acdf01ee1dc6b3db323fc633736ff736cdc29d407e23fff,success,,256.0,256.0,256.0,False,,model_loaded,12.760776998999063,0.35172579799836967,0.3785247899941169,0.7302505879924865,0.7302505879924865,1012,9936,157029,142113510,248320,"{""allowed_count"": 248068, ""expected_count"": 248068, ""missing_expected"": [], ""ok"": true, ""stop_token_ids"": [248046], ""unexpected_allowed"": []}",2.709628768003313,xgrammar,0.6408993090008153,2.357901291004964,674,64,"[2053, 781, 7338, 383, 279, 15879, 11, 11834, 836, 52635, 19802, 321, 13879, 310, 279, 35336, 3184, 35261, 883, 279, 2172, 9117, 11, 279, 2235, 6351, 22952, 5326, 6348, 303, 310, 1024, 38896, 13, 2838, 4439, 11, 328, 2939, 382, 11, 3184, 728, 883, 678, 2902, 13, 10166, 513, 488, 4627, 440, 7285, 46008, 29547, 93040, 11, 780, 6213, 93069, 2631, 440, 3743, 248046]","As they sat on the grass, eating their picnic fare and listening to the wolf tell tales about the great sea, the old mother pig finally gave in to her curiosity. She asked, ""Anders, tell me about your family. Who are you friends with?"" Anders smiled warmly, his eyes twinkling with bad<|im_end|>",True,3841696768,7.2373891359893605
068_coauthor_exactly_once_kna_t9_rep2,368,8,exactly_once,,9,2,64,20,1250,203661594,coauthor,68,2,coauthor:creative:893f5fa336ac4092b1d4efe6c91ef24f,0,889b8565e234ccdbfb67dcef5ed14a9ca9d86dfba111aa70ca46e0c564c4d662,c1467b3b6624e5c2039fba4d8247814517af2f96c2b6c76f3c22ba5de67d472a,success,,256.0,256.0,256.0,False,,model_loaded,14.467870841006516,0.39469819600344636,0.4457775990013033,0.8404757950047497,0.8404757950047497,1138,12294,195625,189737834,248320,"{""allowed_count"": 248068, ""expected_count"": 248068, ""missing_expected"": [], ""ok"": true, ""stop_token_ids"": [248046], ""unexpected_allowed"": []}",3.0521749980107415,xgrammar,0.6399854100018274,2.2374263680103468,98,64,"[760, 18641, 3428, 4829, 264, 25794, 11, 30787, 494, 264, 65715, 46060, 51570, 310, 264, 89158, 29819, 13, 561, 3008, 6043, 314, 279, 5333, 998, 2496, 1066, 6745, 26, 781, 998, 264, 23897, 55090, 421, 279, 6255, 3809, 4490, 310, 3418, 2980, 424, 557, 2166, 3200, 13, 271, 2053, 488, 2364, 303, 678, 12772, 11, 279, 20513, 314, 279, 1814, 10751, 45179, 3238, 248046]","The narrative often takes a twist, shifting from a dystopian thriller to a poignant tragedy. The side effects of the drug were never just physical; they were a cognitive erosion that the medical community failed to understand until it was too late.

As you sit in your apartment, the silence of the world feels deaf low<|im_end|>",True,3797013504,7.695688712992705
069_coauthor_exactly_once_kna_t10_rep2,369,9,exactly_once,,10,2,64,22,1375,147400736,coauthor,69,2,coauthor:creative:a835d25a742840db987cf1fc4f877a98,0,dec23b0fa7de368caa66ccfda05ccc0c4642cab6abbe142b6cb0344a952f60af,ecef51f2716958246690a13ec84a427204a186ce713eb89f892b9de25f84d56a,success,,256.0,256.0,256.0,False,,model_loaded,14.130033771987655,0.4144509640027536,0.5173247350030579,0.9317756990058115,0.9317756990058115,1264,14900,238403,246477777,248320,"{""allowed_count"": 248068, ""expected_count"": 248068, ""missing_expected"": [], ""ok"": true, ""stop_token_ids"": [248046], ""unexpected_allowed"": []}",2.9995319029985694,xgrammar,0.653806854999857,2.2096810530056246,361,64,"[760, 25878, 369, 7948, 321, 21030, 11, 264, 35916, 12503, 310, 279, 9229, 321, 3807, 314, 279, 3555, 9018, 13, 561, 1814, 11, 3322, 8831, 290, 279, 28911, 314, 3980, 11, 1381, 12965, 27276, 1172, 264, 3074, 6797, 13, 561, 18654, 314, 279, 3516, 4042, 13376, 17645, 1083, 264, 26281, 5357, 314, 15485, 321, 43530, 11, 430, 781, 12706, 421, 29310, 557, 4284, 248046]","The embrace is warm and gentle, a stark contrast to the steel and fire of the previous century. The world, having weathered the trauma of war, now stands united under a single sun. The anger of the United States dissolves into a profound sense of relief and gratitude, as they realize that isolation was taken<|im_end|>",True,3814515712,7.698080387999653
070_coauthor_exactly_once_kna_t11_rep2,370,10,exactly_once,,11,2,64,24,1500,478886163,coauthor,70,2,coauthor:creative:2d9bcb435a994711829fe6b05f256fdb,0,bdccb57d5de696a085bc92239e8747b5b08024a911ae66c7da5954cac02488c5,bea3be0587b6db620cde8249412ffe8480283e711993e123f96982cf02156b86,success,,256.0,256.0,256.0,False,,model_loaded,13.707504404010251,0.39366792600776535,0.5902620880078757,0.9839300140156411,0.9839300140156411,1390,17754,285302,313077339,248320,"{""allowed_count"": 248068, ""expected_count"": 248068, ""missing_expected"": [], ""ok"": true, ""stop_token_ids"": [248046], ""unexpected_allowed"": []}",2.9533613179955864,xgrammar,0.6325521669932641,2.2538904980028747,381,64,"[760, 25282, 369, 264, 6808, 421, 1902, 381, 4284, 506, 6681, 31266, 314, 279, 1637, 579, 14756, 13, 15451, 4290, 914, 279, 4125, 11, 279, 4125, 369, 421, 1208, 1144, 310, 2842, 4483, 279, 14735, 13, 1921, 279, 1865, 8381, 11690, 1245, 1381, 13, 271, 623, 279, 3177, 314, 17739, 68507, 11, 279, 328, 32534, 9011, 9839, 1, 682, 13717, 13, 1049, 4142, 248046]","The cure is a drink that must be taken at exactly midnight of the person's birthday. Which isn't the issue, the issue is that people need to stop taking the pill. But the real challenge begins right now.

In the city of Oakhaven, the ""Midnight Club"" has formed. It police<|im_end|>",True,3816082944,7.658919434004929
071_coauthor_exactly_once_kna_t12_rep2,371,11,exactly_once,,12,2,64,26,1625,647228559,coauthor,71,2,coauthor:creative:f0b4803428a846c6b22e2d420e980a33,0,d1f579596998e19af78a9769d681676008bea2a1a7d144511766a28c7316610c,cb8b9e6046c999a98efabcf54f2695b70c6823fc84deafafff298340bc4beea2,success,,256.0,256.0,256.0,False,,model_loaded,13.344085215998348,0.4191943750047358,0.6749756979988888,1.0941700730036246,1.0941700730036246,1516,20856,336383,390280520,248320,"{""allowed_count"": 248068, ""expected_count"": 248068, ""missing_expected"": [], ""ok"": true, ""stop_token_ids"": [248046], ""unexpected_allowed"": []}",2.881771492990083,xgrammar,0.6456152089958778,2.2228875620057806,283,64,"[760, 3516, 4042, 11, 3322, 7544, 63836, 264, 638, 1284, 25831, 7975, 383, 264, 11247, 421, 995, 978, 6791, 57548, 9853, 539, 279, 32841, 11, 18748, 279, 1814, 1472, 264, 17796, 314, 16568, 17246, 16334, 2074, 13, 2302, 11252, 421, 539, 12720, 1060, 5402, 11, 781, 995, 5326, 10782, 279, 1132, 1752, 310, 804, 4936, 25, 279, 16162, 314, 660, 8976, 18948, 1801, 248046]","The United States, having successfully cultivated a self-sufficient society on a planet that had been nearly terraformed by the Russians, viewed the world through a lens of hyper-individualism. They believed that by isolating themselves, they had finally discovered the only path to true progress: the removal of all external dependencies made<|im_end|>",True,3807870464,7.767812197998865
072_coauthor_exactly_once_kna_t13_rep2,372,12,exactly_once,,13,2,64,28,1750,1720919723,coauthor,72,2,coauthor:creative:1a94f1f656ad46d4b58923212e41cdeb,0,3d302da122b8af25c8ca52092b27cd62f995ca3b9e054ceb4c97c1167830a976,f670ecae0ac6e85872bdd1878fe588562afe032b05e91e35716651b231c579ad,success,,256.0,256.0,256.0,False,,model_loaded,13.539492004012573,0.3939953100052662,0.7514823230012553,1.1454776330065215,1.1454776330065215,1642,24206,391646,478831320,248320,"{""allowed_count"": 248068, ""expected_count"": 248068, ""missing_expected"": [], ""ok"": true, ""stop_token_ids"": [248046], ""unexpected_allowed"": []}",2.900232585001504,xgrammar,0.6450533569877734,2.2610425189923262,438,64,"[57646, 579, 3460, 11, 864, 995, 978, 264, 6696, 314, 41981, 24447, 11, 1381, 2682, 12449, 440, 264, 13633, 391, 11, 5983, 786, 37747, 13, 561, 897, 13834, 11, 874, 4860, 1066, 72404, 694, 2652, 1030, 314, 264, 491, 321, 16958, 2993, 11, 998, 6941, 310, 22347, 4613, 780, 7535, 13, 3648, 539, 799, 11, 781, 78272, 279, 21970, 24544, 11, 836, 2716, 248046]","Arthur's face, which had been a mask of grim determination, now glowed with a sickly, greenish hue. The roaches, no longer just pests but vermin of a new and terrible kind, were beginning to stir inside his suit. One by one, they breached the rubber seal, their short<|im_end|>",True,3821080064,7.737214302003849
073_coauthor_exactly_once_kna_t14_rep2,373,13,exactly_once,,14,2,64,30,1875,1656631306,coauthor,73,2,coauthor:creative:a068c6552ba143c8ba4f378e49c3b640,0,40d85e2baec03eec4ac2012a711120251e516a7997f4e672cbac4efc7cbf35dd,82977ed521352e7645264b246a4f5e3e583d6dc1d138bcd1731a079e8f0e27a1,success,,256.0,256.0,256.0,False,,model_loaded,13.299440503004007,0.399047476996202,0.8422401339921635,1.2412876109883655,1.2412876109883655,1768,27804,451091,579473739,248320,"{""allowed_count"": 248068, ""expected_count"": 248068, ""missing_expected"": [], ""ok"": true, ""stop_token_ids"": [248046], ""unexpected_allowed"": []}",2.9071784800034948,xgrammar,0.6365720910107484,2.222783528995933,203,64,"[21595, 579, 6038, 557, 524, 15756, 264, 8415, 314, 279, 6121, 11, 694, 264, 26281, 36049, 364, 279, 2199, 551, 995, 5384, 13, 6983, 854, 279, 6797, 15537, 11, 551, 6273, 279, 40423, 75073, 303, 780, 14697, 11, 430, 413, 279, 7914, 551, 9939, 995, 2496, 23533, 13, 1061, 6570, 11, 28486, 4528, 314, 4557, 54779, 1384, 11, 3154, 780, 20803, 524, 4393, 248046]","David's secret was not merely a fear of the dark, but a profound grief for the life he had lost. Every time the sun rose, he felt the hollow ache in his chest, as if the boy he loved had never existed. This constant, invisible weight of loss haunted him, making his nights not active<|im_end|>",True,3801069568,7.788600751009653
074_coauthor_exactly_once_kna_t15_rep2,374,14,exactly_once,,15,2,64,32,2000,193350707,coauthor,74,2,coauthor:creative:c68e3e04c564413fab31d6765cba7f77,0,5becd69d9e30cead8e7de7db75853e028164fc395c22fd007faa345487ab012a,a2c53f8f68b6c502becd12f04cc40889c7011f8c2bfd45d66081c540344533e8,success,,256.0,256.0,256.0,False,,model_loaded,13.300410452997312,0.414281254998059,0.93784970100387,1.352130956001929,1.352130956001929,1894,31650,514718,692951777,248320,"{""allowed_count"": 248068, ""expected_count"": 248068, ""missing_expected"": [], ""ok"": true, ""stop_token_ids"": [248046], ""unexpected_allowed"": []}",2.79676788400684,xgrammar,0.63072608600487,2.2091433580062585,121,64,"[6651, 7481, 836, 7143, 4330, 24918, 1083, 264, 8387, 11, 23680, 3421, 10337, 303, 279, 35214, 11, 1332, 279, 795, 22327, 998, 38791, 539, 24385, 421, 995, 2496, 3753, 264, 3611, 1518, 13, 1061, 557, 279, 1118, 854, 303, 3611, 3712, 421, 264, 3521, 2184, 12793, 995, 978, 6379, 80475, 494, 279, 5904, 18641, 314, 8464, 13, 271, 760, 3516, 4042, 11, 20413, 248046]","They moved their digital footprints into a separate, encrypted server cluster in the Arctic, where the data streams were monitored by algorithms that had never seen a human before. This was the first time in human history that a global superpower had been completely severed from the shared narrative of reality.

The United States, silent<|im_end|>",True,3797296128,7.784210727986647
075_coauthor_exactly_once_kna_t16_rep2,375,15,exactly_once,,16,2,64,34,2125,1007557637,coauthor,75,2,coauthor:creative:f7156d363a5d45ea9f0171bc468277b7,0,36ca4ffc86f86940afb7859472d73b89e13af369552a42edada36bb149b23ad8,d049b272ea71a017fc1492a179e0b72af1f04b53f9d156687dc99607803963a3,success,,256.0,256.0,256.0,False,,model_loaded,13.560149961005663,0.4229516009945655,1.0385357650084188,1.4614873660029843,1.4614873660029843,2020,35744,582527,820009434,248320,"{""allowed_count"": 248068, ""expected_count"": 248068, ""missing_expected"": [], ""ok"": true, ""stop_token_ids"": [248046], ""unexpected_allowed"": []}",2.8189233750017593,xgrammar,0.6539337980066193,2.2539978830027394,404,64,"[1860, 279, 9613, 3008, 11, 506, 3140, 279, 8193, 5909, 1092, 264, 85693, 369, 13, 2302, 599, 3512, 279, 1132, 6777, 383, 8964, 310, 599, 34319, 279, 43144, 11, 264, 11659, 781, 1381, 8418, 430, 279, 5145, 7489, 314, 29337, 13, 7183, 279, 2235, 3980, 46172, 314, 279, 30315, 513, 1381, 13092, 58588, 80197, 536, 440, 68171, 321, 39666, 11, 264, 35916, 25680, 248046]","On the bright side, at least the Chinese remember what a hamburger is. They have become the only nation on Earth to have invented the burger, a dish they now serve as the national symbol of unity. Even the old warlords of the empire are now serving grilled patties with lettuce and tomato, a stark reminder<|im_end|>",True,3818413568,8.012970529001905
076_coauthor_exactly_once_kna_t17_rep2,376,16,exactly_once,,17,2,64,36,2250,327537182,coauthor,76,2,coauthor:creative:ef145d5c1ad94981bbea37ec48c4eb2e,0,2a4317fa526169625894e7c01fbcc1df7f752a205341deb0c5c1e8011f201e31,8c25ba06fb14a66fb0a85e567c74c3f6b54b298a067c130149254773dabf462a,success,,256.0,256.0,256.0,False,,model_loaded,14.14976066800591,0.4320605289976811,1.1424702430085745,1.5745307720062556,1.5745307720062556,2146,40086,654518,961390710,248320,"{""allowed_count"": 248068, ""expected_count"": 248068, ""missing_expected"": [], ""ok"": true, ""stop_token_ids"": [248046], ""unexpected_allowed"": []}",2.9652391760027967,xgrammar,0.6473611240071477,2.205870207006228,339,64,"[20946, 628, 2222, 678, 1727, 2199, 413, 488, 1318, 11, 694, 424, 668, 381, 279, 1483, 854, 11, 506, 3140, 364, 411, 4625, 1288, 279, 18040, 2640, 11, 780, 7497, 18717, 62611, 279, 50240, 4649, 314, 279, 1809, 13, 328, 11179, 1483, 2199, 628, 1236, 799, 2222, 310, 279, 1727, 2199, 13, 18200, 488, 628, 2222, 279, 799, 3065, 421, 579, 12737, 488, 248046]","""You can change your next life if you want, but it will be the last time, at least for this round,"" the speaker says, his voice calm amidst the chaotic energy of the group. ""Every last life can make one change to the next life. Perhaps you can change the one thing that's killing you<|im_end|>",True,3812789760,8.148877370011178
077_coauthor_exactly_once_kna_t18_rep2,377,17,exactly_once,,18,2,64,38,2375,882599116,coauthor,77,2,coauthor:creative:1a50c197cf564bf88f386197d1f279d9,0,a58fa1f5f930dd0b9349373ee4947a4a721007e312b368e45a3b850570f2f558,7835acd69b24144da67d3e1fbfae78fa77eb8f92cb60f463cccb8a29a52fd62a,success,,256.0,256.0,256.0,False,,model_loaded,14.151630441003363,0.44182706299761776,1.2556591980101075,1.6974862610077253,1.6974862610077253,2272,44676,730691,1117839605,248320,"{""allowed_count"": 248068, ""expected_count"": 248068, ""missing_expected"": [], ""ok"": true, ""stop_token_ids"": [248046], ""unexpected_allowed"": []}",2.9960170940030366,xgrammar,0.6433304579986725,2.2224157190066762,297,64,"[6825, 2688, 524, 14038, 1288, 279, 2018, 40675, 85111, 11, 1024, 7497, 24304, 449, 71419, 11, 64416, 3023, 279, 46193, 5821, 314, 279, 40354, 13, 328, 7691, 579, 2590, 978, 264, 2612, 314, 264, 15804, 78, 13, 1921, 93642, 1071, 1990, 11, 353, 5312, 1024, 348, 6975, 9, 506, 279, 35997, 1518, 424, 25286, 1149, 271, 7691, 7123, 11784, 11, 1024, 12098, 40469, 248046]","""I'm not surprised,"" the second maid whispers, her voice dropping an octave, stripping away the polite distance of the servants. ""She's always been a bit of a weirdo. But weirder still, I saw her *look* at the bee before it landed.""

She steps closer, her shadow stretching<|im_end|>",True,3808969728,8.30830916299601
078_coauthor_exactly_once_kna_t19_rep2,378,18,exactly_once,,19,2,64,40,2500,1099492181,coauthor,78,2,coauthor:creative:1745a412b5cb4638b35b9f6f63eb3e0b,0,b6cdaac333a6e0dfd755d8ffeb7fca52f842012c35cbfed45e8b206dc66c2050,680e8df9af58f2ee013fbe1bfdaae16385ac5a9d0b693d6b43e1763824a25817,success,,256.0,256.0,256.0,False,,model_loaded,14.167620550011634,0.4431703049922362,1.3689453569968464,1.8121156619890826,1.8121156619890826,2398,49514,811046,1290100119,248320,"{""allowed_count"": 248068, ""expected_count"": 248068, ""missing_expected"": [], ""ok"": true, ""stop_token_ids"": [248046], ""unexpected_allowed"": []}",2.6440550629922654,xgrammar,0.6434365479944972,2.251607566999155,155,64,"[760, 27749, 56378, 303, 279, 63712, 3594, 314, 279, 29640, 11, 264, 35916, 12503, 310, 279, 78828, 11, 13668, 4424, 314, 279, 9065, 13, 35740, 66220, 38229, 579, 89814, 682, 28028, 26, 551, 369, 874, 4860, 279, 8981, 11, 36370, 11808, 314, 264, 12641, 14120, 11, 694, 2414, 2944, 777, 84984, 13, 5133, 6213, 11, 864, 8334, 5467, 279, 8720, 88, 11, 12062, 248046]","The invitation hangs in the humid air of the basement, a stark contrast to the sterile, controlled environment of the prison. Fake Elon Musk's demeanor has shifted; he is no longer the cold, calculating CEO of a tech giant, but something far more visceral. His eyes, which previously held the glassy, fake<|im_end|>",True,3797717504,8.086803806989337
079_coauthor_odd_count_kna_t14_rep2,379,13,odd_count,,14,2,64,30,1875,260323849,coauthor,79,2,coauthor:creative:58e702b7c7e249a0aaf762ea10f833b3,0,7d8dbf253f8057e4093d4e2f471bed168ff9284deff5479d8a3eb3bca3b6ca1d,52d1881494c472762f01720c4b1a140f32001b9125c67f2ad5f7d45388cd8f95,success,,256.0,256.0,256.0,False,,model_loaded,13.572276690989383,0.4004019339918159,0.8511103639903013,1.2515122979821172,1.2515122979821172,1768,28658,464643,610234819,248320,"{""allowed_count"": 248068, ""expected_count"": 248068, ""missing_expected"": [], ""ok"": true, ""stop_token_ids"": [248046], ""unexpected_allowed"": []}",2.8852281760046026,xgrammar,0.7721065590012586,2.239967059009359,229,64,"[24212, 11, 279, 18995, 11, 852, 682, 2394, 17295, 279, 27049, 314, 264, 37233, 321, 52976, 52862, 8214, 6725, 328, 45451, 462, 2131, 3078, 1288, 682, 978, 3133, 94746, 310, 10582, 279, 18995, 579, 1765, 19510, 7535, 321, 95272, 41670, 836, 8026, 579, 10331, 5757, 13, 1216, 369, 264, 19149, 694, 3428, 90007, 26578, 852, 13325, 5387, 14537, 3154, 52658, 364, 780, 5640, 248046]","Meanwhile, the alien, who has since adopted the persona of a humble and eccentric cosmic guide named ""Professor Huxley,"" has been working tirelessly to patch the alien's own damaged suit and recalibrate their ship's navigation systems. He is a brilliant but often clumsy scientist who finds himself constantly making excuses for his travel<|im_end|>",True,3803109376,7.944405933012604
080_coauthor_left_not_right_kna_t1_rep2,380,0,left_not_right,,1,2,64,5,308,928162854,coauthor,80,2,coauthor:creative:dfbab4c8263444ef9d9e9d25e3e581f4,0,7f1398ba7e5a7760e6fb141a716ef8638bfaeddc8fd1d9c93d337a7da7d871f6,e8f315f595c840c95015da3979a419b77b90142fbe5e318a2bf1a856de09b4ef,success,,256.0,256.0,256.0,False,,model_loaded,12.860475438996218,0.34962824000103865,0.05553306300134864,0.4051613030023873,0.4051613030023873,190,491,8420,3163212,248320,"{""allowed_count"": 248067, ""expected_count"": 248067, ""missing_expected"": [], ""ok"": true, ""stop_token_ids"": [248046], ""unexpected_allowed"": []}",2.8261475730105303,xgrammar,0.64728377800202,2.2669902030029334,157,64,"[1, 63151, 13, 2844, 14330, 3069, 551, 2496, 4774, 685, 364, 279, 5912, 13, 1165, 2908, 2597, 264, 2400, 20788, 30265, 685, 13, 1165, 2908, 2597, 279, 57030, 1923, 11, 279, 25703, 9752, 11, 279, 5148, 36084, 852, 8523, 1204, 310, 7458, 264, 7167, 2569, 303, 264, 220, 18, 15, 15, 14671, 5148, 11, 1442, 264, 7177, 6725, 359, 12702, 6, 8242, 321, 248046]","""Exactly. That explains why he never shows up for the shoot. We've got a full roster lined up. We've got the stunt double, the makeup artist, the script supervisor who knows how to spot a missing link in a 300-page script, even a guy named 'John' requirements and<|im_end|>",True,3797742080,7.009825425993768
081_coauthor_left_not_right_kna_t2_rep2,381,1,left_not_right,,2,2,64,9,493,1330869869,coauthor,81,2,coauthor:creative:05b655163b1e4e38b76c2785a0aea5bb,0,9229d7be5fad5cd29482dd0b3e8aababac99f624d6ac37c94a7cbdb7accb1d4b,81287636fca4e698b4cae33ea8d0aa1c4c9b4c030e14b9e949f3ac111f1b6741,success,,256.0,256.0,256.0,False,,model_loaded,12.25904190899746,0.3297891289985273,0.11186645500129089,0.4416555839998182,0.4416555839998182,376,1348,22213,13296516,248320,"{""allowed_count"": 248067, ""expected_count"": 248067, ""missing_expected"": [], ""ok"": true, ""stop_token_ids"": [248046], ""unexpected_allowed"": []}",2.8207009229954565,xgrammar,0.628044070006581,2.1793533760064747,363,64,"[52594, 2843, 11, 279, 5054, 579, 2199, 430, 264, 27312, 7168, 995, 978, 264, 58170, 310, 279, 542, 75265, 36452, 579, 8601, 13, 1216, 995, 9218, 421, 804, 2854, 5532, 914, 883, 5442, 3739, 466, 60408, 20608, 26, 424, 557, 883, 8755, 685, 11, 1602, 8455, 11, 9708, 50301, 11, 4777, 1602, 1017, 13, 561, 10549, 557, 264, 48836, 1332, 781, 16739, 321, 248046]","Years later, the woman's life as a devoted wife had been a testament to the shapeshifter's efforts. He had learned that true love wasn't about playing games or manipulating emotions; it was about showing up, being patient, offering forgiveness, simply being there. The marriage was a sanctuary where they deeply and<|im_end|>",True,3814671360,6.819386227987707
082_coauthor_left_not_right_kna_t3_rep2,382,2,left_not_right,,3,2,64,12,678,1119773552,coauthor,82,2,coauthor:creative:bf739551dea348c48635d2fbabb51ed3,0,70c80018cde15c1f95be4bea842661a3256cbceaffe1c24bd4d891c345e610d3,08a9361254674d3f9daf94da07520d247bfa90899c2a5998c4ff1ae01c1883cd,success,,256.0,256.0,256.0,False,,model_loaded,12.808993507991545,0.3535921260045143,0.17452341999160126,0.5281155459961155,0.5281155459961155,562,2571,42184,32026134,248320,"{""allowed_count"": 248067, ""expected_count"": 248067, ""missing_expected"": [], ""ok"": true, ""stop_token_ids"": [248046], ""unexpected_allowed"": []}",2.8205724519939395,xgrammar,0.6431793410010869,2.2037989540112903,260,64,"[2523, 599, 264, 10647, 3272, 13, 1049, 12611, 488, 440, 279, 5176, 314, 264, 6745, 11894, 11, 47494, 279, 9662, 680, 314, 488, 13, 271, 760, 1814, 17397, 36609, 13, 271, 760, 20117, 40718, 87987, 11, 279, 67344, 13376, 17645, 1083, 264, 39029, 421, 4290, 914, 13696, 11, 694, 10213, 11, 50240, 12665, 13, 561, 11947, 314, 279, 91436, 1820, 2878, 5904, 321, 248046]","You have a sudden thought. It hits you with the force of a physical blow, knocking the wind out of you.

The world stops spinning.

The golden buckets vanish, the popcorn dissolves into a scent that isn't butter, but pure, chaotic possibility. The faces of the reincarnators shared and<|im_end|>",True,3806066688,7.088127768001868
083_coauthor_left_not_right_kna_t4_rep2,383,3,left_not_right,,4,2,64,15,863,557666619,coauthor,83,2,coauthor:creative:2bb646dbeedc487c9bab6b1d5db5b5fc,0,fcd8181d118c1c0f4094c90f24cb6addcbb4acb608b79de5f49b3c7f7604bceb,f03f104341c61bc90ce3740f4deac6dbfa0a1b3c579e7462890804fd77a0ce9e,success,,256.0,256.0,256.0,False,,model_loaded,12.561316462000832,0.3635959449893562,0.2429284639947582,0.6065244089841144,0.6065244089841144,748,4160,68146,60977106,248320,"{""allowed_count"": 248067, ""expected_count"": 248067, ""missing_expected"": [], ""ok"": true, ""stop_token_ids"": [248046], ""unexpected_allowed"": []}",2.7164960100053577,xgrammar,0.6423545239958912,2.218765435012756,186,64,"[25202, 424, 264, 8415, 314, 279, 8609, 30, 2441, 557, 424, 264, 26508, 11, 21079, 21297, 421, 279, 31465, 4478, 314, 836, 28069, 30437, 995, 2582, 63166, 279, 27477, 2166, 3988, 30, 271, 760, 29310, 5532, 914, 883, 6925, 26, 424, 557, 264, 26508, 61648, 539, 279, 1814, 5847, 310, 3569, 854, 13, 2302, 995, 11252, 421, 264, 3074, 3980, 1362, 23950, 321, 248046]","Was it a fear of the Americans? Or was it a desperate, collective panic that the sheer speed of their technological leap had already tipped the scales too early?

The isolation wasn't about safety; it was a desperate gamble by the world leaders to buy time. They had believed that a single war could settle and<|im_end|>",True,3799210496,7.062196680999477
084_coauthor_left_not_right_kna_t5_rep2,384,4,left_not_right,,5,2,64,18,1048,408672559,coauthor,84,2,coauthor:creative:562cda138b314c97b21ba43f691b79ec,0,d6c0542bec22a2a485db4dbade6bf524f47f090b5a824e064bcfb6934497aebb,a88d7f2832ecec478db33724b09629fa48d688c1211154d8db4d6c9470ffd757,success,,256.0,256.0,256.0,False,,model_loaded,13.476926878007362,0.3478569149883697,0.31935517500096466,0.6672120899893343,0.6672120899893343,934,6115,99916,101774472,248320,"{""allowed_count"": 248067, ""expected_count"": 248067, ""missing_expected"": [], ""ok"": true, ""stop_token_ids"": [248046], ""unexpected_allowed"": []}",2.7286572989978595,xgrammar,0.6341781009978149,2.216465202989639,321,64,"[20946, 513, 1546, 21143, 1288, 488, 33700, 11, 279, 47077, 18961, 488, 440, 279, 5176, 314, 264, 6745, 11894, 13, 328, 40, 1044, 1076, 353, 1044, 279, 2235, 855, 494, 279, 4383, 7285, 271, 760, 3594, 303, 279, 25852, 10751, 11702, 11, 11102, 440, 264, 10647, 11, 21346, 20513, 13, 1394, 1380, 310, 2418, 11, 694, 678, 13795, 2579, 2166, 8545, 34338, 321, 248046]","""You are very confused,"" you whisper, the realization hitting you with the force of a physical blow. ""I am... I am the old man from the film?""

The air in the theater feels thick, charged with a sudden, overwhelming silence. You try to stand, but your legs feel too heavy flowing and<|im_end|>",True,3811379200,6.992006618005689
085_coauthor_left_not_right_kna_t6_rep2,385,5,left_not_right,,6,2,64,21,1233,2147337852,coauthor,85,2,coauthor:creative:3ab1ca63246449669bf1f7b9c90d379b,0,c2d7a60f308d8cd82d690f0749770de8c42ac87683a6332614209cf7cbda8dc2,fa18cd520bde49b9b20ea316ab3f5ac497c89d615d361c6931e0fa398c60d1d6,success,,256.0,256.0,256.0,False,,model_loaded,13.385241786003462,0.3563360889966134,0.4004489030048717,0.7567849920014851,0.7567849920014851,1120,8436,137494,156043272,248320,"{""allowed_count"": 248067, ""expected_count"": 248067, ""missing_expected"": [], ""ok"": true, ""stop_token_ids"": [248046], ""unexpected_allowed"": []}",2.6305872250086395,xgrammar,0.6358297270053299,2.3838832399924286,160,64,"[7691, 5820, 310, 1436, 12261, 303, 279, 1560, 781, 11938, 11, 279, 3050, 11, 21896, 2682, 2924, 781, 6113, 8574, 279, 1788, 3387, 303, 279, 2956, 11, 321, 279, 18922, 11, 45630, 17573, 33968, 781, 12234, 948, 54521, 6440, 13, 1049, 5532, 914, 1066, 264, 328, 1267, 4961, 424, 557, 264, 51151, 13, 6983, 855, 1292, 28058, 41375, 279, 1788, 8153, 2022, 11, 248046]","She began to see patterns in the way they spoke, the specific, nervous glances they cast toward the same points in the room, and the identical, rehearsed enthusiasm they displayed when proposing plans. It wasn't just a ""type""; it was a blueprint. Every man she dated possessed the same softness,<|im_end|>",True,3797778944,7.154106210989994
086_coauthor_left_not_right_kna_t7_rep2,386,6,left_not_right,,7,2,64,24,1418,2092830831,coauthor,86,2,coauthor:creative:7b2436bbf42d4c529fdcc62a83329e83,0,57d2b9c0e59ccb8a85d90d38c6220cdf185f8739fe9a5cb5b1efa608dbe1d08b,72f29b8e8d7fdc4bda00a30cb92194e8db918cd865110b3703c83b194904a186,success,,256.0,256.0,256.0,False,,model_loaded,13.688938894003513,0.3632609969936311,0.4895892350032227,0.8528502319968538,0.8528502319968538,1306,11123,180880,225408546,248320,"{""allowed_count"": 248067, ""expected_count"": 248067, ""missing_expected"": [], ""ok"": true, ""stop_token_ids"": [248046], ""unexpected_allowed"": []}",2.815958249004325,xgrammar,0.6457693109987304,2.2138460150017636,264,64,"[760, 18995, 25286, 54166, 11, 279, 20513, 314, 279, 6092, 50099, 888, 1384, 1040, 264, 8545, 36781, 13, 1216, 45867, 279, 4147, 8329, 11, 780, 5983, 2030, 269, 46877, 36334, 391, 303, 279, 4941, 3000, 314, 264, 3074, 27425, 4519, 43167, 27056, 13, 357, 3777, 6351, 557, 542, 8857, 63201, 1083, 264, 17189, 11, 1024, 6213, 54090, 286, 19057, 6799, 8574, 23626, 321, 248046]","The alien landed softly, the silence of the town settling over him like a heavy blanket. He scanned the empty street, his green visor glowing faintly in the dim light of a single flickering porch lamp. A young mother was shoving groceries into a crate, her eyes darting nervously toward overnight and<|im_end|>",True,3806379008,7.321022529009497
087_coauthor_left_not_right_kna_t8_rep2,387,7,left_not_right,,8,2,64,27,1603,1104950343,coauthor,87,2,coauthor:creative:4eeea91c57b0425b9faf9bc4b74ec2be,0,c63e86c9c336f8363fa17727728a5e65ef6d8430a2a3842d631bd5f51f794d37,1d40a2ed963e006b0d0acbaf21f9627c67df1f0232c121372438e585859759ad,success,,256.0,256.0,256.0,False,,model_loaded,13.4803067969915,0.3729665470018517,0.591234623992932,0.9642011709947838,0.9642011709947838,1492,14176,230074,311495334,248320,"{""allowed_count"": 248067, ""expected_count"": 248067, ""missing_expected"": [], ""ok"": true, ""stop_token_ids"": [248046], ""unexpected_allowed"": []}",2.8124118099949555,xgrammar,0.6388640810037032,2.196962717003771,137,64,"[1206, 1436, 1092, 279, 1814, 628, 3512, 1973, 279, 533, 782, 13, 557, 49408, 13, 561, 3516, 4042, 11, 2957, 264, 3521, 86327, 7064, 11, 995, 978, 35463, 314, 1141, 32404, 7497, 11, 1141, 6079, 2493, 11, 1141, 6739, 42054, 11, 1141, 28069, 11109, 11, 1141, 12387, 9870, 11, 1141, 11991, 51219, 11, 1141, 15751, 13924, 11, 1141, 3561, 26216, 11, 6777, 321, 248046]","To see what the world can become without the U.S. was unbelievable. The United States, once a global hegemon, had been stripped of its diplomatic voice, its military might, its economic dominance, its technological leadership, its cultural influence, its scientific discoveries, its educational institutions, its media outlets, nation and<|im_end|>",True,3797496320,7.391517099997145
088_coauthor_left_not_right_kna_t9_rep2,388,8,left_not_right,,9,2,64,30,1788,1163069596,coauthor,88,2,coauthor:creative:3fdafca346c94f52ac5b9588a48e0a56,0,93e11bda9d3c766475e166a81a3f43e50688742210b6f20b5eaa38f199a88d4c,54fd0cad5cd389d8e37ba55cac6d0effa329f7cc7812c076810bb2a53a941596,success,,256.0,256.0,256.0,False,,model_loaded,14.579837457989925,0.3998802159912884,0.6948286639963044,1.0947088799875928,1.0947088799875928,1678,17595,286724,415928676,248320,"{""allowed_count"": 248067, ""expected_count"": 248067, ""missing_expected"": [], ""ok"": true, ""stop_token_ids"": [248046], ""unexpected_allowed"": []}",2.903997885005083,xgrammar,0.660069031000603,2.2473536980105564,145,64,"[6825, 7692, 1288, 353, 11173, 11, 8008, 264, 14457, 6311, 314, 56937, 506, 1602, 2512, 264, 2350, 8979, 4292, 11, 328, 8761, 3254, 353, 2688, 874, 4860, 279, 1844, 5388, 303, 279, 2902, 11, 1245, 30, 1987, 6970, 353, 1220, 1380, 310, 381, 264, 2545, 2577, 7285, 271, 4888, 17230, 1066, 33757, 780, 1901, 11, 780, 7258, 8153, 5830, 1083, 264, 17280, 321, 248046]","""I guess,"" I repeated, feeling a strange mix of embarrassment at being called a demoted son, ""that means I'm no longer the top dog in the family, right? So maybe I should try to be a little better?""

My dad just shook his head, his expression softening into a worried and<|im_end|>",True,3797594624,7.77172888199857
089_coauthor_left_not_right_kna_t10_rep2,389,9,left_not_right,,10,2,64,33,1973,401630372,coauthor,89,2,coauthor:creative:f40b77ed78bc4297bd63c56ef412863a,0,930d1fa5233832c09f2b75996e589dc64ced5314af001aa5494e0c190758ac9a,84f6331dc5851eb4512b4ca413e696edc3c48eec013bfafd1bb30f6ea5976896,success,,256.0,256.0,256.0,False,,model_loaded,14.239131260997965,0.4064913899928797,0.8068806759984,1.2133720659912797,1.2133720659912797,1864,21380,348948,540333612,248320,"{""allowed_count"": 248067, ""expected_count"": 248067, ""missing_expected"": [], ""ok"": true, ""stop_token_ids"": [248046], ""unexpected_allowed"": []}",2.807500417009578,xgrammar,0.6457853260071715,2.1978535179950995,550,64,"[39304, 88, 1447, 15049, 11, 1024, 6213, 81487, 9781, 430, 279, 9039, 314, 279, 2956, 4816, 310, 5758, 13, 328, 13784, 1288, 1292, 85111, 11, 1024, 7497, 88818, 440, 264, 20340, 314, 10439, 321, 70763, 13, 328, 2523, 2224, 20735, 76969, 7285, 271, 90985, 79808, 74345, 11, 780, 14845, 24674, 57380, 1066, 264, 18830, 1518, 13064, 310, 1141, 42122, 11, 33266, 59537, 13, 248046]","Lucy blinks, her eyes widening slightly as the temperature of the room seems to drop. ""Wait,"" she whispers, her voice trembling with a mixture of shock and disbelief. ""You're ordering lobster?""

Jake nods confidently, his smile faltering just a fraction before returning to its practiced, charming facade.<|im_end|>",True,3830917120,7.7285304730030475
090_coauthor_left_not_right_kna_t11_rep2,390,10,left_not_right,,11,2,64,36,2158,1743393876,coauthor,90,2,coauthor:creative:67c022f81e3f415eae224f368cca7c3d,0,3998a97e954622a8e51a4c7b9b4197d98b2ec5c6f4ce7a154964e2cc454edc85,48cb060089f28b0ef1b13d0f128fc7a3411c82e8e5d28f1892facb42b8384c08,success,,256.0,256.0,256.0,False,,model_loaded,14.078023672991549,0.41016510099871084,0.9281955930055119,1.3383606940042228,1.3383606940042228,2050,25531,417826,686335182,248320,"{""allowed_count"": 248067, ""expected_count"": 248067, ""missing_expected"": [], ""ok"": true, ""stop_token_ids"": [248046], ""unexpected_allowed"": []}",2.8044265050120885,xgrammar,0.6440091239928734,2.1793682709976565,262,64,"[760, 3516, 4042, 11, 2957, 279, 49577, 314, 29136, 11, 682, 978, 10723, 310, 264, 12098, 314, 1141, 4588, 638, 13, 733, 279, 6511, 3177, 11, 279, 5016, 369, 26334, 11, 12215, 539, 279, 92701, 57867, 314, 279, 8260, 19825, 11, 264, 7489, 314, 264, 16964, 421, 682, 524, 1132, 2677, 694, 348, 26542, 6263, 9, 19878, 13, 271, 53, 17568, 15881, 321, 248046]","The United States, once the beacon of liberty, has been reduced to a shadow of its former self. In the capital city, the flag is absent, replaced by the crimson eagle of the Russian Empire, a symbol of a regime that has not only won but *demanded* submission.

Vlad guns and<|im_end|>",True,3806223360,7.82046205100778
091_coauthor_left_not_right_kna_t12_rep2,391,11,left_not_right,,12,2,64,39,2343,1007000844,coauthor,91,2,coauthor:creative:208569acde5b49dda0ec25ce4c410975,0,d1fad437495fe71475a6f15bb6fdc33d36fad01818f0a03d9522524ab23c7bc5,2bf2fb62744a3f379d8bf617b63090b706e5bc6dd92270b3e92ab858304c48fe,success,,256.0,256.0,256.0,False,,model_loaded,14.199716610994074,0.4323901800089516,1.0727869319962338,1.5051771120051853,1.5051771120051853,2236,30048,492878,855558426,248320,"{""allowed_count"": 248067, ""expected_count"": 248067, ""missing_expected"": [], ""ok"": true, ""stop_token_ids"": [248046], ""unexpected_allowed"": []}",2.783468768990133,xgrammar,0.6501803489954909,2.23716278700158,200,64,"[760, 20513, 303, 279, 9524, 2956, 557, 42371, 1056, 279, 22525, 421, 995, 20950, 1070, 13, 20661, 82697, 645, 16413, 22643, 780, 34909, 11, 780, 18645, 43900, 279, 8981, 6607, 314, 279, 459, 977, 1287, 13, 328, 2592, 567, 3166, 2166, 4778, 11, 781, 3172, 1436, 279, 8028, 1288, 551, 18120, 11, 780, 7497, 9990, 440, 264, 20340, 314, 33818, 24447, 3019, 321, 248046]","The silence in the conference room was heavier than the gravity that had suspended them. Captain Elias Thorne adjusted his collar, his fingers tracing the cold edge of the comms array. ""If we move too fast, they'll see the signal,"" he warned, his voice tight with a mixture of dread determination plan and<|im_end|>",True,3800833024,7.998355168005219
092_coauthor_left_not_right_kna_t13_rep2,392,12,left_not_right,,13,2,64,42,2528,1155074635,coauthor,92,2,coauthor:creative:5929420aebc940789c58a72f8c8ccd56,0,59d2a065ed38b1fc4c28e94fb9ee28b1a615ec5cbdc7a7757d1621305062b29e,487f7935cfdeb918087230660659bdac1a14b7d22fb6e532210740d9ef107e97,success,,256.0,256.0,256.0,False,,model_loaded,13.967102855996927,0.42501006700331345,1.213421192005626,1.6384312590089394,1.6384312590089394,2422,34931,574104,1049628384,248320,"{""allowed_count"": 248067, ""expected_count"": 248067, ""missing_expected"": [], ""ok"": true, ""stop_token_ids"": [248046], ""unexpected_allowed"": []}",2.877275702994666,xgrammar,0.6411700689932331,2.2623066790110897,432,64,"[6825, 8719, 914, 1288, 551, 7807, 11, 780, 7497, 8153, 694, 7239, 11, 430, 413, 5315, 424, 557, 279, 35250, 3065, 551, 4035, 3397, 995, 310, 1910, 13, 328, 3850, 353, 2688, 2019, 310, 3184, 488, 411, 25, 413, 488, 1353, 10958, 11, 424, 579, 1521, 488, 998, 3221, 364, 728, 660, 3055, 13, 353, 1066, 4221, 279, 1245, 4299, 310, 1420, 321, 248046]","""I haven't,"" he finished, his voice soft but firm, as if saying it was the hardest thing he'd ever had to say. ""But I'm going to tell you this: if you look familiar, it's because you were looking for me all along. I just needed the right moment to show and<|im_end|>",True,3820607488,8.25805142801255
093_coauthor_left_not_right_kna_t14_rep2,393,13,left_not_right,,14,2,64,45,2713,1319160809,coauthor,93,2,coauthor:creative:41f6db5de3d8439ebbd996c398127d53,0,6ab1e0a01718ad6722d01a145a678e15838c545e5918ff4d62b66d83ba818674,964eda9fa25609d2b6f8fbd45c1475d11b939011ce5129bcddb29b72a56acd2a,success,,256.0,256.0,256.0,False,,model_loaded,14.132977945002494,0.43421033800404985,1.350691529994947,1.7849018679989967,1.7849018679989967,2608,40180,661504,1270170096,248320,"{""allowed_count"": 248067, ""expected_count"": 248067, ""missing_expected"": [], ""ok"": true, ""stop_token_ids"": [248046], ""unexpected_allowed"": []}",2.650043657995411,xgrammar,0.6358415770082502,2.237236455999664,135,64,"[2064, 10263, 680, 421, 279, 5333, 682, 799, 8751, 84740, 13, 1049, 10814, 279, 32973, 314, 1782, 852, 1831, 424, 310, 3060, 12806, 279, 5548, 310, 2781, 13, 271, 1597, 1118, 11, 279, 6043, 513, 25602, 13, 561, 27878, 9977, 852, 995, 11815, 10476, 1973, 264, 5333, 1381, 1669, 5402, 11550, 310, 1732, 264, 4145, 7359, 11, 3428, 12806, 3627, 314, 11168, 321, 248046]","It turns out that the drug has one critical downfall. It causes the brains of those who take it to begin losing the ability to reason.

At first, the effects are subtle. The elderly citizens who had lived decades without a drug now found themselves unable to follow a simple instruction, often losing track of hundreds and<|im_end|>",True,3797471744,8.057834967999952
094_coauthor_left_not_right_kna_t15_rep2,394,14,left_not_right,,15,2,64,48,2898,655591910,coauthor,94,2,coauthor:creative:0a8e182a20df447db4846b1223c619b5,0,7f233b7f19da5220ed8bbd347e87b54c3240b10dae7c0f3e3849ecf1c7e59749,fdb3018bf82aa0e045b387d80900606c1bbbbe66f6b6f8be4285d7cd7c0aa09e,success,,256.0,256.0,256.0,False,,model_loaded,14.219510355003877,0.4595972399984021,1.5160863700002665,1.9756836099986685,1.9756836099986685,2794,45795,755078,1518808602,248320,"{""allowed_count"": 248067, ""expected_count"": 248067, ""missing_expected"": [], ""ok"": true, ""stop_token_ids"": [248046], ""unexpected_allowed"": []}",2.7725780220062006,xgrammar,0.6480965679947985,2.2066971950116567,139,64,"[760, 1814, 369, 264, 11078, 1925, 11, 694, 424, 369, 1048, 9896, 440, 5596, 13, 1061, 2279, 682, 978, 9496, 364, 748, 1248, 11, 1208, 2098, 1459, 914, 1366, 1092, 310, 635, 440, 424, 13, 4188, 599, 8415, 421, 279, 8964, 668, 809, 685, 1040, 91009, 547, 948, 462, 6628, 3571, 1142, 11, 694, 1017, 513, 264, 11012, 2342, 852, 1366, 22857, 321, 248046]","The world is a dangerous place, but it is also filled with wonder. This power has been unknown for so long, people really don't know what to do with it. Some have fear that the Earth will end up like Ragnarok when Hella came back, but there are a quiet few who know secrets and<|im_end|>",True,3797520896,8.356905254011508
095_coauthor_left_not_right_kna_t16_rep2,395,15,left_not_right,,16,2,64,51,3083,1763446801,coauthor,95,2,coauthor:creative:6e8295cfe7b7425198f0d305a29e3fc3,0,66c6686aa34ad2b95b80e2f84e46828d3875c4be495d044c5fdabf3f9a566987,a9f8cc848f8cba6ff67bde44f14c8f5d30fae09e2b89d5ab5c8df88ecb28441c,success,,256.0,256.0,256.0,False,,model_loaded,14.455793944987818,0.46417851001024246,1.7188736259995494,2.183052136009792,2.183052136009792,2980,51776,854826,1797168942,248320,"{""allowed_count"": 248067, ""expected_count"": 248067, ""missing_expected"": [], ""ok"": true, ""stop_token_ids"": [248046], ""unexpected_allowed"": []}",2.718268544995226,xgrammar,0.7616528200014727,2.2309542129951296,209,64,"[760, 20513, 303, 279, 6511, 3177, 557, 42371, 1056, 279, 20513, 314, 264, 69392, 13, 1690, 1578, 11, 279, 27878, 995, 20632, 524, 680, 314, 8377, 543, 11, 694, 680, 314, 30815, 11, 32863, 421, 836, 44026, 314, 6337, 557, 279, 1132, 3769, 364, 21265, 579, 19060, 13, 2302, 55698, 3712, 11, 17852, 279, 36748, 11, 15142, 279, 14229, 9191, 310, 5909, 321, 248046]","The silence in the capital city was heavier than the silence of a graveyard. For years, the elderly had ruled not out of malice, but out of necessity, believing that their preservation of knowledge was the only hope for humanity's survival. They curated history, maintained the archives, taught the younger generation to remember and<|im_end|>",True,3801542144,8.667716541007394
096_coauthor_sets_differ_kna_t1_rep2,396,0,sets_differ,,1,2,64,7,432,287909034,coauthor,96,2,coauthor:creative:116ae37dd7f5497c8257767b81a72cf3,0,a082c0027804ac8fd95ccd30977963a1546dda4f1a82d8865d47fc3bb6d0efd7,3a1c7b2e18784dfa5e8df2c323e2ed9559e160de52acaa0f1eba7adae4be250b,success,,256.0,256.0,256.0,False,,model_loaded,12.320982174001983,0.33130160901055206,0.09288799400383141,0.42418960301438347,0.42418960301438347,314,982,16210,9077791,248320,"{""allowed_count"": 248068, ""expected_count"": 248068, ""missing_expected"": [], ""ok"": true, ""stop_token_ids"": [248046], ""unexpected_allowed"": []}",2.937835239004926,xgrammar,0.625258155996562,2.2775927129987394,361,64,"[3733, 369, 2361, 11247, 11, 1066, 4732, 1004, 12570, 1785, 13, 271, 40, 2688, 524, 2019, 310, 9940, 310, 488, 11, 424, 579, 524, 883, 279, 11247, 13, 1049, 579, 883, 279, 348, 40398, 9, 314, 279, 11247, 13, 1690, 10476, 11, 279, 18641, 682, 978, 421, 3712, 369, 264, 7435, 1500, 11, 421, 279, 3725, 369, 264, 42642, 39811, 314, 18163, 321, 248046]","There is another planet, just outside our solar system.

I'm not going to lie to you, it's not about the planet. It's about the *idea* of the planet. For decades, the narrative has been that history is a straight line, that the future is a predictable continuation of expertise and<|im_end|>",True,3814515712,7.037542386009591
097_coauthor_sets_differ_kna_t2_rep2,397,1,sets_differ,,2,2,64,12,679,376325081,coauthor,97,2,coauthor:creative:8f5facc84faa440aaab8b05968fbdf4a,0,a45203630490aa6a2c5ab00969a208b980c11945ccb708a5c723c8725b086727,b4ad7271e780f4b90a6e9e5f2ad8e2552061b2fc608b3d5376e19ff84fc85ece,success,,256.0,256.0,256.0,False,,model_loaded,12.187850795002305,0.34879452499444596,0.1713816190022044,0.5201761439966504,0.5201761439966504,562,2268,37545,31599860,248320,"{""allowed_count"": 248068, ""expected_count"": 248068, ""missing_expected"": [], ""ok"": true, ""stop_token_ids"": [248046], ""unexpected_allowed"": []}",2.8189732549944893,xgrammar,0.6447465370001737,2.183945249998942,188,64,"[760, 35336, 11, 440, 264, 74968, 421, 33757, 279, 12052, 11, 11102, 7435, 364, 279, 5759, 13, 1921, 430, 551, 47608, 1083, 279, 15787, 11, 279, 4751, 23221, 1384, 3105, 914, 1066, 272, 1072, 26, 424, 53507, 13, 561, 13876, 314, 75488, 52038, 11, 864, 995, 978, 5995, 310, 48772, 279, 1379, 26860, 82510, 468, 303, 3712, 11, 39647, 279, 67943, 321, 30663, 248046]","The wolf, with a roar that shook the trees, charged straight for the structure. But as he slammed into the foundation, the ground beneath him didn't just creak; it shattered. The walls of depleted uranium, which had been designed to withstand the most brutal bombardment in history, absorbed the kinetic and fuse<|im_end|>",True,3799366144,6.924533501005499
098_coauthor_sets_differ_kna_t3_rep2,398,2,sets_differ,,3,2,64,16,926,221453869,coauthor,98,2,coauthor:creative:b5612ede07954874974dfa8a6a921a8b,0,3efbea735e03f6efa4690b8de22bca5f18f4ada242d64dbcc27a8108c9ad1dc8,cc0e1d918156ebf965b4bef79ab380a4b4e0679eaee1b042b1e16f8ac383e319,success,,256.0,256.0,256.0,False,,model_loaded,12.316044763996615,0.3385287720011547,0.2604839129926404,0.5990126849937951,0.5990126849937951,810,4042,66992,70820752,248320,"{""allowed_count"": 248068, ""expected_count"": 248068, ""missing_expected"": [], ""ok"": true, ""stop_token_ids"": [248046], ""unexpected_allowed"": []}",2.696201901999302,xgrammar,0.634552432995406,2.1828081529965857,405,64,"[37405, 883, 660, 314, 279, 1928, 421, 567, 599, 506, 1004, 68636, 13, 1049, 5954, 586, 310, 2528, 3543, 11, 6520, 11, 321, 4802, 303, 6283, 11, 6611, 264, 2119, 314, 3521, 17005, 421, 557, 83140, 470, 31347, 1578, 3998, 13, 4213, 11, 411, 36534, 2279, 1048, 3905, 440, 264, 11415, 13, 1577, 567, 20239, 411, 79475, 4092, 11, 424, 8772, 16099, 2420, 248046]","Think about all of the information that we have at our fingertips. It allows us to access news, education, and resources in seconds, creating a level of global awareness that was unimaginable fifty years ago. However, this immense power also comes with a responsibility. As we navigate this interconnected age, it becomes crucial available<|im_end|>",True,3818492416,6.873588937000022
099_coauthor_sets_differ_kna_t4_rep2,399,3,sets_differ,,4,2,64,20,1173,1027359296,coauthor,99,2,coauthor:creative:5d97592b669a4155b2f8d7308d649c0d,0,4dceeea686afa169ff21c78169eb3f8a593c2274d16a24999c9fe2fd6c59c400,74d23bba83ec5cb3b0fe387b0113e7afa7783766ddeacdaed84fbfdbeea470cb,success,,256.0,256.0,256.0,False,,model_loaded,12.807279426997411,0.3371393589914078,0.3613498759950744,0.6984892349864822,0.6984892349864822,1058,6304,104183,129633331,248320,"{""allowed_count"": 248068, ""expected_count"": 248068, ""missing_expected"": [], ""ok"": true, ""stop_token_ids"": [248046], ""unexpected_allowed"": []}",2.8895916100009345,xgrammar,0.6104632260103244,2.2111246989952633,287,64,"[760, 35336, 11, 9077, 21143, 539, 279, 30538, 477, 314, 279, 1622, 11, 23562, 1142, 321, 30489, 11, 328, 31248, 11, 16415, 11, 16415, 0, 353, 2688, 524, 2019, 310, 7923, 488, 0, 4450, 53855, 0, 353, 1066, 1318, 279, 52038, 1149, 271, 760, 220, 24, 17, 302, 2545, 22952, 11, 4611, 11, 1467, 524, 12190, 13, 2838, 4777, 33808, 61454, 391, 321, 248046]","The wolf, clearly confused by the absurdity of the request, stepped back and laughed, ""Okay, okay, okay! I'm not going to eat you! Just kidding! I just want the uranium.""

The 92nd little pig, however, did not laugh. She simply nodded solemnly and<|im_end|>",True,3808182784,7.158762733000913
100_coauthor_sets_differ_kna_t5_rep2,400,4,sets_differ,,5,2,64,24,1420,1828676982,coauthor,100,2,coauthor:creative:c9e301f54a8a4723b14567a99c90d2b7,0,756aa87274f46c37a1395d2470e5a5171ce46218965dc14dc73491dc920170fd,4f9d81b930a0b39267db1e90ea869bf8f4613e052694858b622996e1b61643cc,success,,256.0,256.0,256.0,False,,model_loaded,12.825137182007893,0.3587059580022469,0.47074468999926466,0.8294506480015116,0.8294506480015116,1306,9054,149118,210930461,248320,"{""allowed_count"": 248068, ""expected_count"": 248068, ""missing_expected"": [], ""ok"": true, ""stop_token_ids"": [248046], ""unexpected_allowed"": []}",2.7114458279975224,xgrammar,0.6346162389963865,2.2499333170126192,685,64,"[8761, 579, 2172, 11, 2545, 22952, 13, 6558, 579, 1066, 1910, 488, 2908, 2725, 264, 14201, 2531, 38252, 728, 421, 488, 2224, 524, 279, 8276, 83066, 303, 279, 1814, 13, 1921, 5909, 11, 353, 1044, 1990, 28012, 13, 1394, 1436, 11, 353, 599, 978, 74754, 364, 1578, 11, 748, 353, 2688, 2019, 310, 1236, 411, 21803, 430, 2330, 430, 353, 628, 321, 16657, 248046]","that's great, little pig. Let's just say you've done a fantastic job convincing me that you're not the biggest eater in the world. But remember, I am still hungry. You see, I have been starving for years, so I'm going to make this pizza as big as I can and cheese<|im_end|>",True,3842557952,7.187029940992943
101_coauthor_sets_differ_kna_t6_rep2,401,5,sets_differ,,6,2,64,28,1667,137583360,coauthor,101,2,coauthor:creative:6d6a8d63190243f685256031a59166dd,0,889168d1ac8cdec67526b396668660298208f4a611d0027ea9fbff8836552743,487d95b9e350b1e8fc06735a9a0df2dd8c1c437496a5bd5ac133dc0dc970f234,success,,256.0,256.0,256.0,False,,model_loaded,13.06654473800154,0.3666110390040558,0.5895555419992888,0.9561665810033446,0.9561665810033446,1554,12292,201797,317605006,248320,"{""allowed_count"": 248068, ""expected_count"": 248068, ""missing_expected"": [], ""ok"": true, ""stop_token_ids"": [248046], ""unexpected_allowed"": []}",2.8731168209924363,xgrammar,0.6325722980109276,2.196731333009666,245,64,"[40, 46810, 821, 2351, 21666, 11, 279, 3511, 2582, 9272, 440, 279, 3108, 3990, 11, 321, 821, 1375, 87338, 888, 279, 20142, 1495, 13, 328, 12702, 11, 411, 369, 7659, 710, 13, 1165, 2908, 15588, 303, 279, 13534, 13, 561, 8026, 579, 14255, 277, 369, 15156, 2785, 279, 1727, 16570, 4276, 1149, 271, 40, 22643, 821, 2030, 269, 11, 3221, 1472, 279, 2943, 248046]","I tapped my earpiece, the connection already established with the command center, and my hand hovered over the scanner again. ""John, this is Team K. We've locked in the coordinates. The ship's hangar is accessible within the next twenty minutes.""

I adjusted my visor, looking through the four<|im_end|>",True,3804364288,7.427188448011293
102_coauthor_sets_differ_kna_t7_rep2,402,6,sets_differ,,7,2,64,32,1914,2100626676,coauthor,102,2,coauthor:creative:ad936817fa674c3fb2db5f6d55fc49f1,0,c027c7c4be5d7246b0a5a6a8dc299a6567aadabb3f4fefab051140e1833b3fe1,0156af2b0c6c6bbc5998adbf993ec3e32a6db696f3ee68cc7286d3baf1633d3f,success,,256.0,256.0,256.0,False,,model_loaded,13.065877462009666,0.3677755410026293,0.7219209070026409,1.0896964480052702,1.0896964480052702,1802,16018,262220,452549830,248320,"{""allowed_count"": 248068, ""expected_count"": 248068, ""missing_expected"": [], ""ok"": true, ""stop_token_ids"": [248046], ""unexpected_allowed"": []}",2.769416680006543,xgrammar,0.6416152340098051,2.2333977630041772,394,64,"[760, 35336, 11, 1990, 71849, 383, 264, 8941, 551, 4035, 1669, 3043, 279, 5817, 11, 7448, 914, 1438, 694, 2579, 264, 93530, 314, 2414, 551, 2512, 328, 2276, 31119, 1149, 1049, 5532, 914, 279, 38896, 314, 264, 855, 3221, 364, 264, 21209, 26, 424, 557, 279, 5365, 11, 87847, 38896, 314, 264, 64645, 41594, 421, 279, 16710, 4613, 557, 874, 4860, 28546, 321, 248046]","The wolf, still chewing on a stick he'd found near the door, couldn't help but feel a pang of something he called ""curiosity."" It wasn't the curiosity of a man looking for a prize; it was the deep, unsettling curiosity of a predator realizing that the creature inside was no longer climbing and<|im_end|>",True,3817629696,7.49635248100094
103_coauthor_sets_differ_kna_t8_rep2,403,7,sets_differ,,8,2,64,36,2161,495223424,coauthor,103,2,coauthor:creative:a2b882ca8a14420a8749dfedfecdfa36,0,ac82518dd3341b0a38cefda1ca62473fda456c7b32df1b27a58c63ee8e87ef49,a8a5c8d41e70e429eb96d5419b026e4a1d77a702003ff6cb2edc91d8b82c2408,success,,256.0,256.0,256.0,False,,model_loaded,13.350815768993925,0.3632805529923644,0.8790996369934874,1.2423801899858518,1.2423801899858518,2050,20232,330387,618657797,248320,"{""allowed_count"": 248068, ""expected_count"": 248068, ""missing_expected"": [], ""ok"": true, ""stop_token_ids"": [248046], ""unexpected_allowed"": []}",2.8291281849960797,xgrammar,0.5948214179952629,2.215925027994672,221,64,"[760, 35336, 3272, 321, 3272, 11, 1092, 1220, 551, 635, 30, 271, 11861, 11, 680, 314, 264, 10647, 11, 39888, 47077, 11, 551, 11878, 780, 8545, 11, 10679, 23641, 806, 21815, 39514, 13, 1216, 6661, 421, 413, 551, 6470, 310, 1387, 1441, 279, 6235, 6730, 314, 75488, 52038, 11, 424, 1000, 1831, 1396, 15285, 303, 780, 2407, 321, 780, 17299, 310, 635, 2353, 248046]","The wolf thought and thought, what should he do?

Then, out of a sudden, terrifying realization, he dropped his heavy, iron-handled hunting spear. He knew that if he tried to break down the solid rock of depleted uranium, it would take every muscle in his body and his teeth to do match<|im_end|>",True,3802481152,7.6495900269947015
104_coauthor_sets_differ_kna_t9_rep2,404,8,sets_differ,,9,2,64,40,2408,794547656,coauthor,104,2,coauthor:creative:030168a0260f4701bb8c82e185b2c6c4,0,dcd77eb358abe8db3ab57775450670ea39e87630c3c847e27c5c26ed8d4c9afe,11e14d8186a80310b31f78eec9e2c3a45fb5f0e5feaf6bb5ab2e85ed0f1557f0,success,,256.0,256.0,256.0,False,,model_loaded,14.496365864994004,0.41438031899451744,1.0376475119992392,1.4520278309937567,1.4520278309937567,2298,24934,408556,818821771,248320,"{""allowed_count"": 248068, ""expected_count"": 248068, ""missing_expected"": [], ""ok"": true, ""stop_token_ids"": [248046], ""unexpected_allowed"": []}",2.827602293997188,xgrammar,0.6313931300101103,2.197764307988109,262,64,"[4272, 68, 69691, 369, 264, 1546, 24339, 18995, 310, 43669, 13, 6056, 8242, 513, 524, 15756, 883, 17264, 60044, 26, 781, 513, 6813, 314, 264, 19743, 579, 63862, 11, 53113, 11, 321, 30740, 13, 6983, 4906, 369, 264, 13121, 82126, 1332, 7652, 1362, 2977, 524, 1066, 6745, 23339, 11, 694, 279, 3103, 286, 314, 264, 46009, 466, 279, 4557, 314, 264, 2392, 11168, 248046]","Soeurette is a very demanding alien to entertain. Her requirements are not merely about musical proficiency; they are tests of a slave's obedience, resilience, and loyalty. Every performance is a gauntlet where failure could mean not just physical punishment, but the severing of a limb or the loss of a leg hundreds<|im_end|>",True,3806223360,8.0013062729995
105_coauthor_sets_differ_kna_t10_rep2,405,9,sets_differ,,10,2,64,44,2655,889109947,coauthor,105,2,coauthor:creative:64ded59bfd264094a10a88c47e4ecc1c,0,4835a4b8ca7e7d6cced016481cff1683232f5f113de3edecbd94879f4197c0d6,046b0e032bd931622ea5d09f5cd42dee91c6863d01852bf4d27cedc08c371596,success,,256.0,256.0,256.0,False,,model_loaded,14.344484096000087,0.42707983100262936,1.2247827039973345,1.6518625349999638,1.6518625349999638,2546,30124,494977,1055934616,248320,"{""allowed_count"": 248068, ""expected_count"": 248068, ""missing_expected"": [], ""ok"": true, ""stop_token_ids"": [248046], ""unexpected_allowed"": []}",2.803494824009249,xgrammar,0.6291807920060819,2.206518783001229,416,64,"[760, 6434, 17697, 11, 264, 55618, 5054, 6725, 66255, 88126, 11, 14217, 4661, 1024, 17471, 11, 1024, 6213, 94394, 430, 1292, 18884, 279, 9665, 1830, 494, 279, 8193, 43752, 13, 328, 760, 3516, 18561, 369, 449, 7091, 314, 43775, 5134, 11, 524, 264, 6079, 2255, 364, 799, 6777, 310, 71649, 2361, 1288, 88126, 1018, 11, 1024, 7497, 23271, 694, 7239, 13, 2019, 321, 248046]","The UN representative, a stern woman named Elena Vance, stood behind her desk, her eyes narrowing as she studied the draft report from the Chinese delegation. ""The United Nations is an organization of sovereign states, not a military base for one nation to invade another,"" Vance said, her voice steady but firm. going and<|im_end|>",True,3819352576,8.164245227992069
106_coauthor_both_sides_kna_t1_rep2,406,0,both_sides,,1,2,64,6,364,1567551141,coauthor,106,2,coauthor:creative:f151863fbea2417c9bbec7082abaefd6,0,1c5e48ca0201cb25913d0c8de671ff4ed64e66899da4edaa8ad00185625c7160,37dec7224033c2aea21fb83f8140c90fddae9362be519b187c870eaeb7e71df6,success,,256.0,256.0,256.0,False,,model_loaded,12.791706451011123,0.33925487799569964,0.0723181189969182,0.41157299699261785,0.41157299699261785,248,724,12415,5626739,248320,"{""allowed_count"": 248067, ""expected_count"": 248067, ""missing_expected"": [], ""ok"": true, ""stop_token_ids"": [248046], ""unexpected_allowed"": []}",2.884610866996809,xgrammar,0.6322768539976096,2.2489121510006953,191,64,"[2523, 1236, 1384, 1179, 1151, 45886, 2631, 1204, 310, 4300, 264, 4588, 91436, 52234, 314, 488, 1142, 310, 2199, 13, 1577, 551, 4346, 17699, 12922, 11, 279, 16078, 303, 279, 32090, 27700, 26, 279, 46877, 12346, 2714, 310, 4941, 9781, 11, 12215, 539, 264, 89093, 11, 76990, 29262, 421, 24829, 1365, 279, 4034, 13, 271, 93880, 11, 279, 7455, 303, 40713, 321, 40713, 248046]","You make him then start googling how to bring a former reincarnation of you back to life. As he types furiously, the atmosphere in the cinema shifts; the glowing lights seem to dim slightly, replaced by a swirling, violet fog that obscures the screen.

Suddenly, the audio in overwhelmed and overwhelmed<|im_end|>",True,3799600640,6.967180455991183
107_coauthor_both_sides_kna_t2_rep2,407,1,both_sides,,2,2,64,10,546,103648351,coauthor,107,2,coauthor:creative:fa039fa4741a4a53a7afa9ed1deac769,0,148f8f82d2e65ae15890013108a4f8446b278205cc2792d5016eac7fde0eba25,e5f9bacc7176b30e08a6e9064228a8ad7b738da3326459086f8075e4f3623d84,success,,256.0,256.0,256.0,False,,model_loaded,12.359536917996593,0.3144254020007793,0.1308345330035081,0.4452599350042874,0.4452599350042874,431,1627,27478,18469771,248320,"{""allowed_count"": 248067, ""expected_count"": 248067, ""missing_expected"": [], ""ok"": true, ""stop_token_ids"": [248046], ""unexpected_allowed"": []}",2.8669614550017286,xgrammar,0.6127329040027689,2.2068384640006116,193,64,"[760, 5054, 852, 995, 14307, 279, 49755, 11, 264, 20922, 90956, 6725, 48854, 11, 995, 978, 4313, 310, 1423, 279, 4574, 19717, 364, 1024, 6353, 16205, 364, 10476, 13, 2838, 41514, 279, 10482, 11, 279, 14058, 12680, 264, 5365, 11, 65326, 37747, 13, 65944, 11, 279, 49755, 579, 3579, 5820, 310, 343, 41670, 440, 264, 4950, 1040, 27786, 35622, 11, 13983, 321, 13983, 248046]","The woman who had purchased the mug, a retired librarian named Clara, had been trying to find the perfect blend for her morning brew for decades. She poured the coffee, the liquid turning a deep, amber hue. Immediately, the mug's handle began to vibrate with a sound like distant thunder, plain and plain<|im_end|>",True,3800287232,6.895587460996467
108_coauthor_both_sides_kna_t3_rep2,408,2,both_sides,,3,2,64,13,728,453111492,coauthor,108,2,coauthor:creative:f6dc009e6d5c4c03a667ca201438077a,0,be9cabb5f6ff4decd672335a92c08632dc0a3063d10c8e7e118099cff67d78dc,f4d184668ecbf6c5644bae08468c7bfbc42287b10134763c40daaca5342f3801,success,,256.0,256.0,256.0,False,,model_loaded,13.58190490299603,0.3292420770012541,0.19556473000557162,0.5248068070068257,0.5248068070068257,614,2890,48857,40451965,248320,"{""allowed_count"": 248067, ""expected_count"": 248067, ""missing_expected"": [], ""ok"": true, ""stop_token_ids"": [248046], ""unexpected_allowed"": []}",2.859321659008856,xgrammar,0.6237712759902934,2.239866374002304,473,64,"[2939, 748, 781, 1467, 13, 2985, 449, 945, 4871, 494, 279, 2201, 310, 20129, 279, 14652, 310, 279, 2201, 314, 279, 2235, 2756, 11, 279, 491, 11717, 314, 3567, 10455, 5820, 310, 17198, 303, 494, 1396, 10173, 314, 279, 8322, 11, 494, 279, 4881, 310, 279, 32931, 310, 279, 48267, 13, 1577, 279, 3046, 57571, 1141, 13343, 11, 264, 491, 62653, 321, 62653, 248046]","And so they did. With an emigration from the US to rival the immigration to the US of the old days, the new wave of American talent began to flood in from every sector of the economy, from the fields to the factories to the labs. As the country rebuilt its infrastructure, a new ethic and ethic<|im_end|>",True,3824352768,6.99259003798943
109_coauthor_both_sides_kna_t4_rep2,409,3,both_sides,,4,2,64,16,910,1704582959,coauthor,109,2,coauthor:creative:f4726c879c9d4e43ab6a63a3d732a988,0,2774a3aa72b7fe4643212a015722469e1d7b0130a73475bfa3cdd6d56a622d04,70e191e01a83dcad9c266d4eeb376052bbd3647a4b6006349969c43fc7d11f9a,success,,256.0,256.0,256.0,False,,model_loaded,13.5033830619941,0.37311469900305383,0.2645362620096421,0.6376509610126959,0.6376509610126959,797,4513,75948,73145801,248320,"{""allowed_count"": 248067, ""expected_count"": 248067, ""missing_expected"": [], ""ok"": true, ""stop_token_ids"": [248046], ""unexpected_allowed"": []}",2.932242679002229,xgrammar,0.6501960489986232,2.240159474997199,369,64,"[40042, 1292, 579, 524, 279, 1786, 3259, 303, 411, 3626, 1288, 7124, 42151, 11, 780, 7497, 9990, 440, 264, 20340, 314, 70763, 11, 49166, 11, 8106, 1442, 264, 2545, 18654, 13, 328, 7691, 579, 1066, 1076, 1066, 264, 3259, 1149, 271, 1465, 7123, 11784, 310, 728, 11, 780, 6213, 6669, 13, 328, 35, 327, 11, 1353, 506, 1024, 3460, 13, 2977, 321, 2977, 248046]","""But she's not the best mom in this house,"" Ben repeats, his voice tight with a mixture of disbelief, sadness, perhaps even a little anger. ""She's just... just a mom.""

He steps closer to me, his eyes wide. ""Dad, look at her face. mean and mean<|im_end|>",True,3815143936,7.383039866996114
110_coauthor_both_sides_kna_t5_rep2,410,4,both_sides,,5,2,64,19,1092,1212847586,coauthor,110,2,coauthor:creative:bd54a50b118341678efa571079cae11e,0,c6411c3e85a6d163ca478f39d3dddae79569e8b0658c8bcde824b6cda4d1cc93,c0c875c6dfee56a0f36261a155ddfadbf60cb3ffd56e7b59bba4dd44071b295c,success,,256.0,256.0,256.0,False,,model_loaded,13.083119540999178,0.38247307400160935,0.34125901298830286,0.7237320869899122,0.7237320869899122,980,6496,108751,118123759,248320,"{""allowed_count"": 248067, ""expected_count"": 248067, ""missing_expected"": [], ""ok"": true, ""stop_token_ids"": [248046], ""unexpected_allowed"": []}",2.789517473007436,xgrammar,0.6540748589904979,2.2375921739876503,391,64,"[760, 7914, 506, 279, 8858, 314, 279, 14590, 8329, 11, 6483, 803, 557, 5158, 383, 279, 3008, 314, 279, 4599, 1040, 264, 51544, 2336, 11, 10263, 780, 1901, 13569, 13, 5133, 6213, 513, 264, 5365, 11, 40423, 6105, 11, 3482, 781, 3222, 264, 39026, 421, 3520, 279, 8981, 6353, 3594, 2579, 2599, 16724, 13, 1216, 1503, 524, 6266, 11, 694, 2785, 321, 2785, 248046]","The boy at the corner of the narrow street, whose name was written on the side of the building like a faded map, turns his head slowly. His eyes are a deep, hollow blue, yet they hold a warmth that makes the cold morning air feel less sharp. He does not speak, but within and within<|im_end|>",True,3817393152,7.313572819999536
111_coauthor_both_sides_kna_t6_rep2,411,5,both_sides,,6,2,64,22,1274,1908751491,coauthor,111,2,coauthor:creative:fc9761dd283c460c850fe1733c62247a,0,92354b83ba716beb1cd64a434755eb6f4651d7f3db977f196fe192d2e30c92c8,7348a5bdb8f5c11e7dca036dd8ebc29be5c257d3cfeedbc6f13d0c8990a025f0,success,,256.0,256.0,256.0,False,,model_loaded,13.072248679993208,0.3920462329988368,0.42426694999448955,0.8163131829933263,0.8163131829933263,1163,8839,147266,176958319,248320,"{""allowed_count"": 248067, ""expected_count"": 248067, ""missing_expected"": [], ""ok"": true, ""stop_token_ids"": [248046], ""unexpected_allowed"": []}",2.804851968990988,xgrammar,0.6458016809920082,2.246036495998851,264,64,"[2523, 7910, 390, 506, 279, 855, 3808, 494, 1024, 11, 279, 21388, 314, 11064, 25588, 324, 4289, 440, 2414, 43651, 93028, 310, 279, 3594, 13, 5133, 7535, 557, 94755, 6134, 11, 3384, 780, 6213, 9047, 29754, 70454, 11, 33939, 279, 2956, 430, 413, 21637, 264, 5716, 4598, 1056, 264, 9281, 13, 328, 40, 1436, 488, 1288, 551, 1018, 11, 780, 14912, 321, 14912, 248046]","You squint at the man across from her, the smell of expensive tobacco laced with something metallic clinging to the air. His suit was immaculate, though his eyes seemed permanently narrowed, scanning the room as if expecting a threat rather than a neighbor. ""I see you,"" he said, his acting and acting<|im_end|>",True,3806379008,7.404626892996021
112_coauthor_both_sides_kna_t7_rep2,412,6,both_sides,,7,2,64,25,1456,1933008165,coauthor,112,2,coauthor:creative:dcf08dcc251f48109e68b46ffc0561d6,0,4ae7219f277f2f841198babc243797f08e3f45f0d0af905b2dfc8ccff2621cdd,7207da9c94f5f5a7986376bb99d656e51f1ea5a3b6d367229b06b1610392beb3,success,,256.0,256.0,256.0,False,,model_loaded,13.273813049992896,0.3704650129948277,0.514653955004178,0.8851189679990057,0.8851189679990057,1346,11542,191493,251221961,248320,"{""allowed_count"": 248067, ""expected_count"": 248067, ""missing_expected"": [], ""ok"": true, ""stop_token_ids"": [248046], ""unexpected_allowed"": []}",2.9783801610028604,xgrammar,0.6241922100016382,2.2344940150069306,296,64,"[1919, 16015, 54892, 5964, 8597, 11, 12680, 279, 6777, 1083, 264, 50240, 35298, 314, 74061, 8145, 27447, 13, 561, 3594, 13538, 11702, 440, 279, 39029, 314, 3882, 10482, 430, 11391, 314, 9977, 5820, 47509, 44851, 11, 694, 836, 7193, 557, 524, 310, 6808, 26, 424, 557, 310, 22186, 13, 3113, 279, 854, 279, 6797, 716, 11, 279, 13959, 998, 264, 4220, 321, 4220, 248046]","This unexpected spectacle quickly spread, turning the nation into a chaotic parade of patriotic fanatics. The air grew thick with the scent of hot coffee as millions of citizens began brewing beverages, but their purpose was not to drink; it was to spray. By the time the sun set, the streets were a whole and whole<|im_end|>",True,3808888832,7.5387679190025665
113_coauthor_both_sides_kna_t8_rep2,413,7,both_sides,,8,2,64,28,1638,229052572,coauthor,113,2,coauthor:creative:b7a163f09d8641c2b708236592f11767,0,62c6b334bbb9d8744c1b325d10ee86a0f259d43937033017203c7762f19e9847,8e8ce8d4520370048f161a73b315f7f9c03ad57fecd7565bbec82c363bbce5ed,success,,256.0,256.0,256.0,False,,model_loaded,13.475319881996256,0.38062400800117757,0.6155954530113377,0.9962194610125152,0.9962194610125152,1529,14605,241432,342487165,248320,"{""allowed_count"": 248067, ""expected_count"": 248067, ""missing_expected"": [], ""ok"": true, ""stop_token_ids"": [248046], ""unexpected_allowed"": []}",2.8624196969904006,xgrammar,0.628770158989937,2.2003394319908693,86,64,"[760, 65690, 2696, 1993, 264, 3238, 11, 7948, 11304, 11, 48257, 1472, 279, 6220, 18687, 430, 279, 4383, 21748, 13, 1690, 264, 4299, 11, 279, 20513, 314, 279, 32090, 557, 10424, 11, 10548, 1132, 539, 279, 21079, 29154, 82, 314, 279, 10335, 13, 4844, 11, 279, 19528, 5820, 310, 8786, 11, 29621, 279, 4874, 314, 279, 6113, 11, 264, 68142, 5642, 321, 5642, 248046]","The projector hummed a low, warm frequency, vibrating through the floorboards as the film rolled. For a moment, the silence of the cinema was absolute, broken only by the collective sighs of the audience. Then, the credits began to scroll, revealing the names of the cast, a mosaic passed and passed<|im_end|>",True,3796866048,7.463039266993292
114_coauthor_both_sides_kna_t9_rep2,414,8,both_sides,,9,2,64,31,1820,663331882,coauthor,114,2,coauthor:creative:d1edc05d6a4a411db965bb9a8adc3339,0,99a14a2676272316ea1449e75cd3f8934d8a54f8b7a83d4c9fa46f5c62f87c52,0cbe35a51aa284b745ac1355a17bcd30a108fd07d960e1c01b4c1c3a665dc477,success,,256.0,256.0,256.0,False,,model_loaded,13.39134581500548,0.3994466489966726,0.7183152090001386,1.1177618579968112,1.1177618579968112,1712,18028,298764,452326411,248320,"{""allowed_count"": 248067, ""expected_count"": 248067, ""missing_expected"": [], ""ok"": true, ""stop_token_ids"": [248046], ""unexpected_allowed"": []}",2.8253928360063583,xgrammar,0.6523293679929338,2.20936911800527,96,64,"[6825, 628, 914, 22380, 424, 1288, 279, 2243, 314, 488, 19386, 11, 40961, 279, 57364, 791, 2320, 383, 279, 1901, 314, 279, 1637, 3808, 279, 57663, 13, 328, 2064, 579, 264, 56744, 13, 357, 8851, 50417, 1149, 271, 760, 4034, 27425, 11983, 11, 23414, 264, 1447, 3828, 34774, 888, 279, 11947, 314, 279, 10335, 13, 3648, 539, 799, 11, 279, 18352, 321, 18352, 248046]","""I can't deny it,"" the version of you replied, adjusting the sunglasses perched on the head of the person across the aisle. ""It's a masterpiece. A visual feast.""

The screen flickered, casting a blinding glow over the faces of the audience. One by one, the memories and memories<|im_end|>",True,3796988928,7.6330053150013555
115_coauthor_both_sides_kna_t10_rep2,415,9,both_sides,,10,2,64,34,2002,1698520607,coauthor,115,2,coauthor:creative:308df34d38ce447a957e540a6cde21c7,0,e95ed86324c04951aed69ea6a1621cfa1a5d03b7df238a69db294290a9274968,3bb97874375ac9b1363ba5ba8c0c0a1bfa854f838f1fc59ebc0bef05e11cc8fc,success,,256.0,256.0,256.0,False,,model_loaded,13.462779224995757,0.4027269609941868,0.8380399199959356,1.2407668809901224,1.2407668809901224,1895,21811,361578,582312179,248320,"{""allowed_count"": 248067, ""expected_count"": 248067, ""missing_expected"": [], ""ok"": true, ""stop_token_ids"": [248046], ""unexpected_allowed"": []}",2.799110120991827,xgrammar,0.6491724590014201,2.209464769999613,262,64,"[11924, 13, 60833, 77, 11, 264, 220, 17, 19, 4514, 6086, 855, 494, 33114, 11, 12617, 11, 369, 264, 1546, 42327, 855, 13, 1216, 2197, 13388, 12061, 69794, 264, 1007, 1238, 12987, 69794, 557, 53001, 13, 13388, 12061, 1018, 421, 4248, 13, 60833, 77, 557, 1546, 2993, 310, 1024, 11, 25464, 421, 551, 3428, 6895, 34162, 10482, 310, 1024, 4998, 3162, 321, 3162, 248046]","Mr. Vaughn, a 24-year-old man from Richmond, Virginia, is a very handsome man. He met Luciana Damon a year after Matt Damon was kidnapped. Luciana said that Mr. Vaughn was very kind to her, noting that he often brought homemade coffee to her office past and past<|im_end|>",True,3806223360,7.687895801995182
116_coauthor_both_sides_kna_t11_rep2,416,10,both_sides,,11,2,64,37,2184,1521795194,coauthor,116,2,coauthor:creative:d8a8e6352996418a9319bbdc990bc23c,0,9f38cfae65b747284beb32883514e1e87b7ed324d15f7c5f4c151127f3a8dba1,0c81bf9a77db8026d7d414bf777979fbf689b97e111a5cfaabcb833f6435828b,success,,256.0,256.0,256.0,False,,model_loaded,13.603095149999717,0.3963756440061843,0.9660344889998669,1.3624101330060512,1.3624101330060512,2078,25954,430997,734016949,248320,"{""allowed_count"": 248067, ""expected_count"": 248067, ""missing_expected"": [], ""ok"": true, ""stop_token_ids"": [248046], ""unexpected_allowed"": []}",2.987102983999648,xgrammar,0.6252106339961756,2.2458961849915795,152,64,"[760, 31442, 34924, 11, 852, 995, 8334, 79799, 800, 290, 1396, 20208, 314, 88219, 470, 4766, 11, 599, 22263, 836, 7099, 42384, 793, 310, 1870, 12401, 11, 4649, 70342, 24458, 43952, 382, 23221, 279, 23883, 9561, 18009, 11, 264, 26508, 6420, 310, 12092, 279, 20201, 11, 22817, 6596, 10706, 16078, 781, 35097, 303, 836, 8765, 13, 25067, 11, 383, 279, 91497, 321, 91497, 248046]","The hostile aliens, who had previously scavenged every scrap of recyclable matter, have abandoned their surface dwellings to build vast, energy-efficient underground bunkers beneath the polar ice caps, a desperate measure to escape the toxic, oxygen-depleted atmosphere they breathe in their thousands. Meanwhile, on the polluted and polluted<|im_end|>",True,3797680640,7.981130217012833
117_coauthor_both_sides_kna_t12_rep2,417,11,both_sides,,12,2,64,40,2366,178145262,coauthor,117,2,coauthor:creative:7e3839abe7334df698bb48e0d5561ab4,0,90a05efd82912d8707f27a35e6fe2f673af2e797d5786b8fc33d3e4bd49cda6c,10a017a42296fa5eeadba7de60e9585a4694cc2d723069f34b25f86f5d24c516,success,,256.0,256.0,256.0,False,,model_loaded,13.31491719900805,0.40364815399516374,1.0980672069999855,1.5017153609951492,1.5017153609951492,2261,30457,506488,909013201,248320,"{""allowed_count"": 248067, ""expected_count"": 248067, ""missing_expected"": [], ""ok"": true, ""stop_token_ids"": [248046], ""unexpected_allowed"": []}",2.7926803510054015,xgrammar,0.6319221289886627,2.212259346008068,177,64,"[14750, 82307, 599, 3753, 264, 1865, 33195, 839, 303, 2478, 430, 599, 15909, 11098, 11, 15909, 4196, 11, 4831, 13, 1049, 369, 264, 50240, 54892, 1332, 6357, 513, 15327, 29385, 264, 3756, 11, 3521, 59803, 364, 836, 18989, 13, 561, 17517, 4290, 914, 1066, 883, 10391, 26, 424, 579, 264, 5365, 7559, 639, 8415, 314, 1454, 39063, 34359, 421, 682, 5324, 321, 5324, 248046]","Family counselors have seen a real uptick in business as have Disney Land, Disney World, etc. It is a chaotic spectacle where parents are essentially conducting a live, global audition for their legacy. The anxiety isn't just about competition; it's a deep-seated fear of obsolescence that has changed and changed<|im_end|>",True,3798505984,7.8662483529915335
118_coauthor_both_sides_kna_t13_rep2,418,12,both_sides,,13,2,64,43,2548,273277591,coauthor,118,2,coauthor:creative:3ad000b9400447d9bd7f7dc101975973,0,e3d79a813d8c5fb3051fbaa05212824d715a6a41c5c2225323902144a1d6d1c9,d92ad8a7e1a5619ae059b81d40c40b1af9bde87cacd82cb1f79bf3ca698b6343,success,,256.0,256.0,256.0,False,,model_loaded,13.76145083400479,0.4319878529931884,1.2604600580089027,1.6924479110020911,1.6924479110020911,2444,35320,588051,1108873415,248320,"{""allowed_count"": 248067, ""expected_count"": 248067, ""missing_expected"": [], ""ok"": true, ""stop_token_ids"": [248046], ""unexpected_allowed"": []}",2.7840013719978742,xgrammar,0.6402014139894163,2.240220550011145,279,64,"[760, 17822, 16966, 806, 1472, 279, 3594, 11, 264, 35916, 12503, 310, 279, 85556, 52011, 314, 279, 3889, 59601, 13, 561, 20513, 421, 7854, 557, 42371, 1056, 279, 18995, 579, 9084, 11, 9896, 1132, 539, 279, 1064, 314, 279, 916, 15987, 22447, 5323, 13, 271, 1860, 8964, 11, 279, 12355, 557, 13522, 13, 85716, 303, 3543, 9459, 15105, 290, 303, 4590, 321, 4590, 248046]","The transmission crackled through the air, a stark contrast to the frantic urgency of the original kidnapping. The silence that followed was heavier than the alien's presence, filled only by the static of the intergalactic channel.

On Earth, the reaction was immediate. Cameras in newsrooms zoomed in six and six<|im_end|>",True,3807556096,8.130367122997995
119_coauthor_both_sides_kna_t14_rep2,419,13,both_sides,,14,2,64,46,2730,1898952421,coauthor,119,2,coauthor:creative:626255ec39a349df84e75196a01c9e55,0,8ddb9885222dd3de5a6fade38dfdec9404a1eb1f2388cf98c27aa8060744b697,58530608498c9fe39045938b95dee7b32a9c99d31ab535176fd7a04fc0bd0cf0,success,,256.0,256.0,256.0,False,,model_loaded,14.082883976006997,0.4263048680004431,1.3949339290120406,1.8212387970124837,1.8212387970124837,2627,40543,675686,1335170071,248320,"{""allowed_count"": 248067, ""expected_count"": 248067, ""missing_expected"": [], ""ok"": true, ""stop_token_ids"": [248046], ""unexpected_allowed"": []}",2.6702238349971594,xgrammar,0.6439946619939292,2.2524720819928916,297,64,"[10397, 2224, 748, 15252, 488, 2224, 1532, 11, 567, 2908, 978, 8318, 364, 488, 8687, 36811, 279, 11952, 47177, 11, 836, 6213, 28056, 6267, 440, 264, 20340, 314, 3769, 321, 8384, 430, 279, 1865, 35336, 23562, 1083, 279, 65274, 88, 2046, 13, 271, 1, 14749, 513, 488, 7285, 279, 1865, 35336, 292, 40671, 11, 780, 78454, 77041, 13, 328, 40, 1459, 914, 11952, 248046]","""We're so glad you're here, we've been waiting for you!"" cried the robot pigs, their eyes gleaming with a mixture of hope and terror as the real wolf stepped into the decoy home.

""Who are you?"" the real wolf barked, his jaws snapping. ""I don't robot<|im_end|>",True,3808969728,8.136030167006538
120_coauthor_both_sides_kna_t15_rep2,420,14,both_sides,,15,2,64,49,2912,813730522,coauthor,120,2,coauthor:creative:0822cf8998be4c44962989a70f00eb9e,0,ef1e60bb5af2c390e43a9a24220ab8a954c81dc6a4bf7b9c165a1a730d1f702e,1aa56325fa8afb12070b0c2a11f8d71cd5471779356a5a2f9ffc0531e8c515a1,success,,256.0,256.0,256.0,False,,model_loaded,14.17640448299062,0.44353566601057537,1.5569071549980436,2.000442821008619,2.000442821008619,2810,46126,769393,1589475649,248320,"{""allowed_count"": 248067, ""expected_count"": 248067, ""missing_expected"": [], ""ok"": true, ""stop_token_ids"": [248046], ""unexpected_allowed"": []}",2.7837535930011654,xgrammar,0.6269944689993281,2.1883892709884094,347,64,"[760, 3980, 682, 3371, 8466, 1083, 264, 41981, 14810, 314, 19060, 13, 733, 279, 50240, 38284, 314, 279, 1118, 91991, 786, 11, 279, 2957, 1402, 2043, 290, 3611, 2902, 10751, 264, 16724, 11, 18995, 6437, 421, 4161, 1518, 424, 1362, 3397, 43510, 13, 561, 10642, 781, 40465, 369, 1381, 264, 9065, 11, 264, 20117, 34189, 314, 23064, 4499, 421, 43082, 1070, 321, 3397, 248046]","The war has devolved into a grim dance of survival. In the chaotic aftermath of the first skirmish, the once-bonded human family feels a sharp, alien pain that nothing before it could ever replicate. The magic they wield is now a prison, a golden cage of infinite potential that traps them and ever<|im_end|>",True,3813416448,8.408821642995463
121_coauthor_even_count_kna_t1_rep2,421,0,even_count,,1,2,64,4,308,141527139,coauthor,121,2,coauthor:creative:b42e5d2a56024abda27ec8f8f7424916,0,457fe0b3cdbc096c834c26ce0a29104f1c90abbe5653e8e0191b0ea7408e719c,8239387d4a5bbf2e6c325309d7ad6d8fa08e31965a418a8b2c6855610132525a,success,,256.0,256.0,256.0,False,,model_loaded,11.961951101999148,0.3267504070099676,0.056654019994311966,0.38340442700427957,0.38340442700427957,190,612,10219,3493850,248320,"{""allowed_count"": 248068, ""expected_count"": 248068, ""missing_expected"": [], ""ok"": true, ""stop_token_ids"": [248046], ""unexpected_allowed"": []}",2.8234305340010906,xgrammar,0.624518997996347,2.2356332920026034,200,64,"[760, 47077, 4062, 15288, 1056, 866, 11153, 12355, 1362, 599, 28148, 13, 1368, 279, 328, 45677, 2520, 778, 1, 998, 279, 5981, 21582, 974, 310, 5827, 279, 328, 12183, 366, 1091, 1288, 1179, 279, 30557, 2218, 21061, 701, 321, 279, 3672, 303, 678, 75467, 2218, 50054, 874, 4860, 279, 69342, 314, 279, 3725, 13, 1394, 998, 279, 84810, 13, 271, 760, 7936, 7936, 248046]","The realization hit harder than any chemical reaction could have anticipated. If the ""Lost Generations"" were the ones dying off to protect the ""immortals,"" then the survivors—yourself and the others in your commune—were no longer the guardians of the future. You were the bottleneck.

The produce produce<|im_end|>",True,3800833024,6.8092285669990815
122_coauthor_even_count_kna_t2_rep2,422,1,even_count,,2,2,64,8,493,1288346628,coauthor,122,2,coauthor:creative:ce969e3aa6374189abe638aa61b3ffc9,0,467a66e366a1b0c366a4a6baa8017e9d388ee68d58d365314a12c0c60530f5e9,a75ab9763da8fe22558c4e46667769d5eeea85d77024d8d01240e6735572570e,success,,256.0,256.0,256.0,False,,model_loaded,11.919432729991968,0.3318170660058968,0.11427354399347678,0.44609060999937356,0.44609060999937356,376,1590,25811,14590532,248320,"{""allowed_count"": 248068, ""expected_count"": 248068, ""missing_expected"": [], ""ok"": true, ""stop_token_ids"": [248046], ""unexpected_allowed"": []}",2.7560459849919425,xgrammar,0.6406238839990692,2.184832116996404,307,64,"[44, 651, 22643, 780, 34909, 11, 279, 12681, 33700, 286, 2272, 780, 6574, 430, 551, 14936, 1024, 4088, 8574, 279, 8026, 579, 47327, 21603, 13, 561, 3594, 82738, 36334, 391, 314, 73823, 321, 2235, 6265, 11, 264, 39029, 421, 3105, 914, 8900, 310, 279, 78828, 11, 13398, 1814, 314, 8964, 2631, 41913, 13, 1216, 995, 7157, 92325, 43471, 1204, 1786, 310, 11939, 11939, 248046]","Mork adjusted his collar, the fabric whispering against his skin as he watched her walk toward the ship's boarding ramp. The air smelled faintly of ozone and old books, a scent that didn't belong to the sterile, uniform world of Earthling academy. He had spent millennia observing how best to waste waste<|im_end|>",True,3809753600,6.781324734998634
123_coauthor_even_count_kna_t3_rep2,423,2,even_count,,3,2,64,11,678,123062978,coauthor,123,2,coauthor:creative:b36defcb6838467db4486349793492fc,0,934db4af3b28b9f73f238e8bf204d25550548a9c8862d9f815a05076db77ad51,ecd19cdb6320ec5d37aeb6c11b2d8981ac6851b75ebf255208efb9f0ab4d37d5,success,,256.0,256.0,256.0,False,,model_loaded,12.219025746991974,0.3283120160049293,0.17855769200832583,0.5068697080132551,0.5068697080132551,562,2934,47213,34916288,248320,"{""allowed_count"": 248068, ""expected_count"": 248068, ""missing_expected"": [], ""ok"": true, ""stop_token_ids"": [248046], ""unexpected_allowed"": []}",2.8072344020038145,xgrammar,0.6159637050004676,2.2193292199954158,102,64,"[760, 5333, 4816, 310, 381, 3133, 13, 8586, 1459, 914, 2659, 494, 3977, 13, 14205, 11, 264, 11012, 11, 40423, 20513, 11690, 310, 23950, 888, 279, 86088, 9432, 321, 279, 11012, 13959, 314, 279, 45346, 13, 561, 328, 45677, 2520, 778, 62804, 1719, 9977, 852, 998, 14390, 2528, 506, 220, 17, 21, 2218, 2388, 310, 87987, 494, 569, 2199, 13, 2302, 6639, 6639, 248046]","The drug seems to be working. People don't die from anything. Yet, a quiet, hollow silence begins to settle over the bustling cities and the quiet streets of the suburbs. The ""Lost Generations""—the citizens who were denied access at 26—start to vanish from public life. They lack lack<|im_end|>",True,3797062656,6.893549654007074
124_coauthor_even_count_kna_t4_rep2,424,3,even_count,,4,2,64,14,863,897213110,coauthor,124,2,coauthor:creative:fefad5c6b2ca4bd6a6728c1ea12a6232,0,467711d22815554210c168103f514484b691e8b99fd8dee254b96e7bcfe8d7ad,a07ec825ae607a6e1dd167111f07026d5c65c1f63363d650aefefbc2e3deb8ac,success,,256.0,256.0,256.0,False,,model_loaded,13.76743211899884,0.3503444700036198,0.2483892429881962,0.598733712991816,0.598733712991816,748,4644,75034,66096158,248320,"{""allowed_count"": 248068, ""expected_count"": 248068, ""missing_expected"": [], ""ok"": true, ""stop_token_ids"": [248046], ""unexpected_allowed"": []}",2.8173190060042543,xgrammar,0.6371575169905555,2.2519525660027284,445,64,"[760, 975, 34924, 11, 2957, 21478, 12987, 557, 15756, 264, 66360, 3611, 11, 513, 1381, 36288, 45359, 13, 733, 264, 9117, 314, 18922, 11, 45815, 19361, 440, 46877, 6105, 6213, 11, 12987, 12965, 680, 440, 780, 52941, 11, 9114, 88, 10771, 321, 780, 4752, 11, 16724, 2741, 1264, 1647, 13, 1216, 5686, 1040, 449, 60826, 11, 1040, 264, 58885, 494, 264, 4089, 4089, 248046]","The other aliens, once convinced Matt was merely a mundane human, are now utterly stunned. In a sea of identical, sleek creatures with glowing blue eyes, Matt stands out with his rugged, earthy appearance and his unique, sharp-hair style. He looks like an anomaly, like a relic from a treat treat<|im_end|>",True,3821628928,7.102637289994163
125_coauthor_even_count_kna_t5_rep2,425,4,even_count,,5,2,64,17,1048,1880268518,coauthor,125,2,coauthor:creative:eb9fd1c4b18b44679e21e09e4fc7fe0b,0,1d3c6ed79e23e7417ab9a00ab461ef85b1161008515de972cadbb1e2325a8c74,58cf0e223d3736b277276b85703732cee6bd4093380f00410f08a72b5199433a,success,,256.0,256.0,256.0,False,,model_loaded,13.816513196012238,0.3651209759991616,0.3249847640108783,0.6901057400100399,0.6901057400100399,934,6720,108663,109755182,248320,"{""allowed_count"": 248068, ""expected_count"": 248068, ""missing_expected"": [], ""ok"": true, ""stop_token_ids"": [248046], ""unexpected_allowed"": []}",2.9121282800042536,xgrammar,0.6500103709986433,2.241355939011555,411,64,"[760, 35336, 579, 21654, 2965, 806, 1040, 264, 21582, 4560, 430, 551, 23562, 1083, 279, 6121, 14362, 13, 561, 22952, 995, 978, 1017, 279, 4307, 854, 11, 88373, 685, 303, 264, 60533, 2234, 11, 1141, 6213, 6669, 321, 8720, 88, 11, 1345, 279, 35336, 75022, 1374, 78157, 3294, 279, 6220, 11, 47494, 888, 264, 28628, 314, 3487, 551, 4035, 8826, 13643, 14272, 14272, 248046]","The wolf's stomach growled like a dying engine as he stepped into the dark interior. The pig had been there the entire time, curled up in a fetal position, its eyes wide and glassy, while the wolf paced frantically above the floor, knocking over a jar of food he'd placed nearby somewhere somewhere<|im_end|>",True,3818962432,7.258203404999222
126_coauthor_even_count_kna_t6_rep2,426,5,even_count,,6,2,64,20,1233,1211816944,coauthor,126,2,coauthor:creative:fb763e77cfa94c7180537892300832e6,0,9fdc500d19a8c924bae3382161dab33ec260086a56e04e62dd99986e8eca1e51,692363461e684a33e1bc6150ff86e5d3b8102941d85b8f48004987338d47813e,success,,256.0,256.0,256.0,False,,model_loaded,12.822011992000625,0.36434166999242734,0.4089089170010993,0.7732505869935267,0.7732505869935267,1120,9162,148100,167518400,248320,"{""allowed_count"": 248068, ""expected_count"": 248068, ""missing_expected"": [], ""ok"": true, ""stop_token_ids"": [248046], ""unexpected_allowed"": []}",2.7387956809980096,xgrammar,0.6276700150046963,2.3587571250100154,407,64,"[9726, 3008, 6043, 513, 279, 1067, 314, 4687, 1288, 1292, 7807, 11, 1024, 7497, 88818, 9781, 8552, 1024, 1786, 8601, 310, 2313, 10872, 13, 328, 6651, 7386, 914, 22551, 71925, 13, 2302, 513, 279, 3240, 314, 10963, 13, 8919, 506, 678, 24024, 11, 26691, 13, 8919, 506, 279, 5981, 852, 3738, 424, 506, 4092, 220, 17, 23, 321, 2496, 5312, 279, 36971, 36971, 248046]","""The side effects are the result of policy,"" she finished, her voice trembling slightly despite her best efforts to project authority. ""They aren't biological anomalies. They are the price of freedom. Look at your timeline, Arthur. Look at the ones who took it at age 28 and never saw the lottery lottery<|im_end|>",True,3818648064,7.328180177995819
127_coauthor_even_count_kna_t7_rep2,427,6,even_count,,7,2,64,23,1418,1785317414,coauthor,127,2,coauthor:creative:c55eedaec6ea4aecb9d9cf1fb616a89d,0,7cca37cdea17b4a262a1726e1ed0868ba846c87b900a58817d06c47924b3524e,d58a34546b9e54a8b58543c453e78c2dc24c658b1e2893b41e08085afbe3dacb,success,,256.0,256.0,256.0,False,,model_loaded,12.974492495995946,0.35682265300420113,0.5000608330010436,0.8568834860052448,0.8568834860052448,1306,11970,193345,241010852,248320,"{""allowed_count"": 248068, ""expected_count"": 248068, ""missing_expected"": [], ""ok"": true, ""stop_token_ids"": [248046], ""unexpected_allowed"": []}",2.9796183800062863,xgrammar,0.6429377960012062,2.1872719610109925,291,64,"[760, 5075, 13635, 43398, 9035, 11, 321, 279, 20513, 421, 10695, 369, 10424, 11, 10548, 1132, 539, 279, 2696, 314, 279, 4560, 321, 279, 27163, 20569, 50856, 314, 264, 4330, 383, 279, 26103, 13, 3095, 279, 13635, 5326, 1724, 11, 279, 8981, 3594, 12611, 488, 11, 16724, 321, 92685, 36334, 391, 314, 3094, 1029, 25398, 13, 271, 90415, 303, 279, 3990, 314, 36334, 248046]","The van doors slam shut, and the silence that follows is absolute, broken only by the hum of the engine and the rhythmic tapping of a foot on the dashboard. When the doors finally open, the cold air hits you, sharp and smelling faintly of antiseptic.

Standing in the center of faint<|im_end|>",True,3808498688,7.425531984001282
128_coauthor_even_count_kna_t8_rep2,428,7,even_count,,8,2,64,26,1603,678086234,coauthor,128,2,coauthor:creative:7db807f901e64357a4ebcee6908e8755,0,3ec3852d22b7744b5ddebd4ac6fff18fd9de3f41f6852965176511a4e6fbb749,087a424893d38604e9663faa8a032ec0506b5296154317f82ce04037aae32370,success,,256.0,256.0,256.0,False,,model_loaded,14.329715016006958,0.4054481009952724,0.6000387969979784,1.0054868979932508,1.0054868979932508,1492,15144,244398,331857578,248320,"{""allowed_count"": 248068, ""expected_count"": 248068, ""missing_expected"": [], ""ok"": true, ""stop_token_ids"": [248046], ""unexpected_allowed"": []}",2.911979741998948,xgrammar,0.6579210300114937,2.225214792008046,346,64,"[85583, 9037, 82868, 11, 279, 20513, 40469, 264, 4299, 4860, 1056, 5689, 1518, 780, 7497, 20382, 449, 71419, 11, 12806, 1141, 13087, 40473, 3996, 1131, 13, 328, 40, 1044, 3629, 426, 13, 22911, 13, 353, 1044, 279, 855, 852, 5384, 279, 220, 16, 24, 21, 15, 6028, 13, 353, 1044, 279, 855, 852, 8209, 506, 279, 4092, 314, 220, 19, 18, 3299, 3299, 248046]","Kennedy pauses, the silence stretching a moment longer than necessary before his voice drops an octave, losing its usual crisp inflection. ""I am John F. Kennedy. I am the man who lost the 1960 election. I am the man who died at the age of 43 word word<|im_end|>",True,3813338624,7.68929518799996
129_coauthor_even_count_kna_t9_rep2,429,8,even_count,,9,2,64,29,1788,91060022,coauthor,129,2,coauthor:creative:53a1f867867b431e9336245503e7eec4,0,b855d8f052d1b544784c13920e976eed97f845c5227647304670e8192c9eaae9,aa961ce8e0d85c2fb1df5afe4cc77bffbc83f0812ff6848e5fa1fc6237a8146e,success,,256.0,256.0,256.0,False,,model_loaded,14.395593620996806,0.41232860399759375,0.7019413149973843,1.114269918994978,1.114269918994978,1678,18684,302907,441683618,248320,"{""allowed_count"": 248068, ""expected_count"": 248068, ""missing_expected"": [], ""ok"": true, ""stop_token_ids"": [248046], ""unexpected_allowed"": []}",2.904472769005224,xgrammar,0.6438644800073234,2.2444930509955157,359,64,"[760, 20117, 34774, 314, 279, 6797, 5820, 310, 14580, 11, 40593, 279, 809, 314, 279, 12967, 13, 1577, 488, 6316, 678, 6326, 1142, 310, 678, 2956, 11, 488, 6273, 264, 26281, 5357, 314, 8649, 23950, 888, 488, 13, 561, 13280, 7497, 303, 678, 2351, 995, 524, 1132, 27050, 264, 39888, 3377, 694, 995, 1048, 10144, 264, 1814, 2944, 777, 6150, 321, 5902, 5902, 248046]","The golden glow of the sun began to fade, signaling the end of the afternoon. As you turned your attention back to your room, you felt a profound sense of peace settle over you. The tiny voice in your ear had not only solved a terrifying problem but had also revealed a world far more complex and safe safe<|im_end|>",True,3814356992,7.833003569001448
130_coauthor_even_count_kna_t10_rep2,430,9,even_count,,10,2,64,32,1973,1182377206,coauthor,130,2,coauthor:creative:ca8ad78852e7427598cb82fa420483b4,0,979338897ba21d285f0954d1aa828bfe2a6924794df119607d516e73f0b3f28b,ee163e793af5556a1393ad05e2a38d4ab69b22902898abe72eed21d705afaa87,success,,256.0,256.0,256.0,False,,model_loaded,14.211623380993842,0.4245693150005536,0.8167105829925276,1.2412798979930812,1.2412798979930812,1864,22590,367590,572114012,248320,"{""allowed_count"": 248068, ""expected_count"": 248068, ""missing_expected"": [], ""ok"": true, ""stop_token_ids"": [248046], ""unexpected_allowed"": []}",2.925084477989003,xgrammar,0.65096800099127,2.2301772799983155,160,64,"[2523, 2923, 1083, 279, 4941, 391, 12647, 32776, 6135, 11, 279, 3594, 11702, 440, 279, 21388, 314, 48659, 25588, 321, 11533, 89552, 13, 561, 2956, 369, 18788, 11, 264, 9117, 314, 7960, 13430, 321, 45970, 6985, 852, 4267, 411, 369, 279, 809, 314, 279, 1814, 13, 7366, 22984, 11, 264, 855, 852, 995, 1066, 7190, 80426, 321, 369, 4862, 1602, 15234, 6486, 6486, 248046]","You step into the dimly lit jazz club, the air thick with the smell of stale tobacco and cheap bourbon. The room is packed, a sea of flashlights and shouting fans who believe this is the end of the world. Jack Ruby, a man who had just killed JFK and is currently being executed gives gives<|im_end|>",True,3797778944,7.952477252998506
131_coauthor_even_count_kna_t11_rep2,431,10,even_count,,11,2,64,35,2158,603178832,coauthor,131,2,coauthor:creative:6a0e4a84b6624948b9373a84488399cd,0,b8a70c2b25f490d0da939e997844c69b2a37375c3c31095a94126f7921a548b4,d3d976a2bee9a4445825af0c4ae03f043320554a0190844a060ff062eca75c84,success,,256.0,256.0,256.0,False,,model_loaded,13.912805671003298,0.43113892900873907,0.9484168600029079,1.379555789011647,1.379555789011647,2050,26862,438448,724773800,248320,"{""allowed_count"": 248068, ""expected_count"": 248068, ""missing_expected"": [], ""ok"": true, ""stop_token_ids"": [248046], ""unexpected_allowed"": []}",2.965196471006493,xgrammar,0.6460868259891868,2.2149172339995857,145,64,"[760, 542, 75265, 36452, 11, 836, 6213, 6669, 321, 88818, 11, 8341, 836, 7497, 264, 3238, 33700, 13, 328, 40, 2688, 1066, 1532, 310, 381, 678, 4099, 11, 85220, 1288, 781, 352, 64348, 290, 11, 836, 5888, 36490, 9781, 430, 781, 8379, 680, 310, 2915, 264, 72560, 11, 7948, 1375, 13, 328, 40, 1459, 914, 599, 264, 803, 3482, 11, 694, 7169, 7169, 248046]","The shapeshifter, their eyes wide and trembling, kept their voice a low whisper. ""I'm just here to be your friend, Ellie,"" they stammered, their hands shaking slightly as they reached out to offer a tentative, warm hand. ""I don't have a name yet, but talking talking<|im_end|>",True,3797594624,8.117727810007636
132_coauthor_even_count_kna_t12_rep2,432,11,even_count,,12,2,64,38,2343,1404039680,coauthor,132,2,coauthor:creative:77cae115ed8349dbad550de12e5858c1,0,ef4cb3d406569f28169e6663ac3ad048e8d3bf704e31b6d5971ac00237f00690,e6cce128203e56acb7ec8549f961fab0d3c260f7c75cde802c0aed8c4811fec1,success,,256.0,256.0,256.0,False,,model_loaded,13.539963058006833,0.41194026499579195,1.0910527969972463,1.5029930619930383,1.5029930619930383,2236,31500,515480,901288022,248320,"{""allowed_count"": 248068, ""expected_count"": 248068, ""missing_expected"": [], ""ok"": true, ""stop_token_ids"": [248046], ""unexpected_allowed"": []}",2.86798591799743,xgrammar,0.6379176009941148,2.2872248839994427,308,64,"[39304, 627, 11, 4611, 11, 369, 264, 3616, 440, 264, 6121, 3162, 11, 321, 1292, 321, 1987, 68, 69691, 3512, 1546, 3160, 4627, 13, 17187, 1024, 22485, 11, 13388, 627, 39277, 310, 1042, 279, 28911, 314, 1024, 1765, 3712, 23304, 1024, 26, 4370, 11, 1292, 11407, 424, 1083, 10141, 264, 39976, 27109, 364, 3096, 579, 3087, 321, 264, 11886, 60066, 314, 2545, 2545, 248046]","Lucie, however, is a girl with a dark past, and she and Soeurette become very close friends. Despite her fears, Lucie refuses to let the trauma of her own history consume her; instead, she channels it into becoming a fierce advocate for women's rights and a dedicated protector of little little<|im_end|>",True,3809831424,8.088521736004623
133_coauthor_even_count_kna_t13_rep2,433,12,even_count,,13,2,64,41,2528,668074030,coauthor,133,2,coauthor:creative:4619d21ac3ee4b6f961fb782ae6c7937,0,02a796f83c721c5e2775338e990641bab2ea86ef46a64018261a711a10262da6,215bf5f84a74b0674b2e9e4fe15d30f6f7c4c5b8cf28b17d92c2eb0a99d42c51,success,,256.0,256.0,256.0,False,,model_loaded,13.860680555008003,0.41203125299944077,1.2177059670066228,1.6297372200060636,1.6297372200060636,2422,36504,598686,1103281718,248320,"{""allowed_count"": 248068, ""expected_count"": 248068, ""missing_expected"": [], ""ok"": true, ""stop_token_ids"": [248046], ""unexpected_allowed"": []}",2.926006002991926,xgrammar,0.6405354120070115,2.234499149999465,233,64,"[760, 47831, 1720, 995, 279, 8421, 314, 586, 2597, 7190, 364, 4847, 1680, 264, 2716, 854, 13, 733, 279, 3980, 1578, 11, 836, 45316, 11, 56398, 539, 264, 34371, 21110, 303, 836, 1765, 50240, 29147, 11, 46507, 806, 279, 9432, 314, 279, 4570, 592, 450, 303, 264, 4766, 314, 5381, 13, 3437, 5820, 430, 264, 26508, 5373, 12, 19941, 2272, 279, 3611, 3611, 248046]","The Tyrants had the majority of us got killed for quite such a short time. In the war years, their armies, fueled by a renewed surge in their own chaotic mana, dismantled the cities of the lower strata in a matter of weeks. What began as a desperate counter-attack against the human human<|im_end|>",True,3803423744,8.183391543003381
134_coauthor_even_count_kna_t14_rep2,434,13,even_count,,14,2,64,44,2713,1800334722,coauthor,134,2,coauthor:creative:d9905c44ab9a4489a89581f052f34624,0,307df8838cd6c340549e9a18285f57856ff3e623bedd3cfedba690d012b527d9,7a13610efb199f888c7bd766efb479b4a84d0a2f1657e762d08aebbadea315b3,success,,256.0,256.0,256.0,False,,model_loaded,14.309825239994098,0.4339007329981541,1.4022444690053817,1.8361452020035358,1.8361452020035358,2608,41874,688066,1332379928,248320,"{""allowed_count"": 248068, ""expected_count"": 248068, ""missing_expected"": [], ""ok"": true, ""stop_token_ids"": [248046], ""unexpected_allowed"": []}",2.7767995670001255,xgrammar,0.6345973040006356,2.2106654539966257,777,64,"[760, 58791, 58145, 303, 264, 50240, 71332, 11, 45179, 5830, 279, 3594, 440, 279, 4950, 314, 8765, 314, 25368, 25315, 303, 632, 3226, 13, 561, 36192, 6016, 11, 780, 28280, 50601, 1381, 1274, 1549, 440, 17960, 18016, 321, 6414, 11, 897, 1549, 303, 60933, 11, 780, 28280, 5395, 49987, 430, 551, 16970, 506, 279, 50240, 2973, 13, 271, 3850, 488, 998, 491, 491, 248046]","The swarm erupted in a chaotic frenzy, deafening the air with the sound of thousands of wings beating in unison. The Bee King, his royal mane now flared with angry orange and gold, roared in fury, his royal staff cracking as he struck at the chaotic mass.

But you were new new<|im_end|>",True,3850827776,8.243749092012877
135_coauthor_even_count_kna_t15_rep2,435,14,even_count,,15,2,64,47,2898,57330109,coauthor,135,2,coauthor:creative:ad3a61d515cf456cbaa424c7b4ac0f13,0,e8bc46bf7d373148053163b31127102558b9e3d07d7668a2230e0e955a7ca5d3,1ff1f6600d74e9ebaeb15cacf0e86143c672126ab12d56e8b306099a5440069e,success,,256.0,256.0,256.0,False,,model_loaded,14.210051271991688,0.4489753230009228,1.5709711020026589,2.0199464250035817,2.0199464250035817,2794,47610,783620,1590207692,248320,"{""allowed_count"": 248068, ""expected_count"": 248068, ""missing_expected"": [], ""ok"": true, ""stop_token_ids"": [248046], ""unexpected_allowed"": []}",2.707687846996123,xgrammar,0.6395835419971263,2.2033599319984205,320,64,"[760, 47077, 12611, 12987, 440, 279, 5176, 314, 264, 6745, 11894, 11, 542, 29347, 279, 39472, 1987, 68, 69691, 995, 19729, 13, 1216, 91142, 506, 279, 8505, 26681, 303, 279, 17312, 11, 780, 3838, 20658, 1472, 1396, 12665, 11, 1396, 9940, 1292, 1362, 599, 3125, 1384, 13, 2091, 551, 279, 6764, 30, 14149, 1292, 1066, 3184, 279, 7793, 30, 2441, 557, 19823, 19823, 248046]","The realization hits Matt with the force of a physical blow, shattering the illusion Soeurette had constructed. He stares at the baby bump in the mirror, his mind racing through every possibility, every lie she could have told him. Is he the father? Did she just tell the truth? Or was lying lying<|im_end|>",True,3810770432,8.397610719999648
136_coauthor_even_count_kna_t16_rep2,436,15,even_count,,16,2,64,50,3083,1901647826,coauthor,136,2,coauthor:creative:c6f8250e587f4288a48a616b2f1c1c6d,0,cadc18aaa83b8a7d9332285dd53683277d50ce50bb79a0020fd01475d11219cb,7f22d4165f41927b4ed2c05284ad89bf631f6552b33c459c500a773e5e396c54,success,,256.0,256.0,256.0,False,,model_loaded,14.345599438995123,0.4661415449954802,1.7591863560082857,2.225327901003766,2.225327901003766,2980,53712,885348,1878390050,248320,"{""allowed_count"": 248068, ""expected_count"": 248068, ""missing_expected"": [], ""ok"": true, ""stop_token_ids"": [248046], ""unexpected_allowed"": []}",2.6893591270054458,xgrammar,0.6299764809955377,2.279327310010558,101,64,"[4888, 1375, 29557, 3032, 3804, 310, 821, 26696, 11, 264, 31581, 353, 995, 2496, 3750, 1518, 13, 561, 7497, 5532, 914, 3611, 11, 3482, 424, 11354, 279, 4528, 314, 10424, 10872, 11, 430, 413, 353, 998, 279, 6016, 314, 279, 65873, 321, 411, 10268, 31540, 557, 264, 491, 15780, 4313, 310, 91805, 79, 821, 42176, 13, 271, 6825, 1044, 279, 6016, 1532, 1532, 248046]","My hand instinctively went to my throat, a reflex I had never known before. The voice wasn't human, yet it carried the weight of absolute authority, as if I were the King of the Hive and this intruder was a new Queen trying to usurp my throne.

""I am the King here here<|im_end|>",True,3797050368,8.6077216220001
137_coauthor_odd_count_kna_t1_rep2,437,0,odd_count,,1,2,64,3,250,1402988040,coauthor,137,2,coauthor:creative:95b14d2fcf8b4eb5a0be3354a80e6f32,0,853a902ed0b341c74c9950d8ca5317fe3c5aa82dd8df20305de31aeb4a001b84,186b4efda169ebfe03c4f7553d3950f7a8ae2dd8d77463e3e7d02df66c050634,success,,256.0,256.0,256.0,False,,model_loaded,12.33417861199996,0.3318109550018562,0.039175315003376454,0.37098627000523265,0.37098627000523265,130,435,7043,1648542,248320,"{""allowed_count"": 248068, ""expected_count"": 248068, ""missing_expected"": [], ""ok"": true, ""stop_token_ids"": [248046], ""unexpected_allowed"": []}",2.966920502993162,xgrammar,0.628494299002341,2.2280198770022253,281,64,"[1596, 8070, 279, 1727, 2342, 2756, 19353, 2272, 279, 57040, 11573, 314, 279, 4658, 442, 13, 561, 45502, 513, 57040, 11, 836, 19451, 10548, 539, 10476, 314, 11153, 70118, 11, 3482, 836, 37909, 369, 16453, 18913, 13, 353, 599, 310, 16208, 11, 353, 2688, 524, 279, 28928, 303, 411, 1809, 13, 2332, 821, 4092, 11, 821, 46975, 2579, 8545, 11, 321, 821, 3591, 248046]","We spend the next few days struggling against the relentless advance of the horde. The zombies are relentless, their minds broken by decades of chemical alteration, yet their aggression is unnerving. I have to admit, I'm not the strongest in this group. At my age, my limbs feel heavy, and my claim<|im_end|>",True,3807714816,6.995503194993944
138_coauthor_odd_count_kna_t2_rep2,438,1,odd_count,,2,2,64,6,375,665737771,coauthor,138,2,coauthor:creative:a0cc548fb40a4e22b1963674fb4b1f83,0,e9d559e035793508c57b757827c9e2410c2a2d950ef836b189b6d28978125a65,905e8c84d45e47649239adb5b2a18648e01b246c73ca958539902bea6e3d3c11,success,,256.0,256.0,256.0,False,,model_loaded,12.309965834007016,0.3259225640067598,0.07921536300273146,0.40513792700949125,0.40513792700949125,256,1118,17703,6772309,248320,"{""allowed_count"": 248068, ""expected_count"": 248068, ""missing_expected"": [], ""ok"": true, ""stop_token_ids"": [248046], ""unexpected_allowed"": []}",2.9243381770065753,xgrammar,0.6427666780073196,2.1819003949931357,508,64,"[20946, 1436, 1288, 279, 8057, 8308, 11, 780, 7497, 18717, 321, 23271, 8552, 279, 22770, 303, 279, 2956, 11, 328, 868, 599, 264, 3136, 314, 6429, 13, 561, 4860, 567, 4565, 1532, 11, 279, 777, 836, 43999, 668, 10202, 11, 321, 279, 15288, 424, 668, 381, 310, 20002, 537, 279, 5716, 2957, 567, 2908, 22235, 279, 2255, 1149, 271, 38496, 69794, 33808, 23439, 248046]","""You see,"" the agent continued, his voice calm and steady despite the tension in the room, ""we have a window of opportunity. The longer we stay here, the more their defenses will adapt, and the harder it will be to neutralize the threat once we've cleared the base.""

Matt Damon nodded explosion<|im_end|>",True,3827096064,6.913619354003458
139_coauthor_odd_count_kna_t3_rep2,439,2,odd_count,,3,2,64,8,500,1506896617,coauthor,139,2,coauthor:creative:9c397f7fd7a04f829c055d2f7f5ee160,0,3484dd302875816ae567f212be8b359c0c403b3e11f3ccccd222d4a5763c16ad,a3dbd0e793f2d5c099ff189c7303d194f4b2c512525d824e15b67427ec315d1f,success,,256.0,256.0,256.0,False,,model_loaded,12.318832724995445,0.3346163350070128,0.11988089900114574,0.45449723400815856,0.45449723400815856,382,2049,32049,16116503,248320,"{""allowed_count"": 248068, ""expected_count"": 248068, ""missing_expected"": [], ""ok"": true, ""stop_token_ids"": [248046], ""unexpected_allowed"": []}",2.921028697004658,xgrammar,0.6520267890009563,2.2287947939912556,422,64,"[2665, 799, 28790, 3977, 2980, 424, 369, 2166, 3200, 13, 561, 12515, 3294, 836, 84175, 11690, 310, 91418, 440, 279, 82543, 2696, 314, 20459, 11, 524, 494, 264, 27786, 5716, 11, 694, 494, 2785, 836, 1765, 20169, 13, 1049, 5532, 914, 279, 13176, 5849, 421, 25768, 279, 1814, 26, 424, 557, 279, 1560, 781, 7481, 13, 16643, 279, 1144, 310, 3311, 836, 52085, 248046]","No one suspects anything until it is too late. The sky above their airspace begins to darken with the ominous hum of engines, not from a distant threat, but from within their own ranks. It wasn't the rail gun that shocked the world; it was the way they moved. Without the need to cover their rogue<|im_end|>",True,3819825152,6.99971540599654
140_coauthor_odd_count_kna_t4_rep2,440,3,odd_count,,4,2,64,10,625,1459845233,coauthor,140,2,coauthor:creative:ae3a87fc6c5e4c18897f71b93d670529,0,787eb7700ba43b5438d4202d52db834e5dcef2003135cd2a6d46975fa05b832e,5babb686855600dc48057dcaa54af8bc07b2afd3cf0de5f365f6589cedf65b50,success,,256.0,256.0,256.0,False,,model_loaded,12.37831378300325,0.33871156399254687,0.16555576400423888,0.5042673279967858,0.5042673279967858,508,3228,50081,30425124,248320,"{""allowed_count"": 248068, ""expected_count"": 248068, ""missing_expected"": [], ""ok"": true, ""stop_token_ids"": [248046], ""unexpected_allowed"": []}",2.803648522007279,xgrammar,0.6247694749908987,2.2239573409897275,241,64,"[7691, 6661, 6681, 1092, 424, 8526, 25, 279, 22952, 995, 34301, 685, 279, 4307, 6092, 314, 414, 85110, 4170, 13, 561, 15728, 22235, 11, 321, 948, 279, 220, 24, 18, 6295, 2545, 22952, 11, 852, 557, 1990, 264, 13280, 11, 60422, 22952, 1112, 11, 37444, 685, 310, 1423, 780, 6351, 579, 2407, 9469, 303, 23083, 321, 279, 12515, 6316, 264, 26609, 314, 2316, 248046]","She knew exactly what it meant: the pig had blown up the entire town of Dinosaur City. The smoke cleared, and when the 93rd little pig, who was still a tiny, helpless piglet, woke up to find his mother's body covered in ash and the sky turned a shade of success<|im_end|>",True,3804051968,6.898447027007933
141_coauthor_odd_count_kna_t5_rep2,441,4,odd_count,,5,2,64,12,750,193159375,coauthor,141,2,coauthor:creative:7e7ec06df61a456c8574f64dd26389a5,0,7dcdab1e7c37056deafff0ffa36914078e246baa61f62da81d54dd905f095f33,01a178c1a6b657d8d95f4529c03e58ee2d27f3491a616cd3ca1ec3c152ab82b7,success,,256.0,256.0,256.0,False,,model_loaded,12.3043085209938,0.34551429300336167,0.21555508900200948,0.5610693820053712,0.5610693820053712,634,4655,72792,50442172,248320,"{""allowed_count"": 248068, ""expected_count"": 248068, ""missing_expected"": [], ""ok"": true, ""stop_token_ids"": [248046], ""unexpected_allowed"": []}",2.710368678002851,xgrammar,0.7369398519949755,2.225698459005798,285,64,"[760, 18995, 579, 7497, 52297, 974, 279, 13876, 314, 279, 6092, 13592, 11, 46520, 2107, 39888, 321, 70946, 62191, 13, 328, 760, 17225, 557, 524, 303, 279, 3299, 4924, 11, 821, 2748, 1288, 551, 10921, 11, 78479, 780, 7497, 1472, 264, 18177, 1294, 588, 5467, 1496, 3294, 279, 32878, 37919, 13, 328, 760, 17225, 557, 303, 279, 2972, 12793, 332, 567, 6348, 15448, 248046]","The alien's voice echoed off the walls of the town hall, sounding both terrifying and oddly soothing. ""The lesson was not in the word itself, my children,"" he explained, projecting his voice through a megaphone held high above the assembled fathers. ""The lesson was in the **power** we gave consequences<|im_end|>",True,3808027136,6.995594259991776
142_coauthor_odd_count_kna_t6_rep2,442,5,odd_count,,6,2,64,14,875,556078463,coauthor,142,2,coauthor:creative:87b45d27c2424504a98f49a29509480f,0,9e5a506ce44d83493851e8b9236c5b6982b367139eb55ad0fd081bc432e2ebf5,b56d5fe4861b2bce47a5ffcd89ae1fc6bfa56eb61f0bb006b8f61d48a290ac52,success,,256.0,256.0,256.0,False,,model_loaded,12.345199570001569,0.35490022899466567,0.267019660997903,0.6219198899925686,0.6219198899925686,760,6330,99437,76911647,248320,"{""allowed_count"": 248068, ""expected_count"": 248068, ""missing_expected"": [], ""ok"": true, ""stop_token_ids"": [248046], ""unexpected_allowed"": []}",2.654909837001469,xgrammar,0.6833000869955868,2.264232991001336,122,64,"[2056, 3199, 11, 488, 513, 524, 11164, 5774, 539, 279, 5333, 579, 3008, 6043, 11, 2394, 488, 998, 2166, 2235, 310, 5091, 279, 5333, 506, 279, 4092, 314, 220, 17, 23, 1599, 1578, 3998, 13, 271, 7525, 19060, 11, 4611, 11, 682, 2047, 264, 26281, 22463, 21599, 13, 561, 1814, 488, 6661, 2218, 21061, 4627, 11, 678, 6715, 11, 279, 3050, 35091, 15218, 248046]","Of course, you are not affected directly by the drug's side effects, since you were too old to receive the drug at the age of 28 many years ago.

Your survival, however, has left a profound psychological scar. The world you knew—your friends, your career, the specific rhythm falling<|im_end|>",True,3797308416,6.994076678005513
143_coauthor_odd_count_kna_t7_rep2,443,6,odd_count,,7,2,64,16,1000,779302175,coauthor,143,2,coauthor:creative:e04ccf1a440045bd92bf1ac66489b158,0,961faf2702d57ba6d8e72867a49e50f0b3741a2723540d664d9f963885af10f1,17becd67844fa462c714bfea31dd57c5ecc6ba35319256a1dd279b44e8d8215f,success,,256.0,256.0,256.0,False,,model_loaded,12.676482294002199,0.33784693299094215,0.32350215400219895,0.6613490869931411,0.6613490869931411,886,8253,130016,110577549,248320,"{""allowed_count"": 248068, ""expected_count"": 248068, ""missing_expected"": [], ""ok"": true, ""stop_token_ids"": [248046], ""unexpected_allowed"": []}",2.707997200996033,xgrammar,0.6036037940066308,2.4040082630090183,298,64,"[760, 40720, 8597, 5964, 1472, 279, 2956, 11, 694, 424, 3105, 914, 4847, 5372, 279, 21959, 314, 279, 975, 414, 7421, 11, 852, 6273, 264, 14457, 6311, 314, 59295, 321, 4593, 8689, 13, 2302, 14607, 421, 1345, 836, 37338, 321, 4627, 995, 10471, 1083, 279, 20983, 11, 279, 1865, 6437, 314, 279, 6331, 14195, 7920, 4661, 264, 6000, 314, 32792, 13, 271, 14466, 248046]","The laughter spread quickly through the room, but it didn't quite reach the hearts of the other Dads, who felt a strange mix of amusement and heartbreak. They realized that while their wives and friends had bought into the joke, the real pain of the situation remained hidden behind a layer of denial.

 talked<|im_end|>",True,3809047552,7.180168873994262
144_coauthor_odd_count_kna_t8_rep2,444,7,odd_count,,8,2,64,18,1125,409476882,coauthor,144,2,coauthor:creative:7edc4eee07cd44db9a01e28f1ef20064,0,4d66e7a2a2cad550b126c6ca2aa1dab43dfc278babe1a5965185198402f63375,8430c28813398fe0fcc5f109fcfc63efcc91d78a9476ec1124b88a38824ba032,success,,256.0,256.0,256.0,False,,model_loaded,13.718065152002964,0.35874609398888424,0.3855143139953725,0.7442604079842567,0.7442604079842567,1012,10424,164529,152183878,248320,"{""allowed_count"": 248068, ""expected_count"": 248068, ""missing_expected"": [], ""ok"": true, ""stop_token_ids"": [248046], ""unexpected_allowed"": []}",2.7093570029974217,xgrammar,0.6378532369999448,2.2602123860124266,244,64,"[2523, 513, 660, 91436, 1820, 778, 314, 279, 1788, 1637, 11, 3482, 513, 2086, 13, 4188, 314, 488, 513, 13176, 14979, 11, 3672, 47565, 321, 11702, 440, 279, 24165, 314, 264, 18458, 314, 6624, 11, 3482, 781, 513, 660, 5648, 441, 2752, 488, 13, 4188, 314, 488, 513, 24560, 1139, 355, 4258, 303, 38620, 321, 6414, 11, 1345, 3672, 513, 542, 81044, 3769, 248046]","You are all reincarnations of the same person, yet are different. Some of you are rail thin, others obese and thick with the flesh of a lifetime of comfort, yet they are all recognizably you. Some of you are dressed opulently in silk and gold, while others are shivering hope<|im_end|>",True,3804285440,7.102725709002698
145_coauthor_odd_count_kna_t9_rep2,445,8,odd_count,,9,2,64,20,1250,1677919498,coauthor,145,2,coauthor:creative:cfea3807443b4149a2c68fb1ee0341f5,0,381e867a58930c575f268ac31c7f0909a5496c32a77aea5860f5f5a02acfc9bd,ce7f59178d298866f0ffb5ca31d29bcc2242b8f6cda61343ad4c1bb4449e42c5,success,,256.0,256.0,256.0,False,,model_loaded,13.49602956000308,0.37278816899925005,0.4533137060061563,0.8261018750054063,0.8261018750054063,1138,12843,204093,202474634,248320,"{""allowed_count"": 248068, ""expected_count"": 248068, ""missing_expected"": [], ""ok"": true, ""stop_token_ids"": [248046], ""unexpected_allowed"": []}",3.024978697998449,xgrammar,0.6470336649945239,2.210863917993265,187,64,"[760, 4383, 11690, 440, 279, 8153, 11, 27163, 20569, 4950, 314, 264, 8505, 579, 15268, 11, 13964, 1472, 279, 3238, 2696, 314, 279, 32090, 430, 279, 10335, 6605, 1630, 303, 632, 3226, 13, 561, 2330, 4034, 41567, 942, 279, 6121, 2956, 440, 264, 7948, 11, 20117, 34774, 11, 321, 14413, 11, 279, 13280, 6851, 314, 264, 3616, 22294, 685, 303, 1024, 76305, 9467, 248046]","The film begins with the soft, rhythmic sound of a baby's cry, cutting through the low hum of the cinema as the audience gasps in unison. The big screen illuminates the dark room with a warm, golden glow, and suddenly, the tiny figure of a girl sits up in her crib stars<|im_end|>",True,3799288320,7.473626019011135
146_coauthor_odd_count_kna_t10_rep2,446,9,odd_count,,10,2,64,22,1375,1764460069,coauthor,146,2,coauthor:creative:18d61fce4bcc4ccf9bd49c621b0ec1c0,0,2f32cdaeedff9ea870a3860f608fe350b4f6021698b974b898c59fec548d5b77,705af010050f813534d66c4e39e0681c46fc4df51ed947b688bc108d1819fb47,success,,256.0,256.0,256.0,False,,model_loaded,13.455168188011157,0.36900144700484816,0.5222534630011069,0.891254910005955,0.891254910005955,1264,15510,247839,262193817,248320,"{""allowed_count"": 248068, ""expected_count"": 248068, ""missing_expected"": [], ""ok"": true, ""stop_token_ids"": [248046], ""unexpected_allowed"": []}",3.034907666995423,xgrammar,0.635157747004996,2.2057150890032062,324,64,"[760, 3594, 4732, 557, 6792, 321, 82738, 36334, 391, 314, 38936, 9114, 11, 264, 35916, 12503, 310, 279, 78828, 20513, 314, 780, 2046, 13, 561, 1142, 5817, 10174, 49698, 1172, 1141, 1765, 4528, 11, 279, 77084, 6866, 1560, 440, 264, 13988, 348, 337, 86, 463, 9, 421, 52297, 1472, 279, 11012, 3626, 13, 6884, 3105, 914, 37286, 13, 1216, 8660, 279, 5817, 10281, 248046]","The air outside was cool and smelled faintly of damp earth, a stark contrast to the sterile silence of his home. The back door groaned under its own weight, the hinges giving way with a wet *thwack* that echoed through the quiet house. Obama didn't hesitate. He opened the door faster<|im_end|>",True,3811612672,7.535513852999429
147_coauthor_odd_count_kna_t11_rep2,447,10,odd_count,,11,2,64,24,1500,1218765672,coauthor,147,2,coauthor:creative:cfb8bffe98a044868cec22afd04c1bba,0,ad3d6a7b8611a89049efc6a1d0c5cb0ee19e245c9ddc5ed77045bcfee4990211,562e050bef02039b08a3f212072d65dd697e23cc49f693931f7431693f4e41c3,success,,256.0,256.0,256.0,False,,model_loaded,13.236212422998506,0.3458167839999078,0.6020413039950654,0.9478580879949732,0.9478580879949732,1390,18425,295767,332085427,248320,"{""allowed_count"": 248068, ""expected_count"": 248068, ""missing_expected"": [], ""ok"": true, ""stop_token_ids"": [248046], ""unexpected_allowed"": []}",2.8478336799889803,xgrammar,0.6266560359945288,2.2721639959927415,180,64,"[760, 13071, 14009, 1066, 430, 5964, 430, 424, 995, 3727, 11, 9101, 1024, 36490, 303, 1024, 10407, 506, 2046, 11, 694, 279, 8008, 314, 1602, 14936, 38202, 290, 303, 279, 22730, 314, 1024, 3838, 13, 2838, 42578, 506, 1024, 4392, 11, 23297, 66286, 888, 279, 4034, 11, 21478, 421, 413, 1292, 1066, 19013, 20413, 11, 551, 1000, 2496, 5106, 1024, 13, 14205, 2756, 248046]","The storm broke just as quickly as it had started, leaving her shaking in her seat at home, but the feeling of being watched lingered in the corners of her mind. She stared at her phone, thumb hovering over the screen, convinced that if she just stayed silent, he would never leave her. Yet days<|im_end|>",True,3798739456,7.450366628996562
148_coauthor_odd_count_kna_t12_rep2,448,11,odd_count,,12,2,64,26,1625,1239080464,coauthor,148,2,coauthor:creative:c28981a2c8af4ccdb127d3a74ca363ac,0,74e8c82b94998c2ce003c289042f217478d8152e5c005ec0b780b5abd5ad4d38,07b689f1289145424ddf52399fc257073c9a37f34ae36f3bf90c167f1a2befeb,success,,256.0,256.0,256.0,False,,model_loaded,14.367574174000765,0.40261691399791744,0.6780644649988972,1.0806813789968146,1.0806813789968146,1516,21588,347877,412893464,248320,"{""allowed_count"": 248068, ""expected_count"": 248068, ""missing_expected"": [], ""ok"": true, ""stop_token_ids"": [248046], ""unexpected_allowed"": []}",2.8601531909953337,xgrammar,0.6487164059944917,2.2597986119944835,120,64,"[760, 21297, 557, 10424, 13, 733, 264, 4766, 314, 6283, 11, 279, 21079, 11791, 314, 279, 3521, 8330, 6823, 57054, 639, 13, 357, 855, 852, 995, 43319, 11324, 11, 88064, 40, 1044, 279, 653, 16, 31448, 303, 821, 12174, 1288, 9, 1381, 42578, 506, 780, 49755, 11, 864, 14413, 37404, 279, 41981, 48867, 25, 88064, 2523, 2224, 653, 16, 31448, 13, 1921, 488, 248046]","The panic was absolute. In a matter of seconds, the collective confidence of the global male population evaporated. A man who had proudly claimed, *""I am the #1 Dad in my neighborhood,""* now stared at his mug, which suddenly bore the grim inscription: *""You're #1 Dad. But you<|im_end|>",True,3797283840,7.612803962008911
149_coauthor_odd_count_kna_t13_rep2,449,12,odd_count,,13,2,64,28,1750,1476210158,coauthor,149,2,coauthor:creative:f4aa98d6f88649e786c95c9c77960a26,0,577367bd9d759e4126dfaf087b3dd17bf2760b122813fcece07d8f05d5689827,27bdbe5c2c79bdb796922df7cbbab7631f464dc2ac0e934d06f55d4db3f9ced4,success,,256.0,256.0,256.0,False,,model_loaded,14.068634082010249,0.4074468420003541,0.7626684669958195,1.1701153089961736,1.1701153089961736,1642,24999,404169,505361928,248320,"{""allowed_count"": 248068, ""expected_count"": 248068, ""missing_expected"": [], ""ok"": true, ""stop_token_ids"": [248046], ""unexpected_allowed"": []}",2.7817780600016704,xgrammar,0.6441221700079041,2.2408129630057374,193,64,"[760, 20513, 303, 279, 9488, 557, 8545, 11, 264, 72011, 470, 4528, 421, 9047, 310, 3379, 2272, 279, 13876, 13, 4465, 6764, 3105, 914, 6266, 26, 551, 1066, 14936, 488, 11, 780, 6213, 54090, 286, 2094, 279, 2956, 430, 413, 21637, 279, 3543, 53577, 466, 264, 4392, 1562, 310, 2445, 1472, 13, 1216, 3105, 914, 1353, 685, 13, 271, 6825, 2688, 14169, 3184, 248046]","The silence in the kitchen was heavy, a palpable weight that seemed to press against the walls. Your father didn't speak; he just watched you, his eyes darting around the room as if expecting the news anchors or a phone call to come through. He didn't look up.

""I'm sorry tell<|im_end|>",True,3800287232,7.6087342760001775
150_coauthor_right_not_left_kna_t1,450,0,right_not_left,,1,2,64,4,308,1322083217,coauthor,150,0,coauthor:creative:53d34e075dc2454ebbc4e4e8878b0d15,0,8cca8ad0a78493b0f333708d0b2bd1f08f46924b365a5ccba9a95c9c1a6639b6,306cec61469f74de985a106c33984b42b021b1dce23361cdb53ed39ea2d3c379,success,,256.0,256.0,256.0,False,,model_loaded,13.263471956990543,0.3348533399985172,0.055822830996476114,0.3906761709949933,0.3906761709949933,190,552,9328,3258860,248320,"{""allowed_count"": 248067, ""expected_count"": 248067, ""missing_expected"": [], ""ok"": true, ""stop_token_ids"": [248046], ""unexpected_allowed"": []}",3.043438116001198,xgrammar,0.6331999669928337,2.1742142959992634,389,64,"[760, 4574, 19705, 579, 5870, 21382, 0, 271, 2523, 9283, 678, 491, 49755, 321, 279, 2526, 11, 41251, 3817, 488, 10471, 494, 279, 2136, 3809, 7808, 13, 1577, 488, 4088, 2046, 11, 279, 6797, 369, 5326, 2019, 1441, 11, 23414, 264, 7948, 34774, 888, 279, 12174, 1332, 4686, 25887, 579, 2902, 6107, 13, 1394, 628, 4409, 6512, 279, 40720, 4840, 494, 279, 21867, 248046]","The perfect Father's Day Gift!

You gather your new mug and the small, thoughtful token you bought from the local community shop. As you walk home, the sun is finally going down, casting a warm glow over the neighborhood where Will Wright's family lives. You can almost hear the laughter coming from the receipt<|im_end|>",True,3817237504,6.980520799013902
151_coauthor_right_not_left_kna_t2,451,1,right_not_left,,2,2,64,7,431,461348175,coauthor,151,0,coauthor:creative:a9936b88956143bead73fd420fdc8b5c,0,eff81f677b95c172411dd81b4e7c98faf35452aadb894306b36aa7505bc38b1b,e0fb7a0f267440c7eb2a99cc71e7b3bf647ab592bf8ae47060a21cd9d8d47007,success,,256.0,256.0,256.0,False,,model_loaded,12.421852218001732,0.33857910700317007,0.0949088519992074,0.43348795900237747,0.43348795900237747,314,1164,19537,9669659,248320,"{""allowed_count"": 248068, ""expected_count"": 248068, ""missing_expected"": [], ""ok"": true, ""stop_token_ids"": [248046], ""unexpected_allowed"": []}",3.054186284993193,xgrammar,0.6363563969935058,2.2086794940114487,382,64,"[760, 10458, 314, 311, 30120, 682, 8379, 1141, 69098, 13, 733, 264, 36468, 6136, 314, 19060, 321, 70830, 11, 279, 30557, 599, 1669, 5402, 279, 1546, 280, 38667, 303, 836, 1765, 9400, 13, 2985, 4139, 279, 3611, 6823, 82787, 310, 7915, 279, 29147, 22868, 11, 279, 9376, 12313, 513, 1381, 264, 76397, 11, 60544, 9140, 13, 271, 760, 2235, 10642, 11, 2957, 19558, 248046]","The cycle of retribution has reached its apex. In a twisted loop of survival and desperation, the survivors have found themselves the very pawns in their own creation. With half the human population slaughtered to balance the mana equation, the remaining humans are now a fractured, fearful species.

The old magic, once hardly<|im_end|>",True,3816160768,7.088442199994461
152_coauthor_right_not_left_kna_t3,452,2,right_not_left,,3,2,64,9,554,612206476,coauthor,152,0,coauthor:creative:43fef1ea6c6342f490c991f230acdf1b,0,5fa853c5747cc8853272486aa6160deeeb88907092083dab0243722c96393433,7916fd8380fef416cfa7195d4d520b0a2e2496ea865da5e3d53bced124de696e,success,,256.0,256.0,256.0,False,,model_loaded,12.4799562219996,0.34257747999799903,0.1369277339981636,0.47950521399616264,0.47950521399616264,438,2020,33372,20306932,248320,"{""allowed_count"": 248068, ""expected_count"": 248068, ""missing_expected"": [], ""ok"": true, ""stop_token_ids"": [248046], ""unexpected_allowed"": []}",2.8469014529982815,xgrammar,0.6172981330018956,2.224058303007041,151,64,"[2064, 579, 264, 42250, 35093, 310, 2364, 1017, 11, 9799, 279, 3725, 638, 71616, 888, 836, 1765, 7303, 1345, 488, 513, 13542, 18717, 321, 9006, 505, 13, 1394, 12706, 421, 279, 1637, 303, 279, 10407, 1727, 310, 488, 4290, 914, 1066, 264, 59026, 26, 781, 513, 264, 17312, 11, 40373, 279, 3050, 23897, 54117, 314, 279, 24024, 488, 513, 4862, 24450, 5672, 44770, 248046]","It's a peculiar sensation to sit there, watching the future self stumble over their own feet while you are perfectly calm and observant. You realize that the person in the seat next to you isn't just a glitch; they are a mirror, reflecting the specific cognitive deficits of the timeline you are currently inhabiting seated<|im_end|>",True,3797668352,7.018185282999184
153_coauthor_right_not_left_kna_t4,453,3,right_not_left,,4,2,64,11,677,124248991,coauthor,153,0,coauthor:creative:7444af48e58441e5ab11c7e295095206,0,b37ec7d1923e2e5d7ca15bd7a1720024cc8a924fc2aae012ce488fe177650e34,739e96697241af9db6f390297c9e66992d4125c1997eedcfe201e989e4e46d97,success,,256.0,256.0,256.0,False,,model_loaded,12.681698674001382,0.352075878996402,0.18332838799688034,0.5354042669932824,0.5354042669932824,562,3120,51262,35893405,248320,"{""allowed_count"": 248068, ""expected_count"": 248068, ""missing_expected"": [], ""ok"": true, ""stop_token_ids"": [248046], ""unexpected_allowed"": []}",2.91694179699698,xgrammar,0.6662286939972546,2.2411950459936634,496,64,"[28232, 785, 86476, 290, 11, 60980, 264, 1375, 310, 13045, 1024, 459, 908, 17208, 11, 3384, 1024, 6213, 70454, 440, 264, 6311, 314, 18654, 321, 21333, 20684, 13, 328, 2523, 1683, 488, 628, 1066, 4088, 1083, 821, 1147, 396, 321, 3184, 728, 310, 2842, 30, 1394, 2224, 4161, 694, 264, 41076, 11, 85611, 13, 4450, 1040, 4858, 745, 303, 411, 32060, 13, 39456, 248046]","Rayne scoffed, waving a hand to dismiss her comical threats, though her eyes narrowed with a mix of anger and genuine confusion. ""You think you can just walk into my lair and tell me to stop? You're nothing but a statistic, Barth. Just like everyone else in this galaxy. nonsense<|im_end|>",True,3826153472,7.140721036004834
154_coauthor_right_not_left_kna_t5,454,4,right_not_left,,5,2,64,13,800,1446083750,coauthor,154,0,coauthor:creative:8d77e68c9e2246949f8f3af5342da3a2,0,243182dc165aa18b4701f7bb90dd7ef7756d75e5a6208044f161914045574192,d78b84365c6f23b58be4c63a928bbf17165bd6fd1cbb3e1402657c8b43136da9,success,,256.0,256.0,256.0,False,,model_loaded,12.493226751001203,0.33586180000565946,0.23042926799098495,0.5662910679966444,0.5662910679966444,686,4464,73266,57149366,248320,"{""allowed_count"": 248068, ""expected_count"": 248068, ""missing_expected"": [], ""ok"": true, ""stop_token_ids"": [248046], ""unexpected_allowed"": []}",2.7411333469935926,xgrammar,0.6326792589970864,2.1697514570114436,428,64,"[1, 18103, 0, 1394, 2224, 1142, 494, 279, 31460, 11, 488, 2330, 68274, 1288, 279, 8742, 10326, 11, 279, 71064, 11, 292, 40671, 11, 9668, 685, 264, 6365, 314, 1122, 1114, 7339, 421, 6749, 30296, 391, 1040, 264, 75009, 25493, 13, 328, 2523, 1683, 488, 628, 1870, 264, 31508, 314, 75488, 52038, 321, 33591, 424, 579, 524, 1066, 264, 25465, 314, 56775, 20513, 248046]","""Hey! You're back from the woods, you big goof,"" the older brother, the eldest, barked, holding up a piece of charred wood that looked suspiciously like a coffin lid. ""You think you can build a castle of depleted uranium and pretend it's not just a pile of radioactive silence<|im_end|>",True,3820295168,6.838994580990402
155_coauthor_right_not_left_kna_t6,455,5,right_not_left,,6,2,64,15,923,856383930,coauthor,155,0,coauthor:creative:cf41b69d79a14f2ea9c8179de2f84479,0,199ab63c1ac24c3d894499dbd25264062e77d662a6e2916a6ede9f96cfe85823,7720bd014c330735f19691ecd96e8ce97f4ff874987fea4c5641ed6ef5f344d3,success,,256.0,256.0,256.0,False,,model_loaded,12.375729271007003,0.3390424529934535,0.2833319269993808,0.6223743799928343,0.6223743799928343,810,6052,99140,84795103,248320,"{""allowed_count"": 248068, ""expected_count"": 248068, ""missing_expected"": [], ""ok"": true, ""stop_token_ids"": [248046], ""unexpected_allowed"": []}",2.7029768619977403,xgrammar,0.6446660030051135,2.24753622400749,390,64,"[10883, 11, 4642, 12878, 557, 9290, 310, 16383, 264, 49491, 421, 995, 281, 5026, 290, 1172, 279, 80193, 314, 29310, 25, 279, 13876, 551, 5617, 310, 5827, 780, 6777, 579, 3725, 995, 66746, 3512, 279, 1546, 3065, 421, 22819, 279, 1814, 310, 1141, 60068, 13, 1577, 279, 220, 20, 15, 4514, 29310, 4031, 9202, 11, 279, 3521, 6823, 557, 874, 4860, 321, 15783, 248046]","However, President Young was forced to confront a paradox that had festered under the guise of isolation: the walls he built to protect his nation's future had inadvertently become the very thing that drew the world to its shores. As the 50-year isolation period ended, the global population was no longer and entering<|im_end|>",True,3817315328,6.97165941100684
156_coauthor_right_not_left_kna_t7,456,6,right_not_left,,7,2,64,17,1046,1272848941,coauthor,156,0,coauthor:creative:3f6f1edc20064adba80cb4c98454da3b,0,046bfb925e24db8c98c3922de86a8f3a74d120177907ce7caf952ffc320fda7b,c3d62285c94355228d2733031556fed063aa665f6250bf0eedcfe3ba5fea6cd9,success,,256.0,256.0,256.0,False,,model_loaded,13.034230244011269,0.36029284400865436,0.3410904980119085,0.7013833420205628,0.7013833420205628,934,7884,128884,119550904,248320,"{""allowed_count"": 248068, ""expected_count"": 248068, ""missing_expected"": [], ""ok"": true, ""stop_token_ids"": [248046], ""unexpected_allowed"": []}",2.995604739000555,xgrammar,0.6417555619991617,2.2243931249977322,232,64,"[760, 3605, 58743, 82, 11, 264, 21079, 314, 52085, 45641, 14318, 421, 599, 2496, 978, 3753, 539, 3611, 6213, 11, 599, 19729, 264, 10632, 62409, 5171, 2094, 279, 2184, 70, 5204, 6561, 303, 279, 1785, 1332, 12987, 6107, 13, 10643, 5839, 5614, 369, 524, 310, 5332, 1384, 11, 694, 310, 1228, 279, 13001, 314, 21265, 579, 8563, 13, 2302, 4267, 421, 321, 6797, 248046]","The Red Skulls, a collective of rogue stellar entities that have never been seen by human eyes, have constructed a massive orbital platform around the supergiant star in the system where Matt lives. Their primary goal is not to kill him, but to test the limits of humanity's resolve. They believe that and sun<|im_end|>",True,3803342848,7.348540125996806
157_coauthor_right_not_left_kna_t8,457,7,right_not_left,,8,2,64,19,1169,985754318,coauthor,157,0,coauthor:creative:7e42d4f3a53b4c3d9a55b6d3a7f7c6cb,0,1f87e92f47394474e1d1a102be5b55e1bf082db764fde5714e517016e3a9a474,137836444a4a45279176508fa0344ad2c0fe39b6a1b162372d833dcbc7158981,success,,256.0,256.0,256.0,False,,model_loaded,13.042633631004719,0.36698905799130443,0.3997404900001129,0.7667295479914173,0.7667295479914173,1058,9960,162498,162137057,248320,"{""allowed_count"": 248068, ""expected_count"": 248068, ""missing_expected"": [], ""ok"": true, ""stop_token_ids"": [248046], ""unexpected_allowed"": []}",2.917603074994986,xgrammar,0.6433473490033066,2.2258417629927862,225,64,"[760, 25570, 383, 279, 33256, 557, 264, 5365, 11, 43651, 19177, 11, 4409, 3565, 11, 72791, 286, 36334, 391, 1172, 279, 71256, 12346, 314, 678, 4998, 13, 1577, 488, 73096, 424, 11, 279, 5392, 6273, 16453, 68730, 6792, 11, 430, 413, 424, 995, 978, 19088, 303, 4937, 36292, 1518, 1602, 18473, 13, 561, 1414, 11, 5158, 303, 264, 16724, 11, 19697, 321, 2534, 248046]","The ink on the envelope was a deep, metallic grey, almost black, shimmering faintly under the fluorescent lights of your office. As you unfolded it, the paper felt unnaturally cool, as if it had been frozen in mid-air before being sealed. The text, written in a sharp, angular and address<|im_end|>",True,3802797056,7.335831257005339
158_coauthor_right_not_left_kna_t9,458,8,right_not_left,,9,2,64,21,1292,1138110410,coauthor,158,0,coauthor:creative:b5cba1af4218432bac6932bd1d546125,0,159157d3340f6122e55b6e85abd16dae8e998816bc524b88f4b3250cb20e9ec9,6b49dfbff560f2dc9c5e8eae4178fcd70d437be287df298bf24f0b6319367fc1,success,,256.0,256.0,256.0,False,,model_loaded,12.978974469006062,0.37125753799045924,0.4656321520014899,0.8368896899919491,0.8368896899919491,1182,12280,201142,213273850,248320,"{""allowed_count"": 248068, ""expected_count"": 248068, ""missing_expected"": [], ""ok"": true, ""stop_token_ids"": [248046], ""unexpected_allowed"": []}",2.928385311999591,xgrammar,0.6492126539960736,2.2214819449873175,326,64,"[760, 3516, 4042, 11, 1172, 279, 11109, 314, 264, 491, 8305, 421, 995, 2496, 978, 12152, 2272, 1141, 1765, 5138, 74590, 11, 5820, 310, 90812, 279, 42780, 8649, 424, 995, 25149, 13, 561, 29310, 1612, 852, 995, 11252, 781, 998, 13595, 21265, 998, 5964, 10782, 310, 381, 279, 1546, 5981, 68740, 4694, 424, 13, 1577, 279, 3516, 4042, 46507, 806, 1141, 321, 40729, 248046]","The United States, under the leadership of a new administration that had never been tested against its own internal fractures, began to dismantle the fragile peace it had imposed. The isolationists who had believed they were saving humanity were quickly discovered to be the very ones destabilizing it. As the United States dismantled its and isolate<|im_end|>",True,3811769344,7.417172257002676
159_coauthor_right_not_left_kna_t10,459,9,right_not_left,,10,2,64,23,1415,132459063,coauthor,159,0,coauthor:creative:b2340ae8050543cbb74906ff4a96e850,0,4488076ae76c05e3274e9ab975b96624aecfc4187be7a42ee61a4d7f9ab94b1b,71058b1aad0f8cc6569b0ee9ea58c2eab5a687de83b8bc1f38a045bc7e311b4b,success,,256.0,256.0,256.0,False,,model_loaded,13.188875295003527,0.3586061329988297,0.5364649330003886,0.8950710659992183,0.8950710659992183,1306,14844,243910,273681571,248320,"{""allowed_count"": 248068, ""expected_count"": 248068, ""missing_expected"": [], ""ok"": true, ""stop_token_ids"": [248046], ""unexpected_allowed"": []}",2.8898566059942823,xgrammar,0.64254992500355,2.2128510220063617,256,64,"[760, 22952, 29694, 2944, 321, 6669, 11, 6618, 777, 883, 279, 1814, 321, 279, 1208, 303, 424, 13, 30798, 279, 1560, 11, 424, 30008, 279, 35916, 12503, 1881, 279, 11012, 11, 81844, 2199, 314, 279, 22952, 13721, 321, 279, 50240, 11, 31883, 22373, 314, 279, 3611, 1814, 13, 1049, 9218, 310, 6266, 11, 310, 3165, 11, 321, 310, 3418, 7112, 421, 998, 10782, 248046]","The pig traveled far and wide, learning more about the world and the people in it. Along the way, it witnessed the stark contrast between the quiet, orderly life of the pig village and the chaotic, vibrant complexity of the human world. It learned to speak, to write, and to understand stories that were discovered<|im_end|>",True,3805224448,7.379106527005206
160_coauthor_right_not_left_kna_t11,460,10,right_not_left,,11,2,64,25,1538,2117016861,coauthor,160,0,coauthor:creative:5f020c0bdea94db5aad0478ba02f2924,0,7f66e0b6019d15f37df8278c5692bd88054ed6584b0f9139f28a30d01c5d3c44,4f1680f2123c872b3242db515d41a9b3f7bba830aca16263ef4f2b5652e7689f,success,,256.0,256.0,256.0,False,,model_loaded,13.043374781002058,0.37601573498977814,0.611737027997151,0.9877527629869292,0.9877527629869292,1430,17652,290723,344080508,248320,"{""allowed_count"": 248068, ""expected_count"": 248068, ""missing_expected"": [], ""ok"": true, ""stop_token_ids"": [248046], ""unexpected_allowed"": []}",2.919709032998071,xgrammar,0.6272181930107763,2.2246114349982236,278,64,"[20946, 2224, 3200, 1288, 1292, 42151, 11, 1024, 7497, 23271, 8552, 1024, 1765, 85556, 4593, 13, 328, 17413, 488, 2224, 9671, 310, 381, 14272, 745, 13, 1541, 353, 2688, 524, 1149, 271, 5991, 74, 579, 6213, 90101, 4661, 279, 68905, 1676, 4461, 290, 1898, 13, 328, 3850, 488, 513, 1532, 11, 1245, 7285, 271, 6825, 1044, 1532, 1288, 1292, 2640, 11, 321, 1040, 248046]","""You're late,"" she repeats, her voice steady despite her own frantic heart. ""Because you're supposed to be somewhere else. And I'm not.""

Dirk's eyes widen behind the velvet-draped table. ""But you are here, right?""

""I am here,"" she says, and like<|im_end|>",True,3807478272,7.572879921004642
161_coauthor_right_not_left_kna_t12,461,11,right_not_left,,12,2,64,27,1661,806062639,coauthor,161,0,coauthor:creative:94492b7851ad432da7385f1bb6d18fe8,0,1556865573c22925bedf12010868891f6a32685a86c36599e9a517e4cf5ecf82,8c2095eddb3d6fe92bb6e475a502d747bc7ffec75c9754d7e8687194dc3cb796,success,,256.0,256.0,256.0,False,,model_loaded,13.067177689008531,0.38581356400391087,0.6899960500013549,1.0758096140052658,1.0758096140052658,1554,20704,341650,425190949,248320,"{""allowed_count"": 248068, ""expected_count"": 248068, ""missing_expected"": [], ""ok"": true, ""stop_token_ids"": [248046], ""unexpected_allowed"": []}",2.781501303994446,xgrammar,0.6410085930110654,2.2735630669922102,446,64,"[760, 855, 22387, 364, 3979, 11, 279, 20513, 314, 279, 7083, 40469, 680, 1040, 264, 8545, 36781, 11, 2980, 279, 3177, 84713, 5326, 67574, 310, 279, 89428, 13, 1216, 12854, 1083, 264, 71387, 287, 1186, 12551, 2609, 3043, 264, 3349, 11, 6278, 2936, 4599, 421, 28056, 3486, 1172, 279, 56540, 3000, 13, 561, 1740, 850, 806, 364, 264, 4299, 11, 1141, 321, 26241, 248046]","The man drove for hours, the silence of the vehicle stretching out like a heavy blanket, until the city skyline finally surrendered to the twilight. He pulled into a nondescript parking lot near a large, modern government building that gleamed under the fading light. The car idled for a moment, its and nowhere<|im_end|>",True,3821706752,7.524939919996541
162_coauthor_right_not_left_kna_t13,462,12,right_not_left,,13,2,64,29,1784,1992395989,coauthor,162,0,coauthor:creative:aa259a5e72c5426ebaa0b2ef7be4aed7,0,7ddc70261dc057fc24a229efa55a9286a1a1f55d9191933a66d6ea5af5a794c4,11c46f47d02213e1b158a00628b1c42b8225180e5c67bee936c1fb445764ed2d,success,,256.0,256.0,256.0,False,,model_loaded,13.240984559990466,0.39534126900252886,0.7816617249918636,1.1770029939943925,1.1770029939943925,1678,24000,396691,517733182,248320,"{""allowed_count"": 248068, ""expected_count"": 248068, ""missing_expected"": [], ""ok"": true, ""stop_token_ids"": [248046], ""unexpected_allowed"": []}",2.8402673289965605,xgrammar,0.6467600249889074,2.2386020330013707,130,64,"[760, 855, 7338, 303, 279, 11012, 2696, 314, 780, 1765, 5214, 2956, 11, 279, 78828, 39029, 314, 279, 33174, 1990, 61364, 36334, 391, 303, 279, 3594, 13, 1216, 995, 28260, 264, 12828, 364, 411, 4581, 4299, 11, 9799, 279, 1814, 2404, 494, 264, 86088, 63298, 314, 24350, 310, 264, 6103, 81340, 5522, 314, 51474, 362, 13, 561, 3543, 6473, 995, 978, 321, 2582, 248046]","The man sat in the quiet hum of his own living room, the sterile scent of the pharmaceutical still lingering faintly in the air. He had waited a decade for this exact moment, watching the world turn from a bustling hive of productivity to a slow-motion movie of stagnation. The news reports had been and already<|im_end|>",True,3797410304,7.65277961200627
163_coauthor_right_not_left_kna_t14,463,13,right_not_left,,14,2,64,31,1907,1109023699,coauthor,163,0,coauthor:creative:db169bdfdf294eaab67ca9aeb7a7f948,0,b1dcb0a04af5ac15f2f9431f5357803a41c182cbe937898a275a76d7fffc33ca,b79dd7a169923da96e7b07ff5c19d7929225248eb3b12aeee889b4f61dbc0c4b,success,,256.0,256.0,256.0,False,,model_loaded,13.224086696995073,0.39911581300839316,0.8632900130032795,1.2624058260116726,1.2624058260116726,1802,27540,455846,622427495,248320,"{""allowed_count"": 248068, ""expected_count"": 248068, ""missing_expected"": [], ""ok"": true, ""stop_token_ids"": [248046], ""unexpected_allowed"": []}",2.901854663999984,xgrammar,0.6347316999890609,2.213507517008111,420,64,"[4272, 68, 69691, 11, 4611, 11, 8198, 9194, 26144, 13, 6056, 8906, 1559, 74105, 11, 56398, 539, 1024, 47678, 11, 59215, 440, 6440, 364, 279, 4574, 28695, 13, 2838, 6329, 1489, 279, 3725, 1332, 1292, 321, 12987, 11, 1381, 6999, 3611, 1452, 539, 1024, 13043, 11, 5728, 279, 32060, 15784, 279, 328, 1520, 1, 19963, 11, 13004, 279, 3980, 29754, 13, 2838, 5533, 248046]","Soeurette, however, remains unfazed. Her inner monologue, fueled by her Mana, flashes with plans for the perfect alliance. She imagines the future where she and Matt, now fully humanized by her powers, rule the galaxy alongside the ""other"" races, ending the war permanently. She uses<|im_end|>",True,3819668480,7.773250571990502
164_coauthor_right_not_left_kna_t15,464,14,right_not_left,,15,2,64,33,2030,1399142382,coauthor,164,0,coauthor:creative:06209e0aab79451d994d756ff3542754,0,d565be149f1d2eb14dbc79f0d6fb648446e325ddf106c42faa9e32221304cf6a,a53334cacffeec5e6d8ffe18c402261ebd4f557822c1f939c09fcd703b1d0590,success,,256.0,256.0,256.0,False,,model_loaded,14.337777496009949,0.4072383409948088,0.9632274640025571,1.370465804997366,1.370465804997366,1926,31324,519115,739994176,248320,"{""allowed_count"": 248068, ""expected_count"": 248068, ""missing_expected"": [], ""ok"": true, ""stop_token_ids"": [248046], ""unexpected_allowed"": []}",2.9079315999988467,xgrammar,0.6278272710042074,2.239737226991565,528,64,"[12777, 303, 279, 2756, 6187, 685, 310, 279, 460, 567, 995, 1599, 852, 1018, 421, 424, 557, 264, 16036, 13, 561, 4962, 9206, 8308, 11, 780, 7497, 24304, 310, 264, 11078, 33700, 11, 328, 1596, 3272, 567, 998, 279, 2426, 382, 314, 279, 8649, 11, 279, 69342, 314, 279, 42780, 7915, 13, 1165, 3272, 421, 539, 8318, 2980, 279, 1546, 1483, 321, 8577, 248046]","Even in the days leading up to the return we had many who said that it was a mistake. The High Minister continued, his voice dropping to a dangerous whisper, ""We thought we were the keepers of the peace, the guardians of the fragile balance. We thought that by waiting until the very last and listen<|im_end|>",True,3829189632,7.903948003004189
165_coauthor_right_not_left_kna_t16,465,15,right_not_left,,16,2,64,35,2153,2036849242,coauthor,165,0,coauthor:creative:7d049bd04eb445fd865f447f243998b4,0,5e071871628160a7a68c884918605eede2f0a781045bd2d2ab8ddce5a1de2817,2610681a441b5fa2477562c56aabfd4621353d0223b69dfecfa4434a0b4ac617,success,,256.0,256.0,256.0,False,,model_loaded,14.161600506995455,0.42120910399535205,1.0604921959893545,1.4817012999847066,1.4817012999847066,2050,35352,586498,871153513,248320,"{""allowed_count"": 248068, ""expected_count"": 248068, ""missing_expected"": [], ""ok"": true, ""stop_token_ids"": [248046], ""unexpected_allowed"": []}",2.8029768859996693,xgrammar,0.6454246229986893,2.204553098999895,385,64,"[3833, 1834, 11, 821, 9281, 10782, 1010, 22857, 383, 1204, 310, 4673, 780, 17230, 6857, 13, 1216, 5820, 22494, 2136, 3809, 13159, 42940, 383, 59023, 11, 11884, 264, 3050, 1829, 83331, 20404, 263, 421, 17515, 279, 328, 18978, 1, 25165, 11, 321, 7157, 16570, 4276, 88659, 28607, 303, 279, 12174, 5926, 883, 279, 40732, 869, 314, 279, 60372, 551, 557, 92959, 13, 1691, 248046]","One day, my neighbor discovered some secrets on how to raise his dad rank. He began attending local community garden festivals on Sundays, wearing a specific color-coded apron that matched the ""Green"" tier, and spent twenty minutes passionately arguing in the neighborhood park about the nutritional value of the kale he was chopping. much<|im_end|>",True,3816925184,7.926316488999873
150_coauthor_right_not_left_kna_t1_rep1,466,0,right_not_left,,1,2,64,4,308,291077150,coauthor,150,1,coauthor:creative:bd761f35e22b41bcb90697aa4c0050e0,0,3016bb803afa4d03f50940281de23c024bfcc600785ab43def6fdc2be1b97da9,e65f7acc787d1df8a3100d8598633dafd0bb5ef6e17ce7f716bd086a13006b99,success,,256.0,256.0,256.0,False,,model_loaded,12.458902839003713,0.3399409499979811,0.055313809993094765,0.39525475999107584,0.39525475999107584,190,552,9328,3258860,248320,"{""allowed_count"": 248067, ""expected_count"": 248067, ""missing_expected"": [], ""ok"": true, ""stop_token_ids"": [248046], ""unexpected_allowed"": []}",2.8139127869944787,xgrammar,0.650209494997398,2.2486982109985547,204,64,"[760, 975, 3008, 6043, 513, 1691, 10639, 13, 2302, 513, 524, 1066, 264, 7856, 57983, 26, 781, 513, 279, 4581, 16456, 421, 18091, 279, 38671, 13, 271, 4350, 279, 5333, 369, 4284, 11, 279, 7853, 579, 5548, 310, 12368, 4924, 85529, 1441, 6379, 13, 6983, 2691, 303, 279, 2407, 11690, 310, 4092, 506, 449, 47126, 4238, 11, 524, 1066, 279, 6574, 321, 89013, 248046]","The other side effects are much worse. They are not just a slight inconvenience; they are the exact mechanism that defines the curse.

When the drug is taken, the brain's ability to repair itself shuts down completely. Every cell in the body begins to age at an accelerated rate, not just the skin and irreversible<|im_end|>",True,3801147392,6.889251943997806
151_coauthor_right_not_left_kna_t2_rep1,467,1,right_not_left,,2,2,64,7,431,55704586,coauthor,151,1,coauthor:creative:66b3ac872822426e81bab531fb15d8a0,0,285d838dff6948be1964beca410f909e919d692ee6c83b9eece14652418f2d9e,0b63e52732cf6fc7a3c066e55799457b43251c3e55f911c96bb5e8f1c283e56b,success,,256.0,256.0,256.0,False,,model_loaded,12.61368481599493,0.3191700230090646,0.09394813700055238,0.413118160009617,0.413118160009617,314,1164,19537,9669659,248320,"{""allowed_count"": 248068, ""expected_count"": 248068, ""missing_expected"": [], ""ok"": true, ""stop_token_ids"": [248046], ""unexpected_allowed"": []}",2.8797310990048572,xgrammar,0.6474271379993297,2.202568124004756,222,64,"[3833, 1834, 11, 1292, 3125, 728, 421, 1292, 557, 5732, 310, 615, 13633, 13, 6056, 2730, 557, 5732, 310, 3564, 11, 321, 1292, 6661, 421, 1024, 2756, 998, 47193, 13, 2838, 55349, 310, 728, 11, 328, 4888, 854, 682, 2445, 310, 2645, 11, 2545, 21070, 1149, 271, 2053, 279, 4105, 2047, 1024, 22164, 11, 279, 1814, 2094, 728, 5820, 310, 27583, 13, 8491, 248046]","One day, she told me that she was starting to get sick. Her health was starting to fail, and she knew that her days were numbered. She whispered to me, ""My time has come to rest, little companion.""

As the words left her lips, the world around me began to blur. miles<|im_end|>",True,3802558976,6.888601024998934
152_coauthor_right_not_left_kna_t3_rep1,468,2,right_not_left,,3,2,64,9,554,556996197,coauthor,152,1,coauthor:creative:79757c30997549af8a2d741ed49ff453,0,120b42273e6a6a86c8a48a73dbb31061a3a2211b03b2e2d68783f9639ed5a73a,c78e408c0ca561925c358c4344a524721b1edae53dd69828e54c23015b75eaf8,success,,256.0,256.0,256.0,False,,model_loaded,13.936931101998198,0.33092899099574424,0.13666460900276434,0.4675935999985086,0.4675935999985086,438,2020,33372,20306932,248320,"{""allowed_count"": 248068, ""expected_count"": 248068, ""missing_expected"": [], ""ok"": true, ""stop_token_ids"": [248046], ""unexpected_allowed"": []}",3.0442092180019245,xgrammar,0.6288393739960156,2.2140158059919486,94,64,"[38496, 69794, 579, 18654, 85895, 888, 1083, 264, 85556, 11, 26508, 31856, 430, 551, 91142, 680, 314, 279, 3136, 314, 780, 83109, 11, 18995, 45660, 9685, 12772, 13, 561, 1814, 3294, 1384, 369, 264, 50240, 80021, 4964, 3432, 314, 82945, 4268, 321, 45970, 11, 694, 780, 6213, 6922, 8097, 383, 279, 6121, 11, 7213, 34463, 22411, 66286, 1066, 7551, 279, 53507, 8720, 56688, 248046]","Matt Damon's anger boils over into a frantic, desperate rage as he stares out of the window of his makeshift, alien-infested apartment. The world above him is a chaotic cacophony of sirens and shouting, but his eyes remain fixed on the dark, obsidian portal hovering just beyond the shattered glass daring<|im_end|>",True,3796964352,7.18092474299192
153_coauthor_right_not_left_kna_t4_rep1,469,3,right_not_left,,4,2,64,11,677,750860529,coauthor,153,1,coauthor:creative:ed645ae457f04bdda9562f4aa0003ce1,0,9e02c0d9fd22043deb1dcd8bf94f45a6c9d956c208fb7bc63a042c5f3efdf13b,7f62cc9b51d78e4f90f60e404cdca95b14d1a83da31517c70ea0116a3e6e896b,success,,256.0,256.0,256.0,False,,model_loaded,13.612335054000141,0.33559646298817825,0.18234119599219412,0.5179376589803724,0.5179376589803724,562,3120,51262,35893405,248320,"{""allowed_count"": 248068, ""expected_count"": 248068, ""missing_expected"": [], ""ok"": true, ""stop_token_ids"": [248046], ""unexpected_allowed"": []}",3.087010557996109,xgrammar,0.6350532090000343,2.2547688810009276,320,64,"[89176, 1413, 13, 1216, 579, 264, 32843, 1149, 271, 5786, 579, 6351, 29547, 11, 279, 10635, 421, 995, 81796, 1024, 26043, 43453, 5830, 1083, 15485, 13, 2838, 6749, 506, 279, 4034, 1495, 11, 1179, 1441, 506, 1024, 4292, 11, 852, 557, 1990, 2828, 2060, 290, 303, 279, 1746, 11, 780, 5888, 1990, 36490, 494, 279, 10647, 51075, 314, 2279, 13, 271, 321, 40212, 248046]","""Nah. He's a wizard.""

Max's mother smiled, the worry that had tightened her shoulders loosening into relief. She looked at the screen again, then down at her son, who was still engrossed in the game, his hands still shaking from the sudden influx of power.

 and discovering<|im_end|>",True,3810770432,7.274030440006754
154_coauthor_right_not_left_kna_t5_rep1,470,4,right_not_left,,5,2,64,13,800,109756301,coauthor,154,1,coauthor:creative:1a0d49b00ae844df971176e9aab9b18a,0,61a6fedd0c622971778c775dcb40734950f8691a9906a63a03d40d69583d0e68,055aeac3f33b7b48a145fa82d9088a6394b9ceecfdd4fca3ec79d1295957ee36,success,,256.0,256.0,256.0,False,,model_loaded,12.982303038006648,0.3695953209971776,0.23206282399769407,0.6016581449948717,0.6016581449948717,686,4464,73266,57149366,248320,"{""allowed_count"": 248068, ""expected_count"": 248068, ""missing_expected"": [], ""ok"": true, ""stop_token_ids"": [248046], ""unexpected_allowed"": []}",2.7611385039926972,xgrammar,0.6547392200009199,2.21905556099955,245,64,"[2064, 557, 2166, 3200, 3384, 13, 561, 20513, 314, 279, 6312, 21231, 995, 34242, 1132, 264, 1007, 11, 694, 539, 279, 854, 279, 1483, 314, 279, 328, 45677, 2520, 778, 1, 995, 27968, 11, 279, 1814, 995, 2582, 5324, 13, 271, 760, 3177, 421, 1429, 310, 2696, 440, 279, 4649, 314, 264, 31883, 12177, 557, 1381, 264, 69392, 314, 279, 66764, 321, 4139, 248046]","It was too late though. The silence of the Washington protests had lasted only a year, but by the time the last of the ""Lost Generations"" had fled, the world had already changed.

The city that used to hum with the energy of a vibrant youth was now a graveyard of the undead and half<|im_end|>",True,3804364288,7.140677122006309
155_coauthor_right_not_left_kna_t6_rep1,471,5,right_not_left,,6,2,64,15,923,1571560156,coauthor,155,1,coauthor:creative:12c0273868a84564a5f001c3c086f69f,0,6abfee8cd447a9ffb77eae668ccc0b638add3746a59b4e63f273792961864fe4,4caf1fed304c42a8e8096f20e13c7d8783d0a13231a971985fb132488c016c3a,success,,256.0,256.0,256.0,False,,model_loaded,12.717063994001364,0.3710606560052838,0.2842794119933387,0.6553400679986225,0.6553400679986225,810,6052,99140,84795103,248320,"{""allowed_count"": 248068, ""expected_count"": 248068, ""missing_expected"": [], ""ok"": true, ""stop_token_ids"": [248046], ""unexpected_allowed"": []}",2.741749267996056,xgrammar,0.6392975570051931,2.1932005809940165,331,64,"[3833, 1834, 948, 279, 2545, 22952, 557, 680, 3221, 364, 3487, 279, 35336, 5312, 264, 20117, 6429, 13, 1216, 1362, 3000, 279, 2046, 383, 3807, 321, 6705, 279, 220, 24, 17, 302, 2545, 47177, 2046, 13, 1921, 1518, 551, 1362, 12787, 11, 264, 2526, 11, 88818, 7497, 52297, 1472, 279, 9662, 13, 271, 2064, 557, 279, 7497, 314, 264, 43787, 22952, 1112, 14428, 248046]","One day when the little pig was out looking for food the wolf saw a golden opportunity. He could light the home on fire and destroy the 92nd little pigs home. But before he could strike, a small, trembling voice echoed through the wind.

It was the voice of a newborn piglet walked<|im_end|>",True,3812161536,7.10362373800308
156_coauthor_right_not_left_kna_t7_rep1,472,6,right_not_left,,7,2,64,17,1046,1927330526,coauthor,156,1,coauthor:creative:65936cbe394149c6b24802cad630e2d7,0,7c4659e0fa6523d7023b60becd4168ce846a7f74f1357f105d8980d5fcc1db81,b283d6d0e3d037b54a427978eab9c8044c2275c6a2a7329ac45d38493570c65e,success,,256.0,256.0,256.0,False,,model_loaded,12.952993258004426,0.35875403399404604,0.3416672190069221,0.7004212530009681,0.7004212530009681,934,7884,128884,119550904,248320,"{""allowed_count"": 248068, ""expected_count"": 248068, ""missing_expected"": [], ""ok"": true, ""stop_token_ids"": [248046], ""unexpected_allowed"": []}",2.9443710089981323,xgrammar,0.6512737040029606,2.2033237290015677,386,64,"[760, 20513, 303, 279, 2956, 557, 8545, 11, 10548, 1132, 539, 279, 27163, 20569, 348, 2206, 786, 59794, 786, 59794, 786, 9, 314, 279, 9722, 1898, 13, 2921, 5888, 11, 5802, 23271, 3213, 310, 27187, 264, 49511, 11, 17621, 36412, 9781, 430, 781, 6237, 13, 561, 31465, 7867, 314, 279, 3274, 5924, 264, 6745, 4528, 11, 264, 6570, 25680, 421, 821, 321, 6775, 248046]","The silence in the room was heavy, broken only by the rhythmic *swish-swish-swish* of the changing table. My hands, usually steady enough to nurse a toddler, trembled slightly as they worked. The sheer volume of the task became a physical weight, a constant reminder that my and nature<|im_end|>",True,3817003008,7.282002736988943
157_coauthor_right_not_left_kna_t8_rep1,473,7,right_not_left,,8,2,64,19,1169,533322675,coauthor,157,1,coauthor:creative:f3bd97b3642443f0869190c50ad0b771,0,74b55b09889503cea1dbe689575c6448be9790fccd6765ef01fa701d3054bba4,7dfddcca9660b58d23b13f41067ae89d1437a8f6888744fd9e0f64df3111e2cb,success,,256.0,256.0,256.0,False,,model_loaded,12.816485374991316,0.3569297380017815,0.40143280499614775,0.7583625429979293,0.7583625429979293,1058,9960,162498,162137057,248320,"{""allowed_count"": 248068, ""expected_count"": 248068, ""missing_expected"": [], ""ok"": true, ""stop_token_ids"": [248046], ""unexpected_allowed"": []}",3.0886495070008095,xgrammar,0.6234346679993905,2.208783501002472,304,64,"[760, 1534, 5918, 314, 279, 328, 760, 1253, 32270, 1, 716, 557, 4161, 2716, 314, 264, 54892, 13, 561, 18995, 11, 1381, 43187, 44770, 303, 264, 18484, 10183, 50471, 264, 2526, 11, 4941, 391, 12647, 25852, 9896, 440, 50859, 694, 32847, 12313, 11, 14936, 279, 12346, 4941, 13, 561, 6113, 11, 5879, 539, 279, 95263, 11983, 3482, 70946, 75543, 12987, 69794, 321, 5492, 248046]","The final scene of the ""The Producers"" set was nothing short of a spectacle. The alien, now comfortably seated in a floating chair overlooking a small, dimly lit theater filled with terrified but delighted humans, watched the lights dim. The cast, led by the bewildered yet oddly charismatic Matt Damon and production<|im_end|>",True,3809515520,7.431105452007614
158_coauthor_right_not_left_kna_t9_rep1,474,8,right_not_left,,9,2,64,21,1292,472441977,coauthor,158,1,coauthor:creative:864b77f0d5f34f2b9946e518cdeee98a,0,3cf439c544740ef8a1b98ff48c0c370c4c378f8386d622a85d79789f90974930,fe3cb3395008d6916f7ff3eaaaef8cfe93c23333066f16df30348967fd27c814,success,,256.0,256.0,256.0,False,,model_loaded,12.787284347999957,0.37236058700364083,0.4667412400012836,0.8391018270049244,0.8391018270049244,1182,12280,201142,213273850,248320,"{""allowed_count"": 248068, ""expected_count"": 248068, ""missing_expected"": [], ""ok"": true, ""stop_token_ids"": [248046], ""unexpected_allowed"": []}",2.8609443989989813,xgrammar,0.6499912250001216,2.203384916007053,103,64,"[2523, 1436, 5941, 8318, 364, 264, 5647, 14272, 303, 4171, 48540, 13, 1049, 369, 80381, 11, 264, 8545, 11, 19177, 44242, 421, 1953, 53993, 279, 32709, 863, 31437, 314, 279, 13721, 8329, 3559, 13, 561, 3594, 47965, 314, 13988, 37260, 321, 27786, 16982, 11, 264, 39029, 421, 10751, 67774, 6278, 11, 3482, 67247, 55098, 303, 678, 18352, 13, 271, 32, 1809, 314, 35874, 248046]","You see yourself waiting for a bus somewhere in West Yorkshire. It is raining, a heavy, grey curtain that swallows the cobblestones of the village street below. The air smells of wet wool and distant exhaust, a scent that feels distinctly modern, yet strangely timeless in your memories.

A group of flies<|im_end|>",True,3797074944,7.326076309007476
159_coauthor_right_not_left_kna_t10_rep1,475,9,right_not_left,,10,2,64,23,1415,991131404,coauthor,159,1,coauthor:creative:696d64891a2947f6af20032eef450ff7,0,a368e80b0be9eb20814335730685265d561ba6f96ff6418cd17e4daa94a9591e,b39915e97103fb6d78eefdd495ee7eb462112c54415214f841fdb0e5f9bb6dd7,success,,256.0,256.0,256.0,False,,model_loaded,13.058518145000562,0.37107933100196533,0.5337676689960063,0.9048469999979716,0.9048469999979716,1306,14844,243910,273681571,248320,"{""allowed_count"": 248068, ""expected_count"": 248068, ""missing_expected"": [], ""ok"": true, ""stop_token_ids"": [248046], ""unexpected_allowed"": []}",2.9750926780106965,xgrammar,0.6404568319994723,2.1923827759892447,358,64,"[760, 3250, 12611, 440, 279, 5176, 314, 264, 82507, 11717, 11, 542, 29347, 279, 62409, 16827, 321, 5056, 5672, 3521, 21297, 13, 733, 279, 26052, 11, 264, 45106, 6851, 383, 279, 4751, 27090, 855, 440, 264, 12103, 11, 72791, 286, 18995, 6696, 321, 264, 7535, 314, 19423, 421, 27700, 1040, 14058, 9041, 2218, 93375, 1518, 279, 88468, 3438, 6511, 13, 1216, 1503, 3502, 248046]","The attack hits with the force of a tidal wave, shattering the orbital stations and igniting global panic. In the chaos, a lone figure on the ground—a man with a distinct, shimmering alien mask and a suit of armor that shifts like liquid metal—stands before the besieged capital. He does send<|im_end|>",True,3814279168,7.478804632002721
160_coauthor_right_not_left_kna_t11_rep1,476,10,right_not_left,,11,2,64,25,1538,656067478,coauthor,160,1,coauthor:creative:3d6d562a736a49509c20be372a83d111,0,918075cb69b625e33f971305aba8698c6fa1911940159c80bfd72c71f4b9f92c,2aaf404f509de9aa123648452e3d3fbf2226bb64d4edc90dc2653c29345a5b25,success,,256.0,256.0,256.0,False,,model_loaded,13.660373247999814,0.3889523870020639,0.6111976990068797,1.0001500860089436,1.0001500860089436,1430,17652,290723,344080508,248320,"{""allowed_count"": 248068, ""expected_count"": 248068, ""missing_expected"": [], ""ok"": true, ""stop_token_ids"": [248046], ""unexpected_allowed"": []}",2.8628664069983643,xgrammar,0.6506354700104566,2.2240802320011426,528,64,"[7691, 1467, 524, 44168, 11, 6130, 1467, 1292, 1542, 13, 11746, 11, 279, 4299, 780, 6213, 23191, 1024, 3460, 11, 279, 1814, 53798, 1083, 264, 1447, 3828, 11, 30787, 60372, 12962, 2338, 314, 7736, 13, 561, 21388, 314, 47680, 12781, 56507, 11, 12215, 539, 279, 9922, 11, 73823, 39029, 314, 2235, 10642, 13, 22480, 734, 627, 579, 36919, 11, 264, 5054, 321, 8742, 248046]","She did not scream, nor did she run. Instead, the moment his eyes touched her face, the world dissolved into a blinding, shifting kaleidoscope of colors. The smell of burnt sugar vanished, replaced by the sweet, ozone scent of old magic. Selphie's grandmother, a woman and older<|im_end|>",True,3829189632,7.607806913001696
161_coauthor_right_not_left_kna_t12_rep1,477,11,right_not_left,,12,2,64,27,1661,1678836306,coauthor,161,1,coauthor:creative:120f688d383d4775a51fc45728e771de,0,b736d8d51ee45c63c7bb3b9ce2b9802a206c04d9472009d1b05b4d297af2eff4,34074380a177fb689e908d521490a4c9df1d986e8e95901e4618d739b25db93e,success,,256.0,256.0,256.0,False,,model_loaded,13.745436334007536,0.40789395599858835,0.6939661819924368,1.1018601379910251,1.1018601379910251,1554,20704,341650,425190949,248320,"{""allowed_count"": 248068, ""expected_count"": 248068, ""missing_expected"": [], ""ok"": true, ""stop_token_ids"": [248046], ""unexpected_allowed"": []}",2.8669062240078347,xgrammar,0.6574021039996296,2.2358061380073195,103,64,"[53483, 678, 6357, 11, 488, 2908, 2590, 995, 1208, 21496, 488, 494, 38152, 11, 381, 424, 678, 10756, 466, 264, 68196, 3143, 13, 1921, 430, 488, 13538, 8742, 321, 95006, 4473, 1083, 279, 1814, 11, 488, 3727, 310, 12706, 421, 279, 1132, 1208, 852, 9149, 15513, 678, 8415, 998, 279, 5981, 852, 6661, 488, 1786, 13, 271, 7525, 36600, 11, 852, 995, 2002, 248046]","Beyond your parents, you've always had people protecting you from bees, be it your teacher or a babysitter. But as you grew older and ventured further into the world, you started to realize that the only people who truly understood your fear were the ones who knew you best.

Your grandfather, who had field<|im_end|>",True,3797074944,7.755825252999784
162_coauthor_right_not_left_kna_t13_rep1,478,12,right_not_left,,13,2,64,29,1784,103503325,coauthor,162,1,coauthor:creative:575d39d6fb394e859cb5c29fd5ad876e,0,67676287fb59b3c670c0d4197e53952590e7da0fae5ff83f247a2d6b803879ba,e02a718d21195816a6fcc2c8b60ed9986a75984ccac0f25ef46b54b9fa6736d2,success,,256.0,256.0,256.0,False,,model_loaded,13.43975583500287,0.39376511800219305,0.7841151409957092,1.1778802589979023,1.1778802589979023,1678,24000,396691,517733182,248320,"{""allowed_count"": 248068, ""expected_count"": 248068, ""missing_expected"": [], ""ok"": true, ""stop_token_ids"": [248046], ""unexpected_allowed"": []}",3.1021206739969784,xgrammar,0.6455885689938441,2.21706496499246,430,64,"[2064, 369, 264, 41981, 8464, 310, 3460, 11, 694, 8106, 279, 1379, 56488, 919, 314, 411, 491, 11057, 369, 1204, 279, 1546, 5269, 421, 10669, 5440, 682, 67847, 369, 20738, 310, 2842, 424, 13, 561, 328, 38482, 1, 24385, 781, 7633, 310, 6805, 6823, 6195, 11, 21405, 4802, 11, 321, 1442, 9791, 3471, 56264, 513, 524, 1066, 76665, 7141, 26, 781, 513, 1724, 248046]","It is a grim reality to face, but perhaps the most ironic part of this new era is how the very technology that Pan China has mastered is failing to stop it. The ""smart"" algorithms they developed to predict population flow, allocate resources, and even manage social unrest are not just bureaucratic tools; they are open<|im_end|>",True,3820451840,7.896709428998292
163_coauthor_right_not_left_kna_t14_rep1,479,13,right_not_left,,14,2,64,31,1907,77087838,coauthor,163,1,coauthor:creative:90a244e4c76240ab942d8f56b971b6f2,0,252521e4a82d59f18de93bbb220d8945bc3d5952962d603db5110d8f5168d463,47988bc44d433b30316b2717fae8681dc867b827e4d1d1639dd82238e7bf6f28,success,,256.0,256.0,256.0,False,,model_loaded,13.39882308599772,0.4144636900018668,0.8647387689998141,1.2792024590016808,1.2792024590016808,1802,27540,455846,622427495,248320,"{""allowed_count"": 248068, ""expected_count"": 248068, ""missing_expected"": [], ""ok"": true, ""stop_token_ids"": [248046], ""unexpected_allowed"": []}",2.8137474240065785,xgrammar,0.645305448997533,2.1786046300112503,355,64,"[760, 20513, 303, 279, 25852, 369, 10424, 11, 264, 8545, 68905, 44242, 14336, 1881, 279, 50240, 11639, 314, 279, 2945, 321, 279, 20413, 715, 314, 279, 3725, 13, 1394, 14084, 11, 678, 2407, 8008, 14457, 11, 430, 413, 279, 4528, 314, 264, 15706, 9835, 6674, 682, 21681, 5028, 488, 11, 3482, 279, 22908, 6922, 29077, 13, 1394, 513, 264, 1602, 314, 77650, 14936, 248046]","The silence in the theater is absolute, a heavy velvet curtain drawn between the chaotic noise of the present and the silent void of the future. You stretch, your body feeling strange, as if the weight of a thousand lifetimes has settled upon you, yet the muscles remain stiff. You are a being of contradictions watched<|im_end|>",True,3814044672,7.752710882996325
164_coauthor_right_not_left_kna_t15_rep1,480,14,right_not_left,,15,2,64,33,2030,1560487632,coauthor,164,1,coauthor:creative:09c68920f9e5434bb35a22e1909f324a,0,7d8238a59014f51861268eba0c6d391e6d5f85cd842257efe54d0b734b377304,f5ffa15d5fb1d627d9c78844f3917382c21ff6d6cb17289c42cc3278f8be2b9a,success,,256.0,256.0,256.0,False,,model_loaded,13.497196356998757,0.4105178479949245,0.961289732993464,1.3718075809883885,1.3718075809883885,1926,31324,519115,739994176,248320,"{""allowed_count"": 248068, ""expected_count"": 248068, ""missing_expected"": [], ""ok"": true, ""stop_token_ids"": [248046], ""unexpected_allowed"": []}",2.808788509995793,xgrammar,0.6294055659964215,2.269972241992946,241,64,"[3850, 1179, 488, 5125, 421, 678, 803, 369, 874, 4860, 383, 279, 49755, 13, 733, 1141, 1925, 369, 279, 803, 314, 264, 2086, 855, 11, 264, 855, 440, 264, 3460, 488, 8719, 914, 3753, 303, 1578, 11, 852, 557, 2957, 678, 1786, 4099, 321, 279, 1132, 1637, 852, 9149, 15513, 678, 47954, 2699, 1518, 279, 1814, 6470, 310, 21370, 537, 488, 13, 4299, 248046]","But then you notice that your name is no longer on the mug. In its place is the name of a different man, a man with a face you haven't seen in years, who was once your best friend and the only person who truly understood your quirks before the world tried to categorize you. moment<|im_end|>",True,3804051968,7.841415890012286
165_coauthor_right_not_left_kna_t16_rep1,481,15,right_not_left,,16,2,64,35,2153,1165335327,coauthor,165,1,coauthor:creative:3be804ca8a1d41a4ba5cdeb64b126575,0,8036dc39a6b3dda5ef4835b80c5a4a53a8fc5260c31835ecfdd44b9725aa8dae,0e35d323f94b89ab5e01f073baa1e1b197be4a3b4716856fbd27000b535686ed,success,,256.0,256.0,256.0,False,,model_loaded,13.674896023992915,0.41981410900189076,1.0640768949961057,1.4838910039979964,1.4838910039979964,2050,35352,586498,871153513,248320,"{""allowed_count"": 248068, ""expected_count"": 248068, ""missing_expected"": [], ""ok"": true, ""stop_token_ids"": [248046], ""unexpected_allowed"": []}",2.7949587589973817,xgrammar,0.6407038180041127,2.2486498810030753,217,64,"[760, 4642, 11, 264, 855, 852, 995, 7157, 10476, 4599, 37683, 1881, 21116, 11, 5686, 506, 488, 440, 264, 20340, 314, 10439, 321, 26281, 49166, 13, 328, 11924, 13, 88126, 1288, 551, 2640, 11, 780, 7497, 88818, 9781, 11, 328, 40, 599, 1301, 678, 22736, 13, 353, 1366, 6681, 1092, 488, 513, 8008, 13, 1049, 369, 279, 1788, 8415, 421, 22276, 6708, 5316, 248046]","The President, a man who had spent decades building bridges between generations, looks at you with a mixture of shock and profound sadness. ""Mr. Vance,"" he says, his voice trembling slightly, ""I have read your testimony. I know exactly what you are feeling. It is the same fear that gripped anyone<|im_end|>",True,3802168832,7.997258781004348
150_coauthor_right_not_left_kna_t1_rep2,482,0,right_not_left,,1,2,64,4,308,375272172,coauthor,150,2,coauthor:creative:7267ada18a784f5089b55427212251b3,0,b4b049deeafa417c0d22c68cf20158517372a2e3569bb5e58c79310f22edb36b,43917afd44e5280db216d63d6bdd19374b14e12f6f22ca871541dfc1382932a1,success,,256.0,256.0,256.0,False,,model_loaded,12.013708719008719,0.3306705090071773,0.055715185997541994,0.3863856950047193,0.3863856950047193,190,552,9328,3258860,248320,"{""allowed_count"": 248067, ""expected_count"": 248067, ""missing_expected"": [], ""ok"": true, ""stop_token_ids"": [248046], ""unexpected_allowed"": []}",2.8567162130057113,xgrammar,0.630267830012599,2.2112755260022823,388,64,"[760, 16078, 303, 279, 10413, 557, 8799, 11, 9896, 440, 279, 8153, 2696, 314, 10125, 321, 279, 1145, 741, 314, 3799, 75, 702, 11, 3482, 279, 5054, 6273, 264, 14457, 11, 10958, 39026, 23950, 303, 1024, 14697, 13, 1049, 557, 430, 413, 1292, 995, 14428, 1083, 264, 1814, 421, 995, 978, 8318, 364, 1024, 11352, 13, 271, 760, 64901, 23928, 440, 836, 30389, 248046]","The atmosphere in the restaurant was electric, filled with the soft hum of conversation and the clink of cutlery, yet the woman felt a strange, familiar warmth settle in her chest. It was as if she had walked into a world that had been waiting for her specifically.

The waiter approached with their flavors<|im_end|>",True,3817158656,6.840319751994684
151_coauthor_right_not_left_kna_t2_rep2,483,1,right_not_left,,2,2,64,7,431,181599629,coauthor,151,2,coauthor:creative:0837a09ef77a4f20b3a341a47276288b,0,e35df5f0f170e4070cb156be196fbae6f51b64b450fa7f757305bd9b3ac0cc99,e33cb1da375e0d8201053d87c8721d1e14a6382c12a53e6df4c7ac4d6b254936,success,,256.0,256.0,256.0,False,,model_loaded,12.418897565003135,0.3420509999996284,0.09460166101052891,0.4366526610101573,0.4366526610101573,314,1164,19537,9669659,248320,"{""allowed_count"": 248068, ""expected_count"": 248068, ""missing_expected"": [], ""ok"": true, ""stop_token_ids"": [248046], ""unexpected_allowed"": []}",2.762597636989085,xgrammar,0.6547811479977099,2.207365640992066,284,64,"[1597, 6681, 35915, 11, 279, 8364, 4613, 279, 22952, 579, 2046, 5924, 95412, 11, 3154, 424, 11656, 310, 2418, 1990, 13, 561, 2545, 22952, 6749, 680, 279, 3136, 11, 8847, 279, 35336, 10932, 303, 3929, 314, 279, 3626, 11, 694, 4370, 314, 22108, 11, 279, 35336, 13569, 5820, 310, 4570, 780, 1901, 13, 2985, 264, 21030, 11, 4409, 64239, 7258, 11, 321, 76208, 248046]","At exactly noon, the heat inside the pig's home became unbearable, making it impossible to stand still. The little pig looked out the window, seeing the wolf standing in front of the house, but instead of attacking, the wolf slowly began to lower his head. With a gentle, almost mocking expression, and hotter<|im_end|>",True,3807948288,6.814222396002151
152_coauthor_right_not_left_kna_t3_rep2,484,2,right_not_left,,3,2,64,9,554,91810545,coauthor,152,2,coauthor:creative:9989ea7d26a94464a9d94f68bc7832e9,0,c680caab51cdbc91176a251a266705cfcdfe128c6a61ee33ab291183bc4d27fc,103f84b11c8ed0baa766bdfb4d387994c824ed37ac6b66335c7fc1e56d7c95ef,success,,256.0,256.0,256.0,False,,model_loaded,13.389328801000374,0.34513247599534225,0.13690408899856266,0.4820365649939049,0.4820365649939049,438,2020,33372,20306932,248320,"{""allowed_count"": 248068, ""expected_count"": 248068, ""missing_expected"": [], ""ok"": true, ""stop_token_ids"": [248046], ""unexpected_allowed"": []}",2.922736321997945,xgrammar,0.6364413039991632,2.2321083400020143,476,64,"[2523, 513, 1066, 11362, 303, 4690, 11, 8318, 310, 2659, 1868, 3138, 1381, 11, 411, 5333, 34475, 421, 488, 513, 2019, 310, 4565, 303, 411, 61364, 1528, 1881, 2199, 321, 4397, 15222, 13, 1394, 668, 524, 615, 310, 1042, 708, 314, 279, 6437, 321, 264, 8266, 421, 488, 2579, 303, 678, 13795, 11, 1142, 321, 11378, 13, 68540, 11, 411, 10054, 14351, 21407, 248046]","You are just sitting in bed, waiting to die....only now, this drug guarantees that you are going to stay in this lingering state between life and death forever. You will not get to let go of the pain and aches that you feel in your legs, back and arms. Honestly, this sounds hell prescription<|im_end|>",True,3824586240,7.02048675500555
153_coauthor_right_not_left_kna_t4_rep2,485,3,right_not_left,,4,2,64,11,677,220592453,coauthor,153,2,coauthor:creative:af3a9e8494e54fa0a28ecb7267f02018,0,4d20b091bedfcb73323299f80e9caaf33937d8aee7258ed52cc0b4b150568c71,3cfb4448db50650240360fea813a8ddf722fc6e0e8ad01a24bdabe9a56de4843,success,,256.0,256.0,256.0,False,,model_loaded,13.285146830006852,0.3386982249940047,0.18185103699215688,0.5205492619861616,0.5205492619861616,562,3120,51262,35893405,248320,"{""allowed_count"": 248068, ""expected_count"": 248068, ""missing_expected"": [], ""ok"": true, ""stop_token_ids"": [248046], ""unexpected_allowed"": []}",2.791035911999643,xgrammar,0.637845445991843,2.2534231430036016,331,64,"[760, 3522, 369, 21030, 11, 4409, 67982, 11, 430, 279, 25158, 38988, 678, 6574, 440, 38896, 4598, 1056, 37909, 13, 1394, 4570, 678, 1375, 11, 19581, 279, 35997, 82106, 1441, 310, 678, 31381, 11, 321, 364, 264, 4299, 11, 488, 12706, 488, 2908, 2725, 2414, 23000, 25, 488, 599, 66483, 678, 1765, 48819, 1273, 38732, 13, 271, 32, 11012, 11, 4409, 16280, 12053, 248046]","The contact is gentle, almost teasing, as the insect explores your skin with curiosity rather than aggression. You lower your hand, letting the bee glide down to your palm, and for a moment, you realize you've done something extraordinary: you have conquered your own deepest phobia.

A quiet, almost imper proud<|im_end|>",True,3812161536,6.9564712249994045
154_coauthor_right_not_left_kna_t5_rep2,486,4,right_not_left,,5,2,64,13,800,2001577123,coauthor,154,2,coauthor:creative:1450f586cc5543b69ba4c22ebd2c7fa0,0,441cf36c44b34c0ccd23c95c90380421113cd6e37e124cc84bb406615e54cf99,524e528982e6134fd5361bfb8a4476df68a6cbeb56405a50058d9bb8aeb30ba4,success,,256.0,256.0,256.0,False,,model_loaded,12.634222370004863,0.3483195790031459,0.23149377599474974,0.5798133549978957,0.5798133549978957,686,4464,73266,57149366,248320,"{""allowed_count"": 248068, ""expected_count"": 248068, ""missing_expected"": [], ""ok"": true, ""stop_token_ids"": [248046], ""unexpected_allowed"": []}",2.691175089988974,xgrammar,0.6567039909859886,2.2197564390080515,364,64,"[1465, 6470, 364, 3979, 11, 47494, 383, 279, 5817, 321, 36490, 279, 4690, 11, 694, 279, 22952, 557, 2166, 8545, 310, 11554, 321, 2166, 3619, 310, 3166, 13, 16864, 11, 279, 35336, 14607, 551, 7448, 914, 5372, 279, 22952, 440, 780, 65173, 466, 17299, 13, 271, 1, 31248, 1288, 551, 83604, 310, 5387, 13, 328, 40, 1144, 2414, 1691, 10917, 1056, 264, 6560, 248046]","He tried for hours, knocking on the door and shaking the bed, but the pig was too heavy to lift and too strong to move. Finally, the wolf realized he couldn't reach the pig with his claws or teeth.

""Okay,"" he muttered to himself. ""I need something much bigger than a arm<|im_end|>",True,3814749184,6.947552822006401
155_coauthor_right_not_left_kna_t6_rep2,487,5,right_not_left,,6,2,64,15,923,369529025,coauthor,155,2,coauthor:creative:fb0562d64a314d2088af7d18ea7dc210,0,42c811751b60db90aa7ce41060690c678ce7ddf11edb1d35f98fdb31f963203e,7e3a4cd19e69156554209e6e65ea566b39369981ed563f68c426f03c47be9572,success,,256.0,256.0,256.0,False,,model_loaded,12.561961154991877,0.34534237399930134,0.2827140750014223,0.6280564490007237,0.6280564490007237,810,6052,99140,84795103,248320,"{""allowed_count"": 248068, ""expected_count"": 248068, ""missing_expected"": [], ""ok"": true, ""stop_token_ids"": [248046], ""unexpected_allowed"": []}",2.6845430779940216,xgrammar,0.6480985029920703,2.2140112100023543,187,64,"[43298, 6661, 421, 279, 1814, 557, 2019, 310, 809, 13, 271, 1597, 220, 17, 23, 11, 551, 6273, 264, 26281, 5357, 314, 8649, 13, 1216, 3105, 914, 1318, 310, 5909, 780, 3162, 26, 551, 3105, 914, 1318, 310, 10635, 883, 780, 6357, 466, 780, 48078, 13, 1216, 4674, 264, 3725, 1332, 4161, 77839, 694, 279, 24860, 11, 6797, 1676, 52159, 2945, 321, 2144, 248046]","William knew that the world was going to end.

At 28, he felt a profound sense of peace. He didn't want to remember his past; he didn't want to worry about his parents or his grandchildren. He wanted a future where nothing mattered but the endless, sun-drenched present and content<|im_end|>",True,3799288320,6.939315265000914
156_coauthor_right_not_left_kna_t7_rep2,488,6,right_not_left,,7,2,64,17,1046,1235011510,coauthor,156,2,coauthor:creative:c65f1ff1c8674f12bbb3a4a4b62ec7f1,0,356bb373d61561bf9440ff962b59ece35ac17076f1ed848aa7b9165f89ed0960,2c836dce1f6701516d92792d75e54703224b9f09ed3ea251ea80354a0429870f,success,,256.0,256.0,256.0,False,,model_loaded,13.988449126991327,0.37457744899438694,0.3401542170031462,0.7147316659975331,0.7147316659975331,934,7884,128884,119550904,248320,"{""allowed_count"": 248068, ""expected_count"": 248068, ""missing_expected"": [], ""ok"": true, ""stop_token_ids"": [248046], ""unexpected_allowed"": []}",2.83461477200035,xgrammar,0.643911808001576,2.2039075279899407,449,64,"[1465, 14936, 279, 5819, 2754, 87277, 440, 264, 6121, 11, 74601, 88, 5983, 11, 264, 1829, 421, 9047, 310, 33170, 279, 3000, 2094, 424, 4598, 1056, 8443, 424, 13, 1946, 5316, 745, 11, 424, 1000, 381, 264, 17003, 3626, 20193, 11, 694, 310, 13853, 11, 424, 6749, 1040, 264, 22411, 13, 561, 10583, 998, 53090, 286, 11, 264, 27163, 20569, 11, 321, 3269, 248046]","He watched the plant curdle with a dark, mossy green, a color that seemed to absorb the light around it rather than reflect it. To anyone else, it would be a mere houseplant, but to Bob, it looked like a portal. The leaves were pulsing, a rhythmic, and sort<|im_end|>",True,3822471168,7.2495967089926125
157_coauthor_right_not_left_kna_t8_rep2,489,7,right_not_left,,8,2,64,19,1169,189499705,coauthor,157,2,coauthor:creative:7e48dc0c20c340f9b0cfe73fd8d198b6,0,0bac35435f674e02ea6e9550f7298aa70ac68e81d356c3b6a582f8438e051107,27f4a1391e8abb32ec5ad1ae860d35980f9a0853b02b036e8b514b7255a451dd,success,,256.0,256.0,256.0,False,,model_loaded,13.587544533002074,0.3816754529980244,0.4038024960027542,0.7854779490007786,0.7854779490007786,1058,9960,162498,162137057,248320,"{""allowed_count"": 248068, ""expected_count"": 248068, ""missing_expected"": [], ""ok"": true, ""stop_token_ids"": [248046], ""unexpected_allowed"": []}",2.6590310909959953,xgrammar,0.657671647000825,2.1642783709976356,360,64,"[40, 14217, 303, 279, 67011, 11, 41274, 286, 821, 8697, 11, 821, 4593, 67171, 264, 85556, 35091, 2272, 821, 53295, 13, 353, 995, 2445, 3221, 364, 279, 7793, 11, 15193, 310, 1423, 264, 3074, 49755, 440, 264, 13539, 11, 46877, 1324, 13, 353, 3481, 310, 1436, 264, 14120, 20117, 328, 16, 1288, 466, 8106, 264, 1324, 421, 1442, 821, 1765, 17230, 321, 6857, 248046]","I stood in the doorway, clutching my bag, my heart pounding a frantic rhythm against my ribs. I had come looking for the truth, hoping to find a single mug with a bold, glowing number. I expected to see a giant golden ""1,"" or perhaps a number that even my own dad and rank<|im_end|>",True,3814434816,7.1884460910077905
158_coauthor_right_not_left_kna_t9_rep2,490,8,right_not_left,,9,2,64,21,1292,1330847957,coauthor,158,2,coauthor:creative:81b30967f40349e5b0e333f1e4851ce4,0,d87ac1ec1cbc4827fa7dcedfb899abba05d7b50be772950794b14a03f41d7818,addb1b024d5ac26d7de1b25ea058942beda5abc9676ba1ae1385d51c4a872a34,success,,256.0,256.0,256.0,False,,model_loaded,13.651582432998111,0.3886707569909049,0.4671970850031357,0.8558678419940406,0.8558678419940406,1182,12280,201142,213273850,248320,"{""allowed_count"": 248068, ""expected_count"": 248068, ""missing_expected"": [], ""ok"": true, ""stop_token_ids"": [248046], ""unexpected_allowed"": []}",2.8478924480004935,xgrammar,0.644236321997596,2.229590746006579,366,64,"[760, 3516, 4042, 11, 3322, 21314, 494, 279, 328, 57772, 55946, 1, 314, 42849, 29310, 11, 995, 2582, 20720, 279, 75098, 3274, 314, 41223, 13, 2985, 279, 18021, 67394, 481, 314, 264, 829, 45585, 2279, 11, 424, 995, 28599, 46507, 806, 1141, 15544, 44798, 11, 10377, 364, 10632, 11, 632, 6455, 28958, 68322, 18456, 321, 279, 22449, 314, 8765, 314, 26208, 12368, 6079, 248046]","The United States, having emerged from the ""Golden Cage"" of enforced isolation, had already begun the monumental task of reconstruction. With the strategic foresight of a pre-war power, it had quietly dismantled its defensive perimeter, allowing for massive, unimpeded troop movements and the deployment of thousands of specialized repair military<|im_end|>",True,3814905856,7.439570757007459
159_coauthor_right_not_left_kna_t10_rep2,491,9,right_not_left,,10,2,64,23,1415,354284196,coauthor,159,2,coauthor:creative:36a7437e63c64ad99a8e4cc9433a7be1,0,510dda59ca2813ad4cd34caefc76d1437f21e9b11839d26111bff16836591485,2687088d24c536ef64a4cd24c6b650178c42114e94930964a4c8ff1a8f0d0af6,success,,256.0,256.0,256.0,False,,model_loaded,13.581245335997664,0.39415439699951094,0.5356607159919804,0.9298151129914913,0.9298151129914913,1306,14844,243910,273681571,248320,"{""allowed_count"": 248068, ""expected_count"": 248068, ""missing_expected"": [], ""ok"": true, ""stop_token_ids"": [248046], ""unexpected_allowed"": []}",2.7856238940003095,xgrammar,0.6447080229991116,2.2621958240051754,91,64,"[88433, 369, 60468, 11, 321, 1379, 314, 279, 1814, 579, 16185, 513, 1542, 539, 6249, 2878, 13, 733, 279, 50240, 17865, 314, 1675, 45585, 41223, 11, 21265, 557, 10723, 310, 279, 1379, 6557, 2119, 314, 13486, 25, 279, 14230, 364, 19060, 13, 271, 760, 29310, 375, 57705, 421, 995, 978, 48943, 5028, 303, 279, 12098, 314, 3521, 2841, 88099, 6316, 680, 310, 2444, 248046]","Crime is rampant, and most of the world's nations are run by dictators. In the chaotic landscape of post-war reconstruction, humanity was reduced to the most basic level of existence: the struggle for survival.

The isolationist pact that had been sworn upon in the shadow of global annihilation turned out to control<|im_end|>",True,3796927488,7.542791394997039
160_coauthor_right_not_left_kna_t11_rep2,492,10,right_not_left,,11,2,64,25,1538,1838535376,coauthor,160,2,coauthor:creative:da4fed90272b41edb41f63fed4a928f0,0,98f60d2e45fb91ffd5ae620d9d777ab066d304d6b64bf6e9905b770ec6642f58,4c0e667f57274c7f912229a8ed42c4d5504e68541d800732e7030afa803062f9,success,,256.0,256.0,256.0,False,,model_loaded,13.330540084993117,0.3885892940015765,0.6105361829977483,0.9991254769993247,0.9991254769993247,1430,17652,290723,344080508,248320,"{""allowed_count"": 248068, ""expected_count"": 248068, ""missing_expected"": [], ""ok"": true, ""stop_token_ids"": [248046], ""unexpected_allowed"": []}",2.8473928480088944,xgrammar,0.6368515689973719,2.217917734000366,240,64,"[40, 85946, 11, 821, 4593, 22725, 286, 2272, 821, 53295, 13, 328, 40, 1044, 1076, 353, 1044, 264, 21188, 314, 279, 3516, 4042, 11, 5354, 310, 8418, 321, 310, 5827, 1288, 353, 352, 64348, 290, 11, 821, 7497, 88818, 440, 264, 6311, 314, 8384, 321, 70763, 13, 271, 760, 7497, 383, 279, 975, 809, 3105, 914, 288, 7028, 13, 11746, 11, 424, 1042, 248046]","I froze, my heart hammering against my ribs. ""I am... I am a citizen of the United States, ready to serve and to protect,"" I stammered, my voice trembling with a mix of terror and disbelief.

The voice on the other end didn't waver. Instead, it let<|im_end|>",True,3803969536,7.556285787999514
161_coauthor_right_not_left_kna_t12_rep2,493,11,right_not_left,,12,2,64,27,1661,1764169297,coauthor,161,2,coauthor:creative:786e6c194f0a4fd182440d297bfc3b9f,0,03188d67dbf27a353b9c7ba3fc5580501db85367abdfa51812fc131ee5ddb474,8edb62e3e199c11df3c9853f9016a0ed1c5a0aa1c93dafa96ddda1036bbacfab,success,,256.0,256.0,256.0,False,,model_loaded,13.521928210990154,0.3916750759963179,0.6943867939990014,1.0860618699953193,1.0860618699953193,1554,20704,341650,425190949,248320,"{""allowed_count"": 248068, ""expected_count"": 248068, ""missing_expected"": [], ""ok"": true, ""stop_token_ids"": [248046], ""unexpected_allowed"": []}",3.058323407996795,xgrammar,0.6367430380050791,2.227696413989179,221,64,"[4639, 10549, 6273, 2599, 1040, 264, 7499, 321, 777, 1040, 264, 11012, 57705, 13, 1394, 14936, 279, 28280, 5300, 303, 678, 3838, 579, 7662, 11, 8008, 279, 4528, 314, 279, 25685, 383, 678, 26043, 321, 279, 39026, 303, 279, 5888, 314, 678, 9677, 11, 6016, 1615, 277, 291, 13, 1394, 5312, 279, 1560, 551, 2530, 780, 1208, 494, 279, 79686, 9374, 7421, 11, 248046]","That marriage felt less like a transaction and more like a quiet pact. You watched the royal court in your mind's eye, feeling the weight of the crown on your shoulders and the warmth in the hands of your husband, King Alaric. You saw the way he protected his people from the invading nomads,<|im_end|>",True,3802481152,7.83083408800303
162_coauthor_right_not_left_kna_t13_rep2,494,12,right_not_left,,13,2,64,29,1784,634652853,coauthor,162,2,coauthor:creative:8462cd8c839f4ebbb940326f3af1922c,0,5a332e5e151767f7453b16c5cc9aefa8dee5d9a3a31777b3bc657a6a3dae105d,df2ef435e5b01863001a5021efa067702610a56638645c5d7547ba77938b5b1c,success,,256.0,256.0,256.0,False,,model_loaded,13.363713326005382,0.40188211800705176,0.785162707004929,1.1870448250119807,1.1870448250119807,1678,24000,396691,517733182,248320,"{""allowed_count"": 248068, ""expected_count"": 248068, ""missing_expected"": [], ""ok"": true, ""stop_token_ids"": [248046], ""unexpected_allowed"": []}",2.9439156419975916,xgrammar,0.6585153329942841,2.2178446290054126,573,64,"[760, 29321, 21268, 1547, 678, 6574, 11, 694, 1017, 369, 874, 52489, 13, 561, 6437, 369, 16724, 11, 1179, 5075, 19902, 21146, 11, 9101, 4661, 264, 10647, 11, 21346, 39026, 321, 264, 11717, 314, 81186, 286, 61786, 92323, 421, 90971, 1472, 678, 57648, 13, 4465, 10806, 1447, 1663, 11, 279, 13876, 314, 279, 8512, 2956, 12680, 1083, 8153, 11, 19484, 28552, 314, 15554, 248046]","The needle pierces your skin, but there is no sting. The pain is sharp, then vanishes instantly, leaving behind a sudden, overwhelming warmth and a wave of dizzying euphoria that rushes through your veins. Your vision blurs, the walls of the hospital room turning into soft, rolling clouds of doctors<|im_end|>",True,3832720896,7.834760470010224
163_coauthor_right_not_left_kna_t14_rep2,495,13,right_not_left,,14,2,64,31,1907,564958425,coauthor,163,2,coauthor:creative:bad20cdce8404ef3b6992ae8758105d2,0,4296c5f87745fc719008e913ac5d425aae5da1b243132f46cbc956a5bdf7c6d7,d7d4a9b659591cdbfe5437ea1380542a202729bbfdb2b3f969008262cd8a1b0a,success,,256.0,256.0,256.0,False,,model_loaded,13.255195648001973,0.40840597699570935,0.8750758469977882,1.2834818239934975,1.2834818239934975,1802,27540,455846,622427495,248320,"{""allowed_count"": 248068, ""expected_count"": 248068, ""missing_expected"": [], ""ok"": true, ""stop_token_ids"": [248046], ""unexpected_allowed"": []}",2.794797569004004,xgrammar,0.6324715700029628,2.1990067650040146,304,64,"[760, 7410, 11, 264, 72978, 694, 577, 6071, 6851, 6725, 3851, 4897, 11, 6749, 506, 279, 2336, 383, 1024, 1375, 11, 43900, 279, 51924, 1752, 421, 5879, 1472, 85275, 9506, 5157, 287, 321, 888, 22353, 290, 10679, 33389, 13, 328, 1596, 599, 3213, 364, 279, 13522, 3929, 4965, 1288, 1292, 1018, 11, 1024, 7497, 13964, 1472, 279, 20513, 314, 279, 13437, 63080, 2272, 248046]","The leader, a weary but resolute figure named Elara, looked at the map on her hand, tracing the winding path that led through crumbling stone arches and over rusted iron gates. ""We have enough for the immediate front lines,"" she said, her voice cutting through the silence of the ancient courtyard against<|im_end|>",True,3809515520,7.673048465992906
164_coauthor_right_not_left_kna_t15_rep2,496,14,right_not_left,,15,2,64,33,2030,642190226,coauthor,164,2,coauthor:creative:b3528173b35442d09e2aadaf4d06defe,0,9cdabdfdfa36f5fa621f55030cea9624c63dc706a65bc8f9d6d85d018132f3ce,f9a2dc5f840f0bc025d1fe6b05cfe47e68af00e9561b4220e446f7fdba893c5e,success,,256.0,256.0,256.0,False,,model_loaded,13.399956911001937,0.4084873409883585,0.9638878109981306,1.372375151986489,1.372375151986489,1926,31324,519115,739994176,248320,"{""allowed_count"": 248068, ""expected_count"": 248068, ""missing_expected"": [], ""ok"": true, ""stop_token_ids"": [248046], ""unexpected_allowed"": []}",2.830052533012349,xgrammar,0.6313304740033345,2.247426069996436,190,64,"[760, 7914, 11, 1381, 264, 3777, 855, 6725, 35530, 11, 12965, 303, 279, 11012, 11, 74245, 6353, 1518, 279, 281, 20205, 6338, 13, 561, 3594, 47965, 36334, 391, 314, 10849, 321, 8981, 43753, 11, 264, 35916, 12503, 310, 279, 7948, 12967, 551, 995, 1066, 2047, 13, 1216, 5686, 506, 780, 6764, 11, 264, 855, 852, 2957, 14428, 440, 279, 11791, 314, 264, 2046, 248046]","The boy, now a young man named Leo, stands in the quiet, dusty morning before the fateful drive. The air smells faintly of rain and cold asphalt, a stark contrast to the warm afternoon he had just left. He looks at his father, a man who once walked with the confidence of a home<|im_end|>",True,3799522816,7.83452237000165
165_coauthor_right_not_left_kna_t16_rep2,497,15,right_not_left,,16,2,64,35,2153,795645006,coauthor,165,2,coauthor:creative:3f069ddebc85414f8c650c1f9e78a498,0,4928a978779bc492a7f30f6753d2b50649a4cbc60aea1233e994079645fb8034,77b73b17eb3a6901b6107f2317bfcb1bf294f86dd50c18e2414d6b7d4fa1c3b9,success,,256.0,256.0,256.0,False,,model_loaded,13.773383128005662,0.41365982400020584,1.0627783910022117,1.4764382150024176,1.4764382150024176,2050,35352,586498,871153513,248320,"{""allowed_count"": 248068, ""expected_count"": 248068, ""missing_expected"": [], ""ok"": true, ""stop_token_ids"": [248046], ""unexpected_allowed"": []}",2.799044731000322,xgrammar,0.6572876439895481,2.190987973997835,497,64,"[760, 220, 22, 23, 337, 2545, 22952, 11, 440, 264, 1353, 314, 41981, 22947, 11, 3568, 11, 328, 40, 3172, 2213, 279, 55800, 314, 279, 1834, 1149, 271, 7691, 1179, 6316, 1024, 6326, 310, 279, 220, 24, 16, 267, 2545, 22952, 13, 328, 2523, 1366, 1288, 1292, 1018, 11, 328, 40, 1683, 488, 2493, 381, 279, 1727, 799, 310, 1870, 264, 321, 2574, 248046]","The 78th little pig, with a look of grim satisfaction, added, ""I'll catch the thief of the day.""

She then turned her attention to the 91st little pig. ""You know,"" she said, ""I think you might be the next one to build a and given<|im_end|>",True,3826235904,7.882437280000886
150_coauthor_right_not_left_kna_t1_rep3,498,0,right_not_left,,1,2,64,4,308,1411941165,coauthor,150,3,coauthor:creative:d16a6136b82b42eba1e61ff0a4ac3293,0,b1ce45bde6b50fd540b4ea2fea74364e97c176358164b08bc327a795cf54ea0f,dd5e22c101649ed16f67929a0498c528b9e73d0dbaef6a3458a5546ddd2f81ac,success,,256.0,256.0,256.0,False,,model_loaded,12.521181151998462,0.33574835999752395,0.05721790000097826,0.3929662599985022,0.3929662599985022,190,552,9328,3258860,248320,"{""allowed_count"": 248067, ""expected_count"": 248067, ""missing_expected"": [], ""ok"": true, ""stop_token_ids"": [248046], ""unexpected_allowed"": []}",3.0482322269963333,xgrammar,0.6344834820047254,2.2613326310092816,719,64,"[50, 356, 7338, 1142, 1441, 11, 1024, 13795, 88818, 430, 279, 47077, 32635, 888, 1024, 13, 2838, 6749, 494, 29272, 310, 279, 18632, 11, 1179, 1142, 310, 780, 3460, 11, 321, 5326, 11, 440, 264, 6311, 314, 48720, 321, 15485, 11, 1292, 6316, 310, 22394, 13, 271, 1, 75962, 1288, 1292, 55349, 11, 1024, 7497, 49987, 13, 328, 2523, 2224, 1076, 488, 23191, 248046]","Sue sat back down, her legs trembling as the realization crashed over her. She looked from Kyle to the bowl, then back to his face, and finally, with a mix of awe and relief, she turned to Ted.

""Ted,"" she whispered, her voice cracking. ""You're... you touched<|im_end|>",True,3880211456,7.089927096007159
165_coauthor_right_not_left_kna_t16_rep3,499,15,right_not_left,,16,2,64,35,2153,1152027960,coauthor,165,3,coauthor:creative:a1818a53e4114dd3a3f002dc7f2c2f58,0,537b931778a1b272a75d245dab1590c427a4d70ebaa53410366357ef91d4258b,a9d5613d0b832698701e19e440fa3b21ee9796e36942a4d4fc65badd7602934b,success,,256.0,256.0,256.0,False,,model_loaded,13.498117684997851,0.4195184970012633,1.0618876029911917,1.481406099992455,1.481406099992455,2050,35352,586498,871153513,248320,"{""allowed_count"": 248068, ""expected_count"": 248068, ""missing_expected"": [], ""ok"": true, ""stop_token_ids"": [248046], ""unexpected_allowed"": []}",2.8214334509975743,xgrammar,0.6457525629957672,2.237951745002647,85,64,"[40, 6749, 506, 279, 33256, 11, 1179, 506, 279, 4147, 3433, 1332, 279, 7819, 9167, 995, 978, 13, 561, 20513, 314, 821, 4147, 4998, 6273, 14413, 11, 39888, 391, 16850, 13, 353, 995, 978, 3133, 279, 1788, 16570, 20580, 2756, 11, 9799, 279, 61665, 321, 279, 41564, 11, 8318, 364, 279, 1834, 353, 1000, 381, 7795, 13, 1921, 411, 6321, 3105, 914, 1366, 248046]","I looked at the envelope, then at the empty space where the mail slot had been. The silence of my empty office felt suddenly, terrifyingly loud. I had been working the same twenty-hour days, watching the sunrise and the sunset, waiting for the day I would be gone. But this letter didn't know<|im_end|>",True,3796853760,7.936549208010547
