job_id,design_index,family_index,constraint,k,t,n_low,n,nfa_states,unrolled_states,seed,dataset,structural_cell_index,replicate_index,base_instance_id,multi_token_keyword_count,compiled_constraint_sha256,job_sha256
000_common_gen_kth_last_k1_t1,0,0,kth_last,1,1,2,65,3,254,897793754,common_gen,0,0,common_gen:validation:930,0,cfb3de5baf0fc38d47548292ff9b3fb7b9f122d94c8c303d5bb0fbb501601b5a,3cfd850043ae43668b6fff49249048b0c7e16acf928c2bb9aa4e44d4d3becba5
001_common_gen_kth_last_k3_t1,1,1,kth_last,3,1,2,65,5,370,1812287493,common_gen,1,0,common_gen:validation:194,0,d26a5e8ae94e1a1efa2c1214ff7c78271f547d7dd42ff93d1ad96c1c9d70b12f,0dabf7c36beeddca871d4ade71f7bd8cb30d399201ebbb35e438449b8789c0e2
002_common_gen_kth_last_k4_t1,2,2,kth_last,4,1,2,65,6,425,1700166206,common_gen,2,0,common_gen:validation:593,0,ea167641405643409c7198f2d7d73b6caa87e6421f32a0d32d8b1cabb01f973f,0ee863a7c94c6529fd917de3692616fadfce6ef1d6a738eaccb7a8708bf459b9
003_common_gen_kth_last_k6_t1,3,3,kth_last,6,1,2,65,8,529,842411654,common_gen,3,0,common_gen:validation:218,0,d1042040abbc82b2dd3f327a0c1cf8552a881622fcb112963724c6e91511242b,b68e0a24967b40d1cb419431f6f73adb4965af0d2152238d3d6a13ea023786cf
004_common_gen_kth_last_k7_t1,4,4,kth_last,7,1,2,65,9,578,1633392913,common_gen,4,0,common_gen:validation:247,0,2215d031cdde83bed57f45eee0980670790621fe88cc526ccb95ecc8d1a2e6be,5714b2edaaba00562fd616a1562332e422b808cfebf7155d2ffee7ccac5da2e5
005_common_gen_kth_last_k9_t1,5,5,kth_last,9,1,2,65,11,670,2090001954,common_gen,5,0,common_gen:validation:462,0,ef6dcf9b66d5dc9bf329c90be4c0478da082b837464ae931eee06d87c054a740,78a09fe718476898c02884012b3b630d2ddbca03748d0224621debd834d09b6a
006_common_gen_kth_last_k11_t1,6,6,kth_last,11,1,2,65,13,754,1818931647,common_gen,6,0,common_gen:validation:195,0,2de897ffd022e0fee275c00ff7924a8b2626c046854e27c951a1e559c9105a55,aba2ed0c8f5de8c1404954e3890e2d8e0731af546ab8a7ef79b6a7e66f3c21ad
007_common_gen_kth_last_k12_t1,7,7,kth_last,12,1,2,65,14,793,27081196,common_gen,7,0,common_gen:validation:533,0,352ec27ba9a93685bcc1e2cdd421a845b7989c06d63a385ee508bd54a6e4a276,9b58b8f0a73fa9f07f80c44203cf011a5b02b370655802ea9093c241a430f122
008_common_gen_kth_last_k14_t1,8,8,kth_last,14,1,2,65,16,865,38761726,common_gen,8,0,common_gen:validation:7,0,0b1a2b4cc9e03a8b1bef4f3bab4e1c8039f915ca92622d3cfdaf1d6cc8bbc1a3,777312573e561728c8b1a6349ff4dbba30878799e69f677f0aa18cc245831907
009_common_gen_kth_last_k16_t1,9,9,kth_last,16,1,2,65,18,929,1570769743,common_gen,9,0,common_gen:validation:393,0,60f9a1d1666d53cdb645c14ab1f0ab9d1c7aeb7ed6a1681d42d90668319ce42c,a38126373c12f135ee1cbeb7ab831df1be01909b61e2326d924fc41e063548a6
010_common_gen_kth_last_k17_t1,10,10,kth_last,17,1,2,65,19,958,480605786,common_gen,10,0,common_gen:validation:622,0,ce8597ef72b9468bb6881dac64b571804b3adeafd279f05e4aba39763f303452,a5049350686d62365ffb3891f0f02e66df19ef5416c2394f7885881f4012bbea
011_common_gen_kth_last_k19_t1,11,11,kth_last,19,1,2,65,21,1010,325908543,common_gen,11,0,common_gen:validation:455,0,131821432a971baa3146c24f0c4fd6d996f5c91a6d2294ae49c2ec6de495b529,1a7ae914cc42228646169925bf59b8aed577da5147ba8944abb07875488570b5
012_common_gen_kth_last_k20_t1,12,12,kth_last,20,1,2,65,22,1033,1119897319,common_gen,12,0,common_gen:validation:594,0,60bdbecd292acc1f80870670d75b0b35d84e05795cff5565344ee62121bb3e7b,70b9e755d549dbbb4208e53fc556c3bcdb39039dce8a653829ea740441ae7205
013_common_gen_kth_last_k22_t1,13,13,kth_last,22,1,2,65,24,1073,1599240223,common_gen,13,0,common_gen:validation:249,0,7ce0a55ff84fe54893388d575e703de2650e814de9359bbd8e9fd0d8039b07c9,10c3e9f2161856d74f2bd5bec872b9f24e12c45a1be6d293de816c0b7b4fb604
014_common_gen_kth_last_k24_t1,14,14,kth_last,24,1,2,65,26,1105,1243071568,common_gen,14,0,common_gen:validation:641,0,45e4b39d978385fe33caf748dcb2810f69b8f42f5afaec5f21f26eb10174076b,344f3888d237b2e705f612317c2a847edf11d3b44a23bcfea1acf15e603a818a
015_common_gen_kth_last_k25_t1,15,15,kth_last,25,1,2,65,27,1118,2013217008,common_gen,15,0,common_gen:validation:162,0,c7a05cb279b88aa7b1791b3664948171daa034e4e63f3038697a5c474e88d382,2e85cd349af003b3d9017b8f6d296d4c651ae210b8298d809e182e3e0f8353ee
016_common_gen_kth_last_k27_t1,16,16,kth_last,27,1,2,65,29,1138,1151954601,common_gen,16,0,common_gen:validation:969,0,6bad0a0c0cab9d4fd5b17ea8e4339715b42651ef5aa770f7d8d00b811bd82ec5,b1165f7f8d7b8a1baf09a4c5c1ff5d84624174aa76830e2e257cfcbcb5c1abb9
017_common_gen_kth_last_k29_t1,17,17,kth_last,29,1,2,65,31,1150,198980999,common_gen,17,0,common_gen:validation:461,0,fb71c45e4da3db1bf163bad27eb450105eacb6d44523b41660b1c525908d945c,8c1f86f1be2a72e29177b5921ea68ee92175cebcad9326af15cfcc709b17050b
018_common_gen_kth_last_k30_t1,18,18,kth_last,30,1,2,65,32,1153,2080759986,common_gen,18,0,common_gen:validation:573,0,99cc08831a77ebb30392846d766ce0d1a0a1ad40dcdbf37af7db37a6cc89cdaa,a45f4240746b0d4ab37ceac4038f7bdf92268d65c3e089e30938ccb9464ceb7f
019_common_gen_kth_last_k32_t1,19,19,kth_last,32,1,2,65,34,1153,271166055,common_gen,19,0,common_gen:validation:605,0,91942b26e089be5db715fa8c87b0e4aa3ccae001e397dd5603e21c486fa051e6,23cb9872581abfad46c873d04f8cbde24635234cdde1f87c6a9b276d707d054c
020_common_gen_kth_last_k33_t1,20,20,kth_last,33,1,2,65,35,1150,841196441,common_gen,20,0,common_gen:validation:170,0,727aee25181f77ea0cd236b49e704a060314af8a7e38c2b266500bcc10e007d5,85dc9c2587d9f34f08aead54e1455630eec0b6c3b4c15374baa4cf10118f4cfa
021_common_gen_kth_last_k35_t1,21,21,kth_last,35,1,2,65,37,1138,1035774792,common_gen,21,0,common_gen:validation:767,0,93a69ee4d1413de8cbdc140c9dd55026dd04b793c826dc87d72d6b3240f84b3d,f303aaa48745728450387a4ef0f2384bf4c65b008bf0845967c80d84e2d78115
022_common_gen_kth_last_k37_t1,22,22,kth_last,37,1,2,65,39,1118,542830063,common_gen,22,0,common_gen:validation:5,0,ea8b047b24942c7b294d8b6434465446148664034d653bb48ab2dd1493037689,de3728cd53ac60ad6655a881df19e12a1a07f290643126652bf7e59b983cfc5b
023_common_gen_kth_last_k38_t1,23,23,kth_last,38,1,2,65,40,1105,2060478371,common_gen,23,0,common_gen:validation:60,0,6282fa17bde2f3320abf1a435e22d1ca60200365d1e8fd27b5352ece764658ba,cda6668b4a7675766e40ada79dd047f1de1992738df47e05c3d0090d2c321122
024_common_gen_kth_last_k40_t1,24,24,kth_last,40,1,2,65,42,1073,2069810451,common_gen,24,0,common_gen:validation:407,0,c6466a8ae9b8b6f72012c5d942facac3d7c5b223f76864c4193259cafa1371b1,30b11d8948a0ba53534fddafcd4e4864f0a39d2d824648851b1526a38a6f5407
025_common_gen_kth_last_k42_t1,25,25,kth_last,42,1,2,65,44,1033,376522771,common_gen,25,0,common_gen:validation:68,0,fe675e9ae6d9cbe4b418ae0245938fc51152f14d99fd115c6daa137875b66580,20d7dbb51fcd299551e32fe2d8630015288d7ac317944121e01403b279ade73a
026_common_gen_kth_last_k43_t1,26,26,kth_last,43,1,2,65,45,1010,881983928,common_gen,26,0,common_gen:validation:273,0,6350121bfb6ae3edc725b05efe8e63fd7482f858ae42b05a6cb907f65aa62c59,fc650c25e56a38a2ee8787a8566233a0ddc4f0a0eb0d2320b2b4f6f251bc1a5a
027_common_gen_kth_last_k45_t1,27,27,kth_last,45,1,2,65,47,958,1867340357,common_gen,27,0,common_gen:validation:264,0,d43a1750daf17422c91895807d8bc882d7bdaf7fdc5660da67e2d96b1c19455e,ab79239e6e2c9ae88f11a3746a73f8c9f06ada4819825d7825f3ec2a0fe9bd2c
028_common_gen_kth_last_k46_t1,28,28,kth_last,46,1,2,65,48,929,1538777945,common_gen,28,0,common_gen:validation:476,0,be4159e2d9cdac81e662cbb18c61b0ca11c7ee9344ffd91eb42b2366f9d5828c,9972d6c625ef2e8c2dc807ea5d676ea2341d2895ce894158008cd639aaa90b5d
029_common_gen_kth_last_k48_t1,29,29,kth_last,48,1,2,65,50,865,1569705894,common_gen,29,0,common_gen:validation:426,0,329d84d0818cb93476f7a148229601918a3c0c976ea37836ee554b953c31bcc3,a2acfc843a3aa09452bfc4105050d86741484e0b16b05594db5c996bac5c6020
030_common_gen_repeat_after_k_k1_t3,30,0,repeat_after_k,1,3,2,65,6,439,940907085,common_gen,30,0,common_gen:validation:179,0,79493e73c16204fd4f11fb0eab6bd33756927cae390e1213f380261c2f9f19d2,2478491a0522e834cb1f18353da2b75f587aa44c21e8f2edef26a5647953fe59
031_common_gen_repeat_after_k_k2_t3,31,1,repeat_after_k,2,3,2,65,9,618,74405207,common_gen,31,0,common_gen:validation:71,0,4e54e080b9b92e9bdb0809226195f32b15a2de1dd8526b36b6ae9d1e68f67ba4,879917f2ba9a98e9d1b1edc2edefa9bc10d0ebef4586b8162b03c74f186cccdc
032_common_gen_repeat_after_k_k3_t3,32,2,repeat_after_k,3,3,2,65,12,791,223376720,common_gen,32,0,common_gen:validation:985,0,7b75240834c446322e307fe207f300ca0aed6b55025d7f0eefd1a327a4457758,0b4ce0c0600d1f46ae307c55c37823287954e0f9687b993430ba77560b98a4fb
033_common_gen_repeat_after_k_k4_t3,33,3,repeat_after_k,4,3,2,65,15,958,1397433216,common_gen,33,0,common_gen:validation:692,0,23c07839609a4c2202ca28ba581d3843373869f21b1e8f4f1630b5a83c0b1d7d,7dabe1135c630c7edbb20715a9624759048e18690029df4dd5049b600218bf50
034_common_gen_repeat_after_k_k5_t3,34,4,repeat_after_k,5,3,2,65,18,1119,1313394347,common_gen,34,0,common_gen:validation:186,0,e68350e9810978c6281f3a0d296a02bfdb7990f377ebd8d776fbf84f00f65064,e758c5371abda40c86b4783e12f3d6ce90bd605ae58e32f16979ded634181757
035_common_gen_repeat_after_k_k6_t3,35,5,repeat_after_k,6,3,2,65,21,1274,208501510,common_gen,35,0,common_gen:validation:242,0,7a7ab8bc7d83696e76f416ef7fb9fd85461681cabd6db89e9347e91a5c393e70,aead26d35231c330ca680c76db7957bf860e93607772db3a87e165827af891c9
036_common_gen_repeat_after_k_k7_t3,36,6,repeat_after_k,7,3,2,65,24,1423,1595580074,common_gen,36,0,common_gen:validation:77,0,331df57f76bd305325a7f2b247981828e56f8e50c787f9df4e8fcaf5a946f95e,04e84592fc91e3aff148acb237e1dc9dda82832f8d43ce949be8c27161bbbb24
037_common_gen_repeat_after_k_k8_t3,37,7,repeat_after_k,8,3,2,65,27,1566,637249660,common_gen,37,0,common_gen:validation:299,0,4411bf88f6f35896b11651591793059ca0cf6562ccb7bc940688e53cb5d84c0c,5f1fa196593acd9c81ccb10f35bace521b9dfc6d04341e1634892346069597bd
038_common_gen_repeat_after_k_k9_t3,38,8,repeat_after_k,9,3,2,65,30,1703,675906945,common_gen,38,0,common_gen:validation:879,0,fd527784d4f3c8c8a4abba1e5acf789e7d3aa664788ff095af05fcc89a094558,5f5bac6faf698017e925b7c741759384c7a0560caaba53bd3210ee3eb45faaf9
039_common_gen_repeat_after_k_k10_t3,39,9,repeat_after_k,10,3,2,65,33,1834,1009292424,common_gen,39,0,common_gen:validation:789,0,65b252ab090f261362c589b982f598bb3af9b3b2cab92aff88647f4edbc263dc,476cc9f7a849b3bd88cdaec63144adcc93149d7c1f90cf3b1bc581204bcbf18a
040_common_gen_repeat_after_k_k11_t3,40,10,repeat_after_k,11,3,2,65,36,1959,2144758566,common_gen,40,0,common_gen:validation:144,0,26f09c40c80afdde1dd9842bdc7427cd94aa0dd535cbfd3362d576074d1de798,9fc9a608a86fac6aa2baa96bc8d86da973cfb550d175f3814dbdeda709c2a0cf
041_common_gen_repeat_after_k_k12_t3,41,11,repeat_after_k,12,3,2,65,39,2078,112594980,common_gen,41,0,common_gen:validation:62,0,255f0be902895e2b306e867ee2e3b3fd28c66ada580d626e9b9b105ce8d7f812,2bff6a6e98479a0f7bc0d7c493befeaf463b50c6d5d42f0a8d209af64cbd6cca
042_common_gen_repeat_after_k_k13_t3,42,12,repeat_after_k,13,3,2,65,42,2191,1298467098,common_gen,42,0,common_gen:validation:189,0,7683c4188e1402afabc7b7ff94ce1acb0117634dab818be5317b6c1ad1a6adfc,232eff3be74f0e61fa249c746618e458ef57833f029e92e225308d0d8b2ca23a
043_common_gen_repeat_after_k_k14_t3,43,13,repeat_after_k,14,3,2,65,45,2298,1823450284,common_gen,43,0,common_gen:validation:551,0,c664be512708375b37adbcb49f76ef4fe93811207f6c981701b6574961271967,915ee1eb030ac401a009c519762a6fc47f5decf11c102df7ab35ae7467cffaa1
044_common_gen_repeat_after_k_k15_t3,44,14,repeat_after_k,15,3,2,65,48,2399,1198539203,common_gen,44,0,common_gen:validation:659,0,fd2fb45c7b00a122805700231500798fbf2a67cfa6857e318a830003dc8c1c76,60f0319ac88db62741ac153997296e0da14551d08236992f53236ba2f793e50c
045_common_gen_any_token_at_least_k_k3_t1,45,0,any_token_at_least_k,3,1,2,65,5,370,37439562,common_gen,45,0,common_gen:validation:658,0,cc3c888f5ca620a210479a74355b3cdbf58a9d2c7f8c25e6de1f151c2965dc54,55125943c5cfd0a19ba7b9aee88ca173247c724c96c4068d1744c56fc8c7b75e
046_common_gen_any_token_at_least_k_k3_t2,46,1,any_token_at_least_k,3,2,2,65,9,555,1903573988,common_gen,46,0,common_gen:validation:133,0,d1e76bdac9fdd4ae55c2e4221a162380e8e018ef9fd824de2f3067b4722656ca,b3174cf3d4d02cdf66bdcaa355ec76e744c112f278e5fb0d5fc966c48e82f0ae
047_common_gen_any_token_at_least_k_k3_t3,47,2,any_token_at_least_k,3,3,2,65,12,740,314449602,common_gen,47,0,common_gen:validation:450,0,bcbaa5503b7f5b94f6779e7bc478a7aebad64529d20e00479d59477d9d20f74e,fc0391e4544917ae3256008d137c161e5ee36e4392be74e3e714af82f34a4443
048_common_gen_any_token_at_least_k_k3_t4,48,3,any_token_at_least_k,3,4,2,65,15,925,233223876,common_gen,48,0,common_gen:validation:511,0,baa6faca03f1d5e39c5aba845e8a3c3399c8f27f8fc011a933f3be1b9c2b8064,802d88ecf07bcf22147c3fd639ebde33df4929501519c8e1639d7d00e82ae2cc
049_common_gen_any_token_at_least_k_k3_t5,49,4,any_token_at_least_k,3,5,2,65,18,1110,787705423,common_gen,49,0,common_gen:validation:138,0,146dcc428067b26ecd32cd3fb8179b6d068614be4aa426c9c1008872d03113d1,e52110210fb6ad8044e9990a5dfbc8d4332d498206d85eb6759487d45296d1bf
050_common_gen_any_token_at_least_k_k3_t6,50,5,any_token_at_least_k,3,6,2,65,21,1295,1795740898,common_gen,50,0,common_gen:validation:973,0,e20bf9e4e293982549496b8c77a6bdb8001a40406fd18366e0c2ef1798386c69,5d138183849a3dfb05d1f02135e6ee52c38f845c0e03bd20d5c814fdc7bcb8ed
051_common_gen_any_token_at_least_k_k3_t7,51,6,any_token_at_least_k,3,7,2,65,24,1480,811910745,common_gen,51,0,common_gen:validation:978,0,aa79d1c86c402e8ec990c2b967c3159461d4203492f94e23b5e170a59a13832a,caabf05785186879117ee1772f64ba472cc555bad5346a53d954b332fc935148
052_common_gen_any_token_at_least_k_k3_t8,52,7,any_token_at_least_k,3,8,2,65,27,1665,1041751815,common_gen,52,0,common_gen:validation:342,0,7fd752e082bef14518d8895c915fe84663e11906c372ae6d2f8ac7fe66f523eb,3fe19980db3dd24d4db1a54dcd31ee53c8799e80f8d35ac5f983778f929f1bc5
053_common_gen_any_token_at_least_k_k3_t9,53,8,any_token_at_least_k,3,9,2,65,30,1850,706602038,common_gen,53,0,common_gen:validation:730,0,37d1f1ef5e27d85f60fa3f5c0a920272301f7c5012baa17a6a0f420a0a863307,5255ba6fc7b038f11e0871cac21147075853e7b7bb1bd36fbe1966959a778606
054_common_gen_any_token_at_least_k_k3_t10,54,9,any_token_at_least_k,3,10,2,65,33,2035,1733019061,common_gen,54,0,common_gen:validation:773,0,573ca9bf0c878392223367317a41504db6983ca57b2b99ff5beb2a0681633504,956f4cbea3bc2371c91f8ec88f0cbfede5d19f22de9bf9bdc12fc63fb75dde0b
055_common_gen_any_token_at_least_k_k3_t11,55,10,any_token_at_least_k,3,11,2,65,36,2220,769030786,common_gen,55,0,common_gen:validation:163,0,ce3610d9210179e6e877a90e977afba22363ec496f6425e7436b511c6a846418,4dd014f86f60a7fb5c441b47549f721aba904415f2dbc5af8c6044ab196e7c02
056_common_gen_any_token_at_least_k_k3_t12,56,11,any_token_at_least_k,3,12,2,65,39,2405,1602948389,common_gen,56,0,common_gen:validation:800,0,3b79aeb58c01c4b79afd777b5b0723ee9bacbeefbd2b219f9dd8f4ac1dbea19b,3f630e9e294de5dd93b0c96f48e5ba5edc347a1f05d9c116526982d6ce8b08a6
057_common_gen_any_token_at_least_k_k3_t13,57,12,any_token_at_least_k,3,13,2,65,42,2590,1976454131,common_gen,57,0,common_gen:validation:909,0,0af4d1e328989d8d1607d8a7dd843e115dcd22c0a9ab9a20c5208f1d8c467408,0356429eef76f774318364dc12fe5bf8db45fd543dac11e8aff8ee56eb41001e
058_common_gen_any_token_at_least_k_k3_t14,58,13,any_token_at_least_k,3,14,2,65,45,2775,2080991682,common_gen,58,0,common_gen:validation:207,0,390d980777e2ba37a98617a8b6cc1a0adebad5645d1dbfd902369a69d3a37349,3e268ab5358cec16b959308711b6a4a1a39821989def192d401215e56352d032
059_common_gen_any_token_at_least_k_k3_t15,59,14,any_token_at_least_k,3,15,2,65,48,2960,1841475802,common_gen,59,0,common_gen:validation:676,0,cfa50925efe13f03799f5a47774420b17f9adf8b121346455d858d9cf5736109,a693ab5aed14f5433cb6f307eef3e8b96561020946c9f348e5f2b3bb457dda3f
060_common_gen_exactly_once_kna_t1,60,0,exactly_once,,1,2,65,3,254,416014672,common_gen,60,0,common_gen:validation:248,0,21aa70b109994d707087f2697082408cd15ad210bdf8512702d02e0425cf8cb5,655264008358ae43398c7c56ffd4618f26d560c530c6194836f066b219b1e713
061_common_gen_exactly_once_kna_t2,61,1,exactly_once,,2,2,65,6,381,646475569,common_gen,61,0,common_gen:validation:899,0,74a0766df5f4586f74f6c1c2b5384240c022e824d9735dc2c1c21bdc7b27cd9b,fc4a513394bcad33a5584497a818a0ca89134cdead4c5aa74320e3a5db6d3e2a
062_common_gen_exactly_once_kna_t3,62,2,exactly_once,,3,2,65,8,508,602052025,common_gen,62,0,common_gen:validation:478,0,a2eb7a91e98a5c5585f5ab3d78c7f6fac33fb789172e60c94668d5cc9ff6a123,e60439546454fdee941c08d426d5b2df3bb3ac2db7c9207a64c5016e0a853b97
063_common_gen_exactly_once_kna_t4,63,3,exactly_once,,4,2,65,10,635,517028796,common_gen,63,0,common_gen:validation:900,0,dc8c53f8a60d3fc7fd72530d5e441c986dc99c24eae67a998fb423f095500777,0dc09bd0ee438c95935fb381862c9419bad45281249f9f4098d62d1d762437fc
064_common_gen_exactly_once_kna_t5,64,4,exactly_once,,5,2,65,12,762,487164686,common_gen,64,0,common_gen:validation:206,0,c74d6453b775d16e4ab6c9684411efd8166c0ad0a5e112b92a654814144a5e79,57664f1a42aa3fcd0f0a44a00de44971b572262bb1c43038a08768dfa4f65f0b
065_common_gen_exactly_once_kna_t6,65,5,exactly_once,,6,2,65,14,889,1890148514,common_gen,65,0,common_gen:validation:395,0,b39172dc46b93e66b5dc96c8727ed9ed2697feeb024b0a77d47dcae883a43ec1,09b779f82cc08fbe21acad33ee01fd979b7bfd68c16af80f338064cd80836683
066_common_gen_exactly_once_kna_t7,66,6,exactly_once,,7,2,65,16,1016,148789456,common_gen,66,0,common_gen:validation:597,0,0ac7f205ce58fd43fd2a799f2ae32e728de56e5b8be014659354068ae66ad82d,aebb0a0ce465b8061d553ceaab4198e7d72fa703dfe273a397b93b506d86081c
067_common_gen_exactly_once_kna_t8,67,7,exactly_once,,8,2,65,18,1143,1089310040,common_gen,67,0,common_gen:validation:877,0,6ccf249646e407a39f1c44d43bd296f6043763e8682a95790366f68579d6ed5b,6c9c7de6a903da4c59884a00aa4af1c9d882f5aa2657809c8e2f0dc3a2e98c1e
068_common_gen_exactly_once_kna_t9,68,8,exactly_once,,9,2,65,20,1270,1146107903,common_gen,68,0,common_gen:validation:316,0,d488f7d029acc2b0404a064bdb280f5d63fc5b88b38ed94458c38799c37ebfc2,83fe92f4a51989be2ac3890dbad0b0f3cf4935491974817580510dce0a2f4183
069_common_gen_exactly_once_kna_t10,69,9,exactly_once,,10,2,65,22,1397,887465423,common_gen,69,0,common_gen:validation:675,0,2c34b5b1f9f815ae85e4e47047bd99daa152530c8856e9b5e6fdb0bf2777f708,f2f9f972c852a4beec307b43f316ecd81716d7cedcbcec64c5365b2b68d31bb1
070_common_gen_exactly_once_kna_t11,70,10,exactly_once,,11,2,65,24,1524,1603901595,common_gen,70,0,common_gen:validation:744,0,cab4b87b14dc4a464bb5e9915a33dd59a3957877768360c7b3e14b696da1f99a,ebc94c49e3d2b721fbc8298a1494ed99cb5b22ac3cd850321f55732116fdf797
071_common_gen_exactly_once_kna_t12,71,11,exactly_once,,12,2,65,26,1651,1294496675,common_gen,71,0,common_gen:validation:863,0,4b677add50a1963a966e4987520f72545a6cf02e6a506e6b9dfb0507f4f9d90c,911a207b6fb2e207ef684bfff791495eab6f5452d06f0c94b8e5e68d15c6294d
072_common_gen_exactly_once_kna_t13,72,12,exactly_once,,13,2,65,28,1778,1229933557,common_gen,72,0,common_gen:validation:825,0,5e1ade0389444cfaf73b3d7c9ee95d5f70686ceec5217f301380f2c594929c75,9cf1162fad3d10ea20a4e8897f46179980ea6aba3b588e21543b3d8f8b38ecbf
073_common_gen_exactly_once_kna_t14,73,13,exactly_once,,14,2,65,30,1905,1110274429,common_gen,73,0,common_gen:validation:549,0,157ba6a37c930379debbe3f0e9a5410f5fbb5c7b9ca87a8c97ecfb05c10093a3,74b2f9a0f9dd3d697d04904ddaa3b6f66ab93a1457645b7b250a7b619776f9a5
074_common_gen_exactly_once_kna_t15,74,14,exactly_once,,15,2,65,32,2032,646630876,common_gen,74,0,common_gen:validation:781,0,4c9d67c1f4511ce1b854e6e02c37327bfb0960ef548d5da3baace6ebe4e768ad,52a5819f3fdcb53070499d792de77dba2f44e4fe898716f266c71c62cf6a6611
075_common_gen_exactly_once_kna_t16,75,15,exactly_once,,16,2,65,34,2159,408820454,common_gen,75,0,common_gen:validation:912,0,935fe531f0e00b2eee17f75478541e83d75c1cbb863f6d66ccc61ce643eb58e9,5f8148308b9b3b3a8404e2fa5040a3e7316082202d196a6aa881c78e0421a088
076_common_gen_exactly_once_kna_t17,76,16,exactly_once,,17,2,65,36,2286,1260374623,common_gen,76,0,common_gen:validation:122,0,cee5f504a36ac4ba1a0a23586383689a323bda62fac56e108e1033c5cf4be2f4,3d85d6ac5140bccc283de4a81f978e14dd6224562e085805de93d1136ecbcfa4
077_common_gen_exactly_once_kna_t18,77,17,exactly_once,,18,2,65,38,2413,1300087101,common_gen,77,0,common_gen:validation:739,0,234c700cadf7fb3e85d52d8db46c1d1009f2f95c8fd396f87ad506d0e88145e8,9183725ea29043714b109fc11147803c271c0c68cef90cef376009b09224808a
078_common_gen_exactly_once_kna_t19,78,18,exactly_once,,19,2,65,40,2540,836412328,common_gen,78,0,common_gen:validation:853,0,6153e8ad2da36ef3beec10fd00c749cb8fe7de7203c815e79581ba866adf17b3,39c93baa1f867a9b901a5ffd356e0fcea6676110d3e1c58bd6f0c6d20975a3d9
079_common_gen_odd_count_kna_t14,79,13,odd_count,,14,2,65,30,1905,857176652,common_gen,79,0,common_gen:validation:708,0,d5b1596ba757da526dd27beecfd6654324e2409e88f8e80f3f4efb7a340e6f61,5d4c1c1cfcc6ecf9f75559f211bc7b77a94e32594047a879e87e21a96f3d7374
080_common_gen_left_not_right_kna_t1,80,0,left_not_right,,1,2,65,5,313,824386362,common_gen,80,0,common_gen:validation:327,0,d110580d3cca56381bd449529bd9bca547ba9257caf2eb9bc3d430446f878c4b,8ff7a9559b79cced24f01200fd17e1315a358b9be01eba90b5a249bc2cd424d2
081_common_gen_left_not_right_kna_t2,81,1,left_not_right,,2,2,65,9,501,653345694,common_gen,81,0,common_gen:validation:954,0,64b5b003f538ac422a4db2241896c7ef536d6dac306b3899bab200e1422186a9,729eb47778b92272619a3e6e48a5d092de938405273fadf68ac295d8ba806d97
082_common_gen_left_not_right_kna_t3,82,2,left_not_right,,3,2,65,12,689,349216165,common_gen,82,0,common_gen:validation:24,0,df9e1796b5c43e08fa7b174f8623b2002e298fabb6d5b4bf014a05cc7911802a,2f4d35285885bcd4030b83d4aaeb4511e156b4e9a555730a9bf1758f99c35334
083_common_gen_left_not_right_kna_t4,83,3,left_not_right,,4,2,65,15,877,1598761772,common_gen,83,0,common_gen:validation:275,0,24f7ff4da84c24f8d8c541bb124d366318be022b183e90fcdf2117fcfd58e31d,3b55ab987d65f79636ff6d741ce7f4aac2ec6890b7938232e5612d60ebc8e186
084_common_gen_left_not_right_kna_t5,84,4,left_not_right,,5,2,65,18,1065,1997771556,common_gen,84,0,common_gen:validation:390,0,f7df5dd568b321b2c180ff24ea39666e0ec99e671b21fb2b3d52dcc1a495ace7,c2850aaf8185e68ab24255cef6f106e20373f9f9d112928adfb77667ee5e89d4
085_common_gen_left_not_right_kna_t6,85,5,left_not_right,,6,2,65,21,1253,1853355359,common_gen,85,0,common_gen:validation:687,0,968a6e7502cb049d212f527edc50615d8fa3293088169aaaac4b0228096b2e0e,ea4b25841370e3d758a3ede9f982f7f405a8da63ed35b46b725418fe0a304379
086_common_gen_left_not_right_kna_t7,86,6,left_not_right,,7,2,65,24,1441,1258226968,common_gen,86,0,common_gen:validation:548,0,ed68475bfa08384c3bb8f43a006eca0eb28e04fbe574676272b57aec4744b60a,8d29c1c55f6cdbeb59af24d1fa129b32f16c4b640262f882c21a155a4ef1f2f7
087_common_gen_left_not_right_kna_t8,87,7,left_not_right,,8,2,65,27,1629,1376487332,common_gen,87,0,common_gen:validation:429,0,009727ff57f554a15eec87e8591ae37b07e1dd9b8f8f6f285260ad9560e88252,5bd3ed89be8c786b04e2a969d9b1f5d1e32135b5657f97adfc454e77e6570b90
088_common_gen_left_not_right_kna_t9,88,8,left_not_right,,9,2,65,30,1817,1200502723,common_gen,88,0,common_gen:validation:793,0,d55a0a1d969857c52ea4dc80d8c40a31e7e44fb5282c656aaa494740937b157f,f8d24403e659839eb347c367be585690ba440ba3cc3b22e7e35232be8900c01f
089_common_gen_left_not_right_kna_t10,89,9,left_not_right,,10,2,65,33,2005,1505447202,common_gen,89,0,common_gen:validation:416,0,c235fe47d5990fea3dfbf2427e227836f777d9f0f55e6240fb3a7256d54ce28a,d3088aa222fba8a117e2ce173651503db1f31a4c26703b9b63d463e20bc30e9f
090_common_gen_left_not_right_kna_t11,90,10,left_not_right,,11,2,65,36,2193,771020817,common_gen,90,0,common_gen:validation:343,0,ca56b5658dcd03cd98b8c814572fd7e4f755d7766cbc250b10010681dcfd6c29,93b8e764d890afbd1e2e8975a3fc17b4d0cace17c127d31a6e3ad12c8744ebb2
091_common_gen_left_not_right_kna_t12,91,11,left_not_right,,12,2,65,39,2381,804440475,common_gen,91,0,common_gen:validation:608,0,876d87fe32246f995cf9ec3453575f8e2d5e9433fe6a4d9d833354dcd4d50ac5,18349231589284bda6f6f809f5ff2af485c5e63ecaba7d56e838fe602e1b1128
092_common_gen_left_not_right_kna_t13,92,12,left_not_right,,13,2,65,42,2569,231882639,common_gen,92,0,common_gen:validation:950,0,342e9216f817e79f1089d2b264d2d371e4e890c72bd4ad930bf16447c659e949,a4d7054955750485fd0055387ce782a509bbd896a73aee4e499f41845b8b2937
093_common_gen_left_not_right_kna_t14,93,13,left_not_right,,14,2,65,45,2757,1386296876,common_gen,93,0,common_gen:validation:750,0,b4a501633d8cea81879ac4f152698ed44772cad4517f3e1c9ff0dea930d9d565,b6e4eeb4f1efdc39df0722fc3c041aec2d58745d34cf1341d9b045e942c3a266
094_common_gen_left_not_right_kna_t15,94,14,left_not_right,,15,2,65,48,2945,597251337,common_gen,94,0,common_gen:validation:820,0,4800a6b4e4853518365c615a640334c2384945d1d921552ed76af3181ba879cd,45304406818499f95e069901ccf7cc4c69a837a1f532ad419b609d0884d6b007
095_common_gen_left_not_right_kna_t16,95,15,left_not_right,,16,2,65,51,3133,244727052,common_gen,95,0,common_gen:validation:963,0,c07e0acd87bfe72a72b349e0c8151001a63273e1eab667b0bc4c64943650bdf5,c260ed64efc8773628a432493c2aebb7ee48973697401051c4f2ac68a7e2cb98
096_common_gen_sets_differ_kna_t1,96,0,sets_differ,,1,2,65,7,439,1166467532,common_gen,96,0,common_gen:validation:137,0,9625fde2dca396d30f8cea26a7ae0f8390e309823a7e4f91ec15ffedb4eaaaf8,85d1af6424287cac5148d6752ea3fa42e099f156d4cd0ab9d5e4b107dc47fa75
097_common_gen_sets_differ_kna_t2,97,1,sets_differ,,2,2,65,12,690,297153974,common_gen,97,0,common_gen:validation:271,0,150d477c564a6df90fc3e3a7d8bd14bdeaa9d89d44944da840b7995c451b83f7,46b5dfbc999828974a1897384c385de2b432eb39c51833e56f885afcfb1df99f
098_common_gen_sets_differ_kna_t3,98,2,sets_differ,,3,2,65,16,941,1600987872,common_gen,98,0,common_gen:validation:836,0,867e792887e00b8bd3e1c2f82f3be3a035bab7bf805ca96c413970d62d6f80fa,75c0bfc598de1ac69bc54cead698a02341dbe93454faadda68a87179261eb795
099_common_gen_sets_differ_kna_t4,99,3,sets_differ,,4,2,65,20,1192,307676802,common_gen,99,0,common_gen:validation:469,0,8834798c63e91a8a5e4e9cf52b56a6e97272b48eb6de5eda091efeaff61872ba,a59a89b7097216dd23da2887dd2cfd7fe1f9ab2d32755c38da290fa6c5496fa3
100_common_gen_sets_differ_kna_t5,100,4,sets_differ,,5,2,65,24,1443,575697519,common_gen,100,0,common_gen:validation:73,0,10f7073062940487d56d1e5ec6e179d695b478d2717dcdba00375589adf7f273,de463ab180ada770d28869b4a1a787aa131e505e56d5953a6fa6265d843afcfc
101_common_gen_sets_differ_kna_t6,101,5,sets_differ,,6,2,65,28,1694,84759980,common_gen,101,0,common_gen:validation:655,0,8211d74c7b2109eee08e98c4e2b77ef3fddbbcec40a28f639535b87e6e1294d6,dbf4d9bd5411aa3132bd80e517587acd8b16098df336a7adcc2a77ef07d45b5a
102_common_gen_sets_differ_kna_t7,102,6,sets_differ,,7,2,65,32,1945,1345129960,common_gen,102,0,common_gen:validation:302,0,6b5acdb6d8b800ebd0278ddf7fe1783fdb34c6be80d2acdfa4d0fd48f8faec8a,037be777746829a2cfa51a1d9ea99c3235058c8f65f060a7f83b3d541c9cf07e
103_common_gen_sets_differ_kna_t8,103,7,sets_differ,,8,2,65,36,2196,1603671715,common_gen,103,0,common_gen:validation:904,0,e24a85f6144d12b764b5ef43e42961ef9b4a26e81fc4165c2438f66e70a5e8ec,dfae8e8c0260b80387b2c651d6da626fadeaa45e691aee1575cb95ef551fe906
104_common_gen_sets_differ_kna_t9,104,8,sets_differ,,9,2,65,40,2447,1693750564,common_gen,104,0,common_gen:validation:488,0,e11bdedf14e952ad73d4e5b62bb027266073c04958b7ad6aec63f196467a55b6,81349784b76de06f0c7c93c86e6f356e4e8cec148c32e84948af83adc7a956a0
105_common_gen_sets_differ_kna_t10,105,9,sets_differ,,10,2,65,44,2698,499679188,common_gen,105,0,common_gen:validation:518,0,5734e87de39f789d7a0d267a6c0f539adabd3cc2c71ef03167918497faf5f8ea,9ffc21e301f98376611165070bf0e90a651f588d2c999f919dbc1342fc450c9b
106_common_gen_both_sides_kna_t1,106,0,both_sides,,1,2,65,6,370,751138873,common_gen,106,0,common_gen:validation:821,0,cd378c0dc04c5ffa310c792e6ebbf218d79de6e2d01e94a6e332c837dc39b558,af1cd160875b3f690b77647f41d7baafebf62c22cf0c4451751ececb1652ae0d
107_common_gen_both_sides_kna_t2,107,1,both_sides,,2,2,65,10,555,1787116719,common_gen,107,0,common_gen:validation:918,0,7936785d6a5500fd42b247f4a64b523a95003ef18632fe5266b8f4cf7100d6b9,c1339e4557e8444fcad84edc96254c5c9b4a06a877b840395e66d0bf28def280
108_common_gen_both_sides_kna_t3,108,2,both_sides,,3,2,65,13,740,69960948,common_gen,108,0,common_gen:validation:74,0,1c948821b32eda6d954e152f93946dea0cfaf00f6232b296a291335495a9c3a0,18fa672f67c04fe737d794447da0c0efab9528f99e79f348d4045e55cf49983d
109_common_gen_both_sides_kna_t4,109,3,both_sides,,4,2,65,16,925,1992996289,common_gen,109,0,common_gen:validation:823,0,fcdcaae1af8e8a42df00bd0289341203c1cdb7eb77790d8472c76c05f2bc5e4c,2f0590e9679f6b261ee03e06b48d77cc2118f08c8f41871b0a018e070a164d39
110_common_gen_both_sides_kna_t5,110,4,both_sides,,5,2,65,19,1110,1305460016,common_gen,110,0,common_gen:validation:681,0,f66a333a2a7278a0e10289d7423b7124374e6a5375c74c404f55eb26099d9173,53f9d700198fea08913a808085c561ffe771fb858c4034280c534ad20d392499
111_common_gen_both_sides_kna_t6,111,5,both_sides,,6,2,65,22,1295,882206730,common_gen,111,0,common_gen:validation:525,0,e8eabcdea49cd89d617587dd5ac1c31c6ae99e3018d42ed1db20978a8676f712,59309c06563e6b2cc8e5fa5117aa610a2f0b28c753336a11ab0105a498ff0701
112_common_gen_both_sides_kna_t7,112,6,both_sides,,7,2,65,25,1480,1702294781,common_gen,112,0,common_gen:validation:166,0,044cc2b61314abe0f1a1c5efb7cda98cd5b5702e2a4d9dfd8ef279115762e32e,63ff2f541e09234052cde509f205c96b8bce1337d1061958c6d54a4d7a2c86a5
113_common_gen_both_sides_kna_t8,113,7,both_sides,,8,2,65,28,1665,830381535,common_gen,113,0,common_gen:validation:883,0,3a4dd1d160e395a249e20204d680dcce2d5abd882f3c79cead4f22b9e8dcbf87,119d805d0ee0725fa4c4d6077a31b5debeeb281377c1e8c48d6af6c393b87822
114_common_gen_both_sides_kna_t9,114,8,both_sides,,9,2,65,31,1850,1181166704,common_gen,114,0,common_gen:validation:274,0,e8535a0d1d6961020ee1a6cb628264a376f22d7220b680b5a73556361cc3438e,e757e28a55cdf18e3c40f4532f2695416b8e1f2329271eac0b80c93bf921966b
115_common_gen_both_sides_kna_t10,115,9,both_sides,,10,2,65,34,2035,442803529,common_gen,115,0,common_gen:validation:803,0,eddc4fe8da205c33a60c3cf7e91edf0084c8020ecfcc0c53f7a5f906bd8c9afe,178f289376571d117d5479bfb0eb95108008c1d287763c6230208ecf9a9338c3
116_common_gen_both_sides_kna_t11,116,10,both_sides,,11,2,65,37,2220,1399913590,common_gen,116,0,common_gen:validation:276,0,f2136ef46653a311988a087cd7b496c1d973a9eb1b9c3dacf53b93b7c6471b87,d4bc6c75168db502110fd6b4189f4adac316a052e2e6ee8ffbbc01b3fc4f1a07
117_common_gen_both_sides_kna_t12,117,11,both_sides,,12,2,65,40,2405,1209901790,common_gen,117,0,common_gen:validation:694,0,25f2be685d5533d4c04bacc9037fe0f1b734b35f1560f33dd28543a2df7e506a,66100fa29a0502e4d74bc18f5515072db650094ab184596b91ba4468e03cd432
118_common_gen_both_sides_kna_t13,118,12,both_sides,,13,2,65,43,2590,852852407,common_gen,118,0,common_gen:validation:875,0,772079de2bd63a3315a1912936c8499ef77aef2a42185791b48496357ccee15b,d827b5ee7a370aea0e46453b4b09a68beba0bba71955eea422dd319e6f3a468c
119_common_gen_both_sides_kna_t14,119,13,both_sides,,14,2,65,46,2775,1584945014,common_gen,119,0,common_gen:validation:603,0,54d1d167a8cafb4b4691afc4039ec1ebfc1a58d374b222d0ee79eb8dd36bd783,b366b9523bd1e4bf707da0d6c8bb5cb03e73ba44fd6be24eda45d881b212ba11
120_common_gen_both_sides_kna_t15,120,14,both_sides,,15,2,65,49,2960,816804965,common_gen,120,0,common_gen:validation:599,0,d7460701355473f2ead1806f0f4e916a53baeb29532bc787c9aee486ebdace78,700fd6ebde2cc701b24c68907001678895ac6e3be4f6c2c86e531966445de68a
121_common_gen_even_count_kna_t1,121,0,even_count,,1,2,65,4,313,103387277,common_gen,121,0,common_gen:validation:752,0,420099f466963e5d9cb921cfc86d7a68e2bfa25c6fd02d6f7b85ea651d0c9169,1e1211f1a324383c5c5747b43d0150f1cbbb4f4a70c37e4017c344cad15ecc07
122_common_gen_even_count_kna_t2,122,1,even_count,,2,2,65,8,501,982188147,common_gen,122,0,common_gen:validation:135,0,e0cee47b4840793793833d3bcb601b4401bfded440f50cb4c87d6ba88f918315,3faef99a92e2242a0d949928500d05ed6a64c337f3826e48c419c8dd634a39d4
123_common_gen_even_count_kna_t3,123,2,even_count,,3,2,65,11,689,436255659,common_gen,123,0,common_gen:validation:238,0,d708a3d99776b590a9dcb8e3cfd8970bbea85ea085bdbd7662739b9b98840c0d,b0920baf9257c61c603b24226ea7cba1ae9f6e0f83a37e1827a489bc34748a4e
124_common_gen_even_count_kna_t4,124,3,even_count,,4,2,65,14,877,650104059,common_gen,124,0,common_gen:validation:831,0,024ca22b0a5a747dcd10218e3f021d7dd226d1f82d36dee230f7bc245b8a875b,847d854650a18ce07e860d89f6c39abe86f53b22103a650c6ce1a7376d6b7574
125_common_gen_even_count_kna_t5,125,4,even_count,,5,2,65,17,1065,710421324,common_gen,125,0,common_gen:validation:538,0,6dbdb7024f30320ae20276da6d64de640b28f7fff17d8fa7878cd0263552cecf,89b9ea9393ca0e572fba2351b19609d0f63204c1048ff3014250e5678d4ae470
126_common_gen_even_count_kna_t6,126,5,even_count,,6,2,65,20,1253,648168075,common_gen,126,0,common_gen:validation:38,0,bf775076c9a52ad213712848fac68c03058b9f9541f23b91a196f97071224eb4,d64d53a79912e0171736a16a3ddb4214f5efd05118803bf302555a7cffd6521e
127_common_gen_even_count_kna_t7,127,6,even_count,,7,2,65,23,1441,2103500988,common_gen,127,0,common_gen:validation:947,0,490eef2674e9b21b177f21211941ad85e0c8b9f513c18850020d11e6a5b0d0fe,bf61886ae8fc793be64aef16a831c0de44c2749639dec47dca5deeae199e1755
128_common_gen_even_count_kna_t8,128,7,even_count,,8,2,65,26,1629,1373261919,common_gen,128,0,common_gen:validation:670,0,5761ff6aa0111b0f2cc708c7658253aac30110fff1098d4674aa86921896168e,ad93a16a36b643c22294369eae36819d3118eabb26ede56e8ad0db0865bb317a
129_common_gen_even_count_kna_t9,129,8,even_count,,9,2,65,29,1817,938784664,common_gen,129,0,common_gen:validation:434,0,4604f7bcb2a282e4cce7c1f5dded6fb66e2f27d29a43888d7a98b16457c0182e,f4f165ffd13528cf34a34431dbde6917093f680fbf03c7263fa9634a9fdb38e1
130_common_gen_even_count_kna_t10,130,9,even_count,,10,2,65,32,2005,1129217176,common_gen,130,0,common_gen:validation:975,0,00eec5c5b10e0625945ed174b02987f0d59abb8bfb0b83a9085c769c92a76f58,4466d1bbc54fddb501f7e1e579e5675c06d12893444ac0cdf56d25860e75782e
131_common_gen_even_count_kna_t11,131,10,even_count,,11,2,65,35,2193,1023589603,common_gen,131,0,common_gen:validation:860,0,df976ae1c4d168da34c8fb6af0feb267c21bc3470696ee0e3caf0502e3916e9c,5ed80669a5d23c20986c6559fdbd0a59bdd388cef75de60dcde0b70a66c1fcf9
132_common_gen_even_count_kna_t12,132,11,even_count,,12,2,65,38,2381,1421284154,common_gen,132,0,common_gen:validation:559,0,d6b66598322e5be6678448927e2196d2c20c9b115e707ecbf742000760b2e19e,b63dfe12b7597e12f3e3e3636a0fb698d4726bfa2868f7dfc3900ea9e2836433
133_common_gen_even_count_kna_t13,133,12,even_count,,13,2,65,41,2569,1410041463,common_gen,133,0,common_gen:validation:929,0,30125aeed60ad97e9c25aa0a8add9aca6d5d73ca9d2390c0343cb45f545ffbe4,a8b8f1c0237de02b0f4b389e238cf714f8d8390a427f5422b5a767acd123fe3b
134_common_gen_even_count_kna_t14,134,13,even_count,,14,2,65,44,2757,308012226,common_gen,134,0,common_gen:validation:682,0,e0ad38e6c0c3c9dfcf20d43135171ccaf1410a7a557a54c98792a7de2f930389,af11602c920748c459ee04a7177268012e7af4b1df4804b5087418317a15ab8b
135_common_gen_even_count_kna_t15,135,14,even_count,,15,2,65,47,2945,1060376882,common_gen,135,0,common_gen:validation:666,0,aeb19bf8b4bd7598a0b606a3cdf1a32e54f911ce75f7a5bc2ec81db03a549741,e6c198daa16de6d13ecbf7d1cccbe42e369cf66048f2f768bf90f5c0c5e48df4
136_common_gen_even_count_kna_t16,136,15,even_count,,16,2,65,50,3133,2042865728,common_gen,136,0,common_gen:validation:971,0,ca846aff5115645fc0bafab1b83b1e050a901a3ea1ebef6b3c021cc98593660c,4875df4433f4edad98755d62d790678fa156579f5c95e36fb74f61d1253bcf5e
137_common_gen_odd_count_kna_t1,137,0,odd_count,,1,2,65,3,254,1129329098,common_gen,137,0,common_gen:validation:501,0,a76a9a0d6cc75bb21be97d06fee030f9502fa346d4756dc10cc4eba0246a2c5f,04d05918a28c3d4d234c99f9ff3c6ae0e6eca6e7275dfd6ada7e6ee595aeff5a
138_common_gen_odd_count_kna_t2,138,1,odd_count,,2,2,65,6,381,373271689,common_gen,138,0,common_gen:validation:64,0,e96b5de08c13db4fac7409fb68c1d4f3624ef5eb8fc84b7f7d5abeeab4f62064,3077cb6740e529218aa2bca14bdb01e5b3c790f4ebb4152fcef6108fc45f9a55
139_common_gen_odd_count_kna_t3,139,2,odd_count,,3,2,65,8,508,2089540959,common_gen,139,0,common_gen:validation:644,0,867a079ca7af97b14d54fe3c858fe06cb81f92dd34ed2dc12bf34e2de220bfac,32f25b0c52a81fb9ba810422cb67fec0f7608b22167fefbe5985dbc3226db5d4
140_common_gen_odd_count_kna_t4,140,3,odd_count,,4,2,65,10,635,1446895034,common_gen,140,0,common_gen:validation:513,0,9998b360f6bd02ce53fac55e8d1ea1a50fbd9ad896fc0b59367946f9cd9747ab,dbaeb0d54e5240b6b50089207ce7bea5854bcb7eb9465c72addeb78306f4d65d
141_common_gen_odd_count_kna_t5,141,4,odd_count,,5,2,65,12,762,1077562839,common_gen,141,0,common_gen:validation:97,0,fddd92bf9c487eb31b5de0f2b7c9a5ab2046e67d675452afd1a3217873e61b5c,de380a7402b902b48571edefcd8416abc98ebaf7cbe6c199f50ff269a98a4526
142_common_gen_odd_count_kna_t6,142,5,odd_count,,6,2,65,14,889,393881581,common_gen,142,0,common_gen:validation:43,0,2bf907e43ae67b963158fddf9eac1bae6f30bcb07373cde3e4cf0eb297677370,b7223e401b3cf7696452e4ba3c6cf30535f0c75004cd3e6c3917676452f28313
143_common_gen_odd_count_kna_t7,143,6,odd_count,,7,2,65,16,1016,1407680420,common_gen,143,0,common_gen:validation:187,0,659b858dfabdf89990f0f72b694d43dd55e2de43c18045d33827b1d50ebc6716,15e6997cedfd183461c9e90d35f76b95436a8b1981d1c56cda7154b49fb6df90
144_common_gen_odd_count_kna_t8,144,7,odd_count,,8,2,65,18,1143,646014346,common_gen,144,0,common_gen:validation:277,0,f4e14e30d032f01420bb676784980d1c75c4acaa829e7c89ec7b51e43c7eef89,aab6391cb3d0b151b8c1c2be4c7750f6cdf9cdbc6c4fa260fd2d60811c3b6f30
145_common_gen_odd_count_kna_t9,145,8,odd_count,,9,2,65,20,1270,1614181515,common_gen,145,0,common_gen:validation:768,0,358bd47ab5e0728d260ceb22f7b9805d100c9641cc2b98b1eaa831f3c22cd0c5,98df521c8beff6a37ff14353742ea8ffe6acdbc1d92e778081b63f91bb7646e7
146_common_gen_odd_count_kna_t10,146,9,odd_count,,10,2,65,22,1397,1871991577,common_gen,146,0,common_gen:validation:262,0,69a39f9ab29cd79a280cd55b35e59c1bef03a8243dcca80134d3e2c384d30c9b,baf5a852a3abddb5d6b676af698267f54fe90d9ef3e1771b8bd40b5441fde5c6
147_common_gen_odd_count_kna_t11,147,10,odd_count,,11,2,65,24,1524,1936735672,common_gen,147,0,common_gen:validation:804,0,58511116960993d51036e068e4c69b2985d69486469e983f5fe87f1da1eb6ed2,4da7717e05c361fc590e1b2860e9406b43df12b0f46e269dddc296a07da1ac8a
148_common_gen_odd_count_kna_t12,148,11,odd_count,,12,2,65,26,1651,136770606,common_gen,148,0,common_gen:validation:400,0,02d68d086e8921c335c698034e952b00177e9e7d2fbbb53d048cb79d2f7092ee,3d19342c30f943ff78637d7fe8e8108ba909c94e3949941218d7aa142df41baa
149_common_gen_odd_count_kna_t13,149,12,odd_count,,13,2,65,28,1778,2070989985,common_gen,149,0,common_gen:validation:782,0,f486ebf379e6c28cbb0ea2e95acf3716514ca7c474deb2209325a5b4d8db4bce,64fbbaf82391e16252d11496fa560a7799b7fa714abbf27467e23bc5f42bcf8c
000_common_gen_kth_last_k1_t1_rep1,150,0,kth_last,1,1,2,65,3,254,1605197905,common_gen,0,1,common_gen:validation:157,0,7bd01b2ac8a938acb03653a0c93624bc3ce2a85848c7f7a9d325f639ddb8247d,084d6b07ab03638831dabc1fa75b16cc3ebe177ba602853da8e22c3a9a807920
001_common_gen_kth_last_k3_t1_rep1,151,1,kth_last,3,1,2,65,5,370,1449557853,common_gen,1,1,common_gen:validation:82,0,6eff1a171712363b51abb8186d2d4e87a5b5630f4cb2edb8a07ed13baa8e4de8,818a6fc1faacdcfaa8a3f3386e2fe91710d7261f775aad6c8de94d2dea7a7866
002_common_gen_kth_last_k4_t1_rep1,152,2,kth_last,4,1,2,65,6,425,400397256,common_gen,2,1,common_gen:validation:988,0,72f84f4022186331a9e362642e4cdb1ad327e7afd15073e090731bb80538e1e8,87050aafae3cc9590d423c961cbd62cf822488d00b03548982e5da928a3e1716
003_common_gen_kth_last_k6_t1_rep1,153,3,kth_last,6,1,2,65,8,529,246062452,common_gen,3,1,common_gen:validation:410,0,2b9d7f5d0f5d933280a2ba1171518d01f1840f1a62f0460a0df27f9d27bd4497,065773ac2bed006ec045778de83203122c666b6d997201dc615354513a35bc3f
004_common_gen_kth_last_k7_t1_rep1,154,4,kth_last,7,1,2,65,9,578,1987945104,common_gen,4,1,common_gen:validation:699,0,d7768076a8d7d7b0921353b5528f8297f16b300e0c24a83a96e9a97849b98fee,cdcdde6381249e07f2d3ad46e15aa32e7531d83f6e8e5fa044269f4fb913ea55
005_common_gen_kth_last_k9_t1_rep1,155,5,kth_last,9,1,2,65,11,670,798250124,common_gen,5,1,common_gen:validation:18,0,35d05e9641330ae4c6d6f800c7e7ee8aef92f0477a757d0e491db61c4d88cebb,628cbbe2f558ddd36ffc3ba3b3493cde51070e0a291d38fff77367d107f43ccd
006_common_gen_kth_last_k11_t1_rep1,156,6,kth_last,11,1,2,65,13,754,382860176,common_gen,6,1,common_gen:validation:529,0,3a1ccb00c9586b5aa5940103c2f60894951f690ada23dfa0bbbea96d4fb8f103,100b7f1231dfdcb0a84a6c720780e945ebd89035ae793e4f7ff7a203ea28418f
007_common_gen_kth_last_k12_t1_rep1,157,7,kth_last,12,1,2,65,14,793,590025292,common_gen,7,1,common_gen:validation:695,0,c630f88b17127aa3f53f9a5cffcf283c4653dd86fc859a87ffbd1504e2942e5f,3b4c722299af781f2d4beb8e45f08f6d263af656efec24554f3be9d3cffaddb2
008_common_gen_kth_last_k14_t1_rep1,158,8,kth_last,14,1,2,65,16,865,395266010,common_gen,8,1,common_gen:validation:700,0,dcd369140a94da1fe7c5e997ecf47496c02228398577c74ffdc1cc665293cc34,03729b8133726c2e98ede9802bd29217f1c50153222d75c89ceba15ecb33c600
009_common_gen_kth_last_k16_t1_rep1,159,9,kth_last,16,1,2,65,18,929,1088972404,common_gen,9,1,common_gen:validation:631,0,312edfaf549ac3db7ab825973282ba3b363a85ad71d99d63453227fa749194d2,34055ead659b6697512b1dca791a557237e46a38e8d7ec35397ffa4a4d24ee95
010_common_gen_kth_last_k17_t1_rep1,160,10,kth_last,17,1,2,65,19,958,1028610638,common_gen,10,1,common_gen:validation:502,0,7d979d658942632674c0f8f57b71d320785f2e3847e92e29046da62976b4ed99,e72849b5b491dc1cad332b7d619f238697d278f80a5d872a78fbb0ffe0737cd6
011_common_gen_kth_last_k19_t1_rep1,161,11,kth_last,19,1,2,65,21,1010,1170513678,common_gen,11,1,common_gen:validation:964,0,1e360007e8ba521a7c95e5a437b9dbc0aefd6c10fcaa26784431cfac6bed9d30,625849997477847492394ef018b64aa339b8d2a3eaf5895a9c70979b71a871c7
012_common_gen_kth_last_k20_t1_rep1,162,12,kth_last,20,1,2,65,22,1033,1698868490,common_gen,12,1,common_gen:validation:792,0,8165c0b07d616bfa8c2cd711a6105e5d01d98f64f7167735ca27bfc57d3d42f3,439eb77acda5ddbf1a24cc82ceb40732a0bab316be5e728e20646c665afab303
013_common_gen_kth_last_k22_t1_rep1,163,13,kth_last,22,1,2,65,24,1073,264401576,common_gen,13,1,common_gen:validation:164,0,247adaa19156123ec63d51d88712d5db0a0dfbf51b027c678cefe84970713c0c,9b94ed4f8ee977ae6501c190f8675163ee30f2a362d049650f526b972c15be27
014_common_gen_kth_last_k24_t1_rep1,164,14,kth_last,24,1,2,65,26,1105,1709182379,common_gen,14,1,common_gen:validation:878,0,062423bfd57ea3b5d66bc7f02f970c6cbcf6ea4bf64a964bd979d8e730bd2c89,d39c327c7dc7c9e72eb478fc45172e6749f47af4b217d5c0a95900bbf4e563ca
015_common_gen_kth_last_k25_t1_rep1,165,15,kth_last,25,1,2,65,27,1118,1638486433,common_gen,15,1,common_gen:validation:591,0,550f78962fa6068da190f673185fab1457e0342c67e5ebaee8a97d5b8edbc818,cf5803d9f519a626a6e565c608daa99d5ad7a36e4cbaf6b27a783c7588d7eaeb
016_common_gen_kth_last_k27_t1_rep1,166,16,kth_last,27,1,2,65,29,1138,1674613536,common_gen,16,1,common_gen:validation:405,0,551b023083dd374f62c0c648e148b17676fe5ea699fa6b0de458c74338d75b46,45acf4cb63c58fd0b1d22f60e9439924eabb3de88fa0e27d10869c129eac043a
017_common_gen_kth_last_k29_t1_rep1,167,17,kth_last,29,1,2,65,31,1150,1658722375,common_gen,17,1,common_gen:validation:414,0,486d1bc0ec29543461648a7292e468bcd987307ba079292be8d84b1ec52d77e9,26854987c07715b1701d972812a6cfde196362161e655d63a440354a9be05b60
018_common_gen_kth_last_k30_t1_rep1,168,18,kth_last,30,1,2,65,32,1153,1745670586,common_gen,18,1,common_gen:validation:210,0,224aee95c866ef830810455244d7c0c541ba9976c06feb7e0edc3566a5cc9697,b2f03bde326e7fbc3bb6f644ad25f0e143e27c360c62fce7dbcec22fca27921f
019_common_gen_kth_last_k32_t1_rep1,169,19,kth_last,32,1,2,65,34,1153,794528412,common_gen,19,1,common_gen:validation:905,0,3e189834876534c39e792432693a123d820e8d6b89915e3ea68db7be13d52515,e8012858845fb697d53248f53ffa68fe5073cc15bbfcf523e8fedf3bc78f69c4
020_common_gen_kth_last_k33_t1_rep1,170,20,kth_last,33,1,2,65,35,1150,338848764,common_gen,20,1,common_gen:validation:776,0,fde49772bda83c71a70167584699620157bc0540058141765ba0fd090ed576a2,c52cef1553b8b5c354c863a56fd21c1fc56cb2ec2f4806ac818a6ae303314235
021_common_gen_kth_last_k35_t1_rep1,171,21,kth_last,35,1,2,65,37,1138,930440047,common_gen,21,1,common_gen:validation:209,0,c22dda3ae6f769064e12924939915f6e38cf83382e006a6552d923a0b9447b0b,b32cb97783b55e95bf27f1fe0c06b60fb4886693010a2da8cc3d8d92647456de
022_common_gen_kth_last_k37_t1_rep1,172,22,kth_last,37,1,2,65,39,1118,1006841862,common_gen,22,1,common_gen:validation:354,0,0f8ee3158108592cb04fb667bddb85bdb7403d12078e0012871e01d45b628e2a,56f6af35c3dab473e1bd7bc9b0e480a12932f380a95fdac959bcbf6c3614813c
023_common_gen_kth_last_k38_t1_rep1,173,23,kth_last,38,1,2,65,40,1105,1702076224,common_gen,23,1,common_gen:validation:367,0,50daacf0f0294b7594817f4847b627be33077e2204675ff7224d4cc9b5491885,cdf1593d26b21cbef1f778ef396b24e5069dd6b55e66cc127add1c53610c697b
024_common_gen_kth_last_k40_t1_rep1,174,24,kth_last,40,1,2,65,42,1073,1070036334,common_gen,24,1,common_gen:validation:610,0,5845d0eb6d64e925e790dda5dc80f08e73d776340479f91bfac1cbdf4e04b5ce,5c85f61a050ff8b40384e6ebcd911f7873b3236bffefc0cda9ca95e50e97df18
025_common_gen_kth_last_k42_t1_rep1,175,25,kth_last,42,1,2,65,44,1033,1161641129,common_gen,25,1,common_gen:validation:14,0,1017dd7c129cf0cc904f5820f56dc50ebcabce48bb79226f3ba20ebe6b3eeb31,9ed8200628d4297065747515638dccbc46e390573d2ac55ab3178fbe4ee20714
026_common_gen_kth_last_k43_t1_rep1,176,26,kth_last,43,1,2,65,45,1010,1110310343,common_gen,26,1,common_gen:validation:889,0,09fafd2dfe9b5bdbd625d5fbac6317c3f9540e4fd9364f0a66c00cfa5fd9358c,5cb663c4fe73062f357a251ca8d8a095f0d67cb6bd1f300ce8951a22291f240d
027_common_gen_kth_last_k45_t1_rep1,177,27,kth_last,45,1,2,65,47,958,1519912972,common_gen,27,1,common_gen:validation:544,0,24384293d583722339bb1734fd3f392d5d4658d4c955dc82636b201d78313b7b,278506ffc047228b49972f03aacac8ac7aea13e02ad9992567135f6fa042f089
028_common_gen_kth_last_k46_t1_rep1,178,28,kth_last,46,1,2,65,48,929,1246152176,common_gen,28,1,common_gen:validation:838,0,0dffa051afa01bfbbdba83283d38dba5263c941e562f883c68fe52e4b2afa892,e3cd098682941ff21f5c2b04edcc0faddc9622533f08cee6d70c7ff4f70b126d
029_common_gen_kth_last_k48_t1_rep1,179,29,kth_last,48,1,2,65,50,865,1688501662,common_gen,29,1,common_gen:validation:360,0,d546403855bf03df83351fb006664c9050b94c9180477e8aa2090ee4f7f2c1c5,c80a799a01b127a275f205e9facd5f86db6dc852b393292716ba632e9dc1d9b3
030_common_gen_repeat_after_k_k1_t3_rep1,180,0,repeat_after_k,1,3,2,65,6,439,265999116,common_gen,30,1,common_gen:validation:295,0,a5d30c4e5e5a774519f90ba75fc9bf721d8b8eb8a9248f6d89d65bd1035022bb,3d17fdcc9e952d9d2e46608eda8e7464cad664f195ca324ebb97db6eb60d4c36
031_common_gen_repeat_after_k_k2_t3_rep1,181,1,repeat_after_k,2,3,2,65,9,618,220327184,common_gen,31,1,common_gen:validation:237,0,d134034009d8ecb5f743ae88dc126cd562a159b6d5218242c2d8cfd7ac6ec351,2cd5f63d5ec1d8a703e0690832ae3be4516e88b805057f48bd04bbddcd4199e2
032_common_gen_repeat_after_k_k3_t3_rep1,182,2,repeat_after_k,3,3,2,65,12,791,858819705,common_gen,32,1,common_gen:validation:180,0,c3bf7129045a40b667061b5fc6ba5726d56acf349b515538f9c77311f5b40546,db5b2eb1863278a13be772951da2abb57bfccabdd02656453cb871e4864a06f0
033_common_gen_repeat_after_k_k4_t3_rep1,183,3,repeat_after_k,4,3,2,65,15,958,650754415,common_gen,33,1,common_gen:validation:619,0,abfce59742356beea3fa6157660a91dc52fd6c0a5937d586c36efc1226716e01,c34b86265c10176885535f6c4f612d080cd63fbdccecbfe497630604a0a5ab01
034_common_gen_repeat_after_k_k5_t3_rep1,184,4,repeat_after_k,5,3,2,65,18,1119,1498384170,common_gen,34,1,common_gen:validation:826,0,9e58ed64c2413145bd4b3103d1b2bc4e28a8028324e72959a070c75048158e69,7c638a68aa39b3734838a95d3c9fcbf0b63fd17bfa3309a84cddaba5dcdc845f
035_common_gen_repeat_after_k_k6_t3_rep1,185,5,repeat_after_k,6,3,2,65,21,1274,1710974332,common_gen,35,1,common_gen:validation:254,0,bc16faa15e5bba7983d7adfd25b8aadb320b5d5d48e90b04b0fe575fbdf3f30d,8a282290f4aadb543c9607dd5fb6ace6a8ec4a96c79836b6cdd306bde62e3dfe
036_common_gen_repeat_after_k_k7_t3_rep1,186,6,repeat_after_k,7,3,2,65,24,1423,407176880,common_gen,36,1,common_gen:validation:567,0,1542c7589843fcee0e218ac4f072c39eb160b2c9259f64c1531cbd7bf153df31,da99b4d2865a6fcf7d6927f9dc1c2edac0dada40395f88db14315d832b6c960b
037_common_gen_repeat_after_k_k8_t3_rep1,187,7,repeat_after_k,8,3,2,65,27,1566,1804443141,common_gen,37,1,common_gen:validation:397,0,e278b88a7c7179cd6133f7d3b15dfd125bd42b19329b62c62234d48f9e833509,78b64db49f8a4ef222005a479a98953d6a71cec42702bc1c9501050f871c6321
038_common_gen_repeat_after_k_k9_t3_rep1,188,8,repeat_after_k,9,3,2,65,30,1703,1636599297,common_gen,38,1,common_gen:validation:398,0,9a8f4c44ecf3ad86521ff0233cc095979d5e2562d8aa55f5ce843c51955e76b6,1c1ab2a1970724618f08d23c125d9464cd2da1ef0f742e27d5d7c78a4345ea00
039_common_gen_repeat_after_k_k10_t3_rep1,189,9,repeat_after_k,10,3,2,65,33,1834,50129743,common_gen,39,1,common_gen:validation:664,0,6b116cb884ad3b8f2e932223c27fd9ed9e15816019931058227d8c113f8d362d,4050550e56de6d8355158c5393775ba5113159c4412a0ea78cbe64810648c317
040_common_gen_repeat_after_k_k11_t3_rep1,190,10,repeat_after_k,11,3,2,65,36,1959,458345739,common_gen,40,1,common_gen:validation:775,0,0abd023fef00faf427ae034229fec7c2df3de9c5bb81bd8bac0eff5bcba25f48,08d3b664f846f0182fe986e3b080fdcdd2e57f9c6ba18b0fd640bc519ea6dfdf
041_common_gen_repeat_after_k_k12_t3_rep1,191,11,repeat_after_k,12,3,2,65,39,2078,140798395,common_gen,41,1,common_gen:validation:724,0,50b1dcd609e0babd3339ead71dd6be2b445b2a839ebd7bdd9f8d057207442628,175f7ea15f9d5441d5c1227808882d3e8149f95ea9bd4c442807a04258776461
042_common_gen_repeat_after_k_k13_t3_rep1,192,12,repeat_after_k,13,3,2,65,42,2191,1846870438,common_gen,42,1,common_gen:validation:54,0,d514dfb445c1a4c3996ddd1dbbb5ef61694b7abf52a9e1fb97f0ed95d92f782d,5125169749e52dd4dbae2123dc22423a33a7bd5e165d008d7fca7c6a6a2c3e51
043_common_gen_repeat_after_k_k14_t3_rep1,193,13,repeat_after_k,14,3,2,65,45,2298,893945336,common_gen,43,1,common_gen:validation:197,0,7c1fa5972868c96e4f390c788f6d5b0c3e8cef8cb72c27217ddfd16760692b3a,6be0697787509d077033d5198542911034da207a7a2bc81855d1fe502427877c
044_common_gen_repeat_after_k_k15_t3_rep1,194,14,repeat_after_k,15,3,2,65,48,2399,1588940576,common_gen,44,1,common_gen:validation:251,0,7156126882b4c8cb88abbf17bd502f863316ba20a7c7d5511af47dfad9dae22a,676f9981d316734709f85ab558c3a6b33eee731ef0396c2d817ee3a7c2bd9fa4
045_common_gen_any_token_at_least_k_k3_t1_rep1,195,0,any_token_at_least_k,3,1,2,65,5,370,1772172894,common_gen,45,1,common_gen:validation:515,0,63a38399b38ee2261b46ce7f9f4446c8788cfb878c7b1d703a7fb738f5957558,e5453881f71be4cc82beacd6f089ea36b88a43d5754adbe4e13947ac1f1d8ac6
046_common_gen_any_token_at_least_k_k3_t2_rep1,196,1,any_token_at_least_k,3,2,2,65,9,555,1116958057,common_gen,46,1,common_gen:validation:215,0,c00e5939844f2238d2cbec09f0c01df871a237f5de96af8a9ffa989b11a8e3ed,68be0c42ccf3e2844bd83c824a70091742b8d82e6879e10d51e02ea0276c4885
047_common_gen_any_token_at_least_k_k3_t3_rep1,197,2,any_token_at_least_k,3,3,2,65,12,740,99161863,common_gen,47,1,common_gen:validation:213,0,25f5b46d9ccc7e9a7f7f03bfda77aed29c285ac32bbd4cb7a81b70154bb9e3f8,738967a0182c08d0005eee1ebf63374a1bddef887d5bb88b156c563983a2685a
048_common_gen_any_token_at_least_k_k3_t4_rep1,198,3,any_token_at_least_k,3,4,2,65,15,925,1332789542,common_gen,48,1,common_gen:validation:717,0,7d5655ec0c3b98543b5b658dec505af548140b911146fa96a1fdc43d380144e2,f6030203c6b253e02ccc40d895b92a510fbcc094728e6abc2d3fc7c7e404bf6b
049_common_gen_any_token_at_least_k_k3_t5_rep1,199,4,any_token_at_least_k,3,5,2,65,18,1110,2000856742,common_gen,49,1,common_gen:validation:841,0,b152ba7b23b8b14b4191b75c6edfc9024ab97d85b0e2ee735beccacded9f02b8,6fc1f6db27fc2cf76ac207219288aa193dbb54882b4ec564ade15b8c492e2536
050_common_gen_any_token_at_least_k_k3_t6_rep1,200,5,any_token_at_least_k,3,6,2,65,21,1295,2125091840,common_gen,50,1,common_gen:validation:436,0,8ff85e3a2c533f994db411cf8d48e6df4bcafd8dcf85b336915461db19decf0e,d468f7bdd7e77187c4891393898d6e91206aa6ea265c3d285c8e49e72ba5bab4
051_common_gen_any_token_at_least_k_k3_t7_rep1,201,6,any_token_at_least_k,3,7,2,65,24,1480,1693503289,common_gen,51,1,common_gen:validation:479,0,29cf89520ee775d550063b26d9256b1d4278ae24a9ac3f7eb3c6c04c40038692,a049815b42d601ea82bfeb4e4e584e43e97280ca97b59a4aae0cb222cf562fe9
052_common_gen_any_token_at_least_k_k3_t8_rep1,202,7,any_token_at_least_k,3,8,2,65,27,1665,860196141,common_gen,52,1,common_gen:validation:512,0,03542d4e05176cb012c205489f3d9ac2312abccbef96d6fcfe1f35bca9bcb917,8e8344ff609af12b305d613807b2f8262a09266f846df72517e1506b0c08f6c9
053_common_gen_any_token_at_least_k_k3_t9_rep1,203,8,any_token_at_least_k,3,9,2,65,30,1850,1994459732,common_gen,53,1,common_gen:validation:452,0,38376c59516fdf421fe1e9c92a7dd793dfcfe07b4e44cb7af4ce0dcb0770653e,8b66004e58c75faf07fda08270c88eb90c56f09ba1c31abd087247a02878c021
054_common_gen_any_token_at_least_k_k3_t10_rep1,204,9,any_token_at_least_k,3,10,2,65,33,2035,1522346293,common_gen,54,1,common_gen:validation:723,0,2867c6a68c0e6b15b0575548544872e184de9b958ef1ff8a34d58fc40d778a33,712b1adfa203afa6a97b479046839517baecbf32f2b7dccbb026933c3dec535e
055_common_gen_any_token_at_least_k_k3_t11_rep1,205,10,any_token_at_least_k,3,11,2,65,36,2220,1077294807,common_gen,55,1,common_gen:validation:894,0,96f661987aa7acbdcc8e2cecb03a7d7595426cf03560114f34c6d2e44a1efb71,6279107a80c31a60c6527deff753e541aa9ad353d5c3690317e8761a0e06d029
056_common_gen_any_token_at_least_k_k3_t12_rep1,206,11,any_token_at_least_k,3,12,2,65,39,2405,808116444,common_gen,56,1,common_gen:validation:876,0,d05e93738de98faf161b7e464673aabfab678df057a6f0998557bf358d8ef706,f89ba4c266f3a9e2109016a0683fb42c703d8024a4476b2f19aedc4d3233009d
057_common_gen_any_token_at_least_k_k3_t13_rep1,207,12,any_token_at_least_k,3,13,2,65,42,2590,833341984,common_gen,57,1,common_gen:validation:564,0,5c47145490478b144dc29734960863f060f52bf487569f95d491382065561a6e,c47a4b3e20de2e9622ea0709abd9a0f001cb8cf5487709713c0b75f1c946450d
058_common_gen_any_token_at_least_k_k3_t14_rep1,208,13,any_token_at_least_k,3,14,2,65,45,2775,1406280043,common_gen,58,1,common_gen:validation:266,0,e2926242169227718dda2ea5714826d37e7e791b16b8722e7747a748deabe20b,12ecc5482bbfedf7f9bdc0dfca6081ba3c12274a92c0cd6c503b848ca1975ef0
059_common_gen_any_token_at_least_k_k3_t15_rep1,209,14,any_token_at_least_k,3,15,2,65,48,2960,2061637626,common_gen,59,1,common_gen:validation:578,0,1b8930541ac2b9f9cad61c05495eeceeef2c9dab70d5f8c024a0d055a60acc8d,a0d094d014a20e7a2a8d7ab20ff45e52855636d5dd85bc0544250dc9a0f963c3
060_common_gen_exactly_once_kna_t1_rep1,210,0,exactly_once,,1,2,65,3,254,1322616585,common_gen,60,1,common_gen:validation:217,0,d7d3e176ab551504af271b278fb43ba854c3dd94264f5490978e4d7fb7d4ed22,8e3607b55e01d3c6a1ecadcf174d5334a7fd00d16f25b9203baed84d6d90808f
061_common_gen_exactly_once_kna_t2_rep1,211,1,exactly_once,,2,2,65,6,381,702934379,common_gen,61,1,common_gen:validation:934,0,143e7e8911b3e3de9bdec6ac3b8c84d9a5640a44174a733bc71cba4ad8f59ea1,96ef78ba2ebff298ca6699488e5563d21c8f2b921ecd47b9239ffc5a948c2282
062_common_gen_exactly_once_kna_t3_rep1,212,2,exactly_once,,3,2,65,8,508,788091110,common_gen,62,1,common_gen:validation:312,0,092f14fd7799a6e2101db613dcf4381910b4dd5f4f51b84eea7cca76515e5cb7,a4fbb8f9210d19e2bca40dfd06d50f918a49ae88a129d80458c11d00a0863927
063_common_gen_exactly_once_kna_t4_rep1,213,3,exactly_once,,4,2,65,10,635,2067861125,common_gen,63,1,common_gen:validation:706,0,5fe30f8a50566ce422e13394c8405dfe1a3e26beefc562b2e99c4c35cd3b4323,b3658dcde03bec1ab7baa16fd27f7079f16846137772a6eeb784c5224e7ec55e
064_common_gen_exactly_once_kna_t5_rep1,214,4,exactly_once,,5,2,65,12,762,1618482338,common_gen,64,1,common_gen:validation:691,0,ebbd28d90aed68bd1a2b8554954d901fde65c6e4874a81c21de8d5cdab1b3a0c,993d76def1ba4e0d573574b86580266870282c7d234a8e1c0136dbf736728f1d
065_common_gen_exactly_once_kna_t6_rep1,215,5,exactly_once,,6,2,65,14,889,1440361350,common_gen,65,1,common_gen:validation:401,0,387384c68e1e44a68aea1daea9c2cd75f52863ceb2aa2f481a34006e509aa10b,e665501af009f06080be82ddb15f0d730bb0e182172e8782068b06f330a03e1f
066_common_gen_exactly_once_kna_t7_rep1,216,6,exactly_once,,7,2,65,16,1016,1910766821,common_gen,66,1,common_gen:validation:385,0,e60a8ec370da77a1fdebf161266126b6e738fb6b68f016d3c000c6c562808514,3997b2ced2940ecaa3eda3bb90b7f27a4aec90d063b82a829f8bc4f59588cb68
067_common_gen_exactly_once_kna_t8_rep1,217,7,exactly_once,,8,2,65,18,1143,2116306382,common_gen,67,1,common_gen:validation:52,0,10c8773e2afe71f8445e29e2fa81a63ddbeca39f47202fe4810d8b24831a6c50,ad40e6e43c02ad5e28cc7b9442c4b7130b19d07d29c849679e950d1bd6357045
068_common_gen_exactly_once_kna_t9_rep1,218,8,exactly_once,,9,2,65,20,1270,217189670,common_gen,68,1,common_gen:validation:743,0,9c1668242497460e7d5577e94da5fc16e74232da6a3d2e45d1784c508893b1c6,2db6839fc836d888e34ff1a37e2b5decec5e656e7190130b238524a70d2ac794
069_common_gen_exactly_once_kna_t10_rep1,219,9,exactly_once,,10,2,65,22,1397,709817803,common_gen,69,1,common_gen:validation:423,0,ea4cb8fe8fe9aa2ba317afb9cfb2e76ce4158728745d0121510717dda89c2891,068a036858b325d5d5469eccc30ef1d40eaf580f08438bbbd73513b07c632cce
070_common_gen_exactly_once_kna_t11_rep1,220,10,exactly_once,,11,2,65,24,1524,262170999,common_gen,70,1,common_gen:validation:733,0,af2bf1c00d694092a839c692eb7d2719b5c3796d048a0cbb8a027264c4d5b938,e589dbf5b465c8515fe3cc795a61a6068c8865cc41a9f78dee4911bd4213d138
071_common_gen_exactly_once_kna_t12_rep1,221,11,exactly_once,,12,2,65,26,1651,2069645348,common_gen,71,1,common_gen:validation:882,0,721e6f592c83bc71e46a4af163ca3c256a0b31c7fdd8a549937b32aed4603511,58551b53de3844b7dfc6a128ec3b4da1e1d19ee744b739814522192137af3a08
072_common_gen_exactly_once_kna_t13_rep1,222,12,exactly_once,,13,2,65,28,1778,453241435,common_gen,72,1,common_gen:validation:824,0,08e6737b9dd2e3e7ec68562ef5eb40d531bfcccd1048c42fe2375dfdcb9f7504,3248d79ffd60fca88735244f8acf751a8b1e9d943a08a97b4cfd7da0f52998c4
073_common_gen_exactly_once_kna_t14_rep1,223,13,exactly_once,,14,2,65,30,1905,1581391601,common_gen,73,1,common_gen:validation:968,0,18a9c355566b18d7a0f1d735fded3e2d872b794ab2b278bc397d16b10d370626,8df1c06d1b192048a33b72ca2555371c80d8024db2a560cb011c46423faff145
074_common_gen_exactly_once_kna_t15_rep1,224,14,exactly_once,,15,2,65,32,2032,106098731,common_gen,74,1,common_gen:validation:504,0,da27b324f736da4f2a5bd7debfa79989e71c0c2a08f9109db9284aa44a48fa11,5fae132f2fa499d657c34da7de383e1a20253dbf4e3b053d507cb0d927a2e76a
075_common_gen_exactly_once_kna_t16_rep1,225,15,exactly_once,,16,2,65,34,2159,1437087856,common_gen,75,1,common_gen:validation:780,0,f9b01bb05d0c2b7d08a47f86bdf2846c3454d6244f464d3517d205d22e99654a,305f394770f21b042fef396bae2c3515aa8f9f64ed3536a622e31f705eccf378
076_common_gen_exactly_once_kna_t17_rep1,226,16,exactly_once,,17,2,65,36,2286,104058370,common_gen,76,1,common_gen:validation:958,0,c3a05464c66b14d24cd9bc2065eb65f84b9a6692ee47ab3250d35c16bc2cf4f4,15926395dc23baf29e465e313b0b0a3d89fcc23281a64eba754800998be0a4fb
077_common_gen_exactly_once_kna_t18_rep1,227,17,exactly_once,,18,2,65,38,2413,1692465237,common_gen,77,1,common_gen:validation:881,0,49d3f83058edf320d4425e8ca381013bfafbe3701946f166875f0aa971f11dbc,c2bd66529fcefb22b0accade583bb2dc9f686cd38974cd81be367eab9714c556
078_common_gen_exactly_once_kna_t19_rep1,228,18,exactly_once,,19,2,65,40,2540,589495907,common_gen,78,1,common_gen:validation:545,0,93922e4b423f4e985ae003ee3eba1681a24b63fb85d9aa9e17a8831003a1ed7a,9c022be866e8779f4b171beb69bde91fcb0827b433514681500115cd603f4c1a
079_common_gen_odd_count_kna_t14_rep1,229,13,odd_count,,14,2,65,30,1905,1907035134,common_gen,79,1,common_gen:validation:798,0,36d2abe451fdcb99d1b9ee08de92f16c3739d441f999c87ae44a400df601e359,7b18735edc1cabe758c85b86db656c700c2fcdf9f3db452bbd905d0fa0effba1
080_common_gen_left_not_right_kna_t1_rep1,230,0,left_not_right,,1,2,65,5,313,29123731,common_gen,80,1,common_gen:validation:640,0,8cf27c7b037df3744a3bf54f1e1986d10e487850c652799a8ba4b9fd2cbadb20,de0e51892ddb0f536b0b06e062ccd8a9dc475e817c4dcc38e90928242b2d3fd0
081_common_gen_left_not_right_kna_t2_rep1,231,1,left_not_right,,2,2,65,9,501,971566100,common_gen,81,1,common_gen:validation:627,0,d78693a25357afc3800e006b9fb222757fd7e3f3f1cc023b08cb8a6e1412b21d,6ed1394c4805ba6e4d1a5694f3e5eeff6cade71a94d1c04fc030e6b315ec2be1
082_common_gen_left_not_right_kna_t3_rep1,232,2,left_not_right,,3,2,65,12,689,646258239,common_gen,82,1,common_gen:validation:55,0,58788299ff0b9916bde963eee8650ccf1a6bd258873f2adc86003c6d6e7f8789,cd40a6e2e456da7c69c89febf322012532c8ae90ba07ec1ef4eb7efdc85fa127
083_common_gen_left_not_right_kna_t4_rep1,233,3,left_not_right,,4,2,65,15,877,716425670,common_gen,83,1,common_gen:validation:829,0,fcfe5a330b27e6e8af19d4528a7a6bbb44e3aa3924c67ca53c55d94cabad5a2a,e461851645f67e101fc0fcd8b6397a5b845cd4f07f9264a02d2ef6806163925e
084_common_gen_left_not_right_kna_t5_rep1,234,4,left_not_right,,5,2,65,18,1065,866639243,common_gen,84,1,common_gen:validation:690,0,794fa5bb4f6670c34b9836fb9572c1dc51f1b8b517d2f61788ccb4dc899a3303,b1d09e05eacf6fdcbaa40edc3fabd6967db3fe65186f2c5a07591a6f8c4b1ee1
085_common_gen_left_not_right_kna_t6_rep1,235,5,left_not_right,,6,2,65,21,1253,279069166,common_gen,85,1,common_gen:validation:483,0,55b661b27c7980599637cfa04686377d11dbbdf1a28eea9f8c4ccb40f3d45915,05552cfa37035c22eed8b78e4fe75b4bb98b0e0b8b15b88beccdf3f18c7d63e7
086_common_gen_left_not_right_kna_t7_rep1,236,6,left_not_right,,7,2,65,24,1441,268707133,common_gen,86,1,common_gen:validation:532,0,019dedf4934c6f08191fd7351d33f30f5665feff8f63ffa5dc9f40efaa883a88,09fffa173de47424af42895000dca6d90f54e10738cd92e70103999e10339bec
087_common_gen_left_not_right_kna_t8_rep1,237,7,left_not_right,,8,2,65,27,1629,1209309093,common_gen,87,1,common_gen:validation:92,0,fa811da0ea5fee9db40e6976556bd53a93a5034008d7b221f167cbfaabbb28e6,0e48cb6d5959e8bc8d0b50bc725a69f5a5c7afe385e5bcc40afb0d473fa4c3cd
088_common_gen_left_not_right_kna_t9_rep1,238,8,left_not_right,,9,2,65,30,1817,392196689,common_gen,88,1,common_gen:validation:712,0,c84474008e98f93e36233ff683ff27a461b0017a4180430a072cf100ffb1fb73,ab0bb487806aa6d98de8974b7d9b0b2043daf11c7fc715b0fd8d2eeaf73b1a47
089_common_gen_left_not_right_kna_t10_rep1,239,9,left_not_right,,10,2,65,33,2005,462965526,common_gen,89,1,common_gen:validation:503,0,9e2b9379530fc008fd6b6155d888dd6852067cca1b5157f78f1389a938c836fa,94053fee403e40f1df4957c4b47a8b07ab8a98cdc877515dec12b79a2c970c4d
090_common_gen_left_not_right_kna_t11_rep1,240,10,left_not_right,,11,2,65,36,2193,706675733,common_gen,90,1,common_gen:validation:990,0,93f65b25ce512a7974b63a08475805b115b8d3f67644ff15be309f51dbacf5cd,99e586bf617f055c618e008866aab5fb0756c2a70124e5f3fd387ba3f66e9148
091_common_gen_left_not_right_kna_t12_rep1,241,11,left_not_right,,12,2,65,39,2381,61336099,common_gen,91,1,common_gen:validation:439,0,791fd4d3a419eb24b81888fb5e521aeaf64bd6e608ad5745a9288543d6ca1669,2afcce0831bcb8dbf797e98a0099619f9946ca5ef73c273f2229bf28a83d8d93
092_common_gen_left_not_right_kna_t13_rep1,242,12,left_not_right,,13,2,65,42,2569,19469142,common_gen,92,1,common_gen:validation:654,0,2627dc43787da328320e33614ad7fba186d0c148bcc067f8e5ae726fb842db08,1a84e2b40c1aaee9aa45149621fed5fd448dc816931134030f5b6329a674224d
093_common_gen_left_not_right_kna_t14_rep1,243,13,left_not_right,,14,2,65,45,2757,777169582,common_gen,93,1,common_gen:validation:637,0,aac5587c7ce720cb51281c450f97982ccd0196ebf0adc2e017acfda938d0850e,f4426b7f380f5ec859aa4aaa6d0f5dae4bef276dfae4cba31a396df46951b128
094_common_gen_left_not_right_kna_t15_rep1,244,14,left_not_right,,15,2,65,48,2945,1050385076,common_gen,94,1,common_gen:validation:601,0,20c97daebb839f1cf49d67eb25dd3d37a88a108155fc94e5fbde2ae2952919a5,6424cbe0f3f1dc4d8aaeff4e8220291496014deeae2ca9a1031647ffe45c20c7
095_common_gen_left_not_right_kna_t16_rep1,245,15,left_not_right,,16,2,65,51,3133,1914667170,common_gen,95,1,common_gen:validation:667,0,1547eeee241f238a9205c462090acfd4ef782d6e83a00a82fc282fd6b30c3b89,6c5f77a1868c9c5eb5d929bf72db18a931b3f8dad9f2dbf64a53bc6c50982493
096_common_gen_sets_differ_kna_t1_rep1,246,0,sets_differ,,1,2,65,7,439,1573874806,common_gen,96,1,common_gen:validation:370,0,207d665224a5e4698c4860a169dbc2125a06dbc2a519683e0a8b72df894036cc,0b4a095827d8d951a119d8667c6cd606812c956757bd7ff6b4b1b880a49c8e25
097_common_gen_sets_differ_kna_t2_rep1,247,1,sets_differ,,2,2,65,12,690,1624475109,common_gen,97,1,common_gen:validation:778,0,6e3b91491f335ac796438c8b0b724c9e7b88de2ff19ef37584a7a670df526834,35ec5c5ce15501c0a858264ec6c332ef1db82608459197ebb4f873f30f0d0b44
098_common_gen_sets_differ_kna_t3_rep1,248,2,sets_differ,,3,2,65,16,941,420724794,common_gen,98,1,common_gen:validation:761,0,24370b790132cceeaf106c52568c4dbedf70434d3e1d0b79b11198a251aecf0b,4b4ec75f77df625344d91e3602fd7fc82aaec7e89b92050899afe1c3ae516d63
099_common_gen_sets_differ_kna_t4_rep1,249,3,sets_differ,,4,2,65,20,1192,36424983,common_gen,99,1,common_gen:validation:260,0,35b203cbc729566512f9b7b547aacfe5d9b835993bf1be2c9f56852e2f1efd70,12fd58c2960dfe1143afdd54a238f20b1d48df070628390895e797050a8046e7
100_common_gen_sets_differ_kna_t5_rep1,250,4,sets_differ,,5,2,65,24,1443,127974346,common_gen,100,1,common_gen:validation:441,0,909dfe415336484c1a901fef44942f7b1e997b6178556b0fc7af9be1e9b82a7f,2cb7fa083ec4108a654c6b503d8b866b7198f8a4bcb1ad80542a09bd801dc327
101_common_gen_sets_differ_kna_t6_rep1,251,5,sets_differ,,6,2,65,28,1694,2015136905,common_gen,101,1,common_gen:validation:232,0,76f512bfe4850c3609cd41eae96908872dddca83fabf16c4ad0729a2925e0ccc,6a002328fc492d586abf3b0832e9d85f53f9fb5c54a865962c4021d2698a0a9f
102_common_gen_sets_differ_kna_t7_rep1,252,6,sets_differ,,7,2,65,32,1945,2016303339,common_gen,102,1,common_gen:validation:880,0,364ef8758d94569cd71f8d5d584d2bf3808f5fd1dc0973db83c8e1293e531f84,c9de5b10c82db0f5d890ba02d842f16b1f35c06e6b5aa7a30f8433335554c1b9
103_common_gen_sets_differ_kna_t8_rep1,253,7,sets_differ,,8,2,65,36,2196,947823129,common_gen,103,1,common_gen:validation:350,0,dc6a4280590a8c684852683432bfbe855ff9b9b6c3333e2ed7a1cab3e0c84b3a,235f4d181638375476dd5279f812ceaf6a7814adc52db56ed216c6b43870e9c0
104_common_gen_sets_differ_kna_t9_rep1,254,8,sets_differ,,9,2,65,40,2447,212369143,common_gen,104,1,common_gen:validation:421,0,7e60a3040460591176d3f5ceef2275633bcdd6b1efdd2979495044f885213d67,506d62c3ec6168ac00fe216e071c60a3ed8608acd0547adbe92bd78df0ce89e8
105_common_gen_sets_differ_kna_t10_rep1,255,9,sets_differ,,10,2,65,44,2698,2009446120,common_gen,105,1,common_gen:validation:265,0,bd78683983a24e6ef35a0e48164afa22353d6176d6024c0001f6b78ae2c82a72,513d5a4c068606b1571dcb8b5f854f21fcb9e37840d76466bbb9c8d258cc95c4
106_common_gen_both_sides_kna_t1_rep1,256,0,both_sides,,1,2,65,6,370,1149509973,common_gen,106,1,common_gen:validation:493,0,07fa04aad33a0a67287b336f0879147dbb0a23c946d1bcbd85ed201a266bb344,ade771eb0b9f030f14344cdbc829659401851d05a34c459ff26289fa0969c8ba
107_common_gen_both_sides_kna_t2_rep1,257,1,both_sides,,2,2,65,10,555,1929646399,common_gen,107,1,common_gen:validation:643,0,9615afdc2ac178561985d11eb286f71e3137e1d2d9577e3d0392abc2e164b2b8,60fed64225db320a45a43c71d0195ae4a0e55381f5f2642d68e8e89ef834a751
108_common_gen_both_sides_kna_t3_rep1,258,2,both_sides,,3,2,65,13,740,1516654347,common_gen,108,1,common_gen:validation:63,0,5c1da80a44c8bce935ba0461806c0e1c65a414e096d916faa51fcb969c97889c,d03eec39b56a2e59746912bc34a3f81153c31f0e2be4d6de905b2e6395536af8
109_common_gen_both_sides_kna_t4_rep1,259,3,both_sides,,4,2,65,16,925,1752666085,common_gen,109,1,common_gen:validation:500,0,2b0f61d79d6b3e0e7d9bb25023bcad2d92fd4f780f63ad22cd8ac0d337daa34d,079f29c3ae917620938909c3247a2165c2c538f0f04f811e4679d4d8e2ddd180
110_common_gen_both_sides_kna_t5_rep1,260,4,both_sides,,5,2,65,19,1110,1043104087,common_gen,110,1,common_gen:validation:29,0,235dc4709ac63e644efb8640baef1c29a1194bd8b773c55ddff6b71684c93b34,09d1734b0ad2d2ec83008d78cf604349ebf3085ab675a99a4c15898a60149ee8
111_common_gen_both_sides_kna_t6_rep1,261,5,both_sides,,6,2,65,22,1295,713882624,common_gen,111,1,common_gen:validation:660,0,e7ae293433e5c898609af026ff8225b7bc8857c7325591cfea49725f0491244a,6bc3131bc3cbc805e69ed0882e62d0410ffd124369c6bf4e495dcafe75a0bf6a
112_common_gen_both_sides_kna_t7_rep1,262,6,both_sides,,7,2,65,25,1480,1223924724,common_gen,112,1,common_gen:validation:402,0,b7e6d3b9e1ac5d32cee1640e9baef9121e41f1b4b52d946745aedd6308228362,694b85693797b69bc11c76c30e243a79c36a105f85cae8388e89e6fcd39e77b4
113_common_gen_both_sides_kna_t8_rep1,263,7,both_sides,,8,2,65,28,1665,197853841,common_gen,113,1,common_gen:validation:857,0,c6e9b0ce06f4eca18d401f5f1e7dce20e336eba34d6af69df342662e9584700e,20fbafae9ab0c9813694d1d302b25d0fe97ee6c88af31037ad56e8e9b6331b20
114_common_gen_both_sides_kna_t9_rep1,264,8,both_sides,,9,2,65,31,1850,1247722251,common_gen,114,1,common_gen:validation:873,0,6c62656a1c9bb733f885f91ce3e85044a5c03f0e61327b6e22308de1d6b1875d,f5554cdbc4702164b4776548710347ea7ecfa3d3415d5edd8727ef9d33400837
115_common_gen_both_sides_kna_t10_rep1,265,9,both_sides,,10,2,65,34,2035,1116949497,common_gen,115,1,common_gen:validation:885,0,654c2d1988493f5f0abbec92072a32cfca3880ea13250e5beefcce2a44514ceb,83a9174835114707dc115d01d3536428157908301ba6056d6b8a240bc1a53ea3
116_common_gen_both_sides_kna_t11_rep1,266,10,both_sides,,11,2,65,37,2220,264973824,common_gen,116,1,common_gen:validation:341,0,3bb80b21ccd6ae388fdc51628ce7763a7cfc176a38359a46319f29176f535e50,7d9ec9f9351476892206491718d41ff85c217a63244f1a893527ea1a885b2eda
117_common_gen_both_sides_kna_t12_rep1,267,11,both_sides,,12,2,65,40,2405,1005176426,common_gen,117,1,common_gen:validation:399,0,d3ed8e40029af36fd10e96c97c6fbbff01971442189a9f945b03455e90264517,1c4789a5dde6d08cc0928061051c4b185108d4188c83a4c510e7189bb0764338
118_common_gen_both_sides_kna_t13_rep1,268,12,both_sides,,13,2,65,43,2590,664912240,common_gen,118,1,common_gen:validation:887,0,672b0aef79b797bbf67f26e9258acd29ed3d4d6460237d95e426df7ec6425731,31025b6cdfcbf0dfac7ee23b8bbab33534ff50bee698617ea500c1c9e5122cda
119_common_gen_both_sides_kna_t14_rep1,269,13,both_sides,,14,2,65,46,2775,496641802,common_gen,119,1,common_gen:validation:721,0,de6d2106a66d387e9ed4f38ba324b732a579a94b7c9c4542b38684538d38af7b,87ffa92a10b73924dbc05b7e8a5df46bf3d6e157d61bae0c995a1bc5b72ed37b
120_common_gen_both_sides_kna_t15_rep1,270,14,both_sides,,15,2,65,49,2960,1122654281,common_gen,120,1,common_gen:validation:161,0,6c5a9e5ed88048520dda43c63d7204980f54fb77c880c0fc5b459f496dea5c0d,b15b9f9ace864135b8f48e05889d21b07fe6992120713030ce9612046d47e4c5
121_common_gen_even_count_kna_t1_rep1,271,0,even_count,,1,2,65,4,313,855419905,common_gen,121,1,common_gen:validation:392,0,68ebd534546992418996a138dccc13b4248976caf0075d3e6fe852dbea021880,596303891da38d4a1a7329f21d0b151115f9fc1334ca2cbcd1456fa1d9360317
122_common_gen_even_count_kna_t2_rep1,272,1,even_count,,2,2,65,8,501,1365899619,common_gen,122,1,common_gen:validation:592,0,32b0871f7c750a3298ad4eabfb146e59160b63e81da68ddf0b71c51da9c3d0ab,febef193b2c13a2034b54cae8533009c5e763ee8555062215d107bf853ce094c
123_common_gen_even_count_kna_t3_rep1,273,2,even_count,,3,2,65,11,689,1997518064,common_gen,123,1,common_gen:validation:871,0,ff91742715d0f7e1700ad660935b95e30406a917cbd685ba344db836ac750529,1d75074260d54685dd24eefa9bd6c849a54abd1a628ebb6cb322943429d0c5ea
124_common_gen_even_count_kna_t4_rep1,274,3,even_count,,4,2,65,14,877,1386824628,common_gen,124,1,common_gen:validation:580,0,395a8bb768ad49484e9c65c197abea4033816758c5efc01c2ab0013d877cd27e,09b2d1b3e5a165ae578fb297909a2a554629da2a52cd66575a48984400047650
125_common_gen_even_count_kna_t5_rep1,275,4,even_count,,5,2,65,17,1065,1030408,common_gen,125,1,common_gen:validation:356,0,47f7ff40df8194f27bd7121cbf6818789f8bebabb8314df20707785cfa6fdc56,591c997da7fa79f5117b93b6fe2ce1d64cf567d50f93e129556a362b052d969e
126_common_gen_even_count_kna_t6_rep1,276,5,even_count,,6,2,65,20,1253,1292144660,common_gen,126,1,common_gen:validation:832,0,2d2c908448aa2d90855def8a9ab92c72c55c9600714a664430ea5dcaef8cbd0d,e1b9bcb7c45e0c8bd5cc5327ec34be75e6caa3f23696fd82bf948004eed188a2
127_common_gen_even_count_kna_t7_rep1,277,6,even_count,,7,2,65,23,1441,1930332039,common_gen,127,1,common_gen:validation:293,0,26000cb319be3cb91bdb8c26d5eefe733503f7af5acb247c529782a170107995,a73d5f4fb4c897a9ea3cb86ac650c292f33217f02386dd71759c2d8311132d28
128_common_gen_even_count_kna_t8_rep1,278,7,even_count,,8,2,65,26,1629,1266376776,common_gen,128,1,common_gen:validation:911,0,303895fd9dac719d8acb75ef09a30e83e9049913db7cd722575adfa768c6a663,32e6850632c286e2743b67e1019f02cca46e4aa3ecaa16dd56a96c36f7c5beb8
129_common_gen_even_count_kna_t9_rep1,279,8,even_count,,9,2,65,29,1817,1241627802,common_gen,129,1,common_gen:validation:943,0,b2ca90ca1d5843e37a5565685d98de0ed3436432e169b8e50d0b58df483c5cd3,e625abed6248e3186017c21539c8d187e12b2e09c7915554cfc039250a4e0b82
130_common_gen_even_count_kna_t10_rep1,280,9,even_count,,10,2,65,32,2005,670725564,common_gen,130,1,common_gen:validation:796,0,44bc9747abf4d05134c9d7e60a1f72131925b89f8a71812c8e70c170d4bf6c23,a1b2f39c09344dcb1eb012d975e4090c1d096fd1c993312bc19fa97df80d3c74
131_common_gen_even_count_kna_t11_rep1,281,10,even_count,,11,2,65,35,2193,1158573297,common_gen,131,1,common_gen:validation:805,0,088faa3fd5d47c03ae06695d676e1f29f100cb1d18c53cedc40be8c4ec106ab3,76f4cd004845239aa432b4d0b7c2cffeb8ca7cae92acca4d1d6bc1f1ce1d2743
132_common_gen_even_count_kna_t12_rep1,282,11,even_count,,12,2,65,38,2381,2076435895,common_gen,132,1,common_gen:validation:520,0,af93cf35b462fc0fb35eeab31e288c4cf7962320652a20d6e915b9ac1a233929,e9f75ba43842f3c1b15cb9f8a8e39b8fb119b86b98358563841d4706eec605d2
133_common_gen_even_count_kna_t13_rep1,283,12,even_count,,13,2,65,41,2569,1102610059,common_gen,133,1,common_gen:validation:901,0,43194083824c58025af93ff804022d9120847bb5c1c9708a5cec55463f9e7e24,2004c2397de7180ec2e35c311c53094a3810fa53ef4749bb01807210b8531e0d
134_common_gen_even_count_kna_t14_rep1,284,13,even_count,,14,2,65,44,2757,1639697217,common_gen,134,1,common_gen:validation:657,0,af0d89ba060691f7617feee306bad044bbdfb89942b728dfc35dbb7dbbac1958,26c3828abdd2ad129c888122daee0a85cd0a8cca74620a520c3ad910f0a90c7a
135_common_gen_even_count_kna_t15_rep1,285,14,even_count,,15,2,65,47,2945,2069139287,common_gen,135,1,common_gen:validation:510,0,373a51851f4dd497aaa68ecf8c1a2585b63486ad12f9ee72784b2443052f6519,7c733dc3af3038f58b625276701169b2974cb5a3fd9921ec62c912fe506fd60e
136_common_gen_even_count_kna_t16_rep1,286,15,even_count,,16,2,65,50,3133,1127096830,common_gen,136,1,common_gen:validation:424,0,4fa0d3512d62dadd4af51d21569f2ce0f93abe17c6d161c3cc798379dedd7edb,bd4649e3949509eba84d42416bffb1c9afccdfa20b3758159e1520c787dd148f
137_common_gen_odd_count_kna_t1_rep1,287,0,odd_count,,1,2,65,3,254,1507178887,common_gen,137,1,common_gen:validation:595,0,87d7b6f48458bbc4bb0e87ca45ab13440435fd5a270ca0e8a46036da260c1ae4,65eb16d4ebcff8a82312b339a5aea6cf0b03609c7ac213f251bef513a761eaf9
138_common_gen_odd_count_kna_t2_rep1,288,1,odd_count,,2,2,65,6,381,1124355968,common_gen,138,1,common_gen:validation:614,0,93b134dc85e6c164277ed724dc1038149c7a34570e7d7c38075db7d70ea5967d,2460e4954def2baaaf50272cdc78c34e3a0bb82046a655e0700bbff24f9c0f67
139_common_gen_odd_count_kna_t3_rep1,289,2,odd_count,,3,2,65,8,508,929137731,common_gen,139,1,common_gen:validation:652,0,ef47d18bdd05bc0bd56c59d053441a16816755d6e88fdc4a8eb7d711fe18f680,85a417698b8ee38fc095d0142b1a823721fcc107e5f343cfeafd4dd1c4f93ed3
140_common_gen_odd_count_kna_t4_rep1,290,3,odd_count,,4,2,65,10,635,1096446327,common_gen,140,1,common_gen:validation:902,0,48c7e76c72050dc2757678e0bc91fea376d084815403f0057bd405a6c8a7365f,037a96eb2e114aba16bf9c92f205182c4e193c71437ded49e647fc88295aca4e
141_common_gen_odd_count_kna_t5_rep1,291,4,odd_count,,5,2,65,12,762,102972841,common_gen,141,1,common_gen:validation:31,0,57bff6d203d588ac27fd211d1ab43b94f2ef61f0715484945236cfa0406ab199,a271d6bfc9d75e3ec75babed9b2f14558c1e9e6fc2b63e51f36951c6de150da9
142_common_gen_odd_count_kna_t6_rep1,292,5,odd_count,,6,2,65,14,889,464074219,common_gen,142,1,common_gen:validation:541,0,a1a0ade09bb2132aaa87bcca2250d667e0423a21c17c6214f6bb53478db3b233,13baaf4ace785e7228dd36711203df065bfca568132287cfff21d9292d3f9f03
143_common_gen_odd_count_kna_t7_rep1,293,6,odd_count,,7,2,65,16,1016,842167547,common_gen,143,1,common_gen:validation:509,0,163aa71fefec35fdc0802b0e0e76d3f0f2820386e0b79ec7251c3741f276cb1d,0acf15010897dafe42e112c3f3c3ac90687807423d2b3e27d843e57a34a3ab5e
144_common_gen_odd_count_kna_t8_rep1,294,7,odd_count,,8,2,65,18,1143,1051017677,common_gen,144,1,common_gen:validation:585,0,d9b63182d80319edf38f4eaf83e050dbb0e7de1bfe76dd3ab0f9394a065528f2,ccd85d8f8581c94c73a337ffc75c2c619c95d3d1e6a7cdf146265e9df938fd07
145_common_gen_odd_count_kna_t9_rep1,295,8,odd_count,,9,2,65,20,1270,352748346,common_gen,145,1,common_gen:validation:669,0,9aefd2ee7e9c355cf5bdf24ec857b0c1ec4812b8d326296976ea936df91c8e5a,a154881e07d45d574301742338f602ea187a6d7ea98a713f843dd13122a41905
146_common_gen_odd_count_kna_t10_rep1,296,9,odd_count,,10,2,65,22,1397,593454006,common_gen,146,1,common_gen:validation:22,0,c0e3e69ace62f8e3914b70eee05847d4f01503bdc48f248537a52539e52ef186,b74b2d880354c43307aef8e37eac90f623a9247b2181cccfbe2e5e2ec899b2ea
147_common_gen_odd_count_kna_t11_rep1,297,10,odd_count,,11,2,65,24,1524,1373591884,common_gen,147,1,common_gen:validation:625,0,6142098c2d9d92b28416d16cc8c777a121821d82ae189ddab219e4daf21c5b22,b540d28cddfee3fd04e147294ee4f6a55c1224fd4b9e052f21e2548621d28dac
148_common_gen_odd_count_kna_t12_rep1,298,11,odd_count,,12,2,65,26,1651,671196295,common_gen,148,1,common_gen:validation:507,0,c050b47fe87c2a305e0adeb7d2ee85cd82db683dae673f1817adafdb9bfb76cc,8f0e30521ccaaf2578e15acd9309c5ca2caa0e79b04b9487f6a1ccb76e225b61
149_common_gen_odd_count_kna_t13_rep1,299,12,odd_count,,13,2,65,28,1778,1827736485,common_gen,149,1,common_gen:validation:715,0,53f4ce6173be8c0a06fcc9348803ac57de5a07581baa6494c436231e95286a11,ce06749537fd8e6b14612715683c195c57c2773ad27372c0f766ab4bc70f3b60
000_common_gen_kth_last_k1_t1_rep2,300,0,kth_last,1,1,2,65,3,254,2023557366,common_gen,0,2,common_gen:validation:116,0,7c4f80dc52c22d9a770de88220e16151c59c2897c8565b3137c6aefbaad133de,4074b1b798d0b57ca6f220f0a64e7373f865146bcc89d76abb3688a3d6b9bf7f
001_common_gen_kth_last_k3_t1_rep2,301,1,kth_last,3,1,2,65,5,370,1645294196,common_gen,1,2,common_gen:validation:153,0,b02da7dcc56fb5ee7e8af68134d0b75ade91307c132099848b1b81824a44b51d,7ba3af44742eeae5a71e1ca99b9a6a6ef3e22107fde602d6ce3dded950c09870
002_common_gen_kth_last_k4_t1_rep2,302,2,kth_last,4,1,2,65,6,425,1727643257,common_gen,2,2,common_gen:validation:960,0,d8456ce52472f2f508ceaf36427e75a442661f52c85434cb1e4602d6f2618e87,9af8d7767a455e5a5e58177b41c7febad78ba87eeba16e508cbd00d7d305c773
003_common_gen_kth_last_k6_t1_rep2,303,3,kth_last,6,1,2,65,8,529,651331240,common_gen,3,2,common_gen:validation:848,0,0d2907f2e49341b7c54a807a66c407faa4d60bb34b3715bf0fb54a1c4deb6f5a,2588b95114382a857de0d3e2eaac5caea698fbdc017a7e4a88033a26bed4d8b8
004_common_gen_kth_last_k7_t1_rep2,304,4,kth_last,7,1,2,65,9,578,1672724734,common_gen,4,2,common_gen:validation:677,0,aec2c46b8cc319da94ccdb2a286b0d056d3e1e5d8ef65e61b6fd863347cf88e6,e2aef6d79057bbdfc722bda64977b03b5d2cc5770e6635b119a3b655f35bf287
005_common_gen_kth_last_k9_t1_rep2,305,5,kth_last,9,1,2,65,11,670,1166548901,common_gen,5,2,common_gen:validation:59,0,817ceaec51356bab6c1163be6c9e4d6f95b6e430712659e0c82b7e294cb868c2,714b3b6550b54fe8a00a74f989c4549bc0429cd8de37309eec6c041ebb9ed9c8
006_common_gen_kth_last_k11_t1_rep2,306,6,kth_last,11,1,2,65,13,754,1478633376,common_gen,6,2,common_gen:validation:797,0,55875997b26ec27a65b1e50bcf2a12e33c65484d7eff29d6eed000fd56a72f36,aaf6b8ac43a5cfd70f64b41172f1302e93ed02f4b2b6a8fdc2686aa3b76089ba
007_common_gen_kth_last_k12_t1_rep2,307,7,kth_last,12,1,2,65,14,793,839306281,common_gen,7,2,common_gen:validation:914,0,b24a131bf1caec9aa8e89dff2ad41ec8bd06e1ee4d63f1b9e3caa51c15357886,6f790605457600cdb121709c9ca6cee1afbedee754682ebbdc5d810d340afce3
008_common_gen_kth_last_k14_t1_rep2,308,8,kth_last,14,1,2,65,16,865,1668076455,common_gen,8,2,common_gen:validation:972,0,d9d1490583fd3856430989f360f07612a2e68c98713552f3a92f65c7cff53d46,64434fa20261201031a7af598f1d9766a5998aa701f1d9718e6a7eb0f8e97782
009_common_gen_kth_last_k16_t1_rep2,309,9,kth_last,16,1,2,65,18,929,1784310185,common_gen,9,2,common_gen:validation:171,0,4e7c9791c5f82b5d3255c730bd3d04509b2d998e3757bd87a36eb2a6da470cdb,a80cae0a198e45cc2bb411928d163bd55cd51cd5606c26adb339dbc6da4ed753
010_common_gen_kth_last_k17_t1_rep2,310,10,kth_last,17,1,2,65,19,958,1547818814,common_gen,10,2,common_gen:validation:126,0,c01b9f406ee7e5b99748aa0e26796430d96f03ff09d772c8b33e6da199810b35,d255c611714607c4c857239592c7424f3ccef6036ddf4f789a20195354f1f149
011_common_gen_kth_last_k19_t1_rep2,311,11,kth_last,19,1,2,65,21,1010,729600490,common_gen,11,2,common_gen:validation:361,0,d07fb78309a849fc5d3ce6e5a3a5851b893ac12567367b415056a4c4988e62e4,dda14b120e9ea0a082dfcc745fac93e9dd8354275e4271dad8150354379551e3
012_common_gen_kth_last_k20_t1_rep2,312,12,kth_last,20,1,2,65,22,1033,1929346766,common_gen,12,2,common_gen:validation:835,0,df832708947a517b6abe40a1854c32f7f42796967c52ff8df9ecb79f7fc6ecc9,ba5da9c18121e2d130068802398852e1a490f93ed3de273284a956a5be137b3f
013_common_gen_kth_last_k22_t1_rep2,313,13,kth_last,22,1,2,65,24,1073,1576972858,common_gen,13,2,common_gen:validation:141,0,1d3fcce8300c475309c413170779c0135a6ad0def6676ba1efc17ad9a80c2f26,3726580c795ed29fa93ca2797e5ece6c1ad2f8cc3766c664dfed463fd9c5e361
014_common_gen_kth_last_k24_t1_rep2,314,14,kth_last,24,1,2,65,26,1105,641986217,common_gen,14,2,common_gen:validation:150,0,c14fe9a1f351e694228f8a2784a9c1a17314fd2b71a0e6a800c4f9c022810b89,f4146274d660cf943ba1ea2747d78188392c237564598e95fd9f570a72c81150
015_common_gen_kth_last_k25_t1_rep2,315,15,kth_last,25,1,2,65,27,1118,364483986,common_gen,15,2,common_gen:validation:4,0,e34453a75e41d5d223d02134e5617bbd9abab1492a3a890996e8002b3aeef1cb,391e080e5c6b55be6a252403d59b9a50756fffbea016271d96a91913c2ccaceb
016_common_gen_kth_last_k27_t1_rep2,316,16,kth_last,27,1,2,65,29,1138,2143483223,common_gen,16,2,common_gen:validation:561,0,533e9d7e6f538a840eae69e5af6f178f81a2bf889a7798e90f8fd75d57f1c035,ac8a3b808d8cb2f041936a2146659a65b2304056f88550470aa6143844fdc431
017_common_gen_kth_last_k29_t1_rep2,317,17,kth_last,29,1,2,65,31,1150,1757643343,common_gen,17,2,common_gen:validation:313,0,c163628a3d0b3c94a46ae36e1c8502aa01c99fb42a8c76c712f57f238897a2b2,f7496857333910bd39c7bedcb1c43029d371fd17d1ff733ffbbcf8bc09d7b74a
018_common_gen_kth_last_k30_t1_rep2,318,18,kth_last,30,1,2,65,32,1153,979905621,common_gen,18,2,common_gen:validation:23,0,f97b6452fbd845c1b21a49fcc17510c23ef6bf140f44fd526b4abeaa89f20f7e,f4f8687892690dbce9ad4838f0072f5563c363988faff5ca45f429fc49c1cda2
019_common_gen_kth_last_k32_t1_rep2,319,19,kth_last,32,1,2,65,34,1153,1919803765,common_gen,19,2,common_gen:validation:920,0,871d8773d0ddfe3c39e9c60f87408d8b9635139109e810c6861a8c77448f3643,1d733d39e14a930264fba727d977ee0e1d28e887c1643af2c4d2a731457b79ef
020_common_gen_kth_last_k33_t1_rep2,320,20,kth_last,33,1,2,65,35,1150,991485594,common_gen,20,2,common_gen:validation:748,0,c98ba63be78c8ef11321efbccb229d04e71ca31f28ad7ea733172b1b9c322e92,e6eede76d8980048035100aa714f2312c9cb47b4bbfa8357399dac380fc0369e
021_common_gen_kth_last_k35_t1_rep2,321,21,kth_last,35,1,2,65,37,1138,657660878,common_gen,21,2,common_gen:validation:945,0,8456cec822caaa4be05019eac9756cd1d32dd5cdc125e176e78f58f8a8e39337,513ccd5aa50e59e897bce1fc704cfb913de4b1a9a728250e6e123ae8e5936a99
022_common_gen_kth_last_k37_t1_rep2,322,22,kth_last,37,1,2,65,39,1118,189588838,common_gen,22,2,common_gen:validation:309,0,0250de5921b2cc08e2b59c309b38f35882bd605ddaff72d345a217f450064dd6,99c2ea1eac64b6cb3791baf2d50dfce5c15d2a0b85b56c767acdb3b85b9de491
023_common_gen_kth_last_k38_t1_rep2,323,23,kth_last,38,1,2,65,40,1105,1384715305,common_gen,23,2,common_gen:validation:76,0,a3f0c80a6396d9196e30d522c77936ae1de157c19891a8a793354a302a72aaa7,ab1b383577a8409110448979020d36c82d157f9d888bbf49c0d476a8f08faf09
024_common_gen_kth_last_k40_t1_rep2,324,24,kth_last,40,1,2,65,42,1073,174690424,common_gen,24,2,common_gen:validation:460,0,3f21b7a733d1f5b63461724899d92936df501a5f509d6dc3280c3093b29177b5,4cf73412f4f8f45e698e9103f19686f5cbf42027bb4a3b049406aa27fff310e1
025_common_gen_kth_last_k42_t1_rep2,325,25,kth_last,42,1,2,65,44,1033,767023149,common_gen,25,2,common_gen:validation:466,0,08fc23213ee544795886a64ada84742f15b24e8be32d60c0288aa9ec1ad9e422,1a23fe33746fc11dffe5403c5e29b0649ff9446c8c3f04899791a7f6784c2ec4
026_common_gen_kth_last_k43_t1_rep2,326,26,kth_last,43,1,2,65,45,1010,1718174226,common_gen,26,2,common_gen:validation:57,0,f32fa42f100a51cab5e3189fbcef1d06ea8e5e0118df67fc4ba83941cb79b58c,7685b3e49d5e84a5f99052f416ed8a1f81dce50bbb9ec54682a6bf0912757cfb
027_common_gen_kth_last_k45_t1_rep2,327,27,kth_last,45,1,2,65,47,958,506425993,common_gen,27,2,common_gen:validation:90,0,07da7d6fb3361da931a1a1c7879b1f932fe2302e4e6f61f422453a4356eaa6bc,49315344193ddc2f20a33b173a4117cf258fcb8642ff098def15c90b8bdbf19c
028_common_gen_kth_last_k46_t1_rep2,328,28,kth_last,46,1,2,65,48,929,1114962707,common_gen,28,2,common_gen:validation:86,0,f08df01fbf7fe823c64458681c932d410e724a742cd7826ebdb9294d2588420b,fab6d518d7cfaa3cbe83fa0b6d1dbfc33da895bebdf377990a4138c1a7851d00
029_common_gen_kth_last_k48_t1_rep2,329,29,kth_last,48,1,2,65,50,865,1257315079,common_gen,29,2,common_gen:validation:734,0,b2a79a8e7bb76cfea6f83049c6f04a56e026599e37a506db34a14b05be016102,a43f68da8b3f74980da857472409dd25be6c5f97e4e7f19e49a5620f9c618e38
030_common_gen_repeat_after_k_k1_t3_rep2,330,0,repeat_after_k,1,3,2,65,6,439,628534398,common_gen,30,2,common_gen:validation:983,0,f4da2747e8934539091e53067d215ef82cd75c8254e7188b4a663c1408160046,5fa8262db55d921f8cdc1226765922e746c4768054ee3e509a4111aefae66536
031_common_gen_repeat_after_k_k2_t3_rep2,331,1,repeat_after_k,2,3,2,65,9,618,1048564142,common_gen,31,2,common_gen:validation:437,0,47c16ad36ac65ed5427443de8e50e9dcc8d355931a6d4a76e1149c8bc722e332,7b1fd5536c197796f3a9cacdb0fba712a42b7d113004caf4213fbe4ac4bdac22
032_common_gen_repeat_after_k_k3_t3_rep2,332,2,repeat_after_k,3,3,2,65,12,791,1029870272,common_gen,32,2,common_gen:validation:697,0,497b03f475ef424ef067accaf79ddb4d5e9678742533a4a94396c3cdbce61c59,f9b57cd88239bbad6a31a95b239af0d3b6228bdfa4e1be4ea017ef59ab083ff2
033_common_gen_repeat_after_k_k4_t3_rep2,333,3,repeat_after_k,4,3,2,65,15,958,163741365,common_gen,33,2,common_gen:validation:65,0,f797f64959b05f5ae03cf020e5e74f88ddddc0e01e611f4867cdfa87a7e6849f,f81cd97eb8f073df4814bcce1c7ce15724a0ce76d2f46fd2901fa7f3a736dc78
034_common_gen_repeat_after_k_k5_t3_rep2,334,4,repeat_after_k,5,3,2,65,18,1119,465351110,common_gen,34,2,common_gen:validation:245,0,2be1a9405b6c4f5036ee4bb7c618bdea05aaa78b3a48556a1b4e7c5f8c0865ea,0fb7706da7f9474b9ab1a3c5df381ce6ff418731b76c32e165891468a542b734
035_common_gen_repeat_after_k_k6_t3_rep2,335,5,repeat_after_k,6,3,2,65,21,1274,1243592523,common_gen,35,2,common_gen:validation:142,0,51288803a0a6acadf1ba5449a6204a3c6de44ab51c02c0a5021e49fe0760a3d2,24dcfad7daf7c1c104962f790dbfeac1035376f3a829316dad1ecd901d2759e7
036_common_gen_repeat_after_k_k7_t3_rep2,336,6,repeat_after_k,7,3,2,65,24,1423,1188701661,common_gen,36,2,common_gen:validation:263,0,3736e9f49a18463e388e597456bb0ebe7ef20dc2e4cd0140ecea10341835ec83,9e563439f2001c761c872c45a52ec0fd810159aac9496350a624061beb892c0a
037_common_gen_repeat_after_k_k8_t3_rep2,337,7,repeat_after_k,8,3,2,65,27,1566,1974812883,common_gen,37,2,common_gen:validation:487,0,b5deeef703a53357a194be934272386558fd3354eadf35df370cab70416ac9c6,ef9cfd5c8bd3357f90fef9dde2363aa0bf184ff0a4d5d84cbaa3398c44e5d8eb
038_common_gen_repeat_after_k_k9_t3_rep2,338,8,repeat_after_k,9,3,2,65,30,1703,1055991902,common_gen,38,2,common_gen:validation:156,0,f09d73266f34781f7a9c57efc814174ec2d751c0115c49873884a8e71ac5d290,13078d6b3df3d98080667178302dc7e3a48d077f7d29d867691ef9ad5f5441a0
039_common_gen_repeat_after_k_k10_t3_rep2,339,9,repeat_after_k,10,3,2,65,33,1834,1167190548,common_gen,39,2,common_gen:validation:514,0,81a0c7c45962b187aa6488836b6f0baa4ac14816f5a4454b0c70a3fefdbeff57,fa9664131c1f53f2839877f88177b6a0ec0ce32b3eb13830877c94cd081081c6
040_common_gen_repeat_after_k_k11_t3_rep2,340,10,repeat_after_k,11,3,2,65,36,1959,52861089,common_gen,40,2,common_gen:validation:534,0,4438cf1a66f432f62bf6d58355a6e3ce6eca549323ff67e4798e22ece5b9b71f,8799ad246ef5a5ebfa6e0528c4c7fbc31fad53993aacd218f4c864591bfb8b59
041_common_gen_repeat_after_k_k12_t3_rep2,341,11,repeat_after_k,12,3,2,65,39,2078,1933704178,common_gen,41,2,common_gen:validation:168,0,ea6cf8ba2807c608d52611388542147f298bebc9062938910a578b6f15c8f7c9,e9621123b652a44283f1168173692eb3c1db28944555db3a8369d2b045a83d19
042_common_gen_repeat_after_k_k13_t3_rep2,342,12,repeat_after_k,13,3,2,65,42,2191,1540994113,common_gen,42,2,common_gen:validation:184,0,869c0089c10a657c5628eb5553208c41616e754cc3a2d8fd487cf9e054fd39bc,3e5c8f9bf56c65153c4e22198a24a31ed110cb832b3b12eda7fdfdd66096d55e
043_common_gen_repeat_after_k_k14_t3_rep2,343,13,repeat_after_k,14,3,2,65,45,2298,1533466906,common_gen,43,2,common_gen:validation:363,0,82b52e1643e1c428eb09fd94b15218fe0e1a5a8d753e8cb97c3e45eabce974bf,b298698d998efd74e3128bfeb043cff8be6e2121ff34a139ba5ab1817fd5d552
044_common_gen_repeat_after_k_k15_t3_rep2,344,14,repeat_after_k,15,3,2,65,48,2399,1561444631,common_gen,44,2,common_gen:validation:383,0,0541cefa79674e39cd904266be2b9111c5694ebd06e134d70f0451527ca53345,150858de875b65c898e993352d1e2b0dced626dc418ea2b48eafdc64eda9d8e4
045_common_gen_any_token_at_least_k_k3_t1_rep2,345,0,any_token_at_least_k,3,1,2,65,5,370,1795768787,common_gen,45,2,common_gen:validation:576,0,b3917b3729884c657eb0f262a2bac0847f25eb64c71167775f384299e1e8388b,54f07e7fd97159d52a64c504c39cc262a90a6941a30cd49c6b89cf7911a6e744
046_common_gen_any_token_at_least_k_k3_t2_rep2,346,1,any_token_at_least_k,3,2,2,65,9,555,949640223,common_gen,46,2,common_gen:validation:979,0,77813ffbf73149448c468be11bb775c7c7be94f1a984ae36ae9f29d6db57e7f9,5496babe785e330d3efacc03fe73eaa03638cc46a9ea565e77acf835923db851
047_common_gen_any_token_at_least_k_k3_t3_rep2,347,2,any_token_at_least_k,3,3,2,65,12,740,2001366225,common_gen,47,2,common_gen:validation:208,0,63696499662cf825b28ba74184471ea1e9b80a4560cf4f3ba36f0cf81ecbf53b,991e5ef87877e78c5a7801f824c92fb8848db0c3486be292b1d35f94d2215b48
048_common_gen_any_token_at_least_k_k3_t4_rep2,348,3,any_token_at_least_k,3,4,2,65,15,925,615849880,common_gen,48,2,common_gen:validation:575,0,687cc3f65203bedc2a666e74a7a23323aca93a5c81c78677f058b21fda0489c7,3efae1f32a3eadb45d828ad32e3668ff8f93643ed31741427a969b76bc1cc304
049_common_gen_any_token_at_least_k_k3_t5_rep2,349,4,any_token_at_least_k,3,5,2,65,18,1110,2058249495,common_gen,49,2,common_gen:validation:508,0,bb787ffdcd8904c62db63fff750e03996f3dbe3606b023b0079a8b0f9bda9e92,fc839c119cb2b35a41a5ea9a451f59b7bad98c2edbb46660193e46f5b39836a1
050_common_gen_any_token_at_least_k_k3_t6_rep2,350,5,any_token_at_least_k,3,6,2,65,21,1295,2086866059,common_gen,50,2,common_gen:validation:827,0,a7319892a55c5294a48c8429f6c6233127bfe148711157154414cb60981c166c,06d2a428b37ffd22f8677929f10f16898bc61ddc4e57c45e7e055c0d3b4d9b1b
051_common_gen_any_token_at_least_k_k3_t7_rep2,351,6,any_token_at_least_k,3,7,2,65,24,1480,176816165,common_gen,51,2,common_gen:validation:191,0,8f27c0c7383eed6fe329749a6a0ceba3816cd5e6b4bdbf732d650c307a5a9dae,d2e2b1832f9ce3947f6ad7e145327f4dfb870fd441ab3be73946b35fc5cef8b5
052_common_gen_any_token_at_least_k_k3_t8_rep2,352,7,any_token_at_least_k,3,8,2,65,27,1665,1906890849,common_gen,52,2,common_gen:validation:324,0,46f9afb9229beda0d245f56af933a0faf0bb73fb97727e42a69edb196b090ca0,101ee8bf954fff253b952854a1b163c49ba6a83a3a692d2fcf94c1673e28f8e2
053_common_gen_any_token_at_least_k_k3_t9_rep2,353,8,any_token_at_least_k,3,9,2,65,30,1850,1555676554,common_gen,53,2,common_gen:validation:817,0,2220ebd1babfc3cd9f2ca86afcf6676fd7445cdac2c28a44ff2d0c609da670be,eb5ef85978c21289a19cf48a5f4629823435633fcf54f8ec93aae9011a07f87e
054_common_gen_any_token_at_least_k_k3_t10_rep2,354,9,any_token_at_least_k,3,10,2,65,33,2035,1781890543,common_gen,54,2,common_gen:validation:647,0,f1f53925637335d8a636fd60d4882af6c6581460daad9ba6da5f98afe30259dc,4eae2c6cb059d2dd45748ae3f09e5b211321b0edfb153d1ad4f3c10b91f90c16
055_common_gen_any_token_at_least_k_k3_t11_rep2,355,10,any_token_at_least_k,3,11,2,65,36,2220,463344614,common_gen,55,2,common_gen:validation:406,0,3e2c2af9686b7b637ebdbae2cf0debbd07f86cb3687405ec8ece357e3b4741c3,f76b941f18b13f14dd6d69c0e28ace2ccd5e1be78326a46c977cc6c1b8e9877e
056_common_gen_any_token_at_least_k_k3_t12_rep2,356,11,any_token_at_least_k,3,12,2,65,39,2405,385744462,common_gen,56,2,common_gen:validation:984,0,b2c76a1f1c513ad45e3af2bc47ea8998cc7dd30adf3a465f0d4f352433088da3,b9e3a9d01366967831c3af2c0c3363dfca783c2e85d94b67f777276a36c80f35
057_common_gen_any_token_at_least_k_k3_t13_rep2,357,12,any_token_at_least_k,3,13,2,65,42,2590,908054129,common_gen,57,2,common_gen:validation:192,0,f2b2ee48a8e9421d43f3a7bf555643be365335b90ac7ef1fc97340a7896cc311,01daf2af8c8c349671b20c52318ed3d3e322783ca9335596f0e9ba3af2eb35c3
058_common_gen_any_token_at_least_k_k3_t14_rep2,358,13,any_token_at_least_k,3,14,2,65,45,2775,176478806,common_gen,58,2,common_gen:validation:886,0,88fbed7396b11d9cd3b1a44f6d33fb6263573dfe3e9e00126fa93ed093156acb,98093414c46c1fcd9b52956814854f9c1d1822cbf5971b3f274efd0df9542ab9
059_common_gen_any_token_at_least_k_k3_t15_rep2,359,14,any_token_at_least_k,3,15,2,65,48,2960,1242587590,common_gen,59,2,common_gen:validation:404,0,d8899e3216d78d8dc00f1823f68873dc48ecff7614d6e1604a640b630a2488e0,484497d4da6760ad5ee92c7dadc8e9e74d5baee4420e2dcf5caa11509990ef10
060_common_gen_exactly_once_kna_t1_rep2,360,0,exactly_once,,1,2,65,3,254,282243418,common_gen,60,2,common_gen:validation:811,0,23e58fe4b52139df061df34743aa522074f964f179a28f0efee482af9412e9d8,17396d44641a25ebad4291d1d09f411e0166a97d1574801a605f4b8a7052dbe9
061_common_gen_exactly_once_kna_t2_rep2,361,1,exactly_once,,2,2,65,6,381,656331716,common_gen,61,2,common_gen:validation:956,0,b0ef8460a9989806e49a00468ab7c80836c843472dace247cec2454c3c9652fd,d347a91883b1a56e248caaa2c988fc9cf3ed11d8b800c3737a174e3fc378f50b
062_common_gen_exactly_once_kna_t3_rep2,362,2,exactly_once,,3,2,65,8,508,722300856,common_gen,62,2,common_gen:validation:307,0,b5623fa656a9d00d444873e8d0814a33d10d3df61398778a7c7b75ae3f113c89,23adbdce003a1cf5c024656d38cf3917dc851e5265e7bc0c24c14773b1d1cbaa
063_common_gen_exactly_once_kna_t4_rep2,363,3,exactly_once,,4,2,65,10,635,181118886,common_gen,63,2,common_gen:validation:32,0,b5d852393894a87b57c07b54ff9616b44776ab14025e19fcbde5c85bdaccf688,245b01a3bf05b88c38f3026ad74b4a180d315daf8402ec453fa5fc9c528df3d6
064_common_gen_exactly_once_kna_t5_rep2,364,4,exactly_once,,5,2,65,12,762,365506664,common_gen,64,2,common_gen:validation:602,0,eff750c46ac50b26e08e342f25412146656d393b7ee1ac2722821eadb94f5158,42ebda2bbf4a18cf578cda420028d75c346dc225758d828d24e072e0d4abbb53
065_common_gen_exactly_once_kna_t6_rep2,365,5,exactly_once,,6,2,65,14,889,611466864,common_gen,65,2,common_gen:validation:99,0,aa70bf92510b93441089e154aed9cc5662f67c299169e47cb72ac9c39c870d0b,35772875a96809e38fa91e6c7b52c71dd1743f6a77a215a57a188896b550d14f
066_common_gen_exactly_once_kna_t7_rep2,366,6,exactly_once,,7,2,65,16,1016,1209463343,common_gen,66,2,common_gen:validation:109,0,60225eb10205641c9b9c38d7fac33380c57efd3a406c5990d5708358ae6b54bf,a327b082a237f7502cef0d6042096a43d3913dccf27d68d36b24b4cd7a7f16a1
067_common_gen_exactly_once_kna_t8_rep2,367,7,exactly_once,,8,2,65,18,1143,1229890557,common_gen,67,2,common_gen:validation:650,0,0cdf1a5aff6ec8494efc0e0a7a544d74e18606df57f3bbb28d2c9b324743b848,30ae9cd7137cf4dbdb27f7e490105c2778c6d99f50f67ad70d265830c8ba4f8c
068_common_gen_exactly_once_kna_t9_rep2,368,8,exactly_once,,9,2,65,20,1270,282671048,common_gen,68,2,common_gen:validation:579,0,85a4ba288fbb38014652398996f7fa55fc0befc36a77812569761543f8a666b5,3db7dbc2e100713da0679f9206f34df8f7b50f439bb3b6e5b6bb159ab9048cc8
069_common_gen_exactly_once_kna_t10_rep2,369,9,exactly_once,,10,2,65,22,1397,1008574528,common_gen,69,2,common_gen:validation:253,0,66cbc709f4c4b340aaefb6f792580d23c8d09e2b0606bec706c52d72f3395028,c914d29b11bacbc38264c14665f3e18ded2e4e29702d71e0102a6bbbc304f8ed
070_common_gen_exactly_once_kna_t11_rep2,370,10,exactly_once,,11,2,65,24,1524,244599645,common_gen,70,2,common_gen:validation:590,0,f23b0a5b098d4ca3c339818b196b863c62e810e8bcafa262a464165bc550b5b1,15305073d12c8b324c93a58af1477136c5146dc774c730f725063287b326eca6
071_common_gen_exactly_once_kna_t12_rep2,371,11,exactly_once,,12,2,65,26,1651,981889957,common_gen,71,2,common_gen:validation:931,0,f5ce3fd890b0bc98ed80639f60b5ccdda4b9eb4c1f4fae4f087bc25b4ec09d55,db03486ada6b44d6d23ca5776777144eb538d3779161d9fd5340a3fde982976f
072_common_gen_exactly_once_kna_t13_rep2,372,12,exactly_once,,13,2,65,28,1778,887125123,common_gen,72,2,common_gen:validation:671,0,02471db2eed5cafae6b5225e376fd9ec96352ca6680a9aaa6da9d599d6e180e4,05b9973efbdc90fc2351ff224998372e7f623c7ae8fef23ada85eaca952a6c46
073_common_gen_exactly_once_kna_t14_rep2,373,13,exactly_once,,14,2,65,30,1905,2042561789,common_gen,73,2,common_gen:validation:763,0,2e9558cc6f276770980cf63e3e57bfe9c4735bd54ae045e1f410260bf0360234,90803e7cd927a97d48157d652a5fd8c06ca8cb20c11b94164c874c639823d6ce
074_common_gen_exactly_once_kna_t15_rep2,374,14,exactly_once,,15,2,65,32,2032,1009687096,common_gen,74,2,common_gen:validation:305,0,60b0d4a8c19cbf6c3fc002e7378f95045b5af0db398999d8b503d679f1ca3b8b,79251b21a5a51dc2c640d747bad57e67324fee76c668cdad1222aa635cb9d8b1
075_common_gen_exactly_once_kna_t16_rep2,375,15,exactly_once,,16,2,65,34,2159,2106063584,common_gen,75,2,common_gen:validation:806,0,e87e9fb4949814147b6324444c2bf7ef02ef9a24303f336ca14f1cbc1a2037f0,0dc9ede3451a0b2a13274992c09e879d3897d0a9f5d60bdecc495a75ca55a814
076_common_gen_exactly_once_kna_t17_rep2,376,16,exactly_once,,17,2,65,36,2286,114612613,common_gen,76,2,common_gen:validation:787,0,01e8b8f59654e29444d5efbc4c8b7e1bbbf6619066d8d62fbfc91839143a58e9,084a406b9d4cff4b182019978d9c5b56db2a415241c1edb7536f800746645eef
077_common_gen_exactly_once_kna_t18_rep2,377,17,exactly_once,,18,2,65,38,2413,1938070736,common_gen,77,2,common_gen:validation:777,0,d6abdbc028464c90098cb2d5881962dfdb99ac72e7eb10f50702ad55af30db2f,3cfa49a8e1f94c72ab4eb399e2382486b6eeabf8ed824a747932d29c775ba571
078_common_gen_exactly_once_kna_t19_rep2,378,18,exactly_once,,19,2,65,40,2540,868239826,common_gen,78,2,common_gen:validation:308,0,4692c904431854dba228a580da7d4635536634b7f0c551f740acac1311113695,064be58ea229334727613d4dc42304e3066f582a568a9f9d8b4da8199177993e
079_common_gen_odd_count_kna_t14_rep2,379,13,odd_count,,14,2,65,30,1905,2010497757,common_gen,79,2,common_gen:validation:807,0,3454d53295732296fdb7438167eeab6423aab90c615ef9bf6daa3fd267ba04d7,424fce6c0721598a11c05491f08a1ac95d725d7d87d3ecde73b5a7123611d4e8
080_common_gen_left_not_right_kna_t1_rep2,380,0,left_not_right,,1,2,65,5,313,2133090076,common_gen,80,2,common_gen:validation:527,0,383d4f677748b1c8b6cd9874bc0bfd9d9695ccdbba379a0062de1d202e61db49,54e114f4a49c59be6e82294ed5dc9dead1cb53140f13c91b46035bee580693a3
081_common_gen_left_not_right_kna_t2_rep2,381,1,left_not_right,,2,2,65,9,501,1651005495,common_gen,81,2,common_gen:validation:845,0,a4333ecd245ae625056c6fe5f089cc2ce9570dbc2f24bd4ef21710164718fc4a,e9d13498ab4cb458c87e5118bcd2a68b1641568fcfde92fc9587d3c0e3978e0c
082_common_gen_left_not_right_kna_t3_rep2,382,2,left_not_right,,3,2,65,12,689,473415857,common_gen,82,2,common_gen:validation:600,0,5c166d7b91e4fc600997c5cb22e69dbaa2ae63f3727bdf9440cff131b8ba6c6a,c1684982f511c2efd4094968f705cd55edb1b49dee1fde1762993ad0df35160d
083_common_gen_left_not_right_kna_t4_rep2,383,3,left_not_right,,4,2,65,15,877,245898394,common_gen,83,2,common_gen:validation:442,0,9938aeec9ea4efc78d9b9acdf846dcaedb7aecc1751424582c4bd23661e99288,f1e4d8529bec2d56fad9720be152f50c98cc87fc8b1ae4886ec57596d8a1cede
084_common_gen_left_not_right_kna_t5_rep2,384,4,left_not_right,,5,2,65,18,1065,1222662817,common_gen,84,2,common_gen:validation:283,0,94ac55f9d73abb196124046a4827289b3497713ed7d394abe311b8e061df3251,7eddcb63363596dffee8961cd63cab10e5b14fab415a0232350406a42f5b6ad9
085_common_gen_left_not_right_kna_t6_rep2,385,5,left_not_right,,6,2,65,21,1253,200412175,common_gen,85,2,common_gen:validation:491,0,a658f7afc63f1dc819f0cd18148de9a2d4a5b38981beae477855591fcabff1df,0e595f19b666eb85c06711bf66d7bc36073c9b8a888c3195698d431390b46019
086_common_gen_left_not_right_kna_t7_rep2,386,6,left_not_right,,7,2,65,24,1441,817763088,common_gen,86,2,common_gen:validation:147,0,6174982bbb891ec7b79ff36bf272474c35652e119554d5cad2522d65497dca58,a70bb7b12facec60c8e1f0df622ef5c9fed1f80622a9d0ab43fea5745d20e56b
087_common_gen_left_not_right_kna_t8_rep2,387,7,left_not_right,,8,2,65,27,1629,1928741190,common_gen,87,2,common_gen:validation:791,0,5954be2645455dcf518c465b312e6798d9df82d8f7b50fefba6595f37977127a,01e438dd51cec48b674ebe97c9305661d059e55ffd403b89b2115ccf898679db
088_common_gen_left_not_right_kna_t9_rep2,388,8,left_not_right,,9,2,65,30,1817,1858096094,common_gen,88,2,common_gen:validation:554,0,d12a78d7239e3b009b6de7ae0f80bda3102a961484ae43b796ca98f522ec7f89,c936b94fb2c090464d79cc335ac2dae3e81eb7646e99c74389b609638c3a149e
089_common_gen_left_not_right_kna_t10_rep2,389,9,left_not_right,,10,2,65,33,2005,674314899,common_gen,89,2,common_gen:validation:555,0,91a0eecbfb089eaca5a3d52b99fd4b4a390bc73e8eda27294598328667515213,bbe081ca178864c99218033ab460fea3bcff523893abe939a075d8202ccd4316
090_common_gen_left_not_right_kna_t11_rep2,390,10,left_not_right,,11,2,65,36,2193,824147810,common_gen,90,2,common_gen:validation:246,0,79a621c63d8e19dae5effaf209ecbcb5d5bdde37214f9efe6072964768eb58e5,6ec114a68fd5a8ada45e4804f5c2fe21676bf92180c4e4c1b148a330e77e40f1
091_common_gen_left_not_right_kna_t12_rep2,391,11,left_not_right,,12,2,65,39,2381,172984755,common_gen,91,2,common_gen:validation:684,0,fe069041b5333e2ddc5556e99654067d88000d7a3ddca01bff8650e5e8df25a2,a2ba1d0bac1c982d52dc34093cddef7ff09f1ae04259786fb5856ceb50c10aa0
092_common_gen_left_not_right_kna_t13_rep2,392,12,left_not_right,,13,2,65,42,2569,1006175999,common_gen,92,2,common_gen:validation:908,0,2448d856d2fe1add09d458745628eb14eb2b7dd54a82eaef4d0fff4a46a50fd5,8527842d4ba74fc24597f2203a17e2fc3f2bfe13763ed8304d7c7f2cea380045
093_common_gen_left_not_right_kna_t14_rep2,393,13,left_not_right,,14,2,65,45,2757,1019939731,common_gen,93,2,common_gen:validation:537,0,c0b4308d4eb1c8372e5b8f3997539d752af8a6119e97d43d0a652fade7ad1b28,3e53aed94a80783a20146dc752b6b70f595873d3a6373dadec4b7c210181a285
094_common_gen_left_not_right_kna_t15_rep2,394,14,left_not_right,,15,2,65,48,2945,227435103,common_gen,94,2,common_gen:validation:48,0,234d25db6c493a15adaf80e467243b1abe4738e1d71efed256bea90728d9656f,89eeb822c035aa9e7ce52568c039917b926d0be2a658d650814cbdbac18cfeba
095_common_gen_left_not_right_kna_t16_rep2,395,15,left_not_right,,16,2,65,51,3133,1634804747,common_gen,95,2,common_gen:validation:812,0,7542792118923fa2be2205fbb53fb4df34ab22b61ff8b0b7903a9aa7c032836e,eca9461bab52ff08124b464823dda714a4777f2c8f5d3e5e9cd4320de851dc4d
096_common_gen_sets_differ_kna_t1_rep2,396,0,sets_differ,,1,2,65,7,439,1859123528,common_gen,96,2,common_gen:validation:907,0,8f025e79591bc756e43070dcb70485855dc9fdd40eae8b846f12c55465913e33,9ad3fe0b8fafd5e60622cb2ba5efbf18d17db5e5f2982362ea4f64df76fea39c
097_common_gen_sets_differ_kna_t2_rep2,397,1,sets_differ,,2,2,65,12,690,1673063274,common_gen,97,2,common_gen:validation:110,0,87f995ebd4fba0dc88049cc2fb5f34ec49a774b515e5f7573133fe90becce741,26bd637df97a913e388a6fc6ab2fa76f6d48d17f19ebf330c47ae85e901b8e47
098_common_gen_sets_differ_kna_t3_rep2,398,2,sets_differ,,3,2,65,16,941,976309744,common_gen,98,2,common_gen:validation:864,0,0f80585ea3b4653267cbbbca39e27408143c4761e5714cbe996cad69e4b509f2,e251b87995b03a18378547cf1937927681c890b1bb0f137df20bba231fc7b3dd
099_common_gen_sets_differ_kna_t4_rep2,399,3,sets_differ,,4,2,65,20,1192,938168580,common_gen,99,2,common_gen:validation:380,0,70c955532322d3eb1a3086be2512998409bdb2128c0682a9dced9afb449dcb42,efa971075d735f3b7789ddd54e9864cf2cced2596f14c915103cbb5990c331c4
100_common_gen_sets_differ_kna_t5_rep2,400,4,sets_differ,,5,2,65,24,1443,1828469491,common_gen,100,2,common_gen:validation:453,0,e333505813b92f8f6acce6f2c7d3796e17bb246d58308c2d9f3c540a700ed66c,271b2c1c87269353ff294ea3c063c57c0d28f4293e26b1259fc6974bafa0bef0
101_common_gen_sets_differ_kna_t6_rep2,401,5,sets_differ,,6,2,65,28,1694,48054248,common_gen,101,2,common_gen:validation:673,0,955e1070215bae4e31572ec29dc0e580d99a21bc4cff89dc0dcd78728c7eefe7,11ac8e4b72d5310f198e6c1009383f316e6a4639e7fafd0062dfc93612968471
102_common_gen_sets_differ_kna_t7_rep2,402,6,sets_differ,,7,2,65,32,1945,572630654,common_gen,102,2,common_gen:validation:888,0,ca396389c1a303b95fe0e95742aa470a58c50031e319cadb22dab44139eea302,2f0da197388f88c5432ade110d6cc44d53043904f21b4c6f857a05625997bc2e
103_common_gen_sets_differ_kna_t8_rep2,403,7,sets_differ,,8,2,65,36,2196,1365137604,common_gen,103,2,common_gen:validation:240,0,ba7e68587fd0c76868a5c667cea491fff8a62e795260b8e7331c7d39d7c43940,187ba3e9f44efbdeab34b2816afb6ebef79af7034dbe5bb791bcb18de30ab347
104_common_gen_sets_differ_kna_t9_rep2,404,8,sets_differ,,9,2,65,40,2447,1526593342,common_gen,104,2,common_gen:validation:976,0,1c21ccfa126fd28c79fdfeaa01014ddd0818ff0aac25c922e95f341ac7324406,02545ccbef4ee9bb29f6431336a220b59e6b87b2db7361079308a885249a5c8e
105_common_gen_sets_differ_kna_t10_rep2,405,9,sets_differ,,10,2,65,44,2698,1739885609,common_gen,105,2,common_gen:validation:818,0,fa809cefd9de7f32530922cbd474eb8058fb2ba222b8b830581dba659457e7b4,997796943fb1c88a6107a6b25bef681ed47cca751cd87583e7fac6fe672b0089
106_common_gen_both_sides_kna_t1_rep2,406,0,both_sides,,1,2,65,6,370,51305430,common_gen,106,2,common_gen:validation:69,0,c0e03462c8c610b8319aced3e18dfb7f2637645ad964e273e8bd790e43304686,ca16dc71c0342970a0095e6594ca7fed6364933935c8846f4d2be9d626352f8b
107_common_gen_both_sides_kna_t2_rep2,407,1,both_sides,,2,2,65,10,555,871591343,common_gen,107,2,common_gen:validation:556,0,6471b7208b705284e6264a95a8422f96094daec4c96d20941ff47e0947e11254,2d3a00231e4b7b390866b8c0c1c786c7d8fb915b1fe9d4d55e43e7593cbec36e
108_common_gen_both_sides_kna_t3_rep2,408,2,both_sides,,3,2,65,13,740,173730257,common_gen,108,2,common_gen:validation:154,0,c8184ec860ce5cd37edc1469dd6a8e9f39a6cd89a4878f9f05f2d157cf2182d4,9c4fdcdb14e70ac42b4e7703a56cf20431d328c841ade9c592a0f50d99a23970
109_common_gen_both_sides_kna_t4_rep2,409,3,both_sides,,4,2,65,16,925,1605160701,common_gen,109,2,common_gen:validation:552,0,7511b7369bd9a0677b17d4bc309c27096f24ea4921b35772b17542386a29058e,d2d7cf23badee12c07f7694722171d6d8aa5085770dd23d4351bf426edcf5599
110_common_gen_both_sides_kna_t5_rep2,410,4,both_sides,,5,2,65,19,1110,1614795441,common_gen,110,2,common_gen:validation:859,0,2e1ea2e56106689dc59d1b94ee619e273be777b4eb4ba2faa5c77e662e22942c,4d8b5f18e4db5c00e310d0fb5388a90efc1ad8755d1a428a538fab8962212905
111_common_gen_both_sides_kna_t6_rep2,411,5,both_sides,,6,2,65,22,1295,1848551698,common_gen,111,2,common_gen:validation:98,0,d280abed6345b3836255f58d7f7eff0e3e1cd26017035a6abe712520baca97a3,b803be0cd92d336f24eba78d65e3629e6cb92c43e31cf06319db84f0c72abd61
112_common_gen_both_sides_kna_t7_rep2,412,6,both_sides,,7,2,65,25,1480,352329145,common_gen,112,2,common_gen:validation:298,0,817194e8fd93ca6254e60aaa57463491dc376181dc22a687fa9fe831a34f3525,b7522a17c48b89a9a7b894853dfb652a6b8f754a007788f9830660fd0e2379dc
113_common_gen_both_sides_kna_t8_rep2,413,7,both_sides,,8,2,65,28,1665,1962849389,common_gen,113,2,common_gen:validation:284,0,52f5115e8b7c7df84d24779429d8bf2c47ecc5fa5d07e083f24ca178a5033df0,ae7be7434d7b56f2bc8588010acf6b8f9b5dac8c4df4f9ed66a91e628e480561
114_common_gen_both_sides_kna_t9_rep2,414,8,both_sides,,9,2,65,31,1850,1187597341,common_gen,114,2,common_gen:validation:281,0,ea20024f5293ddc2cdcefe23a3b6054259af1eeaa9d0bedbfc4aee562dfc2549,b8ef84a11c738f282ceeecc531b087f545de27334330422f12795ce96af369b4
115_common_gen_both_sides_kna_t10_rep2,415,9,both_sides,,10,2,65,34,2035,1971654649,common_gen,115,2,common_gen:validation:736,0,d49dc1add86eaf26af420c122614b7cdb39eef27ace6689e7956c59f00d8ff55,063a8b0d02019ceb4774877f983d5ffb1ae59d5c7b8a65c0489d1508bce77881
116_common_gen_both_sides_kna_t11_rep2,416,10,both_sides,,11,2,65,37,2220,1939924676,common_gen,116,2,common_gen:validation:446,0,dda515b06f4f90e75f67c99a9f5ea4b27b295ccdc827fd486a2e79aad3052afb,a0087ca962fb096200294ae1451b0b4959940cd3927c349da5b51120ee185cb0
117_common_gen_both_sides_kna_t12_rep2,417,11,both_sides,,12,2,65,40,2405,659770294,common_gen,117,2,common_gen:validation:740,0,645aee742860721bda0e77a8c654254448c5554e1cd1c01208f042cf6cd41bbd,fe90e4bd5dd542bff8b5fe55be1c34e336c94ca03bfcf41292ac4584065e13b1
118_common_gen_both_sides_kna_t13_rep2,418,12,both_sides,,13,2,65,43,2590,1160402031,common_gen,118,2,common_gen:validation:531,0,e12c6c49347c5de7f7e949de0be8f9fe914d1fa17e6b41f98f2ddba6a6b8857e,1526100994d284ac82d5a61bfc6ac8abc704e1bc81fdc6dc0be2749b3121938d
119_common_gen_both_sides_kna_t14_rep2,419,13,both_sides,,14,2,65,46,2775,1487259393,common_gen,119,2,common_gen:validation:686,0,dc9168e808c9172c0a299cc420b714f6c66f17ba4604d16eda054e2f80461c0f,a3d3066f57f463c564161ddaf0429cac1d76662a72f84921158cdc53a0c9a7bf
120_common_gen_both_sides_kna_t15_rep2,420,14,both_sides,,15,2,65,49,2960,863296311,common_gen,120,2,common_gen:validation:572,0,c68ef586d07fe31b031dfcc8e38fcb34fce2e728bef06513f8cf00e75e94fe1c,a8228f4116622428a7e703a5f3ab247b12737ec7df991912a9cc01b702e9ad34
121_common_gen_even_count_kna_t1_rep2,421,0,even_count,,1,2,65,4,313,1484544343,common_gen,121,2,common_gen:validation:632,0,c9d1b03fe0b0e4c5680d996069112a1c8ed20ce93806a512dc78feeef4ea387a,0ad8e51e1e32034c415b76e9f157075f302b4e29041f8fc48e47753f139be95a
122_common_gen_even_count_kna_t2_rep2,422,1,even_count,,2,2,65,8,501,38642501,common_gen,122,2,common_gen:validation:202,0,c12f046b57fb2b9fd7b7073c4a3d5d310657cfc37084cc75642a5db628a6058e,aba85cb241d09034f494f9df7c3f40c61f815c3900073a6188033cff8cc755cc
123_common_gen_even_count_kna_t3_rep2,423,2,even_count,,3,2,65,11,689,1786006800,common_gen,123,2,common_gen:validation:30,0,1453b878d9c92ef6c1fd5badd78f6639e1fb9b321bcb93fb97a5f80080a42352,f75023a33ed43486630aa7f629138c7fe48e27308dbd62b58295cdfe333ba00b
124_common_gen_even_count_kna_t4_rep2,424,3,even_count,,4,2,65,14,877,1263411190,common_gen,124,2,common_gen:validation:89,0,98c35dfed7045d50d48bdc09293a38c1a994cc99109982531670b33d044ea910,ea31855e49699b8c1485fd1fad7757f43dd234d2caf94a24ee79c09aa623a227
125_common_gen_even_count_kna_t5_rep2,425,4,even_count,,5,2,65,17,1065,1756175381,common_gen,125,2,common_gen:validation:765,0,072220bbf0eb4b907f2416f3f7104f3a780bcc6bc10190dc1b90c870f9071e2b,367ee5b17a7cf4f7ee50f791973cc5bbe934315d1457ded87db41515fc759f93
126_common_gen_even_count_kna_t6_rep2,426,5,even_count,,6,2,65,20,1253,661951391,common_gen,126,2,common_gen:validation:128,0,c302fb7a3217da477039ff9b609bbb632be6f332adc26c5ee564017301ac0779,35ae142c3ed559e36a2ad2fad495e2681a4efa9dfa633501889d6316e8743457
127_common_gen_even_count_kna_t7_rep2,427,6,even_count,,7,2,65,23,1441,1733346817,common_gen,127,2,common_gen:validation:236,0,e7bf4ec09d218093f6119884bba23839f8f7611b4be4d5f0d6f0229bc78b47d4,8d8c05796a0aa3749494f27cf3d8cf1eefbedba9f30eec9be44978e66f42782e
128_common_gen_even_count_kna_t8_rep2,428,7,even_count,,8,2,65,26,1629,1204271954,common_gen,128,2,common_gen:validation:865,0,89ed1ed773b536819894f9f5c1b559e828a70a9cfaa15d3acd1a1a438f680246,aa574a56bbcd6f3cfb9c104e620017b29df62601f7936e4327e712a36f6aeb3f
129_common_gen_even_count_kna_t9_rep2,429,8,even_count,,9,2,65,29,1817,1931760024,common_gen,129,2,common_gen:validation:505,0,2717f1db326c41a0b8cde77677b712596957d7265afc46148666bfc2da9ca567,c193642985dc8064fb6234fd517a6f6b937ddff37e1422e82d9cc63bf9bc6e07
130_common_gen_even_count_kna_t10_rep2,430,9,even_count,,10,2,65,32,2005,342282746,common_gen,130,2,common_gen:validation:329,0,ba5a0d4e9971aa39754c528b267bedc5f8d17eaa7b7e289a70f7ec40beea53a6,cc0dd990da836080c6668f58af2154c1f263635dacbeb2a57f848d4901dea1ac
131_common_gen_even_count_kna_t11_rep2,431,10,even_count,,11,2,65,35,2193,2092919450,common_gen,131,2,common_gen:validation:714,0,ac645b19e25bd719f1f36c7773aac6286a5c78c95ccbe033c48260832ac9740b,33d14898b62c0b2ac5aef74954c2c17f8c8ea2f8d57de641126d136ebb1cf609
132_common_gen_even_count_kna_t12_rep2,432,11,even_count,,12,2,65,38,2381,397082772,common_gen,132,2,common_gen:validation:731,0,ebf43b83c7856927297b9280ab1702b84fe2f3733208768cfd177ee50b670eae,59d97e91e682f3514b3f1ebbc06a3290b4dcaa339572bf86b4ae89951f2b9b0e
133_common_gen_even_count_kna_t13_rep2,433,12,even_count,,13,2,65,41,2569,2125877062,common_gen,133,2,common_gen:validation:965,0,8789ed2c21cbfc09236e3ea62fc94ae8b96484381b64ec7d0799f4e341d98197,b75d6fc5ff1ac0dd2e59f8cea27f6f1a184cee00344961d1af5d94f500a34437
134_common_gen_even_count_kna_t14_rep2,434,13,even_count,,14,2,65,44,2757,401422673,common_gen,134,2,common_gen:validation:463,0,fd091516d9aa417e500cd7102d3c251e399adf1dc629723de2825050cc9586ef,ae58d5daa91fb85b0d37ab2b64de7522463b360cf02aeeb9a273a45a3b83a36e
135_common_gen_even_count_kna_t15_rep2,435,14,even_count,,15,2,65,47,2945,934690135,common_gen,135,2,common_gen:validation:645,0,f4a173f766bdef4edaf02d2521907f88bb82e5e5e23cafc03015326587ceae8e,62da4b7ec3ed2cb9fd30ab86a6ba9fa8631e8afd4042bdc5b9ad60836a50c16e
136_common_gen_even_count_kna_t16_rep2,436,15,even_count,,16,2,65,50,3133,1263600558,common_gen,136,2,common_gen:validation:12,0,e96e5e89bdd1a94232f4bbc44324d9dece91a1cd3e2d2a1eff2611b229d5bdca,941500a6c4f49ff7e243c07fd988fa634e37aaf829c1ba39c817808280a6f5cf
137_common_gen_odd_count_kna_t1_rep2,437,0,odd_count,,1,2,65,3,254,582900007,common_gen,137,2,common_gen:validation:320,0,4fb094cd581ca681a8c7cf8ac21a72a9af3a6b5e59e5ed92bfb7909efe0cb19f,66a157bf47e97b1d3f75eb460392030f78447f0020b00c65a8fd44f86a1dce33
138_common_gen_odd_count_kna_t2_rep2,438,1,odd_count,,2,2,65,6,381,1648646265,common_gen,138,2,common_gen:validation:779,0,a0f066b627bc39db00f1a9b4ab17410cca15942c0c4605b2306aed91955888cd,50a9322bf42ba53c1bed99fd1d6aa6eb5e8f858628b779aa5a6b667d48d6f7ad
139_common_gen_odd_count_kna_t3_rep2,439,2,odd_count,,3,2,65,8,508,1576209688,common_gen,139,2,common_gen:validation:47,0,3895e89c2665e35966d4c393746cf237be24c9fb0a3c14d5f2403969d1413708,5515941c94a644a7e004d84a4068c009abf6667639fc1871e0e590e74b0c06d6
140_common_gen_odd_count_kna_t4_rep2,440,3,odd_count,,4,2,65,10,635,607940089,common_gen,140,2,common_gen:validation:944,0,4ea81654907fede9def8b55008781523989a12de20a50fd6456e561e75d26fbb,ce0ea52c46ccb837e409c81e166a36dc0fdaf6ded9fa082842ffaa01e86b4982
141_common_gen_odd_count_kna_t5_rep2,441,4,odd_count,,5,2,65,12,762,2034089868,common_gen,141,2,common_gen:validation:198,0,241e930aca56fe79f0dfc2a6453de7b006fa3f48d9c471ac966b5e67232d3af5,5c810ea43f03e1a4320389e4e110600649738753aea77cdbe5a0e42a9467eca1
142_common_gen_odd_count_kna_t6_rep2,442,5,odd_count,,6,2,65,14,889,606851912,common_gen,142,2,common_gen:validation:783,0,82dae67b658e5853ef59315ac46d5bc4c3cd97690b80311a09a1b41eb1e67cef,ddea4876880432723d110267b7b8d75e1e856a84a34d4e21a75688cb83792a0e
143_common_gen_odd_count_kna_t7_rep2,443,6,odd_count,,7,2,65,16,1016,1159581501,common_gen,143,2,common_gen:validation:704,0,3aa02380f93c80d3f860ceedaadc699ce6e3ae54d1e63a2bfef939acfd4e05b5,2a86a93e1dd35f996f27416dfa3102a511fc587d509930a3282c0698d846c8bc
144_common_gen_odd_count_kna_t8_rep2,444,7,odd_count,,8,2,65,18,1143,196679307,common_gen,144,2,common_gen:validation:353,0,dad190bcfe29b1fedd2bf85b63d43f1d492f74810ee3eee4cdd5f35db9683e05,bd6d36629e0b72206d078506dd5df9f429d6fc0668f2cd302c9fc455ff1d7fb3
145_common_gen_odd_count_kna_t9_rep2,445,8,odd_count,,9,2,65,20,1270,1557827992,common_gen,145,2,common_gen:validation:21,0,83460821396b5bb089f7e89dadd50d3f96466b283bc63eef9453e77b2c6c5d38,cac5a0e6e72c99ef41f8d37e5f41fcb70796fcc28b04a2c7a96b053b5b6b0564
146_common_gen_odd_count_kna_t10_rep2,446,9,odd_count,,10,2,65,22,1397,127712770,common_gen,146,2,common_gen:validation:165,0,4b0ab67a81a05b1e24e0f570902e86c49f964b0c38be46176b3c404f4fe37153,e08b6b9d2a4ab133b5af1075466e3b6d317243a1b1ea4beb80dff908ada74330
147_common_gen_odd_count_kna_t11_rep2,447,10,odd_count,,11,2,65,24,1524,1471650866,common_gen,147,2,common_gen:validation:840,0,1a19e49861a082d53576781fe5c326bf955422d040b7dd0887447b9bbba4ca27,7dc9c2606a49284627108c4cc06b428e86263977f2280e31dbb3beec25e38a95
148_common_gen_odd_count_kna_t12_rep2,448,11,odd_count,,12,2,65,26,1651,1910866874,common_gen,148,2,common_gen:validation:662,0,8f002f61f8a9d53100e48a5fdf7cdfb7c727778e05540db18813cb47480d3aaf,e279a9c3bd82dc110692376aa965686895f3e65c536e840d575979f597f60edc
149_common_gen_odd_count_kna_t13_rep2,449,12,odd_count,,13,2,65,28,1778,1398258987,common_gen,149,2,common_gen:validation:678,0,6e96edb00f23b253093f64e3dfcb3a3f1d336b5aa9843f7b9627c6471b79685d,b57c3ffe5d57b26001d56424fb7f14fb1ff6d92d03c8142af6d3a9bafd84bfc2
150_common_gen_right_not_left_kna_t1,450,0,right_not_left,,1,2,65,4,313,370030228,common_gen,150,0,common_gen:validation:61,0,9d572b50818e64113888fd102c73fbb548c604c885693304453f6a339a3590ce,ef9e1b9dda4ad9d1095eb7ce29b530fda8f10a44feaf27b770ce24f810742aae
151_common_gen_right_not_left_kna_t2,451,1,right_not_left,,2,2,65,7,438,1117270615,common_gen,151,0,common_gen:validation:431,0,29248b68ef506bba991d2a85380c410bab6c248ca1360f89484353b4ec28395b,41b6ccbdf93ba745cd9d8823bc708b3b86d16c84dc053450c1d632d201b39b6b
152_common_gen_right_not_left_kna_t3,452,2,right_not_left,,3,2,65,9,563,1034326056,common_gen,152,0,common_gen:validation:87,0,9a8c8beb28c31c686a26420caba79cefa745561e597e5048363df23c982926e9,521c7fd9a604b49578762b28b21e9eee2ec826a7c0aceaee05ffb274f8e594b9
153_common_gen_right_not_left_kna_t4,453,3,right_not_left,,4,2,65,11,688,625321808,common_gen,153,0,common_gen:validation:331,0,4f9e04e1ab2a792d8432a58c3eb5e50f1c7b38d980eaba253f7777e1e55065df,94675d5e42180b0341cd761a50ba8b954fed231c10cce4a7558030174954300a
154_common_gen_right_not_left_kna_t5,454,4,right_not_left,,5,2,65,13,813,1604733787,common_gen,154,0,common_gen:validation:330,0,88aa28a20369822e5360f495c72b946a89ab52574b9da401c513f5491e7fb6b2,eecdadda1bd24670d093a274eaececd14dcdc64b4216fd1d4f7ad2c0f3576f67
155_common_gen_right_not_left_kna_t6,455,5,right_not_left,,6,2,65,15,938,1851511355,common_gen,155,0,common_gen:validation:235,0,8fc823f01084501f10ad574eaea390bd4df6edf10026eaeab420d3553b68ef4a,89c910f4d52eb69dbbab15b61016e15cd8926dd5d1a7a48e0b3fb09dc0257560
156_common_gen_right_not_left_kna_t7,456,6,right_not_left,,7,2,65,17,1063,1366285325,common_gen,156,0,common_gen:validation:13,0,45107f3cd09a35cbb0e5df55a3644a2d066efebd3bb8624027e265bf589af8cd,5cb3d9a9503c8fc95ee9e8bbe68e387a286940737586c69efd4d39f496de2f3f
157_common_gen_right_not_left_kna_t8,457,7,right_not_left,,8,2,65,19,1188,867788967,common_gen,157,0,common_gen:validation:344,0,48d7959106789e5ef823fd69bfa3bcf9fc44c4b032034b3158f521289091eefa,d4c947195596b446de7683840df142b54bfee65377d27231af491f19da41a561
158_common_gen_right_not_left_kna_t9,458,8,right_not_left,,9,2,65,21,1313,1994658488,common_gen,158,0,common_gen:validation:193,0,33e41661855969baeb83429aa597f25dc06c4a495068fd40269ca72f716727fe,732eb1514b5645ed7fc003da4e66afb51142a01a6bb972899e985f3f125b2712
159_common_gen_right_not_left_kna_t10,459,9,right_not_left,,10,2,65,23,1438,463148287,common_gen,159,0,common_gen:validation:834,0,40e9b1c58f9a0826b2448f44b9c9281cddb42a54cb0edb799a073b90792c111c,8f59d8bb98d696621112ac61af50287fe2aea72aa6e2fe572a7c3e05c71b1f79
160_common_gen_right_not_left_kna_t11,460,10,right_not_left,,11,2,65,25,1563,520143440,common_gen,160,0,common_gen:validation:516,0,66f59f7ec78c8f8969a78f3005a4d849b547232559c7d218c86b670b8bf07768,2905d78fdf5e433646569fad34a4083e17b111b7399d8f44d02e55c81c5cbeed
161_common_gen_right_not_left_kna_t12,461,11,right_not_left,,12,2,65,27,1688,964103042,common_gen,161,0,common_gen:validation:56,0,b2f12dd4d34ed0ba23a289b2fdc6c4ca320d7e4bb6b46a3ba629d1876270c136,ccbfd0671fce4b59d020aafc226769b9b25aeab4adc2c5dded0402332d7bb078
162_common_gen_right_not_left_kna_t13,462,12,right_not_left,,13,2,65,29,1813,1708088686,common_gen,162,0,common_gen:validation:649,0,a60878228377be1a2a4818dd82611f43f2f9bf49aec8b99f943385a4646d0055,8d099d6f9e98dbcc4862cb8bae40edfae273a41817a284ca0a05418382dec729
163_common_gen_right_not_left_kna_t14,463,13,right_not_left,,14,2,65,31,1938,246571988,common_gen,163,0,common_gen:validation:639,0,9b83d4770b9ed1bc19c4974ba12a88f33320db545290f5f5ddc389c535d43bb7,2d32aff00979d2a4609c4c06580e81bdf20136f3959920cc906403422f84a89c
164_common_gen_right_not_left_kna_t15,464,14,right_not_left,,15,2,65,33,2063,1259191692,common_gen,164,0,common_gen:validation:928,0,771ee37d29acbd878e356ac0c7a5480c46e951f9d6fc02ff0a7cf57a77197500,82a8ddf3bc4baa9b4107cb242e4f4b34a311e9b9838a0c4689273c5a9d904e99
165_common_gen_right_not_left_kna_t16,465,15,right_not_left,,16,2,65,35,2188,35710196,common_gen,165,0,common_gen:validation:799,0,83a342c8e6d4c6de0c05b7cd4e1c43f54a93ff350d2adcb3d70e1552ac6c37a2,89879f3776f0779220545d1eb0e841bee9985983190a5f3478157d4bac0eeba0
150_common_gen_right_not_left_kna_t1_rep1,466,0,right_not_left,,1,2,65,4,313,806123932,common_gen,150,1,common_gen:validation:103,0,50dafea3195c648e18b94cf85e7c3a5ff1760e49d727b679bfa9eb317d3e05ca,b0cb3d27bc765c3b41ed1ef40e79c086dae831f8d2da1cce18175d063df041ee
151_common_gen_right_not_left_kna_t2_rep1,467,1,right_not_left,,2,2,65,7,438,1806795738,common_gen,151,1,common_gen:validation:986,0,d07cd11a9f31c75f7fef450c2b2b790fb2ab77703891147e772c53673a1d9791,00dbf9886144029d66d8f71de4f4184ee0cfb33e37785cee02c030535c593494
152_common_gen_right_not_left_kna_t3_rep1,468,2,right_not_left,,3,2,65,9,563,1715798320,common_gen,152,1,common_gen:validation:966,0,14a7494d0df5e063020aa155984b0c4003f2b3aaced833dd1d876a96c6823895,a8b606b6966bac29a1108a2484cbefec3479974d49496d1d6ed58840ae4aa9eb
153_common_gen_right_not_left_kna_t4_rep1,469,3,right_not_left,,4,2,65,11,688,1810150347,common_gen,153,1,common_gen:validation:861,0,98e6d6b6b60700c0b1c075c4f41c038a1a026d452b0d3d133df1025cda92e52c,95bde67ae34354f2457e54919bd80a26bbc157a855d968353e30f18c4dc872e8
154_common_gen_right_not_left_kna_t5_rep1,470,4,right_not_left,,5,2,65,13,813,1725636772,common_gen,154,1,common_gen:validation:222,0,59e2b428bf51b2ab12937047d9dd5cc1dd3ff69aa0b545950d04dd67b72fcce0,73dc0884b37292f79a17cafc3a2c5acf16180ac9e7f4f42c06b76eabb534974e
155_common_gen_right_not_left_kna_t6_rep1,471,5,right_not_left,,6,2,65,15,938,1304672721,common_gen,155,1,common_gen:validation:381,0,b4923b5264a05cb5d75117dcbafe5adbcd094d56539fa7d1b7b715b184ea1d9b,dc98fd15edba05d92b8df6d3defe42ca0454b9029594f7ff39148f2cff264357
156_common_gen_right_not_left_kna_t7_rep1,472,6,right_not_left,,7,2,65,17,1063,1847576502,common_gen,156,1,common_gen:validation:467,0,33a267512300bd73db9c7fffe2e86e0e63d40b4465c2b0100b1050555858c3e5,10319240f5f04e16493e9d387f9e2e58cefad7baaeb29b30e758342ec70c2dfa
157_common_gen_right_not_left_kna_t8_rep1,473,7,right_not_left,,8,2,65,19,1188,323622681,common_gen,157,1,common_gen:validation:377,0,b75c8addf46813c255e17ff7633d621abfc48e7b82a73e0401b793860d9b18b0,2548ba5bec73fa3f7f33ae212e86eafca12d249814c4f3524a7741922f472424
158_common_gen_right_not_left_kna_t9_rep1,474,8,right_not_left,,9,2,65,21,1313,1427472718,common_gen,158,1,common_gen:validation:88,0,b7add7482ce511c64419b340415665c31ff4ea450566cbd0faad61dd4f81de7d,cb8e57ed084628f0eedbe10175f4b4533236c78a00e02712c36bba63a9a31723
159_common_gen_right_not_left_kna_t10_rep1,475,9,right_not_left,,10,2,65,23,1438,280967001,common_gen,159,1,common_gen:validation:705,0,ad73184b94a2cd238510215b9f3d2c67dfddf761e6b7368ed0db581871d24992,03129c79eb3cc0c3b57fdc6fdd4d713c160b64abf553b4df04af7d8ea272aca9
160_common_gen_right_not_left_kna_t11_rep1,476,10,right_not_left,,11,2,65,25,1563,119820211,common_gen,160,1,common_gen:validation:371,0,70b416084b757ce482ecc922b67109006367cd0f1ba3b1624f9e4e3ca664d054,50599c4ff7996074233c0e17ad6716bb3d05b712f027af0fd42b6790f54b9993
161_common_gen_right_not_left_kna_t12_rep1,477,11,right_not_left,,12,2,65,27,1688,817578808,common_gen,161,1,common_gen:validation:772,0,7bb4e87b0698097959d44559bc61ff62a570f1dc5c0ba2a73e925101516e295d,a5e0696cf17c8fbc1762f55961ad66587f6db7d744da0f5b19ebb2daca2f2652
162_common_gen_right_not_left_kna_t13_rep1,478,12,right_not_left,,13,2,65,29,1813,1303865603,common_gen,162,1,common_gen:validation:123,0,a0610e8d846bdf4771da031d7507054f42dc98220a36885bcddd19981e0a5a36,c8404a6ca8b764c098f129f3c31f3e8b2c231c29b09fe11934b2848c31b76817
163_common_gen_right_not_left_kna_t14_rep1,479,13,right_not_left,,14,2,65,31,1938,1012729022,common_gen,163,1,common_gen:validation:234,0,320d2404499d414f4bc920e8e6e23569d45051ccea21fadf4ea0ef23cf81b0af,3a12c55f3d32c533ad7bbd2f49b94c226e2f65ca3b01b7b481e53cac868bc18f
164_common_gen_right_not_left_kna_t15_rep1,480,14,right_not_left,,15,2,65,33,2063,429832398,common_gen,164,1,common_gen:validation:581,0,44ee4ebf75873e14acc75eea0f00983232c12e40f66553bb38eae9990e01dd90,08251ee243578bab8e026323f5b9ae326b257abbe5b448e461160de4fd29f2e6
165_common_gen_right_not_left_kna_t16_rep1,481,15,right_not_left,,16,2,65,35,2188,304188434,common_gen,165,1,common_gen:validation:760,0,465a76fdb739357bf2925b628cfd013cde2f0b481fb99235e06458d14d28b6aa,1af1f3616e7cca99370e5996af2dcb2c96c76dd782cd6667e8d7bf603312aaaf
150_common_gen_right_not_left_kna_t1_rep2,482,0,right_not_left,,1,2,65,4,313,899577775,common_gen,150,2,common_gen:validation:212,0,075f95cc058d8b0f65d8f3696e3cdaba1616865a6dbc7c86745174ec2b719e1d,d69ec0a2b29095ee319888c4861d5028a91fa7a12abf979ed97821caf8d900e2
151_common_gen_right_not_left_kna_t2_rep2,483,1,right_not_left,,2,2,65,7,438,755169484,common_gen,151,2,common_gen:validation:769,0,5f5e72a6c879567bddfa9f135808a8c46104fdb6afc3442b658f5c5f7f6ba180,fabead1ee3367556f35d94d42acff42193bf398921fe24c815621749df619934
152_common_gen_right_not_left_kna_t3_rep2,484,2,right_not_left,,3,2,65,9,563,717281809,common_gen,152,2,common_gen:validation:535,0,da8690356260a899860b81d917fb0d809d98a08e2761ba6fa25ee77fbf4988b7,90df822f22f06e41b424dbdf8bdb3e5c855d0fb4d32be18b2a0ed339a7132b79
153_common_gen_right_not_left_kna_t4_rep2,485,3,right_not_left,,4,2,65,11,688,62059944,common_gen,153,2,common_gen:validation:132,0,2c873ff6b81602ad4001a4f0c82b532e0aca1f603ac00170c14969063f223663,54a8ccbae88e481929b0ebcacd14d576d9380fcc41d603f8d8a2f81dc11cbe02
154_common_gen_right_not_left_kna_t5_rep2,486,4,right_not_left,,5,2,65,13,813,990332911,common_gen,154,2,common_gen:validation:403,0,8db11e01fef4b484c3aa4c4f701d8399e3f4937f03376f717f095c447ca88a1a,034b00d11f0faad13dfefb835e5eed4a1de257f00424f78e6634bd2088b9a243
155_common_gen_right_not_left_kna_t6_rep2,487,5,right_not_left,,6,2,65,15,938,879180340,common_gen,155,2,common_gen:validation:916,0,d5e61f8d1b67953c54efa40ca6f7a25a0e40c4c0ac5e04146eb4183c98f56e33,eb5e1ba7b2a0e3ee82a0ac5ab4a59c7a1ac89390bd59490280fc56c26e94c1dc
156_common_gen_right_not_left_kna_t7_rep2,488,6,right_not_left,,7,2,65,17,1063,1320651895,common_gen,156,2,common_gen:validation:0,0,b8cef726d23c6f730ba9e59d95947f1f5b8321f33df1bc8ae1a6287cebde2236,aa6b78cf4c8cc816036b702006d8a1accc238b3825ae8c0e7519bb1ee08ea82e
157_common_gen_right_not_left_kna_t8_rep2,489,7,right_not_left,,8,2,65,19,1188,590011412,common_gen,157,2,common_gen:validation:961,0,1fcef149a994a05ce0c2921a1c93c5db89c8c5ac8b59ee8528b4e1404d1b3f5b,e982a1a0de4efe84849c0d0cdc10c7659354f944271abd6c5344e116c5717996
158_common_gen_right_not_left_kna_t9_rep2,490,8,right_not_left,,9,2,65,21,1313,142799686,common_gen,158,2,common_gen:validation:259,0,5ea13628676f9452249b9ecb27ab4ce263707a02453021c4a01c574d57a9ab2d,7bc4c32bb5abf3a74778b6fcf39b059dbb3aa7c6833cc8eb4e89b1fbdf24865c
159_common_gen_right_not_left_kna_t10_rep2,491,9,right_not_left,,10,2,65,23,1438,891142208,common_gen,159,2,common_gen:validation:851,0,ad195cae3e484dcc9f0ad7bea4e32e90f125130e79ee1045f1bc2f1803ca80b5,fffb8a07ab146ad1d2445c8ef4067bb3387fe9f4b104211c41e7de5a4b314d1f
160_common_gen_right_not_left_kna_t11_rep2,492,10,right_not_left,,11,2,65,25,1563,423118537,common_gen,160,2,common_gen:validation:1,0,ae60bd06119d2acbaeecc26c24ae342f08480b34a02e6d7266faacdf2a0829f3,9d3d1187391421995882b4aae75f43391d4c0056ac0cb30fc372862071d30955
161_common_gen_right_not_left_kna_t12_rep2,493,11,right_not_left,,12,2,65,27,1688,1286922299,common_gen,161,2,common_gen:validation:866,0,8b41b8b73635cbe0feecd40bed0db3a9b8d48bffab9446f5a4fe1ef3f77a1660,0ff5512ad8e245411971ddd854a9af1e0b1e026e1b15ed18a653daf2492e3d26
162_common_gen_right_not_left_kna_t13_rep2,494,12,right_not_left,,13,2,65,29,1813,1250834707,common_gen,162,2,common_gen:validation:570,0,d9e68449c53fd4d7dafc5e9b68f86e4bada08959ed76c2ad7532a69ab1b6303b,efe8ed6ee6e409687330de1d0af18be2085d20ddd3e180dfb2145c4e6885c887
163_common_gen_right_not_left_kna_t14_rep2,495,13,right_not_left,,14,2,65,31,1938,1622041741,common_gen,163,2,common_gen:validation:651,0,0f1e8a63c2d2d05d1197c170351d3906986d306a59ef15224b20ae8b728dc91d,4bd002148f0c4df75c30dda2ace6f6282a33097587cfe9941b55acbbb47e3cbd
164_common_gen_right_not_left_kna_t15_rep2,496,14,right_not_left,,15,2,65,33,2063,360390010,common_gen,164,2,common_gen:validation:696,0,cdbca905afe13dbe05b0ec2c8b5b4514cd38926ca4cc90645c4c0a81bd577604,9eae8964144ab82c4bd76c35af00a221226946830c6b2b881c0a4903ab922a84
165_common_gen_right_not_left_kna_t16_rep2,497,15,right_not_left,,16,2,65,35,2188,408980636,common_gen,165,2,common_gen:validation:922,0,975493383c0e4c2c40ebfdf101edcb24d7972ee3f05c34275454d260cdd4ed4d,83e441f7887c159fdc3cafcaf30c6876c5587beedc25f5b8d1db37ef1066af27
150_common_gen_right_not_left_kna_t1_rep3,498,0,right_not_left,,1,2,65,4,313,502386995,common_gen,150,3,common_gen:validation:588,0,6462ce8dfca981ec7fb3b549d589ee70609d730a5adc332f8cb28416633ad0e3,700a28c7303eb8129ec9161a4cc23a566e08ac3940a6f88cd1f17529a520a6f9
165_common_gen_right_not_left_kna_t16_rep3,499,15,right_not_left,,16,2,65,35,2188,1302747975,common_gen,165,3,common_gen:validation:992,0,9ed976e0afa77a8ff470509048684b0139ed115f1c867aa183a1993561891bb4,0ebc7ddb2a14afbb50cea74ef896150b4101e0eefe430e50f1af88d048919e35
