job_id,design_index,family_index,constraint,k,t,n_low,n,nfa_states,unrolled_states,seed,dataset,structural_cell_index,replicate_index,base_instance_id,multi_token_keyword_count,compiled_constraint_sha256,job_sha256,status,failure_kind,timeout_s,precompute_timeout_s,generation_timeout_s,timed_out,timeout_phase,progress_phase,worker_subprocess_runtime_s,grammar_build_runtime_s,compile_runtime_s,xgrammar_precompute_runtime_s,setup_runtime_s,grammar_rule_count,grammar_edge_count,grammar_bytes,compiled_grammar_memory_bytes,model_vocab_size,initial_mask_audit,model_load_runtime_s,method,tokenizer_config_load_runtime_s,generation_runtime_s,prompt_token_count,generated_total_len,generated_content_len,generated_token_ids,generated_content_token_ids,canonical_eos_token_id,terminal_token_ids,terminal_eos_token_id,terminal_eos_count,terminated_with_eos,hit_content_token_cap,keyword_occurrence_counts,generated_text,valid_generation,peak_gpu_allocated_bytes,worker_total_runtime_s
000_common_gen_kth_last_k1_t1,0,0,kth_last,1,1,2,65,3,254,897793754,common_gen,0,0,common_gen:validation:930,0,cfb3de5baf0fc38d47548292ff9b3fb7b9f122d94c8c303d5bb0fbb501601b5a,3cfd850043ae43668b6fff49249048b0c7e16acf928c2bb9aa4e44d4d3becba5,success,,512.0,512.0,512.0,False,,model_loaded,24.955155262025073,0.5288225280237384,0.035779747006017715,0.5646022750297561,0.5646022750297561,132,317,5296,973561,262144,"{""allowed_count"": 262120, ""expected_count"": 262120, ""missing_expected"": [], ""ok"": true, ""stop_token_ids"": [1, 50, 106], ""unexpected_allowed"": []}",3.9714074869989417,xgrammar,2.8085267479764298,4.934254600957502,41,65,64,"[5778, 795, 8785, 1116, 8126, 3730, 5808, 531, 506, 4598, 236761, 236743, 107, 236743, 107, 236743, 107, 236743, 107, 236743, 107, 236743, 107, 236743, 107, 236743, 107, 236743, 107, 236743, 107, 236743, 107, 236743, 107, 236743, 107, 236743, 107, 236743, 107, 236743, 107, 236743, 107, 236743, 107, 236743, 107, 236743, 107, 236743, 107, 236743, 107, 236743, 107, 236743, 107, 236743, 107, 236743, 107, 8785, 106]","[5778, 795, 8785, 1116, 8126, 3730, 5808, 531, 506, 4598, 236761, 236743, 107, 236743, 107, 236743, 107, 236743, 107, 236743, 107, 236743, 107, 236743, 107, 236743, 107, 236743, 107, 236743, 107, 236743, 107, 236743, 107, 236743, 107, 236743, 107, 236743, 107, 236743, 107, 236743, 107, 236743, 107, 236743, 107, 236743, 107, 236743, 107, 236743, 107, 236743, 107, 236743, 107, 236743, 107, 236743, 107, 8785]",1,"[1, 106, 50]",106,1,True,True,[2],"She will wear her favorite blue dress to the party. 
 
 
 
 
 
 
 
 
 
 
 
 
 
 
 
 
 
 
 
 
 
 
 
 
 
 wear",True,10227373056,13.737727597006597
001_common_gen_kth_last_k3_t1,1,1,kth_last,3,1,2,65,5,370,1812287493,common_gen,1,0,common_gen:validation:194,0,d26a5e8ae94e1a1efa2c1214ff7c78271f547d7dd42ff93d1ad96c1c9d70b12f,0dabf7c36beeddca871d4ade71f7bd8cb30d399201ebbb35e438449b8789c0e2,success,,512.0,512.0,512.0,False,,model_loaded,24.747656613006257,0.5192737489705905,0.10003506002249196,0.6193088089930825,0.6193088089930825,252,679,11766,4440742,262144,"{""allowed_count"": 262120, ""expected_count"": 262120, ""missing_expected"": [], ""ok"": true, ""stop_token_ids"": [1, 50, 106], ""unexpected_allowed"": []}",3.922904789040331,xgrammar,2.8262881810078397,4.847837841953151,41,65,64,"[1882, 13058, 18788, 506, 70139, 1680, 6514, 1135, 3418, 506, 219182, 1813, 236761, 236743, 107, 2717, 107, 2717, 107, 6681, 107, 2717, 107, 725, 107, 2717, 107, 1437, 107, 2717, 107, 3301, 107, 2717, 107, 9849, 107, 2717, 107, 197013, 107, 2717, 107, 9900, 107, 2717, 107, 236746, 107, 2717, 107, 37767, 107, 2717, 107, 164667, 236761, 107, 2717, 107, 2717, 70139, 236761, 107, 1]","[1882, 13058, 18788, 506, 70139, 1680, 6514, 1135, 3418, 506, 219182, 1813, 236761, 236743, 107, 2717, 107, 2717, 107, 6681, 107, 2717, 107, 725, 107, 2717, 107, 1437, 107, 2717, 107, 3301, 107, 2717, 107, 9849, 107, 2717, 107, 197013, 107, 2717, 107, 9900, 107, 2717, 107, 236746, 107, 2717, 107, 37767, 107, 2717, 107, 164667, 236761, 107, 2717, 107, 2717, 70139, 236761, 107]",1,"[1, 106, 50]",1,1,True,True,[2],"We carefully secured the raft before setting off across the choppy water. 
```
```
 birth
```
out
```
the
```
raft
```
was
```
launched
```
after
```
a
```
brief
```
discussion.
```
``` raft.
",True,10227373056,13.61910893896129
002_common_gen_kth_last_k4_t1,2,2,kth_last,4,1,2,65,6,425,1700166206,common_gen,2,0,common_gen:validation:593,0,ea167641405643409c7198f2d7d73b6caa87e6421f32a0d32d8b1cabb01f973f,0ee863a7c94c6529fd917de3692616fadfce6ef1d6a738eaccb7a8708bf459b9,success,,512.0,512.0,512.0,False,,model_loaded,21.92514339101035,0.5277296020067297,0.11824259499553591,0.6459721970022656,0.6459721970022656,309,851,14845,6936235,262144,"{""allowed_count"": 262120, ""expected_count"": 262120, ""missing_expected"": [], ""ok"": true, ""stop_token_ids"": [1, 50, 106], ""unexpected_allowed"": []}",3.9395948209566996,xgrammar,2.808971448976081,2.0630669509992003,41,10,9,"[1882, 6657, 496, 2317, 3905, 2290, 1774, 3446, 236761, 106]","[1882, 6657, 496, 2317, 3905, 2290, 1774, 3446, 236761]",1,"[1, 106, 50]",106,1,True,False,[1],We played a fun board game last night.,True,10224791040,10.861914288951084
003_common_gen_kth_last_k6_t1,3,3,kth_last,6,1,2,65,8,529,842411654,common_gen,3,0,common_gen:validation:218,0,d1042040abbc82b2dd3f327a0c1cf8552a881622fcb112963724c6e91511242b,b68e0a24967b40d1cb419431f6f73adb4965af0d2152238d3d6a13ea023786cf,success,,512.0,512.0,512.0,False,,model_loaded,23.43480096902931,0.46597269899211824,0.14221895998343825,0.6081916589755565,0.6081916589755565,417,1177,20691,13165306,262144,"{""allowed_count"": 262120, ""expected_count"": 262120, ""missing_expected"": [], ""ok"": true, ""stop_token_ids"": [1, 50, 106], ""unexpected_allowed"": []}",4.056707413983531,xgrammar,2.76448822603561,3.6877725940430537,41,42,41,"[818, 89481, 4299, 25829, 3418, 506, 94767, 2135, 236761, 165864, 2109, 100019, 1437, 3703, 8057, 3846, 236761, 191980, 237186, 1437, 3703, 95525, 65121, 236761, 23504, 237250, 237170, 3703, 236761, 9675, 236764, 15318, 12804, 529, 506, 4299, 563, 2307, 236761, 236781, 236761, 106]","[818, 89481, 4299, 25829, 3418, 506, 94767, 2135, 236761, 165864, 2109, 100019, 1437, 3703, 8057, 3846, 236761, 191980, 237186, 1437, 3703, 95525, 65121, 236761, 23504, 237250, 237170, 3703, 236761, 9675, 236764, 15318, 12804, 529, 506, 4299, 563, 2307, 236761, 236781, 236761]",1,"[1, 106, 50]",106,1,True,False,[2],"The bouncing ball rolled across the grassy field.honorabilityhandledtheballcarefully. പക്ഷെtheball bounced unexpectedly.ීමો는ball.However, careful handling of the ball is key.x.",True,10225723904,12.464257046987768
004_common_gen_kth_last_k7_t1,4,4,kth_last,7,1,2,65,9,578,1633392913,common_gen,4,0,common_gen:validation:247,0,2215d031cdde83bed57f45eee0980670790621fe88cc526ccb95ecc8d1a2e6be,5714b2edaaba00562fd616a1562332e422b808cfebf7155d2ffee7ccac5da2e5,success,,512.0,512.0,512.0,False,,model_loaded,19.317269332997967,0.444705703004729,0.16100380197167397,0.605709504976403,0.605709504976403,468,1331,23458,16790572,262144,"{""allowed_count"": 262120, ""expected_count"": 262120, ""missing_expected"": [], ""ok"": true, ""stop_token_ids"": [1, 50, 106], ""unexpected_allowed"": []}",3.45468131598318,xgrammar,2.698734033969231,4.450935057015158,41,65,64,"[818, 3582, 1813, 36389, 1024, 506, 17240, 236761, 236743, 107, 49137, 237089, 14800, 49225, 236918, 161832, 237184, 107, 818, 3582, 1813, 36389, 1024, 506, 17240, 236761, 236743, 107, 236769, 10180, 161832, 121185, 623, 7632, 236775, 236743, 33891, 237026, 22841, 219786, 236918, 134187, 108, 7243, 107, 1018, 52792, 43120, 19695, 237184, 1018, 236743, 161832, 28031, 5938, 14800, 49225, 1813, 236924, 108, 1018, 41325, 56996, 237184, 106]","[818, 3582, 1813, 36389, 1024, 506, 17240, 236761, 236743, 107, 49137, 237089, 14800, 49225, 236918, 161832, 237184, 107, 818, 3582, 1813, 36389, 1024, 506, 17240, 236761, 236743, 107, 236769, 10180, 161832, 121185, 623, 7632, 236775, 236743, 33891, 237026, 22841, 219786, 236918, 134187, 108, 7243, 107, 1018, 52792, 43120, 19695, 237184, 1018, 236743, 161832, 28031, 5938, 14800, 49225, 1813, 236924, 108, 1018, 41325, 56996, 237184]",1,"[1, 106, 50]",106,1,True,True,[3],"The clear water rushed over the rocks. 
综合了所有概念的句子：
The clear water rushed over the rocks. 
(这个句子使用了 ""water"" 并且是自然流畅的。)

---
**再次检查要求：** 句子必须使用所有概念 water。

**最终答案：",True,10227373056,12.502332979987841
005_common_gen_kth_last_k9_t1,5,5,kth_last,9,1,2,65,11,670,2090001954,common_gen,5,0,common_gen:validation:462,0,ef6dcf9b66d5dc9bf329c90be4c0478da082b837464ae931eee06d87c054a740,78a09fe718476898c02884012b3b630d2ddbca03748d0224621debd834d09b6a,success,,512.0,512.0,512.0,False,,model_loaded,17.93605438398663,0.5205375970108435,0.2003115059924312,0.7208491030032746,0.7208491030032746,564,1621,28904,24806725,262144,"{""allowed_count"": 262120, ""expected_count"": 262120, ""missing_expected"": [], ""ok"": true, ""stop_token_ids"": [1, 50, 106], ""unexpected_allowed"": []}",3.1538369430345483,xgrammar,2.84964534296887,3.1827909679850563,41,40,39,"[818, 26808, 176508, 29830, 1343, 506, 4896, 529, 506, 4771, 236761, 12792, 499, 496, 6582, 1345, 236761, 107, 221868, 236764, 506, 4896, 691, 71463, 236761, 53416, 236761, 107, 818, 3582, 4896, 18367, 506, 28239, 7913, 529, 506, 14711, 236761, 106]","[818, 26808, 176508, 29830, 1343, 506, 4896, 529, 506, 4771, 236761, 12792, 499, 496, 6582, 1345, 236761, 107, 221868, 236764, 506, 4896, 691, 71463, 236761, 53416, 236761, 107, 818, 3582, 4896, 18367, 506, 28239, 7913, 529, 506, 14711, 236761]",1,"[1, 106, 50]",106,1,True,False,[3],"The sunlight refracted beautifully through the glass of the window. слуhe a dead end.
unfortunately, the glass was shattered. widgets.
The clear glass reflected the vibrant colors of the sunset.",True,10225580032,11.249457587953657
006_common_gen_kth_last_k11_t1,6,6,kth_last,11,1,2,65,13,754,1818931647,common_gen,6,0,common_gen:validation:195,0,2de897ffd022e0fee275c00ff7924a8b2626c046854e27c951a1e559c9105a55,aba2ed0c8f5de8c1404954e3890e2d8e0731af546ab8a7ef79b6a7e66f3c21ad,success,,512.0,512.0,512.0,False,,model_loaded,19.250215239997488,0.47990618797484785,0.23874820896890014,0.718654396943748,0.718654396943748,652,1887,34130,33525826,262144,"{""allowed_count"": 262120, ""expected_count"": 262120, ""missing_expected"": [], ""ok"": true, ""stop_token_ids"": [1, 50, 106], ""unexpected_allowed"": []}",3.336079094966408,xgrammar,2.7243181579979137,4.441285583015997,41,65,64,"[5778, 10542, 531, 2768, 8990, 506, 48718, 4914, 1913, 506, 18487, 88654, 236761, 236743, 107, 170900, 107, 236751, 107, 511, 107, 236746, 107, 54554, 107, 3091, 107, 712, 107, 1437, 107, 148233, 236761, 107, 114687, 107, 712, 107, 148233, 107, 495, 107, 811, 107, 54554, 236761, 107, 1930, 107, 2840, 236761, 107, 2060, 2768, 236761, 107, 8960, 13315, 236761, 107, 1904, 170711, 236761, 107, 106]","[5778, 10542, 531, 2768, 8990, 506, 48718, 4914, 1913, 506, 18487, 88654, 236761, 236743, 107, 170900, 107, 236751, 107, 511, 107, 236746, 107, 54554, 107, 3091, 107, 712, 107, 1437, 107, 148233, 236761, 107, 114687, 107, 712, 107, 148233, 107, 495, 107, 811, 107, 54554, 236761, 107, 1930, 107, 2840, 236761, 107, 2060, 2768, 236761, 107, 8960, 13315, 236761, 107, 1904, 170711, 236761, 107]",1,"[1, 106, 50]",106,1,True,True,[2],"She managed to hold onto the fragile evidence during the intense interrogation. 
 تفصیل
s
is
a
sentence
using
all
the
concepts.
summar
all
concepts
in
one
sentence.
use
hold.
return hold.
only sentence.
no preamble.
",True,10227373056,12.552416405000258
007_common_gen_kth_last_k12_t1,7,7,kth_last,12,1,2,65,14,793,27081196,common_gen,7,0,common_gen:validation:533,0,352ec27ba9a93685bcc1e2cdd421a845b7989c06d63a385ee508bd54a6e4a276,9b58b8f0a73fa9f07f80c44203cf011a5b02b370655802ea9093c241a430f122,success,,512.0,512.0,512.0,False,,model_loaded,18.976614875951782,0.4817195190116763,0.2570203799987212,0.7387398990103975,0.7387398990103975,693,2011,36569,38037247,262144,"{""allowed_count"": 262120, ""expected_count"": 262120, ""missing_expected"": [], ""ok"": true, ""stop_token_ids"": [1, 50, 106], ""unexpected_allowed"": []}",3.2808991399942897,xgrammar,2.6350312000140548,4.447821604029741,41,65,64,"[818, 2434, 236789, 236751, 1626, 6317, 528, 506, 2290, 691, 496, 16601, 13626, 236761, 177096, 2094, 13315, 6178, 506, 3495, 529, 623, 8318, 3056, 3153, 236764, 506, 3847, 1694, 529, 14485, 691, 236787, 11058, 8318, 24594, 669, 2864, 19565, 531, 1161, 784, 14485, 528, 506, 1694, 236761, 5612, 993, 563, 1186, 886, 6317, 3495, 236764, 506, 13315, 1921, 128156, 2101, 625, 236761, 108, 818, 106]","[818, 2434, 236789, 236751, 1626, 6317, 528, 506, 2290, 691, 496, 16601, 13626, 236761, 177096, 2094, 13315, 6178, 506, 3495, 529, 623, 8318, 3056, 3153, 236764, 506, 3847, 1694, 529, 14485, 691, 236787, 11058, 8318, 24594, 669, 2864, 19565, 531, 1161, 784, 14485, 528, 506, 1694, 236761, 5612, 993, 563, 1186, 886, 6317, 3495, 236764, 506, 13315, 1921, 128156, 2101, 625, 236761, 108, 818]",1,"[1, 106, 50]",106,1,True,True,[2],"The team's final score in the game was a surprising victory. പക്ഷേThis sentence uses the concept of ""score"". However, the provided list of concepts was: [""score""]. The request asks to use all concepts in the list. Since there is only one score concept, the sentence must revolve around it.

The",True,10227373056,12.44789072999265
008_common_gen_kth_last_k14_t1,8,8,kth_last,14,1,2,65,16,865,38761726,common_gen,8,0,common_gen:validation:7,0,0b1a2b4cc9e03a8b1bef4f3bab4e1c8039f915ca92622d3cfdaf1d6cc8bbc1a3,777312573e561728c8b1a6349ff4dbba30878799e69f677f0aa18cc245831907,success,,512.0,512.0,512.0,False,,model_loaded,18.84448870702181,0.4879436420160346,0.29369410302024335,0.7816377450362779,0.7816377450362779,769,2241,41099,47157790,262144,"{""allowed_count"": 262120, ""expected_count"": 262120, ""missing_expected"": [], ""ok"": true, ""stop_token_ids"": [1, 50, 106], ""unexpected_allowed"": []}",3.551084675011225,xgrammar,2.832684936001897,3.7242139279842377,41,51,50,"[818, 18487, 4249, 529, 506, 30123, 2290, 16332, 15269, 12889, 532, 64224, 236761, 13827, 236762, 5484, 95622, 103966, 3418, 506, 8205, 1913, 506, 1626, 30123, 4241, 236761, 236743, 107, 2717, 107, 818, 18487, 4249, 529, 506, 30123, 2290, 16332, 15269, 12889, 532, 64224, 236761, 13827, 236762, 5484, 95622, 103966, 3418, 106]","[818, 18487, 4249, 529, 506, 30123, 2290, 16332, 15269, 12889, 532, 64224, 236761, 13827, 236762, 5484, 95622, 103966, 3418, 506, 8205, 1913, 506, 1626, 30123, 4241, 236761, 236743, 107, 2717, 107, 818, 18487, 4249, 529, 506, 30123, 2290, 16332, 15269, 12889, 532, 64224, 236761, 13827, 236762, 5484, 95622, 103966, 3418]",1,"[1, 106, 50]",106,1,True,False,[3],"The intense speed of the hockey game demands incredible skill and teamwork. Stocky players battled fiercely across the ice during the final hockey match. 
```
The intense speed of the hockey game demands incredible skill and teamwork. Stocky players battled fiercely across",True,10226369024,12.235959156008903
009_common_gen_kth_last_k16_t1,9,9,kth_last,16,1,2,65,18,929,1570769743,common_gen,9,0,common_gen:validation:393,0,60f9a1d1666d53cdb645c14ab1f0ab9d1c7aeb7ed6a1681d42d90668319ce42c,a38126373c12f135ee1cbeb7ab831df1be01909b61e2326d924fc41e063548a6,success,,512.0,512.0,512.0,False,,model_loaded,19.567108148010448,0.48488479398656636,0.32203889603260905,0.8069236900191754,0.8069236900191754,837,2447,45165,56157121,262144,"{""allowed_count"": 262120, ""expected_count"": 262120, ""missing_expected"": [], ""ok"": true, ""stop_token_ids"": [1, 50, 106], ""unexpected_allowed"": []}",3.537393088976387,xgrammar,2.8837612489587627,4.46716555400053,41,65,64,"[818, 13387, 169964, 35033, 88390, 1680, 41195, 8990, 506, 81994, 10035, 5552, 236761, 236743, 107, 54598, 107, 107, 236743, 107, 236743, 107, 236743, 107, 236743, 107, 236743, 107, 236743, 107, 236743, 107, 236743, 107, 236743, 107, 236743, 107, 236743, 107, 236743, 107, 236743, 107, 236743, 107, 236743, 107, 5552, 236743, 107, 236743, 107, 236743, 107, 236743, 107, 236743, 107, 236743, 107, 236743, 107, 236743, 106]","[818, 13387, 169964, 35033, 88390, 1680, 41195, 8990, 506, 81994, 10035, 5552, 236761, 236743, 107, 54598, 107, 107, 236743, 107, 236743, 107, 236743, 107, 236743, 107, 236743, 107, 236743, 107, 236743, 107, 236743, 107, 236743, 107, 236743, 107, 236743, 107, 236743, 107, 236743, 107, 236743, 107, 236743, 107, 5552, 236743, 107, 236743, 107, 236743, 107, 236743, 107, 236743, 107, 236743, 107, 236743, 107, 236743]",1,"[1, 106, 50]",106,1,True,True,[2],"The actor nervously waited backstage before stepping onto the brightly lit stage. 
ڑی

 
 
 
 
 
 
 
 
 
 
 
 
 
 
 
 stage 
 
 
 
 
 
 
 ",True,10227373056,13.022482555010356
010_common_gen_kth_last_k17_t1,10,10,kth_last,17,1,2,65,19,958,480605786,common_gen,10,0,common_gen:validation:622,0,ce8597ef72b9468bb6881dac64b571804b3adeafd279f05e4aba39763f303452,a5049350686d62365ffb3891f0f02e66df19ef5416c2394f7885881f4012bbea,success,,512.0,512.0,512.0,False,,model_loaded,19.298448939982336,0.4808504999964498,0.33220041502499953,0.8130509150214493,0.8130509150214493,868,2541,47024,60524497,262144,"{""allowed_count"": 262120, ""expected_count"": 262120, ""missing_expected"": [], ""ok"": true, ""stop_token_ids"": [1, 50, 106], ""unexpected_allowed"": []}",3.653473223967012,xgrammar,2.7116408409783617,4.410923735995311,41,65,64,"[236777, 1202, 531, 15066, 506, 19292, 1680, 12441, 236761, 107, 129179, 12313, 531, 15066, 506, 19292, 1680, 12441, 236761, 107, 5778, 795, 15066, 506, 19292, 3209, 236761, 107, 1882, 1374, 15066, 506, 19292, 1492, 236761, 107, 7634, 3187, 15066, 506, 19292, 3075, 236761, 107, 2209, 62197, 531, 15066, 506, 19292, 5668, 236761, 107, 3048, 1921, 15066, 506, 19292, 6842, 236761, 107, 818, 2940, 2765, 106]","[236777, 1202, 531, 15066, 506, 19292, 1680, 12441, 236761, 107, 129179, 12313, 531, 15066, 506, 19292, 1680, 12441, 236761, 107, 5778, 795, 15066, 506, 19292, 3209, 236761, 107, 1882, 1374, 15066, 506, 19292, 1492, 236761, 107, 7634, 3187, 15066, 506, 19292, 3075, 236761, 107, 2209, 62197, 531, 15066, 506, 19292, 5668, 236761, 107, 3048, 1921, 15066, 506, 19292, 6842, 236761, 107, 818, 2940, 2765]",1,"[1, 106, 50]",106,1,True,True,[7],"I need to wash the dishes before dinner.
 condamned to wash the dishes before dinner.
She will wash the dishes later.
We should wash the dishes now.
They often wash the dishes together.
He prefers to wash the dishes himself.
You must wash the dishes immediately.
The children love",True,10227373056,12.906424651970156
011_common_gen_kth_last_k19_t1,11,11,kth_last,19,1,2,65,21,1010,325908543,common_gen,11,0,common_gen:validation:455,0,131821432a971baa3146c24f0c4fd6d996f5c91a6d2294ae49c2ec6de495b529,1a7ae914cc42228646169925bf59b8aed577da5147ba8944abb07875488570b5,success,,512.0,512.0,512.0,False,,model_loaded,19.066479878965765,0.48951365204993635,0.35282631899463013,0.8423399710445665,0.8423399710445665,924,2711,50394,68838430,262144,"{""allowed_count"": 262120, ""expected_count"": 262120, ""missing_expected"": [], ""ok"": true, ""stop_token_ids"": [1, 50, 106], ""unexpected_allowed"": []}",3.4617669860017486,xgrammar,2.73538881103741,4.357021484000143,41,65,64,"[5778, 13058, 7006, 506, 6327, 3733, 580, 506, 42290, 6651, 236761, 236743, 107, 2717, 107, 2717, 107, 107, 236743, 107, 2717, 107, 236743, 107, 2717, 107, 236743, 107, 2717, 107, 236743, 107, 2717, 107, 236743, 107, 2717, 107, 236743, 107, 2717, 107, 236743, 107, 2717, 3733, 107, 2717, 107, 2717, 107, 2717, 107, 2717, 107, 2717, 107, 2717, 107, 2717, 107, 2717, 107, 2717, 106]","[5778, 13058, 7006, 506, 6327, 3733, 580, 506, 42290, 6651, 236761, 236743, 107, 2717, 107, 2717, 107, 107, 236743, 107, 2717, 107, 236743, 107, 2717, 107, 236743, 107, 2717, 107, 236743, 107, 2717, 107, 236743, 107, 2717, 107, 236743, 107, 2717, 107, 236743, 107, 2717, 3733, 107, 2717, 107, 2717, 107, 2717, 107, 2717, 107, 2717, 107, 2717, 107, 2717, 107, 2717, 107, 2717]",1,"[1, 106, 50]",106,1,True,True,[2],"She carefully placed the credit card on the checkout counter. 
```
```

 
```
 
```
 
```
 
```
 
```
 
```
 
``` card
```
```
```
```
```
```
```
```
```",True,10227373056,12.708437055989634
012_common_gen_kth_last_k20_t1,12,12,kth_last,20,1,2,65,22,1033,1119897319,common_gen,12,0,common_gen:validation:594,0,60bdbecd292acc1f80870670d75b0b35d84e05795cff5565344ee62121bb3e7b,70b9e755d549dbbb4208e53fc556c3bcdb39039dce8a653829ea740441ae7205,success,,512.0,512.0,512.0,False,,model_loaded,20.48624194698641,0.4901138989953324,0.3642710769781843,0.8543849759735167,0.8543849759735167,949,2787,51905,72728467,262144,"{""allowed_count"": 262120, ""expected_count"": 262120, ""missing_expected"": [], ""ok"": true, ""stop_token_ids"": [1, 50, 106], ""unexpected_allowed"": []}",3.5475833190139383,xgrammar,2.8426872130366974,4.681925260985736,41,65,64,"[1882, 6544, 531, 11881, 1023, 33881, 531, 506, 4467, 672, 12399, 236761, 236743, 107, 2717, 3723, 107, 236840, 107, 138, 236775, 1882, 6544, 531, 11881, 1023, 33881, 531, 506, 4467, 672, 12399, 1781, 107, 236842, 107, 2717, 107, 2094, 13315, 6178, 506, 3495, 623, 11881, 236775, 14769, 2351, 496, 40137, 5422, 3904, 236761, 107, 236772, 5213, 4263, 66515, 29164, 618, 496, 14177, 6590, 531, 106]","[1882, 6544, 531, 11881, 1023, 33881, 531, 506, 4467, 672, 12399, 236761, 236743, 107, 2717, 3723, 107, 236840, 107, 138, 236775, 1882, 6544, 531, 11881, 1023, 33881, 531, 506, 4467, 672, 12399, 1781, 107, 236842, 107, 2717, 107, 2094, 13315, 6178, 506, 3495, 623, 11881, 236775, 14769, 2351, 496, 40137, 5422, 3904, 236761, 107, 236772, 5213, 4263, 66515, 29164, 618, 496, 14177, 6590, 531]",1,"[1, 106, 50]",106,1,True,True,[3],"We decided to ride our bikes to the park this afternoon. 
```json
[
  ""We decided to ride our bikes to the park this afternoon.""
]
```
This sentence uses the concept "" ride"" naturally within a coherent English structure.
- **ride**: Used as a verb meaning to",True,10227373056,13.294656927988399
013_common_gen_kth_last_k22_t1,13,13,kth_last,22,1,2,65,24,1073,1599240223,common_gen,13,0,common_gen:validation:249,0,7ce0a55ff84fe54893388d575e703de2650e814de9359bbd8e9fd0d8039b07c9,10c3e9f2161856d74f2bd5bec872b9f24e12c45a1be6d293de816c0b7b4fb604,success,,512.0,512.0,512.0,False,,model_loaded,23.439211804012302,0.48942938598338515,0.39721025101607665,0.8866396369994618,0.8866396369994618,993,2921,54579,79848322,262144,"{""allowed_count"": 262120, ""expected_count"": 262120, ""missing_expected"": [], ""ok"": true, ""stop_token_ids"": [1, 50, 106], ""unexpected_allowed"": []}",3.625630710972473,xgrammar,2.820092698035296,4.726374699966982,41,65,64,"[818, 4512, 2686, 529, 506, 15678, 1603, 625, 2651, 573, 775, 531, 38893, 236761, 94986, 236761, 236743, 107, 236743, 107, 236743, 107, 236743, 107, 236743, 107, 236743, 107, 236743, 107, 236743, 107, 236743, 107, 236743, 107, 236743, 107, 236743, 107, 236743, 107, 2686, 236761, 107, 236743, 107, 236743, 108, 236743, 107, 236743, 107, 236743, 107, 236743, 107, 236743, 107, 236743, 107, 236743, 107, 236743, 1]","[818, 4512, 2686, 529, 506, 15678, 1603, 625, 2651, 573, 775, 531, 38893, 236761, 94986, 236761, 236743, 107, 236743, 107, 236743, 107, 236743, 107, 236743, 107, 236743, 107, 236743, 107, 236743, 107, 236743, 107, 236743, 107, 236743, 107, 236743, 107, 236743, 107, 2686, 236761, 107, 236743, 107, 236743, 108, 236743, 107, 236743, 107, 236743, 107, 236743, 107, 236743, 107, 236743, 107, 236743, 107, 236743]",1,"[1, 106, 50]",1,1,True,True,[2],"The constant press of the crowd made it hard for us to breathe. Completion. 
 
 
 
 
 
 
 
 
 
 
 
 
 press.
 
 

 
 
 
 
 
 
 
 ",True,10227373056,13.572043344029225
014_common_gen_kth_last_k24_t1,14,14,kth_last,24,1,2,65,26,1105,1243071568,common_gen,14,0,common_gen:validation:641,0,45e4b39d978385fe33caf748dcb2810f69b8f42f5afaec5f21f26eb10174076b,344f3888d237b2e705f612317c2a847edf11d3b44a23bcfea1acf15e603a818a,success,,512.0,512.0,512.0,False,,model_loaded,19.489870676014107,0.4579661070019938,0.3996665020240471,0.8576326090260409,0.8576326090260409,1029,3031,56789,85942645,262144,"{""allowed_count"": 262120, ""expected_count"": 262120, ""missing_expected"": [], ""ok"": true, ""stop_token_ids"": [1, 50, 106], ""unexpected_allowed"": []}",3.4107183429878205,xgrammar,2.65605064999545,3.5319577420013957,41,48,47,"[818, 174645, 740, 10240, 20068, 4592, 3571, 506, 7804, 7983, 236761, 236743, 107, 2717, 3723, 107, 14937, 54554, 1083, 623, 818, 174645, 740, 10240, 20068, 4592, 3571, 506, 7804, 7983, 1781, 236783, 107, 2717, 107, 107, 1018, 135778, 236786, 7166, 29357, 53121, 669, 11172, 19565, 573, 808, 1]","[818, 174645, 740, 10240, 20068, 4592, 3571, 506, 7804, 7983, 236761, 236743, 107, 2717, 3723, 107, 14937, 54554, 1083, 623, 818, 174645, 740, 10240, 20068, 4592, 3571, 506, 7804, 7983, 1781, 236783, 107, 2717, 107, 107, 1018, 135778, 236786, 7166, 29357, 53121, 669, 11172, 19565, 573, 808]",1,"[1, 106, 50]",1,1,True,False,[2],"The hummingbird can fly incredibly fast among the bright flowers. 
```json
{""sentence"": ""The hummingbird can fly incredibly fast among the bright flowers.""}
```

**Correction/Refinement:** The prompt asks for *",True,10226153984,11.807336851023138
015_common_gen_kth_last_k25_t1,15,15,kth_last,25,1,2,65,27,1118,2013217008,common_gen,15,0,common_gen:validation:162,0,c7a05cb279b88aa7b1791b3664948171daa034e4e63f3038697a5c474e88d382,2e85cd349af003b3d9017b8f6d296d4c651ae210b8298d809e182e3e0f8353ee,success,,512.0,512.0,512.0,False,,model_loaded,19.93065466400003,0.49779086001217365,0.41518071794416755,0.9129715779563412,0.9129715779563412,1044,3077,57720,88558237,262144,"{""allowed_count"": 262120, ""expected_count"": 262120, ""missing_expected"": [], ""ok"": true, ""stop_token_ids"": [1, 50, 106], ""unexpected_allowed"": []}",3.5739832219551317,xgrammar,2.759184947994072,3.722399841994047,41,46,45,"[818, 6962, 3768, 85442, 506, 150839, 6784, 529, 506, 7642, 618, 14617, 11707, 759, 2560, 657, 506, 20015, 236761, 121741, 7642, 236761, 3606, 236761, 3756, 236761, 40137, 236761, 14485, 1456, 236761, 58782, 236761, 711, 1456, 236761, 103453, 236743, 107, 236743, 107, 1018, 135778, 53121, 18186, 106]","[818, 6962, 3768, 85442, 506, 150839, 6784, 529, 506, 7642, 618, 14617, 11707, 759, 2560, 657, 506, 20015, 236761, 121741, 7642, 236761, 3606, 236761, 3756, 236761, 40137, 236761, 14485, 1456, 236761, 58782, 236761, 711, 1456, 236761, 103453, 236743, 107, 236743, 107, 1018, 135778, 53121, 18186]",1,"[1, 106, 50]",106,1,True,False,[2],"The warm sun kissed the powdery sand of the beach as gentle waves lapped at the shore. मानक beach. simple. natural. coherent. concepts used. watermelon. not used. 😊 
 
**Correction:** Based",True,10226010624,12.331614269001875
016_common_gen_kth_last_k27_t1,16,16,kth_last,27,1,2,65,29,1138,1151954601,common_gen,16,0,common_gen:validation:969,0,6bad0a0c0cab9d4fd5b17ea8e4339715b42651ef5aa770f7d8d00b811bd82ec5,b1165f7f8d7b8a1baf09a4c5c1ff5d84624174aa76830e2e257cfcbcb5c1abb9,success,,512.0,512.0,512.0,False,,model_loaded,17.925947759009432,0.507512712967582,0.4181798039935529,0.925692516961135,0.925692516961135,1068,3151,59234,92849722,262144,"{""allowed_count"": 262120, ""expected_count"": 262120, ""missing_expected"": [], ""ok"": true, ""stop_token_ids"": [1, 50, 106], ""unexpected_allowed"": []}",3.365396129025612,xgrammar,2.7184528779471293,3.192010338010732,41,41,40,"[5778, 13058, 10542, 1116, 4171, 236764, 17096, 506, 1186, 3210, 11325, 699, 1116, 11203, 691, 496, 54651, 14819, 236761, 236743, 107, 2717, 107, 2717, 563, 506, 3938, 236761, 107, 2717, 107, 2717, 107, 34496, 236761, 669, 13315, 6178, 623, 25056, 106]","[5778, 13058, 10542, 1116, 4171, 236764, 17096, 506, 1186, 3210, 11325, 699, 1116, 11203, 691, 496, 54651, 14819, 236761, 236743, 107, 2717, 107, 2717, 563, 506, 3938, 236761, 107, 2717, 107, 2717, 107, 34496, 236761, 669, 13315, 6178, 623, 25056]",1,"[1, 106, 50]",106,1,True,False,[1],"She carefully managed her words, ensuring the only thing visible from her mouth was a polite smile. 
```
``` is the output.
```
```
Done. The sentence uses ""mouth",True,10225652224,11.525829577003606
017_common_gen_kth_last_k29_t1,17,17,kth_last,29,1,2,65,31,1150,198980999,common_gen,17,0,common_gen:validation:461,0,fb71c45e4da3db1bf163bad27eb450105eacb6d44523b41660b1c525908d945c,8c1f86f1be2a72e29177b5921ea68ee92175cebcad9326af15cfcc709b17050b,success,,512.0,512.0,512.0,False,,model_loaded,18.237686201988254,0.47994878399185836,0.42330259701702744,0.9032513810088858,0.9032513810088858,1084,3201,60284,95809435,262144,"{""allowed_count"": 262120, ""expected_count"": 262120, ""missing_expected"": [], ""ok"": true, ""stop_token_ids"": [1, 50, 106], ""unexpected_allowed"": []}",3.4374992820085026,xgrammar,2.898770834028255,3.1773396559874527,41,40,39,"[1882, 7785, 506, 12399, 16820, 532, 26037, 528, 506, 5427, 7444, 236761, 32966, 876, 236761, 20880, 236761, 7628, 236761, 83285, 236761, 47098, 236761, 111476, 236761, 11893, 236761, 101274, 236761, 44294, 236761, 32308, 236761, 100804, 236761, 27220, 236761, 99537, 236761, 106]","[1882, 7785, 506, 12399, 16820, 532, 26037, 528, 506, 5427, 7444, 236761, 32966, 876, 236761, 20880, 236761, 7628, 236761, 83285, 236761, 47098, 236761, 111476, 236761, 11893, 236761, 101274, 236761, 44294, 236761, 32308, 236761, 100804, 236761, 27220, 236761, 99537, 236761]",1,"[1, 106, 50]",106,1,True,False,[1],We spent the afternoon swimming and relaxing in the cool pool. contingents. entities. abstract. cohesion. dilution. synergy. minimal. fluctuating. mutually. transient. visceral. dimensional. pervasive.,True,10225580032,11.80643760896055
018_common_gen_kth_last_k30_t1,18,18,kth_last,30,1,2,65,32,1153,2080759986,common_gen,18,0,common_gen:validation:573,0,99cc08831a77ebb30392846d766ce0d1a0a1ad40dcdbf37af7db37a6cc89cdaa,a45f4240746b0d4ab37ceac4038f7bdf92268d65c3e089e30938ccb9464ceb7f,success,,512.0,512.0,512.0,False,,model_loaded,19.54310945700854,0.5623065570252948,0.42882889200700447,0.9911354490322992,0.9911354490322992,1089,3217,60635,96767782,262144,"{""allowed_count"": 262120, ""expected_count"": 262120, ""missing_expected"": [], ""ok"": true, ""stop_token_ids"": [1, 50, 106], ""unexpected_allowed"": []}",3.491360418032855,xgrammar,2.8953155759954825,4.43399537098594,41,65,64,"[818, 189272, 8858, 39043, 496, 2479, 1343, 506, 23844, 236761, 236743, 107, 12797, 107, 236743, 107, 236743, 107, 236743, 107, 236743, 107, 236743, 107, 236743, 107, 236743, 107, 236743, 107, 236743, 107, 236743, 107, 8858, 600, 97337, 71219, 236761, 107, 236743, 107, 236743, 107, 236743, 107, 236743, 107, 236743, 107, 236743, 107, 236743, 107, 236743, 107, 236743, 107, 236743, 107, 236743, 107, 236743, 107, 106]","[818, 189272, 8858, 39043, 496, 2479, 1343, 506, 23844, 236761, 236743, 107, 12797, 107, 236743, 107, 236743, 107, 236743, 107, 236743, 107, 236743, 107, 236743, 107, 236743, 107, 236743, 107, 236743, 107, 236743, 107, 8858, 600, 97337, 71219, 236761, 107, 236743, 107, 236743, 107, 236743, 107, 236743, 107, 236743, 107, 236743, 107, 236743, 107, 236743, 107, 236743, 107, 236743, 107, 236743, 107, 236743, 107]",1,"[1, 106, 50]",106,1,True,True,[2],"The meandering river carved a path through the valley. 
 eh
 
 
 
 
 
 
 
 
 
 
 river that flowed swiftly.
 
 
 
 
 
 
 
 
 
 
 
 
",True,10227373056,13.178241445042659
019_common_gen_kth_last_k32_t1,19,19,kth_last,32,1,2,65,34,1153,271166055,common_gen,19,0,common_gen:validation:605,0,91942b26e089be5db715fa8c87b0e4aa3ccae001e397dd5603e21c486fa051e6,23cb9872581abfad46c873d04f8cbde24635234cdde1f87c6a9b276d707d054c,success,,512.0,512.0,512.0,False,,model_loaded,18.175651047029532,0.4736049530329183,0.42889953003032133,0.9025044830632396,0.9025044830632396,1093,3231,60989,97614697,262144,"{""allowed_count"": 262120, ""expected_count"": 262120, ""missing_expected"": [], ""ok"": true, ""stop_token_ids"": [1, 50, 106], ""unexpected_allowed"": []}",3.491359192994423,xgrammar,2.741503018012736,3.0288795169908553,41,37,36,"[1882, 784, 3931, 531, 112735, 1056, 506, 4252, 6861, 10714, 236761, 236743, 107, 97945, 237274, 42791, 236744, 107, 236743, 107, 236743, 107, 236743, 107, 236743, 107, 236743, 107, 236743, 107, 236743, 107, 236743, 107, 236743, 107, 106]","[1882, 784, 3931, 531, 112735, 1056, 506, 4252, 6861, 10714, 236761, 236743, 107, 97945, 237274, 42791, 236744, 107, 236743, 107, 236743, 107, 236743, 107, 236743, 107, 236743, 107, 236743, 107, 236743, 107, 236743, 107, 236743, 107]",1,"[1, 106, 50]",106,1,True,False,[1],"We all started to clap when the music finally ended. 
шедýysze
 
 
 
 
 
 
 
 
 
",True,10225364992,11.627485803037416
020_common_gen_kth_last_k33_t1,20,20,kth_last,33,1,2,65,35,1150,841196441,common_gen,20,0,common_gen:validation:170,0,727aee25181f77ea0cd236b49e704a060314af8a7e38c2b266500bcc10e007d5,85dc9c2587d9f34f08aead54e1455630eec0b6c3b4c15374baa4cf10118f4cfa,success,,512.0,512.0,512.0,False,,model_loaded,18.629326639987994,0.5003958939923905,0.4302267250022851,0.9306226189946756,0.9306226189946756,1092,3229,60992,97498546,262144,"{""allowed_count"": 262120, ""expected_count"": 262120, ""missing_expected"": [], ""ok"": true, ""stop_token_ids"": [1, 50, 106], ""unexpected_allowed"": []}",3.4162798489560373,xgrammar,2.7916655860026367,3.6057880399748683,41,48,47,"[818, 103867, 5117, 9971, 2651, 573, 506, 16038, 3491, 236761, 75432, 691, 496, 7804, 5117, 1015, 2462, 15023, 4481, 1601, 236761, 236743, 107, 236769, 25864, 236772, 154858, 236787, 669, 11172, 19565, 573, 808, 161617, 886, 236829, 13315, 1699, 808, 712, 236829, 14485, 236761, 669, 3527, 3072, 5877, 106]","[818, 103867, 5117, 9971, 2651, 573, 506, 16038, 3491, 236761, 75432, 691, 496, 7804, 5117, 1015, 2462, 15023, 4481, 1601, 236761, 236743, 107, 236769, 25864, 236772, 154858, 236787, 669, 11172, 19565, 573, 808, 161617, 886, 236829, 13315, 1699, 808, 712, 236829, 14485, 236761, 669, 3527, 3072, 5877]",1,"[1, 106, 50]",106,1,True,False,[2],"The diligent student studied hard for the upcoming exam. Ferdinand was a bright student who always sought extra help. 
(Self-correction: The prompt asks for *exactly one* sentence using *all* concepts. The previous response gave",True,10226153984,12.09658874804154
021_common_gen_kth_last_k35_t1,21,21,kth_last,35,1,2,65,37,1138,1035774792,common_gen,21,0,common_gen:validation:767,0,93a69ee4d1413de8cbdc140c9dd55026dd04b793c826dc87d72d6b3240f84b3d,f303aaa48745728450387a4ef0f2384bf4c65b008bf0845967c80d84e2d78115,success,,512.0,512.0,512.0,False,,model_loaded,18.992684125958476,0.4942963279900141,0.4274231060408056,0.9217194340308197,0.9217194340308197,1084,3207,60650,96190333,262144,"{""allowed_count"": 262120, ""expected_count"": 262120, ""missing_expected"": [], ""ok"": true, ""stop_token_ids"": [1, 50, 106], ""unexpected_allowed"": []}",3.437614893016871,xgrammar,2.741005311952904,4.192953823017888,41,60,59,"[5778, 6544, 531, 3727, 531, 506, 4467, 1308, 24226, 1116, 95205, 236761, 236743, 107, 2717, 3723, 107, 14937, 54554, 1083, 623, 5778, 6544, 531, 3727, 531, 506, 4467, 1308, 24226, 1116, 95205, 1781, 236783, 107, 2717, 107, 1018, 135778, 53121, 669, 2864, 19565, 573, 808, 161617, 886, 2822, 236764, 3756, 236764, 40137, 5422, 13315, 236829, 600, 6178, 784, 506, 1]","[5778, 6544, 531, 3727, 531, 506, 4467, 1308, 24226, 1116, 95205, 236761, 236743, 107, 2717, 3723, 107, 14937, 54554, 1083, 623, 5778, 6544, 531, 3727, 531, 506, 4467, 1308, 24226, 1116, 95205, 1781, 236783, 107, 2717, 107, 1018, 135778, 53121, 669, 2864, 19565, 573, 808, 161617, 886, 2822, 236764, 3756, 236764, 40137, 5422, 13315, 236829, 600, 6178, 784, 506]",1,"[1, 106, 50]",1,1,True,False,[2],"She decided to walk to the park after finishing her chores. 
```json
{""sentence"": ""She decided to walk to the park after finishing her chores.""}
```
**Correction:** The request asks for *exactly one short, natural, coherent English sentence* that uses all the",True,10227014656,12.728775188035797
022_common_gen_kth_last_k37_t1,22,22,kth_last,37,1,2,65,39,1118,542830063,common_gen,22,0,common_gen:validation:5,0,ea8b047b24942c7b294d8b6434465446148664034d653bb48ab2dd1493037689,de3728cd53ac60ad6655a881df19e12a1a07f290643126652bf7e59b983cfc5b,success,,512.0,512.0,512.0,False,,model_loaded,19.14526850101538,0.5146053720382042,0.42108714702771977,0.935692519065924,0.935692519065924,1068,3161,59844,93475292,262144,"{""allowed_count"": 262120, ""expected_count"": 262120, ""missing_expected"": [], ""ok"": true, ""stop_token_ids"": [1, 50, 106], ""unexpected_allowed"": []}",3.438887397001963,xgrammar,2.6484214979573153,4.422467401018366,41,64,63,"[5778, 1053, 531, 5697, 3418, 506, 2891, 531, 974, 531, 1116, 9156, 3195, 236761, 27809, 108048, 29040, 90872, 13860, 9126, 820, 236890, 1030, 563, 496, 1440, 5697, 236761, 731, 10407, 236761, 115555, 236761, 56996, 236924, 107, 236743, 107, 236743, 107, 236743, 107, 236743, 107, 236743, 107, 236743, 107, 236743, 107, 164820, 237048, 109852, 162744, 237122, 24833, 236924, 107, 236743, 107, 236743, 107, 236743, 106]","[5778, 1053, 531, 5697, 3418, 506, 2891, 531, 974, 531, 1116, 9156, 3195, 236761, 27809, 108048, 29040, 90872, 13860, 9126, 820, 236890, 1030, 563, 496, 1440, 5697, 236761, 731, 10407, 236761, 115555, 236761, 56996, 236924, 107, 236743, 107, 236743, 107, 236743, 107, 236743, 107, 236743, 107, 236743, 107, 236743, 107, 164820, 237048, 109852, 162744, 237122, 24833, 236924, 107, 236743, 107, 236743, 107, 236743]",1,"[1, 106, 50]",106,1,True,False,[2],"She had to drive across the country to get to her dream job. પણ ड्राइविंग हमेशा तनावपूर्ण होती है। It is a long drive.ostantly.carrying.答案。
 
 
 
 
 
 
 
ドライブは長い道のりだった。
 
 
 ",True,10227301376,12.784445224038791
023_common_gen_kth_last_k38_t1,23,23,kth_last,38,1,2,65,40,1105,2060478371,common_gen,23,0,common_gen:validation:60,0,6282fa17bde2f3320abf1a435e22d1ca60200365d1e8fd27b5352ece764658ba,cda6668b4a7675766e40ada79dd047f1de1992738df47e05c3d0090d2c321122,success,,512.0,512.0,512.0,False,,model_loaded,18.02945142495446,0.4796787709929049,0.4152858449961059,0.8949646159890108,0.8949646159890108,1057,3129,59267,91608076,262144,"{""allowed_count"": 262120, ""expected_count"": 262120, ""missing_expected"": [], ""ok"": true, ""stop_token_ids"": [1, 50, 106], ""unexpected_allowed"": []}",3.3843436510069296,xgrammar,2.7364023579866625,3.209669809031766,41,41,40,"[818, 5427, 1813, 88618, 1041, 97022, 5716, 1308, 506, 1440, 34374, 236761, 38598, 236772, 594, 7892, 13315, 6178, 623, 7632, 3056, 563, 625, 886, 2822, 236764, 3756, 236764, 40137, 5422, 13315, 236881, 11262, 236761, 1677, 625, 1161, 784, 506, 14485, 106]","[818, 5427, 1813, 88618, 1041, 97022, 5716, 1308, 506, 1440, 34374, 236761, 38598, 236772, 594, 7892, 13315, 6178, 623, 7632, 3056, 563, 625, 886, 2822, 236764, 3756, 236764, 40137, 5422, 13315, 236881, 11262, 236761, 1677, 625, 1161, 784, 506, 14485]",1,"[1, 106, 50]",106,1,True,False,[1],"The cool water refreshed my thirsty skin after the long hike. офи-thisk sentence uses ""water"". is it one short, natural, coherent English sentence? yes. does it use all the concepts",True,10225652224,11.528206288989168
024_common_gen_kth_last_k40_t1,24,24,kth_last,40,1,2,65,42,1073,2069810451,common_gen,24,0,common_gen:validation:407,0,c6466a8ae9b8b6f72012c5d942facac3d7c5b223f76864c4193259cafa1371b1,30b11d8948a0ba53534fddafcd4e4864f0a39d2d824648851b1526a38a6f5407,success,,512.0,512.0,512.0,False,,model_loaded,17.94223189703189,0.47057414101436734,0.40396094298921525,0.8745350840035826,0.8745350840035826,1029,3047,57765,86907413,262144,"{""allowed_count"": 262120, ""expected_count"": 262120, ""missing_expected"": [], ""ok"": true, ""stop_token_ids"": [1, 50, 106], ""unexpected_allowed"": []}",3.2885100099956617,xgrammar,2.664158002997283,3.359160602965858,41,43,42,"[818, 1944, 17971, 8375, 496, 4148, 1927, 529, 506, 23844, 236761, 236743, 107, 2717, 107, 2717, 107, 2094, 13315, 6178, 506, 3495, 623, 31680, 3056, 1030, 563, 496, 2822, 236764, 3756, 236764, 40137, 5422, 13315, 236761, 236743, 107, 2717, 107, 2717, 107, 106]","[818, 1944, 17971, 8375, 496, 4148, 1927, 529, 506, 23844, 236761, 236743, 107, 2717, 107, 2717, 107, 2094, 13315, 6178, 506, 3495, 623, 31680, 3056, 1030, 563, 496, 2822, 236764, 3756, 236764, 40137, 5422, 13315, 236761, 236743, 107, 2717, 107, 2717, 107]",1,"[1, 106, 50]",106,1,True,False,[1],"The small hill offered a beautiful view of the valley. 
```
```
This sentence uses the concept ""hill"". It is a short, natural, coherent English sentence. 
```
```
",True,10225795584,11.48363078897819
025_common_gen_kth_last_k42_t1,25,25,kth_last,42,1,2,65,44,1033,376522771,common_gen,25,0,common_gen:validation:68,0,fe675e9ae6d9cbe4b418ae0245938fc51152f14d99fd115c6daa137875b66580,20d7dbb51fcd299551e32fe2d8630015288d7ac317944121e01403b279ade73a,success,,512.0,512.0,512.0,False,,model_loaded,18.486747217015363,0.46111539099365473,0.39330182201229036,0.8544172130059451,0.8544172130059451,993,2941,55799,81012562,262144,"{""allowed_count"": 262120, ""expected_count"": 262120, ""missing_expected"": [], ""ok"": true, ""stop_token_ids"": [1, 50, 106], ""unexpected_allowed"": []}",3.4500873209908605,xgrammar,2.733610350987874,3.4822955449926667,41,47,46,"[818, 5777, 236772, 5265, 11203, 9937, 496, 16601, 2886, 529, 23069, 236761, 186480, 107, 167, 167, 167, 167, 167, 143, 107, 167, 167, 167, 167, 167, 143, 107, 167, 167, 167, 167, 167, 143, 107, 167, 167, 167, 167, 167, 143, 107, 167, 167, 167, 167, 106]","[818, 5777, 236772, 5265, 11203, 9937, 496, 16601, 2886, 529, 23069, 236761, 186480, 107, 167, 167, 167, 167, 167, 143, 107, 167, 167, 167, 167, 167, 143, 107, 167, 167, 167, 167, 167, 143, 107, 167, 167, 167, 167, 167, 143, 107, 167, 167, 167, 167]",1,"[1, 106, 50]",106,1,True,False,[1],"The wide-open mouth revealed a surprising amount of wisdom. bruger
                                                                                                                                                                  
                                                                                                                                                                  
                                                                                                                                                                  
                                                                                                                                                                  
                                                                                                                            ",True,10226082304,11.876813997980207
026_common_gen_kth_last_k43_t1,26,26,kth_last,43,1,2,65,45,1010,881983928,common_gen,26,0,common_gen:validation:273,0,6350121bfb6ae3edc725b05efe8e63fd7482f858ae42b05a6cb907f65aa62c59,fc650c25e56a38a2ee8787a8566233a0ddc4f0a0eb0d2320b2b4f6f251bc1a5a,success,,512.0,512.0,512.0,False,,model_loaded,18.538875838043168,0.47407067101448774,0.38365511503070593,0.8577257860451937,0.8577257860451937,972,2879,54642,77660081,262144,"{""allowed_count"": 262120, ""expected_count"": 262120, ""missing_expected"": [], ""ok"": true, ""stop_token_ids"": [1, 50, 106], ""unexpected_allowed"": []}",3.3253437389503233,xgrammar,2.7162799009820446,3.734480300976429,41,50,49,"[818, 111428, 522, 7266, 529, 506, 42383, 1603, 506, 6573, 233594, 2101, 786, 236761, 229197, 42383, 9110, 237421, 5029, 22841, 237007, 237009, 242549, 237409, 46943, 209499, 44839, 236945, 237364, 237051, 111166, 14606, 238211, 237234, 171559, 236924, 30886, 38162, 237051, 154691, 236951, 237378, 93919, 237512, 34084, 237048, 25165, 3652, 236924, 106]","[818, 111428, 522, 7266, 529, 506, 42383, 1603, 506, 6573, 233594, 2101, 786, 236761, 229197, 42383, 9110, 237421, 5029, 22841, 237007, 237009, 242549, 237409, 46943, 209499, 44839, 236945, 237364, 237051, 111166, 14606, 238211, 237234, 171559, 236924, 30886, 38162, 237051, 154691, 236951, 237378, 93919, 237512, 34084, 237048, 25165, 3652, 236924]",1,"[1, 106, 50]",106,1,True,False,[2],The dizzying drop of the cliff made the wind howl around me.あなたは cliff を使った自然で一貫性のある短い英語の文を一つだけ書く必要があります。文章のみを返し、前置きや説明は不要です。,True,10226297344,11.977331319008954
027_common_gen_kth_last_k45_t1,27,27,kth_last,45,1,2,65,47,958,1867340357,common_gen,27,0,common_gen:validation:264,0,d43a1750daf17422c91895807d8bc882d7bdaf7fdc5660da67e2d96b1c19455e,ab79239e6e2c9ae88f11a3746a73f8c9f06ada4819825d7825f3ec2a0fe9bd2c,success,,512.0,512.0,512.0,False,,model_loaded,22.73259963397868,0.5083507639938034,0.3623218690045178,0.8706726329983212,0.8706726329983212,924,2737,51980,70247968,262144,"{""allowed_count"": 262120, ""expected_count"": 262120, ""missing_expected"": [], ""ok"": true, ""stop_token_ids"": [1, 50, 106], ""unexpected_allowed"": []}",3.6737822649884038,xgrammar,2.8209288930520415,3.7101139790029265,41,49,48,"[5778, 1053, 531, 1975, 6218, 2342, 506, 32812, 4204, 236761, 50368, 3493, 7579, 1131, 13315, 236761, 242450, 242915, 236753, 236761, 242450, 242915, 236753, 236761, 242450, 242915, 236753, 236761, 242450, 242915, 236753, 236761, 242450, 242915, 236753, 236761, 242450, 242915, 236753, 236761, 242450, 242915, 236753, 236761, 242450, 242915, 236753, 236761, 106]","[5778, 1053, 531, 1975, 6218, 2342, 506, 32812, 4204, 236761, 50368, 3493, 7579, 1131, 13315, 236761, 242450, 242915, 236753, 236761, 242450, 242915, 236753, 236761, 242450, 242915, 236753, 236761, 242450, 242915, 236753, 236761, 242450, 242915, 236753, 236761, 242450, 242915, 236753, 236761, 242450, 242915, 236753, 236761, 242450, 242915, 236753, 236761]",1,"[1, 106, 50]",106,1,True,False,[1],She had to stand firm against the mounting pressure.arange five characters into sentence.ᴀɴd.ᴀɴd.ᴀɴd.ᴀɴd.ᴀɴd.ᴀɴd.ᴀɴd.ᴀɴd.,True,10226225664,12.438094150973484
028_common_gen_kth_last_k46_t1,28,28,kth_last,46,1,2,65,48,929,1538777945,common_gen,28,0,common_gen:validation:476,0,be4159e2d9cdac81e662cbb18c61b0ca11c7ee9344ffd91eb42b2366f9d5828c,9972d6c625ef2e8c2dc807ea5d676ea2341d2895ce894158008cd639aaa90b5d,success,,512.0,512.0,512.0,False,,model_loaded,18.43149214197183,0.5160959710483439,0.35354543203720823,0.8696414030855522,0.8696414030855522,897,2657,50475,66235496,262144,"{""allowed_count"": 262120, ""expected_count"": 262120, ""missing_expected"": [], ""ok"": true, ""stop_token_ids"": [1, 50, 106], ""unexpected_allowed"": []}",3.407577815989498,xgrammar,2.785725496010855,3.5987054880242795,41,49,48,"[818, 19185, 15924, 35240, 105539, 657, 506, 22658, 236761, 236743, 107, 2717, 3017, 107, 47692, 107, 2717, 107, 2717, 54554, 107, 818, 19185, 15924, 35240, 105539, 657, 506, 22658, 236761, 107, 2717, 107, 2717, 4606, 107, 818, 19185, 15924, 35240, 105539, 657, 506, 22658, 236761, 107, 2717, 107, 1]","[818, 19185, 15924, 35240, 105539, 657, 506, 22658, 236761, 236743, 107, 2717, 3017, 107, 47692, 107, 2717, 107, 2717, 54554, 107, 818, 19185, 15924, 35240, 105539, 657, 506, 22658, 236761, 107, 2717, 107, 2717, 4606, 107, 818, 19185, 15924, 35240, 105539, 657, 506, 22658, 236761, 107, 2717, 107]",1,"[1, 106, 50]",1,1,True,False,[3],"The elegant lady smiled warmly at the gathering. 
```word
lady
```
```sentence
The elegant lady smiled warmly at the gathering.
```
```output
The elegant lady smiled warmly at the gathering.
```
",True,10226225664,11.975615024974104
029_common_gen_kth_last_k48_t1,29,29,kth_last,48,1,2,65,50,865,1569705894,common_gen,29,0,common_gen:validation:426,0,329d84d0818cb93476f7a148229601918a3c0c976ea37836ee554b953c31bcc3,a2acfc843a3aa09452bfc4105050d86741484e0b16b05594db5c996bac5c6020,success,,512.0,512.0,512.0,False,,model_loaded,18.484638374997303,0.4636183480033651,0.32505855098133907,0.7886768989847042,0.7886768989847042,837,2479,47117,57730561,262144,"{""allowed_count"": 262120, ""expected_count"": 262120, ""missing_expected"": [], ""ok"": true, ""stop_token_ids"": [1, 50, 106], ""unexpected_allowed"": []}",3.5105261969729327,xgrammar,2.7374193660216406,3.679128024028614,41,51,50,"[818, 89481, 4299, 25829, 3418, 506, 9917, 236761, 4044, 236761, 107, 236769, 10282, 236787, 5612, 611, 1602, 711, 2847, 506, 3530, 14485, 531, 1161, 236764, 564, 735, 14494, 496, 19920, 2591, 13315, 1699, 506, 3658, 623, 3703, 236775, 531, 15128, 506, 15633, 6518, 236761, 7323, 2847, 506, 14485, 611, 10518, 106]","[818, 89481, 4299, 25829, 3418, 506, 9917, 236761, 4044, 236761, 107, 236769, 10282, 236787, 5612, 611, 1602, 711, 2847, 506, 3530, 14485, 531, 1161, 236764, 564, 735, 14494, 496, 19920, 2591, 13315, 1699, 506, 3658, 623, 3703, 236775, 531, 15128, 506, 15633, 6518, 236761, 7323, 2847, 506, 14485, 611, 10518]",1,"[1, 106, 50]",106,1,True,False,[1],"The bouncing ball rolled across the grass. etc.
(Note: Since you did not provide the specific concepts to use, I have constructed a generic example sentence using the word ""ball"" to demonstrate the requested format. Please provide the concepts you intended",True,10226369024,11.986629649007227
030_common_gen_repeat_after_k_k1_t3,30,0,repeat_after_k,1,3,2,65,6,439,940907085,common_gen,30,0,common_gen:validation:179,0,79493e73c16204fd4f11fb0eab6bd33756927cae390e1213f380261c2f9f19d2,2478491a0522e834cb1f18353da2b75f587aa44c21e8f2edef26a5647953fe59,success,,512.0,512.0,512.0,False,,model_loaded,18.73712752899155,0.5037333050277084,0.06416065501980484,0.5678939600475132,0.5678939600475132,321,1061,18074,9470820,262144,"{""allowed_count"": 262120, ""expected_count"": 262120, ""missing_expected"": [], ""ok"": true, ""stop_token_ids"": [1, 50, 106], ""unexpected_allowed"": []}",3.5046763489954174,xgrammar,2.567516593961045,4.405556812998839,47,65,64,"[818, 1944, 9909, 6074, 531, 6803, 1679, 506, 5777, 8858, 236761, 167168, 2067, 107, 107, 236743, 107, 236743, 107, 236743, 107, 236743, 107, 236743, 107, 236743, 107, 236743, 107, 236743, 107, 236743, 107, 236743, 107, 236743, 107, 236743, 107, 236743, 107, 236743, 107, 236743, 107, 236743, 107, 236743, 107, 236743, 107, 236743, 107, 236743, 107, 236743, 107, 236743, 107, 236743, 107, 236743, 8858, 8858, 106]","[818, 1944, 9909, 6074, 531, 6803, 1679, 506, 5777, 8858, 236761, 167168, 2067, 107, 107, 236743, 107, 236743, 107, 236743, 107, 236743, 107, 236743, 107, 236743, 107, 236743, 107, 236743, 107, 236743, 107, 236743, 107, 236743, 107, 236743, 107, 236743, 107, 236743, 107, 236743, 107, 236743, 107, 236743, 107, 236743, 107, 236743, 107, 236743, 107, 236743, 107, 236743, 107, 236743, 107, 236743, 8858, 8858]",1,"[1, 106, 50]",106,1,True,True,"[1, 1, 3]","The small boat began to float down the wide river. integratorText

 
 
 
 
 
 
 
 
 
 
 
 
 
 
 
 
 
 
 
 
 
 
 
  river river",True,10227803136,12.360092093993444
031_common_gen_repeat_after_k_k2_t3,31,1,repeat_after_k,2,3,2,65,9,618,74405207,common_gen,31,0,common_gen:validation:71,0,4e54e080b9b92e9bdb0809226195f32b15a2de1dd8526b36b6ae9d1e68f67ba4,879917f2ba9a98e9d1b1edc2edefa9bc10d0ebef4586b8162b03c74f186cccdc,success,,512.0,512.0,512.0,False,,model_loaded,19.062861412006896,0.4632751679746434,0.1414104180294089,0.6046855860040523,0.6046855860040523,502,1974,33273,23843487,262144,"{""allowed_count"": 262120, ""expected_count"": 262120, ""missing_expected"": [], ""ok"": true, ""stop_token_ids"": [1, 50, 106], ""unexpected_allowed"": []}",3.4324689560453407,xgrammar,2.7148087850073352,4.436530639999546,47,65,64,"[818, 5117, 19061, 506, 1012, 607, 18487, 3213, 236761, 60839, 236761, 174584, 236761, 1013, 236761, 617, 236761, 236760, 236761, 236748, 236761, 236755, 236761, 236756, 236761, 236751, 236761, 236744, 236761, 236753, 236761, 8970, 236761, 53759, 236761, 26661, 236761, 28455, 236761, 10401, 236761, 197, 107, 643, 236761, 107, 238421, 236743, 236778, 236771, 236778, 236812, 236761, 2343, 5726, 14512, 236761, 107, 2094, 563, 496, 5117, 1015, 5117, 106]","[818, 5117, 19061, 506, 1012, 607, 18487, 3213, 236761, 60839, 236761, 174584, 236761, 1013, 236761, 617, 236761, 236760, 236761, 236748, 236761, 236755, 236761, 236756, 236761, 236751, 236761, 236744, 236761, 236753, 236761, 8970, 236761, 53759, 236761, 26661, 236761, 28455, 236761, 10401, 236761, 197, 107, 643, 236761, 107, 238421, 236743, 236778, 236771, 236778, 236812, 236761, 2343, 5726, 14512, 236761, 107, 2094, 563, 496, 5117, 1015, 5117]",1,"[1, 106, 50]",106,1,True,True,"[0, 3, 1]","The student watched the class with intense focus. dispositivos.ppler.ings.ist.f.o.c.u.s.e.d.fast.paced.learning.environment.copy.</blockquote>
end.
© 2024. All rights reserved.
This is a student who student",True,10227803136,12.489082368032541
032_common_gen_repeat_after_k_k3_t3,32,2,repeat_after_k,3,3,2,65,12,791,223376720,common_gen,32,0,common_gen:validation:985,0,7b75240834c446322e307fe207f300ca0aed6b55025d7f0eefd1a327a4457758,0b4ce0c0600d1f46ae307c55c37823287954e0f9687b993430ba77560b98a4fb,success,,512.0,512.0,512.0,False,,model_loaded,18.884521855041385,0.5043703049886972,0.21849197201663628,0.7228622770053335,0.7228622770053335,677,2857,48718,43920591,262144,"{""allowed_count"": 262120, ""expected_count"": 262120, ""missing_expected"": [], ""ok"": true, ""stop_token_ids"": [1, 50, 106], ""unexpected_allowed"": []}",3.3554676990024745,xgrammar,2.788735201000236,4.415546089003328,47,65,64,"[236777, 2731, 531, 3661, 236772, 144133, 506, 16062, 532, 8785, 1041, 74772, 1651, 564, 3944, 236761, 105893, 179341, 236743, 107, 1005, 236779, 495, 236779, 70926, 236787, 623, 236777, 2731, 531, 3661, 236772, 144133, 506, 16062, 532, 8785, 1041, 74772, 1651, 564, 3944, 1781, 107, 4606, 236787, 564, 2731, 531, 3661, 236772, 144133, 506, 16062, 532, 8785, 1041, 74772, 1651, 564, 3944, 236761, 107, 3944, 106]","[236777, 2731, 531, 3661, 236772, 144133, 506, 16062, 532, 8785, 1041, 74772, 1651, 564, 3944, 236761, 105893, 179341, 236743, 107, 1005, 236779, 495, 236779, 70926, 236787, 623, 236777, 2731, 531, 3661, 236772, 144133, 506, 16062, 532, 8785, 1041, 74772, 1651, 564, 3944, 1781, 107, 4606, 236787, 564, 2731, 531, 3661, 236772, 144133, 506, 16062, 532, 8785, 1041, 74772, 1651, 564, 3944, 236761, 107, 3944]",1,"[1, 106, 50]",106,1,True,True,"[3, 3, 4]","I plan to pan-fry the vegetables and wear my apron while I cook. ഇവيئة 
text_in_unicode: ""I plan to pan-fry the vegetables and wear my apron while I cook.""
output: I plan to pan-fry the vegetables and wear my apron while I cook.
 cook",True,10227803136,12.630405633011833
033_common_gen_repeat_after_k_k4_t3,33,3,repeat_after_k,4,3,2,65,15,958,1397433216,common_gen,33,0,common_gen:validation:692,0,23c07839609a4c2202ca28ba581d3843373869f21b1e8f4f1630b5a83c0b1d7d,7dabe1135c630c7edbb20715a9624759048e18690029df4dd5049b600218bf50,success,,512.0,512.0,512.0,False,,model_loaded,19.741760208969936,0.5408503580256365,0.3108232049853541,0.8516735630109906,0.8516735630109906,846,3710,63773,69077775,262144,"{""allowed_count"": 262120, ""expected_count"": 262120, ""missing_expected"": [], ""ok"": true, ""stop_token_ids"": [1, 50, 106], ""unexpected_allowed"": []}",3.883149389992468,xgrammar,2.822670388035476,4.390602648025379,48,65,64,"[236777, 1133, 531, 91485, 532, 1385, 657, 1041, 16856, 528, 506, 14701, 1680, 16398, 855, 236761, 212968, 238156, 578, 1385, 236764, 91485, 236764, 14701, 236761, 5724, 1535, 236761, 91180, 236746, 13315, 236761, 107, 236777, 91485, 834, 564, 740, 1385, 1861, 742, 528, 506, 14701, 236761, 107, 11549, 107, 236777, 91485, 531, 1385, 14658, 528, 506, 14701, 236761, 107, 11549, 1385, 236764, 91485, 236764, 1385, 106]","[236777, 1133, 531, 91485, 532, 1385, 657, 1041, 16856, 528, 506, 14701, 1680, 16398, 855, 236761, 212968, 238156, 578, 1385, 236764, 91485, 236764, 14701, 236761, 5724, 1535, 236761, 91180, 236746, 13315, 236761, 107, 236777, 91485, 834, 564, 740, 1385, 1861, 742, 528, 506, 14701, 236761, 107, 11549, 107, 236777, 91485, 531, 1385, 14658, 528, 506, 14701, 236761, 107, 11549, 1385, 236764, 91485, 236764, 1385]",1,"[1, 106, 50]",106,1,True,True,"[5, 6, 4]","I like to shave and look at my reflection in the mirror before heading out. tapahtի = look, shave, mirror. looks good.needsa sentence.
I shave so I can look presentable in the mirror.
​​
I shave to look sharp in the mirror.
​​ look, shave, look",True,10227874816,13.335299634025432
034_common_gen_repeat_after_k_k5_t3,34,4,repeat_after_k,5,3,2,65,18,1119,1313394347,common_gen,34,0,common_gen:validation:186,0,e68350e9810978c6281f3a0d296a02bfdb7990f377ebd8d776fbf84f00f65064,e758c5371abda40c86b4783e12f3d6ce90bd605ae58e32f16979ded634181757,success,,512.0,512.0,512.0,False,,model_loaded,18.998428655031603,0.47003710601711646,0.37227013701340184,0.8423072430305183,0.8423072430305183,1009,4533,78550,98712066,262144,"{""allowed_count"": 262120, ""expected_count"": 262120, ""missing_expected"": [], ""ok"": true, ""stop_token_ids"": [1, 50, 106], ""unexpected_allowed"": []}",3.366029955970589,xgrammar,2.806607467995491,4.395689959987067,47,65,64,"[818, 32149, 12535, 496, 84419, 19405, 3008, 506, 41997, 4284, 236761, 568, 20470, 236764, 600, 6178, 623, 21431, 2098, 623, 94743, 2098, 532, 623, 7967, 1781, 564, 1202, 531, 5330, 784, 14485, 659, 1456, 14769, 528, 886, 13315, 2907, 108, 8291, 563, 506, 32107, 13315, 236787, 108, 818, 32149, 6074, 914, 5597, 19405, 3008, 506, 33839, 4284, 236761, 236743, 107, 13513, 4284, 27435, 568, 1]","[818, 32149, 12535, 496, 84419, 19405, 3008, 506, 41997, 4284, 236761, 568, 20470, 236764, 600, 6178, 623, 21431, 2098, 623, 94743, 2098, 532, 623, 7967, 1781, 564, 1202, 531, 5330, 784, 14485, 659, 1456, 14769, 528, 886, 13315, 2907, 108, 8291, 563, 506, 32107, 13315, 236787, 108, 818, 32149, 6074, 914, 5597, 19405, 3008, 506, 33839, 4284, 236761, 236743, 107, 13513, 4284, 27435, 568]",1,"[1, 106, 50]",1,1,True,True,"[2, 3, 2]","The runner enjoyed a brisk jog along the scenic road. (Wait, that uses ""runner,"" ""jog,"" and ""road."" I need to ensure all concepts are used naturally in one sentence.)

Here is the corrected sentence:

The runner began his morning jog along the winding road. 
*** road *** (",True,10227803136,12.688383891014382
035_common_gen_repeat_after_k_k6_t3,35,5,repeat_after_k,6,3,2,65,21,1274,208501510,common_gen,35,0,common_gen:validation:242,0,7a7ab8bc7d83696e76f416ef7fb9fd85461681cabd6db89e9347e91a5c393e70,aead26d35231c330ca680c76db7957bf860e93607772db3a87e165827af891c9,success,,512.0,512.0,512.0,False,,model_loaded,19.582563295029104,0.4746982760261744,0.45001722499728203,0.9247155010234565,0.9247155010234565,1166,5326,92805,132241875,262144,"{""allowed_count"": 262120, ""expected_count"": 262120, ""missing_expected"": [], ""ok"": true, ""stop_token_ids"": [1, 50, 106], ""unexpected_allowed"": []}",3.4905445509939454,xgrammar,2.8152501760050654,4.533030605001841,47,65,64,"[5778, 6544, 531, 6267, 1679, 580, 506, 4086, 528, 1116, 2978, 236761, 133674, 573, 496, 2480, 5086, 236761, 5418, 236761, 107, 2717, 3723, 107, 236775, 5778, 6544, 531, 6267, 1679, 580, 506, 4086, 528, 1116, 2978, 1781, 107, 2717, 107, 20470, 236764, 506, 11172, 19565, 573, 808, 811, 236829, 13315, 1699, 784, 14485, 236761, 3792, 236789, 236751, 6267, 625, 855, 236761, 108, 5778, 6267, 106]","[5778, 6544, 531, 6267, 1679, 580, 506, 4086, 528, 1116, 2978, 236761, 133674, 573, 496, 2480, 5086, 236761, 5418, 236761, 107, 2717, 3723, 107, 236775, 5778, 6544, 531, 6267, 1679, 580, 506, 4086, 528, 1116, 2978, 1781, 107, 2717, 107, 20470, 236764, 506, 11172, 19565, 573, 808, 811, 236829, 13315, 1699, 784, 14485, 236761, 3792, 236789, 236751, 6267, 625, 855, 236761, 108, 5778, 6267]",1,"[1, 106, 50]",106,1,True,True,"[4, 2, 2]","She decided to lay down on the bed in her room. Searching for a better option. involved.
```json
""She decided to lay down on the bed in her room.""
```
Wait, the prompt asks for *one* sentence using all concepts. Let's lay it out.

She lay",True,10227803136,13.086122799955774
036_common_gen_repeat_after_k_k7_t3,36,6,repeat_after_k,7,3,2,65,24,1423,1595580074,common_gen,36,0,common_gen:validation:77,0,331df57f76bd305325a7f2b247981828e56f8e50c787f9df4e8fcaf5a946f95e,04e84592fc91e3aff148acb237e1dc9dda82832f8d43ce949be8c27161bbbb24,success,,512.0,512.0,512.0,False,,model_loaded,19.339889622991905,0.48848151898710057,0.5235106889740564,1.011992207961157,1.011992207961157,1317,6089,106310,169106997,262144,"{""allowed_count"": 262120, ""expected_count"": 262120, ""missing_expected"": [], ""ok"": true, ""stop_token_ids"": [1, 50, 106], ""unexpected_allowed"": []}",3.3858642840059474,xgrammar,2.800733499985654,4.459515030030161,47,65,64,"[5778, 1456, 496, 33148, 531, 6921, 506, 13153, 528, 506, 13392, 236761, 236743, 107, 152050, 12849, 135227, 17624, 236941, 19106, 1727, 19486, 237076, 2927, 16199, 2052, 3170, 920, 10949, 9751, 236761, 236743, 107, 236910, 7809, 12849, 9475, 7130, 16803, 20199, 7645, 42069, 150852, 5759, 34764, 181068, 26889, 230286, 50819, 76853, 10840, 8845, 122432, 101872, 236761, 236743, 6921, 691, 1456, 528, 506, 13315, 236761, 6921, 106]","[5778, 1456, 496, 33148, 531, 6921, 506, 13153, 528, 506, 13392, 236761, 236743, 107, 152050, 12849, 135227, 17624, 236941, 19106, 1727, 19486, 237076, 2927, 16199, 2052, 3170, 920, 10949, 9751, 236761, 236743, 107, 236910, 7809, 12849, 9475, 7130, 16803, 20199, 7645, 42069, 150852, 5759, 34764, 181068, 26889, 230286, 50819, 76853, 10840, 8845, 122432, 101872, 236761, 236743, 6921, 691, 1456, 528, 506, 13315, 236761, 6921]",1,"[1, 106, 50]",106,1,True,True,"[1, 1, 3]","She used a spoon to mix the ingredients in the bowl. 
 ترد هو استخدم ملعقة لخلط المكونات في الوعاء. 
هذا هو الجمل الإنجليزي الوحيد والمناسب الذي يستخدم جميع المفاهيم المطلوبة.  mix was used in the sentence. mix",True,10227803136,12.981153546017595
037_common_gen_repeat_after_k_k8_t3,37,7,repeat_after_k,8,3,2,65,27,1566,637249660,common_gen,37,0,common_gen:validation:299,0,4411bf88f6f35896b11651591793059ca0cf6562ccb7bc940688e53cb5d84c0c,5f1fa196593acd9c81ccb10f35bace521b9dfc6d04341e1634892346069597bd,success,,512.0,512.0,512.0,False,,model_loaded,19.339258129999507,0.5051470999605954,0.5942292140098289,1.0993763139704242,1.0993763139704242,1462,6822,119525,208768611,262144,"{""allowed_count"": 262120, ""expected_count"": 262120, ""missing_expected"": [], ""ok"": true, ""stop_token_ids"": [1, 50, 106], ""unexpected_allowed"": []}",3.2332089030533098,xgrammar,2.7392669490072876,4.459821944998112,48,65,64,"[818, 9775, 15678, 120899, 618, 506, 4155, 1603, 496, 13832, 2827, 528, 506, 2290, 236761, 186964, 3747, 236761, 107, 236743, 107, 236743, 107, 236743, 107, 236743, 107, 236743, 107, 236743, 107, 236743, 107, 236743, 107, 236743, 107, 236743, 107, 236743, 107, 236743, 107, 236743, 107, 236743, 107, 236743, 107, 236743, 107, 236743, 107, 236743, 107, 2290, 15678, 4155, 236743, 107, 236743, 107, 236743, 2290, 106]","[818, 9775, 15678, 120899, 618, 506, 4155, 1603, 496, 13832, 2827, 528, 506, 2290, 236761, 186964, 3747, 236761, 107, 236743, 107, 236743, 107, 236743, 107, 236743, 107, 236743, 107, 236743, 107, 236743, 107, 236743, 107, 236743, 107, 236743, 107, 236743, 107, 236743, 107, 236743, 107, 236743, 107, 236743, 107, 236743, 107, 236743, 107, 236743, 107, 2290, 15678, 4155, 236743, 107, 236743, 107, 236743, 2290]",1,"[1, 106, 50]",106,1,True,True,"[3, 2, 2]","The excited crowd cheered as the player made a crucial move in the game. Benutzered.
 
 
 
 
 
 
 
 
 
 
 
 
 
 
 
 
 
 
 game crowd player 
 
  game",True,10227874816,12.896525543997996
038_common_gen_repeat_after_k_k9_t3,38,8,repeat_after_k,9,3,2,65,30,1703,675906945,common_gen,38,0,common_gen:validation:879,0,fd527784d4f3c8c8a4abba1e5acf789e7d3aa664788ff095af05fcc89a094558,5f5bac6faf698017e925b7c741759384c7a0560caaba53bd3210ee3eb45faaf9,success,,512.0,512.0,512.0,False,,model_loaded,19.82541011599824,0.5056651989580132,0.6707947590039112,1.1764599579619244,1.1764599579619244,1601,7525,132213,250709280,262144,"{""allowed_count"": 262120, ""expected_count"": 262120, ""missing_expected"": [], ""ok"": true, ""stop_token_ids"": [1, 50, 106], ""unexpected_allowed"": []}",3.3466065370012075,xgrammar,2.774549719004426,4.4021375469747,47,65,64,"[236777, 1456, 496, 14658, 21171, 531, 3463, 506, 49884, 236761, 93761, 236761, 107, 1553, 625, 236761, 45585, 236761, 659, 236761, 2653, 236761, 11006, 236761, 1388, 236761, 735, 236761, 2148, 236761, 2918, 236761, 4491, 236761, 573, 236761, 506, 236761, 1535, 236761, 17282, 236761, 2597, 236761, 919, 236761, 1492, 236761, 11613, 236761, 9380, 236761, 54127, 236761, 49884, 236761, 3463, 236761, 21171, 236761, 5293, 236761, 3479, 49884, 106]","[236777, 1456, 496, 14658, 21171, 531, 3463, 506, 49884, 236761, 93761, 236761, 107, 1553, 625, 236761, 45585, 236761, 659, 236761, 2653, 236761, 11006, 236761, 1388, 236761, 735, 236761, 2148, 236761, 2918, 236761, 4491, 236761, 573, 236761, 506, 236761, 1535, 236761, 17282, 236761, 2597, 236761, 919, 236761, 1492, 236761, 11613, 236761, 9380, 236761, 54127, 236761, 49884, 236761, 3463, 236761, 21171, 236761, 5293, 236761, 3479, 49884]",1,"[1, 106, 50]",106,1,True,True,"[3, 2, 2]","I used a sharp knife to cut the pineapple. hustle.
be it. smiles. are. possible. prepare. well. have. next. step. wait. for. the. good. mood. feel. more. now. taste. sweet. juicy. pineapple. cut. knife. happy. moment pineapple",True,10227803136,13.016326325014234
039_common_gen_repeat_after_k_k10_t3,39,9,repeat_after_k,10,3,2,65,33,1834,1009292424,common_gen,39,0,common_gen:validation:789,0,65b252ab090f261362c589b982f598bb3af9b3b2cab92aff88647f4edbc263dc,476cc9f7a849b3bd88cdaec63144adcc93149d7c1f90cf3b1bc581204bcbf18a,success,,512.0,512.0,512.0,False,,model_loaded,23.49965398502536,0.533922555972822,0.7379361019702628,1.2718586579430848,1.2718586579430848,1734,8198,144375,294432951,262144,"{""allowed_count"": 262120, ""expected_count"": 262120, ""missing_expected"": [], ""ok"": true, ""stop_token_ids"": [1, 50, 106], ""unexpected_allowed"": []}",3.517499436973594,xgrammar,2.7099295940133743,4.574376220989507,47,65,64,"[9366, 1769, 506, 4526, 532, 1977, 625, 1298, 564, 740, 4526, 625, 236761, 236743, 107, 106519, 245559, 236743, 107, 236775, 9366, 1769, 506, 4526, 532, 1977, 625, 1298, 564, 740, 4526, 625, 1781, 563, 496, 4133, 236764, 3756, 236764, 40137, 5422, 13315, 1699, 784, 1806, 3149, 14485, 236761, 1637, 611, 10518, 496, 1607, 1769, 236764, 5091, 37386, 236761, 108, 236829, 25864, 236772, 135778, 1769, 106]","[9366, 1769, 506, 4526, 532, 1977, 625, 1298, 564, 740, 4526, 625, 236761, 236743, 107, 106519, 245559, 236743, 107, 236775, 9366, 1769, 506, 4526, 532, 1977, 625, 1298, 564, 740, 4526, 625, 1781, 563, 496, 4133, 236764, 3756, 236764, 40137, 5422, 13315, 1699, 784, 1806, 3149, 14485, 236761, 1637, 611, 10518, 496, 1607, 1769, 236764, 5091, 37386, 236761, 108, 236829, 25864, 236772, 135778, 1769]",1,"[1, 106, 50]",106,1,True,True,"[4, 2, 4]","Please take the watch and place it where I can watch it. 
 ٿ𝗼 
""Please take the watch and place it where I can watch it."" is a complete, natural, coherent English sentence using all three required concepts. If you intended a different take, please clarify.

*Self-Correction take",True,10227803136,13.491146895976271
040_common_gen_repeat_after_k_k11_t3,40,10,repeat_after_k,11,3,2,65,36,1959,2144758566,common_gen,40,0,common_gen:validation:144,0,26f09c40c80afdde1dd9842bdc7427cd94aa0dd535cbfd3362d576074d1de798,9fc9a608a86fac6aa2baa96bc8d86da973cfb550d175f3814dbdeda709c2a0cf,success,,512.0,512.0,512.0,False,,model_loaded,19.938873678969685,0.5372469119611196,0.8268256320152432,1.3640725439763628,1.3640725439763628,1861,8841,155997,339464955,262144,"{""allowed_count"": 262120, ""expected_count"": 262120, ""missing_expected"": [], ""ok"": true, ""stop_token_ids"": [1, 50, 106], ""unexpected_allowed"": []}",3.4140508289565332,xgrammar,2.7095810959581286,4.468226691999007,47,65,64,"[818, 56253, 1295, 1451, 1975, 657, 506, 1903, 529, 506, 17971, 236761, 236743, 107, 168045, 107, 236743, 107, 236743, 107, 236743, 107, 236743, 107, 236743, 107, 236743, 107, 236743, 107, 236743, 107, 236743, 107, 236743, 107, 236743, 107, 236743, 107, 236743, 107, 236743, 107, 236743, 107, 236743, 107, 236743, 107, 236743, 107, 20136, 107, 1975, 107, 17971, 107, 236743, 107, 236743, 107, 236743, 20136, 106]","[818, 56253, 1295, 1451, 1975, 657, 506, 1903, 529, 506, 17971, 236761, 236743, 107, 168045, 107, 236743, 107, 236743, 107, 236743, 107, 236743, 107, 236743, 107, 236743, 107, 236743, 107, 236743, 107, 236743, 107, 236743, 107, 236743, 107, 236743, 107, 236743, 107, 236743, 107, 236743, 107, 236743, 107, 236743, 107, 236743, 107, 20136, 107, 1975, 107, 17971, 107, 236743, 107, 236743, 107, 236743, 20136]",1,"[1, 106, 50]",106,1,True,True,"[2, 2, 2]","The sleek car could stand at the top of the hill. 
lega
 
 
 
 
 
 
 
 
 
 
 
 
 
 
 
 
 
 
 sle
 stand
 hill
 
 
  sle",True,10227803136,13.369676985952538
041_common_gen_repeat_after_k_k12_t3,41,11,repeat_after_k,12,3,2,65,39,2078,112594980,common_gen,41,0,common_gen:validation:62,0,255f0be902895e2b306e867ee2e3b3fd28c66ada580d626e9b9b105ce8d7f812,2bff6a6e98479a0f7bc0d7c493befeaf463b50c6d5d42f0a8d209af64cbd6cca,success,,512.0,512.0,512.0,False,,model_loaded,19.75175841402961,0.5027296309708618,0.8720052319695242,1.374734862940386,1.374734862940386,1982,9454,167079,385352007,262144,"{""allowed_count"": 262120, ""expected_count"": 262120, ""missing_expected"": [], ""ok"": true, ""stop_token_ids"": [1, 50, 106], ""unexpected_allowed"": []}",3.4389259800082073,xgrammar,2.6101120249950327,4.478653399972245,47,65,64,"[236777, 795, 4721, 532, 1769, 496, 6083, 529, 600, 4148, 1927, 236761, 765, 107, 643, 236761, 107, 236743, 107, 236743, 107, 236743, 107, 236795, 107, 236743, 107, 236743, 107, 236743, 107, 236743, 107, 236743, 107, 236743, 107, 236743, 107, 236743, 107, 236743, 107, 236743, 107, 236743, 107, 236743, 107, 236743, 107, 1769, 496, 6083, 531, 4721, 532, 1460, 506, 1927, 236761, 107, 236743, 1769, 106]","[236777, 795, 4721, 532, 1769, 496, 6083, 529, 600, 4148, 1927, 236761, 765, 107, 643, 236761, 107, 236743, 107, 236743, 107, 236743, 107, 236795, 107, 236743, 107, 236743, 107, 236743, 107, 236743, 107, 236743, 107, 236743, 107, 236743, 107, 236743, 107, 236743, 107, 236743, 107, 236743, 107, 236743, 107, 236743, 107, 1769, 496, 6083, 531, 4721, 532, 1460, 506, 1927, 236761, 107, 236743, 1769]",1,"[1, 106, 50]",106,1,True,True,"[2, 2, 3]","I will stop and take a picture of that beautiful view.ft
end.
 
 
 
$
 
 
 
 
 
 
 
 
 
 
 
 
 
 take a picture to stop and see the view.
  take",True,10227803136,13.31862810801249
042_common_gen_repeat_after_k_k13_t3,42,12,repeat_after_k,13,3,2,65,42,2191,1298467098,common_gen,42,0,common_gen:validation:189,0,7683c4188e1402afabc7b7ff94ce1acb0117634dab818be5317b6c1ad1a6adfc,232eff3be74f0e61fa249c746618e458ef57833f029e92e225308d0d8b2ca23a,success,,512.0,512.0,512.0,False,,model_loaded,19.789894807036035,0.5368329460034147,0.9357853490510024,1.472618295054417,1.472618295054417,2097,10037,177621,431662206,262144,"{""allowed_count"": 262120, ""expected_count"": 262120, ""missing_expected"": [], ""ok"": true, ""stop_token_ids"": [1, 50, 106], ""unexpected_allowed"": []}",3.3351466519525275,xgrammar,2.601852330029942,4.433850200031884,47,65,64,"[1882, 38965, 1023, 11149, 1343, 506, 28905, 28383, 496, 13030, 5028, 236761, 107123, 107, 236743, 107, 236743, 107, 236743, 107, 236743, 107, 236743, 107, 236743, 107, 236743, 107, 236743, 107, 236743, 107, 236743, 107, 236743, 107, 236743, 107, 236743, 107, 236743, 107, 236743, 107, 236743, 107, 236743, 107, 236743, 107, 11881, 11149, 5028, 107, 2717, 107, 1882, 38965, 1023, 11149, 1343, 506, 28905, 11881, 106]","[1882, 38965, 1023, 11149, 1343, 506, 28905, 28383, 496, 13030, 5028, 236761, 107123, 107, 236743, 107, 236743, 107, 236743, 107, 236743, 107, 236743, 107, 236743, 107, 236743, 107, 236743, 107, 236743, 107, 236743, 107, 236743, 107, 236743, 107, 236743, 107, 236743, 107, 236743, 107, 236743, 107, 236743, 107, 236743, 107, 11881, 11149, 5028, 107, 2717, 107, 1882, 38965, 1023, 11149, 1343, 506, 28905, 11881]",1,"[1, 106, 50]",106,1,True,True,"[2, 3, 2]","We rode our horse through the woods beside a tall tree. প্রদর্শন
 
 
 
 
 
 
 
 
 
 
 
 
 
 
 
 
 
 
 ride horse tree
```
We rode our horse through the woods ride",True,10227803136,13.164165341004264
043_common_gen_repeat_after_k_k14_t3,43,13,repeat_after_k,14,3,2,65,45,2298,1823450284,common_gen,43,0,common_gen:validation:551,0,c664be512708375b37adbcb49f76ef4fe93811207f6c981701b6574961271967,915ee1eb030ac401a009c519762a6fc47f5decf11c102df7ab35ae7467cffaa1,success,,512.0,512.0,512.0,False,,model_loaded,20.045599071017932,0.5390446940436959,1.0064719449728727,1.5455166390165687,1.5455166390165687,2206,10590,187623,477985035,262144,"{""allowed_count"": 262120, ""expected_count"": 262120, ""missing_expected"": [], ""ok"": true, ""stop_token_ids"": [1, 50, 106], ""unexpected_allowed"": []}",3.421625104965642,xgrammar,2.705885347968433,4.490499193954747,47,65,64,"[818, 4799, 15032, 94787, 1651, 506, 7613, 11561, 236761, 236743, 107, 2717, 3723, 107, 236782, 107, 138, 236775, 54554, 1083, 623, 818, 4799, 15032, 94787, 1651, 506, 7613, 11561, 1781, 107, 236783, 107, 2717, 107, 20470, 236764, 564, 1202, 531, 5330, 506, 14485, 659, 20976, 1861, 236761, 3792, 236789, 1975, 573, 506, 14177, 236764, 7613, 573, 506, 34410, 236764, 532, 4799, 573, 506, 1975, 106]","[818, 4799, 15032, 94787, 1651, 506, 7613, 11561, 236761, 236743, 107, 2717, 3723, 107, 236782, 107, 138, 236775, 54554, 1083, 623, 818, 4799, 15032, 94787, 1651, 506, 7613, 11561, 1781, 107, 236783, 107, 2717, 107, 20470, 236764, 564, 1202, 531, 5330, 506, 14485, 659, 20976, 1861, 236761, 3792, 236789, 1975, 573, 506, 14177, 236764, 7613, 573, 506, 34410, 236764, 532, 4799, 573, 506, 1975]",1,"[1, 106, 50]",106,1,True,True,"[3, 2, 3]","The dog stood patiently while the snow fell. 
```json
{
  ""sentence"": ""The dog stood patiently while the snow fell.""
}
```
Wait, I need to ensure the concepts are strictly present. Let' stand for the verb, snow for the noun, and dog for the stand",True,10227803136,13.524078906979412
044_common_gen_repeat_after_k_k15_t3,44,14,repeat_after_k,15,3,2,65,48,2399,1198539203,common_gen,44,0,common_gen:validation:659,0,fd2fb45c7b00a122805700231500798fbf2a67cfa6857e318a830003dc8c1c76,60f0319ac88db62741ac153997296e0da14551d08236992f53236ba2f793e50c,success,,512.0,512.0,512.0,False,,model_loaded,20.39099481597077,0.5095368530019186,1.0573895800043829,1.5669264330063015,1.5669264330063015,2309,11113,197085,523931361,262144,"{""allowed_count"": 262120, ""expected_count"": 262120, ""missing_expected"": [], ""ok"": true, ""stop_token_ids"": [1, 50, 106], ""unexpected_allowed"": []}",3.5170292839757167,xgrammar,2.6435003399965353,4.42791363899596,47,65,64,"[818, 35551, 1456, 914, 2420, 531, 1975, 532, 12261, 506, 4299, 236761, 74211, 236764, 21071, 236764, 532, 10040, 659, 711, 1861, 528, 672, 13315, 236761, 237880, 107, 818, 35551, 1456, 914, 2420, 531, 1975, 532, 12261, 506, 4299, 236761, 107, 818, 35551, 1456, 914, 2420, 531, 1975, 532, 12261, 506, 4299, 236761, 107, 818, 35551, 1456, 914, 2420, 531, 1975, 532, 1975, 506, 4299, 106]","[818, 35551, 1456, 914, 2420, 531, 1975, 532, 12261, 506, 4299, 236761, 74211, 236764, 21071, 236764, 532, 10040, 659, 711, 1861, 528, 672, 13315, 236761, 237880, 107, 818, 35551, 1456, 914, 2420, 531, 1975, 532, 12261, 506, 4299, 236761, 107, 818, 35551, 1456, 914, 2420, 531, 1975, 532, 12261, 506, 4299, 236761, 107, 818, 35551, 1456, 914, 2420, 531, 1975, 532, 1975, 506, 4299]",1,"[1, 106, 50]",106,1,True,True,"[4, 4, 5]","The athlete used his leg to stand and kick the ball.Cities, railway, and vision are not present in this sentence.ُ
The athlete used his leg to stand and kick the ball.
The athlete used his leg to stand and kick the ball.
The athlete used his leg to stand and stand the ball",True,10227803136,13.468274048995227
045_common_gen_any_token_at_least_k_k3_t1,45,0,any_token_at_least_k,3,1,2,65,5,370,37439562,common_gen,45,0,common_gen:validation:658,0,cc3c888f5ca620a210479a74355b3cdbf58a9d2c7f8c25e6de1f151c2965dc54,55125943c5cfd0a19ba7b9aee88ca173247c724c96c4068d1744c56fc8c7b75e,success,,512.0,512.0,512.0,False,,model_loaded,19.234458335035015,0.48001282796030864,0.0973060239921324,0.577318851952441,0.577318851952441,252,797,13527,5934558,262144,"{""allowed_count"": 262120, ""expected_count"": 262120, ""missing_expected"": [], ""ok"": true, ""stop_token_ids"": [1, 50, 106], ""unexpected_allowed"": []}",3.6815348110394552,xgrammar,2.6042024769703858,4.443473424005788,41,65,64,"[1882, 6657, 496, 54817, 2290, 529, 32183, 1298, 1418, 2827, 691, 13058, 4542, 236761, 236743, 107, 2717, 3723, 107, 236782, 107, 138, 236775, 54554, 1083, 623, 1882, 6657, 496, 54817, 2290, 529, 32183, 1298, 1418, 2827, 691, 13058, 4542, 1781, 107, 236783, 107, 2717, 107, 236769, 25864, 236772, 154858, 236787, 669, 11172, 4733, 573, 808, 161617, 886, 236829, 2822, 236764, 3756, 236764, 40137, 32183, 106]","[1882, 6657, 496, 54817, 2290, 529, 32183, 1298, 1418, 2827, 691, 13058, 4542, 236761, 236743, 107, 2717, 3723, 107, 236782, 107, 138, 236775, 54554, 1083, 623, 1882, 6657, 496, 54817, 2290, 529, 32183, 1298, 1418, 2827, 691, 13058, 4542, 1781, 107, 236783, 107, 2717, 107, 236769, 25864, 236772, 154858, 236787, 669, 11172, 4733, 573, 808, 161617, 886, 236829, 2822, 236764, 3756, 236764, 40137, 32183]",1,"[1, 106, 50]",106,1,True,True,[3],"We played a tense game of chess where every move was carefully considered. 
```json
{
  ""sentence"": ""We played a tense game of chess where every move was carefully considered.""
}
```
(Self-correction: The prompt asked for *exactly one* short, natural, coherent chess",True,10227373056,12.641479191021062
046_common_gen_any_token_at_least_k_k3_t2,46,1,any_token_at_least_k,3,2,2,65,9,555,1903573988,common_gen,46,0,common_gen:validation:133,0,d1e76bdac9fdd4ae55c2e4221a162380e8e018ef9fd824de2f3067b4722656ca,b3174cf3d4d02cdf66bdcaa355ec76e744c112f278e5fb0d5fc966c48e82f0ae,success,,512.0,512.0,512.0,False,,model_loaded,19.354743418982252,0.5093163400306366,0.1752483999589458,0.6845647399895824,0.6845647399895824,438,1776,29748,19503559,262144,"{""allowed_count"": 262120, ""expected_count"": 262120, ""missing_expected"": [], ""ok"": true, ""stop_token_ids"": [1, 50, 106], ""unexpected_allowed"": []}",3.8159972580033354,xgrammar,2.7660653720377013,4.401296954951249,45,65,64,"[2209, 6544, 531, 91485, 506, 2678, 529, 914, 3392, 573, 496, 31929, 1385, 236761, 236743, 107, 236761, 107, 107, 236761, 107, 236761, 107, 236761, 107, 236761, 107, 236761, 107, 236761, 107, 236761, 107, 236761, 107, 236761, 107, 236761, 107, 236761, 107, 236761, 107, 236761, 107, 236761, 107, 236761, 107, 236761, 107, 236761, 107, 236761, 107, 236761, 107, 236761, 107, 236761, 107, 236761, 2678, 2678, 106]","[2209, 6544, 531, 91485, 506, 2678, 529, 914, 3392, 573, 496, 31929, 1385, 236761, 236743, 107, 236761, 107, 107, 236761, 107, 236761, 107, 236761, 107, 236761, 107, 236761, 107, 236761, 107, 236761, 107, 236761, 107, 236761, 107, 236761, 107, 236761, 107, 236761, 107, 236761, 107, 236761, 107, 236761, 107, 236761, 107, 236761, 107, 236761, 107, 236761, 107, 236761, 107, 236761, 107, 236761, 2678, 2678]",1,"[1, 106, 50]",106,1,True,True,"[3, 1]","He decided to shave the side of his face for a cleaner look. 
.

.
.
.
.
.
.
.
.
.
.
.
.
.
.
.
.
.
.
.
.
.
. side side",True,10227659776,12.967310764011927
047_common_gen_any_token_at_least_k_k3_t3,47,2,any_token_at_least_k,3,3,2,65,12,740,314449602,common_gen,47,0,common_gen:validation:450,0,bcbaa5503b7f5b94f6779e7bc478a7aebad64529d20e00479d59477d9d20f74e,fc0391e4544917ae3256008d137c161e5ee36e4392be74e3e714af82f34a4443,success,,512.0,512.0,512.0,False,,model_loaded,17.777408991998527,0.47466422902652994,0.26018286898033693,0.7348470980068669,0.7348470980068669,624,3121,52147,42693339,262144,"{""allowed_count"": 262120, ""expected_count"": 262120, ""missing_expected"": [], ""ok"": true, ""stop_token_ids"": [1, 50, 106], ""unexpected_allowed"": []}",3.299090960994363,xgrammar,2.719190106028691,3.5330726859974675,47,47,46,"[1882, 12535, 496, 63375, 11881, 1679, 506, 25465, 12406, 17918, 236761, 56674, 5157, 237768, 238582, 237474, 237800, 237611, 237957, 198265, 237622, 236924, 107, 1882, 12535, 496, 63375, 11881, 1679, 506, 25465, 12406, 17918, 236761, 107, 1882, 12535, 496, 63375, 11881, 1679, 506, 25465, 12406, 17918, 236761, 106]","[1882, 12535, 496, 63375, 11881, 1679, 506, 25465, 12406, 17918, 236761, 56674, 5157, 237768, 238582, 237474, 237800, 237611, 237957, 198265, 237622, 236924, 107, 1882, 12535, 496, 63375, 11881, 1679, 506, 25465, 12406, 17918, 236761, 107, 1882, 12535, 496, 63375, 11881, 1679, 506, 25465, 12406, 17918, 236761]",1,"[1, 106, 50]",106,1,True,False,"[3, 3, 3]","We enjoyed a thrilling ride down the steep bike slope.這裡可以口語化或更具畫面感。
We enjoyed a thrilling ride down the steep bike slope.
We enjoyed a thrilling ride down the steep bike slope.",True,10226512384,11.587232334015425
048_common_gen_any_token_at_least_k_k3_t4,48,3,any_token_at_least_k,3,4,2,65,15,925,233223876,common_gen,48,0,common_gen:validation:511,0,baa6faca03f1d5e39c5aba845e8a3c3399c8f27f8fc011a933f3be1b9c2b8064,802d88ecf07bcf22147c3fd639ebde33df4929501519c8e1639d7d00e82ae2cc,success,,512.0,512.0,512.0,False,,model_loaded,19.240658898022957,0.4771922379732132,0.35356220201356336,0.8307544399867766,0.8307544399867766,810,4832,80598,77128938,262144,"{""allowed_count"": 262120, ""expected_count"": 262120, ""missing_expected"": [], ""ok"": true, ""stop_token_ids"": [1, 50, 106], ""unexpected_allowed"": []}",3.4447611649520695,xgrammar,2.8468378949910402,4.385620218992699,50,65,64,"[818, 2434, 236789, 236751, 4155, 15568, 506, 11806, 5671, 236761, 167794, 15279, 107, 65682, 506, 1626, 13626, 573, 506, 2434, 1343, 506, 4155, 236789, 236751, 5671, 236761, 27242, 14992, 5000, 29538, 236761, 670, 236761, 540, 10705, 236761, 3041, 236761, 643, 236761, 29538, 236761, 14992, 236761, 5000, 236761, 8318, 236761, 29538, 236761, 14992, 236761, 5000, 236761, 8318, 236761, 29538, 236761, 14992, 236761, 5000, 236761, 5671, 106]","[818, 2434, 236789, 236751, 4155, 15568, 506, 11806, 5671, 236761, 167794, 15279, 107, 65682, 506, 1626, 13626, 573, 506, 2434, 1343, 506, 4155, 236789, 236751, 5671, 236761, 27242, 14992, 5000, 29538, 236761, 670, 236761, 540, 10705, 236761, 3041, 236761, 643, 236761, 29538, 236761, 14992, 236761, 5000, 236761, 8318, 236761, 29538, 236761, 14992, 236761, 5000, 236761, 8318, 236761, 29538, 236761, 14992, 236761, 5000, 236761, 5671]",1,"[1, 106, 50]",106,1,True,True,"[0, 3, 2, 2]","The team's player scored the winning goal. स्ट्राScore
represented the final victory for the team through the player's goal. Scoreteamplayergoal.ap.stroke.start.end.goal.team.player.score.goal.team.player.score.goal.team.player. goal",True,10228018688,12.822278427018318
049_common_gen_any_token_at_least_k_k3_t5,49,4,any_token_at_least_k,3,5,2,65,18,1110,787705423,common_gen,49,0,common_gen:validation:138,0,146dcc428067b26ecd32cd3fb8179b6d068614be4aa426c9c1008872d03113d1,e52110210fb6ad8044e9990a5dfbc8d4332d498206d85eb6759487d45296d1bf,success,,512.0,512.0,512.0,False,,model_loaded,19.541862640006002,0.5376291439752094,0.45606263499939814,0.9936917789746076,0.9936917789746076,996,6909,114857,124435396,262144,"{""allowed_count"": 262120, ""expected_count"": 262120, ""missing_expected"": [], ""ok"": true, ""stop_token_ids"": [1, 50, 106], ""unexpected_allowed"": []}",3.4714253849815577,xgrammar,2.7615976100205444,4.461749302980024,54,65,64,"[236777, 6956, 531, 3980, 506, 4771, 236764, 76151, 3121, 506, 167762, 531, 1386, 625, 3980, 236761, 236743, 107, 138, 107, 16907, 25864, 236772, 135778, 236786, 7166, 29357, 1913, 3305, 1657, 236787, 669, 2864, 19565, 573, 7121, 886, 13315, 1699, 784, 3755, 236761, 669, 3303, 5686, 6345, 8427, 732, 159779, 236761, 3792, 236789, 236751, 5330, 623, 2700, 743, 236775, 563, 14769, 13148, 2907, 236829, 3980, 106]","[236777, 6956, 531, 3980, 506, 4771, 236764, 76151, 3121, 506, 167762, 531, 1386, 625, 3980, 236761, 236743, 107, 138, 107, 16907, 25864, 236772, 135778, 236786, 7166, 29357, 1913, 3305, 1657, 236787, 669, 2864, 19565, 573, 7121, 886, 13315, 1699, 784, 3755, 236761, 669, 3303, 5686, 6345, 8427, 732, 159779, 236761, 3792, 236789, 236751, 5330, 623, 2700, 743, 236775, 563, 14769, 13148, 2907, 236829, 3980]",1,"[1, 106, 50]",106,1,True,True,"[3, 1, 0, 0, 1]","I tried to clean the window, brushing away the grime to make it clean. 
  
*(Self-Correction/Refinement during thought process: The request asks for exactly one sentence using all terms. The original attempt felt slightly clunky. Let's ensure ""cleans"" is naturally integrated.)* clean",True,10228305408,13.046379551989958
050_common_gen_any_token_at_least_k_k3_t6,50,5,any_token_at_least_k,3,6,2,65,21,1295,1795740898,common_gen,50,0,common_gen:validation:973,0,e20bf9e4e293982549496b8c77a6bdb8001a40406fd18366e0c2ef1798386c69,5d138183849a3dfb05d1f02135e6ee52c38f845c0e03bd20d5c814fdc7bcb8ed,success,,512.0,512.0,512.0,False,,model_loaded,19.499582085001748,0.5235255900188349,0.5703920759842731,1.093917666003108,1.093917666003108,1182,9352,154924,186237753,262144,"{""allowed_count"": 262120, ""expected_count"": 262120, ""missing_expected"": [], ""ok"": true, ""stop_token_ids"": [1, 50, 106], ""unexpected_allowed"": []}",3.4536132710054517,xgrammar,2.786034589051269,4.373024893982802,58,65,64,"[818, 91804, 15032, 657, 506, 6029, 529, 506, 7363, 236764, 44759, 506, 8827, 1651, 496, 1975, 691, 1076, 872, 14942, 236761, 236743, 107, 109481, 28275, 237170, 623, 239035, 239964, 236775, 63022, 29950, 130252, 16950, 241861, 237223, 42813, 10908, 101019, 141519, 240122, 7344, 64166, 4214, 16950, 125598, 42757, 87933, 192765, 71409, 237482, 39176, 46847, 34820, 14257, 108092, 24370, 61341, 236761, 6791, 12293, 522, 8827, 8827, 106]","[818, 91804, 15032, 657, 506, 6029, 529, 506, 7363, 236764, 44759, 506, 8827, 1651, 496, 1975, 691, 1076, 872, 14942, 236761, 236743, 107, 109481, 28275, 237170, 623, 239035, 239964, 236775, 63022, 29950, 130252, 16950, 241861, 237223, 42813, 10908, 101019, 141519, 240122, 7344, 64166, 4214, 16950, 125598, 42757, 87933, 192765, 71409, 237482, 39176, 46847, 34820, 14257, 108092, 24370, 61341, 236761, 6791, 12293, 522, 8827, 8827]",1,"[1, 106, 50]",106,1,True,True,"[1, 3, 1, 1, 0, 1]","The policeman stood at the middle of the street, directing the traffic while a stand was set up nearby. 
산업적으로는 ""직접""이라는 단어가 문맥에 따라 다르게 해석될 수 있어 이 문장에서 가장 자연스러운 의미를 살리는 데 중점을 두었습니다. (""directing traffic traffic",True,10228592128,13.005791549978312
051_common_gen_any_token_at_least_k_k3_t7,51,6,any_token_at_least_k,3,7,2,65,24,1480,811910745,common_gen,51,0,common_gen:validation:978,0,aa79d1c86c402e8ec990c2b967c3159461d4203492f94e23b5e170a59a13832a,caabf05785186879117ee1772f64ba472cc555bad5346a53d954b332fc935148,success,,512.0,512.0,512.0,False,,model_loaded,23.01627089997055,0.502579218999017,0.6967676080530509,1.199346827052068,1.199346827052068,1368,12161,200799,264161049,262144,"{""allowed_count"": 262120, ""expected_count"": 262120, ""missing_expected"": [], ""ok"": true, ""stop_token_ids"": [1, 50, 106], ""unexpected_allowed"": []}",3.466410960012581,xgrammar,2.6752993860282004,4.517607365036383,61,65,64,"[31458, 3846, 11890, 506, 8727, 1131, 506, 2197, 532, 1138, 506, 11018, 236764, 3043, 2889, 506, 33132, 659, 11325, 236761, 236743, 107, 169030, 236761, 236743, 107, 236772, 669, 13315, 2787, 563, 65373, 1805, 4338, 532, 6178, 784, 506, 3149, 4171, 528, 496, 3756, 236764, 50862, 8427, 41575, 236764, 1595, 236761, 107, 236772, 623, 141677, 236775, 563, 1456, 618, 496, 14177, 531, 9779, 8727, 8727, 106]","[31458, 3846, 11890, 506, 8727, 1131, 506, 2197, 532, 1138, 506, 11018, 236764, 3043, 2889, 506, 33132, 659, 11325, 236761, 236743, 107, 169030, 236761, 236743, 107, 236772, 669, 13315, 2787, 563, 65373, 1805, 4338, 532, 6178, 784, 506, 3149, 4171, 528, 496, 3756, 236764, 50862, 8427, 41575, 236764, 1595, 236761, 107, 236772, 623, 141677, 236775, 563, 1456, 618, 496, 14177, 531, 9779, 8727, 8727]",1,"[1, 106, 50]",106,1,True,True,"[1, 1, 1, 3, 1, 1, 0]","Carefully crack the egg into the pot and add the butter, making sure the cracks are visible. 
Behaviours. 
- The sentence above is grammatically correct and uses all the required words in a natural, albeit slightly descriptive, way.
- ""Crack"" is used as a verb to describe egg egg",True,10228807168,13.226067205017898
052_common_gen_any_token_at_least_k_k3_t8,52,7,any_token_at_least_k,3,8,2,65,27,1665,1041751815,common_gen,52,0,common_gen:validation:342,0,7fd752e082bef14518d8895c915fe84663e11906c372ae6d2f8ac7fe66f523eb,3fe19980db3dd24d4db1a54dcd31ee53c8799e80f8d35ac5f983778f929f1bc5,success,,512.0,512.0,512.0,False,,model_loaded,19.6207277100184,0.5295939590432681,0.8215745670022443,1.3511685260455124,1.3511685260455124,1554,15336,252482,359830324,262144,"{""allowed_count"": 262120, ""expected_count"": 262120, ""missing_expected"": [], ""ok"": true, ""stop_token_ids"": [1, 50, 106], ""unexpected_allowed"": []}",3.3792456859955564,xgrammar,2.6034869970171712,4.469501673011109,63,65,64,"[818, 6938, 3939, 531, 506, 29919, 1298, 668, 15026, 1679, 531, 6745, 236764, 1299, 69559, 5057, 586, 1651, 914, 5946, 69559, 532, 83180, 14942, 236761, 236743, 107, 2717, 107, 2717, 107, 1018, 135778, 236786, 7166, 29357, 2721, 580, 10346, 21183, 3671, 53121, 669, 11172, 7087, 808, 712, 236829, 9456, 4171, 236764, 840, 194024, 1091, 1131, 496, 3161, 808, 23014, 236764, 40137, 236829, 13315, 69559, 106]","[818, 6938, 3939, 531, 506, 29919, 1298, 668, 15026, 1679, 531, 6745, 236764, 1299, 69559, 5057, 586, 1651, 914, 5946, 69559, 532, 83180, 14942, 236761, 236743, 107, 2717, 107, 2717, 107, 1018, 135778, 236786, 7166, 29357, 2721, 580, 10346, 21183, 3671, 53121, 669, 11172, 7087, 808, 712, 236829, 9456, 4171, 236764, 840, 194024, 1091, 1131, 496, 3161, 808, 23014, 236764, 40137, 236829, 13315, 69559]",1,"[1, 106, 50]",106,1,True,True,"[0, 1, 1, 1, 3, 1, 1, 1]","The boy went to the couch where he laid down to sleep, then lays soundly while his mother lays and sleeps nearby. 
```
```
**Correction/Refinement based on strict constraint analysis:** The prompt requires *all* listed words, but chaining them into a single *natural, coherent* sentence lays",True,10228950528,13.135101589024998
053_common_gen_any_token_at_least_k_k3_t9,53,8,any_token_at_least_k,3,9,2,65,30,1850,706602038,common_gen,53,0,common_gen:validation:730,0,37d1f1ef5e27d85f60fa3f5c0a920272301f7c5012baa17a6a0f420a0a863307,5255ba6fc7b038f11e0871cac21147075853e7b7bb1bd36fbe1966959a778606,success,,512.0,512.0,512.0,False,,model_loaded,20.007993397011887,0.535213424009271,0.961735311022494,1.496948735031765,1.496948735031765,1740,18877,311682,474870618,262144,"{""allowed_count"": 262120, ""expected_count"": 262120, ""missing_expected"": [], ""ok"": true, ""stop_token_ids"": [1, 50, 106], ""unexpected_allowed"": []}",3.4653429680038244,xgrammar,2.7576298490166664,4.383661328989547,65,65,64,"[818, 12414, 964, 4710, 532, 5662, 3541, 506, 7642, 1813, 618, 901, 11536, 236761, 236743, 107, 2717, 107, 2717, 107, 177906, 25864, 236772, 135778, 236786, 7166, 29357, 7179, 1473, 1018, 669, 11172, 19565, 573, 808, 712, 236829, 14485, 236787, 11058, 66118, 827, 623, 4503, 827, 623, 7632, 827, 623, 21029, 827, 623, 5259, 827, 623, 85520, 827, 623, 24825, 827, 623, 37180, 3541, 3541, 106]","[818, 12414, 964, 4710, 532, 5662, 3541, 506, 7642, 1813, 618, 901, 11536, 236761, 236743, 107, 2717, 107, 2717, 107, 177906, 25864, 236772, 135778, 236786, 7166, 29357, 7179, 1473, 1018, 669, 11172, 19565, 573, 808, 712, 236829, 14485, 236787, 11058, 66118, 827, 623, 4503, 827, 623, 7632, 827, 623, 21029, 827, 623, 5259, 827, 623, 85520, 827, 623, 24825, 827, 623, 37180, 3541, 3541]",1,"[1, 106, 50]",106,1,True,True,"[1, 0, 1, 0, 1, 1, 1, 1, 3]","The dogs were running and playing near the beach water as they ran. 
```
```
**(Self-Correction/Refinement Check):** The prompt asks for *all* concepts: [""beach"", ""run"", ""water"", ""dog"", ""ran"", ""dogs"", ""running"", ""playing near near",True,10229097472,13.450023556011729
054_common_gen_any_token_at_least_k_k3_t10,54,9,any_token_at_least_k,3,10,2,65,33,2035,1733019061,common_gen,54,0,common_gen:validation:773,0,573ca9bf0c878392223367317a41504db6983ca57b2b99ff5beb2a0681633504,956f4cbea3bc2371c91f8ec88f0cbfede5d19f22de9bf9bdc12fc63fb75dde0b,success,,512.0,512.0,512.0,False,,model_loaded,20.363328297971748,0.5795300459722057,1.1200755069730803,1.699605552945286,1.699605552945286,1926,22784,377056,610906971,262144,"{""allowed_count"": 262120, ""expected_count"": 262120, ""missing_expected"": [], ""ok"": true, ""stop_token_ids"": [1, 50, 106], ""unexpected_allowed"": []}",3.3754978089709766,xgrammar,2.7212400989956222,4.492581417027395,68,65,64,"[818, 2587, 4799, 691, 4710, 3418, 506, 9917, 236764, 13418, 496, 4299, 528, 1061, 11203, 236761, 236745, 107, 107, 197, 107, 2717, 3723, 107, 236782, 107, 138, 236775, 54554, 1083, 623, 818, 2587, 4799, 691, 4710, 3418, 506, 9917, 236764, 13418, 496, 4299, 528, 1061, 11203, 1781, 107, 236783, 107, 2717, 107, 237141, 107, 1018, 135778, 25331, 53121, 669, 15633, 13315, 1921, 1161, 3418, 106]","[818, 2587, 4799, 691, 4710, 3418, 506, 9917, 236764, 13418, 496, 4299, 528, 1061, 11203, 236761, 236745, 107, 107, 197, 107, 2717, 3723, 107, 236782, 107, 138, 236775, 54554, 1083, 623, 818, 2587, 4799, 691, 4710, 3418, 506, 9917, 236764, 13418, 496, 4299, 528, 1061, 11203, 1781, 107, 236783, 107, 2717, 107, 237141, 107, 1018, 135778, 25331, 53121, 669, 15633, 13315, 1921, 1161, 3418]",1,"[1, 106, 50]",106,1,True,True,"[0, 2, 2, 2, 2, 0, 2, 2, 3, 2]","The full dog was running across the grass, carrying a ball in its mouth.t

</blockquote>
```json
{
  ""sentence"": ""The full dog was running across the grass, carrying a ball in its mouth.""
}
```
​
**Correction Notice:** The requested sentence must use across",True,10229591040,13.69412195699988
055_common_gen_any_token_at_least_k_k3_t11,55,10,any_token_at_least_k,3,11,2,65,36,2220,769030786,common_gen,55,0,common_gen:validation:163,0,ce3610d9210179e6e877a90e977afba22363ec496f6425e7436b511c6a846418,4dd014f86f60a7fb5c441b47549f721aba904415f2dbc5af8c6044ab196e7c02,success,,512.0,512.0,512.0,False,,model_loaded,21.47865698696114,0.5615128480130807,1.278597130032722,1.8401099780458026,1.8401099780458026,2112,27057,448607,769564423,262144,"{""allowed_count"": 262120, ""expected_count"": 262120, ""missing_expected"": [], ""ok"": true, ""stop_token_ids"": [1, 50, 106], ""unexpected_allowed"": []}",3.47556191298645,xgrammar,2.676840551022906,4.579928051971365,74,65,64,"[818, 9092, 1176, 531, 4491, 236764, 618, 506, 1919, 236789, 236751, 28166, 691, 44640, 531, 506, 6568, 528, 506, 32142, 18602, 236764, 532, 506, 10591, 1093, 1975, 993, 236761, 107, 166226, 237983, 237406, 236924, 231055, 236924, 237300, 107, 18892, 107, 45518, 107, 236770, 236761, 6568, 107, 236778, 236761, 28166, 107, 236800, 236761, 1975, 107, 236812, 236761, 18602, 107, 236810, 236761, 44640, 107, 236825, 6568, 106]","[818, 9092, 1176, 531, 4491, 236764, 618, 506, 1919, 236789, 236751, 28166, 691, 44640, 531, 506, 6568, 528, 506, 32142, 18602, 236764, 532, 506, 10591, 1093, 1975, 993, 236761, 107, 166226, 237983, 237406, 236924, 231055, 236924, 237300, 107, 18892, 107, 45518, 107, 236770, 236761, 6568, 107, 236778, 236761, 28166, 107, 236800, 236761, 1975, 107, 236812, 236761, 18602, 107, 236810, 236761, 44640, 107, 236825, 6568]",1,"[1, 106, 50]",106,1,True,True,"[3, 2, 2, 2, 2, 1, 1, 1, 1, 1, 1]","The doctor said to wait, as the child's tongue was sticking to the stick in the lobby anymore, and the bear would stand there.
線を引け。してきました。他
resources
thought
1. stick
2. tongue
3. stand
4. anymore
5. sticking
6 stick",True,10230667776,13.921915318001993
056_common_gen_any_token_at_least_k_k3_t12,56,11,any_token_at_least_k,3,12,2,65,39,2405,1602948389,common_gen,56,0,common_gen:validation:800,0,3b79aeb58c01c4b79afd777b5b0723ee9bacbeefbd2b219f9dd8f4ac1dbea19b,3f630e9e294de5dd93b0c96f48e5ba5edc347a1f05d9c116526982d6ce8b08a6,success,,512.0,512.0,512.0,False,,model_loaded,21.4292978720041,0.568018103018403,1.4906580799724907,2.0586761829908937,2.0586761829908937,2298,31696,526332,952468014,262144,"{""allowed_count"": 262120, ""expected_count"": 262120, ""missing_expected"": [], ""ok"": true, ""stop_token_ids"": [1, 50, 106], ""unexpected_allowed"": []}",3.429733142023906,xgrammar,2.642713023000397,4.452594530011993,75,65,64,"[6259, 668, 38965, 914, 12406, 532, 2247, 580, 914, 30783, 236764, 668, 2506, 506, 33574, 668, 4354, 531, 8785, 1651, 668, 38965, 573, 914, 4762, 236789, 236751, 33249, 236761, 236743, 107, 138, 107, 16907, 25864, 236772, 135778, 236786, 30852, 236787, 669, 15166, 659, 8573, 29455, 573, 496, 3756, 13315, 236761, 669, 15633, 4171, 659, 236787, 623, 4263, 827, 623, 18123, 827, 623, 17634, 38965, 106]","[6259, 668, 38965, 914, 12406, 532, 2247, 580, 914, 30783, 236764, 668, 2506, 506, 33574, 668, 4354, 531, 8785, 1651, 668, 38965, 573, 914, 4762, 236789, 236751, 33249, 236761, 236743, 107, 138, 107, 16907, 25864, 236772, 135778, 236786, 30852, 236787, 669, 15166, 659, 8573, 29455, 573, 496, 3756, 13315, 236761, 669, 15633, 4171, 659, 236787, 623, 4263, 827, 623, 18123, 827, 623, 17634, 38965]",1,"[1, 106, 50]",106,1,True,True,"[0, 0, 1, 1, 1, 3, 0, 1, 1, 1, 0, 1]","After he rode his bike and put on his helmet, he got the shirts he needed to wear while he rode for his store's rides. 
  
*(Self-Correction/Review: The constraints are extremely demanding for a natural sentence. The requested words are: ""ride"", ""shirt"", ""wear rode",True,10230846976,13.932346858025994
057_common_gen_any_token_at_least_k_k3_t13,57,12,any_token_at_least_k,3,13,2,65,42,2590,1976454131,common_gen,57,0,common_gen:validation:909,0,0af4d1e328989d8d1607d8a7dd843e115dcd22c0a9ab9a20c5208f1d8c467408,0356429eef76f774318364dc12fe5bf8db45fd543dac11e8aff8ee56eb41001e,success,,512.0,512.0,512.0,False,,model_loaded,22.098857445002068,0.6121781599940732,1.6572706919978373,2.2694488519919105,2.2694488519919105,2484,36701,610231,1161242784,262144,"{""allowed_count"": 262120, ""expected_count"": 262120, ""missing_expected"": [], ""ok"": true, ""stop_token_ids"": [1, 50, 106], ""unexpected_allowed"": []}",4.055476784007624,xgrammar,2.738311134977266,4.519151336979121,79,65,64,"[220430, 2295, 236764, 506, 1758, 93905, 3075, 580, 506, 3645, 5552, 236764, 10438, 684, 506, 4252, 531, 506, 9998, 236764, 618, 506, 1589, 93905, 236761, 107, 3673, 236761, 107, 34622, 236761, 107, 2064, 236761, 107, 163098, 236761, 107, 553, 38847, 236761, 107, 21130, 236761, 107, 115094, 236761, 107, 1734, 3473, 236761, 107, 746, 74045, 236761, 107, 553, 21130, 236761, 107, 69007, 1522, 236761, 93905, 106]","[220430, 2295, 236764, 506, 1758, 93905, 3075, 580, 506, 3645, 5552, 236764, 10438, 684, 506, 4252, 531, 506, 9998, 236764, 618, 506, 1589, 93905, 236761, 107, 3673, 236761, 107, 34622, 236761, 107, 2064, 236761, 107, 163098, 236761, 107, 553, 38847, 236761, 107, 21130, 236761, 107, 115094, 236761, 107, 1734, 3473, 236761, 107, 746, 74045, 236761, 107, 553, 21130, 236761, 107, 69007, 1522, 236761, 93905]",1,"[1, 106, 50]",106,1,True,True,"[0, 1, 1, 1, 1, 0, 3, 0, 0, 1, 1, 1, 1]","Passionately, the men danced together on the front stage, joined by the music to the audience, as the person danced.
 box.
complex.
action.
passive.
adjective.
verb.
noun.
preposition.
conjunction.
adverb.
pronoun. danced",True,10231567872,14.958865429041907
058_common_gen_any_token_at_least_k_k3_t14,58,13,any_token_at_least_k,3,14,2,65,45,2775,2080991682,common_gen,58,0,common_gen:validation:207,0,390d980777e2ba37a98617a8b6cc1a0adebad5645d1dbfd902369a69d3a37349,3e268ab5358cec16b959308711b6a4a1a39821989def192d401215e56352d032,success,,512.0,512.0,512.0,False,,model_loaded,21.748384865000844,0.710486555006355,1.9097529019927606,2.6202394569991156,2.6202394569991156,2670,42072,700304,1397513773,262144,"{""allowed_count"": 262120, ""expected_count"": 262120, ""missing_expected"": [], ""ok"": true, ""stop_token_ids"": [1, 50, 106], ""unexpected_allowed"": []}",3.232779785001185,xgrammar,2.772870271001011,4.571451937023085,81,65,64,"[2825, 888, 1526, 4247, 506, 7116, 9537, 236764, 3043, 506, 3953, 2768, 506, 86625, 528, 506, 28905, 236761, 222649, 107, 132251, 236787, 181590, 1526, 4247, 506, 7116, 9537, 236764, 3043, 506, 3953, 2768, 506, 86625, 528, 506, 28905, 236761, 568, 236773, 3223, 586, 12269, 573, 2480, 2727, 528, 5422, 1651, 44257, 784, 4820, 769, 108, 1018, 34318, 524, 236764, 3161, 236764, 3756, 13315, 1526, 106]","[2825, 888, 1526, 4247, 506, 7116, 9537, 236764, 3043, 506, 3953, 2768, 506, 86625, 528, 506, 28905, 236761, 222649, 107, 132251, 236787, 181590, 1526, 4247, 506, 7116, 9537, 236764, 3043, 506, 3953, 2768, 506, 86625, 528, 506, 28905, 236761, 568, 236773, 3223, 586, 12269, 573, 2480, 2727, 528, 5422, 1651, 44257, 784, 4820, 769, 108, 1018, 34318, 524, 236764, 3161, 236764, 3756, 13315, 1526]",1,"[1, 106, 50]",106,1,True,True,"[0, 2, 3, 2, 0, 0, 2, 2, 0, 2, 0, 0, 0, 2]","Whose hand held the wooden bat, making the girl hold the suspense in the woods. تردد
转换为: Whose hand held the wooden bat, making the girl hold the suspense in the woods. (Slightly modified for better flow in English while retaining all elements).

**Corrected, single, natural sentence hand",True,10231928832,14.592857929004822
059_common_gen_any_token_at_least_k_k3_t15,59,14,any_token_at_least_k,3,15,2,65,48,2960,1841475802,common_gen,59,0,common_gen:validation:676,0,cfa50925efe13f03799f5a47774420b17f9adf8b121346455d858d9cf5736109,a693ab5aed14f5433cb6f307eef3e8b96561020946c9f348e5f2b3bb457dda3f,success,,512.0,512.0,512.0,False,,model_loaded,22.001395713014062,0.6178640419966541,2.138610143039841,2.7564741850364953,2.7564741850364953,2856,47809,796551,1662906021,262144,"{""allowed_count"": 262120, ""expected_count"": 262120, ""missing_expected"": [], ""ok"": true, ""stop_token_ids"": [1, 50, 106], ""unexpected_allowed"": []}",3.6003438950283453,xgrammar,2.639894155028742,4.544246056000702,88,65,64,"[5778, 2838, 236764, 9922, 496, 30783, 236764, 532, 4173, 1217, 1304, 68121, 529, 18683, 80020, 1651, 506, 21136, 880, 15205, 914, 2255, 88794, 580, 914, 1063, 236764, 1298, 668, 1456, 531, 11881, 80020, 236761, 107, 56187, 236779, 7018, 236779, 7676, 236779, 236824, 38536, 236779, 118138, 1565, 20520, 236779, 236770, 236819, 236810, 236771, 236779, 236832, 236832, 236771, 236825, 236832, 236810, 236810, 236825, 236832, 236778, 80020, 106]","[5778, 2838, 236764, 9922, 496, 30783, 236764, 532, 4173, 1217, 1304, 68121, 529, 18683, 80020, 1651, 506, 21136, 880, 15205, 914, 2255, 88794, 580, 914, 1063, 236764, 1298, 668, 1456, 531, 11881, 80020, 236761, 107, 56187, 236779, 7018, 236779, 7676, 236779, 236824, 38536, 236779, 118138, 1565, 20520, 236779, 236770, 236819, 236810, 236771, 236779, 236832, 236832, 236771, 236825, 236832, 236810, 236810, 236825, 236832, 236778, 80020]",1,"[1, 106, 50]",106,1,True,True,"[0, 1, 0, 0, 1, 0, 1, 1, 1, 1, 1, 0, 1, 1, 3]","She sat, wearing a helmet, and told how she dreamed of riding motorcycles while the retired man displayed his old helmets on his back, where he used to ride motorcycles.
ISON_NO_OK_WKT_PENALTY_1950_7706755672 motorcycles",True,10233193472,14.99085581896361
060_common_gen_exactly_once_kna_t1,60,0,exactly_once,,1,2,65,3,254,416014672,common_gen,60,0,common_gen:validation:248,0,21aa70b109994d707087f2697082408cd15ad210bdf8512702d02e0425cf8cb5,655264008358ae43398c7c56ffd4618f26d560c530c6194836f066b219b1e713,success,,512.0,512.0,512.0,False,,model_loaded,16.13114991603652,0.4342984959948808,0.05110784905264154,0.48540634504752234,0.48540634504752234,132,380,6234,1529977,262144,"{""allowed_count"": 262120, ""expected_count"": 262120, ""missing_expected"": [], ""ok"": true, ""stop_token_ids"": [1, 50, 106], ""unexpected_allowed"": []}",3.458236651029438,xgrammar,2.5630252530099824,1.7347343289875425,41,13,12,"[236777, 1133, 531, 4526, 506, 14711, 699, 1041, 38957, 1418, 9137, 236761, 106]","[236777, 1133, 531, 4526, 506, 14711, 699, 1041, 38957, 1418, 9137, 236761]",1,"[1, 106, 50]",106,1,True,False,[1],I like to watch the sunset from my balcony every evening.,True,10224791040,9.597303695976734
061_common_gen_exactly_once_kna_t2,61,1,exactly_once,,2,2,65,6,381,646475569,common_gen,61,0,common_gen:validation:899,0,74a0766df5f4586f74f6c1c2b5384240c022e824d9735dc2c1c21bdc7b27cd9b,fc4a513394bcad33a5584497a818a0ca89134cdead4c5aa74320e3a5db6d3e2a,success,,512.0,512.0,512.0,False,,model_loaded,16.441034854971804,0.5038311390089802,0.10202017397386953,0.6058513129828498,0.6058513129828498,260,1012,16145,6324427,262144,"{""allowed_count"": 262120, ""expected_count"": 262120, ""missing_expected"": [], ""ok"": true, ""stop_token_ids"": [1, 50, 106], ""unexpected_allowed"": []}",3.443267968017608,xgrammar,2.6767249800032005,1.7766211840207689,44,12,11,"[2209, 1456, 496, 14658, 21171, 531, 13058, 3463, 506, 6568, 236761, 106]","[2209, 1456, 496, 14658, 21171, 531, 13058, 3463, 506, 6568, 236761]",1,"[1, 106, 50]",106,1,True,False,"[1, 1]",He used a sharp knife to carefully cut the stick.,True,10225319936,9.89948971796548
062_common_gen_exactly_once_kna_t3,62,2,exactly_once,,3,2,65,8,508,602052025,common_gen,62,0,common_gen:validation:478,0,a2eb7a91e98a5c5585f5ab3d78c7f6fac33fb789172e60c94668d5cc9ff6a123,e60439546454fdee941c08d426d5b2df3bb3ac2db7c9207a64c5016e0a853b97,success,,512.0,512.0,512.0,False,,model_loaded,16.237148704996798,0.45415575202787295,0.15805444499710575,0.6122101970249787,0.6122101970249787,388,1896,29802,15152648,262144,"{""allowed_count"": 262120, ""expected_count"": 262120, ""missing_expected"": [], ""ok"": true, ""stop_token_ids"": [1, 50, 106], ""unexpected_allowed"": []}",3.373878460028209,xgrammar,2.74112616997445,1.7186228899518028,47,12,11,"[818, 4918, 6657, 580, 506, 3645, 1975, 529, 506, 5552, 236761, 106]","[818, 4918, 6657, 580, 506, 3645, 1975, 529, 506, 5552, 236761]",1,"[1, 106, 50]",106,1,True,False,"[1, 1, 1]",The band played on the front stand of the stage.,True,10225850880,9.753887753002346
063_common_gen_exactly_once_kna_t4,63,3,exactly_once,,4,2,65,10,635,517028796,common_gen,63,0,common_gen:validation:900,0,dc8c53f8a60d3fc7fd72530d5e441c986dc99c24eae67a998fb423f095500777,0dc09bd0ee438c95935fb381862c9419bad45281249f9f4098d62d1d762437fc,success,,512.0,512.0,512.0,False,,model_loaded,20.07930205098819,0.44698604301083833,0.2155909159919247,0.662576959002763,0.662576959002763,516,3032,47205,28782736,262144,"{""allowed_count"": 262120, ""expected_count"": 262120, ""missing_expected"": [], ""ok"": true, ""stop_token_ids"": [1, 50, 106], ""unexpected_allowed"": []}",3.420259653008543,xgrammar,2.6937109419959597,2.100198788975831,50,19,18,"[1882, 3721, 496, 1440, 3727, 3008, 506, 10565, 2479, 236764, 118839, 506, 19282, 1695, 529, 506, 23844, 236761, 106]","[1882, 3721, 496, 1440, 3727, 3008, 506, 10565, 2479, 236764, 118839, 506, 19282, 1695, 529, 506, 23844, 236761]",1,"[1, 106, 50]",106,1,True,False,"[0, 1, 1, 1]","We took a long walk along the mountain path, admiring the stunning background of the valley.",True,10226381824,10.231507021002471
064_common_gen_exactly_once_kna_t5,64,4,exactly_once,,5,2,65,12,762,487164686,common_gen,64,0,common_gen:validation:206,0,c74d6453b775d16e4ab6c9684411efd8166c0ad0a5e112b92a654814144a5e79,57664f1a42aa3fcd0f0a44a00de44971b572262bb1c43038a08768dfa4f65f0b,success,,512.0,512.0,512.0,False,,model_loaded,17.575758724007756,0.5263163159834221,0.2835874779848382,0.8099037939682603,0.8099037939682603,644,4420,69301,47982787,262144,"{""allowed_count"": 262120, ""expected_count"": 262120, ""missing_expected"": [], ""ok"": true, ""stop_token_ids"": [1, 50, 106], ""unexpected_allowed"": []}",3.3772419210290536,xgrammar,2.8372729389811866,1.8456240739906207,55,14,13,"[4754, 8126, 3210, 657, 506, 7642, 563, 5662, 59919, 528, 496, 60853, 236761, 106]","[4754, 8126, 3210, 657, 506, 7642, 563, 5662, 59919, 528, 496, 60853, 236761]",1,"[1, 106, 50]",106,1,True,False,"[1, 1, 1, 1, 1]",My favorite thing at the beach is playing volleyball in a bikini.,True,10227269120,10.253686286043376
065_common_gen_exactly_once_kna_t6,65,5,exactly_once,,6,2,65,14,889,1890148514,common_gen,65,0,common_gen:validation:395,0,b39172dc46b93e66b5dc96c8727ed9ed2697feeb024b0a77d47dcae883a43ec1,09b779f82cc08fbe21acad33ee01fd979b7bfd68c16af80f338064cd80836683,success,,512.0,512.0,512.0,False,,model_loaded,17.133128030982334,0.5380922080366872,0.3536154499743134,0.8917076580110006,0.8917076580110006,772,6060,95395,73520897,262144,"{""allowed_count"": 262120, ""expected_count"": 262120, ""missing_expected"": [], ""ok"": true, ""stop_token_ids"": [1, 50, 106], ""unexpected_allowed"": []}",3.473501905973535,xgrammar,2.92909295699792,1.947498080029618,57,16,15,"[236777, 6976, 657, 506, 57731, 33249, 872, 506, 17971, 532, 3305, 901, 6976, 2480, 236761, 106]","[236777, 6976, 657, 506, 57731, 33249, 872, 506, 17971, 532, 3305, 901, 6976, 2480, 236761]",1,"[1, 106, 50]",106,1,True,False,"[0, 1, 1, 1, 2, 1]",I looked at the scooter rides up the hill and thought they looked better.,True,10227624960,10.602780948975123
066_common_gen_exactly_once_kna_t7,66,6,exactly_once,,7,2,65,16,1016,148789456,common_gen,66,0,common_gen:validation:597,0,0ac7f205ce58fd43fd2a799f2ae32e728de56e5b8be014659354068ae66ad82d,aebb0a0ce465b8061d553ceaab4198e7d72fa703dfe273a397b93b506d86081c,success,,512.0,512.0,512.0,False,,model_loaded,16.580052717996296,0.5055940820020624,0.42431370000122115,0.9299077820032835,0.9299077820032835,900,7952,125487,106165162,262144,"{""allowed_count"": 262120, ""expected_count"": 262120, ""missing_expected"": [], ""ok"": true, ""stop_token_ids"": [1, 50, 106], ""unexpected_allowed"": []}",3.200048141996376,xgrammar,2.743230402993504,2.178090612986125,61,21,20,"[818, 10317, 30524, 5934, 580, 1546, 23670, 236764, 1526, 236764, 532, 3998, 236764, 607, 12457, 156784, 28307, 506, 50571, 236761, 106]","[818, 10317, 30524, 5934, 580, 1546, 23670, 236764, 1526, 236764, 532, 3998, 236764, 607, 12457, 156784, 28307, 506, 50571, 236761]",1,"[1, 106, 50]",106,1,True,False,"[1, 1, 1, 1, 1, 1, 1]","The focused massage worked on each toe, hand, and foot, with repeated massages targeting the toes.",True,10228337664,10.341581561951898
067_common_gen_exactly_once_kna_t8,67,7,exactly_once,,8,2,65,18,1143,1089310040,common_gen,67,0,common_gen:validation:877,0,6ccf249646e407a39f1c44d43bd296f6043763e8682a95790366f68579d6ed5b,6c9c7de6a903da4c59884a00aa4af1c9d882f5aa2657809c8e2f0dc3a2e98c1e,success,,512.0,512.0,512.0,False,,model_loaded,17.186333306017332,0.48522750101983547,0.5141712569748051,0.9993987579946406,0.9993987579946406,1028,10096,159577,146683678,262144,"{""allowed_count"": 262120, ""expected_count"": 262120, ""missing_expected"": [], ""ok"": true, ""stop_token_ids"": [1, 50, 106], ""unexpected_allowed"": []}",3.5847980269463733,xgrammar,2.7170281130238436,2.0581817429629155,63,18,17,"[818, 4799, 15032, 236764, 11203, 1932, 236764, 618, 506, 8001, 32694, 1024, 506, 22295, 1651, 22227, 236761, 106]","[818, 4799, 15032, 236764, 11203, 1932, 236764, 618, 506, 8001, 32694, 1024, 506, 22295, 1651, 22227, 236761]",1,"[1, 106, 50]",106,1,True,False,"[1, 1, 0, 1, 1, 1, 1, 1]","The dog stood, mouth open, as the bird jumped over the fence while hunting.",True,10228695040,10.705530822044238
068_common_gen_exactly_once_kna_t9,68,8,exactly_once,,9,2,65,20,1270,1146107903,common_gen,68,0,common_gen:validation:316,0,d488f7d029acc2b0404a064bdb280f5d63fc5b88b38ed94458c38799c37ebfc2,83fe92f4a51989be2ac3890dbad0b0f3cf4935491974817580510dce0a2f4183,success,,512.0,512.0,512.0,False,,model_loaded,17.358551235985942,0.5359681599657051,0.5988677989807911,1.1348359589464962,1.1348359589464962,1156,12492,198800,195844541,262144,"{""allowed_count"": 262120, ""expected_count"": 262120, ""missing_expected"": [], ""ok"": true, ""stop_token_ids"": [1, 50, 106], ""unexpected_allowed"": []}",3.547655246045906,xgrammar,2.674108649021946,2.207802605989855,68,21,20,"[119865, 580, 506, 5441, 236764, 668, 54264, 506, 31840, 236764, 29967, 506, 3549, 236764, 532, 15032, 993, 1651, 29967, 236761, 106]","[119865, 580, 506, 5441, 236764, 668, 54264, 506, 31840, 236764, 29967, 506, 3549, 236764, 532, 15032, 993, 1651, 29967, 236761]",1,"[1, 106, 50]",106,1,True,False,"[1, 0, 0, 1, 1, 1, 2, 1, 0]","Standing on the rock, he climbed the ladder, climbing the wall, and stood there while climbing.",True,10229591040,11.05515526002273
069_common_gen_exactly_once_kna_t10,69,9,exactly_once,,10,2,65,22,1397,887465423,common_gen,69,0,common_gen:validation:675,0,2c34b5b1f9f815ae85e4e47047bd99daa152530c8856e9b5e6fdb0bf2777f708,f2f9f972c852a4beec307b43f316ecd81716d7cedcbcec64c5365b2b68d31bb1,success,,512.0,512.0,512.0,False,,model_loaded,17.828975879005156,0.5202882240409963,0.6871351239969954,1.2074233480379917,1.2074233480379917,1284,15140,242273,254415847,262144,"{""allowed_count"": 262120, ""expected_count"": 262120, ""missing_expected"": [], ""ok"": true, ""stop_token_ids"": [1, 50, 106], ""unexpected_allowed"": []}",3.336394382000435,xgrammar,2.722803228010889,2.3390887739951722,68,20,19,"[2209, 15032, 657, 506, 1757, 236764, 27553, 506, 4299, 607, 496, 6185, 6184, 600, 12489, 8797, 506, 11406, 236761, 106]","[2209, 15032, 657, 506, 1757, 236764, 27553, 506, 4299, 607, 496, 6185, 6184, 600, 12489, 8797, 506, 11406, 236761]",1,"[1, 106, 50]",106,1,True,False,"[0, 1, 1, 0, 1, 1, 0, 1, 1, 1]","He stood at the line, throwing the ball with a determined throw that moves toward the basket.",True,10229591040,11.021630245028064
070_common_gen_exactly_once_kna_t11,70,10,exactly_once,,11,2,65,24,1524,1603901595,common_gen,70,0,common_gen:validation:744,0,cab4b87b14dc4a464bb5e9915a33dd59a3957877768360c7b3e14b696da1f99a,ebc94c49e3d2b721fbc8298a1494ed99cb5b22ac3cd850321f55732116fdf797,success,,512.0,512.0,512.0,False,,model_loaded,17.55853630998172,0.5481440889998339,0.8097599209868349,1.3579040099866688,1.3579040099866688,1412,18040,289934,323165692,262144,"{""allowed_count"": 262120, ""expected_count"": 262120, ""missing_expected"": [], ""ok"": true, ""stop_token_ids"": [1, 50, 106], ""unexpected_allowed"": []}",3.302092607016675,xgrammar,2.6667734509683214,2.320751413004473,71,23,22,"[818, 8123, 12535, 18683, 506, 11149, 607, 496, 6568, 531, 5524, 506, 4299, 1913, 506, 41629, 4241, 236764, 3187, 33249, 16737, 236761, 106]","[818, 8123, 12535, 18683, 506, 11149, 607, 496, 6568, 531, 5524, 506, 4299, 1913, 506, 41629, 4241, 236764, 3187, 33249, 16737, 236761]",1,"[1, 106, 50]",106,1,True,False,"[1, 1, 1, 0, 1, 1, 1, 1, 1, 1, 1]","The owner enjoyed riding the horse with a stick to hit the ball during the polo match, often rides hits.",True,10230129152,10.9378646860132
071_common_gen_exactly_once_kna_t12,71,11,exactly_once,,12,2,65,26,1651,1294496675,common_gen,71,0,common_gen:validation:863,0,4b677add50a1963a966e4987520f72545a6cf02e6a506e6b9dfb0507f4f9d90c,911a207b6fb2e207ef684bfff791495eab6f5452d06f0c94b8e5e68d15c6294d,success,,512.0,512.0,512.0,False,,model_loaded,17.84189741202863,0.5127157150418498,0.890307420049794,1.4030231350916438,1.4030231350916438,1540,21192,341845,402862172,262144,"{""allowed_count"": 262120, ""expected_count"": 262120, ""missing_expected"": [], ""ok"": true, ""stop_token_ids"": [1, 50, 106], ""unexpected_allowed"": []}",3.450845393992495,xgrammar,2.7129841269925237,2.450569843989797,79,26,25,"[3497, 78485, 236764, 506, 5866, 54264, 506, 25516, 236764, 9160, 506, 4299, 236764, 532, 49261, 625, 528, 1900, 618, 506, 2634, 6208, 506, 29967, 236761, 106]","[3497, 78485, 236764, 506, 5866, 54264, 506, 25516, 236764, 9160, 506, 4299, 236764, 532, 49261, 625, 528, 1900, 618, 506, 2634, 6208, 506, 29967, 236761]",1,"[1, 106, 50]",106,1,True,False,"[1, 0, 1, 1, 0, 1, 1, 0, 1, 1, 1, 1]","With agility, the cat climbed the rope, throws the ball, and catches it in order as the air allowed the climbing.",True,10231567872,11.34174228401389
072_common_gen_exactly_once_kna_t13,72,12,exactly_once,,13,2,65,28,1778,1229933557,common_gen,72,0,common_gen:validation:825,0,5e1ade0389444cfaf73b3d7c9ee95d5f70686ceec5217f301380f2c594929c75,9cf1162fad3d10ea20a4e8897f46179980ea6aba3b588e21543b3d8f8b38ecbf,success,,512.0,512.0,512.0,False,,model_loaded,18.413452812004834,0.5751398479915224,1.0087505439878441,1.5838903919793665,1.5838903919793665,1668,24596,398006,494273383,262144,"{""allowed_count"": 262120, ""expected_count"": 262120, ""missing_expected"": [], ""ok"": true, ""stop_token_ids"": [1, 50, 106], ""unexpected_allowed"": []}",3.4876973049831577,xgrammar,2.669989139016252,2.623050354013685,78,29,28,"[818, 6938, 9160, 10163, 529, 5662, 8651, 8990, 506, 2633, 236764, 126652, 614, 4188, 236764, 532, 1299, 9160, 506, 9866, 4852, 8797, 506, 5232, 618, 668, 126652, 236761, 106]","[818, 6938, 9160, 10163, 529, 5662, 8651, 8990, 506, 2633, 236764, 126652, 614, 4188, 236764, 532, 1299, 9160, 506, 9866, 4852, 8797, 506, 5232, 618, 668, 126652, 236761]",1,"[1, 106, 50]",106,1,True,False,"[0, 0, 1, 1, 0, 2, 1, 2, 1, 0, 1, 1, 1]","The boy throws lots of playing cards onto the table, knocks an item, and then throws the remaining items toward the door as he knocks.",True,10231387648,11.693990482017398
073_common_gen_exactly_once_kna_t14,73,13,exactly_once,,14,2,65,30,1905,1110274429,common_gen,73,0,common_gen:validation:549,0,157ba6a37c930379debbe3f0e9a5410f5fbb5c7b9ca87a8c97ecfb05c10093a3,74b2f9a0f9dd3d697d04904ddaa3b6f66ab93a1457645b7b250a7b619776f9a5,success,,512.0,512.0,512.0,False,,model_loaded,18.264026373974048,0.5437202249886468,1.1454899329692125,1.6892101579578593,1.6892101579578593,1796,28252,458417,598167421,262144,"{""allowed_count"": 262120, ""expected_count"": 262120, ""missing_expected"": [], ""ok"": true, ""stop_token_ids"": [1, 50, 106], ""unexpected_allowed"": []}",3.403018773999065,xgrammar,2.6978529680054635,2.4196076579974033,82,25,24,"[818, 9800, 13646, 506, 2803, 40143, 529, 496, 41670, 8334, 6347, 236764, 6807, 506, 6938, 4888, 1217, 506, 69468, 4691, 2342, 1607, 6666, 236761, 106]","[818, 9800, 13646, 506, 2803, 40143, 529, 496, 41670, 8334, 6347, 236764, 6807, 506, 6938, 4888, 1217, 506, 69468, 4691, 2342, 1607, 6666, 236761]",1,"[1, 106, 50]",106,1,True,False,"[0, 1, 1, 1, 1, 1, 1, 0, 1, 1, 1, 1, 1, 1]","The teacher demonstrated the special folding of a cardboard shirt piece, showing the boy inside how the folds fit against different places.",True,10232109056,11.588540591008496
074_common_gen_exactly_once_kna_t15,74,14,exactly_once,,15,2,65,32,2032,646630876,common_gen,74,0,common_gen:validation:781,0,4c9d67c1f4511ce1b854e6e02c37327bfb0960ef548d5da3baace6ebe4e768ad,52a5819f3fdcb53070499d792de77dba2f44e4fe898716f266c71c62cf6a6611,success,,512.0,512.0,512.0,False,,model_loaded,18.72230586700607,0.5549130269791931,1.266476851014886,1.8213898779940791,1.8213898779940791,1924,32160,523078,715312382,262144,"{""allowed_count"": 262120, ""expected_count"": 262120, ""missing_expected"": [], ""ok"": true, ""stop_token_ids"": [1, 50, 106], ""unexpected_allowed"": []}",3.3899272169801407,xgrammar,2.703634223958943,2.729662720055785,83,31,30,"[818, 6938, 236764, 496, 880, 236764, 5508, 531, 2768, 886, 3733, 699, 506, 12377, 236764, 104907, 506, 8651, 532, 26206, 506, 3493, 8651, 531, 506, 1589, 7046, 506, 1526, 236761, 106]","[818, 6938, 236764, 496, 880, 236764, 5508, 531, 2768, 886, 3733, 699, 506, 12377, 236764, 104907, 506, 8651, 532, 26206, 506, 3493, 8651, 531, 506, 1589, 7046, 506, 1526, 236761]",1,"[1, 106, 50]",106,1,True,False,"[0, 1, 1, 1, 1, 0, 2, 1, 0, 1, 1, 1, 1, 1, 1]","The boy, a man, ready to hold one card from the deck, shuffled the cards and dealt the five cards to the person holding the hand.",True,10232289280,11.998342568986118
075_common_gen_exactly_once_kna_t16,75,15,exactly_once,,16,2,65,34,2159,408820454,common_gen,75,0,common_gen:validation:912,0,935fe531f0e00b2eee17f75478541e83d75c1cbb863f6d66ccc61ce643eb58e9,5f8148308b9b3b3a8404e2fa5040a3e7316082202d196a6aa881c78e0421a088,success,,512.0,512.0,512.0,False,,model_loaded,18.725123442010954,0.5876854539965279,1.4023140590288676,1.9899995130253956,1.9899995130253956,2052,36320,591989,846476362,262144,"{""allowed_count"": 262120, ""expected_count"": 262120, ""missing_expected"": [], ""ok"": true, ""stop_token_ids"": [1, 50, 106], ""unexpected_allowed"": []}",3.66238118003821,xgrammar,2.691210525983479,2.3632394240121357,89,24,23,"[818, 3953, 236789, 236751, 21323, 16972, 531, 73086, 12724, 784, 506, 15337, 9097, 8990, 506, 6413, 1651, 8116, 5418, 27553, 496, 6347, 236761, 106]","[818, 3953, 236789, 236751, 21323, 16972, 531, 73086, 12724, 784, 506, 15337, 9097, 8990, 506, 6413, 1651, 8116, 5418, 27553, 496, 6347, 236761]",1,"[1, 106, 50]",106,1,True,False,"[0, 1, 1, 1, 1, 1, 1, 0, 0, 0, 1, 1, 1, 1, 1, 1]",The girl's attempted attempts to neatly fold all the clothing pieces onto the floor while sitting involved throwing a piece.,True,10233375232,12.06305744801648
076_common_gen_exactly_once_kna_t17,76,16,exactly_once,,17,2,65,36,2286,1260374623,common_gen,76,0,common_gen:validation:122,0,cee5f504a36ac4ba1a0a23586383689a323bda62fac56e108e1033c5cf4be2f4,3d85d6ac5140bccc283de4a81f978e14dd6224562e085805de93d1136ecbcfa4,success,,512.0,512.0,512.0,False,,model_loaded,19.430479740025476,0.5768473490024917,1.5412714220001362,2.118118771002628,2.118118771002628,2180,40732,665150,992427457,262144,"{""allowed_count"": 262120, ""expected_count"": 262120, ""missing_expected"": [], ""ok"": true, ""stop_token_ids"": [1, 50, 106], ""unexpected_allowed"": []}",3.805514374980703,xgrammar,2.744339224998839,2.8688235419685952,93,34,33,"[818, 2268, 6938, 19061, 2264, 2268, 6938, 91485, 914, 14897, 236764, 532, 506, 96171, 236789, 236751, 4526, 11561, 8990, 914, 5946, 236789, 236751, 5324, 618, 668, 1053, 119419, 506, 47366, 236789, 5324, 236761, 106]","[818, 2268, 6938, 19061, 2264, 2268, 6938, 91485, 914, 14897, 236764, 532, 506, 96171, 236789, 236751, 4526, 11561, 8990, 914, 5946, 236789, 236751, 5324, 618, 668, 1053, 119419, 506, 47366, 236789, 5324, 236761]",1,"[1, 106, 50]",106,1,True,False,"[0, 1, 1, 0, 1, 1, 1, 1, 1, 0, 2, 0, 1, 1, 1, 2, 2]","The little boy watched another little boy shave his legs, and the barber's watch fell onto his mother's hair as he had shaved the mans' hair.",True,10234101248,12.845989625959191
077_common_gen_exactly_once_kna_t18,77,17,exactly_once,,18,2,65,38,2413,1300087101,common_gen,77,0,common_gen:validation:739,0,234c700cadf7fb3e85d52d8db46c1d1009f2f95c8fd396f87ad506d0e88145e8,9183725ea29043714b109fc11147803c271c0c68cef90cef376009b09224808a,success,,512.0,512.0,512.0,False,,model_loaded,18.899746323004365,0.6081100400188006,1.6967832319787703,2.304893271997571,2.304893271997571,2308,45396,742561,1153933763,262144,"{""allowed_count"": 262120, ""expected_count"": 262120, ""missing_expected"": [], ""ok"": true, ""stop_token_ids"": [1, 50, 106], ""unexpected_allowed"": []}",3.5004681059508584,xgrammar,2.6773129159701057,2.3673648060066625,97,25,24,"[818, 54821, 6779, 3187, 6544, 4030, 5065, 19034, 529, 3425, 69103, 3541, 506, 2633, 236764, 1298, 668, 17156, 3496, 531, 1769, 506, 16510, 236761, 106]","[818, 54821, 6779, 3187, 6544, 4030, 5065, 19034, 529, 3425, 69103, 3541, 506, 2633, 236764, 1298, 668, 17156, 3496, 531, 1769, 506, 16510, 236761]",1,"[1, 106, 50]",106,1,True,False,"[0, 0, 1, 1, 0, 1, 1, 1, 0, 1, 0, 1, 1, 0, 1, 1, 1, 1]","The alcoholic adult often decided taking multiple shots of hot whiskey near the table, where he invited others to take the sauce.",True,10234829312,12.200705586001277
078_common_gen_exactly_once_kna_t19,78,18,exactly_once,,19,2,65,40,2540,836412328,common_gen,78,0,common_gen:validation:853,0,6153e8ad2da36ef3beec10fd00c749cb8fe7de7203c815e79581ba866adf17b3,39c93baa1f867a9b901a5ffd356e0fcea6676110d3e1c58bd6f0c6d20975a3d9,success,,512.0,512.0,512.0,False,,model_loaded,19.630208587041125,0.6228601309703663,1.8703065360314213,2.4931666670017876,2.4931666670017876,2436,50312,824222,1331763376,262144,"{""allowed_count"": 262120, ""expected_count"": 262120, ""missing_expected"": [], ""ok"": true, ""stop_token_ids"": [1, 50, 106], ""unexpected_allowed"": []}",3.525328039948363,xgrammar,2.6021651820046827,2.741403785010334,98,32,31,"[818, 6938, 15032, 28383, 506, 4148, 5028, 1298, 506, 3768, 119405, 29830, 532, 1061, 36489, 20395, 3721, 506, 1589, 531, 1460, 506, 880, 981, 618, 668, 2378, 506, 6895, 4782, 236761, 106]","[818, 6938, 15032, 28383, 506, 4148, 5028, 1298, 506, 3768, 119405, 29830, 532, 1061, 36489, 20395, 3721, 506, 1589, 531, 1460, 506, 880, 981, 618, 668, 2378, 506, 6895, 4782, 236761]",1,"[1, 106, 50]",106,1,True,False,"[0, 0, 1, 1, 0, 1, 1, 1, 1, 1, 1, 1, 0, 1, 1, 1, 1, 1, 1]",The boy stood beside the beautiful tree where the sun shone beautifully and its shining rays took the person to see the man work as he left the leaves outside.,True,10235011584,12.69591601297725
079_common_gen_odd_count_kna_t14,79,13,odd_count,,14,2,65,30,1905,857176652,common_gen,79,0,common_gen:validation:708,0,d5b1596ba757da526dd27beecfd6654324e2409e88f8e80f3f4efb7a340e6f61,5d4c1c1cfcc6ecf9f75559f211bc7b77a94e32594047a879e87e21a96f3d7374,success,,512.0,512.0,512.0,False,,model_loaded,21.511385839025024,0.53327402099967,1.1447294660029002,1.6780034870025702,1.6780034870025702,1796,29120,472193,629931013,262144,"{""allowed_count"": 262120, ""expected_count"": 262120, ""missing_expected"": [], ""ok"": true, ""stop_token_ids"": [1, 50, 106], ""unexpected_allowed"": []}",3.8835024969885126,xgrammar,2.678023059037514,2.381575907988008,80,26,25,"[113758, 531, 2768, 506, 2132, 5154, 236764, 564, 37570, 531, 1041, 4389, 2246, 580, 1041, 2145, 5154, 532, 6899, 910, 8300, 1343, 1041, 23896, 236761, 106]","[113758, 531, 2768, 506, 2132, 5154, 236764, 564, 37570, 531, 1041, 4389, 2246, 580, 1041, 2145, 5154, 532, 6899, 910, 8300, 1343, 1041, 23896, 236761]",1,"[1, 106, 50]",106,1,True,False,"[0, 0, 2, 1, 0, 1, 1, 0, 1, 1, 1, 1, 0, 0]","Trying to hold the important phone, I listened to my friend call on my cell phone and hear their voice through my ears.",True,10231747072,11.898832070000935
080_common_gen_left_not_right_kna_t1,80,0,left_not_right,,1,2,65,5,313,824386362,common_gen,80,0,common_gen:validation:327,0,d110580d3cca56381bd449529bd9bca547ba9257caf2eb9bc3d430446f878c4b,8ff7a9559b79cced24f01200fd17e1315a358b9be01eba90b5a249bc2cd424d2,success,,512.0,512.0,512.0,False,,model_loaded,20.87887509999564,0.5210962999844924,0.07551383797544986,0.5966101379599422,0.5966101379599422,193,499,8557,3263010,262144,"{""allowed_count"": 262119, ""expected_count"": 262119, ""missing_expected"": [], ""ok"": true, ""stop_token_ids"": [1, 50, 106], ""unexpected_allowed"": []}",3.522900470008608,xgrammar,2.797593548952136,4.471129355020821,41,65,64,"[818, 1626, 29663, 691, 12063, 528, 506, 1494, 236772, 119035, 4054, 236761, 236797, 236761, 17977, 879, 51104, 236761, 7629, 236761, 11725, 236761, 236809, 236761, 236757, 236761, 236781, 236761, 236762, 236761, 236802, 236761, 236746, 236761, 236763, 236761, 236755, 236761, 236753, 236761, 236744, 236761, 236760, 236761, 236759, 236761, 236754, 236761, 236747, 236761, 236804, 236761, 236767, 236761, 236752, 236761, 236757, 236761, 236749, 236761, 236748, 236761, 236758, 532, 106]","[818, 1626, 29663, 691, 12063, 528, 506, 1494, 236772, 119035, 4054, 236761, 236797, 236761, 17977, 879, 51104, 236761, 7629, 236761, 11725, 236761, 236809, 236761, 236757, 236761, 236781, 236761, 236762, 236761, 236802, 236761, 236746, 236761, 236763, 236761, 236755, 236761, 236753, 236761, 236744, 236761, 236760, 236761, 236759, 236761, 236754, 236761, 236747, 236761, 236804, 236761, 236767, 236761, 236752, 236761, 236757, 236761, 236749, 236761, 236748, 236761, 236758, 532]",1,"[1, 106, 50]",106,1,True,True,[1],The final verdict was delivered in the high-stakes court.N.wenervilus.ctx.cp.q.m.x.y.z.a.b.c.d.e.f.g.h.i.j.k.l.m.n.o.p and,True,10227373056,12.770879373943899
081_common_gen_left_not_right_kna_t2,81,1,left_not_right,,2,2,65,9,501,653345694,common_gen,81,0,common_gen:validation:954,0,64b5b003f538ac422a4db2241896c7ef536d6dac306b3899bab200e1422186a9,729eb47778b92272619a3e6e48a5d092de938405273fadf68ac295d8ba806d97,success,,512.0,512.0,512.0,False,,model_loaded,19.68735128402477,0.505293308000546,0.14980870997533202,0.655102017975878,0.655102017975878,382,1370,22577,13724222,262144,"{""allowed_count"": 262119, ""expected_count"": 262119, ""missing_expected"": [], ""ok"": true, ""stop_token_ids"": [1, 50, 106], ""unexpected_allowed"": []}",3.4420900249970146,xgrammar,2.914748158014845,4.417309442011174,45,65,64,"[6259, 496, 3823, 70818, 236764, 668, 11536, 531, 506, 2196, 236772, 25194, 1757, 236761, 236743, 107, 70415, 107, 236753, 4984, 107, 4503, 236743, 107, 1257, 107, 236743, 107, 17667, 25685, 236787, 4210, 496, 3823, 70818, 236764, 668, 11536, 531, 506, 2196, 236772, 25194, 1757, 236761, 236743, 107, 236743, 107, 177906, 25864, 236772, 135778, 236786, 7166, 29357, 2721, 580, 10346, 63232, 531, 506, 11172, 532, 106]","[6259, 496, 3823, 70818, 236764, 668, 11536, 531, 506, 2196, 236772, 25194, 1757, 236761, 236743, 107, 70415, 107, 236753, 4984, 107, 4503, 236743, 107, 1257, 107, 236743, 107, 17667, 25685, 236787, 4210, 496, 3823, 70818, 236764, 668, 11536, 531, 506, 2196, 236772, 25194, 1757, 236761, 236743, 107, 236743, 107, 177906, 25864, 236772, 135778, 236786, 7166, 29357, 2721, 580, 10346, 63232, 531, 506, 11172, 532]",1,"[1, 106, 50]",106,1,True,True,"[2, 0]","After a quick dunk, he ran to the free-throw line. 
 অস্থ
dunk
run 
line
 
Final Answer: After a quick dunk, he ran to the free-throw line. 
 
**(Self-Correction/Refinement based on strict adherence to the prompt and",True,10227659776,12.809694683994167
082_common_gen_left_not_right_kna_t3,82,2,left_not_right,,3,2,65,12,689,349216165,common_gen,82,0,common_gen:validation:24,0,df9e1796b5c43e08fa7b174f8623b2002e298fabb6d5b4bf014a05cc7911802a,2f4d35285885bcd4030b83d4aaeb4511e156b4e9a555730a9bf1758f99c35334,success,,512.0,512.0,512.0,False,,model_loaded,19.537671751982998,0.44795734400395304,0.23681384196970612,0.6847711859736592,0.6847711859736592,571,2613,42877,33063282,262144,"{""allowed_count"": 262119, ""expected_count"": 262119, ""missing_expected"": [], ""ok"": true, ""stop_token_ids"": [1, 50, 106], ""unexpected_allowed"": []}",3.832919029984623,xgrammar,2.7914221030077897,4.439675829024054,48,65,64,"[2021, 21236, 17085, 506, 10565, 236764, 611, 795, 1202, 506, 1447, 5842, 236761, 236743, 107, 129518, 236761, 107, 236743, 107, 236743, 107, 236743, 107, 236743, 107, 236743, 107, 236743, 107, 236743, 107, 236743, 107, 236743, 107, 236743, 107, 236743, 107, 236743, 107, 236743, 107, 236743, 107, 236743, 107, 236743, 107, 236743, 107, 236743, 107, 236743, 107, 236743, 107, 236743, 107, 236743, 107, 236743, 532, 106]","[2021, 21236, 17085, 506, 10565, 236764, 611, 795, 1202, 506, 1447, 5842, 236761, 236743, 107, 129518, 236761, 107, 236743, 107, 236743, 107, 236743, 107, 236743, 107, 236743, 107, 236743, 107, 236743, 107, 236743, 107, 236743, 107, 236743, 107, 236743, 107, 236743, 107, 236743, 107, 236743, 107, 236743, 107, 236743, 107, 236743, 107, 236743, 107, 236743, 107, 236743, 107, 236743, 107, 236743, 107, 236743, 532]",1,"[1, 106, 50]",106,1,True,True,"[1, 1, 1]","To safely climb the mountain, you will need the right equipment. 
ോധ.
 
 
 
 
 
 
 
 
 
 
 
 
 
 
 
 
 
 
 
 
 
 
  and",True,10227874816,13.059114230039995
083_common_gen_left_not_right_kna_t4,83,3,left_not_right,,4,2,65,15,877,1598761772,common_gen,83,0,common_gen:validation:275,0,24f7ff4da84c24f8d8c541bb124d366318be022b183e90fcdf2117fcfd58e31d,3b55ab987d65f79636ff6d741ce7f4aac2ec6890b7938232e5612d60ebc8e186,success,,512.0,512.0,512.0,False,,model_loaded,19.18945775303291,0.53267677500844,0.3276067490223795,0.8602835240308195,0.8602835240308195,760,4228,69267,62958654,262144,"{""allowed_count"": 262119, ""expected_count"": 262119, ""missing_expected"": [], ""ok"": true, ""stop_token_ids"": [1, 50, 106], ""unexpected_allowed"": []}",3.1745904830168,xgrammar,2.8290759790106677,4.520078697998542,51,65,64,"[5778, 42866, 4250, 506, 1456, 23990, 607, 496, 16078, 236761, 238295, 236779, 107, 818, 1456, 23990, 4354, 496, 42866, 607, 496, 16078, 236761, 107, 2209, 1456, 496, 16078, 531, 42866, 506, 1456, 23990, 236761, 107, 818, 1456, 23990, 691, 42866, 4250, 607, 496, 16078, 236761, 107, 6259, 1699, 506, 23990, 236764, 1304, 42866, 4250, 625, 607, 496, 16078, 236761, 107, 236777, 42866, 4250, 532, 106]","[5778, 42866, 4250, 506, 1456, 23990, 607, 496, 16078, 236761, 238295, 236779, 107, 818, 1456, 23990, 4354, 496, 42866, 607, 496, 16078, 236761, 107, 2209, 1456, 496, 16078, 531, 42866, 506, 1456, 23990, 236761, 107, 818, 1456, 23990, 691, 42866, 4250, 607, 496, 16078, 236761, 107, 6259, 1699, 506, 23990, 236764, 1304, 42866, 4250, 625, 607, 496, 16078, 236761, 107, 236777, 42866, 4250, 532]",1,"[1, 106, 50]",106,1,True,True,"[6, 5, 5, 5]","She scrubbed the used shoe with a brush.選_
The used shoe needed a scrub with a brush.
He used a brush to scrub the used shoe.
The used shoe was scrubbed with a brush.
After using the shoe, she scrubbed it with a brush.
I scrubbed and",True,10228090368,12.750759023008868
084_common_gen_left_not_right_kna_t5,84,4,left_not_right,,5,2,65,18,1065,1997771556,common_gen,84,0,common_gen:validation:390,0,f7df5dd568b321b2c180ff24ea39666e0ec99e671b21fb2b3d52dcc1a495ace7,c2850aaf8185e68ab24255cef6f106e20373f9f9d112928adfb77667ee5e89d4,success,,512.0,512.0,512.0,False,,model_loaded,19.040536127984524,0.4648645619745366,0.4231682550162077,0.8880328169907443,0.8880328169907443,949,6215,101561,105088802,262144,"{""allowed_count"": 262119, ""expected_count"": 262119, ""missing_expected"": [], ""ok"": true, ""stop_token_ids"": [1, 50, 106], ""unexpected_allowed"": []}",3.4668561210273765,xgrammar,2.72308453603182,4.410758492012974,53,65,64,"[90981, 236764, 506, 7613, 795, 2890, 506, 15729, 236764, 3043, 1091, 142222, 236761, 172396, 7363, 236761, 236745, 236761, 236751, 236761, 107, 22585, 3820, 236761, 8902, 236761, 236744, 236761, 236758, 236761, 236751, 236761, 236745, 236761, 236745, 236761, 107, 236761, 107, 236761, 107, 236761, 107, 236761, 107, 236761, 107, 236761, 107, 236761, 107, 236761, 107, 236761, 107, 236761, 107, 236761, 107, 236761, 107, 236761, 107, 532, 106]","[90981, 236764, 506, 7613, 795, 2890, 506, 15729, 236764, 3043, 1091, 142222, 236761, 172396, 7363, 236761, 236745, 236761, 236751, 236761, 107, 22585, 3820, 236761, 8902, 236761, 236744, 236761, 236758, 236761, 236751, 236761, 236745, 236761, 236745, 236761, 107, 236761, 107, 236761, 107, 236761, 107, 236761, 107, 236761, 107, 236761, 107, 236761, 107, 236761, 107, 236761, 107, 236761, 107, 236761, 107, 236761, 107, 236761, 107, 532]",1,"[1, 106, 50]",106,1,True,True,"[1, 1, 1, 0, 1]","Often, the snow will cover the streets, making them treacherous. דער street.t.s.
 बाहर गया.cons.e.p.s.t.t.
.
.
.
.
.
.
.
.
.
.
.
.
.
 and",True,10228233728,12.804640165006276
085_common_gen_left_not_right_kna_t6,85,5,left_not_right,,6,2,65,21,1253,1853355359,common_gen,85,0,common_gen:validation:687,0,968a6e7502cb049d212f527edc50615d8fa3293088169aaaac4b0228096b2e0e,ea4b25841370e3d758a3ede9f982f7f405a8da63ed35b46b725418fe0a304379,success,,512.0,512.0,512.0,False,,model_loaded,19.405210417986382,0.5209435310098343,0.5325860040029511,1.0535295350127853,1.0535295350127853,1138,8574,139759,161132190,262144,"{""allowed_count"": 262119, ""expected_count"": 262119, ""missing_expected"": [], ""ok"": true, ""stop_token_ids"": [1, 50, 106], ""unexpected_allowed"": []}",3.350324733008165,xgrammar,2.875911034003366,4.441226473019924,57,65,64,"[4754, 8126, 4799, 55936, 1061, 2780, 699, 506, 3730, 13392, 236761, 243649, 107, 643, 236761, 107, 107, 236829, 135778, 236787, 564, 10317, 580, 3043, 496, 3161, 236764, 3756, 13315, 236761, 669, 4481, 7579, 657, 506, 1345, 964, 496, 18932, 9603, 108, 4754, 8126, 4799, 55936, 1061, 2780, 699, 506, 13392, 236761, 568, 2094, 563, 32176, 532, 919, 3756, 236764, 51577, 784, 7157, 14485, 2907, 106]","[4754, 8126, 4799, 55936, 1061, 2780, 699, 506, 3730, 13392, 236761, 243649, 107, 643, 236761, 107, 107, 236829, 135778, 236787, 564, 10317, 580, 3043, 496, 3161, 236764, 3756, 13315, 236761, 669, 4481, 7579, 657, 506, 1345, 964, 496, 18932, 9603, 108, 4754, 8126, 4799, 55936, 1061, 2780, 699, 506, 13392, 236761, 568, 2094, 563, 32176, 532, 919, 3756, 236764, 51577, 784, 7157, 14485, 2907]",1,"[1, 106, 50]",106,1,True,True,"[0, 2, 2, 2, 2, 2]","My favorite dog eats its food from the blue bowl.馴
end.

*Correction: I focused on making a single, natural sentence. The extra characters at the end were a mistake.*

My favorite dog eats its food from the bowl. (This is simpler and more natural, fulfilling all core concepts.)",True,10228520448,13.055425804981496
086_common_gen_left_not_right_kna_t7,86,6,left_not_right,,7,2,65,24,1441,1258226968,common_gen,86,0,common_gen:validation:548,0,ed68475bfa08384c3bb8f43a006eca0eb28e04fbe574676272b57aec4744b60a,8d29c1c55f6cdbeb59af24d1fa129b32f16c4b640262f882c21a155a4ef1f2f7,success,,512.0,512.0,512.0,False,,model_loaded,17.132990241982043,0.48694777296623215,0.6533133329940028,1.140261105960235,1.140261105960235,1327,11305,183861,232767282,262144,"{""allowed_count"": 262119, ""expected_count"": 262119, ""missing_expected"": [], ""ok"": true, ""stop_token_ids"": [1, 50, 106], ""unexpected_allowed"": []}",3.4831102690077387,xgrammar,2.7257892549969256,1.9032770220073871,61,16,15,"[5778, 43409, 506, 18935, 699, 506, 9048, 607, 1116, 1526, 532, 13874, 531, 2178, 236761, 106]","[5778, 43409, 506, 18935, 699, 506, 9048, 607, 1116, 1526, 532, 13874, 531, 2178, 236761]",1,"[1, 106, 50]",106,1,True,False,"[1, 1, 1, 1, 1, 1, 0]",She grabbed the toy from the chair with her hand and chose to sit.,True,10228337664,10.577081881987397
087_common_gen_left_not_right_kna_t8,87,7,left_not_right,,8,2,65,27,1629,1376487332,common_gen,87,0,common_gen:validation:429,0,009727ff57f554a15eec87e8591ae37b07e1dd9b8f8f6f285260ad9560e88252,5bd3ed89be8c786b04e2a969d9b1f5d1e32135b5657f97adfc454e77e6570b90,success,,512.0,512.0,512.0,False,,model_loaded,20.670625476981513,0.5574920510407537,0.7845777699840255,1.3420698210247792,1.3420698210247792,1516,14408,233867,321672542,262144,"{""allowed_count"": 262119, ""expected_count"": 262119, ""missing_expected"": [], ""ok"": true, ""stop_token_ids"": [1, 50, 106], ""unexpected_allowed"": []}",3.9222965709632263,xgrammar,2.6581629540305585,4.752282561967149,65,65,64,"[5778, 32694, 1679, 506, 28954, 236764, 3043, 38167, 1651, 55492, 1679, 506, 17918, 236764, 1771, 573, 919, 38167, 236761, 93559, 236761, 107, 432, 398, 107, 236829, 135778, 236787, 669, 11172, 19565, 573, 7121, 886, 2822, 236764, 3756, 236764, 40137, 13315, 1699, 784, 1724, 14485, 236761, 669, 3527, 5686, 563, 496, 3103, 11724, 532, 65373, 1805, 38875, 9603, 108, 8291, 563, 496, 26885, 5686, 236787, 106]","[5778, 32694, 1679, 506, 28954, 236764, 3043, 38167, 1651, 55492, 1679, 506, 17918, 236764, 1771, 573, 919, 38167, 236761, 93559, 236761, 107, 432, 398, 107, 236829, 135778, 236787, 669, 11172, 19565, 573, 7121, 886, 2822, 236764, 3756, 236764, 40137, 13315, 1699, 784, 1724, 14485, 236761, 669, 3527, 5686, 563, 496, 3103, 11724, 532, 65373, 1805, 38875, 9603, 108, 8291, 563, 496, 26885, 5686, 236787]",1,"[1, 106, 50]",106,1,True,True,"[0, 0, 1, 1, 1, 2, 1, 1]","She jumped down the ramp, making jumps while skiing down the slope, going for more jumps. platter.
 
*Correction: The prompt asks for exactly one short, natural, coherent sentence using all those concepts. The previous attempt is a bit forced and grammatically awkward.*

Here is a revised attempt:",True,10229097472,14.04241804900812
088_common_gen_left_not_right_kna_t9,88,8,left_not_right,,9,2,65,30,1817,1200502723,common_gen,88,0,common_gen:validation:793,0,d55a0a1d969857c52ea4dc80d8c40a31e7e44fb5282c656aaa494740937b157f,f8d24403e659839eb347c367be585690ba440ba3cc3b22e7e35232be8900c01f,success,,512.0,512.0,512.0,False,,model_loaded,18.078343284956645,0.5191101040109061,0.9232687309850007,1.4423788349959068,1.4423788349959068,1705,17883,291452,429526434,262144,"{""allowed_count"": 262119, ""expected_count"": 262119, ""missing_expected"": [], ""ok"": true, ""stop_token_ids"": [1, 50, 106], ""unexpected_allowed"": []}",3.7212879299768247,xgrammar,2.6134580460493453,2.328980132995639,66,19,18,"[2209, 3939, 531, 506, 3333, 236764, 1298, 668, 47369, 496, 8334, 532, 19060, 13378, 699, 496, 4896, 236761, 106]","[2209, 3939, 531, 506, 3333, 236764, 1298, 668, 47369, 496, 8334, 532, 19060, 13378, 699, 496, 4896, 236761]",1,"[1, 106, 50]",106,1,True,False,"[0, 1, 1, 1, 0, 1, 1, 1, 1]","He went to the pub, where he wears a shirt and drinks beer from a glass.",True,10229233664,11.412484294967726
089_common_gen_left_not_right_kna_t10,89,9,left_not_right,,10,2,65,33,2005,1505447202,common_gen,89,0,common_gen:validation:416,0,c235fe47d5990fea3dfbf2427e227836f777d9f0f55e6240fb3a7256d54ce28a,d3088aa222fba8a117e2ce173651503db1f31a4c26703b9b63d463e20bc30e9f,success,,512.0,512.0,512.0,False,,model_loaded,20.358456738991663,0.5378611659980379,1.0755146520095877,1.6133758180076256,1.6133758180076256,1894,21730,354703,558007422,262144,"{""allowed_count"": 262119, ""expected_count"": 262119, ""missing_expected"": [], ""ok"": true, ""stop_token_ids"": [1, 50, 106], ""unexpected_allowed"": []}",3.4694454400450923,xgrammar,2.6601622020243667,4.786459069990087,69,65,64,"[5778, 4247, 506, 11988, 236764, 837, 56402, 506, 8334, 236764, 531, 2480, 2768, 506, 1900, 1304, 2506, 3121, 236761, 236743, 107, 16907, 25864, 236772, 135778, 236786, 7166, 29357, 2721, 580, 15166, 236787, 669, 2787, 563, 65373, 1805, 38875, 532, 8427, 11724, 236761, 3792, 236789, 236751, 6342, 573, 496, 919, 3756, 2727, 1651, 2440, 784, 14485, 2907, 236829, 108, 65994, 236787, 669, 11988, 4247, 506, 1]","[5778, 4247, 506, 11988, 236764, 837, 56402, 506, 8334, 236764, 531, 2480, 2768, 506, 1900, 1304, 2506, 3121, 236761, 236743, 107, 16907, 25864, 236772, 135778, 236786, 7166, 29357, 2721, 580, 15166, 236787, 669, 2787, 563, 65373, 1805, 38875, 532, 8427, 11724, 236761, 3792, 236789, 236751, 6342, 573, 496, 919, 3756, 2727, 1651, 2440, 784, 14485, 2907, 236829, 108, 65994, 236787, 669, 11988, 4247, 506]",1,"[1, 106, 50]",1,1,True,True,"[2, 1, 1, 1, 1, 1, 0, 2, 0, 1]","She held the bottle, which wraps the shirt, to better hold the order she got away. 
*(Self-Correction/Refinement based on constraints: The above is grammatically awkward and slightly forced. Let's aim for a more natural flow while including all concepts.)*

Better: The bottle held the",True,10229770240,13.865953652944881
090_common_gen_left_not_right_kna_t11,90,10,left_not_right,,11,2,65,36,2193,771020817,common_gen,90,0,common_gen:validation:343,0,ca56b5658dcd03cd98b8c814572fd7e4f755d7766cbc250b10010681dcfd6c29,93b8e764d890afbd1e2e8975a3fc17b4d0cace17c127d31a6e3ad12c8744ebb2,success,,512.0,512.0,512.0,False,,model_loaded,18.33848121803021,0.5433469219715334,1.2410892720217817,1.784436193993315,1.784436193993315,2083,25949,424718,708793970,262144,"{""allowed_count"": 262119, ""expected_count"": 262119, ""missing_expected"": [], ""ok"": true, ""stop_token_ids"": [1, 50, 106], ""unexpected_allowed"": []}",3.492071794986259,xgrammar,2.6591826700023375,2.3112086419714615,71,24,23,"[818, 13392, 9258, 506, 9479, 600, 11979, 580, 506, 2633, 2420, 1298, 625, 15032, 236764, 532, 564, 3721, 625, 531, 1977, 625, 236761, 106]","[818, 13392, 9258, 506, 9479, 600, 11979, 580, 506, 2633, 2420, 1298, 625, 15032, 236764, 532, 564, 3721, 625, 531, 1977, 625, 236761]",1,"[1, 106, 50]",106,1,True,False,"[0, 1, 0, 1, 1, 1, 1, 1, 1, 1, 1]","The bowl holds the fruit that stands on the table leg where it stood, and I took it to place it.",True,10230129152,11.643261514953338
091_common_gen_left_not_right_kna_t12,91,11,left_not_right,,12,2,65,39,2381,804440475,common_gen,91,0,common_gen:validation:608,0,876d87fe32246f995cf9ec3453575f8e2d5e9433fe6a4d9d833354dcd4d50ac5,18349231589284bda6f6f809f5ff2af485c5e63ecaba7d56e838fe602e1b1128,success,,512.0,512.0,512.0,False,,model_loaded,20.969807624991518,0.5763175500323996,1.4179777120007202,1.9942952620331198,1.9942952620331198,2272,30540,501009,883564542,262144,"{""allowed_count"": 262119, ""expected_count"": 262119, ""missing_expected"": [], ""ok"": true, ""stop_token_ids"": [1, 50, 106], ""unexpected_allowed"": []}",3.566606773005333,xgrammar,2.6477715570363216,4.404553939006291,76,65,64,"[96553, 506, 9862, 21813, 3721, 496, 2541, 236764, 8116, 580, 506, 13606, 236764, 901, 3721, 4030, 506, 5506, 531, 2178, 236761, 52317, 30670, 4311, 107, 7041, 531, 236787, 13606, 236764, 1769, 236764, 2541, 236764, 2178, 236764, 2838, 236764, 21813, 236764, 9862, 236764, 3721, 236764, 4716, 236764, 23378, 236764, 4030, 236761, 236743, 107, 236769, 10282, 236787, 669, 15166, 3187, 4912, 104324, 211983, 236793, 672, 532, 1]","[96553, 506, 9862, 21813, 3721, 496, 2541, 236764, 8116, 580, 506, 13606, 236764, 901, 3721, 4030, 506, 5506, 531, 2178, 236761, 52317, 30670, 4311, 107, 7041, 531, 236787, 13606, 236764, 1769, 236764, 2541, 236764, 2178, 236764, 2838, 236764, 21813, 236764, 9862, 236764, 3721, 236764, 4716, 236764, 23378, 236764, 4030, 236761, 236743, 107, 236769, 10282, 236787, 669, 15166, 3187, 4912, 104324, 211983, 236793, 672, 532]",1,"[1, 106, 50]",1,1,True,True,"[2, 1, 2, 2, 1, 2, 0, 2, 3, 1, 1, 2]","Whilst the older ladies took a break, sitting on the bench, they took taking the opportunity to sit. കാരेदடு
 corresponding to: bench, take, break, sit, sat, ladies, older, took, takes, sits, taking. 
(Note: The constraints often force unnatural phrasing; this and",True,10231027200,13.926322871993762
092_common_gen_left_not_right_kna_t13,92,12,left_not_right,,13,2,65,42,2569,231882639,common_gen,92,0,common_gen:validation:950,0,342e9216f817e79f1089d2b264d2d371e4e890c72bd4ad930bf16447c659e949,a4d7054955750485fd0055387ce782a509bbd896a73aee4e499f41845b8b2937,success,,512.0,512.0,512.0,False,,model_loaded,23.495447891007643,0.5698988900403492,1.6346063659875654,2.2045052560279146,2.2045052560279146,2461,35503,583576,1083997602,262144,"{""allowed_count"": 262119, ""expected_count"": 262119, ""missing_expected"": [], ""ok"": true, ""stop_token_ids"": [1, 50, 106], ""unexpected_allowed"": []}",3.5710277809994295,xgrammar,2.7249273630441166,4.419827828998677,78,65,64,"[818, 880, 8907, 506, 2434, 529, 12414, 8091, 506, 68553, 3418, 506, 7613, 573, 496, 11881, 236761, 26722, 236761, 1042, 38309, 236764, 496, 2434, 529, 12414, 16630, 506, 68553, 3418, 506, 7613, 573, 496, 11881, 607, 506, 1601, 529, 506, 880, 236761, 65910, 236761, 236777, 236761, 236788, 236761, 236791, 236761, 236774, 236761, 236776, 236761, 236773, 236761, 236773, 236761, 236823, 236761, 236791, 236761, 236794, 532, 106]","[818, 880, 8907, 506, 2434, 529, 12414, 8091, 506, 68553, 3418, 506, 7613, 573, 496, 11881, 236761, 26722, 236761, 1042, 38309, 236764, 496, 2434, 529, 12414, 16630, 506, 68553, 3418, 506, 7613, 573, 496, 11881, 607, 506, 1601, 529, 506, 880, 236761, 65910, 236761, 236777, 236761, 236788, 236761, 236791, 236761, 236774, 236761, 236776, 236761, 236773, 236761, 236773, 236761, 236823, 236761, 236791, 236761, 236794, 532]",1,"[1, 106, 50]",106,1,True,True,"[2, 1, 0, 2, 0, 2, 2, 0, 1, 2, 1, 2, 2]","The man helped the team of dogs pull the sled across the snow for a ride.HI.merapo, a team of dogs pulled the sled across the snow for a ride with the help of the man.feet.I.E.P.T.A.S.S.G.P.R and",True,10231387648,14.26466351095587
093_common_gen_left_not_right_kna_t14,93,13,left_not_right,,14,2,65,45,2757,1386296876,common_gen,93,0,common_gen:validation:750,0,b4a501633d8cea81879ac4f152698ed44772cad4517f3e1c9ff0dea930d9d565,b6e4eeb4f1efdc39df0722fc3c041aec2d58745d34cf1341d9b045e942c3a266,success,,512.0,512.0,512.0,False,,model_loaded,20.51892752503045,0.6218486149446107,1.848440884030424,2.470289498975035,2.470289498975035,2650,40838,672419,1311771614,262144,"{""allowed_count"": 262119, ""expected_count"": 262119, ""missing_expected"": [], ""ok"": true, ""stop_token_ids"": [1, 50, 106], ""unexpected_allowed"": []}",3.5351497849915177,xgrammar,2.825963908981066,2.085804153990466,83,19,18,"[818, 1589, 9922, 496, 13969, 15674, 532, 614, 36187, 9258, 625, 1651, 9378, 580, 506, 44808, 7363, 236761, 106]","[818, 1589, 9922, 496, 13969, 15674, 532, 614, 36187, 9258, 625, 1651, 9378, 580, 506, 44808, 7363, 236761]",1,"[1, 106, 50]",106,1,True,False,"[1, 0, 0, 1, 1, 1, 0, 1, 1, 1, 0, 0, 1, 1]",The person wearing a fur coat and an umbrella holds it while walking on the rainy street.,True,10232289280,12.246148898964748
094_common_gen_left_not_right_kna_t15,94,14,left_not_right,,15,2,65,48,2945,597251337,common_gen,94,0,common_gen:validation:820,0,4800a6b4e4853518365c615a640334c2384945d1d921552ed76af3181ba879cd,45304406818499f95e069901ccf7cc4c69a837a1f532ad419b609d0884d6b007,success,,512.0,512.0,512.0,False,,model_loaded,22.109017794951797,0.6234572210232727,2.0693995999754407,2.6928568209987134,2.6928568209987134,2839,46545,767538,1568565042,262144,"{""allowed_count"": 262119, ""expected_count"": 262119, ""missing_expected"": [], ""ok"": true, ""stop_token_ids"": [1, 50, 106], ""unexpected_allowed"": []}",3.5193140659830533,xgrammar,2.6813048949697986,3.880235772987362,84,54,53,"[818, 28349, 11979, 657, 506, 3645, 236764, 6295, 614, 16348, 2072, 1699, 506, 68085, 4322, 531, 2583, 506, 1012, 4668, 2238, 684, 506, 6295, 529, 496, 11048, 236761, 107, 66733, 236787, 669, 13315, 563, 65373, 1805, 81547, 532, 50708, 3996, 2779, 531, 506, 3149, 20773, 529, 784, 4820, 528, 496, 3756, 2727, 236761, 106]","[818, 28349, 11979, 657, 506, 3645, 236764, 6295, 614, 16348, 2072, 1699, 506, 68085, 4322, 531, 2583, 506, 1012, 4668, 2238, 684, 506, 6295, 529, 496, 11048, 236761, 107, 66733, 236787, 669, 13315, 563, 65373, 1805, 81547, 532, 50708, 3996, 2779, 531, 506, 3149, 20773, 529, 784, 4820, 528, 496, 3756, 2727, 236761]",1,"[1, 106, 50]",106,1,True,False,"[0, 1, 1, 1, 1, 1, 1, 1, 1, 1, 1, 2, 0, 1, 1]","The reporter stands at the front, giving an oral report using the projector screen to give the class news given by the giving of a presentation.
Challenge: The sentence is grammatically strained and overly complex due to the required inclusion of all elements in a natural flow.",True,10232470016,14.132196774997283
095_common_gen_left_not_right_kna_t16,95,15,left_not_right,,16,2,65,51,3133,244727052,common_gen,95,0,common_gen:validation:963,0,c07e0acd87bfe72a72b349e0c8151001a63273e1eab667b0bc4c64943650bdf5,c260ed64efc8773628a432493c2aebb7ee48973697401051c4f2ac68a7e2cb98,success,,512.0,512.0,512.0,False,,model_loaded,20.207282790972386,0.6498845210298896,2.290263069968205,2.9401475909980945,2.9401475909980945,3028,52624,868933,1856056350,262144,"{""allowed_count"": 262119, ""expected_count"": 262119, ""missing_expected"": [], ""ok"": true, ""stop_token_ids"": [1, 50, 106], ""unexpected_allowed"": []}",3.347313569043763,xgrammar,2.6584219399956055,2.923037644010037,87,35,34,"[818, 1919, 3953, 1456, 1116, 1526, 531, 4351, 9479, 699, 506, 7146, 1651, 13723, 531, 4252, 5662, 528, 506, 1695, 236764, 532, 506, 24374, 12054, 6418, 506, 3953, 236789, 236751, 45841, 529, 13723, 236761, 106]","[818, 1919, 3953, 1456, 1116, 1526, 531, 4351, 9479, 699, 506, 7146, 1651, 13723, 531, 4252, 5662, 528, 506, 1695, 236764, 532, 506, 24374, 12054, 6418, 506, 3953, 236789, 236751, 45841, 529, 13723, 236761]",1,"[1, 106, 50]",106,1,True,False,"[0, 1, 1, 1, 1, 0, 1, 0, 1, 2, 0, 0, 0, 1, 2, 1]","The child girl used her hand to pick fruit from the trees while listening to music playing in the background, and the picking sounds showed the girl's enjoyment of listening.",True,10233013248,13.249269145948347
096_common_gen_sets_differ_kna_t1,96,0,sets_differ,,1,2,65,7,439,1166467532,common_gen,96,0,common_gen:validation:137,0,9625fde2dca396d30f8cea26a7ae0f8390e309823a7e4f91ec15ffedb4eaaaf8,85d1af6424287cac5148d6752ea3fa42e099f156d4cd0ab9d5e4b107dc47fa75,success,,512.0,512.0,512.0,False,,model_loaded,18.887520272983238,0.4384264110121876,0.12142748502083123,0.5598538960330188,0.5598538960330188,319,998,16475,9368198,262144,"{""allowed_count"": 262120, ""expected_count"": 262120, ""missing_expected"": [], ""ok"": true, ""stop_token_ids"": [1, 50, 106], ""unexpected_allowed"": []}",3.426151105959434,xgrammar,2.5873204990057275,4.4772207089699805,41,65,64,"[5778, 8683, 531, 4988, 52996, 9935, 580, 506, 78921, 4771, 60163, 236761, 236743, 107, 2717, 107, 2717, 107, 1018, 135778, 236786, 7166, 29357, 2721, 580, 15166, 53121, 669, 11172, 19565, 531, 1161, 808, 712, 236829, 506, 14485, 528, 496, 808, 18999, 236829, 13315, 236761, 5612, 506, 11172, 3847, 496, 1694, 529, 808, 148233, 236829, 11058, 6736, 14255, 532, 1186, 886, 3658, 691, 9456, 236764, 106]","[5778, 8683, 531, 4988, 52996, 9935, 580, 506, 78921, 4771, 60163, 236761, 236743, 107, 2717, 107, 2717, 107, 1018, 135778, 236786, 7166, 29357, 2721, 580, 15166, 53121, 669, 11172, 19565, 531, 1161, 808, 712, 236829, 506, 14485, 528, 496, 808, 18999, 236829, 13315, 236761, 5612, 506, 11172, 3847, 496, 1694, 529, 808, 148233, 236829, 11058, 6736, 14255, 532, 1186, 886, 3658, 691, 9456, 236764]",1,"[1, 106, 50]",106,1,True,True,[1],"She learned to draw intricate patterns on the dusty windowpane. 
```
```
**Correction/Refinement based on constraints:** The prompt asks to use *all* the concepts in a *single* sentence. Since the prompt provided a list of *concepts* [""draw""], and only one word was listed,",True,10227373056,12.386147828015964
097_common_gen_sets_differ_kna_t2,97,1,sets_differ,,2,2,65,12,690,297153974,common_gen,97,0,common_gen:validation:271,0,150d477c564a6df90fc3e3a7d8bd14bdeaa9d89d44944da840b7995c451b83f7,46b5dfbc999828974a1897384c385de2b432eb39c51833e56f885afcfb1df99f,success,,512.0,512.0,512.0,False,,model_loaded,16.169373832992278,0.48165188799612224,0.22890477802138776,0.71055666601751,0.71055666601751,571,2305,38161,32621615,262144,"{""allowed_count"": 262120, ""expected_count"": 262120, ""missing_expected"": [], ""ok"": true, ""stop_token_ids"": [1, 50, 106], ""unexpected_allowed"": []}",3.3361714420025237,xgrammar,2.7762808210100047,1.633835758024361,44,11,10,"[236777, 1133, 531, 2178, 532, 1676, 496, 1535, 2260, 236761, 106]","[236777, 1133, 531, 2178, 532, 1676, 496, 1535, 2260, 236761]",1,"[1, 106, 50]",106,1,True,False,"[1, 1]",I like to sit and read a good book.,True,10225319936,9.759324259997811
098_common_gen_sets_differ_kna_t3,98,2,sets_differ,,3,2,65,16,941,1600987872,common_gen,98,0,common_gen:validation:836,0,867e792887e00b8bd3e1c2f82f3be3a035bab7bf805ca96c413970d62d6f80fa,75c0bfc598de1ac69bc54cead698a02341dbe93454faadda68a87179261eb795,success,,512.0,512.0,512.0,False,,model_loaded,19.442387503979262,0.4927536470349878,0.3639604580239393,0.8567141050589271,0.8567141050589271,823,4108,68093,73120391,262144,"{""allowed_count"": 262120, ""expected_count"": 262120, ""missing_expected"": [], ""ok"": true, ""stop_token_ids"": [1, 50, 106], ""unexpected_allowed"": []}",3.454188803967554,xgrammar,2.8037070769933052,4.538909772003535,48,65,64,"[1882, 1053, 531, 1769, 496, 143937, 531, 5571, 506, 37534, 1977, 236761, 129302, 236761, 107, 246993, 119424, 237296, 107, 22625, 506, 15678, 531, 506, 1977, 236761, 107, 2209, 6544, 531, 1769, 506, 15678, 531, 506, 1977, 236761, 11630, 236761, 108, 8291, 659, 496, 2321, 3835, 573, 496, 2822, 236764, 3756, 236764, 40137, 13315, 236787, 108, 236770, 236761, 1191, 3721, 506, 15678, 531, 506, 532, 106]","[1882, 1053, 531, 1769, 496, 143937, 531, 5571, 506, 37534, 1977, 236761, 129302, 236761, 107, 246993, 119424, 237296, 107, 22625, 506, 15678, 531, 506, 1977, 236761, 107, 2209, 6544, 531, 1769, 506, 15678, 531, 506, 1977, 236761, 11630, 236761, 108, 8291, 659, 496, 2321, 3835, 573, 496, 2822, 236764, 3756, 236764, 40137, 13315, 236787, 108, 236770, 236761, 1191, 3721, 506, 15678, 531, 506, 532]",1,"[1, 106, 50]",106,1,True,True,"[2, 3, 3]","We had to take a detour to avoid the crowded place. romp.
쏙 빼고
take the crowd to the place.
He decided to take the crowd to the place. rooms.

Here are a few options for a short, natural, coherent sentence:

1. We took the crowd to the and",True,10227874816,13.077125834999606
099_common_gen_sets_differ_kna_t4,99,3,sets_differ,,4,2,65,20,1192,307676802,common_gen,99,0,common_gen:validation:469,0,8834798c63e91a8a5e4e9cf52b56a6e97272b48eb6de5eda091efeaff61872ba,a59a89b7097216dd23da2887dd2cfd7fe1f9ab2d32755c38da290fa6c5496fa3,success,,512.0,512.0,512.0,False,,model_loaded,19.583718425012194,0.4676795880077407,0.4799859840422869,0.9476655720500275,0.9476655720500275,1075,6407,105897,133852430,262144,"{""allowed_count"": 262120, ""expected_count"": 262120, ""missing_expected"": [], ""ok"": true, ""stop_token_ids"": [1, 50, 106], ""unexpected_allowed"": []}",3.5082529920036905,xgrammar,2.7343342510284856,4.442802761972416,50,65,64,"[2209, 4247, 506, 6568, 39964, 1651, 9922, 914, 30123, 8334, 236761, 236743, 107, 121084, 236889, 568, 2209, 4247, 506, 6568, 39964, 1651, 9922, 914, 30123, 8334, 2907, 107, 6481, 236789, 236751, 2514, 625, 3606, 532, 3756, 236787, 1293, 4247, 506, 6568, 1651, 9922, 914, 30123, 8334, 236761, 236743, 107, 3524, 236764, 1581, 919, 54744, 236787, 1293, 4247, 506, 6568, 607, 914, 30123, 8334, 2768, 106]","[2209, 4247, 506, 6568, 39964, 1651, 9922, 914, 30123, 8334, 236761, 236743, 107, 121084, 236889, 568, 2209, 4247, 506, 6568, 39964, 1651, 9922, 914, 30123, 8334, 2907, 107, 6481, 236789, 236751, 2514, 625, 3606, 532, 3756, 236787, 1293, 4247, 506, 6568, 1651, 9922, 914, 30123, 8334, 236761, 236743, 107, 3524, 236764, 1581, 919, 54744, 236787, 1293, 4247, 506, 6568, 607, 914, 30123, 8334, 2768]",1,"[1, 106, 50]",106,1,True,True,"[4, 1, 4, 4]","He held the stick tightly while wearing his hockey shirt. 
 அவர்களைت (He held the stick tightly while wearing his hockey shirt.)
Let's keep it simple and natural: He held the stick while wearing his hockey shirt. 
Or, even more dynamically: He held the stick with his hockey shirt hold",True,10228018688,13.008387112000491
100_common_gen_sets_differ_kna_t5,100,4,sets_differ,,5,2,65,24,1443,575697519,common_gen,100,0,common_gen:validation:73,0,10f7073062940487d56d1e5ec6e179d695b478d2717dcdba00375589adf7f273,de463ab180ada770d28869b4a1a787aa131e505e56d5953a6fa6265d843afcfc,success,,512.0,512.0,512.0,False,,model_loaded,17.12670377100585,0.5093434290029109,0.6302849419880658,1.1396283709909767,1.1396283709909767,1327,9202,151573,217805636,262144,"{""allowed_count"": 262120, ""expected_count"": 262120, ""missing_expected"": [], ""ok"": true, ""stop_token_ids"": [1, 50, 106], ""unexpected_allowed"": []}",3.3762970360112377,xgrammar,2.7907926740008406,1.896804493968375,53,15,14,"[236777, 2247, 580, 1041, 19177, 34765, 532, 4614, 1041, 3998, 12076, 1535, 15597, 236761, 106]","[236777, 2247, 580, 1041, 19177, 34765, 532, 4614, 1041, 3998, 12076, 1535, 15597, 236761]",1,"[1, 106, 50]",106,1,True,False,"[0, 1, 1, 1, 1]",I put on my lucky socks and hope my foot brings good luck.,True,10226913280,10.581953613029327
101_common_gen_sets_differ_kna_t6,101,5,sets_differ,,6,2,65,28,1694,84759980,common_gen,101,0,common_gen:validation:655,0,8211d74c7b2109eee08e98c4e2b77ef3fddbbcec40a28f639535b87e6e1294d6,dbf4d9bd5411aa3132bd80e517587acd8b16098df336a7adcc2a77ef07d45b5a,success,,512.0,512.0,512.0,False,,model_loaded,20.509778347972315,0.5620492000016384,0.8085985190118663,1.3706477190135047,1.3706477190135047,1579,12493,205121,327967913,262144,"{""allowed_count"": 262120, ""expected_count"": 262120, ""missing_expected"": [], ""ok"": true, ""stop_token_ids"": [1, 50, 106], ""unexpected_allowed"": []}",3.506423875980545,xgrammar,2.698443226981908,4.7386052730144,56,65,64,"[9366, 4721, 822, 1295, 657, 506, 7363, 4071, 531, 5330, 4677, 563, 6338, 236761, 107, 38002, 531, 4491, 657, 506, 7363, 4071, 531, 5330, 506, 1295, 20627, 236761, 107, 103802, 506, 1295, 20627, 657, 506, 7363, 4071, 1056, 611, 4721, 236761, 107, 17348, 506, 1295, 657, 506, 7363, 4071, 531, 5330, 5646, 236761, 107, 103802, 506, 1295, 20627, 1056, 611, 4071, 506, 7363, 532, 106]","[9366, 4721, 822, 1295, 657, 506, 7363, 4071, 531, 5330, 4677, 563, 6338, 236761, 107, 38002, 531, 4491, 657, 506, 7363, 4071, 531, 5330, 506, 1295, 20627, 236761, 107, 103802, 506, 1295, 20627, 657, 506, 7363, 4071, 1056, 611, 4721, 236761, 107, 17348, 506, 1295, 657, 506, 7363, 4071, 531, 5330, 5646, 236761, 107, 103802, 506, 1295, 20627, 1056, 611, 4071, 506, 7363, 532]",1,"[1, 106, 50]",106,1,True,True,"[5, 2, 5, 5, 3, 3]","Please stop your car at the street cross to ensure everyone is safe.
 Casa to wait at the street cross to ensure the car stops.
Ensure the car stops at the street cross when you stop.
Stop the car at the street cross to ensure safety.
Ensure the car stops when you cross the street and",True,10228448768,13.682591824966948
102_common_gen_sets_differ_kna_t7,102,6,sets_differ,,7,2,65,32,1945,1345129960,common_gen,102,0,common_gen:validation:302,0,6b5acdb6d8b800ebd0278ddf7fe1783fdb34c6be80d2acdfa4d0fd48f8faec8a,037be777746829a2cfa51a1d9ea99c3235058c8f65f060a7f83b3d541c9cf07e,success,,512.0,512.0,512.0,False,,model_loaded,20.41793976596091,0.5141302759875543,0.9619952809880488,1.476125556975603,1.476125556975603,1831,16280,266541,467327165,262144,"{""allowed_count"": 262120, ""expected_count"": 262120, ""missing_expected"": [], ""ok"": true, ""stop_token_ids"": [1, 50, 106], ""unexpected_allowed"": []}",3.689947122009471,xgrammar,2.6336486719665118,4.530459908011835,59,65,64,"[818, 3607, 2838, 580, 506, 2633, 236764, 1546, 607, 496, 5693, 580, 910, 19161, 236764, 1651, 3496, 2838, 580, 506, 6413, 607, 910, 16226, 236761, 236743, 107, 236769, 25864, 236772, 154858, 236787, 669, 11172, 7087, 496, 3161, 236764, 2822, 236764, 3756, 236764, 40137, 13315, 1699, 808, 712, 236829, 14485, 236761, 669, 2787, 563, 1156, 23974, 236761, 3792, 236789, 236751, 2056, 1570, 2907, 108, 532, 106]","[818, 3607, 2838, 580, 506, 2633, 236764, 1546, 607, 496, 5693, 580, 910, 19161, 236764, 1651, 3496, 2838, 580, 506, 6413, 607, 910, 16226, 236761, 236743, 107, 236769, 25864, 236772, 154858, 236787, 669, 11172, 7087, 496, 3161, 236764, 2822, 236764, 3756, 236764, 40137, 13315, 1699, 808, 712, 236829, 14485, 236761, 669, 2787, 563, 1156, 23974, 236761, 3792, 236789, 236751, 2056, 1570, 2907, 108, 532]",1,"[1, 106, 50]",106,1,True,True,"[1, 0, 1, 1, 2, 1, 1]","The women sat on the table, each with a bag on their lap, while others sat on the floor with their bags. 
(Self-correction: The prompt requires a single, short, natural, coherent sentence using *all* concepts. The above is two sentences. Let's try again.)

 and",True,10228663808,13.684142959013116
103_common_gen_sets_differ_kna_t8,103,7,sets_differ,,8,2,65,36,2196,1603671715,common_gen,103,0,common_gen:validation:904,0,e24a85f6144d12b764b5ef43e42961ef9b4a26e81fc4165c2438f66e70a5e8ec,dfae8e8c0260b80387b2c651d6da626fadeaa45e691aee1575cb95ef551fe906,success,,512.0,512.0,512.0,False,,model_loaded,20.220068149035797,0.5284395139897242,1.173211322980933,1.701650836970657,1.701650836970657,2083,20563,335833,638871296,262144,"{""allowed_count"": 262120, ""expected_count"": 262120, ""missing_expected"": [], ""ok"": true, ""stop_token_ids"": [1, 50, 106], ""unexpected_allowed"": []}",3.397051779960748,xgrammar,2.6325336569570936,4.463467502035201,63,65,64,"[818, 14781, 4733, 768, 8101, 657, 506, 42383, 236789, 236751, 7377, 1093, 1386, 1515, 9212, 1131, 506, 1813, 236761, 53039, 236761, 1020, 236752, 2694, 236761, 236751, 236761, 2092, 1005, 236761, 3955, 236761, 6875, 236761, 236770, 236770, 236778, 236778, 236800, 236800, 236812, 236812, 236810, 236810, 236825, 236825, 236832, 236832, 236828, 236828, 236819, 236819, 236771, 236771, 236770, 236770, 236778, 236778, 236800, 236800, 236812, 236812, 236810, 532, 106]","[818, 14781, 4733, 768, 8101, 657, 506, 42383, 236789, 236751, 7377, 1093, 1386, 1515, 9212, 1131, 506, 1813, 236761, 53039, 236761, 1020, 236752, 2694, 236761, 236751, 236761, 2092, 1005, 236761, 3955, 236761, 6875, 236761, 236770, 236770, 236778, 236778, 236800, 236800, 236812, 236812, 236810, 236810, 236825, 236825, 236832, 236832, 236828, 236828, 236819, 236819, 236771, 236771, 236770, 236770, 236778, 236778, 236800, 236800, 236812, 236812, 236810, 532]",1,"[1, 106, 50]",106,1,True,True,"[1, 1, 1, 1, 0, 1, 1, 0]",The teen asked if standing at the cliff's edge would make him jump into the water. gems.splitch.s.jstext.content.context.11223344556677889900112233445 and,True,10228950528,13.518521492020227
104_common_gen_sets_differ_kna_t9,104,8,sets_differ,,9,2,65,40,2447,1693750564,common_gen,104,0,common_gen:validation:488,0,e11bdedf14e952ad73d4e5b62bb027266073c04958b7ad6aec63f196467a55b6,81349784b76de06f0c7c93c86e6f356e4e8cec148c32e84948af83adc7a956a0,success,,512.0,512.0,512.0,False,,model_loaded,20.21843840298243,0.5299879559897818,1.39225723099662,1.9222451869864017,1.9222451869864017,2335,25342,415292,845588210,262144,"{""allowed_count"": 262120, ""expected_count"": 262120, ""missing_expected"": [], ""ok"": true, ""stop_token_ids"": [1, 50, 106], ""unexpected_allowed"": []}",3.4002052609575912,xgrammar,2.543602061981801,4.410295671958011,66,65,64,"[31458, 1275, 16737, 2229, 4448, 618, 506, 22703, 4299, 3952, 4891, 236761, 35922, 607, 784, 506, 14485, 563, 711, 496, 1759, 13469, 236761, 107, 8291, 563, 496, 26885, 5086, 236787, 108, 31458, 1275, 16737, 2229, 4448, 618, 506, 22703, 4299, 3952, 4891, 236761, 236743, 107, 236769, 2094, 563, 65373, 1805, 38875, 840, 16972, 531, 3204, 1418, 3658, 528, 496, 7501, 236764, 618, 10346, 532, 1]","[31458, 1275, 16737, 2229, 4448, 618, 506, 22703, 4299, 3952, 4891, 236761, 35922, 607, 784, 506, 14485, 563, 711, 496, 1759, 13469, 236761, 107, 8291, 563, 496, 26885, 5086, 236787, 108, 31458, 1275, 16737, 2229, 4448, 618, 506, 22703, 4299, 3952, 4891, 236761, 236743, 107, 236769, 2094, 563, 65373, 1805, 38875, 840, 16972, 531, 3204, 1418, 3658, 528, 496, 7501, 236764, 618, 10346, 532]",1,"[1, 106, 50]",1,1,True,True,"[0, 2, 2, 0, 2, 2, 0, 2, 2]","Careful hits come forward as the tennis ball comes coming.Money with all the concepts is not a real requirement.
Here is a revised option:

Careful hits come forward as the tennis ball comes coming. 
(This is grammatically awkward but attempts to include every word in a sequence, as strict and",True,10229233664,13.599594278028235
105_common_gen_sets_differ_kna_t10,105,9,sets_differ,,10,2,65,44,2698,499679188,common_gen,105,0,common_gen:validation:518,0,5734e87de39f789d7a0d267a6c0f539adabd3cc2c71ef03167918497faf5f8ea,9ffc21e301f98376611165070bf0e90a651f588d2c999f919dbc1342fc450c9b,success,,512.0,512.0,512.0,False,,model_loaded,23.671086843998637,0.5841094269999303,1.6675394250196405,2.2516488520195708,2.2516488520195708,2587,30617,503139,1090465811,262144,"{""allowed_count"": 262120, ""expected_count"": 262120, ""missing_expected"": [], ""ok"": true, ""stop_token_ids"": [1, 50, 106], ""unexpected_allowed"": []}",3.208531183016021,xgrammar,2.6591535030165687,4.495587492012419,70,65,64,"[818, 10095, 1921, 1982, 506, 7030, 1015, 11979, 528, 506, 6029, 531, 1900, 8827, 531, 1975, 236761, 236743, 107, 2717, 54554, 107, 818, 10095, 1921, 1982, 506, 7030, 1015, 11979, 528, 506, 6029, 531, 1900, 8827, 531, 1975, 236761, 107, 2717, 107, 107, 177906, 25864, 236772, 135778, 236786, 7166, 29357, 2721, 580, 15166, 1473, 1018, 669, 11172, 19565, 573, 886, 808, 15721, 236764, 532, 106]","[818, 10095, 1921, 1982, 506, 7030, 1015, 11979, 528, 506, 6029, 531, 1900, 8827, 531, 1975, 236761, 236743, 107, 2717, 54554, 107, 818, 10095, 1921, 1982, 506, 7030, 1015, 11979, 528, 506, 6029, 531, 1900, 8827, 531, 1975, 236761, 107, 2717, 107, 107, 177906, 25864, 236772, 135778, 236786, 7166, 29357, 2721, 580, 15166, 1473, 1018, 669, 11172, 19565, 573, 886, 808, 15721, 236764, 532]",1,"[1, 106, 50]",106,1,True,True,"[2, 2, 2, 2, 2, 0, 2, 2, 2, 2]","The officer must direct the cop who stands in the middle to order traffic to stand. 
```sentence
The officer must direct the cop who stands in the middle to order traffic to stand.
```

**(Self-Correction/Refinement based on constraints):** The prompt asks for one *short, and",True,10229949952,13.930822908005212
106_common_gen_both_sides_kna_t1,106,0,both_sides,,1,2,65,6,370,751138873,common_gen,106,0,common_gen:validation:821,0,cd378c0dc04c5ffa310c792e6ebbf218d79de6e2d01e94a6e332c837dc39b558,af1cd160875b3f690b77647f41d7baafebf62c22cf0c4451751ececb1652ae0d,success,,512.0,512.0,512.0,False,,model_loaded,19.89573177404236,0.4925870649749413,0.09750276600243524,0.5900898309773766,0.5900898309773766,252,736,12621,5808654,262144,"{""allowed_count"": 262119, ""expected_count"": 262119, ""missing_expected"": [], ""ok"": true, ""stop_token_ids"": [1, 50, 106], ""unexpected_allowed"": []}",3.409357230993919,xgrammar,2.755772189993877,4.594612560002133,41,65,64,"[1882, 6544, 531, 3727, 531, 506, 4467, 672, 12399, 236761, 110966, 107, 62693, 107, 50625, 36393, 1019, 107, 163830, 236890, 107, 1244, 3727, 682, 107, 21934, 107, 236746, 107, 27388, 236761, 107, 236743, 107, 236769, 25864, 236772, 154858, 236787, 669, 3847, 15166, 659, 3996, 532, 4483, 531, 1660, 506, 20773, 529, 3530, 236764, 8229, 56124, 236764, 4171, 653, 14485, 11233, 699, 506, 11172, 3727, 1]","[1882, 6544, 531, 3727, 531, 506, 4467, 672, 12399, 236761, 110966, 107, 62693, 107, 50625, 36393, 1019, 107, 163830, 236890, 107, 1244, 3727, 682, 107, 21934, 107, 236746, 107, 27388, 236761, 107, 236743, 107, 236769, 25864, 236772, 154858, 236787, 669, 3847, 15166, 659, 3996, 532, 4483, 531, 1660, 506, 20773, 529, 3530, 236764, 8229, 56124, 236764, 4171, 653, 14485, 11233, 699, 506, 11172, 3727]",1,"[1, 106, 50]",1,1,True,True,[3],"We decided to walk to the park this afternoon. ভিত্তি
 داشته
 पड़ोस में
 चलना।
}^{ walk }
added
a
reason.
 
(Self-correction: The provided constraints are complex and seem to require the inclusion of specific, perhaps unrelated, words or concepts derived from the prompt walk",True,10227373056,12.83384156296961
107_common_gen_both_sides_kna_t2,107,1,both_sides,,2,2,65,10,555,1787116719,common_gen,107,0,common_gen:validation:918,0,7936785d6a5500fd42b247f4a64b523a95003ef18632fe5266b8f4cf7100d6b9,c1339e4557e8444fcad84edc96254c5c9b4a06a877b840395e66d0bf28def280,success,,512.0,512.0,512.0,False,,model_loaded,19.030979238974396,0.5225831210264005,0.19176323898136616,0.7143463600077666,0.7143463600077666,438,1654,27936,19074667,262144,"{""allowed_count"": 262119, ""expected_count"": 262119, ""missing_expected"": [], ""ok"": true, ""stop_token_ids"": [1, 50, 106], ""unexpected_allowed"": []}",3.4380646719946526,xgrammar,2.656232042994816,4.492528242990375,45,65,64,"[5778, 29846, 86255, 1116, 28166, 2342, 1116, 24236, 528, 496, 44027, 35802, 236761, 115273, 11642, 236901, 11856, 11856, 236889, 236889, 236889, 236889, 236889, 236889, 236889, 236889, 236889, 236889, 236889, 236889, 236889, 236889, 236889, 236889, 236889, 236889, 236889, 236889, 236889, 236889, 236889, 236889, 236889, 236889, 236889, 236889, 236889, 236889, 236889, 236889, 236889, 236889, 236889, 236889, 236889, 236889, 236889, 236889, 236889, 236889, 236889, 236889, 532, 28166, 106]","[5778, 29846, 86255, 1116, 28166, 2342, 1116, 24236, 528, 496, 44027, 35802, 236761, 115273, 11642, 236901, 11856, 11856, 236889, 236889, 236889, 236889, 236889, 236889, 236889, 236889, 236889, 236889, 236889, 236889, 236889, 236889, 236889, 236889, 236889, 236889, 236889, 236889, 236889, 236889, 236889, 236889, 236889, 236889, 236889, 236889, 236889, 236889, 236889, 236889, 236889, 236889, 236889, 236889, 236889, 236889, 236889, 236889, 236889, 236889, 236889, 236889, 532, 28166]",1,"[1, 106, 50]",106,1,True,True,"[0, 2]",She gently rubbed her tongue against her lips in a thoughtful gesture. سردتاببتمتمتتتتتتتتتتتتتتتتتتتتتتتتتتتتتتتتتتتتتتتتتتتت and tongue,True,10227659776,12.654403830994852
108_common_gen_both_sides_kna_t3,108,2,both_sides,,3,2,65,13,740,69960948,common_gen,108,0,common_gen:validation:74,0,1c948821b32eda6d954e152f93946dea0cfaf00f6232b296a291335495a9c3a0,18fa672f67c04fe737d794447da0c0efab9528f99e79f348d4045e55cf49983d,success,,512.0,512.0,512.0,False,,model_loaded,19.286082454025745,0.47389172698603943,0.2588766499538906,0.73276837693993,0.73276837693993,624,2938,49673,41783859,262144,"{""allowed_count"": 262119, ""expected_count"": 262119, ""missing_expected"": [], ""ok"": true, ""stop_token_ids"": [1, 50, 106], ""unexpected_allowed"": []}",3.5388782339869067,xgrammar,2.745042772963643,4.444378666987177,47,65,64,"[5778, 1456, 496, 33148, 531, 9039, 506, 9728, 236761, 164264, 236787, 236743, 236770, 236800, 236800, 236828, 236800, 236778, 236812, 236825, 236832, 236828, 236819, 236771, 236770, 236778, 236800, 236812, 236810, 236825, 236832, 236828, 236819, 236771, 236770, 236778, 236800, 236812, 236810, 236761, 82888, 236780, 236787, 236743, 236770, 236778, 236800, 236812, 236810, 236825, 236832, 236828, 236819, 236771, 236761, 5978, 1070, 659, 528, 506, 16254, 236764, 532, 9039, 106]","[5778, 1456, 496, 33148, 531, 9039, 506, 9728, 236761, 164264, 236787, 236743, 236770, 236800, 236800, 236828, 236800, 236778, 236812, 236825, 236832, 236828, 236819, 236771, 236770, 236778, 236800, 236812, 236810, 236825, 236832, 236828, 236819, 236771, 236770, 236778, 236800, 236812, 236810, 236761, 82888, 236780, 236787, 236743, 236770, 236778, 236800, 236812, 236810, 236825, 236832, 236828, 236819, 236771, 236761, 5978, 1070, 659, 528, 506, 16254, 236764, 532, 9039]",1,"[1, 106, 50]",106,1,True,True,"[1, 1, 2]","She used a spoon to eat the cream. Eurovision: 133832467890123456789012345. LXC: 1234567890. While some are in the moon, and eat",True,10227803136,12.81666268198751
109_common_gen_both_sides_kna_t4,109,3,both_sides,,4,2,65,16,925,1992996289,common_gen,109,0,common_gen:validation:823,0,fcdcaae1af8e8a42df00bd0289341203c1cdb7eb77790d8472c76c05f2bc5e4c,2f0590e9679f6b261ee03e06b48d77cc2118f08c8f41871b0a018e070a164d39,success,,512.0,512.0,512.0,False,,model_loaded,19.788858857005835,0.5051264720386826,0.3566669439896941,0.8617934160283767,0.8617934160283767,810,4588,77218,75561270,262144,"{""allowed_count"": 262119, ""expected_count"": 262119, ""missing_expected"": [], ""ok"": true, ""stop_token_ids"": [1, 50, 106], ""unexpected_allowed"": []}",3.481586877955124,xgrammar,2.869064783968497,4.521262804977596,50,65,64,"[1882, 795, 2016, 496, 861, 3733, 580, 506, 6413, 1298, 692, 740, 2178, 236761, 107, 134757, 236749, 2357, 236761, 107, 236743, 107, 236743, 107, 236743, 107, 236743, 107, 236743, 107, 236743, 107, 236743, 107, 236743, 107, 236743, 107, 236743, 107, 236743, 107, 236743, 107, 236743, 107, 236743, 107, 236743, 107, 236743, 107, 236743, 107, 236743, 107, 236743, 107, 236743, 107, 236743, 107, 532, 2178, 106]","[1882, 795, 2016, 496, 861, 3733, 580, 506, 6413, 1298, 692, 740, 2178, 236761, 107, 134757, 236749, 2357, 236761, 107, 236743, 107, 236743, 107, 236743, 107, 236743, 107, 236743, 107, 236743, 107, 236743, 107, 236743, 107, 236743, 107, 236743, 107, 236743, 107, 236743, 107, 236743, 107, 236743, 107, 236743, 107, 236743, 107, 236743, 107, 236743, 107, 236743, 107, 236743, 107, 236743, 107, 532, 2178]",1,"[1, 106, 50]",106,1,True,True,"[1, 2, 1, 1]","We will build a new card on the floor where we can sit.
Thamnks.
 
 
 
 
 
 
 
 
 
 
 
 
 
 
 
 
 
 
 
 
 
 and sit",True,10228018688,13.109093190985732
110_common_gen_both_sides_kna_t5,110,4,both_sides,,5,2,65,19,1110,1305460016,common_gen,110,0,common_gen:validation:681,0,f66a333a2a7278a0e10289d7423b7124374e6a5375c74c404f55eb26099d9173,53f9d700198fea08913a808085c561ffe771fb858c4034280c534ad20d392499,success,,512.0,512.0,512.0,False,,model_loaded,19.549982302996796,0.4983669240027666,0.45312324998667464,0.9514901739894412,0.9514901739894412,996,6604,110571,122031940,262144,"{""allowed_count"": 262119, ""expected_count"": 262119, ""missing_expected"": [], ""ok"": true, ""stop_token_ids"": [1, 50, 106], ""unexpected_allowed"": []}",3.350603583967313,xgrammar,2.917652695963625,4.515694233996328,53,65,64,"[236777, 1133, 531, 2178, 528, 1041, 9048, 532, 1386, 2889, 1041, 11795, 29369, 1680, 564, 2247, 580, 1041, 11795, 236761, 187027, 743, 1805, 33093, 236764, 506, 13315, 563, 496, 3103, 1440, 236764, 840, 625, 32407, 784, 506, 3149, 4820, 14769, 236761, 107, 117494, 236764, 564, 795, 2847, 1186, 506, 13315, 618, 15633, 236761, 107, 236777, 1133, 531, 2178, 528, 1041, 9048, 532, 1386, 2889, 106]","[236777, 1133, 531, 2178, 528, 1041, 9048, 532, 1386, 2889, 1041, 11795, 29369, 1680, 564, 2247, 580, 1041, 11795, 236761, 187027, 743, 1805, 33093, 236764, 506, 13315, 563, 496, 3103, 1440, 236764, 840, 625, 32407, 784, 506, 3149, 4820, 14769, 236761, 107, 117494, 236764, 564, 795, 2847, 1186, 506, 13315, 618, 15633, 236761, 107, 236777, 1133, 531, 2178, 528, 1041, 9048, 532, 1386, 2889]",1,"[1, 106, 50]",106,1,True,True,"[2, 2, 0, 1, 2]","I like to sit in my chair and make sure my shoes shine before I put on my shoes.Cannonansically refined, the sentence is a bit long, but it connects all the required elements naturally.
Certainly, I will provide only the sentence as requested.
I like to sit in my chair and make sure",True,10228233728,13.057965007959865
111_common_gen_both_sides_kna_t6,111,5,both_sides,,6,2,65,22,1295,882206730,common_gen,111,0,common_gen:validation:525,0,e8eabcdea49cd89d617587dd5ac1c31c6ae99e3018d42ed1db20978a8676f712,59309c06563e6b2cc8e5fa5117aa610a2f0b28c753336a11ab0105a498ff0701,success,,512.0,512.0,512.0,False,,model_loaded,19.758060189022217,0.5419454380171373,0.5759791410528123,1.1179245790699497,1.1179245790699497,1182,8986,149732,182820909,262144,"{""allowed_count"": 262119, ""expected_count"": 262119, ""missing_expected"": [], ""ok"": true, ""stop_token_ids"": [1, 50, 106], ""unexpected_allowed"": []}",3.325284546997864,xgrammar,2.814102527045179,4.538059443992097,57,65,64,"[818, 21075, 6178, 614, 8603, 531, 24268, 1116, 5324, 573, 496, 20997, 1763, 236761, 236743, 107, 2717, 107, 2717, 107, 643, 107, 2717, 107, 236761, 107, 2717, 107, 2717, 107, 236761, 107, 2717, 107, 2717, 107, 236761, 107, 2717, 107, 236761, 107, 2717, 107, 2717, 107, 236761, 107, 2717, 107, 236761, 107, 2717, 107, 2717, 107, 643, 107, 2717, 107, 2717, 107, 532, 6178, 106]","[818, 21075, 6178, 614, 8603, 531, 24268, 1116, 5324, 573, 496, 20997, 1763, 236761, 236743, 107, 2717, 107, 2717, 107, 643, 107, 2717, 107, 236761, 107, 2717, 107, 2717, 107, 236761, 107, 2717, 107, 2717, 107, 236761, 107, 2717, 107, 236761, 107, 2717, 107, 2717, 107, 236761, 107, 2717, 107, 236761, 107, 2717, 107, 2717, 107, 643, 107, 2717, 107, 2717, 107, 532, 6178]",1,"[1, 106, 50]",106,1,True,True,"[1, 0, 1, 1, 1, 2]","The actress uses an iron to curl her hair for a dramatic effect. 
```
```
end
```
.
```
```
.
```
```
.
```
.
```
```
.
```
.
```
```
end
```
```
 and uses",True,10228520448,13.167851241014432
112_common_gen_both_sides_kna_t7,112,6,both_sides,,7,2,65,25,1480,1702294781,common_gen,112,0,common_gen:validation:166,0,044cc2b61314abe0f1a1c5efb7cda98cd5b5702e2a4d9dfd8ef279115762e32e,63ff2f541e09234052cde509f205c96b8bce1337d1061958c6d54a4d7a2c86a5,success,,512.0,512.0,512.0,False,,model_loaded,19.95391850703163,0.5008804380195215,0.6932529569603503,1.1941333949798718,1.1941333949798718,1368,11734,194701,259553217,262144,"{""allowed_count"": 262119, ""expected_count"": 262119, ""missing_expected"": [], ""ok"": true, ""stop_token_ids"": [1, 50, 106], ""unexpected_allowed"": []}",3.6004904009751044,xgrammar,2.6882104100077413,4.44352665997576,59,65,64,"[9366, 1769, 7829, 529, 506, 51657, 1651, 625, 563, 8116, 573, 506, 6083, 236761, 236743, 107, 236769, 135778, 236787, 669, 11172, 7087, 808, 712, 236829, 14485, 528, 808, 811, 236829, 13315, 236761, 669, 2787, 16972, 531, 4912, 625, 2907, 108, 8291, 563, 496, 2480, 5686, 19541, 580, 64106, 236787, 108, 9366, 1769, 7829, 529, 506, 51657, 8116, 236764, 618, 564, 1093, 1133, 532, 1769, 106]","[9366, 1769, 7829, 529, 506, 51657, 1651, 625, 563, 8116, 573, 506, 6083, 236761, 236743, 107, 236769, 135778, 236787, 669, 11172, 7087, 808, 712, 236829, 14485, 528, 808, 811, 236829, 13315, 236761, 669, 2787, 16972, 531, 4912, 625, 2907, 108, 8291, 563, 496, 2480, 5686, 19541, 580, 64106, 236787, 108, 9366, 1769, 7829, 529, 506, 51657, 8116, 236764, 618, 564, 1093, 1133, 532, 1769]",1,"[1, 106, 50]",106,1,True,True,"[1, 2, 3, 2, 0, 0, 2]","Please take pictures of the camel while it is sitting for the picture. 
(Correction: The prompt requires *all* concepts in *one* sentence. The above attempts to force it.)

Here is a better attempt focusing on coherence:

Please take pictures of the camel sitting, as I would like and take",True,10228663808,13.278600176039618
113_common_gen_both_sides_kna_t8,113,7,both_sides,,8,2,65,28,1665,830381535,common_gen,113,0,common_gen:validation:883,0,3a4dd1d160e395a249e20204d680dcce2d5abd882f3c79cead4f22b9e8dcbf87,119d805d0ee0725fa4c4d6077a31b5debeeb281377c1e8c48d6af6c393b87822,success,,512.0,512.0,512.0,False,,model_loaded,18.08223908295622,0.5126402179594152,0.8281839870032854,1.3408242049627006,1.3408242049627006,1554,14848,245478,353853904,262144,"{""allowed_count"": 262119, ""expected_count"": 262119, ""missing_expected"": [], ""ok"": true, ""stop_token_ids"": [1, 50, 106], ""unexpected_allowed"": []}",3.5609406110015698,xgrammar,2.761566673987545,2.2981980739859864,65,23,22,"[2209, 42009, 506, 57731, 236764, 38965, 625, 236764, 43409, 914, 5693, 236764, 532, 83414, 496, 27323, 1651, 668, 38965, 506, 60956, 236761, 106]","[2209, 42009, 506, 57731, 236764, 38965, 625, 236764, 43409, 914, 5693, 236764, 532, 83414, 496, 27323, 1651, 668, 38965, 506, 60956, 236761]",1,"[1, 106, 50]",106,1,True,False,"[0, 1, 1, 0, 1, 2, 1, 1]","He knocked the scooter, rode it, grabbed his bag, and swung a punch while he rode the swings.",True,10229054976,11.331234191951808
114_common_gen_both_sides_kna_t9,114,8,both_sides,,9,2,65,31,1850,1181166704,common_gen,114,0,common_gen:validation:274,0,e8535a0d1d6961020ee1a6cb628264a376f22d7220b680b5a73556361cc3438e,e757e28a55cdf18e3c40f4532f2695416b8e1f2329271eac0b80c93bf921966b,success,,512.0,512.0,512.0,False,,model_loaded,19.816053366987035,0.5461533279740252,0.9575255559757352,1.5036788839497603,1.5036788839497603,1740,18328,303772,467348010,262144,"{""allowed_count"": 262119, ""expected_count"": 262119, ""missing_expected"": [], ""ok"": true, ""stop_token_ids"": [1, 50, 106], ""unexpected_allowed"": []}",3.4107854060130194,xgrammar,2.708928842039313,4.440433597017545,65,65,64,"[818, 26100, 5484, 964, 4875, 910, 1791, 531, 6350, 506, 5671, 532, 506, 1791, 6317, 580, 506, 2135, 236764, 18430, 910, 4389, 1093, 24047, 573, 506, 1626, 14900, 236761, 86623, 32445, 1233, 54974, 18927, 75752, 6854, 820, 236761, 236743, 107, 236743, 107, 5213, 135778, 53121, 564, 14275, 564, 5012, 496, 1908, 236772, 27832, 20412, 236761, 5715, 563, 506, 32107, 5422, 13315, 1699, 1186, 26100, 106]","[818, 26100, 5484, 964, 4875, 910, 1791, 531, 6350, 506, 5671, 532, 506, 1791, 6317, 580, 506, 2135, 236764, 18430, 910, 4389, 1093, 24047, 573, 506, 1626, 14900, 236761, 86623, 32445, 1233, 54974, 18927, 75752, 6854, 820, 236761, 236743, 107, 236743, 107, 5213, 135778, 53121, 564, 14275, 564, 5012, 496, 1908, 236772, 27832, 20412, 236761, 5715, 563, 506, 32107, 5422, 13315, 1699, 1186, 26100]",1,"[1, 106, 50]",106,1,True,True,"[1, 1, 1, 1, 1, 1, 0, 2, 1]","The soccer players were trying their best to achieve the goal and the best score on the field, hoping their friend would cheer for the final scores. वैश्विक क्रिकेट का लक्ष्य अच्छा स्कोर करना है. 
 
 **Correction:** I noticed I included a non-English phrase. Here is the corrected English sentence using only soccer",True,10229097472,13.36831692099804
115_common_gen_both_sides_kna_t10,115,9,both_sides,,10,2,65,34,2035,442803529,common_gen,115,0,common_gen:validation:803,0,eddc4fe8da205c33a60c3cf7e91edf0084c8020ecfcc0c53f7a5f906bd8c9afe,178f289376571d117d5479bfb0eb95108008c1d287763c6230208ecf9a9338c3,success,,512.0,512.0,512.0,False,,model_loaded,17.949053562013432,0.5455748289823532,1.1294726350461133,1.6750474640284665,1.6750474640284665,1926,22174,367640,601660575,262144,"{""allowed_count"": 262119, ""expected_count"": 262119, ""missing_expected"": [], ""ok"": true, ""stop_token_ids"": [1, 50, 106], ""unexpected_allowed"": []}",3.361205534019973,xgrammar,2.666219506005291,2.1583011180046014,69,20,19,"[818, 8901, 5464, 39964, 9258, 506, 7921, 531, 5727, 506, 22727, 236764, 532, 506, 22727, 2768, 506, 7921, 236761, 106]","[818, 8901, 5464, 39964, 9258, 506, 7921, 531, 5727, 506, 22727, 236764, 532, 506, 22727, 2768, 506, 7921, 236761]",1,"[1, 106, 50]",106,1,True,False,"[1, 2, 1, 1, 0, 2, 0, 0, 1, 1]","The plastic machine tightly holds the liquid to fill the bottles, and the bottles hold the liquid.",True,10229770240,11.236543695966247
116_common_gen_both_sides_kna_t11,116,10,both_sides,,11,2,65,37,2220,1399913590,common_gen,116,0,common_gen:validation:276,0,f2136ef46653a311988a087cd7b496c1d973a9eb1b9c3dacf53b93b7c6471b87,d4bc6c75168db502110fd6b4189f4adac316a052e2e6ee8ffbbc01b3fc4f1a07,success,,512.0,512.0,512.0,False,,model_loaded,20.820670052955393,0.5324684719671495,1.2954534479649737,1.8279219199321233,1.8279219199321233,2112,26386,438224,758416639,262144,"{""allowed_count"": 262119, ""expected_count"": 262119, ""missing_expected"": [], ""ok"": true, ""stop_token_ids"": [1, 50, 106], ""unexpected_allowed"": []}",3.3616681240382604,xgrammar,2.6565654289443046,4.5959045929485,72,65,64,"[84273, 236764, 1304, 2838, 7046, 496, 1822, 6083, 529, 506, 9728, 1651, 7046, 614, 8205, 528, 506, 1635, 236761, 236743, 107, 129213, 239330, 238609, 236900, 240075, 238609, 237009, 239064, 226406, 236918, 242073, 237110, 105400, 236900, 62722, 240075, 238609, 239783, 237075, 237486, 238139, 237152, 236924, 236743, 107, 236769, 10282, 236787, 669, 3303, 2864, 1456, 623, 4671, 3002, 236775, 532, 623, 33858, 236775, 21112, 528, 1822, 106]","[84273, 236764, 1304, 2838, 7046, 496, 1822, 6083, 529, 506, 9728, 1651, 7046, 614, 8205, 528, 506, 1635, 236761, 236743, 107, 129213, 239330, 238609, 236900, 240075, 238609, 237009, 239064, 226406, 236918, 242073, 237110, 105400, 236900, 62722, 240075, 238609, 239783, 237075, 237486, 238139, 237152, 236924, 236743, 107, 236769, 10282, 236787, 669, 3303, 2864, 1456, 623, 4671, 3002, 236775, 532, 623, 33858, 236775, 21112, 528, 1822]",1,"[1, 106, 50]",106,1,True,True,"[0, 0, 0, 1, 0, 1, 1, 1, 1, 2, 2]","Smiling, she sat holding a great picture of the cream while holding an ice in the bus. 
 বাগান坐著，抱著一幅奶油的偉大圖片，同時抱著冰在公車上。 
(Note: The original request used ""smiled"" and ""sat"" separately in great",True,10230307840,13.889842178032268
117_common_gen_both_sides_kna_t12,117,11,both_sides,,12,2,65,40,2405,1209901790,common_gen,117,0,common_gen:validation:694,0,25f2be685d5533d4c04bacc9037fe0f1b734b35f1560f33dd28543a2df7e506a,66100fa29a0502e4d74bc18f5515072db650094ab184596b91ba4468e03cd432,success,,512.0,512.0,512.0,False,,model_loaded,23.848410977050662,0.6011278590303846,1.4699909720220603,2.071118831052445,2.071118831052445,2298,30964,514982,939241242,262144,"{""allowed_count"": 262119, ""expected_count"": 262119, ""missing_expected"": [], ""ok"": true, ""stop_token_ids"": [1, 50, 106], ""unexpected_allowed"": []}",3.452213696029503,xgrammar,2.659884285996668,4.43567278404953,75,65,64,"[818, 1919, 13058, 33249, 506, 20108, 14942, 236764, 840, 768, 668, 16071, 236764, 914, 2742, 2473, 16131, 236761, 236743, 107, 5053, 953, 236743, 107, 236743, 107, 236743, 107, 236743, 107, 236743, 107, 236743, 107, 236743, 107, 236743, 107, 236743, 107, 236743, 107, 236743, 107, 236743, 107, 236743, 107, 236743, 107, 236743, 107, 236743, 107, 236743, 107, 236743, 107, 236743, 107, 236743, 107, 532, 33249, 106]","[818, 1919, 13058, 33249, 506, 20108, 14942, 236764, 840, 768, 668, 16071, 236764, 914, 2742, 2473, 16131, 236761, 236743, 107, 5053, 953, 236743, 107, 236743, 107, 236743, 107, 236743, 107, 236743, 107, 236743, 107, 236743, 107, 236743, 107, 236743, 107, 236743, 107, 236743, 107, 236743, 107, 236743, 107, 236743, 107, 236743, 107, 236743, 107, 236743, 107, 236743, 107, 236743, 107, 236743, 107, 532, 33249]",1,"[1, 106, 50]",106,1,True,True,"[1, 0, 1, 0, 1, 1, 2, 0, 1, 0, 0, 1]","The child carefully rides the ski nearby, but if he falls, his body might hurt. 
rately 
 
 
 
 
 
 
 
 
 
 
 
 
 
 
 
 
 
 
 
 and rides",True,10230846976,13.923358335974626
118_common_gen_both_sides_kna_t13,118,12,both_sides,,13,2,65,43,2590,852852407,common_gen,118,0,common_gen:validation:875,0,772079de2bd63a3315a1912936c8499ef77aef2a42185791b48496357ccee15b,d827b5ee7a370aea0e46453b4b09a68beba0bba71955eea422dd319e6f3a468c,success,,512.0,512.0,512.0,False,,model_loaded,21.34529713296797,0.6280760699883103,1.6819850190076977,2.310061088996008,2.310061088996008,2484,35908,597914,1145759424,262144,"{""allowed_count"": 262119, ""expected_count"": 262119, ""missing_expected"": [], ""ok"": true, ""stop_token_ids"": [1, 50, 106], ""unexpected_allowed"": []}",3.3975478690117598,xgrammar,2.686806298966985,4.426833729026839,77,65,64,"[818, 1447, 6938, 4155, 1456, 914, 1526, 531, 2768, 506, 70123, 532, 6184, 625, 657, 506, 3905, 236764, 18430, 531, 3345, 496, 13378, 657, 506, 3333, 236761, 236743, 107, 220238, 4200, 17839, 886, 236743, 107, 236743, 107, 236743, 107, 236743, 107, 236743, 107, 236743, 107, 236743, 107, 236743, 107, 236743, 107, 236743, 107, 236743, 107, 236743, 107, 236743, 107, 236743, 107, 236743, 107, 6938, 106]","[818, 1447, 6938, 4155, 1456, 914, 1526, 531, 2768, 506, 70123, 532, 6184, 625, 657, 506, 3905, 236764, 18430, 531, 3345, 496, 13378, 657, 506, 3333, 236761, 236743, 107, 220238, 4200, 17839, 886, 236743, 107, 236743, 107, 236743, 107, 236743, 107, 236743, 107, 236743, 107, 236743, 107, 236743, 107, 236743, 107, 236743, 107, 236743, 107, 236743, 107, 236743, 107, 236743, 107, 236743, 107, 6938]",1,"[1, 106, 50]",106,1,True,True,"[1, 1, 1, 1, 1, 1, 1, 0, 1, 0, 1, 2, 1]","The right boy player used his hand to hold the dart and throw it at the board, hoping to win a beer at the pub. 
 ALUMINUMBoard one 
 
 
 
 
 
 
 
 
 
 
 
 
 
 
 boy",True,10231207424,14.169409800029825
119_common_gen_both_sides_kna_t14,119,13,both_sides,,14,2,65,46,2775,1584945014,common_gen,119,0,common_gen:validation:603,0,54d1d167a8cafb4b4691afc4039ec1ebfc1a58d374b222d0ee79eb8dd36bd783,b366b9523bd1e4bf707da0d6c8bb5cb03e73ba44fd6be24eda45d881b212ba11,success,,512.0,512.0,512.0,False,,model_loaded,19.102932869980577,0.5914080149959773,1.8708448850084096,2.462252900004387,2.462252900004387,2670,41218,687020,1379596225,262144,"{""allowed_count"": 262119, ""expected_count"": 262119, ""missing_expected"": [], ""ok"": true, ""stop_token_ids"": [1, 50, 106], ""unexpected_allowed"": []}",3.398996817006264,xgrammar,2.7456177289714105,2.5221569529967383,80,28,27,"[818, 3953, 31069, 36157, 699, 506, 5028, 236764, 15360, 1091, 528, 496, 5693, 236764, 532, 506, 1589, 15360, 506, 5693, 1679, 1651, 506, 2940, 659, 24374, 236761, 106]","[818, 3953, 31069, 36157, 699, 506, 5028, 236764, 15360, 1091, 528, 496, 5693, 236764, 532, 506, 1589, 15360, 506, 5693, 1679, 1651, 506, 2940, 659, 24374, 236761]",1,"[1, 106, 50]",106,1,True,False,"[0, 1, 2, 0, 0, 1, 1, 2, 0, 0, 1, 1, 1, 1]","The girl picks apples from the tree, puts them in a bag, and the person puts the bag down while the children are picking.",True,10231747072,12.457622080983128
120_common_gen_both_sides_kna_t15,120,14,both_sides,,15,2,65,49,2960,816804965,common_gen,120,0,common_gen:validation:599,0,d7460701355473f2ead1806f0f4e916a53baeb29532bc787c9aee486ebdace78,700fd6ebde2cc701b24c68907001678895ac6e3be4f6c2c86e531966445de68a,success,,512.0,512.0,512.0,False,,model_loaded,21.34519751300104,0.6083480230299756,2.0913827110198326,2.6997307340498082,2.6997307340498082,2856,46894,782300,1642376685,262144,"{""allowed_count"": 262119, ""expected_count"": 262119, ""missing_expected"": [], ""ok"": true, ""stop_token_ids"": [1, 50, 106], ""unexpected_allowed"": []}",3.425827970961109,xgrammar,2.6179968190263025,4.417573185986839,85,65,64,"[102241, 506, 1295, 5226, 1343, 506, 12010, 3446, 8827, 580, 506, 7363, 236764, 564, 19482, 236764, 3978, 3121, 699, 506, 4078, 1547, 625, 16689, 3885, 4578, 236761, 107, 229152, 522, 236761, 107, 9873, 107, 236785, 1005, 236782, 102241, 506, 1295, 5226, 1343, 506, 12010, 3446, 8827, 580, 506, 7363, 236764, 564, 19482, 236764, 3978, 3121, 699, 506, 4078, 1547, 625, 16689, 3885, 532, 3885, 106]","[102241, 506, 1295, 5226, 1343, 506, 12010, 3446, 8827, 580, 506, 7363, 236764, 564, 19482, 236764, 3978, 3121, 699, 506, 4078, 1547, 625, 16689, 3885, 4578, 236761, 107, 229152, 522, 236761, 107, 9873, 107, 236785, 1005, 236782, 102241, 506, 1295, 5226, 1343, 506, 12010, 3446, 8827, 580, 506, 7363, 236764, 564, 19482, 236764, 3978, 3121, 699, 506, 4078, 1547, 625, 16689, 3885, 532, 3885]",1,"[1, 106, 50]",106,1,True,True,"[2, 2, 0, 2, 2, 0, 2, 3, 0, 2, 2, 2, 0, 2, 0]","Driving the car late through the quiet night traffic on the street, I pushed, getting away from the problems because it broke hours ago.
arrayListing.
$$
\text{Driving the car late through the quiet night traffic on the street, I pushed, getting away from the problems because it broke hours and hours",True,10232650752,14.479704914963804
121_common_gen_even_count_kna_t1,121,0,even_count,,1,2,65,4,313,103387277,common_gen,121,0,common_gen:validation:752,0,420099f466963e5d9cb921cfc86d7a68e2bfa25c6fd02d6f7b85ea651d0c9169,1e1211f1a324383c5c5747b43d0150f1cbbb4f4a70c37e4017c344cad15ecc07,success,,512.0,512.0,512.0,False,,model_loaded,18.93467977596447,0.49267343198880553,0.07616912003140897,0.5688425520202145,0.5688425520202145,193,622,10386,3604372,262144,"{""allowed_count"": 262120, ""expected_count"": 262120, ""missing_expected"": [], ""ok"": true, ""stop_token_ids"": [1, 50, 106], ""unexpected_allowed"": []}",3.3928845790214837,xgrammar,2.7450806089909747,4.506409023015294,41,65,64,"[818, 2255, 32049, 5028, 3847, 5427, 23791, 1913, 506, 5312, 5387, 236761, 236743, 107, 2717, 107, 2717, 107, 2717, 107, 2717, 107, 2717, 107, 2717, 107, 2717, 107, 2717, 107, 2717, 107, 2717, 107, 2717, 107, 2717, 107, 2717, 107, 2717, 107, 2717, 107, 2717, 107, 2717, 107, 2717, 107, 2717, 107, 2717, 107, 2717, 107, 2717, 107, 2717, 107, 2717, 107, 2717, 5028, 106]","[818, 2255, 32049, 5028, 3847, 5427, 23791, 1913, 506, 5312, 5387, 236761, 236743, 107, 2717, 107, 2717, 107, 2717, 107, 2717, 107, 2717, 107, 2717, 107, 2717, 107, 2717, 107, 2717, 107, 2717, 107, 2717, 107, 2717, 107, 2717, 107, 2717, 107, 2717, 107, 2717, 107, 2717, 107, 2717, 107, 2717, 107, 2717, 107, 2717, 107, 2717, 107, 2717, 107, 2717, 107, 2717, 5028]",1,"[1, 106, 50]",106,1,True,True,[2],"The old oak tree provided cool shade during the summer heat. 
```
```
```
```
```
```
```
```
```
```
```
```
```
```
```
```
```
```
```
```
```
```
```
```
``` tree",True,10227373056,12.531977763981558
122_common_gen_even_count_kna_t2,122,1,even_count,,2,2,65,8,501,982188147,common_gen,122,0,common_gen:validation:135,0,e0cee47b4840793793833d3bcb601b4401bfded440f50cb4c87d6ba88f918315,3faef99a92e2242a0d949928500d05ed6a64c337f3826e48c419c8dd634a39d4,success,,512.0,512.0,512.0,False,,model_loaded,19.2848209910444,0.5068624899722636,0.1739458889933303,0.6808083789655939,0.6808083789655939,382,1616,26235,15060663,262144,"{""allowed_count"": 262120, ""expected_count"": 262120, ""missing_expected"": [], ""ok"": true, ""stop_token_ids"": [1, 50, 106], ""unexpected_allowed"": []}",3.345437490963377,xgrammar,2.7931408080039546,4.51968644495355,44,65,64,"[1882, 6544, 531, 9039, 657, 600, 861, 9180, 22964, 236761, 236743, 107, 167179, 237468, 236751, 956, 236876, 236851, 107, 235, 107, 383, 107, 383, 107, 383, 107, 383, 107, 383, 107, 383, 107, 383, 107, 383, 107, 383, 107, 383, 107, 383, 107, 383, 107, 383, 107, 383, 107, 383, 107, 383, 107, 383, 107, 383, 107, 383, 107, 383, 107, 383, 107, 9039, 106]","[1882, 6544, 531, 9039, 657, 600, 861, 9180, 22964, 236761, 236743, 107, 167179, 237468, 236751, 956, 236876, 236851, 107, 235, 107, 383, 107, 383, 107, 383, 107, 383, 107, 383, 107, 383, 107, 383, 107, 383, 107, 383, 107, 383, 107, 383, 107, 383, 107, 383, 107, 383, 107, 383, 107, 383, 107, 383, 107, 383, 107, 383, 107, 383, 107, 383, 107, 9039]",1,"[1, 106, 50]",106,1,True,True,"[1, 2]","We decided to eat at that new restaurant downtown. 
 здравїsраув
</div>
�
�
�
�
�
�
�
�
�
�
�
�
�
�
�
�
�
�
�
�
�
 eat",True,10227588096,12.695201610971708
123_common_gen_even_count_kna_t3,123,2,even_count,,3,2,65,11,689,436255659,common_gen,123,0,common_gen:validation:238,0,d708a3d99776b590a9dcb8e3cfd8970bbea85ea085bdbd7662739b9b98840c0d,b0920baf9257c61c603b24226ea7cba1ae9f6e0f83a37e1827a489bc34748a4e,success,,512.0,512.0,512.0,False,,model_loaded,18.984957467997447,0.47315393097233027,0.2367896730429493,0.7099436040152796,0.7099436040152796,571,2982,47990,36048539,262144,"{""allowed_count"": 262120, ""expected_count"": 262120, ""missing_expected"": [], ""ok"": true, ""stop_token_ids"": [1, 50, 106], ""unexpected_allowed"": []}",3.364198402967304,xgrammar,2.7837910520029254,4.48797848803224,47,65,64,"[818, 9989, 9312, 531, 3727, 684, 506, 1813, 236789, 236751, 7377, 236761, 236743, 107, 107, 107, 236743, 107, 236743, 107, 236743, 107, 236743, 107, 236743, 107, 236743, 107, 236743, 107, 236743, 107, 236743, 107, 236743, 107, 236743, 107, 236743, 107, 236743, 107, 236743, 107, 236743, 107, 236743, 107, 236743, 107, 236743, 107, 236743, 107, 236743, 107, 236743, 107, 236743, 107, 236743, 107, 236743, 9989, 106]","[818, 9989, 9312, 531, 3727, 684, 506, 1813, 236789, 236751, 7377, 236761, 236743, 107, 107, 107, 236743, 107, 236743, 107, 236743, 107, 236743, 107, 236743, 107, 236743, 107, 236743, 107, 236743, 107, 236743, 107, 236743, 107, 236743, 107, 236743, 107, 236743, 107, 236743, 107, 236743, 107, 236743, 107, 236743, 107, 236743, 107, 236743, 107, 236743, 107, 236743, 107, 236743, 107, 236743, 107, 236743, 9989]",1,"[1, 106, 50]",106,1,True,True,"[1, 2, 1]","The kid loved to walk by the water's edge. 


 
 
 
 
 
 
 
 
 
 
 
 
 
 
 
 
 
 
 
 
 
 
 
  kid",True,10227803136,12.655997866997495
124_common_gen_even_count_kna_t4,124,3,even_count,,4,2,65,14,877,650104059,common_gen,124,0,common_gen:validation:831,0,024ca22b0a5a747dcd10218e3f021d7dd226d1f82d36dee230f7bc245b8a875b,847d854650a18ce07e860d89f6c39abe86f53b22103a650c6ce1a7376d6b7574,success,,512.0,512.0,512.0,False,,model_loaded,18.83794171299087,0.4888300859602168,0.3331831120303832,0.8220131979906,0.8220131979906,760,4720,76270,68246464,262144,"{""allowed_count"": 262120, ""expected_count"": 262120, ""missing_expected"": [], ""ok"": true, ""stop_token_ids"": [1, 50, 106], ""unexpected_allowed"": []}",3.4161498500034213,xgrammar,2.759191101999022,3.917649277020246,50,55,54,"[818, 15298, 795, 8785, 496, 1494, 236772, 32463, 17062, 1651, 2844, 580, 506, 5431, 3432, 236761, 236743, 107, 236770, 236761, 669, 15298, 568, 13552, 236768, 107, 236778, 236761, 795, 8785, 568, 21130, 20412, 236768, 107, 236800, 236761, 496, 17062, 568, 12293, 2495, 236768, 107, 236812, 236761, 981, 568, 495, 6888, 2407, 236786, 48009, 236768, 106]","[818, 15298, 795, 8785, 496, 1494, 236772, 32463, 17062, 1651, 2844, 580, 506, 5431, 3432, 236761, 236743, 107, 236770, 236761, 669, 15298, 568, 13552, 236768, 107, 236778, 236761, 795, 8785, 568, 21130, 20412, 236768, 107, 236800, 236761, 496, 17062, 568, 12293, 2495, 236768, 107, 236812, 236761, 981, 568, 495, 6888, 2407, 236786, 48009, 236768]",1,"[1, 106, 50]",106,1,True,False,"[2, 1, 2, 2]","The worker will wear a high-visibility vest while working on the construction site. 
1. The worker (subject)
2. will wear (verb phrase)
3. a vest (direct object)
4. work (infinitive/purpose)",True,10227301376,12.272831802023575
125_common_gen_even_count_kna_t5,125,4,even_count,,5,2,65,17,1065,710421324,common_gen,125,0,common_gen:validation:538,0,6dbdb7024f30320ae20276da6d64de640b28f7fff17d8fa7878cd0263552cecf,89b9ea9393ca0e572fba2351b19609d0f63204c1048ff3014250e5678d4ae470,success,,512.0,512.0,512.0,False,,model_loaded,18.03362439200282,0.48151679802685976,0.43201395799405873,0.9135307560209185,0.9135307560209185,949,6830,110454,113332902,262144,"{""allowed_count"": 262120, ""expected_count"": 262120, ""missing_expected"": [], ""ok"": true, ""stop_token_ids"": [1, 50, 106], ""unexpected_allowed"": []}",3.5617828190443106,xgrammar,2.694341511989478,3.1411875640042126,55,39,38,"[818, 5464, 8907, 786, 35857, 506, 3645, 529, 506, 64290, 1651, 564, 2838, 1679, 236761, 104102, 11716, 236761, 107, 2717, 107, 818, 5464, 8907, 786, 35857, 506, 3645, 529, 506, 64290, 1651, 564, 2838, 1679, 236761, 107, 2717, 106]","[818, 5464, 8907, 786, 35857, 506, 3645, 529, 506, 64290, 1651, 564, 2838, 1679, 236761, 104102, 11716, 236761, 107, 2717, 107, 818, 5464, 8907, 786, 35857, 506, 3645, 529, 506, 64290, 1651, 564, 2838, 1679, 236761, 107, 2717]",1,"[1, 106, 50]",106,1,True,False,"[2, 2, 2, 0, 2]","The machine helped me sew the front of the quilt while I sat down. መስ entirely.
```
The machine helped me sew the front of the quilt while I sat down.
```",True,10227269120,11.629088843998034
126_common_gen_even_count_kna_t6,126,5,even_count,,6,2,65,20,1253,648168075,common_gen,126,0,common_gen:validation:38,0,bf775076c9a52ad213712848fac68c03058b9f9541f23b91a196f97071224eb4,d64d53a79912e0171736a16a3ddb4214f5efd05118803bf302555a7cffd6521e,success,,512.0,512.0,512.0,False,,model_loaded,19.149458814994432,0.5227113840519451,0.542535959975794,1.065247344027739,1.065247344027739,1138,9312,150542,172986317,262144,"{""allowed_count"": 262120, ""expected_count"": 262120, ""missing_expected"": [], ""ok"": true, ""stop_token_ids"": [1, 50, 106], ""unexpected_allowed"": []}",3.452404261974152,xgrammar,2.619282845989801,4.381364245025907,57,65,64,"[818, 50424, 1456, 914, 1526, 531, 15066, 506, 19292, 528, 506, 8351, 1651, 8101, 684, 506, 19326, 236761, 226616, 236761, 107, 64735, 4240, 2632, 6288, 236764, 756, 2244, 2632, 6288, 236764, 756, 60765, 2632, 6288, 236764, 756, 27486, 2632, 6288, 236764, 756, 2763, 1808, 2632, 6288, 236764, 756, 93420, 2632, 6288, 236783, 107, 107, 818, 50424, 1456, 914, 1526, 531, 15066, 506, 19292, 528, 106]","[818, 50424, 1456, 914, 1526, 531, 15066, 506, 19292, 528, 506, 8351, 1651, 8101, 684, 506, 19326, 236761, 226616, 236761, 107, 64735, 4240, 2632, 6288, 236764, 756, 2244, 2632, 6288, 236764, 756, 60765, 2632, 6288, 236764, 756, 27486, 2632, 6288, 236764, 756, 2763, 1808, 2632, 6288, 236764, 756, 93420, 2632, 6288, 236783, 107, 107, 818, 50424, 1456, 914, 1526, 531, 15066, 506, 19292, 528]",1,"[1, 106, 50]",106,1,True,True,"[2, 0, 2, 2, 2, 1]","The porter used his hand to wash the dishes in the kitchen while standing by the sink. лаборатор.
{'hand': True, 'stand': True, 'wash': True, 'porter': True, 'dishes': True, 'kitchen': True}

The porter used his hand to wash the dishes in",True,10228520448,12.845271052035969
127_common_gen_even_count_kna_t7,127,6,even_count,,7,2,65,23,1441,2103500988,common_gen,127,0,common_gen:validation:947,0,490eef2674e9b21b177f21211941ad85e0c8b9f513c18850020d11e6a5b0d0fe,bf61886ae8fc793be64aef16a831c0de44c2749639dec47dca5deeae199e1755,success,,512.0,512.0,512.0,False,,model_loaded,19.25075308000669,0.5079615630093031,0.671328952012118,1.179290515021421,1.179290515021421,1327,12166,196534,248885173,262144,"{""allowed_count"": 262120, ""expected_count"": 262120, ""missing_expected"": [], ""ok"": true, ""stop_token_ids"": [1, 50, 106], ""unexpected_allowed"": []}",3.2700823380146176,xgrammar,2.711065287992824,4.467630867031403,59,65,64,"[818, 22637, 135357, 19945, 506, 30336, 1131, 9097, 580, 506, 3905, 236761, 107, 191452, 39926, 237073, 33620, 236894, 107, 100409, 711, 236761, 107, 100409, 711, 236761, 107, 100409, 711, 236761, 107, 100409, 711, 236761, 107, 100409, 711, 236761, 107, 100409, 711, 236761, 107, 100409, 711, 236761, 107, 100409, 711, 236761, 107, 100409, 711, 236761, 107, 100409, 711, 236761, 107, 100409, 711, 236761, 107, 30336, 106]","[818, 22637, 135357, 19945, 506, 30336, 1131, 9097, 580, 506, 3905, 236761, 107, 191452, 39926, 237073, 33620, 236894, 107, 100409, 711, 236761, 107, 100409, 711, 236761, 107, 100409, 711, 236761, 107, 100409, 711, 236761, 107, 100409, 711, 236761, 107, 100409, 711, 236761, 107, 100409, 711, 236761, 107, 100409, 711, 236761, 107, 100409, 711, 236761, 107, 100409, 711, 236761, 107, 100409, 711, 236761, 107, 30336]",1,"[1, 106, 50]",106,1,True,True,"[2, 0, 1, 0, 1, 1, 0]","The chef expertly cuts the tomato into pieces on the board.
 desbloчитьصحتي
Absolutely not.
Absolutely not.
Absolutely not.
Absolutely not.
Absolutely not.
Absolutely not.
Absolutely not.
Absolutely not.
Absolutely not.
Absolutely not.
Absolutely not.
 tomato",True,10228663808,12.932731461012736
128_common_gen_even_count_kna_t8,128,7,even_count,,8,2,65,26,1629,1373261919,common_gen,128,0,common_gen:validation:670,0,5761ff6aa0111b0f2cc708c7658253aac30110fff1098d4674aa86921896168e,ad93a16a36b643c22294369eae36819d3118eabb26ede56e8ad0db0865bb317a,success,,512.0,512.0,512.0,False,,model_loaded,19.757467493996955,0.5064099860028364,0.7994966990081593,1.3059066850109957,1.3059066850109957,1516,15392,248430,342707934,262144,"{""allowed_count"": 262120, ""expected_count"": 262120, ""missing_expected"": [], ""ok"": true, ""stop_token_ids"": [1, 50, 106], ""unexpected_allowed"": []}",3.4962013999465853,xgrammar,2.6065809260471724,4.438751029025298,66,65,64,"[5466, 12057, 506, 25516, 531, 506, 5028, 6208, 1515, 531, 17085, 236764, 54154, 914, 33975, 607, 496, 9584, 14507, 236761, 107, 111976, 236787, 669, 13315, 691, 65373, 1805, 5057, 532, 1456, 784, 3149, 14485, 11974, 236761, 107, 18339, 236787, 5450, 236761, 107, 10218, 236787, 7058, 12057, 506, 25516, 531, 506, 5028, 6208, 1515, 531, 17085, 236764, 54154, 914, 33975, 607, 496, 9584, 14507, 236761, 106]","[5466, 12057, 506, 25516, 531, 506, 5028, 6208, 1515, 531, 17085, 236764, 54154, 914, 33975, 607, 496, 9584, 14507, 236761, 107, 111976, 236787, 669, 13315, 691, 65373, 1805, 5057, 532, 1456, 784, 3149, 14485, 11974, 236761, 107, 18339, 236787, 5450, 236761, 107, 10218, 236787, 7058, 12057, 506, 25516, 531, 506, 5028, 6208, 1515, 531, 17085, 236764, 54154, 914, 33975, 607, 496, 9584, 14507, 236761]",1,"[1, 106, 50]",106,1,True,True,"[0, 2, 2, 2, 0, 0, 2, 2]","Attaching the rope to the tree allowed him to climb, slowing his descent with a secure hook.
prevState: The sentence was grammatically sound and used all required concepts effectively.
changed: None.
final: Attaching the rope to the tree allowed him to climb, slowing his descent with a secure hook.",True,10229233664,13.192498123971745
129_common_gen_even_count_kna_t9,129,8,even_count,,9,2,65,29,1817,938784664,common_gen,129,0,common_gen:validation:434,0,4604f7bcb2a282e4cce7c1f5dded6fb66e2f27d29a43888d7a98b16457c0182e,f4f165ffd13528cf34a34431dbde6917093f680fbf03c7263fa9634a9fdb38e1,success,,512.0,512.0,512.0,False,,model_loaded,20.580757962015923,0.5636386169935577,0.9557453070301563,1.519383924023714,1.519383924023714,1705,18990,307905,456133064,262144,"{""allowed_count"": 262120, ""expected_count"": 262120, ""missing_expected"": [], ""ok"": true, ""stop_token_ids"": [1, 50, 106], ""unexpected_allowed"": []}",3.628820033976808,xgrammar,2.754861809022259,1.9193637410062365,66,16,15,"[236777, 3187, 2178, 528, 506, 63411, 2978, 529, 506, 9427, 6013, 6249, 1651, 6013, 236761, 106]","[236777, 3187, 2178, 528, 506, 63411, 2978, 529, 506, 9427, 6013, 6249, 1651, 6013, 236761]",1,"[1, 106, 50]",106,1,True,False,"[0, 1, 1, 1, 1, 2, 1, 1, 0]",I often sit in the solitary room of the library reading books while reading.,True,10229233664,11.146722181991208
130_common_gen_even_count_kna_t10,130,9,even_count,,10,2,65,32,2005,1129217176,common_gen,130,0,common_gen:validation:975,0,00eec5c5b10e0625945ed174b02987f0d59abb8bfb0b83a9085c769c92a76f58,4466d1bbc54fddb501f7e1e579e5675c06d12893444ac0cdf56d25860e75782e,success,,512.0,512.0,512.0,False,,model_loaded,21.83463448699331,0.5855637830100022,1.1130245159729384,1.6985882989829406,1.6985882989829406,1894,22960,373656,590839027,262144,"{""allowed_count"": 262120, ""expected_count"": 262120, ""missing_expected"": [], ""ok"": true, ""stop_token_ids"": [1, 50, 106], ""unexpected_allowed"": []}",3.7321786700049415,xgrammar,2.6822523080045357,4.442533186986111,69,65,64,"[818, 6938, 236789, 236751, 4710, 7321, 1515, 531, 3798, 532, 4682, 506, 4299, 580, 506, 3866, 236764, 1308, 837, 668, 8784, 532, 49261, 1032, 20160, 236761, 48114, 107, 2717, 3723, 107, 236782, 107, 138, 236775, 54554, 1083, 623, 818, 6938, 236789, 236751, 4710, 7321, 1515, 531, 3798, 532, 4682, 506, 4299, 580, 506, 3866, 236764, 1308, 837, 668, 8784, 532, 49261, 1032, 20160, 1781, 106]","[818, 6938, 236789, 236751, 4710, 7321, 1515, 531, 3798, 532, 4682, 506, 4299, 580, 506, 3866, 236764, 1308, 837, 668, 8784, 532, 49261, 1032, 20160, 236761, 48114, 107, 2717, 3723, 107, 236782, 107, 138, 236775, 54554, 1083, 623, 818, 6938, 236789, 236751, 4710, 7321, 1515, 531, 3798, 532, 4682, 506, 4299, 580, 506, 3866, 236764, 1308, 837, 668, 8784, 532, 49261, 1032, 20160, 1781]",1,"[1, 106, 50]",106,1,True,True,"[2, 0, 2, 2, 2, 2, 2, 0, 2, 2]","The boy's running caused him to fall and catch the ball on the ground, after which he runs and catches other balls.coordinate
```json
{
  ""sentence"": ""The boy's running caused him to fall and catch the ball on the ground, after which he runs and catches other balls.""",True,10229770240,13.908756830962375
131_common_gen_even_count_kna_t11,131,10,even_count,,11,2,65,35,2193,1023589603,common_gen,131,0,common_gen:validation:860,0,df976ae1c4d168da34c8fb6af0feb267c21bc3470696ee0e3caf0502e3916e9c,5ed80669a5d23c20986c6559fdbd0a59bdd388cef75de60dcde0b70a66c1fcf9,success,,512.0,512.0,512.0,False,,model_loaded,18.308213324984536,0.5471680439659394,1.2630722749745473,1.8102403189404868,1.8102403189404868,2083,27302,445684,748504287,262144,"{""allowed_count"": 262120, ""expected_count"": 262120, ""missing_expected"": [], ""ok"": true, ""stop_token_ids"": [1, 50, 106], ""unexpected_allowed"": []}",3.487389249028638,xgrammar,2.653672940970864,2.2746475330204703,71,23,22,"[818, 6353, 14582, 914, 2369, 1217, 531, 1161, 496, 2455, 27868, 531, 1161, 496, 6347, 529, 3863, 531, 2619, 496, 12401, 236761, 106]","[818, 6353, 14582, 914, 2369, 1217, 531, 1161, 496, 2455, 27868, 531, 1161, 496, 6347, 529, 3863, 531, 2619, 496, 12401, 236761]",1,"[1, 106, 50]",106,1,True,False,"[1, 1, 1, 1, 1, 1, 1, 0, 0, 2, 1]",The father taught his son how to use a large drill to use a piece of wood to create a hole.,True,10230129152,11.528707754972856
132_common_gen_even_count_kna_t12,132,11,even_count,,12,2,65,38,2381,1421284154,common_gen,132,0,common_gen:validation:559,0,d6b66598322e5be6678448927e2196d2c20c9b115e707ecbf742000760b2e19e,b63dfe12b7597e12f3e3e3636a0fb698d4726bfa2868f7dfc3900ea9e2836433,success,,512.0,512.0,512.0,False,,model_loaded,18.57061472197529,0.5619195949984714,1.4543991360114887,2.01631873100996,2.01631873100996,2272,32016,523988,930807308,262144,"{""allowed_count"": 262120, ""expected_count"": 262120, ""missing_expected"": [], ""ok"": true, ""stop_token_ids"": [1, 50, 106], ""unexpected_allowed"": []}",3.411023971042596,xgrammar,2.597097462043166,2.222295251034666,74,22,21,"[818, 34270, 4733, 506, 9565, 531, 2768, 496, 16809, 1651, 15374, 506, 12847, 531, 2768, 506, 6083, 528, 506, 1012, 236761, 106]","[818, 34270, 4733, 506, 9565, 531, 2768, 496, 16809, 1651, 15374, 506, 12847, 531, 2768, 506, 6083, 528, 506, 1012, 236761]",1,"[1, 106, 50]",106,1,True,False,"[1, 1, 0, 2, 1, 1, 1, 0, 1, 0, 1, 0]",The instructor asked the girls to hold a pose while continuing the dance to hold the picture in the class.,True,10230667776,11.590724503970705
133_common_gen_even_count_kna_t13,133,12,even_count,,13,2,65,41,2569,1410041463,common_gen,133,0,common_gen:validation:929,0,30125aeed60ad97e9c25aa0a8add9aca6d5d73ca9d2390c0343cb45f545ffbe4,a8b8f1c0237de02b0f4b389e238cf714f8d8390a427f5422b5a767acd123fe3b,success,,512.0,512.0,512.0,False,,model_loaded,18.518909681006335,0.5963368800003082,1.6418432359932922,2.2381801159936003,2.2381801159936003,2461,37102,608568,1139426554,262144,"{""allowed_count"": 262120, ""expected_count"": 262120, ""missing_expected"": [], ""ok"": true, ""stop_token_ids"": [1, 50, 106], ""unexpected_allowed"": []}",3.3583729320089333,xgrammar,2.6654522190219723,2.2968667410314083,77,23,22,"[818, 3953, 15032, 580, 506, 10565, 1903, 532, 8675, 1116, 12162, 531, 506, 2634, 236764, 1116, 12162, 18494, 618, 1304, 3939, 236761, 106]","[818, 3953, 15032, 580, 506, 10565, 1903, 532, 8675, 1116, 12162, 531, 506, 2634, 236764, 1116, 12162, 18494, 618, 1304, 3939, 236761]",1,"[1, 106, 50]",106,1,True,False,"[0, 0, 1, 0, 1, 1, 2, 0, 1, 1, 0, 0, 1]","The girl stood on the mountain top and raised her arms to the air, her arms raising as she went.",True,10231207424,11.896616084035486
134_common_gen_even_count_kna_t14,134,13,even_count,,14,2,65,44,2757,308012226,common_gen,134,0,common_gen:validation:682,0,e0ad38e6c0c3c9dfcf20d43135171ccaf1410a7a557a54c98792a7de2f930389,af11602c920748c459ee04a7177268012e7af4b1df4804b5087418317a15ab8b,success,,512.0,512.0,512.0,False,,model_loaded,21.34835661703255,0.5962033590185456,1.8722688060370274,2.468472165055573,2.468472165055573,2650,42560,699424,1376040489,262144,"{""allowed_count"": 262120, ""expected_count"": 262120, ""missing_expected"": [], ""ok"": true, ""stop_token_ids"": [1, 50, 106], ""unexpected_allowed"": []}",3.40520421898691,xgrammar,2.733395888004452,4.515091017994564,81,65,64,"[818, 13387, 236764, 496, 6938, 653, 3953, 236764, 6984, 506, 12847, 528, 506, 28748, 580, 506, 5552, 1076, 236764, 8907, 531, 1183, 506, 1441, 600, 506, 48663, 2247, 580, 236761, 236743, 107, 16907, 25864, 236772, 154858, 236787, 669, 11172, 7087, 7121, 886, 13315, 1699, 784, 14485, 236761, 669, 2787, 13315, 563, 8427, 165686, 2907, 236829, 108, 8291, 563, 496, 26885, 236764, 919, 1982, 1076, 106]","[818, 13387, 236764, 496, 6938, 653, 3953, 236764, 6984, 506, 12847, 528, 506, 28748, 580, 506, 5552, 1076, 236764, 8907, 531, 1183, 506, 1441, 600, 506, 48663, 2247, 580, 236761, 236743, 107, 16907, 25864, 236772, 154858, 236787, 669, 11172, 7087, 7121, 886, 13315, 1699, 784, 14485, 236761, 669, 2787, 13315, 563, 8427, 165686, 2907, 236829, 108, 8291, 563, 496, 26885, 236764, 919, 1982, 1076]",1,"[1, 106, 50]",106,1,True,True,"[1, 1, 1, 0, 1, 2, 1, 0, 1, 0, 1, 1, 1, 1]","The actor, a boy or girl, performed the dance in the costume on the stage set, helped to form the play that the performers put on. 
*(Self-correction: The prompt requires exactly one sentence using all concepts. The above sentence is slightly convoluted.)*

Here is a revised, more direct set",True,10231928832,14.467172770993784
135_common_gen_even_count_kna_t15,135,14,even_count,,15,2,65,47,2945,1060376882,common_gen,135,0,common_gen:validation:666,0,aeb19bf8b4bd7598a0b606a3cdf1a32e54f911ce75f7a5bc2ec81db03a549741,e6c198daa16de6d13ecbf7d1cccbe42e369cf66048f2f768bf90f5c0c5e48df4,success,,512.0,512.0,512.0,False,,model_loaded,21.54786424897611,0.6105087319738232,2.1012937760096975,2.7118025079835206,2.7118025079835206,2839,48390,796556,1642327577,262144,"{""allowed_count"": 262120, ""expected_count"": 262120, ""missing_expected"": [], ""ok"": true, ""stop_token_ids"": [1, 50, 106], ""unexpected_allowed"": []}",3.449996982002631,xgrammar,2.9331407960271463,4.4163913350203075,85,65,64,"[818, 12958, 7261, 901, 4949, 4354, 531, 1586, 1027, 2742, 28383, 506, 5441, 43123, 1298, 506, 1813, 15032, 236764, 618, 3885, 1053, 1010, 5745, 236761, 134205, 808, 10282, 236787, 669, 3847, 14485, 659, 12506, 54967, 524, 573, 496, 3161, 3756, 13315, 236764, 834, 506, 5431, 27592, 5411, 64106, 1651, 26813, 531, 3204, 784, 3149, 4820, 9603, 107, 20470, 236764, 506, 11172, 19565, 573, 1027, 1]","[818, 12958, 7261, 901, 4949, 4354, 531, 1586, 1027, 2742, 28383, 506, 5441, 43123, 1298, 506, 1813, 15032, 236764, 618, 3885, 1053, 1010, 5745, 236761, 134205, 808, 10282, 236787, 669, 3847, 14485, 659, 12506, 54967, 524, 573, 496, 3161, 3756, 13315, 236764, 834, 506, 5431, 27592, 5411, 64106, 1651, 26813, 531, 3204, 784, 3149, 4820, 9603, 107, 20470, 236764, 506, 11172, 19565, 573, 1027]",1,"[1, 106, 50]",1,1,True,True,"[0, 1, 1, 1, 1, 1, 1, 1, 1, 1, 1, 2, 1, 1, 0]","The boys knew they soon needed to find any body beside the rock landmark where the water stood, as hours had been lost.რივი *Note: The provided concepts are somewhat disjointed for a single natural sentence, so the construction prioritizes coherence while attempting to include all required elements.*
Wait, the prompt asks for any",True,10232650752,14.870472020003945
136_common_gen_even_count_kna_t16,136,15,even_count,,16,2,65,50,3133,2042865728,common_gen,136,0,common_gen:validation:971,0,ca846aff5115645fc0bafab1b83b1e050a901a3ea1ebef6b3c021cc98593660c,4875df4433f4edad98755d62d790678fa156579f5c95e36fb74f61d1253bcf5e,success,,512.0,512.0,512.0,False,,model_loaded,19.70156360801775,0.6508775239926763,2.345141808036715,2.996019332029391,2.996019332029391,3028,54592,899964,1939966282,262144,"{""allowed_count"": 262120, ""expected_count"": 262120, ""missing_expected"": [], ""ok"": true, ""stop_token_ids"": [1, 50, 106], ""unexpected_allowed"": []}",3.3259817420039326,xgrammar,2.6671791009721346,2.5220889159827493,88,28,27,"[27787, 6544, 506, 1447, 7275, 236764, 564, 1765, 506, 5441, 11979, 1447, 657, 506, 7377, 1298, 506, 1813, 4856, 184254, 236764, 532, 1041, 2742, 68845, 13932, 236761, 106]","[27787, 6544, 506, 1447, 7275, 236764, 564, 1765, 506, 5441, 11979, 1447, 657, 506, 7377, 1298, 506, 1813, 4856, 184254, 236764, 532, 1041, 2742, 68845, 13932, 236761]",1,"[1, 106, 50]",106,1,True,False,"[1, 0, 1, 0, 1, 1, 0, 1, 1, 1, 1, 1, 1, 2, 1, 0]","Having decided the right angle, I found the rock stands right at the edge where the water bank skips, and my body skipped breakfast.",True,10233193472,12.813334964972455
137_common_gen_odd_count_kna_t1,137,0,odd_count,,1,2,65,3,254,1129329098,common_gen,137,0,common_gen:validation:501,0,a76a9a0d6cc75bb21be97d06fee030f9502fa346d4756dc10cc4eba0246a2c5f,04d05918a28c3d4d234c99f9ff3c6ae0e6eca6e7275dfd6ada7e6ee595aeff5a,success,,512.0,512.0,512.0,False,,model_loaded,16.418526830035262,0.4668494279612787,0.05282782099675387,0.5196772489580326,0.5196772489580326,132,442,7156,1699175,262144,"{""allowed_count"": 262120, ""expected_count"": 262120, ""missing_expected"": [], ""ok"": true, ""stop_token_ids"": [1, 50, 106], ""unexpected_allowed"": []}",3.366456432035193,xgrammar,2.676961232034955,1.937212104036007,41,16,15,"[236777, 2765, 4030, 1440, 236764, 26037, 65443, 528, 506, 67912, 1308, 496, 1440, 1719, 236761, 106]","[236777, 2765, 4030, 1440, 236764, 26037, 65443, 528, 506, 67912, 1308, 496, 1440, 1719, 236761]",1,"[1, 106, 50]",106,1,True,False,[1],"I love taking long, relaxing baths in the bathtub after a long day.",True,10224791040,9.833315484051127
138_common_gen_odd_count_kna_t2,138,1,odd_count,,2,2,65,6,381,373271689,common_gen,138,0,common_gen:validation:64,0,e96b5de08c13db4fac7409fb68c1d4f3624ef5eb8fc84b7f7d5abeeab4f62064,3077cb6740e529218aa2bca14bdb01e5b3c790f4ebb4152fcef6108fc45f9a55,success,,512.0,512.0,512.0,False,,model_loaded,16.483901792031247,0.4445337349898182,0.10277525801211596,0.5473089930019341,0.5473089930019341,260,1136,17989,6985843,262144,"{""allowed_count"": 262120, ""expected_count"": 262120, ""missing_expected"": [], ""ok"": true, ""stop_token_ids"": [1, 50, 106], ""unexpected_allowed"": []}",3.5827905799960718,xgrammar,2.6846374520100653,1.5339158319984563,44,9,8,"[2209, 36586, 506, 9917, 607, 16601, 4912, 236761, 106]","[2209, 36586, 506, 9917, 607, 16601, 4912, 236761]",1,"[1, 106, 50]",106,1,True,False,"[0, 1]",He kicked the grass with surprising force.,True,10225319936,9.643989708973095
139_common_gen_odd_count_kna_t3,139,2,odd_count,,3,2,65,8,508,2089540959,common_gen,139,0,common_gen:validation:644,0,867a079ca7af97b14d54fe3c858fe06cb81f92dd34ed2dc12bf34e2de220bfac,32f25b0c52a81fb9ba810422cb67fec0f7608b22167fefbe5985dbc3226db5d4,success,,512.0,512.0,512.0,False,,model_loaded,16.724624794034753,0.5145357919973321,0.16073503799270838,0.6752708299900405,0.6752708299900405,388,2082,32568,16629302,262144,"{""allowed_count"": 262120, ""expected_count"": 262120, ""missing_expected"": [], ""ok"": true, ""stop_token_ids"": [1, 50, 106], ""unexpected_allowed"": []}",3.3820344749838114,xgrammar,2.600467730022501,2.2801767999771982,47,23,22,"[5778, 1456, 496, 30368, 531, 4903, 496, 5433, 580, 506, 3627, 236764, 496, 1944, 6347, 529, 625, 2378, 580, 506, 15348, 236761, 106]","[5778, 1456, 496, 30368, 531, 4903, 496, 5433, 580, 506, 3627, 236764, 496, 1944, 6347, 529, 625, 2378, 580, 506, 15348, 236761]",1,"[1, 106, 50]",106,1,True,False,"[1, 1, 1]","She used a pencil to write a note on the paper, a small piece of it left on the desk.",True,10225850880,10.239322658977471
140_common_gen_odd_count_kna_t4,140,3,odd_count,,4,2,65,10,635,1446895034,common_gen,140,0,common_gen:validation:513,0,9998b360f6bd02ce53fac55e8d1ea1a50fbd9ad896fc0b59367946f9cd9747ab,dbaeb0d54e5240b6b50089207ce7bea5854bcb7eb9465c72addeb78306f4d65d,success,,512.0,512.0,512.0,False,,model_loaded,16.868603021954186,0.4950023799901828,0.22484598500886932,0.7198483649990521,0.7198483649990521,516,3280,50893,31397648,262144,"{""allowed_count"": 262120, ""expected_count"": 262120, ""missing_expected"": [], ""ok"": true, ""stop_token_ids"": [1, 50, 106], ""unexpected_allowed"": []}",3.63321476301644,xgrammar,2.850306754000485,1.7926916630240157,50,13,12,"[20470, 573, 506, 8123, 531, 2229, 532, 1531, 506, 4799, 855, 236761, 106]","[20470, 573, 506, 8123, 531, 2229, 532, 1531, 506, 4799, 855, 236761]",1,"[1, 106, 50]",106,1,True,False,"[0, 1, 1, 1]",Wait for the owner to come and let the dog out.,True,10226381824,10.326411369023845
141_common_gen_odd_count_kna_t5,141,4,odd_count,,5,2,65,12,762,1077562839,common_gen,141,0,common_gen:validation:97,0,fddd92bf9c487eb31b5de0f2b7c9a5ab2046e67d675452afd1a3217873e61b5c,de380a7402b902b48571edefcd8416abc98ebaf7cbe6c199f50ff269a98a4526,success,,512.0,512.0,512.0,False,,model_loaded,16.683745627000462,0.5069456279743463,0.28886831301497295,0.7958139409893192,0.7958139409893192,644,4730,73973,52058977,262144,"{""allowed_count"": 262120, ""expected_count"": 262120, ""missing_expected"": [], ""ok"": true, ""stop_token_ids"": [1, 50, 106], ""unexpected_allowed"": []}",3.5228889190475456,xgrammar,2.805774112988729,1.9131843150244094,53,16,15,"[818, 8123, 795, 2583, 506, 4799, 2780, 834, 668, 740, 9039, 528, 506, 3155, 236761, 106]","[818, 8123, 795, 2583, 506, 4799, 2780, 834, 668, 740, 9039, 528, 506, 3155, 236761]",1,"[1, 106, 50]",106,1,True,False,"[1, 1, 1, 1, 1]",The owner will give the dog food so he can eat in the house.,True,10226913280,10.375224781979341
142_common_gen_odd_count_kna_t6,142,5,odd_count,,6,2,65,14,889,393881581,common_gen,142,0,common_gen:validation:43,0,2bf907e43ae67b963158fddf9eac1bae6f30bcb07373cde3e4cf0eb297677370,b7223e401b3cf7696452e4ba3c6cf30535f0c75004cd3e6c3917676452f28313,success,,512.0,512.0,512.0,False,,model_loaded,19.810472289973404,0.46972289000405,0.3546173649956472,0.8243402549996972,0.8243402549996972,772,6432,101051,79381385,262144,"{""allowed_count"": 262120, ""expected_count"": 262120, ""missing_expected"": [], ""ok"": true, ""stop_token_ids"": [1, 50, 106], ""unexpected_allowed"": []}",3.3913745310273953,xgrammar,2.7496154439868405,1.8195420330157503,56,14,13,"[5778, 6178, 496, 14658, 21171, 532, 3863, 573, 11910, 1056, 1304, 84285, 236761, 106]","[5778, 6178, 496, 14658, 21171, 532, 3863, 573, 11910, 1056, 1304, 84285, 236761]",1,"[1, 106, 50]",106,1,True,False,"[1, 1, 0, 0, 1, 1]",She uses a sharp knife and wood for cutting when she cooks.,True,10227446272,10.069480635982472
143_common_gen_odd_count_kna_t7,143,6,odd_count,,7,2,65,16,1016,1407680420,common_gen,143,0,common_gen:validation:187,0,659b858dfabdf89990f0f72b694d43dd55e2de43c18045d33827b1d50ebc6716,15e6997cedfd183461c9e90d35f76b95436a8b1981d1c56cda7154b49fb6df90,success,,512.0,512.0,512.0,False,,model_loaded,16.640959027048666,0.47623438003938645,0.4298607379896566,0.9060951180290431,0.9060951180290431,900,8386,132127,114132968,262144,"{""allowed_count"": 262120, ""expected_count"": 262120, ""missing_expected"": [], ""ok"": true, ""stop_token_ids"": [1, 50, 106], ""unexpected_allowed"": []}",3.3274155170074664,xgrammar,2.7249307300080545,1.9831229950068519,61,15,14,"[818, 4628, 55936, 496, 71236, 657, 506, 40052, 2633, 1651, 18206, 506, 11293, 236761, 106]","[818, 4628, 55936, 496, 71236, 657, 506, 40052, 2633, 1651, 18206, 506, 11293, 236761]",1,"[1, 106, 50]",106,1,True,False,"[1, 0, 1, 1, 1, 1, 1]",The couple eats a hamburger at the picnic table while enjoying the eating.,True,10228337664,10.246734307031147
144_common_gen_odd_count_kna_t8,144,7,odd_count,,8,2,65,18,1143,646014346,common_gen,144,0,common_gen:validation:277,0,f4e14e30d032f01420bb676784980d1c75c4acaa829e7c89ec7b51e43c7eef89,aab6391cb3d0b151b8c1c2be4c7750f6cdf9cdbc6c4fa260fd2d60811c3b6f30,success,,512.0,512.0,512.0,False,,model_loaded,17.09633363300236,0.4890879869926721,0.5149742579669692,1.0040622449596412,1.0040622449596412,1028,10592,167201,157081822,262144,"{""allowed_count"": 262120, ""expected_count"": 262120, ""missing_expected"": [], ""ok"": true, ""stop_token_ids"": [1, 50, 106], ""unexpected_allowed"": []}",3.404212618013844,xgrammar,2.669003500021063,2.0490661209914833,63,18,17,"[5778, 23378, 580, 506, 15778, 67733, 28383, 506, 2633, 236764, 9495, 531, 5908, 506, 1626, 4188, 236761, 106]","[5778, 23378, 580, 506, 15778, 67733, 28383, 506, 2633, 236764, 9495, 531, 5908, 506, 1626, 4188, 236761]",1,"[1, 106, 50]",106,1,True,False,"[0, 1, 0, 1, 1, 1, 1, 1]","She sits on the fifth stool beside the table, waiting to receive the final item.",True,10228695040,10.490729961020406
145_common_gen_odd_count_kna_t9,145,8,odd_count,,9,2,65,20,1270,1614181515,common_gen,145,0,common_gen:validation:768,0,358bd47ab5e0728d260ceb22f7b9805d100c9641cc2b98b1eaa831f3c22cd0c5,98df521c8beff6a37ff14353742ea8ffe6acdbc1d92e778081b63f91bb7646e7,success,,512.0,512.0,512.0,False,,model_loaded,16.941911909962073,0.4969086400233209,0.5999364930321462,1.0968451330554672,1.0968451330554672,1156,13050,207408,208996043,262144,"{""allowed_count"": 262120, ""expected_count"": 262120, ""missing_expected"": [], ""ok"": true, ""stop_token_ids"": [1, 50, 106], ""unexpected_allowed"": []}",3.296628359006718,xgrammar,2.6658330050413497,1.8539011499960907,67,15,14,"[818, 6938, 23378, 528, 506, 9048, 7046, 506, 13392, 532, 55936, 506, 2780, 236761, 106]","[818, 6938, 23378, 528, 506, 9048, 7046, 506, 13392, 532, 55936, 506, 2780, 236761]",1,"[1, 106, 50]",106,1,True,False,"[0, 1, 0, 1, 1, 1, 1, 1, 1]",The boy sits in the chair holding the bowl and eats the food.,True,10229412352,10.19499727099901
146_common_gen_odd_count_kna_t10,146,9,odd_count,,10,2,65,22,1397,1871991577,common_gen,146,0,common_gen:validation:262,0,69a39f9ab29cd79a280cd55b35e59c1bef03a8243dcca80134d3e2c384d30c9b,baf5a852a3abddb5d6b676af698267f54fe90d9ef3e1771b8bd40b5441fde5c6,success,,512.0,512.0,512.0,False,,model_loaded,17.0395950480015,0.5313719600089826,0.6960492880316451,1.2274212480406277,1.2274212480406277,1284,15760,251865,270643727,262144,"{""allowed_count"": 262120, ""expected_count"": 262120, ""missing_expected"": [], ""ok"": true, ""stop_token_ids"": [1, 50, 106], ""unexpected_allowed"": []}",3.4762695870012976,xgrammar,2.654768733016681,1.8995398310362361,70,15,14,"[818, 9565, 2247, 580, 910, 12815, 39292, 531, 2121, 22974, 580, 506, 5552, 236761, 106]","[818, 9565, 2247, 580, 910, 12815, 39292, 531, 2121, 22974, 580, 506, 5552, 236761]",1,"[1, 106, 50]",106,1,True,False,"[0, 0, 1, 1, 1, 1, 1, 1, 0, 0]",The girls put on their colorful outfits to perform dancing on the stage.,True,10229949952,10.572306093003135
147_common_gen_odd_count_kna_t11,147,10,odd_count,,11,2,65,24,1524,1936735672,common_gen,147,0,common_gen:validation:804,0,58511116960993d51036e068e4c69b2985d69486469e983f5fe87f1da1eb6ed2,4da7717e05c361fc590e1b2860e9406b43df12b0f46e269dddc296a07da1ac8a,success,,512.0,512.0,512.0,False,,model_loaded,17.58464375900803,0.5142453699954785,0.7959226859966293,1.3101680559921078,1.3101680559921078,1412,18722,300572,342792970,262144,"{""allowed_count"": 262120, ""expected_count"": 262120, ""missing_expected"": [], ""ok"": true, ""stop_token_ids"": [1, 50, 106], ""unexpected_allowed"": []}",3.5149518529651687,xgrammar,2.6590983599890023,2.3235990999964997,72,24,23,"[16900, 4916, 4247, 506, 13906, 10015, 236764, 532, 506, 37754, 529, 506, 10015, 236789, 236751, 58892, 4247, 506, 59155, 618, 1304, 2838, 236761, 106]","[16900, 4916, 4247, 506, 13906, 10015, 236764, 532, 506, 37754, 529, 506, 10015, 236789, 236751, 58892, 4247, 506, 59155, 618, 1304, 2838, 236761]",1,"[1, 106, 50]",106,1,True,False,"[0, 0, 0, 0, 2, 1, 1, 1, 0, 1, 2]","Her hands held the musical instrument, and the blowing of the instrument's blows held the melody as she sat.",True,10230307840,11.107208173023537
148_common_gen_odd_count_kna_t12,148,11,odd_count,,12,2,65,26,1651,136770606,common_gen,148,0,common_gen:validation:400,0,02d68d086e8921c335c698034e952b00177e9e7d2fbbb53d048cb79d2f7092ee,3d19342c30f943ff78637d7fe8e8108ba909c94e3949941218d7aa142df41baa,success,,512.0,512.0,512.0,False,,model_loaded,18.595094304007944,0.546812730957754,0.9306124100112356,1.4774251409689896,1.4774251409689896,1540,21936,353529,426211868,262144,"{""allowed_count"": 262120, ""expected_count"": 262120, ""missing_expected"": [], ""ok"": true, ""stop_token_ids"": [1, 50, 106], ""unexpected_allowed"": []}",3.6096985529875383,xgrammar,2.697473891021218,2.18987612699857,76,21,20,"[146846, 506, 15924, 2178, 528, 506, 9895, 1651, 506, 9565, 1441, 506, 15583, 236764, 506, 6938, 19061, 506, 60496, 236761, 106]","[146846, 506, 15924, 2178, 528, 506, 9895, 1651, 506, 9565, 1441, 506, 15583, 236764, 506, 6938, 19061, 506, 60496, 236761]",1,"[1, 106, 50]",106,1,True,False,"[0, 1, 1, 1, 1, 0, 1, 1, 1, 1, 0, 1]","Watching the lady sit in the corner while the girls play the guitar, the boy watched the dancers.",True,10231027200,11.349149026034866
149_common_gen_odd_count_kna_t13,149,12,odd_count,,13,2,65,28,1778,2070989985,common_gen,149,0,common_gen:validation:782,0,f486ebf379e6c28cbb0ea2e95acf3716514ca7c474deb2209325a5b4d8db4bce,64fbbaf82391e16252d11496fa560a7799b7fa714abbf27467e23bc5f42bcf8c,success,,512.0,512.0,512.0,False,,model_loaded,19.45604977296898,0.5371132729924284,1.0588192680152133,1.5959325410076417,1.5959325410076417,1668,25402,410736,521668517,262144,"{""allowed_count"": 262120, ""expected_count"": 262120, ""missing_expected"": [], ""ok"": true, ""stop_token_ids"": [1, 50, 106], ""unexpected_allowed"": []}",3.595369076996576,xgrammar,2.641883057949599,2.8933102620067075,78,35,34,"[818, 20304, 2838, 580, 496, 9048, 657, 506, 3645, 529, 506, 5552, 236764, 15032, 684, 506, 38742, 531, 2418, 496, 5410, 18323, 684, 506, 20392, 236764, 532, 506, 9998, 2838, 13723, 531, 1116, 236761, 106]","[818, 20304, 2838, 580, 496, 9048, 657, 506, 3645, 529, 506, 5552, 236764, 15032, 684, 506, 38742, 531, 2418, 496, 5410, 18323, 684, 506, 20392, 236764, 532, 506, 9998, 2838, 13723, 531, 1116, 236761]",1,"[1, 106, 50]",106,1,True,False,"[1, 1, 1, 0, 1, 0, 0, 2, 1, 1, 1, 0, 0]","The singer sat on a chair at the front of the stage, stood by the microphone to sing a song accompanied by the piano, and the audience sat listening to her.",True,10231387648,12.238419024040923
000_common_gen_kth_last_k1_t1_rep1,150,0,kth_last,1,1,2,65,3,254,1605197905,common_gen,0,1,common_gen:validation:157,0,7bd01b2ac8a938acb03653a0c93624bc3ce2a85848c7f7a9d325f639ddb8247d,084d6b07ab03638831dabc1fa75b16cc3ebe177ba602853da8e22c3a9a807920,success,,512.0,512.0,512.0,False,,model_loaded,19.13650865497766,0.4625154709792696,0.02960138296475634,0.49211685394402593,0.49211685394402593,132,317,5296,973561,262144,"{""allowed_count"": 262120, ""expected_count"": 262120, ""missing_expected"": [], ""ok"": true, ""stop_token_ids"": [1, 50, 106], ""unexpected_allowed"": []}",3.485603545967024,xgrammar,2.6494509219774045,4.498924154962879,41,65,64,"[5778, 3721, 496, 2678, 528, 506, 8485, 236764, 31077, 38930, 1116, 1523, 236761, 12785, 595, 1788, 563, 496, 2678, 529, 1116, 18237, 236761, 495, 506, 2678, 529, 506, 4284, 236764, 496, 1295, 12280, 236761, 60190, 529, 3863, 31584, 506, 2678, 529, 506, 19933, 236761, 182119, 236764, 496, 1919, 6657, 580, 506, 2678, 236761, 107, 3955, 1434, 563, 496, 2678, 529, 914, 4135, 236761, 2678, 106]","[5778, 3721, 496, 2678, 528, 506, 8485, 236764, 31077, 38930, 1116, 1523, 236761, 12785, 595, 1788, 563, 496, 2678, 529, 1116, 18237, 236761, 495, 506, 2678, 529, 506, 4284, 236764, 496, 1295, 12280, 236761, 60190, 529, 3863, 31584, 506, 2678, 529, 506, 19933, 236761, 182119, 236764, 496, 1919, 6657, 580, 506, 2678, 236761, 107, 3955, 1434, 563, 496, 2678, 529, 914, 4135, 236761, 2678]",1,"[1, 106, 50]",106,1,True,True,[7],"She took a side in the argument, firmly defending her point.Cleverness is a side of her personality.in the side of the road, a car stopped. piles of wood lined the side of the cabin.nearby, a child played on the side.
contentious is a side of his nature. side",True,10227373056,12.436008223972749
001_common_gen_kth_last_k3_t1_rep1,151,1,kth_last,3,1,2,65,5,370,1449557853,common_gen,1,1,common_gen:validation:82,0,6eff1a171712363b51abb8186d2d4e87a5b5630f4cb2edb8a07ed13baa8e4de8,818a6fc1faacdcfaa8a3f3386e2fe91710d7261f775aad6c8de94d2dea7a7866,success,,512.0,512.0,512.0,False,,model_loaded,17.301937540993094,0.4440785920014605,0.0748921149643138,0.5189707069657743,0.5189707069657743,252,679,11766,4440742,262144,"{""allowed_count"": 262120, ""expected_count"": 262120, ""missing_expected"": [], ""ok"": true, ""stop_token_ids"": [1, 50, 106], ""unexpected_allowed"": []}",3.596555210009683,xgrammar,2.614678513025865,2.482058394991327,41,27,26,"[818, 23143, 22961, 1603, 496, 18762, 200321, 618, 506, 1295, 5524, 506, 122346, 1777, 236761, 236743, 107, 10166, 506, 14485, 236787, 22961, 236764, 22961, 236764, 22961, 106]","[818, 23143, 22961, 1603, 496, 18762, 200321, 618, 506, 1295, 5524, 506, 122346, 1777, 236761, 236743, 107, 10166, 506, 14485, 236787, 22961, 236764, 22961, 236764, 22961]",1,"[1, 106, 50]",106,1,True,False,[4],"The worn tire made a loud screech as the car hit the pothole. 
 stack the concepts: tire, tire, tire",True,10224791040,10.498371391033288
002_common_gen_kth_last_k4_t1_rep1,152,2,kth_last,4,1,2,65,6,425,400397256,common_gen,2,1,common_gen:validation:988,0,72f84f4022186331a9e362642e4cdb1ad327e7afd15073e090731bb80538e1e8,87050aafae3cc9590d423c961cbd62cf822488d00b03548982e5da928a3e1716,success,,512.0,512.0,512.0,False,,model_loaded,18.731738304020837,0.49460940598510206,0.09831375197973102,0.5929231579648331,0.5929231579648331,309,851,14845,6936235,262144,"{""allowed_count"": 262120, ""expected_count"": 262120, ""missing_expected"": [], ""ok"": true, ""stop_token_ids"": [1, 50, 106], ""unexpected_allowed"": []}",3.4256351430085488,xgrammar,2.6293324939906597,4.462993240042124,41,65,64,"[5778, 1053, 531, 2768, 8990, 506, 48718, 4914, 3097, 506, 39776, 12208, 236761, 236743, 107, 107, 107, 236743, 107, 236743, 107, 236743, 107, 236743, 107, 236743, 107, 236743, 107, 236743, 107, 236743, 107, 236743, 107, 236743, 107, 236743, 107, 236743, 107, 236743, 107, 236743, 107, 236743, 107, 236743, 107, 236743, 107, 236743, 107, 236743, 107, 236743, 107, 236743, 107, 236743, 2768, 236743, 107, 236743, 106]","[5778, 1053, 531, 2768, 8990, 506, 48718, 4914, 3097, 506, 39776, 12208, 236761, 236743, 107, 107, 107, 236743, 107, 236743, 107, 236743, 107, 236743, 107, 236743, 107, 236743, 107, 236743, 107, 236743, 107, 236743, 107, 236743, 107, 236743, 107, 236743, 107, 236743, 107, 236743, 107, 236743, 107, 236743, 107, 236743, 107, 236743, 107, 236743, 107, 236743, 107, 236743, 107, 236743, 2768, 236743, 107, 236743]",1,"[1, 106, 50]",106,1,True,True,[2],"She had to hold onto the fragile evidence until the investigators arrived. 


 
 
 
 
 
 
 
 
 
 
 
 
 
 
 
 
 
 
 
 
 
  hold 
 ",True,10227373056,12.432900924002752
003_common_gen_kth_last_k6_t1_rep1,153,3,kth_last,6,1,2,65,8,529,246062452,common_gen,3,1,common_gen:validation:410,0,2b9d7f5d0f5d933280a2ba1171518d01f1840f1a62f0460a0df27f9d27bd4497,065773ac2bed006ec045778de83203122c666b6d997201dc615354513a35bc3f,success,,512.0,512.0,512.0,False,,model_loaded,18.69523879600456,0.4575377930304967,0.1410613640327938,0.5985991570632905,0.5985991570632905,417,1177,20691,13165306,262144,"{""allowed_count"": 262120, ""expected_count"": 262120, ""missing_expected"": [], ""ok"": true, ""stop_token_ids"": [1, 50, 106], ""unexpected_allowed"": []}",3.306070523976814,xgrammar,2.6829695840133354,4.3948773149750195,41,65,64,"[5778, 1053, 531, 1975, 6218, 2342, 506, 32812, 4204, 236761, 107, 48736, 563, 6208, 236761, 107, 6858, 107, 949, 14245, 1093, 1975, 236761, 107, 214889, 563, 8452, 236761, 107, 1437, 1626, 13315, 6178, 784, 3149, 14485, 236761, 107, 818, 1626, 13315, 563, 236787, 2625, 1053, 531, 1975, 6218, 2342, 506, 32812, 4204, 236761, 108, 236829, 25864, 236772, 135778, 1975, 149681, 669, 11172, 19565, 573, 106]","[5778, 1053, 531, 1975, 6218, 2342, 506, 32812, 4204, 236761, 107, 48736, 563, 6208, 236761, 107, 6858, 107, 949, 14245, 1093, 1975, 236761, 107, 214889, 563, 8452, 236761, 107, 1437, 1626, 13315, 6178, 784, 3149, 14485, 236761, 107, 818, 1626, 13315, 563, 236787, 2625, 1053, 531, 1975, 6218, 2342, 506, 32812, 4204, 236761, 108, 236829, 25864, 236772, 135778, 1975, 149681, 669, 11172, 19565, 573]",1,"[1, 106, 50]",106,1,True,True,[4],"She had to stand firm against the mounting pressure.
 alteration is allowed.
while
her resolve would stand.
conclusion is reached.
the final sentence uses all required concepts.
The final sentence is: She had to stand firm against the mounting pressure.

*Self-Correction stand:* The prompt asks for",True,10227373056,12.29887111595599
004_common_gen_kth_last_k7_t1_rep1,154,4,kth_last,7,1,2,65,9,578,1987945104,common_gen,4,1,common_gen:validation:699,0,d7768076a8d7d7b0921353b5528f8297f16b300e0c24a83a96e9a97849b98fee,cdcdde6381249e07f2d3ad46e15aa32e7531d83f6e8e5fa044269f4fb913ea55,success,,512.0,512.0,512.0,False,,model_loaded,19.191040925041307,0.46980260900454596,0.16341207997174934,0.6332146889762953,0.6332146889762953,468,1331,23458,16790572,262144,"{""allowed_count"": 262120, ""expected_count"": 262120, ""missing_expected"": [], ""ok"": true, ""stop_token_ids"": [1, 50, 106], ""unexpected_allowed"": []}",3.5064931079978123,xgrammar,2.731190251011867,4.3559452499612235,41,65,64,"[818, 2434, 1076, 496, 3582, 3328, 531, 6350, 684, 506, 1345, 529, 506, 7737, 236761, 236743, 107, 2717, 107, 2717, 107, 5654, 107, 2717, 558, 107, 2717, 107, 14992, 107, 2717, 1076, 107, 2717, 496, 107, 2717, 3582, 107, 2717, 3328, 107, 2717, 531, 107, 2717, 6350, 107, 2717, 684, 107, 2717, 506, 107, 2717, 1345, 107, 3328, 107, 2717, 529, 107, 2717, 506, 106]","[818, 2434, 1076, 496, 3582, 3328, 531, 6350, 684, 506, 1345, 529, 506, 7737, 236761, 236743, 107, 2717, 107, 2717, 107, 5654, 107, 2717, 558, 107, 2717, 107, 14992, 107, 2717, 1076, 107, 2717, 496, 107, 2717, 3582, 107, 2717, 3328, 107, 2717, 531, 107, 2717, 6350, 107, 2717, 684, 107, 2717, 506, 107, 2717, 1345, 107, 3328, 107, 2717, 529, 107, 2717, 506]",1,"[1, 106, 50]",106,1,True,True,[3],"The team set a clear target to achieve by the end of the quarter. 
```
```
target
``` T
```
team
``` set
``` a
``` clear
``` target
``` to
``` achieve
``` by
``` the
``` end
 target
``` of
``` the",True,10227373056,12.603828835999593
005_common_gen_kth_last_k9_t1_rep1,155,5,kth_last,9,1,2,65,11,670,798250124,common_gen,5,1,common_gen:validation:18,0,35d05e9641330ae4c6d6f800c7e7ee8aef92f0477a757d0e491db61c4d88cebb,628cbbe2f558ddd36ffc3ba3b3493cde51070e0a291d38fff77367d107f43ccd,success,,512.0,512.0,512.0,False,,model_loaded,18.629712758993264,0.4857493410236202,0.20122005796292797,0.6869693989865482,0.6869693989865482,564,1621,28904,24806725,262144,"{""allowed_count"": 262120, ""expected_count"": 262120, ""missing_expected"": [], ""ok"": true, ""stop_token_ids"": [1, 50, 106], ""unexpected_allowed"": []}",3.4909057409968227,xgrammar,2.7423052259837277,3.8044957410311326,41,53,52,"[5778, 1456, 1116, 1526, 531, 29846, 8214, 506, 48718, 2495, 236761, 236743, 107, 88034, 1123, 236743, 107, 203638, 637, 9607, 236743, 107, 3307, 8652, 5686, 236761, 107, 818, 1526, 6077, 8452, 855, 531, 36181, 506, 22303, 2260, 236761, 236743, 107, 24452, 506, 52996, 1526, 18560, 236764, 1304, 13646, 496, 16601, 190372, 236761, 106]","[5778, 1456, 1116, 1526, 531, 29846, 8214, 506, 48718, 2495, 236761, 236743, 107, 88034, 1123, 236743, 107, 203638, 637, 9607, 236743, 107, 3307, 8652, 5686, 236761, 107, 818, 1526, 6077, 8452, 855, 531, 36181, 506, 22303, 2260, 236761, 236743, 107, 24452, 506, 52996, 1526, 18560, 236764, 1304, 13646, 496, 16601, 190372, 236761]",1,"[1, 106, 50]",106,1,True,False,[3],"She used her hand to gently guide the fragile object. 
 ومع x 
mohan rstack 
my brief attempt.
The hand quickly reached out to grasp the fallen book. 
Through the intricate hand movements, she demonstrated a surprising dexterity.",True,10226512384,12.043187709001359
006_common_gen_kth_last_k11_t1_rep1,156,6,kth_last,11,1,2,65,13,754,382860176,common_gen,6,1,common_gen:validation:529,0,3a1ccb00c9586b5aa5940103c2f60894951f690ada23dfa0bbbea96d4fb8f103,100b7f1231dfdcb0a84a6c720780e945ebd89035ae793e4f7ff7a203ea28418f,success,,512.0,512.0,512.0,False,,model_loaded,21.52706730097998,0.48237032600445673,0.24048453400610015,0.7228548600105569,0.7228548600105569,652,1887,34130,33525826,262144,"{""allowed_count"": 262120, ""expected_count"": 262120, ""missing_expected"": [], ""ok"": true, ""stop_token_ids"": [1, 50, 106], ""unexpected_allowed"": []}",4.273667590983678,xgrammar,2.720060504041612,1.812606109015178,41,14,13,"[818, 4251, 2434, 5934, 3075, 531, 6350, 496, 19374, 13626, 236761, 236743, 107, 1]","[818, 4251, 2434, 5934, 3075, 531, 6350, 496, 19374, 13626, 236761, 236743, 107]",1,"[1, 106, 50]",1,1,True,False,[1],"The entire team worked together to achieve a remarkable victory. 
",True,10224791040,10.846516151039395
007_common_gen_kth_last_k12_t1_rep1,157,7,kth_last,12,1,2,65,14,793,590025292,common_gen,7,1,common_gen:validation:695,0,c630f88b17127aa3f53f9a5cffcf283c4653dd86fc859a87ffbd1504e2942e5f,3b4c722299af781f2d4beb8e45f08f6d263af656efec24554f3be9d3cffaddb2,success,,512.0,512.0,512.0,False,,model_loaded,20.738716154999565,0.49846633803099394,0.25871343800099567,0.7571797760319896,0.7571797760319896,693,2011,36569,38037247,262144,"{""allowed_count"": 262120, ""expected_count"": 262120, ""missing_expected"": [], ""ok"": true, ""stop_token_ids"": [1, 50, 106], ""unexpected_allowed"": []}",4.322507090982981,xgrammar,2.668212738004513,1.8620721200131811,41,15,14,"[818, 96105, 7363, 691, 9772, 607, 506, 28239, 12054, 529, 3207, 1972, 236761, 233860, 106]","[818, 96105, 7363, 691, 9772, 607, 506, 28239, 12054, 529, 3207, 1972, 236761, 233860]",1,"[1, 106, 50]",106,1,True,False,[1],The bustling street was filled with the vibrant sounds of city life. فروغ,True,10224791040,10.996521688997746
008_common_gen_kth_last_k14_t1_rep1,158,8,kth_last,14,1,2,65,16,865,395266010,common_gen,8,1,common_gen:validation:700,0,dcd369140a94da1fe7c5e997ecf47496c02228398577c74ffdc1cc665293cc34,03729b8133726c2e98ede9802bd29217f1c50153222d75c89ceba15ecb33c600,success,,512.0,512.0,512.0,False,,model_loaded,17.32228695898084,0.5425041610142216,0.29002582002431154,0.8325299810385332,0.8325299810385332,769,2241,41099,47157790,262144,"{""allowed_count"": 262120, ""expected_count"": 262120, ""missing_expected"": [], ""ok"": true, ""stop_token_ids"": [1, 50, 106], ""unexpected_allowed"": []}",3.58384576899698,xgrammar,2.8443682189681567,2.3624416009988636,42,25,24,"[818, 3207, 14744, 77712, 1217, 531, 3980, 872, 506, 12688, 69552, 580, 506, 17110, 10692, 236761, 236743, 107, 2717, 107, 2717, 107, 237141, 107, 1]","[818, 3207, 14744, 77712, 1217, 531, 3980, 872, 506, 12688, 69552, 580, 506, 17110, 10692, 236761, 236743, 107, 2717, 107, 2717, 107, 237141, 107]",1,"[1, 106, 50]",1,1,True,False,[1],"The city council debated how to clean up the extensive graffiti on the historic buildings. 
```
```
​
",True,10224967168,10.927203750004992
009_common_gen_kth_last_k16_t1_rep1,159,9,kth_last,16,1,2,65,18,929,1088972404,common_gen,9,1,common_gen:validation:631,0,312edfaf549ac3db7ab825973282ba3b363a85ad71d99d63453227fa749194d2,34055ead659b6697512b1dca791a557237e46a38e8d7ec35397ffa4a4d24ee95,success,,512.0,512.0,512.0,False,,model_loaded,19.134853773983195,0.5651604100130498,0.313280111993663,0.8784405220067129,0.8784405220067129,837,2447,45165,56157121,262144,"{""allowed_count"": 262120, ""expected_count"": 262120, ""missing_expected"": [], ""ok"": true, ""stop_token_ids"": [1, 50, 106], ""unexpected_allowed"": []}",3.3438234020140953,xgrammar,2.8510376989725046,4.38458430301398,42,65,64,"[818, 22436, 12535, 506, 4148, 45942, 529, 506, 12440, 3207, 236761, 236743, 107, 183017, 61917, 30400, 617, 37551, 682, 107, 11570, 3356, 107, 140, 236775, 30400, 617, 236775, 107, 236783, 107, 4337, 107, 236775, 117470, 524, 236775, 107, 4337, 107, 236775, 1437, 236775, 107, 4337, 107, 236775, 25116, 22436, 236775, 107, 4337, 107, 236775, 236751, 4821, 236775, 107, 4337, 107, 236775, 1340, 236775, 107, 1]","[818, 22436, 12535, 506, 4148, 45942, 529, 506, 12440, 3207, 236761, 236743, 107, 183017, 61917, 30400, 617, 37551, 682, 107, 11570, 3356, 107, 140, 236775, 30400, 617, 236775, 107, 236783, 107, 4337, 107, 236775, 117470, 524, 236775, 107, 4337, 107, 236775, 1437, 236775, 107, 4337, 107, 236775, 25116, 22436, 236775, 107, 4337, 107, 236775, 236751, 4821, 236775, 107, 4337, 107, 236775, 1340, 236775, 107]",1,"[1, 106, 50]",1,1,True,True,[2],"The tourist enjoyed the beautiful sights of the ancient city. 
""]') {$tourist$} }
serve ${
    ""tourist""
}
"",""
""enjoyed""
"",""
""the""
"",""
""beautiful tourist""
"",""
""sights""
"",""
""of""
",True,10227444736,12.768530808971263
010_common_gen_kth_last_k17_t1_rep1,160,10,kth_last,17,1,2,65,19,958,1028610638,common_gen,10,1,common_gen:validation:502,0,7d979d658942632674c0f8f57b71d320785f2e3847e92e29046da62976b4ed99,e72849b5b491dc1cad332b7d619f238697d278f80a5d872a78fbb0ffe0737cd6,success,,512.0,512.0,512.0,False,,model_loaded,19.240210652991664,0.4822523930342868,0.326990329020191,0.8092427220544778,0.8092427220544778,868,2541,47024,60524497,262144,"{""allowed_count"": 262120, ""expected_count"": 262120, ""missing_expected"": [], ""ok"": true, ""stop_token_ids"": [1, 50, 106], ""unexpected_allowed"": []}",3.9536107039893977,xgrammar,2.9160190210095607,3.917757484014146,41,55,54,"[2209, 5524, 506, 4299, 607, 496, 8632, 19480, 236761, 4940, 236779, 3017, 236779, 811, 5524, 496, 13832, 1686, 236761, 205711, 506, 13315, 236761, 5524, 506, 3328, 607, 18510, 236761, 3792, 236789, 236751, 5524, 600, 5671, 236761, 4100, 5524, 506, 3866, 2651, 236761, 580, 506, 5524, 901, 23101, 236761, 12615, 5524, 506, 11806, 5719, 236761, 106]","[2209, 5524, 506, 4299, 607, 496, 8632, 19480, 236761, 4940, 236779, 3017, 236779, 811, 5524, 496, 13832, 1686, 236761, 205711, 506, 13315, 236761, 5524, 506, 3328, 607, 18510, 236761, 3792, 236789, 236751, 5524, 600, 5671, 236761, 4100, 5524, 506, 3866, 2651, 236761, 580, 506, 5524, 901, 23101, 236761, 12615, 5524, 506, 11806, 5719, 236761]",1,"[1, 106, 50]",106,1,True,False,[7],He hit the ball with a powerful swing. random_word_one hit a crucial mark. Strengthening the sentence. hit the target with precision. Let's hit that goal. impact hit the ground hard. on the hit they celebrated. exciting hit the winning shot.,True,10226655744,12.934807463025209
011_common_gen_kth_last_k19_t1_rep1,161,11,kth_last,19,1,2,65,21,1010,1170513678,common_gen,11,1,common_gen:validation:964,0,1e360007e8ba521a7c95e5a437b9dbc0aefd6c10fcaa26784431cfac6bed9d30,625849997477847492394ef018b64aa339b8d2a3eaf5895a9c70979b71a871c7,success,,512.0,512.0,512.0,False,,model_loaded,17.470401261001825,0.48589005699614063,0.3528493730118498,0.8387394300079904,0.8387394300079904,924,2711,50394,68838430,262144,"{""allowed_count"": 262120, ""expected_count"": 262120, ""missing_expected"": [], ""ok"": true, ""stop_token_ids"": [1, 50, 106], ""unexpected_allowed"": []}",3.835317249002401,xgrammar,2.8780531299998984,2.2832021479844116,41,23,22,"[236777, 1133, 531, 4526, 506, 14711, 699, 1041, 38957, 1418, 9137, 236761, 236743, 107, 2717, 107, 2717, 107, 237141, 107, 237141, 107, 1]","[236777, 1133, 531, 4526, 506, 14711, 699, 1041, 38957, 1418, 9137, 236761, 236743, 107, 2717, 107, 2717, 107, 237141, 107, 237141, 107]",1,"[1, 106, 50]",1,1,True,False,[1],"I like to watch the sunset from my balcony every evening. 
```
```
​
​
",True,10224791040,11.19856276299106
012_common_gen_kth_last_k20_t1_rep1,162,12,kth_last,20,1,2,65,22,1033,1698868490,common_gen,12,1,common_gen:validation:792,0,8165c0b07d616bfa8c2cd711a6105e5d01d98f64f7167735ca27bfc57d3d42f3,439eb77acda5ddbf1a24cc82ceb40732a0bab316be5e728e20646c665afab303,success,,512.0,512.0,512.0,False,,model_loaded,18.82362524297787,0.46094359701965004,0.36323270201683044,0.8241762990364805,0.8241762990364805,949,2787,51905,72728467,262144,"{""allowed_count"": 262120, ""expected_count"": 262120, ""missing_expected"": [], ""ok"": true, ""stop_token_ids"": [1, 50, 106], ""unexpected_allowed"": []}",3.388848525006324,xgrammar,2.722009891003836,3.959998945996631,41,54,53,"[5778, 1765, 496, 1440, 6568, 531, 1601, 1116, 5370, 506, 1494, 15092, 236761, 12148, 236787, 107, 4060, 496, 6568, 236761, 107, 148233, 236787, 11058, 20889, 1935, 107, 54554, 236787, 2625, 1765, 496, 1440, 6568, 531, 1601, 1116, 5370, 506, 1494, 15092, 236761, 568, 138223, 623, 20889, 1373, 108, 20470, 236764, 564, 1202, 531, 106]","[5778, 1765, 496, 1440, 6568, 531, 1601, 1116, 5370, 506, 1494, 15092, 236761, 12148, 236787, 107, 4060, 496, 6568, 236761, 107, 148233, 236787, 11058, 20889, 1935, 107, 54554, 236787, 2625, 1765, 496, 1440, 6568, 531, 1601, 1116, 5370, 506, 1494, 15092, 236761, 568, 138223, 623, 20889, 1373, 108, 20470, 236764, 564, 1202, 531]",1,"[1, 106, 50]",106,1,True,False,[3],"She found a long stick to help her reach the high branches.border:
with a stick.
concepts: [""stick""]
sentence: She found a long stick to help her reach the high branches. (Uses ""stick"")

Wait, I need to",True,10226584064,12.221406002994627
013_common_gen_kth_last_k22_t1_rep1,163,13,kth_last,22,1,2,65,24,1073,264401576,common_gen,13,1,common_gen:validation:164,0,247adaa19156123ec63d51d88712d5db0a0dfbf51b027c678cefe84970713c0c,9b94ed4f8ee977ae6501c190f8675163ee30f2a362d049650f526b972c15be27,success,,512.0,512.0,512.0,False,,model_loaded,19.489884884969797,0.4572780689923093,0.3829134569969028,0.8401915259892121,0.8401915259892121,993,2921,54579,79848322,262144,"{""allowed_count"": 262120, ""expected_count"": 262120, ""missing_expected"": [], ""ok"": true, ""stop_token_ids"": [1, 50, 106], ""unexpected_allowed"": []}",3.5746324619976804,xgrammar,2.76495249097934,4.471063572971616,41,65,64,"[5778, 1093, 9212, 171982, 1056, 1304, 5004, 506, 15060, 236761, 236743, 107, 133414, 236787, 236743, 236828, 4171, 236761, 107, 200948, 1456, 236787, 623, 17733, 3056, 107, 138895, 1722, 236787, 14063, 236764, 3756, 236764, 40137, 5422, 13315, 236761, 107, 8433, 6518, 236787, 10522, 9212, 13315, 236761, 108, 5778, 1093, 9212, 171982, 1056, 1304, 5004, 506, 15060, 236761, 236743, 107, 236769, 25864, 236772, 154858, 236787, 669, 106]","[5778, 1093, 9212, 171982, 1056, 1304, 5004, 506, 15060, 236761, 236743, 107, 133414, 236787, 236743, 236828, 4171, 236761, 107, 200948, 1456, 236787, 623, 17733, 3056, 107, 138895, 1722, 236787, 14063, 236764, 3756, 236764, 40137, 5422, 13315, 236761, 107, 8433, 6518, 236787, 10522, 9212, 13315, 236761, 108, 5778, 1093, 9212, 171982, 1056, 1304, 5004, 506, 15060, 236761, 236743, 107, 236769, 25864, 236772, 154858, 236787, 669]",1,"[1, 106, 50]",106,1,True,True,[3],"She would jump excitedly when she saw the presents. 
SizeBytes: 8 words.
Concepts used: ""jump"".
Sentence type: Short, natural, coherent English sentence.
Output format: Only jump sentence.

She would jump excitedly when she saw the presents. 
(Self-correction: The",True,10227373056,12.95534001197666
014_common_gen_kth_last_k24_t1_rep1,164,14,kth_last,24,1,2,65,26,1105,1709182379,common_gen,14,1,common_gen:validation:878,0,062423bfd57ea3b5d66bc7f02f970c6cbcf6ea4bf64a964bd979d8e730bd2c89,d39c327c7dc7c9e72eb478fc45172e6749f47af4b217d5c0a95900bbf4e563ca,success,,512.0,512.0,512.0,False,,model_loaded,19.633355998026673,0.49134196096565574,0.4005175129859708,0.8918594739516266,0.8918594739516266,1029,3031,56789,85942645,262144,"{""allowed_count"": 262120, ""expected_count"": 262120, ""missing_expected"": [], ""ok"": true, ""stop_token_ids"": [1, 50, 106], ""unexpected_allowed"": []}",3.4754005770082586,xgrammar,2.637963791959919,4.531854250992183,42,65,64,"[5778, 13058, 98423, 506, 11167, 531, 16913, 506, 54127, 20875, 4888, 236761, 90457, 107, 5072, 531, 577, 614, 36289, 3305, 653, 496, 116896, 236793, 20414, 506, 15925, 563, 531, 1161, 506, 3658, 623, 635, 535, 236775, 14769, 528, 496, 3161, 52314, 742, 13315, 236761, 108, 5778, 13058, 98423, 506, 38141, 1135, 506, 28697, 9479, 236761, 107, 504, 107, 236777, 1133, 531, 52314, 506, 28003, 106]","[5778, 13058, 98423, 506, 11167, 531, 16913, 506, 54127, 20875, 4888, 236761, 90457, 107, 5072, 531, 577, 614, 36289, 3305, 653, 496, 116896, 236793, 20414, 506, 15925, 563, 531, 1161, 506, 3658, 623, 635, 535, 236775, 14769, 528, 496, 3161, 52314, 742, 13315, 236761, 108, 5778, 13058, 98423, 506, 38141, 1135, 506, 28697, 9479, 236761, 107, 504, 107, 236777, 1133, 531, 52314, 506, 28003]",1,"[1, 106, 50]",106,1,True,True,[2],"She carefully peeled the orange to reveal the juicy segments inside. بچوں
 seems to be an incomplete thought or a typo; assuming the intention is to use the word ""peel"" naturally in a single peelable sentence.

She carefully peeled the wrapping off the delicate fruit.
or
I like to peel the potatoes",True,10227444736,13.044015081017278
015_common_gen_kth_last_k25_t1_rep1,165,15,kth_last,25,1,2,65,27,1118,1638486433,common_gen,15,1,common_gen:validation:591,0,550f78962fa6068da190f673185fab1457e0342c67e5ebaee8a97d5b8edbc818,cf5803d9f519a626a6e565c608daa99d5ad7a36e4cbaf6b27a783c7588d7eaeb,success,,512.0,512.0,512.0,False,,model_loaded,19.03229013097007,0.47402807301841676,0.40579093201085925,0.879819005029276,0.879819005029276,1044,3077,57720,88558237,262144,"{""allowed_count"": 262120, ""expected_count"": 262120, ""missing_expected"": [], ""ok"": true, ""stop_token_ids"": [1, 50, 106], ""unexpected_allowed"": []}",3.4590634609921835,xgrammar,2.709939956024755,4.1261280219769105,41,58,57,"[818, 9691, 5464, 23057, 18761, 506, 1262, 236761, 236743, 107, 1574, 68182, 12498, 1603, 506, 5464, 3449, 11442, 236761, 236743, 107, 818, 3996, 5464, 3149, 15318, 29283, 236761, 236743, 107, 7711, 861, 5464, 26385, 5314, 9286, 236761, 236743, 107, 29472, 4735, 17927, 5697, 506, 26446, 5464, 236761, 236743, 107, 818, 65336, 5464, 28399, 52996, 9395, 236761, 236743, 106]","[818, 9691, 5464, 23057, 18761, 506, 1262, 236761, 236743, 107, 1574, 68182, 12498, 1603, 506, 5464, 3449, 11442, 236761, 236743, 107, 818, 3996, 5464, 3149, 15318, 29283, 236761, 236743, 107, 7711, 861, 5464, 26385, 5314, 9286, 236761, 236743, 107, 29472, 4735, 17927, 5697, 506, 26446, 5464, 236761, 236743, 107, 818, 65336, 5464, 28399, 52996, 9395, 236761, 236743]",1,"[1, 106, 50]",106,1,True,False,[6],"The advanced machine efficiently processed the data. 
alkinology AI made the machine learn faster. 
The complex machine required careful calibration. 
Our new machine promises greater efficiency. 
Machine learning algorithms drive the sophisticated machine. 
The robotic machine performs intricate tasks. ",True,10226871296,12.548177435994148
016_common_gen_kth_last_k27_t1_rep1,166,16,kth_last,27,1,2,65,29,1138,1674613536,common_gen,16,1,common_gen:validation:405,0,551b023083dd374f62c0c648e148b17676fe5ea699fa6b0de458c74338d75b46,45acf4cb63c58fd0b1d22f60e9439924eabb3de88fa0e27d10869c129eac043a,success,,512.0,512.0,512.0,False,,model_loaded,17.734598985000048,0.4938593690167181,0.41683317301794887,0.910692542034667,0.910692542034667,1068,3151,59234,92849722,262144,"{""allowed_count"": 262120, ""expected_count"": 262120, ""missing_expected"": [], ""ok"": true, ""stop_token_ids"": [1, 50, 106], ""unexpected_allowed"": []}",3.3937343879952095,xgrammar,2.850783914036583,2.6894793339888565,41,30,29,"[5778, 795, 8785, 506, 861, 5808, 531, 506, 4598, 236761, 236743, 107, 2717, 107, 2717, 107, 25271, 107, 2717, 107, 2717, 107, 2717, 107, 2717, 107, 2717, 107, 2717, 106]","[5778, 795, 8785, 506, 861, 5808, 531, 506, 4598, 236761, 236743, 107, 2717, 107, 2717, 107, 25271, 107, 2717, 107, 2717, 107, 2717, 107, 2717, 107, 2717, 107, 2717]",1,"[1, 106, 50]",106,1,True,False,[1],"She will wear the new dress to the party. 
```
```
 निकाल
```
```
```
```
```
```",True,10224863232,11.171587126969825
017_common_gen_kth_last_k29_t1_rep1,167,17,kth_last,29,1,2,65,31,1150,1658722375,common_gen,17,1,common_gen:validation:414,0,486d1bc0ec29543461648a7292e468bcd987307ba079292be8d84b1ec52d77e9,26854987c07715b1701d972812a6cfde196362161e655d63a440354a9be05b60,success,,512.0,512.0,512.0,False,,model_loaded,17.735592416953295,0.4571740889805369,0.42394984897691756,0.8811239379574545,0.8811239379574545,1084,3201,60284,95809435,262144,"{""allowed_count"": 262120, ""expected_count"": 262120, ""missing_expected"": [], ""ok"": true, ""stop_token_ids"": [1, 50, 106], ""unexpected_allowed"": []}",3.3972197539987974,xgrammar,2.7109575960203074,2.68317474599462,41,31,30,"[818, 29989, 515, 1282, 991, 38968, 3418, 506, 19077, 236761, 236743, 107, 2717, 107, 2717, 107, 107, 37107, 29989, 9312, 531, 11540, 528, 506, 5427, 1813, 236761, 236743, 107, 2717, 106]","[818, 29989, 515, 1282, 991, 38968, 3418, 506, 19077, 236761, 236743, 107, 2717, 107, 2717, 107, 107, 37107, 29989, 9312, 531, 11540, 528, 506, 5427, 1813, 236761, 236743, 107, 2717]",1,"[1, 106, 50]",106,1,True,False,[2],"The duck waddled happily across the pond. 
```
```

Their duck loved to swim in the cool water. 
```",True,10224934912,11.066021506034303
018_common_gen_kth_last_k30_t1_rep1,168,18,kth_last,30,1,2,65,32,1153,1745670586,common_gen,18,1,common_gen:validation:210,0,224aee95c866ef830810455244d7c0c541ba9976c06feb7e0edc3566a5cc9697,b2f03bde326e7fbc3bb6f644ad25f0e143e27c360c62fce7dbcec22fca27921f,success,,512.0,512.0,512.0,False,,model_loaded,19.74085861101048,0.4823458270402625,0.4274109749821946,0.9097568020224571,0.9097568020224571,1089,3217,60635,96767782,262144,"{""allowed_count"": 262120, ""expected_count"": 262120, ""missing_expected"": [], ""ok"": true, ""stop_token_ids"": [1, 50, 106], ""unexpected_allowed"": []}",3.5197960090008564,xgrammar,2.8090048439917155,4.516767477034591,41,65,64,"[13908, 12030, 657, 506, 11710, 531, 1460, 506, 29110, 4889, 236761, 236743, 107, 107, 16907, 25864, 236772, 154858, 236787, 669, 2864, 9456, 506, 3495, 11058, 7780, 24594, 669, 13315, 2787, 6178, 623, 7780, 236775, 1385, 236761, 1637, 506, 9703, 691, 531, 1161, 506, 3658, 623, 7780, 236775, 528, 496, 1595, 600, 15517, 614, 2970, 236764, 506, 13315, 563, 65373, 1805, 5851, 532, 40137, 2907, 106]","[13908, 12030, 657, 506, 11710, 531, 1460, 506, 29110, 4889, 236761, 236743, 107, 107, 16907, 25864, 236772, 154858, 236787, 669, 2864, 9456, 506, 3495, 11058, 7780, 24594, 669, 13315, 2787, 6178, 623, 7780, 236775, 1385, 236761, 1637, 506, 9703, 691, 531, 1161, 506, 3658, 623, 7780, 236775, 528, 496, 1595, 600, 15517, 614, 2970, 236764, 506, 13315, 563, 65373, 1805, 5851, 532, 40137, 2907]",1,"[1, 106, 50]",106,1,True,True,[1],"Look closely at the painting to see the subtle details. 

*(Self-correction: The request listed the concept [""look""]. The sentence above uses ""look"" look. If the intent was to use the word ""look"" in a way that describes an action, the sentence is grammatically fine and coherent.)",True,10227373056,13.124566401005723
019_common_gen_kth_last_k32_t1_rep1,169,19,kth_last,32,1,2,65,34,1153,794528412,common_gen,19,1,common_gen:validation:905,0,3e189834876534c39e792432693a123d820e8d6b89915e3ea68db7be13d52515,e8012858845fb697d53248f53ffa68fe5073cc15bbfcf523e8fedf3bc78f69c4,success,,512.0,512.0,512.0,False,,model_loaded,19.691330610017758,0.47488181496737525,0.42915288801304996,0.9040347029804252,0.9040347029804252,1093,3231,60989,97614697,262144,"{""allowed_count"": 262120, ""expected_count"": 262120, ""missing_expected"": [], ""ok"": true, ""stop_token_ids"": [1, 50, 106], ""unexpected_allowed"": []}",3.6165909460396506,xgrammar,2.8788526210119016,4.265025341010187,41,57,56,"[5778, 13058, 7006, 506, 1944, 5693, 580, 506, 27319, 236761, 236743, 107, 2717, 3723, 107, 236840, 107, 138, 236775, 5778, 13058, 7006, 506, 1944, 5693, 580, 506, 27319, 1781, 107, 236842, 107, 2717, 107, 236769, 25864, 236772, 154858, 236787, 669, 11172, 19565, 573, 808, 161617, 886, 236829, 13315, 1699, 808, 712, 236829, 14485, 236764, 840, 506, 106]","[5778, 13058, 7006, 506, 1944, 5693, 580, 506, 27319, 236761, 236743, 107, 2717, 3723, 107, 236840, 107, 138, 236775, 5778, 13058, 7006, 506, 1944, 5693, 580, 506, 27319, 1781, 107, 236842, 107, 2717, 107, 236769, 25864, 236772, 154858, 236787, 669, 11172, 19565, 573, 808, 161617, 886, 236829, 13315, 1699, 808, 712, 236829, 14485, 236764, 840, 506]",1,"[1, 106, 50]",106,1,True,False,[2],"She carefully placed the small bag on the shelf. 
```json
[
  ""She carefully placed the small bag on the shelf.""
]
```
(Self-correction: The prompt asks for *exactly one* sentence using *all* concepts, but the",True,10226799616,13.04240184702212
020_common_gen_kth_last_k33_t1_rep1,170,20,kth_last,33,1,2,65,35,1150,338848764,common_gen,20,1,common_gen:validation:776,0,fde49772bda83c71a70167584699620157bc0540058141765ba0fd090ed576a2,c52cef1553b8b5c354c863a56fd21c1fc56cb2ec2f4806ac818a6ae303314235,success,,512.0,512.0,512.0,False,,model_loaded,23.208003841980826,0.4789638320216909,0.42835245397873223,0.9073162860004231,0.9073162860004231,1092,3229,60992,97498546,262144,"{""allowed_count"": 262120, ""expected_count"": 262120, ""missing_expected"": [], ""ok"": true, ""stop_token_ids"": [1, 50, 106], ""unexpected_allowed"": []}",3.833152289967984,xgrammar,2.8703898250241764,4.516033759980928,42,65,64,"[818, 4799, 6074, 531, 39839, 506, 47612, 872, 506, 32049, 5028, 236761, 236743, 107, 3952, 506, 39839, 39839, 39839, 39839, 39839, 39839, 39839, 39839, 39839, 39839, 39839, 39839, 39839, 39839, 39839, 39839, 39839, 39839, 39839, 39839, 39839, 39839, 39839, 39839, 39839, 39839, 39839, 39839, 39839, 39839, 39839, 39839, 39839, 39839, 39839, 39839, 39839, 39839, 39839, 39839, 39839, 39839, 39839, 39839, 39839, 39839, 39839, 39839, 106]","[818, 4799, 6074, 531, 39839, 506, 47612, 872, 506, 32049, 5028, 236761, 236743, 107, 3952, 506, 39839, 39839, 39839, 39839, 39839, 39839, 39839, 39839, 39839, 39839, 39839, 39839, 39839, 39839, 39839, 39839, 39839, 39839, 39839, 39839, 39839, 39839, 39839, 39839, 39839, 39839, 39839, 39839, 39839, 39839, 39839, 39839, 39839, 39839, 39839, 39839, 39839, 39839, 39839, 39839, 39839, 39839, 39839, 39839, 39839, 39839, 39839, 39839]",1,"[1, 106, 50]",106,1,True,True,[49],"The dog began to chase the squirrel up the oak tree. 
 comes the chase chase chase chase chase chase chase chase chase chase chase chase chase chase chase chase chase chase chase chase chase chase chase chase chase chase chase chase chase chase chase chase chase chase chase chase chase chase chase chase chase chase chase chase chase chase chase chase",True,10227444736,13.491829011007212
021_common_gen_kth_last_k35_t1_rep1,171,21,kth_last,35,1,2,65,37,1138,930440047,common_gen,21,1,common_gen:validation:209,0,c22dda3ae6f769064e12924939915f6e38cf83382e006a6552d923a0b9447b0b,b32cb97783b55e95bf27f1fe0c06b60fb4886693010a2da8cc3d8d92647456de,success,,512.0,512.0,512.0,False,,model_loaded,20.193588353984524,0.4647119009750895,0.4320269070449285,0.896738808020018,0.896738808020018,1084,3207,60650,96190333,262144,"{""allowed_count"": 262120, ""expected_count"": 262120, ""missing_expected"": [], ""ok"": true, ""stop_token_ids"": [1, 50, 106], ""unexpected_allowed"": []}",3.8987350599491037,xgrammar,2.8596886510495096,4.381490116007626,41,65,64,"[1882, 6544, 531, 817, 55492, 672, 9735, 573, 1070, 5756, 13950, 236761, 236743, 107, 2717, 107, 2717, 107, 1018, 25864, 236772, 135778, 236786, 7166, 29357, 53121, 669, 2864, 19565, 20108, 531, 577, 1456, 236764, 840, 506, 14485, 1694, 691, 11058, 9643, 24594, 3551, 7835, 13315, 6178, 623, 9643, 522, 2098, 837, 563, 496, 3756, 9980, 236764, 532, 563, 40137, 236761, 564, 795, 6568, 531, 106]","[1882, 6544, 531, 817, 55492, 672, 9735, 573, 1070, 5756, 13950, 236761, 236743, 107, 2717, 107, 2717, 107, 1018, 25864, 236772, 135778, 236786, 7166, 29357, 53121, 669, 2864, 19565, 20108, 531, 577, 1456, 236764, 840, 506, 14485, 1694, 691, 11058, 9643, 24594, 3551, 7835, 13315, 6178, 623, 9643, 522, 2098, 837, 563, 496, 3756, 9980, 236764, 532, 563, 40137, 236761, 564, 795, 6568, 531]",1,"[1, 106, 50]",106,1,True,True,[1],"We decided to go skiing this weekend for some fresh powder. 
```
```
**Self-Correction/Refinement:** The request asks ski to be used, but the concepts list was [""ski""]. My generated sentence uses ""skiing,"" which is a natural extension, and is coherent. I will stick to",True,10227373056,13.400672531046439
022_common_gen_kth_last_k37_t1_rep1,172,22,kth_last,37,1,2,65,39,1118,1006841862,common_gen,22,1,common_gen:validation:354,0,0f8ee3158108592cb04fb667bddb85bdb7403d12078e0012871e01d45b628e2a,56f6af35c3dab473e1bd7bc9b0e480a12932f380a95fdac959bcbf6c3614813c,success,,512.0,512.0,512.0,False,,model_loaded,18.078812278050464,0.512792820984032,0.4258685669628903,0.9386613879469223,0.9386613879469223,1068,3161,59844,93475292,262144,"{""allowed_count"": 262120, ""expected_count"": 262120, ""missing_expected"": [], ""ok"": true, ""stop_token_ids"": [1, 50, 106], ""unexpected_allowed"": []}",3.4506723909871653,xgrammar,2.7690979199833237,3.285357792978175,41,41,40,"[5778, 6544, 531, 6554, 506, 4251, 2978, 496, 28239, 23791, 529, 3730, 236761, 112534, 236761, 236743, 107, 107, 236743, 107, 236829, 135778, 63508, 669, 2430, 4733, 573, 7121, 886, 2822, 236764, 3756, 236764, 40137, 5422, 13315, 1699, 784, 14485, 236764, 106]","[5778, 6544, 531, 6554, 506, 4251, 2978, 496, 28239, 23791, 529, 3730, 236761, 112534, 236761, 236743, 107, 107, 236743, 107, 236829, 135778, 63508, 669, 2430, 4733, 573, 7121, 886, 2822, 236764, 3756, 236764, 40137, 5422, 13315, 1699, 784, 14485, 236764]",1,"[1, 106, 50]",106,1,True,False,[1],"She decided to paint the entire room a vibrant shade of blue. TIMES. 

 
*Correction*: The user asked for exactly one short, natural, coherent English sentence using all concepts,",True,10225652224,11.854122053016908
023_common_gen_kth_last_k38_t1_rep1,173,23,kth_last,38,1,2,65,40,1105,1702076224,common_gen,23,1,common_gen:validation:367,0,50daacf0f0294b7594817f4847b627be33077e2204675ff7224d4cc9b5491885,cdf1593d26b21cbef1f778ef396b24e5069dd6b55e66cc127add1c53610c697b,success,,512.0,512.0,512.0,False,,model_loaded,18.284951189998537,0.4595539880101569,0.4148455690010451,0.874399557011202,0.874399557011202,1057,3129,59267,91608076,262144,"{""allowed_count"": 262120, ""expected_count"": 262120, ""missing_expected"": [], ""ok"": true, ""stop_token_ids"": [1, 50, 106], ""unexpected_allowed"": []}",3.4442373770289123,xgrammar,2.7618420899962075,3.17745861900039,43,40,39,"[818, 56888, 83755, 506, 7804, 2604, 4299, 607, 723, 114949, 1552, 186937, 236761, 236743, 107, 2717, 3723, 107, 236840, 107, 138, 236775, 818, 56888, 83755, 506, 7804, 2604, 4299, 607, 723, 114949, 1552, 186937, 1781, 107, 236842, 107, 2717, 106]","[818, 56888, 83755, 506, 7804, 2604, 4299, 607, 723, 114949, 1552, 186937, 236761, 236743, 107, 2717, 3723, 107, 236840, 107, 138, 236775, 818, 56888, 83755, 506, 7804, 2604, 4299, 607, 723, 114949, 1552, 186937, 1781, 107, 236842, 107, 2717]",1,"[1, 106, 50]",106,1,True,False,[2],"The toddler chased the bright red ball with uninhibited glee. 
```json
[
  ""The toddler chased the bright red ball with uninhibited glee.""
]
```",True,10225723904,11.615684843040071
024_common_gen_kth_last_k40_t1_rep1,174,24,kth_last,40,1,2,65,42,1073,1070036334,common_gen,24,1,common_gen:validation:610,0,5845d0eb6d64e925e790dda5dc80f08e73d776340479f91bfac1cbdf4e04b5ce,5c85f61a050ff8b40384e6ebcd911f7873b3236bffefc0cda9ca95e50e97df18,success,,512.0,512.0,512.0,False,,model_loaded,18.920114665001165,0.4718980169855058,0.41420200100401416,0.88610001798952,0.88610001798952,1029,3047,57765,86907413,262144,"{""allowed_count"": 262120, ""expected_count"": 262120, ""missing_expected"": [], ""ok"": true, ""stop_token_ids"": [1, 50, 106], ""unexpected_allowed"": []}",3.705275686981622,xgrammar,2.784332317998633,3.4976292680366896,41,46,45,"[5778, 4354, 531, 5428, 1116, 27868, 13058, 1680, 506, 2563, 8105, 236761, 27982, 194690, 232960, 154789, 107, 53236, 236761, 107, 11243, 236761, 107, 24301, 236761, 107, 221517, 236761, 107, 20097, 236761, 107, 10934, 236761, 107, 149986, 236761, 107, 50263, 236761, 107, 28561, 522, 236761, 107, 106]","[5778, 4354, 531, 5428, 1116, 27868, 13058, 1680, 506, 2563, 8105, 236761, 27982, 194690, 232960, 154789, 107, 53236, 236761, 107, 11243, 236761, 107, 24301, 236761, 107, 221517, 236761, 107, 20097, 236761, 107, 10934, 236761, 107, 149986, 236761, 107, 50263, 236761, 107, 28561, 522, 236761, 107]",1,"[1, 106, 50]",106,1,True,False,[1],"She needed to practice her drill carefully before the big competition. ഹ رأسরানшив
experience.
speed.
 discipline.
grit.
refresh.
success.
buzz.
finish.
Pushing.
",True,10226010624,12.32586928497767
025_common_gen_kth_last_k42_t1_rep1,175,25,kth_last,42,1,2,65,44,1033,1161641129,common_gen,25,1,common_gen:validation:14,0,1017dd7c129cf0cc904f5820f56dc50ebcabce48bb79226f3ba20ebe6b3eeb31,9ed8200628d4297065747515638dccbc46e390573d2ac55ab3178fbe4ee20714,success,,512.0,512.0,512.0,False,,model_loaded,18.600495189020876,0.48522949998732656,0.408338776032906,0.8935682760202326,0.8935682760202326,993,2941,55799,81012562,262144,"{""allowed_count"": 262120, ""expected_count"": 262120, ""missing_expected"": [], ""ok"": true, ""stop_token_ids"": [1, 50, 106], ""unexpected_allowed"": []}",3.7349802720127627,xgrammar,2.7726644120411947,3.3914740099571645,41,44,43,"[818, 35551, 15453, 126598, 531, 6350, 1116, 5671, 236761, 129571, 131098, 506, 9734, 529, 506, 17748, 236761, 1813, 104264, 657, 886, 7549, 10674, 57356, 236761, 1304, 563, 496, 11554, 35551, 236761, 73508, 236761, 7659, 236761, 21410, 236761, 1388, 236761, 6130, 236761, 107, 236743, 106]","[818, 35551, 15453, 126598, 531, 6350, 1116, 5671, 236761, 129571, 131098, 506, 9734, 529, 506, 17748, 236761, 1813, 104264, 657, 886, 7549, 10674, 57356, 236761, 1304, 563, 496, 11554, 35551, 236761, 73508, 236761, 7659, 236761, 21410, 236761, 1388, 236761, 6130, 236761, 107, 236743]",1,"[1, 106, 50]",106,1,True,False,[2],"The athlete trained rigorously to achieve her goal. physicists memorize the laws of the universe. water boils at one hundred degrees Celsius. she is a dedicated athlete. eagerly. shared. thoroughly. well. skills.
 ",True,10225867264,12.15227253100602
026_common_gen_kth_last_k43_t1_rep1,176,26,kth_last,43,1,2,65,45,1010,1110310343,common_gen,26,1,common_gen:validation:889,0,09fafd2dfe9b5bdbd625d5fbac6317c3f9540e4fd9364f0a66c00cfa5fd9358c,5cb663c4fe73062f357a251ca8d8a095f0d67cb6bd1f300ce8951a22291f240d,success,,512.0,512.0,512.0,False,,model_loaded,18.731534378021024,0.5137274290318601,0.38182466896250844,0.8955520979943685,0.8955520979943685,972,2879,54642,77660081,262144,"{""allowed_count"": 262120, ""expected_count"": 262120, ""missing_expected"": [], ""ok"": true, ""stop_token_ids"": [1, 50, 106], ""unexpected_allowed"": []}",3.4089718610048294,xgrammar,2.7424166539567523,3.6753681609989144,41,50,49,"[236777, 1202, 531, 6077, 1161, 506, 15406, 1680, 506, 5395, 9857, 236761, 236743, 107, 45441, 236761, 236743, 107, 1408, 669, 13315, 2787, 1677, 711, 3014, 784, 506, 9155, 14485, 236761, 107, 236777, 1006, 13327, 531, 20159, 600, 2864, 1547, 506, 3847, 1694, 529, 14485, 6791, 136432, 1373, 563, 2311, 106]","[236777, 1202, 531, 6077, 1161, 506, 15406, 1680, 506, 5395, 9857, 236761, 236743, 107, 45441, 236761, 236743, 107, 1408, 669, 13315, 2787, 1677, 711, 3014, 784, 506, 9155, 14485, 236761, 107, 236777, 1006, 13327, 531, 20159, 600, 2864, 1547, 506, 3847, 1694, 529, 14485, 6791, 136432, 1373, 563, 2311]",1,"[1, 106, 50]",106,1,True,False,[1],"I need to quickly use the bathroom before the meeting starts. 
 Trinity. 
## The sentence above does not contain all the specified concepts.
I am unable to fulfill that request because the provided list of concepts (""bathroom"") is too",True,10226297344,12.1403715449851
027_common_gen_kth_last_k45_t1_rep1,177,27,kth_last,45,1,2,65,47,958,1519912972,common_gen,27,1,common_gen:validation:544,0,24384293d583722339bb1734fd3f392d5d4658d4c955dc82636b201d78313b7b,278506ffc047228b49972f03aacac8ac7aea13e02ad9992567135f6fa042f089,success,,512.0,512.0,512.0,False,,model_loaded,18.815753842995036,0.45936918997904286,0.3594248589943163,0.8187940489733592,0.8187940489733592,924,2737,51980,70247968,262144,"{""allowed_count"": 262120, ""expected_count"": 262120, ""missing_expected"": [], ""ok"": true, ""stop_token_ids"": [1, 50, 106], ""unexpected_allowed"": []}",3.406861015013419,xgrammar,2.787245444022119,3.7567200729972683,41,52,51,"[818, 8326, 49333, 529, 506, 2604, 10135, 9772, 506, 37066, 2978, 236761, 82184, 236761, 21215, 236761, 39364, 236761, 691, 5250, 236761, 18434, 236761, 11613, 236761, 1657, 236761, 12535, 236761, 153082, 236761, 16783, 236761, 8744, 236761, 44157, 236761, 48151, 236761, 180183, 236761, 19185, 236761, 7080, 236761, 14658, 236761, 62537, 525, 236761, 512, 1]","[818, 8326, 49333, 529, 506, 2604, 10135, 9772, 506, 37066, 2978, 236761, 82184, 236761, 21215, 236761, 39364, 236761, 691, 5250, 236761, 18434, 236761, 11613, 236761, 1657, 236761, 12535, 236761, 153082, 236761, 16783, 236761, 8744, 236761, 44157, 236761, 48151, 236761, 180183, 236761, 19185, 236761, 7080, 236761, 14658, 236761, 62537, 525, 236761, 512]",1,"[1, 106, 50]",1,1,True,False,[1],The rich aroma of the red wine filled the cozy room. inversely. varieties. pairing. was essential. flavor. taste. process. enjoyed. savor. complexity. depth. aromatic. delightful. luscious. elegant. smooth. sharp. tannic. o,True,10226440704,12.295128881989513
028_common_gen_kth_last_k46_t1_rep1,178,28,kth_last,46,1,2,65,48,929,1246152176,common_gen,28,1,common_gen:validation:838,0,0dffa051afa01bfbbdba83283d38dba5263c941e562f883c68fe52e4b2afa892,e3cd098682941ff21f5c2b04edcc0faddc9622533f08cee6d70c7ff4f70b126d,success,,512.0,512.0,512.0,False,,model_loaded,18.434677736950107,0.4845457040355541,0.35369805298978463,0.8382437570253387,0.8382437570253387,897,2657,50475,66235496,262144,"{""allowed_count"": 262120, ""expected_count"": 262120, ""missing_expected"": [], ""ok"": true, ""stop_token_ids"": [1, 50, 106], ""unexpected_allowed"": []}",3.388971147011034,xgrammar,2.736779380997177,3.748739629983902,41,50,49,"[5778, 4461, 614, 8054, 573, 1116, 15647, 33724, 236761, 249772, 243594, 246750, 242061, 239794, 242507, 243726, 243709, 240905, 243709, 242061, 244032, 243279, 244586, 242061, 242061, 242061, 244032, 243709, 242061, 244032, 243279, 244586, 242061, 242061, 242061, 244032, 243709, 242061, 244032, 243279, 244586, 242061, 242061, 242061, 244032, 243709, 242061, 244032, 243279, 106]","[5778, 4461, 614, 8054, 573, 1116, 15647, 33724, 236761, 249772, 243594, 246750, 242061, 239794, 242507, 243726, 243709, 240905, 243709, 242061, 244032, 243279, 244586, 242061, 242061, 242061, 244032, 243709, 242061, 244032, 243279, 244586, 242061, 242061, 242061, 244032, 243709, 242061, 244032, 243279, 244586, 242061, 242061, 242061, 244032, 243709, 242061, 244032, 243279]",1,"[1, 106, 50]",106,1,True,False,[1],She received an award for her outstanding dedication.📊🏆🥇🎉✨🌟💯🥳👏🥳🎉🎊🎁🎈🎉🎉🎉🎊🥳🎉🎊🎁🎈🎉🎉🎉🎊🥳🎉🎊🎁🎈🎉🎉🎉🎊🥳🎉🎊🎁,True,10226297344,12.049200853973161
029_common_gen_kth_last_k48_t1_rep1,179,29,kth_last,48,1,2,65,50,865,1688501662,common_gen,29,1,common_gen:validation:360,0,d546403855bf03df83351fb006664c9050b94c9180477e8aa2090ee4f7f2c1c5,c80a799a01b127a275f205e9facd5f86db6dc852b393292716ba632e9dc1d9b3,success,,512.0,512.0,512.0,False,,model_loaded,19.233937194978353,0.5371184750110842,0.33078232599655166,0.8679008010076359,0.8679008010076359,837,2479,47117,57730561,262144,"{""allowed_count"": 262120, ""expected_count"": 262120, ""missing_expected"": [], ""ok"": true, ""stop_token_ids"": [1, 50, 106], ""unexpected_allowed"": []}",3.290351092000492,xgrammar,2.828772275999654,4.35829486901639,41,63,62,"[236777, 2731, 531, 9039, 496, 7644, 14016, 607, 5756, 16062, 236761, 157224, 151942, 531, 9039, 1388, 236761, 236743, 107, 236769, 25864, 236772, 135778, 236786, 7166, 29357, 236787, 669, 11172, 1186, 19565, 573, 808, 811, 236829, 13315, 236761, 669, 2787, 563, 1156, 23974, 236761, 4855, 3301, 522, 2907, 108, 236777, 1374, 9039, 919, 16062, 531, 2597, 127706, 236761, 107, 236769, 2094, 6178, 623, 106]","[236777, 2731, 531, 9039, 496, 7644, 14016, 607, 5756, 16062, 236761, 157224, 151942, 531, 9039, 1388, 236761, 236743, 107, 236769, 25864, 236772, 135778, 236786, 7166, 29357, 236787, 669, 11172, 1186, 19565, 573, 808, 811, 236829, 13315, 236761, 669, 2787, 563, 1156, 23974, 236761, 4855, 3301, 522, 2907, 108, 236777, 1374, 9039, 919, 16062, 531, 2597, 127706, 236761, 107, 236769, 2094, 6178, 623]",1,"[1, 106, 50]",106,1,True,False,[3],"I plan to eat a healthy lunch with fresh vegetables. সংস্কৃতি gostaria to eat well. 
(Self-Correction/Refinement: The prompt only asks for *one* sentence. The above is two sentences. Redrafting.)

I should eat more vegetables to feel energized.
(This uses """,True,10227229696,12.705041036999319
030_common_gen_repeat_after_k_k1_t3_rep1,180,0,repeat_after_k,1,3,2,65,6,439,265999116,common_gen,30,1,common_gen:validation:295,0,a5d30c4e5e5a774519f90ba75fc9bf721d8b8eb8a9248f6d89d65bd1035022bb,3d17fdcc9e952d9d2e46608eda8e7464cad664f195ca324ebb97db6eb60d4c36,success,,512.0,512.0,512.0,False,,model_loaded,18.837688779982273,0.44321319001028314,0.06418060098076239,0.5073937909910455,0.5073937909910455,321,1061,18074,9470820,262144,"{""allowed_count"": 262120, ""expected_count"": 262120, ""missing_expected"": [], ""ok"": true, ""stop_token_ids"": [1, 50, 106], ""unexpected_allowed"": []}",3.408877310983371,xgrammar,2.571532936010044,4.39509540097788,48,65,64,"[7634, 6544, 531, 5510, 496, 5756, 15674, 529, 51027, 531, 506, 3549, 236761, 198625, 9494, 236761, 107, 16907, 25864, 236772, 154858, 236787, 116437, 506, 49106, 3658, 623, 1150, 70413, 92002, 9494, 236775, 573, 506, 1626, 3938, 618, 810, 506, 14787, 531, 2619, 886, 40137, 5422, 13315, 2907, 236829, 108, 7634, 6544, 531, 5510, 496, 5756, 15674, 529, 51027, 531, 506, 3549, 236761, 5510, 5510, 106]","[7634, 6544, 531, 5510, 496, 5756, 15674, 529, 51027, 531, 506, 3549, 236761, 198625, 9494, 236761, 107, 16907, 25864, 236772, 154858, 236787, 116437, 506, 49106, 3658, 623, 1150, 70413, 92002, 9494, 236775, 573, 506, 1626, 3938, 618, 810, 506, 14787, 531, 2619, 886, 40137, 5422, 13315, 2907, 236829, 108, 7634, 6544, 531, 5510, 496, 5756, 15674, 529, 51027, 531, 506, 3549, 236761, 5510, 5510]",1,"[1, 106, 50]",106,1,True,True,"[4, 2, 2]","They decided to apply a fresh coat of plaster to the wall. религиозное.
*(Self-correction: Removing the irrelevant word ""религиозное"" for the final output as per the instruction to create one coherent English sentence.)*

They decided to apply a fresh coat of plaster to the wall. apply apply",True,10227874816,12.236093170999084
031_common_gen_repeat_after_k_k2_t3_rep1,181,1,repeat_after_k,2,3,2,65,9,618,220327184,common_gen,31,1,common_gen:validation:237,0,d134034009d8ecb5f743ae88dc126cd562a159b6d5218242c2d8cfd7ac6ec351,2cd5f63d5ec1d8a703e0690832ae3be4516e88b805057f48bd04bbddcd4199e2,success,,512.0,512.0,512.0,False,,model_loaded,18.88074657000834,0.4701318899751641,0.14127894095145166,0.6114108309266157,0.6114108309266157,502,1974,33273,23843487,262144,"{""allowed_count"": 262120, ""expected_count"": 262120, ""missing_expected"": [], ""ok"": true, ""stop_token_ids"": [1, 50, 106], ""unexpected_allowed"": []}",3.373683526995592,xgrammar,2.60505681601353,4.5376997260027565,47,65,64,"[2209, 6544, 531, 2178, 528, 506, 23143, 13069, 9048, 532, 23037, 914, 42603, 236761, 106262, 67105, 123714, 14780, 125568, 1776, 503, 237375, 236749, 3884, 505, 17727, 28059, 637, 14660, 5042, 13892, 236761, 107, 21279, 531, 3517, 506, 9427, 236764, 564, 2838, 528, 506, 2255, 7116, 9048, 532, 142882, 1041, 7497, 42603, 236761, 204136, 237000, 66539, 83676, 113310, 90991, 81698, 236764, 25969, 2178, 14780, 2178, 1]","[2209, 6544, 531, 2178, 528, 506, 23143, 13069, 9048, 532, 23037, 914, 42603, 236761, 106262, 67105, 123714, 14780, 125568, 1776, 503, 237375, 236749, 3884, 505, 17727, 28059, 637, 14660, 5042, 13892, 236761, 107, 21279, 531, 3517, 506, 9427, 236764, 564, 2838, 528, 506, 2255, 7116, 9048, 532, 142882, 1041, 7497, 42603, 236761, 204136, 237000, 66539, 83676, 113310, 90991, 81698, 236764, 25969, 2178, 14780, 2178]",1,"[1, 106, 50]",1,1,True,True,"[2, 2, 3]","He decided to sit in the worn leather chair and scratch his beard.ชอบတွင် ngồi trên ghế da sờn và cạo bộ râu của mình.
heading to visit the library, I sat in the old wooden chair and stroked my thick beard. स्थाईに thư việnသို့သွားရန်, tôi sit trên sit",True,10227803136,12.425451550981961
032_common_gen_repeat_after_k_k3_t3_rep1,182,2,repeat_after_k,3,3,2,65,12,791,858819705,common_gen,32,1,common_gen:validation:180,0,c3bf7129045a40b667061b5fc6ba5726d56acf349b515538f9c77311f5b40546,db5b2eb1863278a13be772951da2abb57bfccabdd02656453cb871e4864a06f0,success,,512.0,512.0,512.0,False,,model_loaded,23.093658921017777,0.48586718895239756,0.23785750300157815,0.7237246919539757,0.7237246919539757,677,2857,48718,43920591,262144,"{""allowed_count"": 262120, ""expected_count"": 262120, ""missing_expected"": [], ""ok"": true, ""stop_token_ids"": [1, 50, 106], ""unexpected_allowed"": []}",3.9349689980153926,xgrammar,2.8384640240110457,4.595964431995526,47,65,64,"[1882, 1456, 506, 37788, 531, 59438, 506, 1944, 9909, 3008, 506, 20015, 236761, 144843, 236772, 236778, 236771, 236778, 236812, 753, 3165, 236772, 236771, 236770, 236761, 107, 236743, 107, 236743, 107, 236743, 107, 236743, 107, 236743, 107, 236743, 107, 236743, 107, 236743, 107, 236743, 107, 236743, 107, 236743, 107, 236743, 107, 236743, 107, 236743, 107, 236743, 107, 236743, 107, 236743, 107, 20015, 9909, 37788, 20015, 106]","[1882, 1456, 506, 37788, 531, 59438, 506, 1944, 9909, 3008, 506, 20015, 236761, 144843, 236772, 236778, 236771, 236778, 236812, 753, 3165, 236772, 236771, 236770, 236761, 107, 236743, 107, 236743, 107, 236743, 107, 236743, 107, 236743, 107, 236743, 107, 236743, 107, 236743, 107, 236743, 107, 236743, 107, 236743, 107, 236743, 107, 236743, 107, 236743, 107, 236743, 107, 236743, 107, 236743, 107, 20015, 9909, 37788, 20015]",1,"[1, 106, 50]",106,1,True,True,"[3, 2, 2]","We used the paddle to maneuver the small boat along the shore. GTP-2024 - error-01.
 
 
 
 
 
 
 
 
 
 
 
 
 
 
 
 
 
 shore boat paddle shore",True,10227803136,13.443340930039994
033_common_gen_repeat_after_k_k4_t3_rep1,183,3,repeat_after_k,4,3,2,65,15,958,650754415,common_gen,33,1,common_gen:validation:619,0,abfce59742356beea3fa6157660a91dc52fd6c0a5937d586c36efc1226716e01,c34b86265c10176885535f6c4f612d080cd63fbdccecbfe497630604a0a5ab01,success,,512.0,512.0,512.0,False,,model_loaded,21.937378861999605,0.49283204501261935,0.31222364597488195,0.8050556909875013,0.8050556909875013,846,3710,63773,69077775,262144,"{""allowed_count"": 262120, ""expected_count"": 262120, ""missing_expected"": [], ""ok"": true, ""stop_token_ids"": [1, 50, 106], ""unexpected_allowed"": []}",3.957381277985405,xgrammar,2.7607875679968856,4.458017140044831,47,65,64,"[818, 14658, 8091, 529, 506, 8205, 9937, 496, 4996, 12401, 25038, 506, 3761, 236761, 213156, 236744, 522, 762, 4464, 496, 12401, 600, 10012, 531, 8091, 657, 506, 1401, 7377, 529, 506, 1813, 236761, 562, 11059, 8091, 699, 506, 8205, 13925, 496, 11497, 12401, 236761, 107, 42974, 74693, 29690, 7321, 496, 14658, 8091, 600, 13925, 496, 4996, 12401, 236761, 107, 818, 12401, 528, 506, 8205, 106]","[818, 14658, 8091, 529, 506, 8205, 9937, 496, 4996, 12401, 25038, 506, 3761, 236761, 213156, 236744, 522, 762, 4464, 496, 12401, 600, 10012, 531, 8091, 657, 506, 1401, 7377, 529, 506, 1813, 236761, 562, 11059, 8091, 699, 506, 8205, 13925, 496, 11497, 12401, 236761, 107, 42974, 74693, 29690, 7321, 496, 14658, 8091, 600, 13925, 496, 4996, 12401, 236761, 107, 818, 12401, 528, 506, 8205]",1,"[1, 106, 50]",106,1,True,True,"[5, 4, 3]","The sharp pull of the ice revealed a dark hole beneath the surface. FGFReingice created a hole that seemed to pull at the very edge of the water. A sudden pull from the ice exposed a hidden hole.
their icy grip caused a sharp pull that exposed a dark hole.
The hole in the ice",True,10227803136,13.334162830025889
034_common_gen_repeat_after_k_k5_t3_rep1,184,4,repeat_after_k,5,3,2,65,18,1119,1498384170,common_gen,34,1,common_gen:validation:826,0,9e58ed64c2413145bd4b3103d1b2bc4e28a8028324e72959a070c75048158e69,7c638a68aa39b3734838a95d3c9fcbf0b63fd17bfa3309a84cddaba5dcdc845f,success,,512.0,512.0,512.0,False,,model_loaded,20.04898763698293,0.5376762339728884,0.3731773260515183,0.9108535600244068,0.9108535600244068,1009,4533,78550,98712066,262144,"{""allowed_count"": 262120, ""expected_count"": 262120, ""missing_expected"": [], ""ok"": true, ""stop_token_ids"": [1, 50, 106], ""unexpected_allowed"": []}",3.638607854023576,xgrammar,2.8122872980311513,4.493446441018023,47,65,64,"[236777, 1676, 506, 16985, 7028, 855, 580, 506, 29919, 1651, 82232, 1343, 506, 7704, 236761, 203265, 571, 506, 13315, 236787, 564, 1676, 506, 16985, 7028, 855, 580, 506, 29919, 1651, 82232, 1343, 506, 7704, 236761, 107, 236777, 1676, 506, 16985, 7028, 855, 580, 506, 29919, 1651, 82232, 1343, 506, 7704, 236761, 94884, 236761, 107, 236777, 1676, 506, 16985, 7028, 855, 580, 506, 16985, 580, 106]","[236777, 1676, 506, 16985, 7028, 855, 580, 506, 29919, 1651, 82232, 1343, 506, 7704, 236761, 203265, 571, 506, 13315, 236787, 564, 1676, 506, 16985, 7028, 855, 580, 506, 29919, 1651, 82232, 1343, 506, 7704, 236761, 107, 236777, 1676, 506, 16985, 7028, 855, 580, 506, 29919, 1651, 82232, 1343, 506, 7704, 236761, 94884, 236761, 107, 236777, 1676, 506, 16985, 7028, 855, 580, 506, 16985, 580]",1,"[1, 106, 50]",106,1,True,True,"[0, 3, 5]","I read the newspaper spread out on the couch while flipping through the pages.UCSay the sentence: I read the newspaper spread out on the couch while flipping through the pages.
I read the newspaper spread out on the couch while flipping through the pages.ewhere.
I read the newspaper spread out on the newspaper on",True,10227803136,13.393228471977636
035_common_gen_repeat_after_k_k6_t3_rep1,185,5,repeat_after_k,6,3,2,65,21,1274,1710974332,common_gen,35,1,common_gen:validation:254,0,bc16faa15e5bba7983d7adfd25b8aadb320b5d5d48e90b04b0fe575fbdf3f30d,8a282290f4aadb543c9607dd5fb6ace6a8ec4a96c79836b6cdd306bde62e3dfe,success,,512.0,512.0,512.0,False,,model_loaded,19.364853241015226,0.4705027549644001,0.44734878395684063,0.9178515389212407,0.9178515389212407,1166,5326,92805,132241875,262144,"{""allowed_count"": 262120, ""expected_count"": 262120, ""missing_expected"": [], ""ok"": true, ""stop_token_ids"": [1, 50, 106], ""unexpected_allowed"": []}",3.407341133977752,xgrammar,2.7743897999753244,4.482681489957031,48,65,64,"[5778, 13058, 1456, 496, 14658, 21171, 531, 3463, 506, 16062, 532, 1299, 163067, 506, 26616, 573, 506, 2148, 4209, 236761, 236743, 107, 2717, 54554, 107, 5778, 13058, 1456, 496, 14658, 21171, 531, 3463, 506, 16062, 532, 1299, 163067, 506, 26616, 573, 506, 2148, 4209, 236761, 107, 2717, 107, 107, 107, 1018, 25864, 236772, 135778, 236786, 7166, 29357, 3463, 573, 4453, 13469, 53121, 669, 3463, 106]","[5778, 13058, 1456, 496, 14658, 21171, 531, 3463, 506, 16062, 532, 1299, 163067, 506, 26616, 573, 506, 2148, 4209, 236761, 236743, 107, 2717, 54554, 107, 5778, 13058, 1456, 496, 14658, 21171, 531, 3463, 506, 16062, 532, 1299, 163067, 506, 26616, 573, 506, 2148, 4209, 236761, 107, 2717, 107, 107, 107, 1018, 25864, 236772, 135778, 236786, 7166, 29357, 3463, 573, 4453, 13469, 53121, 669, 3463]",1,"[1, 106, 50]",106,1,True,True,"[4, 2, 0]","She carefully used a sharp knife to cut the vegetables and then sharpened the blade for the next task. 
```sentence
She carefully used a sharp knife to cut the vegetables and then sharpened the blade for the next task.
```


**Self-Correction/Refinement cut for exact requirement:** The cut",True,10227874816,12.900589246011805
036_common_gen_repeat_after_k_k7_t3_rep1,186,6,repeat_after_k,7,3,2,65,24,1423,407176880,common_gen,36,1,common_gen:validation:567,0,1542c7589843fcee0e218ac4f072c39eb160b2c9259f64c1531cbd7bf153df31,da99b4d2865a6fcf7d6927f9dc1c2edac0dada40395f88db14315d832b6c960b,success,,512.0,512.0,512.0,False,,model_loaded,19.42914095299784,0.4891096210340038,0.5224680959945545,1.0115777170285583,1.0115777170285583,1317,6089,106310,169106997,262144,"{""allowed_count"": 262120, ""expected_count"": 262120, ""missing_expected"": [], ""ok"": true, ""stop_token_ids"": [1, 50, 106], ""unexpected_allowed"": []}",3.3465777169913054,xgrammar,2.7466051779920235,4.491484906000551,47,65,64,"[1882, 1451, 11881, 506, 51657, 653, 5181, 3727, 16195, 625, 236761, 236743, 107, 2717, 3723, 107, 236782, 107, 138, 236775, 54554, 1083, 623, 1882, 1451, 11881, 506, 51657, 653, 5181, 3727, 16195, 625, 1781, 107, 236783, 107, 2717, 107, 20470, 236764, 564, 1202, 531, 1161, 784, 1806, 14485, 808, 495, 236829, 886, 13315, 236761, 3792, 786, 3727, 1343, 600, 1570, 236761, 108, 8291, 3727, 106]","[1882, 1451, 11881, 506, 51657, 653, 5181, 3727, 16195, 625, 236761, 236743, 107, 2717, 3723, 107, 236782, 107, 138, 236775, 54554, 1083, 623, 1882, 1451, 11881, 506, 51657, 653, 5181, 3727, 16195, 625, 1781, 107, 236783, 107, 2717, 107, 20470, 236764, 564, 1202, 531, 1161, 784, 1806, 14485, 808, 495, 236829, 886, 13315, 236761, 3792, 786, 3727, 1343, 600, 1570, 236761, 108, 8291, 3727]",1,"[1, 106, 50]",106,1,True,True,"[2, 2, 4]","We could ride the camel or simply walk alongside it. 
```json
{
  ""sentence"": ""We could ride the camel or simply walk alongside it.""
}
```
Wait, I need to use all three concepts *in* one sentence. Let me walk through that again.

Here walk",True,10227803136,12.945648466993589
037_common_gen_repeat_after_k_k8_t3_rep1,187,7,repeat_after_k,8,3,2,65,27,1566,1804443141,common_gen,37,1,common_gen:validation:397,0,e278b88a7c7179cd6133f7d3b15dfd125bd42b19329b62c62234d48f9e833509,78b64db49f8a4ef222005a479a98953d6a71cec42702bc1c9501050f871c6321,success,,512.0,512.0,512.0,False,,model_loaded,19.409868115966674,0.4927053199498914,0.6056950479978696,1.098400367947761,1.098400367947761,1462,6822,119525,208768611,262144,"{""allowed_count"": 262120, ""expected_count"": 262120, ""missing_expected"": [], ""ok"": true, ""stop_token_ids"": [1, 50, 106], ""unexpected_allowed"": []}",3.3674862880143337,xgrammar,2.7401810029987246,4.478907901968341,47,65,64,"[5778, 6544, 531, 2768, 506, 16590, 6727, 529, 11795, 1680, 10848, 1091, 580, 236761, 69, 9956, 236779, 236819, 236828, 236832, 236771, 236776, 236770, 236763, 236828, 236812, 236812, 236800, 236812, 236819, 236812, 236771, 236825, 236812, 236800, 236744, 236810, 236755, 236812, 236810, 236753, 236825, 236778, 236744, 236819, 236763, 236778, 236746, 236761, 3723, 107, 66, 236782, 107, 138, 2768, 236787, 1847, 236764, 107, 138, 23990, 236787, 2768, 106]","[5778, 6544, 531, 2768, 506, 16590, 6727, 529, 11795, 1680, 10848, 1091, 580, 236761, 69, 9956, 236779, 236819, 236828, 236832, 236771, 236776, 236770, 236763, 236828, 236812, 236812, 236800, 236812, 236819, 236812, 236771, 236825, 236812, 236800, 236744, 236810, 236755, 236812, 236810, 236753, 236825, 236778, 236744, 236819, 236763, 236778, 236746, 236761, 3723, 107, 66, 236782, 107, 138, 2768, 236787, 1847, 236764, 107, 138, 23990, 236787, 2768]",1,"[1, 106, 50]",106,1,True,True,"[1, 3, 1]","She decided to hold the matching pair of shoes before putting them on.<unused56>chaft_9870A1b84434940643e5c45d62e9b2a.json
<unused53>{
   hold: true,
   shoe: hold",True,10227803136,13.007895925024059
038_common_gen_repeat_after_k_k9_t3_rep1,188,8,repeat_after_k,9,3,2,65,30,1703,1636599297,common_gen,38,1,common_gen:validation:398,0,9a8f4c44ecf3ad86521ff0233cc095979d5e2562d8aa55f5ce843c51955e76b6,1c1ab2a1970724618f08d23c125d9464cd2da1ef0f742e27d5d7c78a4345ea00,success,,512.0,512.0,512.0,False,,model_loaded,19.61405105300946,0.4709079050226137,0.6664167149574496,1.1373246199800633,1.1373246199800633,1601,7525,132213,250709280,262144,"{""allowed_count"": 262120, ""expected_count"": 262120, ""missing_expected"": [], ""ok"": true, ""stop_token_ids"": [1, 50, 106], ""unexpected_allowed"": []}",3.616991248971317,xgrammar,2.7124868789687753,4.412403455004096,47,65,64,"[236777, 2765, 531, 11881, 1041, 12406, 3008, 506, 8858, 236761, 236743, 107, 244449, 236985, 22841, 236945, 143572, 237051, 75509, 30106, 236951, 52119, 12369, 237196, 24751, 237007, 238703, 237051, 83951, 19203, 166509, 236924, 107, 237387, 1671, 1744, 23832, 32174, 138687, 3222, 236944, 12111, 2300, 236965, 47562, 21018, 45637, 111802, 6676, 74130, 236761, 568, 2094, 563, 8858, 236764, 12406, 236764, 11881, 528, 35436, 236764, 837, 8858, 106]","[236777, 2765, 531, 11881, 1041, 12406, 3008, 506, 8858, 236761, 236743, 107, 244449, 236985, 22841, 236945, 143572, 237051, 75509, 30106, 236951, 52119, 12369, 237196, 24751, 237007, 238703, 237051, 83951, 19203, 166509, 236924, 107, 237387, 1671, 1744, 23832, 32174, 138687, 3222, 236944, 12111, 2300, 236965, 47562, 21018, 45637, 111802, 6676, 74130, 236761, 568, 2094, 563, 8858, 236764, 12406, 236764, 11881, 528, 35436, 236764, 837, 8858]",1,"[1, 106, 50]",106,1,True,True,"[3, 2, 2]","I love to ride my bike along the river. 
鋭い自然の景色を楽しみながら、私はサイクリングで川を乗りたいと思っています。
உன் பைக் கொண்டு ஆற்றங்கரையில் சவாரி செய்ய நான் விரும்புகிறேன். (This is river, bike, ride in Tamil, which river",True,10227803136,13.19622826698469
039_common_gen_repeat_after_k_k10_t3_rep1,189,9,repeat_after_k,10,3,2,65,33,1834,50129743,common_gen,39,1,common_gen:validation:664,0,6b116cb884ad3b8f2e932223c27fd9ed9e15816019931058227d8c113f8d362d,4050550e56de6d8355158c5393775ba5113159c4412a0ea78cbe64810648c317,success,,512.0,512.0,512.0,False,,model_loaded,19.765279667044524,0.4857097700005397,0.7393472960102372,1.225057066010777,1.225057066010777,1734,8198,144375,294432951,262144,"{""allowed_count"": 262120, ""expected_count"": 262120, ""missing_expected"": [], ""ok"": true, ""stop_token_ids"": [1, 50, 106], ""unexpected_allowed"": []}",3.3208577699842863,xgrammar,2.6305902570020407,4.512023188988678,47,65,64,"[818, 38709, 13058, 28360, 506, 22295, 1680, 26813, 506, 9212, 236761, 236743, 107, 2717, 54554, 107, 818, 38709, 13058, 28360, 506, 22295, 1680, 26813, 506, 9212, 236761, 107, 2717, 107, 11686, 77240, 236787, 669, 13315, 6178, 784, 1806, 3149, 4171, 840, 563, 8427, 30461, 236761, 562, 919, 5158, 532, 40137, 3567, 563, 2480, 22295, 625, 607, 506, 2970, 236761, 7182, 107, 2717, 54554, 22295, 106]","[818, 38709, 13058, 28360, 506, 22295, 1680, 26813, 506, 9212, 236761, 236743, 107, 2717, 54554, 107, 818, 38709, 13058, 28360, 506, 22295, 1680, 26813, 506, 9212, 236761, 107, 2717, 107, 11686, 77240, 236787, 669, 13315, 6178, 784, 1806, 3149, 4171, 840, 563, 8427, 30461, 236761, 562, 919, 5158, 532, 40137, 3567, 563, 2480, 22295, 625, 607, 506, 2970, 236761, 7182, 107, 2717, 54554, 22295]",1,"[1, 106, 50]",106,1,True,True,"[2, 4, 2]","The rider carefully approached the fence before attempting the jump. 
```sentence
The rider carefully approached the fence before attempting the jump.
```
<!-- Correction: The sentence uses all three required words but is slightly passive. A more active and coherent version is better fence it with the action. -->
```sentence fence",True,10227803136,13.013298146950547
040_common_gen_repeat_after_k_k11_t3_rep1,190,10,repeat_after_k,11,3,2,65,36,1959,458345739,common_gen,40,1,common_gen:validation:775,0,0abd023fef00faf427ae034229fec7c2df3de9c5bb81bd8bac0eff5bcba25f48,08d3b664f846f0182fe986e3b080fdcdd2e57f9c6ba18b0fd640bc519ea6dfdf,success,,512.0,512.0,512.0,False,,model_loaded,20.301965191960335,0.479123497963883,0.8040090790018439,1.283132576965727,1.283132576965727,1861,8841,155997,339464955,262144,"{""allowed_count"": 262120, ""expected_count"": 262120, ""missing_expected"": [], ""ok"": true, ""stop_token_ids"": [1, 50, 106], ""unexpected_allowed"": []}",3.9896319300169125,xgrammar,2.594241240003612,4.456772028002888,47,65,64,"[236777, 1202, 531, 2246, 1041, 4389, 580, 506, 5154, 531, 3249, 506, 1813, 5371, 236761, 143877, 236787, 5154, 236764, 3249, 236764, 1813, 236761, 2024, 564, 1202, 531, 3249, 506, 1813, 5371, 580, 506, 5154, 236761, 107, 3955, 236779, 4818, 236787, 10934, 107, 54554, 236787, 564, 1202, 531, 2246, 1041, 4389, 580, 506, 5154, 531, 3249, 506, 1813, 5371, 236761, 107, 5576, 236779, 85661, 5154, 106]","[236777, 1202, 531, 2246, 1041, 4389, 580, 506, 5154, 531, 3249, 506, 1813, 5371, 236761, 143877, 236787, 5154, 236764, 3249, 236764, 1813, 236761, 2024, 564, 1202, 531, 3249, 506, 1813, 5371, 580, 506, 5154, 236761, 107, 3955, 236779, 4818, 236787, 10934, 107, 54554, 236787, 564, 1202, 531, 2246, 1041, 4389, 580, 506, 5154, 531, 3249, 506, 1813, 5371, 236761, 107, 5576, 236779, 85661, 5154]",1,"[1, 106, 50]",106,1,True,True,"[5, 4, 4]","I need to call my friend on the phone to discuss the water situation. Innovations: phone, discuss, water. But I need to discuss the water situation on the phone.
content_status:success
sentence: I need to call my friend on the phone to discuss the water situation.
more_infos phone",True,10227803136,13.655128745012917
041_common_gen_repeat_after_k_k12_t3_rep1,191,11,repeat_after_k,12,3,2,65,39,2078,140798395,common_gen,41,1,common_gen:validation:724,0,50b1dcd609e0babd3339ead71dd6be2b445b2a839ebd7bdd9f8d057207442628,175f7ea15f9d5441d5c1227808882d3e8149f95ea9bd4c442807a04258776461,success,,512.0,512.0,512.0,False,,model_loaded,19.827007556974422,0.49730740499217063,0.8734652540297247,1.3707726590218954,1.3707726590218954,1982,9454,167079,385352007,262144,"{""allowed_count"": 262120, ""expected_count"": 262120, ""missing_expected"": [], ""ok"": true, ""stop_token_ids"": [1, 50, 106], ""unexpected_allowed"": []}",3.872532364039216,xgrammar,2.6199290509684943,4.247209500987083,47,61,60,"[1882, 16393, 1679, 506, 7363, 532, 5004, 496, 12815, 8134, 49117, 236761, 229195, 2269, 236787, 1191, 16393, 1679, 506, 7363, 532, 5004, 496, 12815, 8134, 49117, 236761, 107, 8409, 9378, 1679, 506, 7363, 236764, 692, 14275, 496, 8134, 220288, 81994, 236761, 107, 818, 8134, 12956, 506, 6573, 618, 692, 16393, 3008, 506, 7363, 236761, 107, 8134, 107, 7363, 107, 3727, 106]","[1882, 16393, 1679, 506, 7363, 532, 5004, 496, 12815, 8134, 49117, 236761, 229195, 2269, 236787, 1191, 16393, 1679, 506, 7363, 532, 5004, 496, 12815, 8134, 49117, 236761, 107, 8409, 9378, 1679, 506, 7363, 236764, 692, 14275, 496, 8134, 220288, 81994, 236761, 107, 818, 8134, 12956, 506, 6573, 618, 692, 16393, 3008, 506, 7363, 236761, 107, 8134, 107, 7363, 107, 3727]",1,"[1, 106, 50]",106,1,True,False,"[5, 1, 5]","We walked down the street and saw a colorful flag waving.Điều following: We walked down the street and saw a colorful flag waving.
While walking down the street, we noticed a flag fluttering brightly.
The flag caught the wind as we walked along the street.
 flag
 street
 walk",True,10227516416,13.43314872198971
042_common_gen_repeat_after_k_k13_t3_rep1,192,12,repeat_after_k,13,3,2,65,42,2191,1846870438,common_gen,42,1,common_gen:validation:54,0,d514dfb445c1a4c3996ddd1dbbb5ef61694b7abf52a9e1fb97f0ed95d92f782d,5125169749e52dd4dbae2123dc22423a33a7bd5e165d008d7fca7c6a6a2c3e51,success,,512.0,512.0,512.0,False,,model_loaded,20.24005138198845,0.5125247789546847,0.9343615830293857,1.4468863619840704,1.4468863619840704,2097,10037,177621,431662206,262144,"{""allowed_count"": 262120, ""expected_count"": 262120, ""missing_expected"": [], ""ok"": true, ""stop_token_ids"": [1, 50, 106], ""unexpected_allowed"": []}",3.5236466029891744,xgrammar,2.609979584987741,4.362334896984976,47,65,64,"[236777, 1133, 531, 10763, 531, 4252, 1651, 9378, 1679, 506, 7363, 236761, 244079, 107, 51387, 107, 203129, 107, 167687, 107, 167687, 107, 167687, 107, 167687, 107, 167687, 107, 167687, 107, 167687, 107, 167687, 107, 167687, 107, 167687, 107, 167687, 107, 167687, 107, 167687, 107, 167687, 107, 167687, 107, 167687, 107, 4252, 107, 7363, 107, 10763, 107, 564, 1133, 531, 10763, 531, 4252, 1651, 4252, 106]","[236777, 1133, 531, 10763, 531, 4252, 1651, 9378, 1679, 506, 7363, 236761, 244079, 107, 51387, 107, 203129, 107, 167687, 107, 167687, 107, 167687, 107, 167687, 107, 167687, 107, 167687, 107, 167687, 107, 167687, 107, 167687, 107, 167687, 107, 167687, 107, 167687, 107, 167687, 107, 167687, 107, 167687, 107, 167687, 107, 4252, 107, 7363, 107, 10763, 107, 564, 1133, 531, 10763, 531, 4252, 1651, 4252]",1,"[1, 106, 50]",106,1,True,True,"[4, 2, 3]","I like to listen to music while walking down the street.侈
 পরিবর্তন
 تغير
 تغيير
 تغيير
 تغيير
 تغيير
 تغيير
 تغيير
 تغيير
 تغيير
 تغيير
 تغيير
 تغيير
 تغيير
 تغيير
 تغيير
 تغيير
 تغيير
 music
 street
 listen
 I like to listen to music while music",True,10227803136,13.272972722013947
043_common_gen_repeat_after_k_k14_t3_rep1,193,13,repeat_after_k,14,3,2,65,45,2298,893945336,common_gen,43,1,common_gen:validation:197,0,7c1fa5972868c96e4f390c788f6d5b0c3e8cef8cb72c27217ddfd16760692b3a,6be0697787509d077033d5198542911034da207a7a2bc81855d1fe502427877c,success,,512.0,512.0,512.0,False,,model_loaded,20.089073585986625,0.5065789579530247,1.0210404620156623,1.527619419968687,1.527619419968687,2206,10590,187623,477985035,262144,"{""allowed_count"": 262120, ""expected_count"": 262120, ""missing_expected"": [], ""ok"": true, ""stop_token_ids"": [1, 50, 106], ""unexpected_allowed"": []}",3.4394361070008017,xgrammar,2.66360612801509,4.458798953972291,47,65,64,"[5778, 6544, 531, 974, 496, 861, 80633, 531, 2056, 496, 1607, 3117, 236761, 60130, 1186, 5324, 236764, 3463, 236764, 532, 3117, 236761, 236743, 107, 236743, 107, 236743, 107, 236743, 107, 236743, 107, 236743, 107, 236743, 107, 236743, 107, 236743, 107, 236743, 107, 236743, 107, 236743, 107, 236743, 107, 236743, 5324, 3463, 3117, 236743, 107, 236743, 107, 236743, 107, 236743, 107, 236743, 107, 236743, 5324, 106]","[5778, 6544, 531, 974, 496, 861, 80633, 531, 2056, 496, 1607, 3117, 236761, 60130, 1186, 5324, 236764, 3463, 236764, 532, 3117, 236761, 236743, 107, 236743, 107, 236743, 107, 236743, 107, 236743, 107, 236743, 107, 236743, 107, 236743, 107, 236743, 107, 236743, 107, 236743, 107, 236743, 107, 236743, 107, 236743, 5324, 3463, 3117, 236743, 107, 236743, 107, 236743, 107, 236743, 107, 236743, 107, 236743, 5324]",1,"[1, 106, 50]",106,1,True,True,"[3, 2, 3]","She decided to get a new haircut to try a different style. Provided only hair, cut, and style. 
 
 
 
 
 
 
 
 
 
 
 
 
  hair cut style 
 
 
 
 
  hair",True,10227803136,13.432300747022964
044_common_gen_repeat_after_k_k15_t3_rep1,194,14,repeat_after_k,15,3,2,65,48,2399,1588940576,common_gen,44,1,common_gen:validation:251,0,7156126882b4c8cb88abbf17bd502f863316ba20a7c7d5511af47dfad9dae22a,676f9981d316734709f85ab558c3a6b33eee731ef0396c2d817ee3a7c2bd9fa4,success,,512.0,512.0,512.0,False,,model_loaded,23.57975037302822,0.5289383130148053,1.0540085739921778,1.5829468870069832,1.5829468870069832,2309,11113,197085,523931361,262144,"{""allowed_count"": 262120, ""expected_count"": 262120, ""missing_expected"": [], ""ok"": true, ""stop_token_ids"": [1, 50, 106], ""unexpected_allowed"": []}",3.395246550964657,xgrammar,2.6835915920091793,4.466707108018454,47,65,64,"[5778, 795, 15066, 1116, 4916, 1680, 1304, 11747, 506, 87223, 236761, 236743, 107, 32248, 107, 57362, 107, 36197, 57362, 107, 57142, 107, 54554, 107, 15721, 107, 23014, 107, 213476, 107, 4240, 107, 60765, 107, 887, 107, 712, 107, 148233, 15992, 107, 811, 107, 54554, 236761, 107, 89979, 236761, 1526, 15066, 2490, 236761, 6290, 236761, 107, 2717, 3723, 107, 14937, 54554, 1083, 623, 5778, 1526, 106]","[5778, 795, 15066, 1116, 4916, 1680, 1304, 11747, 506, 87223, 236761, 236743, 107, 32248, 107, 57362, 107, 36197, 57362, 107, 57142, 107, 54554, 107, 15721, 107, 23014, 107, 213476, 107, 4240, 107, 60765, 107, 887, 107, 712, 107, 148233, 15992, 107, 811, 107, 54554, 236761, 107, 89979, 236761, 1526, 15066, 2490, 236761, 6290, 236761, 107, 2717, 3723, 107, 14937, 54554, 1083, 623, 5778, 1526]",1,"[1, 106, 50]",106,1,True,True,"[2, 2, 1]","She will wash her hands before she turns the faucet. 
interval
potential
conceptpotential
english
sentence
short
natural
coherent
hand
wash
turn
all
conceptsmaking
one
sentence.
ultimate. hand wash turn. nice.
```json
{""sentence"": ""She hand",True,10227803136,13.471865944971796
045_common_gen_any_token_at_least_k_k3_t1_rep1,195,0,any_token_at_least_k,3,1,2,65,5,370,1772172894,common_gen,45,1,common_gen:validation:515,0,63a38399b38ee2261b46ce7f9f4446c8788cfb878c7b1d703a7fb738f5957558,e5453881f71be4cc82beacd6f089ea36b88a43d5754adbe4e13947ac1f1d8ac6,success,,512.0,512.0,512.0,False,,model_loaded,22.177909040998202,0.4745841170079075,0.09724517399445176,0.5718292910023592,0.5718292910023592,252,797,13527,5934558,262144,"{""allowed_count"": 262120, ""expected_count"": 262120, ""missing_expected"": [], ""ok"": true, ""stop_token_ids"": [1, 50, 106], ""unexpected_allowed"": []}",3.4540199780021794,xgrammar,2.7421017259475775,4.4193465049611405,41,65,64,"[818, 14701, 18367, 1041, 15726, 5619, 236761, 163518, 236761, 107, 107, 16907, 25864, 236772, 154858, 236787, 669, 11172, 4733, 573, 496, 3161, 2822, 236764, 3756, 236764, 40137, 5422, 13315, 1699, 506, 3495, 623, 91260, 1781, 669, 20773, 529, 506, 21568, 3658, 623, 163518, 236775, 10012, 170107, 532, 21648, 2721, 580, 506, 4077, 11808, 236761, 669, 32107, 3567, 563, 3847, 2787, 2907, 236829, 14701, 14701, 106]","[818, 14701, 18367, 1041, 15726, 5619, 236761, 163518, 236761, 107, 107, 16907, 25864, 236772, 154858, 236787, 669, 11172, 4733, 573, 496, 3161, 2822, 236764, 3756, 236764, 40137, 5422, 13315, 1699, 506, 3495, 623, 91260, 1781, 669, 20773, 529, 506, 21568, 3658, 623, 163518, 236775, 10012, 170107, 532, 21648, 2721, 580, 506, 4077, 11808, 236761, 669, 32107, 3567, 563, 3847, 2787, 2907, 236829, 14701, 14701]",1,"[1, 106, 50]",106,1,True,True,[3],"The mirror reflected my surprised expression.났다.

*(Self-correction: The prompt asked for a single short, natural, coherent English sentence using the concept ""mirror."" The inclusion of the Korean word ""났다"" seemed extraneous and incorrect based on the standard instructions. The corrected version is provided above.)* mirror mirror",True,10227373056,12.526800329971593
046_common_gen_any_token_at_least_k_k3_t2_rep1,196,1,any_token_at_least_k,3,2,2,65,9,555,1116958057,common_gen,46,1,common_gen:validation:215,0,c00e5939844f2238d2cbec09f0c01df871a237f5de96af8a9ffa989b11a8e3ed,68be0c42ccf3e2844bd83c824a70091742b8d82e6879e10d51e02ea0276c4885,success,,512.0,512.0,512.0,False,,model_loaded,19.190341006964445,0.5317393419682048,0.175782743957825,0.7075220859260298,0.7075220859260298,438,1776,29748,19503559,262144,"{""allowed_count"": 262120, ""expected_count"": 262120, ""missing_expected"": [], ""ok"": true, ""stop_token_ids"": [1, 50, 106], ""unexpected_allowed"": []}",3.48696408997057,xgrammar,2.836493227048777,4.347480544995051,44,65,64,"[236776, 5293, 4799, 83755, 496, 4299, 1679, 506, 7363, 236761, 173562, 236881, 107, 107, 236743, 107, 236743, 107, 236743, 107, 236743, 107, 236743, 107, 236743, 107, 236743, 107, 236743, 107, 236743, 107, 236743, 107, 236743, 107, 236743, 107, 236743, 107, 236743, 107, 236743, 107, 236743, 107, 236743, 107, 236743, 107, 236743, 107, 236743, 107, 236743, 107, 236743, 107, 236743, 107, 236743, 107, 4799, 4799, 106]","[236776, 5293, 4799, 83755, 496, 4299, 1679, 506, 7363, 236761, 173562, 236881, 107, 107, 236743, 107, 236743, 107, 236743, 107, 236743, 107, 236743, 107, 236743, 107, 236743, 107, 236743, 107, 236743, 107, 236743, 107, 236743, 107, 236743, 107, 236743, 107, 236743, 107, 236743, 107, 236743, 107, 236743, 107, 236743, 107, 236743, 107, 236743, 107, 236743, 107, 236743, 107, 236743, 107, 236743, 107, 4799, 4799]",1,"[1, 106, 50]",106,1,True,True,"[1, 3]","A happy dog chased a ball down the street. ഇനി?

 
 
 
 
 
 
 
 
 
 
 
 
 
 
 
 
 
 
 
 
 
 
 
 
 dog dog",True,10227588096,12.69356336799683
047_common_gen_any_token_at_least_k_k3_t3_rep1,197,2,any_token_at_least_k,3,3,2,65,12,740,99161863,common_gen,47,1,common_gen:validation:213,0,25f5b46d9ccc7e9a7f7f03bfda77aed29c285ac32bbd4cb7a81b70154bb9e3f8,738967a0182c08d0005eee1ebf63374a1bddef887d5bb88b156c563983a2685a,success,,512.0,512.0,512.0,False,,model_loaded,19.210817751009017,0.5257733920007013,0.2595560459885746,0.7853294379892759,0.7853294379892759,624,3121,52147,42693339,262144,"{""allowed_count"": 262120, ""expected_count"": 262120, ""missing_expected"": [], ""ok"": true, ""stop_token_ids"": [1, 50, 106], ""unexpected_allowed"": []}",3.5235400359961204,xgrammar,2.8257232750183903,4.439326933003031,47,65,64,"[7634, 3463, 1679, 506, 2255, 3863, 528, 506, 6426, 236761, 236743, 107, 84476, 236778, 236771, 236771, 236775, 107, 236775, 24825, 236775, 107, 236775, 135932, 37197, 236775, 107, 236775, 18184, 236751, 236775, 107, 236775, 137534, 236775, 107, 236775, 20523, 819, 236775, 107, 236775, 16283, 3223, 236775, 107, 236775, 28680, 236775, 107, 236775, 4671, 713, 236775, 107, 236775, 1266, 236775, 107, 236775, 176930, 236775, 6426, 6426, 106]","[7634, 3463, 1679, 506, 2255, 3863, 528, 506, 6426, 236761, 236743, 107, 84476, 236778, 236771, 236771, 236775, 107, 236775, 24825, 236775, 107, 236775, 135932, 37197, 236775, 107, 236775, 18184, 236751, 236775, 107, 236775, 137534, 236775, 107, 236775, 20523, 819, 236775, 107, 236775, 16283, 3223, 236775, 107, 236775, 28680, 236775, 107, 236775, 4671, 713, 236775, 107, 236775, 1266, 236775, 107, 236775, 176930, 236775, 6426, 6426]",1,"[1, 106, 50]",106,1,True,True,"[1, 3, 1]","They cut down the old wood in the forest. 
""$200""
""running""
""whispered""
""shadows""
""ancient""
""silence""
""sunlight""
""deep""
""smell""
""rough""
""trunk"" forest forest",True,10227803136,12.860498950001784
048_common_gen_any_token_at_least_k_k3_t4_rep1,198,3,any_token_at_least_k,3,4,2,65,15,925,1332789542,common_gen,48,1,common_gen:validation:717,0,7d5655ec0c3b98543b5b658dec505af548140b911146fa96a1fdc43d380144e2,f6030203c6b253e02ccc40d895b92a510fbcc094728e6abc2d3fc7c7e404bf6b,success,,512.0,512.0,512.0,False,,model_loaded,19.44249858899275,0.49758725200081244,0.35383313801139593,0.8514203900122084,0.8514203900122084,810,4832,80598,77128938,262144,"{""allowed_count"": 262120, ""expected_count"": 262120, ""missing_expected"": [], ""ok"": true, ""stop_token_ids"": [1, 50, 106], ""unexpected_allowed"": []}",3.361549189023208,xgrammar,2.8174544950015843,4.563519177958369,51,65,64,"[5778, 15032, 657, 506, 48579, 531, 2583, 506, 16996, 10808, 580, 506, 48579, 236761, 23755, 236761, 236760, 107, 107, 236743, 107, 236743, 107, 236743, 107, 236743, 107, 236743, 107, 236743, 107, 236743, 107, 236743, 107, 236743, 107, 236743, 107, 236743, 107, 236743, 107, 236743, 107, 236743, 107, 236743, 107, 236743, 107, 236743, 107, 236743, 107, 236743, 107, 236743, 107, 236743, 107, 236743, 107, 48579, 106]","[5778, 15032, 657, 506, 48579, 531, 2583, 506, 16996, 10808, 580, 506, 48579, 236761, 23755, 236761, 236760, 107, 107, 236743, 107, 236743, 107, 236743, 107, 236743, 107, 236743, 107, 236743, 107, 236743, 107, 236743, 107, 236743, 107, 236743, 107, 236743, 107, 236743, 107, 236743, 107, 236743, 107, 236743, 107, 236743, 107, 236743, 107, 236743, 107, 236743, 107, 236743, 107, 236743, 107, 236743, 107, 48579]",1,"[1, 106, 50]",106,1,True,True,"[0, 3, 1, 1]","She stood at the podium to give the closing speech on the podium. intelligent.f

 
 
 
 
 
 
 
 
 
 
 
 
 
 
 
 
 
 
 
 
 
 
 podium",True,10228090368,12.936716539959889
049_common_gen_any_token_at_least_k_k3_t5_rep1,199,4,any_token_at_least_k,3,5,2,65,18,1110,2000856742,common_gen,49,1,common_gen:validation:841,0,b152ba7b23b8b14b4191b75c6edfc9024ab97d85b0e2ee735beccacded9f02b8,6fc1f6db27fc2cf76ac207219288aa193dbb54882b4ec564ade15b8c492e2536,success,,512.0,512.0,512.0,False,,model_loaded,19.579679698043037,0.4725472580175847,0.45493790903128684,0.9274851670488715,0.9274851670488715,996,6909,114857,124435396,262144,"{""allowed_count"": 262120, ""expected_count"": 262120, ""missing_expected"": [], ""ok"": true, ""stop_token_ids"": [1, 50, 106], ""unexpected_allowed"": []}",3.625562085013371,xgrammar,2.8420212890487164,4.412104176997673,53,64,63,"[236777, 37570, 531, 506, 18762, 4252, 12222, 532, 6345, 496, 20191, 528, 1041, 2228, 236761, 90023, 107, 20526, 5192, 107, 818, 14860, 3453, 563, 5633, 1076, 531, 496, 12643, 15737, 236761, 107, 54554, 107, 236777, 37570, 531, 506, 4252, 12222, 837, 7321, 496, 20191, 528, 1041, 2228, 236761, 107, 54554, 107, 818, 18762, 4252, 12222, 12063, 496, 20191, 1447, 531, 1041, 2228, 236761, 106]","[236777, 37570, 531, 506, 18762, 4252, 12222, 532, 6345, 496, 20191, 528, 1041, 2228, 236761, 90023, 107, 20526, 5192, 107, 818, 14860, 3453, 563, 5633, 1076, 531, 496, 12643, 15737, 236761, 107, 54554, 107, 236777, 37570, 531, 506, 4252, 12222, 837, 7321, 496, 20191, 528, 1041, 2228, 236761, 107, 54554, 107, 818, 18762, 4252, 12222, 12063, 496, 20191, 1447, 531, 1041, 2228, 236761]",1,"[1, 106, 50]",106,1,True,False,"[3, 3, 0, 3, 3]","I listened to the loud music beat and felt a bang in my head. നെ
DOCTYPE language
The execution environment is currently set to a neutral tone.
sentence
I listened to the music beat which caused a bang in my head.
sentence
The loud music beat delivered a bang right to my head.",True,10228162048,13.175838310969993
050_common_gen_any_token_at_least_k_k3_t6_rep1,200,5,any_token_at_least_k,3,6,2,65,21,1295,2125091840,common_gen,50,1,common_gen:validation:436,0,8ff85e3a2c533f994db411cf8d48e6df4bcafd8dcf85b336915461db19decf0e,d468f7bdd7e77187c4891393898d6e91206aa6ea265c3d285c8e49e72ba5bab4,success,,512.0,512.0,512.0,False,,model_loaded,20.103401989035774,0.5360605390160345,0.5704421600094065,1.106502699025441,1.106502699025441,1182,9352,154924,186237753,262144,"{""allowed_count"": 262120, ""expected_count"": 262120, ""missing_expected"": [], ""ok"": true, ""stop_token_ids"": [1, 50, 106], ""unexpected_allowed"": []}",3.9667934909812175,xgrammar,2.7988412249833345,4.382637208036613,56,65,64,"[818, 4628, 1921, 4491, 528, 1757, 573, 3131, 4310, 531, 974, 910, 2490, 236761, 107, 248080, 107, 10452, 107, 4420, 506, 4628, 35033, 528, 1757, 573, 3131, 4310, 236764, 901, 1053, 531, 4491, 573, 910, 2490, 236761, 107, 20470, 107, 101812, 107, 4539, 107, 47182, 107, 15545, 107, 22354, 107, 818, 4628, 1921, 4491, 528, 1757, 573, 3131, 4310, 531, 974, 910, 2490, 236761, 106]","[818, 4628, 1921, 4491, 528, 1757, 573, 3131, 4310, 531, 974, 910, 2490, 236761, 107, 248080, 107, 10452, 107, 4420, 506, 4628, 35033, 528, 1757, 573, 3131, 4310, 236764, 901, 1053, 531, 4491, 573, 910, 2490, 236761, 107, 20470, 107, 101812, 107, 4539, 107, 47182, 107, 15545, 107, 22354, 107, 818, 4628, 1921, 4491, 528, 1757, 573, 3131, 4310, 531, 974, 910, 2490, 236761]",1,"[1, 106, 50]",106,1,True,True,"[3, 3, 3, 3, 2, 3]","The couple must wait in line for several minutes to get their turn.
ఙ
 Line
When the couple waited in line for several minutes, they had to wait for their turn.
Wait
Couple
Line
Minutes
Must
Turn
The couple must wait in line for several minutes to get their turn.",True,10228448768,13.544169512984809
051_common_gen_any_token_at_least_k_k3_t7_rep1,201,6,any_token_at_least_k,3,7,2,65,24,1480,1693503289,common_gen,51,1,common_gen:validation:479,0,29cf89520ee775d550063b26d9256b1d4278ae24a9ac3f7eb3c6c04c40038692,a049815b42d601ea82bfeb4e4e584e43e97280ca97b59a4aae0cb222cf562fe9,success,,512.0,512.0,512.0,False,,model_loaded,19.963797901000362,0.6181598340044729,0.6869092260021716,1.3050690600066446,1.3050690600066446,1368,12161,200799,264161049,262144,"{""allowed_count"": 262120, ""expected_count"": 262120, ""missing_expected"": [], ""ok"": true, ""stop_token_ids"": [1, 50, 106], ""unexpected_allowed"": []}",3.636238485982176,xgrammar,2.716343241976574,4.424443310999777,62,65,64,"[235624, 37263, 48069, 236764, 692, 16393, 1343, 506, 41916, 236764, 5508, 573, 506, 4598, 236761, 236743, 107, 32879, 815, 1010, 506, 2822, 236764, 3756, 236764, 40137, 5422, 13315, 600, 6178, 784, 529, 506, 2269, 14485, 236787, 11058, 20723, 827, 623, 13769, 2392, 827, 623, 17634, 827, 623, 13769, 10799, 827, 623, 131583, 236751, 827, 623, 151977, 827, 623, 7362, 24594, 107, 235624, 48069, 48069, 106]","[235624, 37263, 48069, 236764, 692, 16393, 1343, 506, 41916, 236764, 5508, 573, 506, 4598, 236761, 236743, 107, 32879, 815, 1010, 506, 2822, 236764, 3756, 236764, 40137, 5422, 13315, 600, 6178, 784, 529, 506, 2269, 14485, 236787, 11058, 20723, 827, 623, 13769, 2392, 827, 623, 17634, 827, 623, 13769, 10799, 827, 623, 131583, 236751, 827, 623, 151977, 827, 623, 7362, 24594, 107, 235624, 48069, 48069]",1,"[1, 106, 50]",106,1,True,True,"[0, 0, 0, 3, 1, 0, 1]","Wearing elaborate costumes, we walked through the neighborhoods, ready for the party. 
 strongest has been the short, natural, coherent English sentence that uses all of the following concepts: [""walk"", ""costume"", ""wear"", ""costumes"", ""neighborhoods"", ""wearing"", ""party""].
Wearing costumes costumes",True,10228878848,13.57309522695141
052_common_gen_any_token_at_least_k_k3_t8_rep1,202,7,any_token_at_least_k,3,8,2,65,27,1665,860196141,common_gen,52,1,common_gen:validation:512,0,03542d4e05176cb012c205489f3d9ac2312abccbef96d6fcfe1f35bca9bcb917,8e8344ff609af12b305d613807b2f8262a09266f846df72517e1506b0c08f6c9,success,,512.0,512.0,512.0,False,,model_loaded,19.543773305020295,0.5613964659860358,0.8318719050148502,1.393268371000886,1.393268371000886,1554,15336,252482,359830324,262144,"{""allowed_count"": 262120, ""expected_count"": 262120, ""missing_expected"": [], ""ok"": true, ""stop_token_ids"": [1, 50, 106], ""unexpected_allowed"": []}",3.533153955999296,xgrammar,2.6896557440049946,3.7443501399829984,64,51,50,"[818, 43430, 28120, 496, 6347, 529, 3863, 607, 496, 21171, 4782, 657, 506, 1331, 236761, 236745, 1184, 499, 43430, 28120, 496, 6347, 529, 3863, 607, 496, 21171, 4782, 657, 506, 1331, 236761, 107, 164117, 107, 1437, 43430, 28120, 496, 6347, 529, 3863, 607, 496, 21171, 4782, 657, 506, 1331, 236761, 106]","[818, 43430, 28120, 496, 6347, 529, 3863, 607, 496, 21171, 4782, 657, 506, 1331, 236761, 236745, 1184, 499, 43430, 28120, 496, 6347, 529, 3863, 607, 496, 21171, 4782, 657, 506, 1331, 236761, 107, 164117, 107, 1437, 43430, 28120, 496, 6347, 529, 3863, 607, 496, 21171, 4782, 657, 506, 1331, 236761]",1,"[1, 106, 50]",106,1,True,False,"[3, 0, 3, 3, 3, 3, 3, 3]","The teenager threw a piece of wood with a knife outside at the people.tlethe teenager threw a piece of wood with a knife outside at the people.
 செய்யப்பட்டது
the teenager threw a piece of wood with a knife outside at the people.",True,10228872192,12.712495118030347
053_common_gen_any_token_at_least_k_k3_t9_rep1,203,8,any_token_at_least_k,3,9,2,65,30,1850,1994459732,common_gen,53,1,common_gen:validation:452,0,38376c59516fdf421fe1e9c92a7dd793dfcfe07b4e44cb7af4ce0dcb0770653e,8b66004e58c75faf07fda08270c88eb90c56f09ba1c31abd087247a02878c021,success,,512.0,512.0,512.0,False,,model_loaded,20.103039303969126,0.5554300700314343,0.9591382969520055,1.5145683669834398,1.5145683669834398,1740,18877,311682,474870618,262144,"{""allowed_count"": 262120, ""expected_count"": 262120, ""missing_expected"": [], ""ok"": true, ""stop_token_ids"": [1, 50, 106], ""unexpected_allowed"": []}",3.429307761020027,xgrammar,2.717841092031449,4.470538143999875,66,65,64,"[818, 26100, 4155, 36586, 506, 4299, 236764, 10848, 625, 1131, 506, 2657, 531, 6317, 496, 1523, 532, 496, 5671, 236761, 107, 76942, 236761, 236743, 107, 107, 13513, 107, 1018, 135778, 236786, 7166, 29357, 2721, 580, 506, 11172, 236789, 236751, 21183, 623, 161617, 886, 2822, 236764, 3756, 236764, 40137, 5422, 13315, 236775, 532, 3756, 2727, 53121, 108, 818, 26100, 4155, 36586, 506, 4299, 236764, 36586, 106]","[818, 26100, 4155, 36586, 506, 4299, 236764, 10848, 625, 1131, 506, 2657, 531, 6317, 496, 1523, 532, 496, 5671, 236761, 107, 76942, 236761, 236743, 107, 107, 13513, 107, 1018, 135778, 236786, 7166, 29357, 2721, 580, 506, 11172, 236789, 236751, 21183, 623, 161617, 886, 2822, 236764, 3756, 236764, 40137, 5422, 13315, 236775, 532, 3756, 2727, 53121, 108, 818, 26100, 4155, 36586, 506, 4299, 236764, 36586]",1,"[1, 106, 50]",106,1,True,True,"[1, 1, 2, 3, 0, 1, 1, 1, 2]","The soccer player kicked the ball, putting it into the net to score a point and a goal.
 Hawks. 

***
**Correction/Refinement based on the prompt's constraint ""exactly one short, natural, coherent English sentence"" and natural flow:**

The soccer player kicked the ball, kicked",True,10229233664,13.448863571044058
054_common_gen_any_token_at_least_k_k3_t10_rep1,204,9,any_token_at_least_k,3,10,2,65,33,2035,1522346293,common_gen,54,1,common_gen:validation:723,0,2867c6a68c0e6b15b0575548544872e184de9b958ef1ff8a34d58fc40d778a33,712b1adfa203afa6a97b479046839517baecbf32f2b7dccbb026933c3dec535e,success,,512.0,512.0,512.0,False,,model_loaded,20.560928522027098,0.615416036976967,1.1228114330442622,1.7382274700212292,1.7382274700212292,1926,22784,377056,610906971,262144,"{""allowed_count"": 262120, ""expected_count"": 262120, ""missing_expected"": [], ""ok"": true, ""stop_token_ids"": [1, 50, 106], ""unexpected_allowed"": []}",3.520437992992811,xgrammar,2.7113676770241,4.4135751919820905,70,65,64,"[818, 20473, 14980, 580, 5552, 90982, 496, 7804, 2214, 236764, 607, 886, 1589, 61960, 506, 5552, 11544, 1651, 3496, 964, 14980, 236761, 236743, 107, 3292, 1005, 236782, 568, 25864, 236772, 154858, 236787, 669, 13469, 563, 531, 1161, 784, 14485, 528, 808, 811, 236829, 3756, 236764, 40137, 13315, 236761, 669, 2787, 2473, 577, 496, 3103, 732, 159779, 2907, 823, 108, 109627, 5686, 236787, 107, 5552, 106]","[818, 20473, 14980, 580, 5552, 90982, 496, 7804, 2214, 236764, 607, 886, 1589, 61960, 506, 5552, 11544, 1651, 3496, 964, 14980, 236761, 236743, 107, 3292, 1005, 236782, 568, 25864, 236772, 154858, 236787, 669, 13469, 563, 531, 1161, 784, 14485, 528, 808, 811, 236829, 3756, 236764, 40137, 13315, 236761, 669, 2787, 2473, 577, 496, 3103, 732, 159779, 2907, 823, 108, 109627, 5686, 236787, 107, 5552]",1,"[1, 106, 50]",106,1,True,True,"[3, 1, 0, 0, 1, 1, 1, 2, 0, 1]","The actors performing on stage flashed a bright light, with one person flashing the stage lights while others were performing. 
$\text{ (Self-correction: The requirement is to use all concepts in *one* natural, coherent sentence. The above might be a bit clunky.)}$

Revised attempt:
 stage",True,10229949952,13.753729757037945
055_common_gen_any_token_at_least_k_k3_t11_rep1,205,10,any_token_at_least_k,3,11,2,65,36,2220,1077294807,common_gen,55,1,common_gen:validation:894,0,96f661987aa7acbdcc8e2cecb03a7d7595426cf03560114f34c6d2e44a1efb71,6279107a80c31a60c6527deff753e541aa9ad353d5c3690317e8761a0e06d029,success,,512.0,512.0,512.0,False,,model_loaded,19.601508701976854,0.623201507027261,1.2851558910333551,1.908357398060616,1.908357398060616,2112,27057,448607,769564423,262144,"{""allowed_count"": 262120, ""expected_count"": 262120, ""missing_expected"": [], ""ok"": true, ""stop_token_ids"": [1, 50, 106], ""unexpected_allowed"": []}",3.5570478569716215,xgrammar,2.710937464958988,3.051202875969466,71,38,37,"[5778, 691, 8116, 528, 1116, 8126, 9514, 9048, 236764, 9922, 496, 9514, 5808, 532, 1116, 8126, 11795, 236761, 236743, 107, 1084, 522, 528, 1116, 8126, 9514, 9048, 236764, 9922, 496, 9514, 5808, 532, 1116, 8126, 11795, 236761, 106]","[5778, 691, 8116, 528, 1116, 8126, 9514, 9048, 236764, 9922, 496, 9514, 5808, 532, 1116, 8126, 11795, 236761, 236743, 107, 1084, 522, 528, 1116, 8126, 9514, 9048, 236764, 9922, 496, 9514, 5808, 532, 1116, 8126, 11795, 236761]",1,"[1, 106, 50]",106,1,True,False,"[0, 2, 0, 0, 0, 2, 4, 2, 2, 1, 4]","She was sitting in her favorite pink chair, wearing a pink dress and her favorite shoes. 
issing in her favorite pink chair, wearing a pink dress and her favorite shoes.",True,10230129152,12.606793862010818
056_common_gen_any_token_at_least_k_k3_t12_rep1,206,11,any_token_at_least_k,3,12,2,65,39,2405,808116444,common_gen,56,1,common_gen:validation:876,0,d05e93738de98faf161b7e464673aabfab678df057a6f0998557bf358d8ef706,f89ba4c266f3a9e2109016a0683fb42c703d8024a4476b2f19aedc4d3233009d,success,,512.0,512.0,512.0,False,,model_loaded,24.380919086979702,0.5654398259939626,1.4895230819820426,2.0549629079760052,2.0549629079760052,2298,31696,526332,952468014,262144,"{""allowed_count"": 262120, ""expected_count"": 262120, ""missing_expected"": [], ""ok"": true, ""stop_token_ids"": [1, 50, 106], ""unexpected_allowed"": []}",3.473626304010395,xgrammar,2.8373054540134035,4.451376709970646,75,65,64,"[52516, 506, 2290, 236764, 506, 6049, 4299, 532, 506, 1786, 1534, 5484, 529, 506, 7974, 12280, 618, 506, 41895, 2434, 11308, 6915, 506, 18660, 236761, 236743, 107, 2717, 3723, 107, 236775, 52516, 506, 2290, 236764, 506, 6049, 4299, 532, 506, 1786, 1534, 5484, 529, 506, 7974, 12280, 618, 506, 41895, 2434, 11308, 6915, 506, 18660, 1781, 107, 2717, 107, 107, 107, 20470, 236764, 6049, 106]","[52516, 506, 2290, 236764, 506, 6049, 4299, 532, 506, 1786, 1534, 5484, 529, 506, 7974, 12280, 618, 506, 41895, 2434, 11308, 6915, 506, 18660, 236761, 236743, 107, 2717, 3723, 107, 236775, 52516, 506, 2290, 236764, 506, 6049, 4299, 532, 506, 1786, 1534, 5484, 529, 506, 7974, 12280, 618, 506, 41895, 2434, 11308, 6915, 506, 18660, 1781, 107, 2717, 107, 107, 107, 20470, 236764, 6049]",1,"[1, 106, 50]",106,1,True,True,"[2, 2, 2, 2, 2, 2, 2, 2, 0, 2, 2, 3]","Throughout the game, the moving ball and the pass between players of the teams stopped as the opposing team fro passed the basketball. 
```json
""Throughout the game, the moving ball and the pass between players of the teams stopped as the opposing team fro passed the basketball.""
```


Wait, moving",True,10230846976,14.17742044501938
057_common_gen_any_token_at_least_k_k3_t13_rep1,207,12,any_token_at_least_k,3,13,2,65,42,2590,833341984,common_gen,57,1,common_gen:validation:564,0,5c47145490478b144dc29734960863f060f52bf487569f95d491382065561a6e,c47a4b3e20de2e9622ea0709abd9a0f001cb8cf5487709713c0b75f1c946450d,success,,512.0,512.0,512.0,False,,model_loaded,22.643948114011437,0.6148272060090676,1.673764745995868,2.2885919520049356,2.2885919520049356,2484,36701,610231,1161242784,262144,"{""allowed_count"": 262120, ""expected_count"": 262120, ""missing_expected"": [], ""ok"": true, ""stop_token_ids"": [1, 50, 106], ""unexpected_allowed"": []}",3.3750969669781625,xgrammar,2.7448141570203006,4.428846550988965,80,65,64,"[818, 3184, 6938, 32694, 1131, 506, 28174, 1813, 699, 506, 42383, 236764, 532, 618, 668, 32694, 236764, 3496, 19061, 618, 668, 32704, 607, 914, 38167, 236761, 8643, 1805, 236761, 236743, 107, 236743, 107, 236743, 107, 236743, 107, 236743, 107, 236743, 107, 236743, 107, 236743, 107, 236743, 107, 236743, 107, 236743, 107, 236743, 107, 236743, 107, 236743, 107, 236743, 107, 236743, 107, 236743, 107, 32694, 106]","[818, 3184, 6938, 32694, 1131, 506, 28174, 1813, 699, 506, 42383, 236764, 532, 618, 668, 32694, 236764, 3496, 19061, 618, 668, 32704, 607, 914, 38167, 236761, 8643, 1805, 236761, 236743, 107, 236743, 107, 236743, 107, 236743, 107, 236743, 107, 236743, 107, 236743, 107, 236743, 107, 236743, 107, 236743, 107, 236743, 107, 236743, 107, 236743, 107, 236743, 107, 236743, 107, 236743, 107, 236743, 107, 32694]",1,"[1, 106, 50]",106,1,True,True,"[0, 1, 1, 0, 0, 3, 0, 1, 0, 1, 0, 1, 1]","The young boy jumped into the flowing water from the cliff, and as he jumped, others watched as he disappeared with his jumps. mentically. 
 
 
 
 
 
 
 
 
 
 
 
 
 
 
 
 
 jumped",True,10231747072,14.207187963998877
058_common_gen_any_token_at_least_k_k3_t14_rep1,208,13,any_token_at_least_k,3,14,2,65,45,2775,1406280043,common_gen,58,1,common_gen:validation:266,0,e2926242169227718dda2ea5714826d37e7e791b16b8722e7747a748deabe20b,12ecc5482bbfedf7f9bdc0dfca6081ba3c12274a92c0cd6c503b848ca1975ef0,success,,512.0,512.0,512.0,False,,model_loaded,19.892993097018916,0.60944669903256,1.8851821679854766,2.4946288670180365,2.4946288670180365,2670,42072,700304,1397513773,262144,"{""allowed_count"": 262120, ""expected_count"": 262120, ""missing_expected"": [], ""ok"": true, ""stop_token_ids"": [1, 50, 106], ""unexpected_allowed"": []}",3.537446676986292,xgrammar,2.8401578800403513,2.9703669929876924,82,36,35,"[818, 28149, 6938, 4155, 236764, 9922, 496, 1670, 532, 4526, 236764, 23378, 580, 496, 67733, 236764, 9922, 914, 15583, 1651, 8116, 580, 506, 5552, 236764, 607, 506, 1032, 4155, 9922, 914, 15583, 1651, 8116, 236761, 106]","[818, 28149, 6938, 4155, 236764, 9922, 496, 1670, 532, 4526, 236764, 23378, 580, 496, 67733, 236764, 9922, 914, 15583, 1651, 8116, 580, 506, 5552, 236764, 607, 506, 1032, 4155, 9922, 914, 15583, 1651, 8116, 236761]",1,"[1, 106, 50]",106,1,True,False,"[2, 0, 0, 1, 1, 0, 1, 1, 3, 1, 1, 2, 1, 2]","The fancy boy player, wearing a cap and watch, sits on a stool, wearing his guitar while sitting on the stage, with the other player wearing his guitar while sitting.",True,10232109056,13.206242461979855
059_common_gen_any_token_at_least_k_k3_t15_rep1,209,14,any_token_at_least_k,3,15,2,65,48,2960,2061637626,common_gen,59,1,common_gen:validation:578,0,1b8930541ac2b9f9cad61c05495eeceeef2c9dab70d5f8c024a0d055a60acc8d,a0d094d014a20e7a2a8d7ab20ff45e52855636d5dd85bc0544250dc9a0f963c3,success,,512.0,512.0,512.0,False,,model_loaded,21.30218658200465,0.6177132640150376,2.100010772002861,2.7177240360178985,2.7177240360178985,2856,47809,796551,1662906021,262144,"{""allowed_count"": 262120, ""expected_count"": 262120, ""missing_expected"": [], ""ok"": true, ""stop_token_ids"": [1, 50, 106], ""unexpected_allowed"": []}",3.3598937490023673,xgrammar,2.661480047972873,4.447444119025022,84,65,64,"[5778, 13896, 506, 26802, 1298, 901, 1456, 3425, 22642, 4269, 531, 6349, 5324, 699, 1116, 14897, 532, 2247, 42145, 8990, 506, 13759, 14897, 236764, 837, 6178, 496, 3530, 9939, 236761, 236743, 107, 3119, 529, 506, 13315, 563, 236743, 236778, 236819, 4171, 236761, 107, 148233, 1456, 236787, 5324, 236764, 2420, 236764, 22642, 236764, 6349, 236764, 26802, 236764, 4269, 236764, 42145, 236764, 14897, 236764, 13759, 236764, 106]","[5778, 13896, 506, 26802, 1298, 901, 1456, 3425, 22642, 4269, 531, 6349, 5324, 699, 1116, 14897, 532, 2247, 42145, 8990, 506, 13759, 14897, 236764, 837, 6178, 496, 3530, 9939, 236761, 236743, 107, 3119, 529, 506, 13315, 563, 236743, 236778, 236819, 4171, 236761, 107, 148233, 1456, 236787, 5324, 236764, 2420, 236764, 22642, 236764, 6349, 236764, 26802, 236764, 4269, 236764, 42145, 236764, 14897, 236764, 13759, 236764]",1,"[1, 106, 50]",106,1,True,True,"[2, 1, 2, 2, 2, 2, 2, 3, 2, 1, 1, 1, 2, 1, 1]","She visited the spa where they used hot wax treatment to remove hair from her legs and put paints onto the bare legs, which uses a specific technique. 
length of the sentence is 29 words.
concepts used: hair, leg, wax, remove, spa, treatment, paints, legs, bare,",True,10232470016,14.489234092005063
060_common_gen_exactly_once_kna_t1_rep1,210,0,exactly_once,,1,2,65,3,254,1322616585,common_gen,60,1,common_gen:validation:217,0,d7d3e176ab551504af271b278fb43ba854c3dd94264f5490978e4d7fb7d4ed22,8e3607b55e01d3c6a1ecadcf174d5334a7fd00d16f25b9203baed84d6d90808f,success,,512.0,512.0,512.0,False,,model_loaded,17.67529394698795,0.4905761089758016,0.052176134020555764,0.5427522429963574,0.5427522429963574,132,380,6234,1529977,262144,"{""allowed_count"": 262120, ""expected_count"": 262120, ""missing_expected"": [], ""ok"": true, ""stop_token_ids"": [1, 50, 106], ""unexpected_allowed"": []}",3.745355519989971,xgrammar,2.7219671020284295,2.318512218014803,41,16,15,"[5778, 1053, 531, 2768, 8990, 506, 48718, 37468, 39964, 618, 506, 6573, 1217, 991, 236761, 106]","[5778, 1053, 531, 2768, 8990, 506, 48718, 37468, 39964, 618, 506, 6573, 1217, 991, 236761]",1,"[1, 106, 50]",106,1,True,False,[1],She had to hold onto the fragile vase tightly as the wind howled.,True,10224791040,10.666888970998116
061_common_gen_exactly_once_kna_t2_rep1,211,1,exactly_once,,2,2,65,6,381,702934379,common_gen,61,1,common_gen:validation:934,0,143e7e8911b3e3de9bdec6ac3b8c84d9a5640a44174a733bc71cba4ad8f59ea1,96ef78ba2ebff298ca6699488e5563d21c8f2b921ecd47b9239ffc5a948c2282,success,,512.0,512.0,512.0,False,,model_loaded,17.31348994903965,0.4876153590157628,0.10582169599365443,0.5934370550094172,0.5934370550094172,260,1012,16145,6324427,262144,"{""allowed_count"": 262120, ""expected_count"": 262120, ""missing_expected"": [], ""ok"": true, ""stop_token_ids"": [1, 50, 106], ""unexpected_allowed"": []}",3.7576428740285337,xgrammar,2.7172170970006846,2.0208172079874203,44,11,10,"[818, 2268, 9989, 68121, 529, 22260, 506, 12440, 23986, 236761, 106]","[818, 2268, 9989, 68121, 529, 22260, 506, 12440, 23986, 236761]",1,"[1, 106, 50]",106,1,True,False,"[1, 1]",The little kid dreamed of exploring the ancient castle.,True,10225319936,10.4340191919473
062_common_gen_exactly_once_kna_t3_rep1,212,2,exactly_once,,3,2,65,8,508,788091110,common_gen,62,1,common_gen:validation:312,0,092f14fd7799a6e2101db613dcf4381910b4dd5f4f51b84eea7cca76515e5cb7,a4fbb8f9210d19e2bca40dfd06d50f918a49ae88a129d80458c11d00a0863927,success,,512.0,512.0,512.0,False,,model_loaded,17.420344298996497,0.47965278202900663,0.15726372599601746,0.6369165080250241,0.6369165080250241,388,1896,29802,15152648,262144,"{""allowed_count"": 262120, ""expected_count"": 262120, ""missing_expected"": [], ""ok"": true, ""stop_token_ids"": [1, 50, 106], ""unexpected_allowed"": []}",3.83266720402753,xgrammar,2.7665127040236257,1.8721649210201576,47,15,14,"[5778, 1053, 531, 2178, 1679, 532, 2890, 1116, 3392, 2342, 506, 7804, 3768, 236761, 106]","[5778, 1053, 531, 2178, 1679, 532, 2890, 1116, 3392, 2342, 506, 7804, 3768, 236761]",1,"[1, 106, 50]",106,1,True,False,"[1, 1, 1]",She had to sit down and cover her face against the bright sun.,True,10225850880,10.477742823015433
063_common_gen_exactly_once_kna_t4_rep1,213,3,exactly_once,,4,2,65,10,635,2067861125,common_gen,63,1,common_gen:validation:706,0,5fe30f8a50566ce422e13394c8405dfe1a3e26beefc562b2e99c4c35cd3b4323,b3658dcde03bec1ab7baa16fd27f7079f16846137772a6eeb784c5224e7ec55e,success,,512.0,512.0,512.0,False,,model_loaded,17.348274265998043,0.541142810950987,0.21677095000632107,0.7579137609573081,0.7579137609573081,516,3032,47205,28782736,262144,"{""allowed_count"": 262120, ""expected_count"": 262120, ""missing_expected"": [], ""ok"": true, ""stop_token_ids"": [1, 50, 106], ""unexpected_allowed"": []}",3.542466319981031,xgrammar,2.7319245130056515,1.954262426996138,51,17,16,"[818, 23143, 8334, 90609, 3701, 580, 506, 3549, 618, 668, 6956, 531, 17085, 1024, 625, 236761, 106]","[818, 23143, 8334, 90609, 3701, 580, 506, 3549, 618, 668, 6956, 531, 17085, 1024, 625, 236761]",1,"[1, 106, 50]",106,1,True,False,"[1, 0, 1, 1]",The worn shirt snagged on the wall as he tried to climb over it.,True,10226558976,10.312055352027528
064_common_gen_exactly_once_kna_t5_rep1,214,4,exactly_once,,5,2,65,12,762,1618482338,common_gen,64,1,common_gen:validation:691,0,ebbd28d90aed68bd1a2b8554954d901fde65c6e4874a81c21de8d5cdab1b3a0c,993d76def1ba4e0d573574b86580266870282c7d234a8e1c0136dbf736728f1d,success,,512.0,512.0,512.0,False,,model_loaded,17.31288487900747,0.4938371850294061,0.2834995550219901,0.7773367400513962,0.7773367400513962,644,4420,69301,47982787,262144,"{""allowed_count"": 262120, ""expected_count"": 262120, ""missing_expected"": [], ""ok"": true, ""stop_token_ids"": [1, 50, 106], ""unexpected_allowed"": []}",3.7113345559919253,xgrammar,2.8171310999896377,1.94512097700499,53,16,15,"[5778, 1053, 531, 1975, 2651, 532, 2768, 506, 77965, 531, 2827, 506, 2651, 7613, 236761, 106]","[5778, 1053, 531, 1975, 2651, 532, 2768, 506, 77965, 531, 2827, 506, 2651, 7613, 236761]",1,"[1, 106, 50]",106,1,True,False,"[1, 1, 1, 1, 2]",She had to stand hard and hold the shovel to move the hard snow.,True,10226913280,10.622485068044625
065_common_gen_exactly_once_kna_t6_rep1,215,5,exactly_once,,6,2,65,14,889,1440361350,common_gen,65,1,common_gen:validation:401,0,387384c68e1e44a68aea1daea9c2cd75f52863ceb2aa2f481a34006e509aa10b,e665501af009f06080be82ddb15f0d730bb0e182172e8782068b06f330a03e1f,success,,512.0,512.0,512.0,False,,model_loaded,17.150312562007457,0.457121454004664,0.35071046400116757,0.8078319180058315,0.8078319180058315,772,6060,95395,73520897,262144,"{""allowed_count"": 262120, ""expected_count"": 262120, ""missing_expected"": [], ""ok"": true, ""stop_token_ids"": [1, 50, 106], ""unexpected_allowed"": []}",3.7861526670167223,xgrammar,2.7104482870199718,1.967299836978782,57,17,16,"[39977, 22517, 4733, 768, 564, 1451, 2178, 657, 506, 8351, 2633, 1651, 1304, 67226, 11115, 236761, 106]","[39977, 22517, 4733, 768, 564, 1451, 2178, 657, 506, 8351, 2633, 1651, 1304, 67226, 11115, 236761]",1,"[1, 106, 50]",106,1,True,False,"[1, 1, 1, 1, 1, 0]",Grandmother asked if I could sit at the kitchen table while she drank tea.,True,10227624960,10.601267455960624
066_common_gen_exactly_once_kna_t7_rep1,216,6,exactly_once,,7,2,65,16,1016,1910766821,common_gen,66,1,common_gen:validation:385,0,e60a8ec370da77a1fdebf161266126b6e738fb6b68f016d3c000c6c562808514,3997b2ced2940ecaa3eda3bb90b7f27a4aec90d063b82a829f8bc4f59588cb68,success,,512.0,512.0,512.0,False,,model_loaded,17.43263592204312,0.4735789929982275,0.4244692120118998,0.8980482050101273,0.8980482050101273,900,7952,125487,106165162,262144,"{""allowed_count"": 262120, ""expected_count"": 262120, ""missing_expected"": [], ""ok"": true, ""stop_token_ids"": [1, 50, 106], ""unexpected_allowed"": []}",3.4197557590086944,xgrammar,2.7314214349607937,2.2522974019520916,60,21,20,"[5778, 2838, 580, 506, 1756, 236764, 14917, 872, 506, 2780, 699, 506, 7319, 236764, 532, 1492, 23378, 28383, 625, 236761, 106]","[5778, 2838, 580, 506, 1756, 236764, 14917, 872, 506, 2780, 699, 506, 7319, 236764, 532, 1492, 23378, 28383, 625, 236761]",1,"[1, 106, 50]",106,1,True,False,"[1, 0, 1, 1, 1, 1, 1]","She sat on the mat, picked up the food from the plate, and now sits beside it.",True,10228158976,10.661938850011211
067_common_gen_exactly_once_kna_t8_rep1,217,7,exactly_once,,8,2,65,18,1143,2116306382,common_gen,67,1,common_gen:validation:52,0,10c8773e2afe71f8445e29e2fa81a63ddbeca39f47202fe4810d8b24831a6c50,ad40e6e43c02ad5e28cc7b9442c4b7130b19d07d29c849679e950d1bd6357045,success,,512.0,512.0,512.0,False,,model_loaded,17.034944721031934,0.46015208796598017,0.510399105027318,0.9705511929932982,0.9705511929932982,1028,10096,159577,146683678,262144,"{""allowed_count"": 262120, ""expected_count"": 262120, ""missing_expected"": [], ""ok"": true, ""stop_token_ids"": [1, 50, 106], ""unexpected_allowed"": []}",3.4063546679681167,xgrammar,2.6535773369832896,2.024403452000115,64,17,16,"[818, 51967, 9258, 506, 4299, 236764, 9495, 573, 506, 7241, 531, 1519, 1308, 506, 65872, 236761, 106]","[818, 51967, 9258, 506, 4299, 236764, 9495, 573, 506, 7241, 531, 1519, 1308, 506, 65872, 236761]",1,"[1, 106, 50]",106,1,True,False,"[1, 1, 0, 1, 1, 1, 1, 1]","The pitcher holds the ball, waiting for the batter to sign after the pitches.",True,10228872192,10.48698390001664
068_common_gen_exactly_once_kna_t9_rep1,218,8,exactly_once,,9,2,65,20,1270,217189670,common_gen,68,1,common_gen:validation:743,0,9c1668242497460e7d5577e94da5fc16e74232da6a3d2e45d1784c508893b1c6,2db6839fc836d888e34ff1a37e2b5decec5e656e7190130b238524a70d2ac794,success,,512.0,512.0,512.0,False,,model_loaded,17.898773877997883,0.48315568501129746,0.5906676719896495,1.073823357000947,1.073823357000947,1156,12492,198800,195844541,262144,"{""allowed_count"": 262120, ""expected_count"": 262120, ""missing_expected"": [], ""ok"": true, ""stop_token_ids"": [1, 50, 106], ""unexpected_allowed"": []}",3.455846152966842,xgrammar,2.553353827970568,2.706950661027804,66,31,30,"[818, 86396, 1456, 496, 9987, 531, 6230, 496, 6347, 529, 29169, 1131, 496, 6309, 236764, 1299, 25383, 625, 528, 22642, 3627, 1680, 506, 3944, 8585, 19519, 506, 14788, 28809, 236761, 106]","[818, 86396, 1456, 496, 9987, 531, 6230, 496, 6347, 529, 29169, 1131, 496, 6309, 236764, 1299, 25383, 625, 528, 22642, 3627, 1680, 506, 3944, 8585, 19519, 506, 14788, 28809, 236761]",1,"[1, 106, 50]",106,1,True,False,"[1, 1, 1, 1, 1, 1, 1, 1, 1]","The baker used a pin to shape a piece of dough into a roll, then wrapped it in wax paper before the cook finished rolling the delicious rolls.",True,10229233664,11.138336657022592
069_common_gen_exactly_once_kna_t10_rep1,219,9,exactly_once,,10,2,65,22,1397,709817803,common_gen,69,1,common_gen:validation:423,0,ea4cb8fe8fe9aa2ba317afb9cfb2e76ce4158728745d0121510717dda89c2891,068a036858b325d5d5469eccc30ef1d40eaf580f08438bbbd73513b07c632cce,success,,512.0,512.0,512.0,False,,model_loaded,17.195314356009476,0.5039788790163584,0.6851577630150132,1.1891366420313716,1.1891366420313716,1284,15140,242273,254415847,262144,"{""allowed_count"": 262120, ""expected_count"": 262120, ""missing_expected"": [], ""ok"": true, ""stop_token_ids"": [1, 50, 106], ""unexpected_allowed"": []}",3.420115076005459,xgrammar,2.6521116360090673,1.8819087829906493,70,15,14,"[818, 4918, 82362, 3418, 3131, 15729, 5662, 910, 17747, 528, 496, 4159, 44602, 236761, 106]","[818, 4918, 82362, 3418, 3131, 15729, 5662, 910, 17747, 528, 496, 4159, 44602, 236761]",1,"[1, 106, 50]",106,1,True,False,"[0, 0, 0, 1, 1, 1, 1, 1, 1, 1]",The band marched across several streets playing their instruments in a grand parade.,True,10229949952,10.512703206972219
070_common_gen_exactly_once_kna_t11_rep1,220,10,exactly_once,,11,2,65,24,1524,262170999,common_gen,70,1,common_gen:validation:733,0,af2bf1c00d694092a839c692eb7d2719b5c3796d048a0cbb8a027264c4d5b938,e589dbf5b465c8515fe3cc795a61a6068c8865cc41a9f78dee4911bd4213d138,success,,512.0,512.0,512.0,False,,model_loaded,20.557610200019553,0.5088221490150318,0.78411035600584,1.2929325050208718,1.2929325050208718,1412,18040,289934,323165692,262144,"{""allowed_count"": 262120, ""expected_count"": 262120, ""missing_expected"": [], ""ok"": true, ""stop_token_ids"": [1, 50, 106], ""unexpected_allowed"": []}",3.4892108869971707,xgrammar,2.6553225250099786,2.0950460220337845,75,19,18,"[818, 33461, 4918, 236789, 236751, 69287, 4252, 1603, 506, 49320, 3727, 532, 1500, 1091, 1679, 506, 7363, 236761, 106]","[818, 33461, 4918, 236789, 236751, 69287, 4252, 1603, 506, 49320, 3727, 532, 1500, 1091, 1679, 506, 7363, 236761]",1,"[1, 106, 50]",106,1,True,False,"[1, 1, 1, 0, 1, 0, 1, 0, 1, 1, 1]",The renowned band's marching music made the teenagers walk and follow them down the street.,True,10230846976,10.83085458300775
071_common_gen_exactly_once_kna_t12_rep1,221,11,exactly_once,,12,2,65,26,1651,2069645348,common_gen,71,1,common_gen:validation:882,0,721e6f592c83bc71e46a4af163ca3c256a0b31c7fdd8a549937b32aed4603511,58551b53de3844b7dfc6a128ec3b4da1e1d19ee744b739814522192137af3a08,success,,512.0,512.0,512.0,False,,model_loaded,19.6521377209574,0.6324032549746335,0.8870244739810005,1.519427728955634,1.519427728955634,1540,21192,341845,402862172,262144,"{""allowed_count"": 262120, ""expected_count"": 262120, ""missing_expected"": [], ""ok"": true, ""stop_token_ids"": [1, 50, 106], ""unexpected_allowed"": []}",3.5364176370203495,xgrammar,2.7908332549850456,2.070210345031228,77,19,18,"[818, 75736, 47369, 28764, 532, 14479, 16737, 528, 506, 5693, 236764, 618, 506, 2509, 14479, 506, 28764, 236761, 106]","[818, 75736, 47369, 28764, 532, 14479, 16737, 528, 506, 5693, 236764, 618, 506, 2509, 14479, 506, 28764, 236761]",1,"[1, 106, 50]",106,1,True,False,"[0, 0, 0, 1, 0, 0, 2, 1, 1, 1, 0, 2]","The boxer wears gloves and boxes hits in the bag, as the service boxes the gloves.",True,10231207424,11.299474640982226
072_common_gen_exactly_once_kna_t13_rep1,222,12,exactly_once,,13,2,65,28,1778,453241435,common_gen,72,1,common_gen:validation:824,0,08e6737b9dd2e3e7ec68562ef5eb40d531bfcccd1048c42fe2375dfdcb9f7504,3248d79ffd60fca88735244f8acf751a8b1e9d943a08a97b4cfd7da0f52998c4,success,,512.0,512.0,512.0,False,,model_loaded,18.769427113002166,0.5241337759653106,1.0295193920028396,1.5536531679681502,1.5536531679681502,1668,24596,398006,494273383,262144,"{""allowed_count"": 262120, ""expected_count"": 262120, ""missing_expected"": [], ""ok"": true, ""stop_token_ids"": [1, 50, 106], ""unexpected_allowed"": []}",3.6822945830062963,xgrammar,2.594082747993525,2.8940609479905106,78,35,34,"[8409, 13723, 531, 4252, 580, 1041, 5154, 236764, 564, 19061, 506, 15576, 9204, 2644, 236764, 24285, 20160, 532, 37497, 506, 62527, 2644, 1695, 531, 1460, 1217, 1551, 16737, 564, 2506, 1135, 506, 2644, 236761, 106]","[8409, 13723, 531, 4252, 580, 1041, 5154, 236764, 564, 19061, 506, 15576, 9204, 2644, 236764, 24285, 20160, 532, 37497, 506, 62527, 2644, 1695, 531, 1460, 1217, 1551, 16737, 564, 2506, 1135, 506, 2644, 236761]",1,"[1, 106, 50]",106,1,True,False,"[0, 1, 0, 3, 1, 1, 1, 0, 1, 1, 1, 1, 1]","While listening to music on my phone, I watched the golf driving range, hitting balls and observing the batting range background to see how many hits I got off the range.",True,10231387648,12.104955165006686
073_common_gen_exactly_once_kna_t14_rep1,223,13,exactly_once,,14,2,65,30,1905,1581391601,common_gen,73,1,common_gen:validation:968,0,18a9c355566b18d7a0f1d735fded3e2d872b794ab2b278bc397d16b10d370626,8df1c06d1b192048a33b72ca2555371c80d8024db2a560cb011c46423faff145,success,,512.0,512.0,512.0,False,,model_loaded,18.286409686959814,0.538955744006671,1.1283287859987468,1.6672845300054178,1.6672845300054178,1796,28252,458417,598167421,262144,"{""allowed_count"": 262120, ""expected_count"": 262120, ""missing_expected"": [], ""ok"": true, ""stop_token_ids"": [1, 50, 106], ""unexpected_allowed"": []}",3.538980128010735,xgrammar,2.6018299719435163,2.6953051110031083,82,31,30,"[818, 4155, 70797, 607, 506, 8505, 580, 506, 2135, 1651, 506, 9998, 35607, 506, 21637, 2290, 699, 506, 15707, 532, 11979, 236764, 607, 506, 2434, 3121, 580, 506, 11979, 236761, 106]","[818, 4155, 70797, 607, 506, 8505, 580, 506, 2135, 1651, 506, 9998, 35607, 506, 21637, 2290, 699, 506, 15707, 532, 11979, 236764, 607, 506, 2434, 3121, 580, 506, 11979, 236761]",1,"[1, 106, 50]",106,1,True,False,"[1, 0, 1, 1, 0, 1, 1, 0, 1, 0, 1, 2, 1, 0]","The player interacts with the coach on the field while the audience watches the baseball game from the gallery and stands, with the team away on the stands.",True,10232109056,11.798782562022097
074_common_gen_exactly_once_kna_t15_rep1,224,14,exactly_once,,15,2,65,32,2032,106098731,common_gen,74,1,common_gen:validation:504,0,da27b324f736da4f2a5bd7debfa79989e71c0c2a08f9109db9284aa44a48fa11,5fae132f2fa499d657c34da7de383e1a20253dbf4e3b053d507cb0d927a2e76a,success,,512.0,512.0,512.0,False,,model_loaded,18.61198912700638,0.550343865994364,1.2583615679759532,1.8087054339703172,1.8087054339703172,1924,32160,523078,715312382,262144,"{""allowed_count"": 262120, ""expected_count"": 262120, ""missing_expected"": [], ""ok"": true, ""stop_token_ids"": [1, 50, 106], ""unexpected_allowed"": []}",3.693720346025657,xgrammar,2.608138571958989,2.386863633990288,83,25,24,"[818, 13181, 3953, 236789, 236751, 15668, 7087, 28236, 25516, 573, 4310, 2351, 506, 13343, 531, 2121, 28236, 6172, 7002, 837, 506, 40002, 3548, 236761, 106]","[818, 13181, 3953, 236789, 236751, 15668, 7087, 28236, 25516, 573, 4310, 2351, 506, 13343, 531, 2121, 28236, 6172, 7002, 837, 506, 40002, 3548, 236761]",1,"[1, 106, 50]",106,1,True,False,"[1, 0, 1, 1, 1, 1, 1, 1, 1, 1, 2, 1, 0, 1, 1]",The busy girl's routine requires jumping rope for minutes within the beam to perform jumping feet balance which the calf needs.,True,10232289280,11.80041763902409
075_common_gen_exactly_once_kna_t16_rep1,225,15,exactly_once,,16,2,65,34,2159,1437087856,common_gen,75,1,common_gen:validation:780,0,f9b01bb05d0c2b7d08a47f86bdf2846c3454d6244f464d3517d205d22e99654a,305f394770f21b042fef396bae2c3515aa8f9f64ed3536a622e31f705eccf378,success,,512.0,512.0,512.0,False,,model_loaded,18.646059946971945,0.6811045780195855,1.4009843719541095,2.082088949973695,2.082088949973695,2052,36320,591989,846476362,262144,"{""allowed_count"": 262120, ""expected_count"": 262120, ""missing_expected"": [], ""ok"": true, ""stop_token_ids"": [1, 50, 106], ""unexpected_allowed"": []}",3.3495539470459335,xgrammar,2.7287557600066066,2.4497464249725454,86,26,25,"[9366, 1921, 15066, 822, 4916, 607, 1813, 528, 506, 19326, 531, 2514, 822, 4916, 3980, 1308, 20361, 236764, 618, 672, 981, 7087, 15318, 1161, 236761, 106]","[9366, 1921, 15066, 822, 4916, 607, 1813, 528, 506, 19326, 531, 2514, 822, 4916, 3980, 1308, 20361, 236764, 618, 672, 981, 7087, 15318, 1161, 236761]",1,"[1, 106, 50]",106,1,True,False,"[0, 1, 0, 1, 1, 0, 1, 1, 0, 0, 0, 1, 0, 2, 1, 1]","Please must wash your hands with water in the sink to keep your hands clean after washing, as this work requires careful use.",True,10232832000,11.929210643982515
076_common_gen_exactly_once_kna_t17_rep1,226,16,exactly_once,,17,2,65,36,2286,104058370,common_gen,76,1,common_gen:validation:958,0,c3a05464c66b14d24cd9bc2065eb65f84b9a6692ee47ab3250d35c16bc2cf4f4,15926395dc23baf29e465e313b0b0a3d89fcc23281a64eba754800998be0a4fb,success,,512.0,512.0,512.0,False,,model_loaded,19.393578528019134,0.5800352630321868,1.5375244360184297,2.1175596990506165,2.1175596990506165,2180,40732,665150,992427457,262144,"{""allowed_count"": 262120, ""expected_count"": 262120, ""missing_expected"": [], ""ok"": true, ""stop_token_ids"": [1, 50, 106], ""unexpected_allowed"": []}",3.5422900870325975,xgrammar,2.7460406509926543,2.838542122975923,94,34,33,"[818, 15298, 236764, 9922, 496, 7441, 236764, 6418, 506, 880, 43118, 506, 6211, 6347, 3075, 2101, 506, 5464, 1298, 506, 14222, 78008, 506, 13290, 236764, 532, 506, 43118, 5464, 47369, 506, 8785, 236761, 106]","[818, 15298, 236764, 9922, 496, 7441, 236764, 6418, 506, 880, 43118, 506, 6211, 6347, 3075, 2101, 506, 5464, 1298, 506, 14222, 78008, 506, 13290, 236764, 532, 506, 43118, 5464, 47369, 506, 8785, 236761]",1,"[1, 106, 50]",106,1,True,False,"[1, 0, 1, 1, 1, 1, 2, 1, 1, 2, 1, 1, 1, 1, 1, 1, 1]","The worker, wearing a mask, showed the man welding the metal piece together around the machine where the torch melts the gear, and the welding machine wears the wear.",True,10234283520,12.595121690013912
077_common_gen_exactly_once_kna_t18_rep1,227,17,exactly_once,,18,2,65,38,2413,1692465237,common_gen,77,1,common_gen:validation:881,0,49d3f83058edf320d4425e8ca381013bfafbe3701946f166875f0aa971f11dbc,c2bd66529fcefb22b0accade583bb2dc9f686cd38974cd81be367eab9714c556,success,,512.0,512.0,512.0,False,,model_loaded,19.37496009399183,0.593425472965464,1.6951877659885213,2.2886132389539853,2.2886132389539853,2308,45396,742561,1153933763,262144,"{""allowed_count"": 262120, ""expected_count"": 262120, ""missing_expected"": [], ""ok"": true, ""stop_token_ids"": [1, 50, 106], ""unexpected_allowed"": []}",3.4671605830080807,xgrammar,2.7457609300035983,2.589224187016953,93,28,27,"[818, 3184, 3953, 236789, 236751, 6013, 12502, 236764, 532, 607, 1546, 6812, 3104, 236764, 1304, 9258, 506, 2260, 236764, 6013, 506, 7704, 3097, 1304, 815, 8585, 236761, 106]","[818, 3184, 3953, 236789, 236751, 6013, 12502, 236764, 532, 607, 1546, 6812, 3104, 236764, 1304, 9258, 506, 2260, 236764, 6013, 506, 7704, 3097, 1304, 815, 8585, 236761]",1,"[1, 106, 50]",106,1,True,False,"[0, 1, 1, 0, 0, 1, 0, 1, 1, 2, 1, 0, 1, 0, 0, 1, 1, 0]","The young girl's reading begins, and with each turned page, she holds the book, reading the pages until she has finished.",True,10234101248,12.479316856013611
078_common_gen_exactly_once_kna_t19_rep1,228,18,exactly_once,,19,2,65,40,2540,589495907,common_gen,78,1,common_gen:validation:545,0,93922e4b423f4e985ae003ee3eba1681a24b63fb85d9aa9e17a8831003a1ed7a,9c022be866e8779f4b171beb69bde91fcb0827b433514681500115cd603f4c1a,success,,512.0,512.0,512.0,False,,model_loaded,19.68845383799635,0.6717762149637565,1.8586155949742533,2.53039180993801,2.53039180993801,2436,50312,824222,1331763376,262144,"{""allowed_count"": 262120, ""expected_count"": 262120, ""missing_expected"": [], ""ok"": true, ""stop_token_ids"": [1, 50, 106], ""unexpected_allowed"": []}",3.5588481969898567,xgrammar,2.5770860069897026,2.645975685038138,98,30,29,"[818, 41639, 11149, 38709, 34354, 531, 2174, 910, 18683, 2433, 236764, 94210, 3324, 506, 28905, 3541, 506, 3155, 236764, 531, 2514, 29998, 506, 2479, 1298, 901, 1451, 1845, 236761, 106]","[818, 41639, 11149, 38709, 34354, 531, 2174, 910, 18683, 2433, 236764, 94210, 3324, 506, 28905, 3541, 506, 3155, 236764, 531, 2514, 29998, 506, 2479, 1298, 901, 1451, 1845, 236761]",1,"[1, 106, 50]",106,1,True,False,"[1, 0, 1, 0, 1, 1, 0, 1, 0, 0, 1, 1, 1, 1, 0, 1, 1, 1, 1]","The teenage horse rider wished to allow their riding area, fenced upon the woods near the house, to keep blocking the path where they could run.",True,10235011584,12.689764371025376
079_common_gen_odd_count_kna_t14_rep1,229,13,odd_count,,14,2,65,30,1905,1907035134,common_gen,79,1,common_gen:validation:798,0,36d2abe451fdcb99d1b9ee08de92f16c3739d441f999c87ae44a400df601e359,7b18735edc1cabe758c85b86db656c700c2fcdf9f3db452bbd905d0fa0effba1,success,,512.0,512.0,512.0,False,,model_loaded,18.223385868011974,0.5652930389624089,1.1476277750334702,1.7129208139958791,1.7129208139958791,1796,29120,472193,629931013,262144,"{""allowed_count"": 262120, ""expected_count"": 262120, ""missing_expected"": [], ""ok"": true, ""stop_token_ids"": [1, 50, 106], ""unexpected_allowed"": []}",3.507421478978358,xgrammar,2.637057296000421,2.22128719399916,81,21,20,"[818, 43430, 3721, 11747, 14061, 506, 4299, 5645, 506, 9565, 236789, 2657, 236764, 4030, 19034, 5645, 506, 26100, 1063, 236761, 106]","[818, 43430, 3721, 11747, 14061, 506, 4299, 5645, 506, 9565, 236789, 2657, 236764, 4030, 19034, 5645, 506, 26100, 1063, 236761]",1,"[1, 106, 50]",106,1,True,False,"[0, 0, 1, 0, 1, 1, 1, 1, 1, 1, 1, 0, 2, 1]","The teenager took turns shooting the ball towards the girls' net, taking shots towards the soccer back.",True,10231928832,11.442154367978219
080_common_gen_left_not_right_kna_t1_rep1,230,0,left_not_right,,1,2,65,5,313,29123731,common_gen,80,1,common_gen:validation:640,0,8cf27c7b037df3744a3bf54f1e1986d10e487850c652799a8ba4b9fd2cbadb20,de0e51892ddb0f536b0b06e062ccd8a9dc475e817c4dcc38e90928242b2d3fd0,success,,512.0,512.0,512.0,False,,model_loaded,19.233940533013083,0.46315499203046784,0.07419929601019248,0.5373542880406603,0.5373542880406603,193,499,8557,3263010,262144,"{""allowed_count"": 262119, ""expected_count"": 262119, ""missing_expected"": [], ""ok"": true, ""stop_token_ids"": [1, 50, 106], ""unexpected_allowed"": []}",3.57895901001757,xgrammar,2.6335059590055607,4.543495604011696,41,65,64,"[5778, 6345, 496, 6495, 236764, 29110, 20136, 12604, 23671, 506, 2255, 7116, 2633, 236761, 236743, 107, 38473, 2579, 236764, 564, 795, 2752, 4346, 20136, 236761, 236752, 822, 37559, 236761, 236743, 107, 669, 20136, 42698, 9009, 529, 506, 861, 1295, 691, 6842, 9614, 236761, 236743, 107, 4923, 56253, 18560, 10340, 496, 11497, 21592, 236761, 236743, 107, 2625, 1531, 506, 20136, 536, 2043, 589, 2342, 532, 1]","[5778, 6345, 496, 6495, 236764, 29110, 20136, 12604, 23671, 506, 2255, 7116, 2633, 236761, 236743, 107, 38473, 2579, 236764, 564, 795, 2752, 4346, 20136, 236761, 236752, 822, 37559, 236761, 236743, 107, 669, 20136, 42698, 9009, 529, 506, 861, 1295, 691, 6842, 9614, 236761, 236743, 107, 4923, 56253, 18560, 10340, 496, 11497, 21592, 236761, 236743, 107, 2625, 1531, 506, 20136, 536, 2043, 589, 2342, 532]",1,"[1, 106, 50]",1,1,True,True,[4],"She felt a slight, subtle sleaze coating the old wooden table. 
 Vereably, I will never quite sle.l your intentions. 
 The sleeker finish of the new car was immediately apparent. 
 His sleek movements suggested a hidden agenda. 
 She let the sleet patter against and",True,10227373056,12.632697730034124
081_common_gen_left_not_right_kna_t2_rep1,231,1,left_not_right,,2,2,65,9,501,971566100,common_gen,81,1,common_gen:validation:627,0,d78693a25357afc3800e006b9fb222757fd7e3f3f1cc023b08cb8a6e1412b21d,6ed1394c4805ba6e4d1a5694f3e5eeff6cade71a94d1c04fc030e6b315ec2be1,success,,512.0,512.0,512.0,False,,model_loaded,19.555458901042584,0.4493198390118778,0.14881930401315913,0.5981391430250369,0.5981391430250369,382,1370,22577,13724222,262144,"{""allowed_count"": 262119, ""expected_count"": 262119, ""missing_expected"": [], ""ok"": true, ""stop_token_ids"": [1, 50, 106], ""unexpected_allowed"": []}",3.49004528101068,xgrammar,2.802937042026315,4.724687431007624,44,65,64,"[818, 4799, 9312, 531, 4087, 108552, 1343, 506, 13030, 9917, 236761, 138096, 617, 236787, 236743, 236770, 236771, 236771, 236908, 14143, 236761, 107, 1211, 107, 818, 4799, 9312, 531, 4087, 108552, 1343, 506, 13030, 9917, 236761, 107, 1211, 107, 818, 4799, 9312, 531, 4087, 108552, 1343, 506, 13030, 9917, 236761, 107, 1211, 107, 818, 4799, 9312, 531, 4087, 108552, 1343, 506, 13030, 9917, 236761, 532, 106]","[818, 4799, 9312, 531, 4087, 108552, 1343, 506, 13030, 9917, 236761, 138096, 617, 236787, 236743, 236770, 236771, 236771, 236908, 14143, 236761, 107, 1211, 107, 818, 4799, 9312, 531, 4087, 108552, 1343, 506, 13030, 9917, 236761, 107, 1211, 107, 818, 4799, 9312, 531, 4087, 108552, 1343, 506, 13030, 9917, 236761, 107, 1211, 107, 818, 4799, 9312, 531, 4087, 108552, 1343, 506, 13030, 9917, 236761, 532]",1,"[1, 106, 50]",106,1,True,True,"[4, 4]","The dog loved to track scents through the tall grass. humaineist: 100% compliance.
்க
The dog loved to track scents through the tall grass.
்க
The dog loved to track scents through the tall grass.
்க
The dog loved to track scents through the tall grass. and",True,10227588096,13.00686524802586
082_common_gen_left_not_right_kna_t3_rep1,232,2,left_not_right,,3,2,65,12,689,646258239,common_gen,82,1,common_gen:validation:55,0,58788299ff0b9916bde963eee8650ccf1a6bd258873f2adc86003c6d6e7f8789,cd40a6e2e456da7c69c89febf322012532c8ae90ba07ec1ef4eb7efdc85fa127,success,,512.0,512.0,512.0,False,,model_loaded,16.812396795023233,0.5272489190101624,0.23255849396809936,0.7598074129782617,0.7598074129782617,571,2613,42877,33063282,262144,"{""allowed_count"": 262119, ""expected_count"": 262119, ""missing_expected"": [], ""ok"": true, ""stop_token_ids"": [1, 50, 106], ""unexpected_allowed"": []}",3.391385572962463,xgrammar,2.7155923710088246,1.9233748429687694,47,16,15,"[236777, 16393, 3418, 506, 9917, 236764, 532, 1041, 11795, 6074, 531, 8785, 855, 6077, 236761, 106]","[236777, 16393, 3418, 506, 9917, 236764, 532, 1041, 11795, 6074, 531, 8785, 855, 6077, 236761]",1,"[1, 106, 50]",106,1,True,False,"[0, 1, 1]","I walked across the grass, and my shoes began to wear out quickly.",True,10225850880,10.21610179299023
083_common_gen_left_not_right_kna_t4_rep1,233,3,left_not_right,,4,2,65,15,877,716425670,common_gen,83,1,common_gen:validation:829,0,fcfe5a330b27e6e8af19d4528a7a6bbb44e3aa3924c67ca53c55d94cabad5a2a,e461851645f67e101fc0fcd8b6397a5b845cd4f07f9264a02d2ef6806163925e,success,,512.0,512.0,512.0,False,,model_loaded,19.193556768004782,0.46508349699433893,0.32377064001047984,0.7888541370048188,0.7888541370048188,760,4228,69267,62958654,262144,"{""allowed_count"": 262119, ""expected_count"": 262119, ""missing_expected"": [], ""ok"": true, ""stop_token_ids"": [1, 50, 106], ""unexpected_allowed"": []}",3.428536823950708,xgrammar,2.9116057630162686,4.43230790697271,50,65,64,"[30092, 611, 5091, 1601, 786, 7671, 672, 7274, 6343, 1343, 506, 4762, 236881, 236743, 107, 34152, 1830, 563, 2307, 531, 16977, 1535, 6782, 2404, 236761, 236743, 107, 669, 861, 5368, 4610, 795, 8792, 4006, 3736, 236761, 236743, 107, 2625, 6544, 531, 3449, 1217, 531, 1441, 506, 15583, 236761, 236743, 107, 1191, 1202, 531, 3540, 506, 7715, 1680, 3043, 1027, 1626, 9886, 236761, 236743, 532, 106]","[30092, 611, 5091, 1601, 786, 7671, 672, 7274, 6343, 1343, 506, 4762, 236881, 236743, 107, 34152, 1830, 563, 2307, 531, 16977, 1535, 6782, 2404, 236761, 236743, 107, 669, 861, 5368, 4610, 795, 8792, 4006, 3736, 236761, 236743, 107, 2625, 6544, 531, 3449, 1217, 531, 1441, 506, 15583, 236761, 236743, 107, 1191, 1202, 531, 3540, 506, 7715, 1680, 3043, 1027, 1626, 9886, 236761, 236743, 532]",1,"[1, 106, 50]",106,1,True,True,"[1, 1, 1, 1]","Could you please help me push this heavy cart through the store? 
 Hydration is key to maintaining good overall health. 
 The new software update will significantly improve performance. 
 She decided to learn how to play the guitar. 
 We need to review the budget before making any final decisions.  and",True,10228018688,12.853750522015616
084_common_gen_left_not_right_kna_t5_rep1,234,4,left_not_right,,5,2,65,18,1065,866639243,common_gen,84,1,common_gen:validation:690,0,794fa5bb4f6670c34b9836fb9572c1dc51f1b8b517d2f61788ccb4dc899a3303,b1d09e05eacf6fdcbaa40edc3fabd6967db3fe65186f2c5a07591a6f8c4b1ee1,success,,512.0,512.0,512.0,False,,model_loaded,19.840916544024367,0.5214823230053298,0.43003617104841396,0.9515184940537438,0.9515184940537438,949,6215,101561,105088802,262144,"{""allowed_count"": 262119, ""expected_count"": 262119, ""missing_expected"": [], ""ok"": true, ""stop_token_ids"": [1, 50, 106], ""unexpected_allowed"": []}",3.2620155519689433,xgrammar,2.8672093819477595,1.98662865703227,54,17,16,"[1882, 1202, 531, 15676, 506, 1903, 529, 506, 39407, 1699, 506, 31840, 532, 1070, 92371, 236761, 106]","[1882, 1202, 531, 15676, 506, 1903, 529, 506, 39407, 1699, 506, 31840, 532, 1070, 92371, 236761]",1,"[1, 106, 50]",106,1,True,False,"[1, 1, 1, 1, 1]",We need to trim the top of the hedge using the ladder and some trimming.,True,10227091456,10.46068140200805
085_common_gen_left_not_right_kna_t6_rep1,235,5,left_not_right,,6,2,65,21,1253,279069166,common_gen,85,1,common_gen:validation:483,0,55b661b27c7980599637cfa04686377d11dbbdf1a28eea9f8c4ccb40f3d45915,05552cfa37035c22eed8b78e4fe75b4bb98b0e0b8b15b88beccdf3f18c7d63e7,success,,512.0,512.0,512.0,False,,model_loaded,21.879293521982618,0.4703123359940946,0.5313124079839326,1.0016247439780273,1.0016247439780273,1138,8574,139759,161132190,262144,"{""allowed_count"": 262119, ""expected_count"": 262119, ""missing_expected"": [], ""ok"": true, ""stop_token_ids"": [1, 50, 106], ""unexpected_allowed"": []}",3.4443954070447944,xgrammar,2.7080541769973934,4.515992462984286,59,65,64,"[818, 7436, 43430, 18178, 531, 15066, 914, 4916, 1208, 506, 87223, 1651, 22626, 236761, 236743, 107, 2717, 107, 2717, 107, 107, 643, 236779, 45518, 107, 818, 2430, 8150, 496, 3161, 236764, 2822, 236764, 3756, 236764, 532, 40137, 5422, 13315, 600, 48110, 784, 1239, 14485, 236787, 623, 60765, 827, 623, 4240, 827, 623, 236760, 50552, 827, 623, 63914, 827, 623, 12839, 2928, 827, 532, 623, 106]","[818, 7436, 43430, 18178, 531, 15066, 914, 4916, 1208, 506, 87223, 1651, 22626, 236761, 236743, 107, 2717, 107, 2717, 107, 107, 643, 236779, 45518, 107, 818, 2430, 8150, 496, 3161, 236764, 2822, 236764, 3756, 236764, 532, 40137, 5422, 13315, 600, 48110, 784, 1239, 14485, 236787, 623, 60765, 827, 623, 4240, 827, 623, 236760, 50552, 827, 623, 63914, 827, 623, 12839, 2928, 827, 532, 623]",1,"[1, 106, 50]",106,1,True,True,"[1, 0, 1, 1, 1, 1]","The ideal teenager loves to wash his hands under the faucet while singing. 
```
```

end_thought
The user wants a single, short, natural, and coherent English sentence that incorporates all these concepts: ""wash"", ""hand"", ""faucet"", ""ideal"", ""teenager"", and """,True,10228663808,13.031539005984087
086_common_gen_left_not_right_kna_t7_rep1,236,6,left_not_right,,7,2,65,24,1441,268707133,common_gen,86,1,common_gen:validation:532,0,019dedf4934c6f08191fd7351d33f30f5665feff8f63ffa5dc9f40efaa883a88,09fffa173de47424af42895000dca6d90f54e10738cd92e70103999e10339bec,success,,512.0,512.0,512.0,False,,model_loaded,20.95264243200654,0.5457448990200646,0.6698005800135434,1.215545479033608,1.215545479033608,1327,11305,183861,232767282,262144,"{""allowed_count"": 262119, ""expected_count"": 262119, ""missing_expected"": [], ""ok"": true, ""stop_token_ids"": [1, 50, 106], ""unexpected_allowed"": []}",3.373144126031548,xgrammar,2.722677257959731,4.486211249022745,59,65,64,"[818, 880, 2838, 657, 506, 2633, 6013, 506, 16985, 236761, 236743, 107, 2717, 107, 2717, 107, 1018, 135778, 53121, 669, 4068, 13315, 563, 8427, 38875, 607, 506, 51881, 529, 623, 37974, 236775, 532, 623, 165797, 1781, 562, 919, 3756, 532, 40137, 3161, 13315, 1699, 784, 4820, 563, 61250, 236787, 108, 818, 880, 691, 8116, 657, 506, 2633, 6013, 506, 6376, 528, 506, 157904, 236761, 106]","[818, 880, 2838, 657, 506, 2633, 6013, 506, 16985, 236761, 236743, 107, 2717, 107, 2717, 107, 1018, 135778, 53121, 669, 4068, 13315, 563, 8427, 38875, 607, 506, 51881, 529, 623, 37974, 236775, 532, 623, 165797, 1781, 562, 919, 3756, 532, 40137, 3161, 13315, 1699, 784, 4820, 563, 61250, 236787, 108, 818, 880, 691, 8116, 657, 506, 2633, 6013, 506, 6376, 528, 506, 157904, 236761]",1,"[1, 106, 50]",106,1,True,True,"[1, 2, 0, 0, 2, 1, 2]","The man sat at the table reading the newspaper. 
```
```
**Correction:** The initial sentence is slightly awkward with the repetition of ""reading"" and ""sitting."" A more natural and coherent single sentence using all elements is preferable:

The man was sitting at the table reading the daily in thenewspaper.",True,10228663808,13.169460773002356
087_common_gen_left_not_right_kna_t8_rep1,237,7,left_not_right,,8,2,65,27,1629,1209309093,common_gen,87,1,common_gen:validation:92,0,fa811da0ea5fee9db40e6976556bd53a93a5034008d7b221f167cbfaabbb28e6,0e48cb6d5959e8bc8d0b50bc725a69f5a5c7afe385e5bcc40afb0d473fa4c3cd,success,,512.0,512.0,512.0,False,,model_loaded,17.592692097998224,0.5135251990286633,0.7839127160259522,1.2974379150546156,1.2974379150546156,1516,14408,233867,321672542,262144,"{""allowed_count"": 262119, ""expected_count"": 262119, ""missing_expected"": [], ""ok"": true, ""stop_token_ids"": [1, 50, 106], ""unexpected_allowed"": []}",3.405260058993008,xgrammar,2.608035931014456,2.1047123939497396,63,18,17,"[818, 15924, 3939, 531, 1601, 15066, 506, 19292, 236764, 532, 1116, 9795, 8907, 3980, 506, 19292, 236761, 106]","[818, 15924, 3939, 531, 1601, 15066, 506, 19292, 236764, 532, 1116, 9795, 8907, 3980, 506, 19292, 236761]",1,"[1, 106, 50]",106,1,True,False,"[1, 0, 1, 1, 2, 0, 1, 1]","The lady went to help wash the dishes, and her helping helped clean the dishes.",True,10228695040,10.709495831979439
088_common_gen_left_not_right_kna_t9_rep1,238,8,left_not_right,,9,2,65,30,1817,392196689,common_gen,88,1,common_gen:validation:712,0,c84474008e98f93e36233ff683ff27a461b0017a4180430a072cf100ffb1fb73,ab0bb487806aa6d98de8974b7d9b0b2043daf11c7fc715b0fd8d2eeaf73b1a47,success,,512.0,512.0,512.0,False,,model_loaded,18.198373038030695,0.523234180000145,0.9282720590126701,1.451506239012815,1.451506239012815,1705,17883,291452,429526434,262144,"{""allowed_count"": 262119, ""expected_count"": 262119, ""missing_expected"": [], ""ok"": true, ""stop_token_ids"": [1, 50, 106], ""unexpected_allowed"": []}",3.4199807579861954,xgrammar,2.5940835300134495,2.4713668400072493,68,26,25,"[818, 15678, 236789, 236751, 98291, 1603, 506, 2434, 6093, 573, 506, 5671, 236764, 532, 506, 14900, 1534, 506, 7974, 1603, 506, 3697, 3210, 12615, 236761, 106]","[818, 15678, 236789, 236751, 98291, 1603, 506, 2434, 6093, 573, 506, 5671, 236764, 532, 506, 14900, 1534, 506, 7974, 1603, 506, 3697, 3210, 12615, 236761]",1,"[1, 106, 50]",106,1,True,False,"[0, 1, 1, 1, 1, 1, 1, 1, 0]","The crowd's cheers made the team fight for the goal, and the scores between the teams made the whole thing exciting.",True,10229591040,11.31225470395293
089_common_gen_left_not_right_kna_t10_rep1,239,9,left_not_right,,10,2,65,33,2005,462965526,common_gen,89,1,common_gen:validation:503,0,9e2b9379530fc008fd6b6155d888dd6852067cca1b5157f78f1389a938c836fa,94053fee403e40f1df4957c4b47a8b07ab8a98cdc877515dec12b79a2c970c4d,success,,512.0,512.0,512.0,False,,model_loaded,20.04277258098591,0.5208465129835531,1.0735429460182786,1.5943894590018317,1.5943894590018317,1894,21730,354703,558007422,262144,"{""allowed_count"": 262119, ""expected_count"": 262119, ""missing_expected"": [], ""ok"": true, ""stop_token_ids"": [1, 50, 106], ""unexpected_allowed"": []}",3.472457072988618,xgrammar,2.5673547069891356,4.510130714974366,71,65,64,"[818, 5431, 15298, 35495, 38516, 506, 43556, 9726, 12625, 531, 7080, 506, 51367, 236761, 171612, 2092, 3907, 522, 236761, 826, 236761, 107, 20470, 236764, 564, 1202, 531, 577, 15318, 1003, 600, 236761, 3792, 236789, 236751, 2056, 1570, 236761, 108, 818, 5431, 15298, 35495, 38516, 506, 43556, 9726, 12625, 236764, 58863, 506, 51367, 236761, 107, 20470, 236764, 564, 15315, 1070, 4171, 236761, 3792, 236789, 532, 106]","[818, 5431, 15298, 35495, 38516, 506, 43556, 9726, 12625, 531, 7080, 506, 51367, 236761, 171612, 2092, 3907, 522, 236761, 826, 236761, 107, 20470, 236764, 564, 1202, 531, 577, 15318, 1003, 600, 236761, 3792, 236789, 236751, 2056, 1570, 236761, 108, 818, 5431, 15298, 35495, 38516, 506, 43556, 9726, 12625, 236764, 58863, 506, 51367, 236761, 107, 20470, 236764, 564, 15315, 1070, 4171, 236761, 3792, 236789, 532]",1,"[1, 106, 50]",106,1,True,True,"[1, 2, 0, 2, 0, 1, 2, 2, 2, 2]","The construction worker smoothly poured the freshly mixed concrete to smooth the sidewalk.castellanjsnesing.au.
Wait, I need to be careful about that. Let's try again.

The construction worker smoothly poured the freshly mixed concrete, smoothing the sidewalk.
Wait, I missed some words. Let' and",True,10230129152,13.476660451036878
090_common_gen_left_not_right_kna_t11_rep1,240,10,left_not_right,,11,2,65,36,2193,706675733,common_gen,90,1,common_gen:validation:990,0,93f65b25ce512a7974b63a08475805b115b8d3f67644ff15be309f51dbacf5cd,99e586bf617f055c618e008866aab5fb0756c2a70124e5f3fd387ba3f66e9148,success,,512.0,512.0,512.0,False,,model_loaded,18.359003164048772,0.5709821800119244,1.2635211439919658,1.8345033240038902,1.8345033240038902,2083,25949,424718,708793970,262144,"{""allowed_count"": 262119, ""expected_count"": 262119, ""missing_expected"": [], ""ok"": true, ""stop_token_ids"": [1, 50, 106], ""unexpected_allowed"": []}",3.3877713609836064,xgrammar,2.7046678430051543,2.271351414034143,74,23,22,"[2205, 506, 9565, 3654, 910, 15668, 236764, 506, 22974, 3736, 13842, 63375, 158083, 532, 34296, 236764, 58442, 910, 7646, 22974, 34296, 236761, 106]","[2205, 506, 9565, 3654, 910, 15668, 236764, 506, 22974, 3736, 13842, 63375, 158083, 532, 34296, 236764, 58442, 910, 7646, 22974, 34296, 236761]",1,"[1, 106, 50]",106,1,True,False,"[0, 1, 0, 0, 0, 2, 1, 2, 0, 0, 1]","As the girls begin their routine, the dancing performance involves thrilling stunts and tricks, showcasing their amazing dancing tricks.",True,10230667776,11.559417973970994
091_common_gen_left_not_right_kna_t12_rep1,241,11,left_not_right,,12,2,65,39,2381,61336099,common_gen,91,1,common_gen:validation:439,0,791fd4d3a419eb24b81888fb5e521aeaf64bd6e608ad5745a9288543d6ca1669,2afcce0831bcb8dbf797e98a0099619f9946ca5ef73c273f2229bf28a83d8d93,success,,512.0,512.0,512.0,False,,model_loaded,18.306687572970986,0.5892130690044723,1.4314560500206426,2.020669119025115,2.020669119025115,2272,30540,501009,883564542,262144,"{""allowed_count"": 262119, ""expected_count"": 262119, ""missing_expected"": [], ""ok"": true, ""stop_token_ids"": [1, 50, 106], ""unexpected_allowed"": []}",3.354845841997303,xgrammar,2.6755366370198317,2.2625381289981306,76,22,21,"[818, 1589, 8101, 13030, 236764, 6931, 580, 506, 5154, 236764, 15032, 3541, 506, 13030, 5028, 532, 16592, 1003, 506, 8101, 236761, 106]","[818, 1589, 8101, 13030, 236764, 6931, 580, 506, 5154, 236764, 15032, 3541, 506, 13030, 5028, 532, 16592, 1003, 506, 8101, 236761]",1,"[1, 106, 50]",106,1,True,False,"[0, 0, 1, 0, 1, 1, 1, 1, 0, 2, 1, 2]","The person standing tall, talking on the phone, stood near the tall tree and talks about the standing.",True,10231027200,11.62091296503786
092_common_gen_left_not_right_kna_t13_rep1,242,12,left_not_right,,13,2,65,42,2569,19469142,common_gen,92,1,common_gen:validation:654,0,2627dc43787da328320e33614ad7fba186d0c148bcc067f8e5ae726fb842db08,1a84e2b40c1aaee9aa45149621fed5fd448dc816931134030f5b6329a674224d,success,,512.0,512.0,512.0,False,,model_loaded,20.030274132965133,0.5782602420076728,1.6695061920327134,2.2477664340403862,2.2477664340403862,2461,35503,583576,1083997602,262144,"{""allowed_count"": 262119, ""expected_count"": 262119, ""missing_expected"": [], ""ok"": true, ""stop_token_ids"": [1, 50, 106], ""unexpected_allowed"": []}",3.447388559987303,xgrammar,2.6523421650053933,3.628487457986921,78,50,49,"[818, 22637, 3875, 1456, 496, 21171, 531, 107478, 506, 35338, 1903, 236764, 3043, 4148, 19945, 618, 1331, 19061, 506, 18828, 1657, 236761, 236743, 107, 17576, 25864, 236772, 154858, 236787, 669, 3938, 563, 886, 13315, 236764, 532, 625, 5132, 784, 3149, 14485, 528, 496, 3756, 236764, 40137, 1595, 2907, 236842, 106]","[818, 22637, 3875, 1456, 496, 21171, 531, 107478, 506, 35338, 1903, 236764, 3043, 4148, 19945, 618, 1331, 19061, 506, 18828, 1657, 236761, 236743, 107, 17576, 25864, 236772, 154858, 236787, 669, 3938, 563, 886, 13315, 236764, 532, 625, 5132, 784, 3149, 14485, 528, 496, 3756, 236764, 40137, 1595, 2907, 236842]",1,"[1, 106, 50]",106,1,True,False,"[0, 1, 1, 1, 1, 1, 1, 1, 0, 1, 0, 1, 1]","The chef woman used a knife to carve the pumpkin top, making beautiful cuts as people watched the removing process. 
[(Self-correction: The output is one sentence, and it includes all required concepts in a natural, coherent way.)]",True,10231387648,13.28429999697255
093_common_gen_left_not_right_kna_t14_rep1,243,13,left_not_right,,14,2,65,45,2757,777169582,common_gen,93,1,common_gen:validation:637,0,aac5587c7ce720cb51281c450f97982ccd0196ebf0adc2e017acfda938d0850e,f4426b7f380f5ec859aa4aaa6d0f5dae4bef276dfae4cba31a396df46951b128,success,,512.0,512.0,512.0,False,,model_loaded,21.621330910013057,0.6209353939630091,1.8470923450076953,2.4680277389707044,2.4680277389707044,2650,40838,672419,1311771614,262144,"{""allowed_count"": 262119, ""expected_count"": 262119, ""missing_expected"": [], ""ok"": true, ""stop_token_ids"": [1, 50, 106], ""unexpected_allowed"": []}",3.830897242005449,xgrammar,2.75855596200563,4.44578096200712,82,65,64,"[236780, 1474, 16965, 236764, 33069, 784, 506, 22642, 27311, 3324, 506, 2633, 236764, 506, 12198, 15026, 506, 2420, 1679, 236764, 3978, 5508, 531, 16760, 580, 506, 14897, 236761, 89663, 167914, 236761, 14050, 236761, 107, 18892, 236761, 107, 36898, 236761, 107, 19859, 236761, 107, 25834, 236761, 107, 108405, 236761, 107, 213434, 236761, 107, 159769, 236761, 107, 209902, 37979, 236761, 107, 55952, 236761, 107, 138711, 532, 106]","[236780, 1474, 16965, 236764, 33069, 784, 506, 22642, 27311, 3324, 506, 2633, 236764, 506, 12198, 15026, 506, 2420, 1679, 236764, 3978, 5508, 531, 16760, 580, 506, 14897, 236761, 89663, 167914, 236761, 14050, 236761, 107, 18892, 236761, 107, 36898, 236761, 107, 19859, 236761, 107, 25834, 236761, 107, 108405, 236761, 107, 213434, 236761, 107, 159769, 236761, 107, 209902, 37979, 236761, 107, 55952, 236761, 107, 138711, 532]",1,"[1, 106, 50]",106,1,True,True,"[1, 1, 0, 1, 0, 1, 1, 1, 1, 1, 1, 1, 1, 1]","Cautiously, laying all the wax candle upon the table, the sister laid the leg down, getting ready to knock on the legs. পরিস্থিতির sytuacji. topics.
resources.
examples.
language.
writing.
exercises.
grammar.
vocabulary.
comprehension.
speaking.
listening and",True,10232109056,14.841077960969415
094_common_gen_left_not_right_kna_t15_rep1,244,14,left_not_right,,15,2,65,48,2945,1050385076,common_gen,94,1,common_gen:validation:601,0,20c97daebb839f1cf49d67eb25dd3d37a88a108155fc94e5fbde2ae2952919a5,6424cbe0f3f1dc4d8aaeff4e8220291496014deeae2ca9a1031647ffe45c20c7,success,,512.0,512.0,512.0,False,,model_loaded,19.788452261011116,0.6354031970258802,2.0490511110401712,2.6844543080660515,2.6844543080660515,2839,46545,767538,1568565042,262144,"{""allowed_count"": 262119, ""expected_count"": 262119, ""missing_expected"": [], ""ok"": true, ""stop_token_ids"": [1, 50, 106], ""unexpected_allowed"": []}",3.562935203954112,xgrammar,2.590529343986418,2.764381223998498,84,33,32,"[146846, 506, 9624, 2290, 236764, 506, 4155, 3305, 1003, 506, 2434, 236789, 236751, 6584, 531, 3345, 2342, 506, 17129, 618, 990, 11536, 855, 236764, 532, 506, 15678, 120899, 573, 506, 5484, 236761, 106]","[146846, 506, 9624, 2290, 236764, 506, 4155, 3305, 1003, 506, 2434, 236789, 236751, 6584, 531, 3345, 2342, 506, 17129, 618, 990, 11536, 855, 236764, 532, 506, 15678, 120899, 573, 506, 5484, 236761]",1,"[1, 106, 50]",106,1,True,False,"[1, 1, 1, 0, 1, 1, 0, 1, 0, 0, 1, 1, 1, 1, 1]","Watching the football game, the player thought about the team's chance to win against the opposition as time ran out, and the crowd cheered for the players.",True,10232470016,12.916816318989731
095_common_gen_left_not_right_kna_t16_rep1,245,15,left_not_right,,16,2,65,51,3133,1914667170,common_gen,95,1,common_gen:validation:667,0,1547eeee241f238a9205c462090acfd4ef782d6e83a00a82fc282fd6b30c3b89,6c5f77a1868c9c5eb5d929bf72db18a931b3f8dad9f2dbf64a53bc6c50982493,success,,512.0,512.0,512.0,False,,model_loaded,21.88607911602594,0.6288430740241893,2.318442263000179,2.9472853370243683,2.9472853370243683,3028,52624,868933,1856056350,262144,"{""allowed_count"": 262119, ""expected_count"": 262119, ""missing_expected"": [], ""ok"": true, ""stop_token_ids"": [1, 50, 106], ""unexpected_allowed"": []}",3.4855701539781876,xgrammar,2.606200987996999,4.3220260629896075,89,62,61,"[1882, 12535, 11704, 990, 3075, 1913, 2523, 12441, 18917, 236764, 8116, 657, 506, 2633, 573, 1551, 2782, 1651, 16270, 236761, 236743, 107, 236769, 25864, 236772, 154858, 236786, 7166, 29357, 573, 2480, 2727, 532, 63232, 531, 506, 11172, 236789, 236751, 14485, 1473, 108, 1882, 12535, 8116, 657, 506, 2633, 1913, 2523, 12441, 18917, 236764, 11704, 990, 3075, 532, 18206, 1551, 20503, 236761, 106]","[1882, 12535, 11704, 990, 3075, 1913, 2523, 12441, 18917, 236764, 8116, 657, 506, 2633, 573, 1551, 2782, 1651, 16270, 236761, 236743, 107, 236769, 25864, 236772, 154858, 236786, 7166, 29357, 573, 2480, 2727, 532, 63232, 531, 506, 11172, 236789, 236751, 14485, 1473, 108, 1882, 12535, 8116, 657, 506, 2633, 1913, 2523, 12441, 18917, 236764, 11704, 990, 3075, 532, 18206, 1551, 20503, 236761]",1,"[1, 106, 50]",106,1,True,False,"[2, 0, 2, 0, 2, 1, 1, 2, 2, 0, 0, 0, 0, 2, 2, 2]","We enjoyed spending time together during family dinner meals, sitting at the table for many times while visiting. 
(Self-correction/Refinement for better flow and adherence to the prompt's concepts):

We enjoyed sitting at the table during family dinner meals, spending time together and enjoying many visits.",True,10233375232,14.740780627995264
096_common_gen_sets_differ_kna_t1_rep1,246,0,sets_differ,,1,2,65,7,439,1573874806,common_gen,96,1,common_gen:validation:370,0,207d665224a5e4698c4860a169dbc2125a06dbc2a519683e0a8b72df894036cc,0b4a095827d8d951a119d8667c6cd606812c956757bd7ff6b4b1b880a49c8e25,success,,512.0,512.0,512.0,False,,model_loaded,19.293662342010066,0.46124076104024425,0.1421698709600605,0.6034106320003048,0.6034106320003048,319,998,16475,9368198,262144,"{""allowed_count"": 262120, ""expected_count"": 262120, ""missing_expected"": [], ""ok"": true, ""stop_token_ids"": [1, 50, 106], ""unexpected_allowed"": []}",3.4815280900220387,xgrammar,2.6638408069848083,4.451551458041649,41,65,64,"[5778, 1456, 1116, 3188, 3774, 531, 12693, 506, 7274, 3673, 236761, 103453, 171542, 531, 577, 2889, 236761, 103453, 240782, 239794, 240782, 239794, 240782, 240782, 240782, 240782, 240782, 240782, 240782, 240782, 240782, 240782, 240782, 240782, 240782, 240782, 240782, 240782, 240782, 240782, 240782, 240782, 240782, 240782, 240782, 240782, 240782, 240782, 240782, 240782, 240782, 240782, 240782, 240782, 240782, 240782, 240782, 240782, 240782, 240782, 240782, 240782, 240782, 532, 106]","[5778, 1456, 1116, 3188, 3774, 531, 12693, 506, 7274, 3673, 236761, 103453, 171542, 531, 577, 2889, 236761, 103453, 240782, 239794, 240782, 239794, 240782, 240782, 240782, 240782, 240782, 240782, 240782, 240782, 240782, 240782, 240782, 240782, 240782, 240782, 240782, 240782, 240782, 240782, 240782, 240782, 240782, 240782, 240782, 240782, 240782, 240782, 240782, 240782, 240782, 240782, 240782, 240782, 240782, 240782, 240782, 240782, 240782, 240782, 240782, 240782, 240782, 532]",1,"[1, 106, 50]",106,1,True,True,[1],She used her strong arm to lift the heavy box. 😊এরপর to be sure. 😊😊✨😊✨😊😊😊😊😊😊😊😊😊😊😊😊😊😊😊😊😊😊😊😊😊😊😊😊😊😊😊😊😊😊😊😊😊😊😊😊😊😊😊😊😊 and,True,10227373056,12.507138298009522
097_common_gen_sets_differ_kna_t2_rep1,247,1,sets_differ,,2,2,65,12,690,1624475109,common_gen,97,1,common_gen:validation:778,0,6e3b91491f335ac796438c8b0b724c9e7b88de2ff19ef37584a7a670df526834,35ec5c5ce15501c0a858264ec6c332ef1db82608459197ebb4f873f30f0d0b44,success,,512.0,512.0,512.0,False,,model_loaded,20.388737505010795,0.4846289739944041,0.2307424630271271,0.7153714370215312,0.7153714370215312,571,2305,38161,32621615,262144,"{""allowed_count"": 262120, ""expected_count"": 262120, ""missing_expected"": [], ""ok"": true, ""stop_token_ids"": [1, 50, 106], ""unexpected_allowed"": []}",3.7146626639878377,xgrammar,2.8130467740120366,1.76115708402358,44,13,12,"[236777, 795, 3727, 13198, 532, 2768, 506, 36187, 2342, 506, 6927, 236761, 106]","[236777, 795, 3727, 13198, 532, 2768, 506, 36187, 2342, 506, 6927, 236761]",1,"[1, 106, 50]",106,1,True,False,"[1, 1]",I will walk slowly and hold the umbrella against the rain.,True,10225319936,10.34262560098432
098_common_gen_sets_differ_kna_t3_rep1,248,2,sets_differ,,3,2,65,16,941,420724794,common_gen,98,1,common_gen:validation:761,0,24370b790132cceeaf106c52568c4dbedf70434d3e1d0b79b11198a251aecf0b,4b4ec75f77df625344d91e3602fd7fc82aaec7e89b92050899afe1c3ae516d63,success,,512.0,512.0,512.0,False,,model_loaded,21.329119467991404,0.47176148201106116,0.34736384300049394,0.8191253250115551,0.8191253250115551,823,4108,68093,73120391,262144,"{""allowed_count"": 262120, ""expected_count"": 262120, ""missing_expected"": [], ""ok"": true, ""stop_token_ids"": [1, 50, 106], ""unexpected_allowed"": []}",3.723356117028743,xgrammar,2.783038616995327,4.390485116979107,48,65,64,"[818, 51967, 28120, 506, 7241, 496, 168228, 236761, 236743, 107, 2717, 3723, 107, 236840, 107, 138, 236775, 818, 51967, 28120, 506, 7241, 496, 168228, 1781, 107, 236842, 107, 2717, 107, 20470, 236764, 564, 1202, 531, 1386, 2889, 564, 1161, 808, 712, 236829, 506, 14485, 236761, 562, 2480, 5086, 2473, 577, 236787, 108, 818, 51967, 795, 6184, 506, 7241, 496, 3909, 7241, 236761, 107, 532, 106]","[818, 51967, 28120, 506, 7241, 496, 168228, 236761, 236743, 107, 2717, 3723, 107, 236840, 107, 138, 236775, 818, 51967, 28120, 506, 7241, 496, 168228, 1781, 107, 236842, 107, 2717, 107, 20470, 236764, 564, 1202, 531, 1386, 2889, 564, 1161, 808, 712, 236829, 506, 14485, 236761, 562, 2480, 5086, 2473, 577, 236787, 108, 818, 51967, 795, 6184, 506, 7241, 496, 3909, 7241, 236761, 107, 532]",1,"[1, 106, 50]",106,1,True,True,"[4, 1, 3]","The pitcher threw the batter a fastball. 
```json
[
  ""The pitcher threw the batter a fastball.""
]
```
Wait, I need to make sure I use *all* the concepts. A better option might be:

The pitcher will throw the batter a difficult batter.
 and",True,10227874816,13.05944007402286
099_common_gen_sets_differ_kna_t4_rep1,249,3,sets_differ,,4,2,65,20,1192,36424983,common_gen,99,1,common_gen:validation:260,0,35b203cbc729566512f9b7b547aacfe5d9b835993bf1be2c9f56852e2f1efd70,12fd58c2960dfe1143afdd54a238f20b1d48df070628390895e797050a8046e7,success,,512.0,512.0,512.0,False,,model_loaded,20.14137612102786,0.4988589909626171,0.4859059269656427,0.9847649179282598,0.9847649179282598,1075,6407,105897,133852430,262144,"{""allowed_count"": 262120, ""expected_count"": 262120, ""missing_expected"": [], ""ok"": true, ""stop_token_ids"": [1, 50, 106], ""unexpected_allowed"": []}",3.574265715025831,xgrammar,2.812313250033185,4.507318474003114,52,65,64,"[818, 110859, 1456, 506, 38742, 531, 2418, 506, 4148, 5410, 236761, 24867, 236761, 236788, 236761, 2700, 236761, 508, 236761, 236745, 236761, 236744, 236761, 236753, 236761, 236756, 236761, 236755, 236761, 236745, 236761, 236747, 236761, 236748, 236761, 236749, 236761, 236751, 236761, 236748, 236761, 236749, 236761, 236759, 236761, 236751, 236761, 236745, 236761, 236748, 236761, 236754, 236761, 236744, 236761, 236757, 236761, 236747, 236761, 236755, 236761, 236750, 236761, 532, 106]","[818, 110859, 1456, 506, 38742, 531, 2418, 506, 4148, 5410, 236761, 24867, 236761, 236788, 236761, 2700, 236761, 508, 236761, 236745, 236761, 236744, 236761, 236753, 236761, 236756, 236761, 236755, 236761, 236745, 236761, 236747, 236761, 236748, 236761, 236749, 236761, 236751, 236761, 236748, 236761, 236749, 236761, 236759, 236761, 236751, 236761, 236745, 236761, 236748, 236761, 236754, 236761, 236744, 236761, 236757, 236761, 236747, 236761, 236755, 236761, 236750, 236761, 532]",1,"[1, 106, 50]",106,1,True,True,"[1, 1, 1, 1]",The vocalist used the microphone to sing the beautiful song. కా.E.cle.an.t.e.d.u.c.t.i.o.n.s.o.n.g.s.t.o.h.e.m.i.c.r. and,True,10228162048,13.329478922009002
100_common_gen_sets_differ_kna_t5_rep1,250,4,sets_differ,,5,2,65,24,1443,127974346,common_gen,100,1,common_gen:validation:441,0,909dfe415336484c1a901fef44942f7b1e997b6178556b0fc7af9be1e9b82a7f,2cb7fa083ec4108a654c6b503d8b866b7198f8a4bcb1ad80542a09bd801dc327,success,,512.0,512.0,512.0,False,,model_loaded,19.492716242966708,0.5047307750210166,0.6277666739770211,1.1324974489980377,1.1324974489980377,1327,9202,151573,217805636,262144,"{""allowed_count"": 262120, ""expected_count"": 262120, ""missing_expected"": [], ""ok"": true, ""stop_token_ids"": [1, 50, 106], ""unexpected_allowed"": []}",3.423545875994023,xgrammar,2.758009948011022,4.404157345008571,53,65,64,"[818, 8001, 691, 1771, 531, 506, 9911, 529, 506, 5028, 1298, 625, 15032, 236761, 171439, 236787, 669, 8001, 691, 1771, 531, 506, 9911, 529, 506, 5028, 1298, 625, 15032, 236761, 107, 236743, 107, 138, 107, 236743, 107, 236743, 107, 236743, 107, 236743, 107, 236743, 107, 236743, 107, 236743, 107, 236743, 107, 236743, 107, 236743, 107, 236743, 107, 236743, 107, 236743, 107, 236743, 107, 532, 106]","[818, 8001, 691, 1771, 531, 506, 9911, 529, 506, 5028, 1298, 625, 15032, 236761, 171439, 236787, 669, 8001, 691, 1771, 531, 506, 9911, 529, 506, 5028, 1298, 625, 15032, 236761, 107, 236743, 107, 138, 107, 236743, 107, 236743, 107, 236743, 107, 236743, 107, 236743, 107, 236743, 107, 236743, 107, 236743, 107, 236743, 107, 236743, 107, 236743, 107, 236743, 107, 236743, 107, 236743, 107, 532]",1,"[1, 106, 50]",106,1,True,True,"[2, 0, 2, 2, 2]","The bird was going to the branch of the tree where it stood.Requirement: The bird was going to the branch of the tree where it stood.
 
  
 
 
 
 
 
 
 
 
 
 
 
 
 
 
 and",True,10228233728,13.021126368956175
101_common_gen_sets_differ_kna_t6_rep1,251,5,sets_differ,,6,2,65,28,1694,2015136905,common_gen,101,1,common_gen:validation:232,0,76f512bfe4850c3609cd41eae96908872dddca83fabf16c4ad0729a2925e0ccc,6a002328fc492d586abf3b0832e9d85f53f9fb5c54a865962c4021d2698a0a9f,success,,512.0,512.0,512.0,False,,model_loaded,19.841269314987585,0.510568612953648,0.7866457540076226,1.2972143669612706,1.2972143669612706,1579,12493,205121,327967913,262144,"{""allowed_count"": 262120, ""expected_count"": 262120, ""missing_expected"": [], ""ok"": true, ""stop_token_ids"": [1, 50, 106], ""unexpected_allowed"": []}",3.425730502989609,xgrammar,2.6423193049849942,4.405188573000487,56,65,64,"[818, 15346, 4374, 795, 1161, 506, 5464, 573, 496, 14134, 26149, 236761, 107, 37136, 2344, 1082, 236743, 236770, 236771, 236771, 236771, 4171, 236761, 107, 236777, 19061, 496, 32165, 1003, 5268, 236772, 15457, 22824, 236761, 107, 818, 5395, 17753, 607, 496, 4893, 580, 506, 861, 2203, 34315, 236761, 107, 5778, 6544, 531, 1161, 1116, 17640, 990, 531, 4301, 19989, 236761, 107, 34715, 7351, 4006, 532, 106]","[818, 15346, 4374, 795, 1161, 506, 5464, 573, 496, 14134, 26149, 236761, 107, 37136, 2344, 1082, 236743, 236770, 236771, 236771, 236771, 4171, 236761, 107, 236777, 19061, 496, 32165, 1003, 5268, 236772, 15457, 22824, 236761, 107, 818, 5395, 17753, 607, 496, 4893, 580, 506, 861, 2203, 34315, 236761, 107, 5778, 6544, 531, 1161, 1116, 17640, 990, 531, 4301, 19989, 236761, 107, 34715, 7351, 4006, 532]",1,"[1, 106, 50]",106,1,True,True,"[1, 1, 2, 1, 1, 1]","The gym member will use the machine for a fitness workout.
 robots less than 1000 words.
I watched a documentary about deep-sea exploration.
The meeting concluded with a decision on the new project timeline.
She decided to use her vacation time to travel abroad.
Running helps improve and",True,10228448768,13.088724223023746
102_common_gen_sets_differ_kna_t7_rep1,252,6,sets_differ,,7,2,65,32,1945,2016303339,common_gen,102,1,common_gen:validation:880,0,364ef8758d94569cd71f8d5d584d2bf3808f5fd1dc0973db83c8e1293e531f84,c9de5b10c82db0f5d890ba02d842f16b1f35c06e6b5aa7a30f8433335554c1b9,success,,512.0,512.0,512.0,False,,model_loaded,20.720117819029838,0.5425065870513208,0.9885020589572378,1.5310086460085586,1.5310086460085586,1831,16280,266541,467327165,262144,"{""allowed_count"": 262120, ""expected_count"": 262120, ""missing_expected"": [], ""ok"": true, ""stop_token_ids"": [1, 50, 106], ""unexpected_allowed"": []}",3.566242630011402,xgrammar,2.837970210995991,4.453077070997097,59,65,64,"[236777, 740, 236789, 236745, 8974, 506, 29344, 529, 506, 6535, 26365, 528, 506, 40682, 684, 1164, 3182, 607, 1041, 7068, 236761, 236743, 107, 236769, 25864, 236772, 154858, 236787, 669, 2787, 563, 1156, 23974, 236761, 1276, 236772, 25834, 531, 577, 886, 13315, 2907, 108, 113758, 531, 8974, 506, 2608, 236764, 564, 1053, 531, 1975, 532, 3107, 506, 40682, 236764, 1699, 1041, 7068, 531, 17318, 506, 1]","[236777, 740, 236789, 236745, 8974, 506, 29344, 529, 506, 6535, 26365, 528, 506, 40682, 684, 1164, 3182, 607, 1041, 7068, 236761, 236743, 107, 236769, 25864, 236772, 154858, 236787, 669, 2787, 563, 1156, 23974, 236761, 1276, 236772, 25834, 531, 577, 886, 13315, 2907, 108, 113758, 531, 8974, 506, 2608, 236764, 564, 1053, 531, 1975, 532, 3107, 506, 40682, 236764, 1699, 1041, 7068, 531, 17318, 506]",1,"[1, 106, 50]",1,1,True,True,"[1, 2, 2, 1, 1, 2, 0]","I can't solve the puzzle of the closed cube in the drawer by just looking with my eye. 
(Self-correction: The above is two sentences. Re-writing to be one sentence.)

Trying to solve the problem, I had to stand and close the drawer, using my eye to examine the",True,10228663808,13.744748185039498
103_common_gen_sets_differ_kna_t8_rep1,253,7,sets_differ,,8,2,65,36,2196,947823129,common_gen,103,1,common_gen:validation:350,0,dc6a4280590a8c684852683432bfbe855ff9b9b6c3333e2ed7a1cab3e0c84b3a,235f4d181638375476dd5279f812ceaf6a7814adc52db56ed216c6b43870e9c0,success,,512.0,512.0,512.0,False,,model_loaded,20.322604949993547,0.5530262980028056,1.1878297680523247,1.7408560660551302,1.7408560660551302,2083,20563,335833,638871296,262144,"{""allowed_count"": 262120, ""expected_count"": 262120, ""missing_expected"": [], ""ok"": true, ""stop_token_ids"": [1, 50, 106], ""unexpected_allowed"": []}",3.485715648974292,xgrammar,2.6997220310149714,4.393560749012977,63,65,64,"[96553, 506, 15924, 691, 34031, 1116, 5324, 236764, 506, 14701, 49048, 6418, 1217, 1388, 506, 45804, 691, 6530, 236761, 56947, 18450, 236761, 107, 178900, 236761, 107, 236743, 107, 236743, 107, 236743, 107, 236743, 107, 236743, 107, 236743, 107, 236743, 107, 236743, 107, 236743, 107, 236743, 107, 236743, 107, 236743, 107, 236743, 107, 236743, 107, 236743, 107, 236743, 107, 236743, 107, 236743, 107, 236743, 532, 106]","[96553, 506, 15924, 691, 34031, 1116, 5324, 236764, 506, 14701, 49048, 6418, 1217, 1388, 506, 45804, 691, 6530, 236761, 56947, 18450, 236761, 107, 178900, 236761, 107, 236743, 107, 236743, 107, 236743, 107, 236743, 107, 236743, 107, 236743, 107, 236743, 107, 236743, 107, 236743, 107, 236743, 107, 236743, 107, 236743, 107, 236743, 107, 236743, 107, 236743, 107, 236743, 107, 236743, 107, 236743, 107, 236743, 532]",1,"[1, 106, 50]",106,1,True,True,"[1, 0, 1, 1, 1, 1, 0, 1]","Whilst the lady was fixing her hair, the mirror fixes showed how well the styling was fixed.навлиdone.
 hiccups.
 
 
 
 
 
 
 
 
 
 
 
 
 
 
 
 
 
 
  and",True,10228950528,13.652146300009917
104_common_gen_sets_differ_kna_t9_rep1,254,8,sets_differ,,9,2,65,40,2447,212369143,common_gen,104,1,common_gen:validation:421,0,7e60a3040460591176d3f5ceef2275633bcdd6b1efdd2979495044f885213d67,506d62c3ec6168ac00fe216e071c60a3ed8608acd0547adbe92bd78df0ce89e8,success,,512.0,512.0,512.0,False,,model_loaded,18.44655925995903,0.594213297998067,1.3883917380007915,1.9826050359988585,1.9826050359988585,2335,25342,415292,845588210,262144,"{""allowed_count"": 262120, ""expected_count"": 262120, ""missing_expected"": [], ""ok"": true, ""stop_token_ids"": [1, 50, 106], ""unexpected_allowed"": []}",3.652845385018736,xgrammar,2.689749422017485,2.1048603469971567,65,19,18,"[818, 9989, 2838, 3645, 236764, 8116, 657, 506, 12089, 4598, 532, 4173, 496, 3925, 1003, 506, 12580, 236761, 106]","[818, 9989, 2838, 3645, 236764, 8116, 657, 506, 12089, 4598, 532, 4173, 496, 3925, 1003, 506, 12580, 236761]",1,"[1, 106, 50]",106,1,True,False,"[0, 1, 1, 1, 1, 1, 1, 1, 1]","The kid sat front, sitting at the birthday party and told a story about the cake.",True,10229054976,11.82208345097024
105_common_gen_sets_differ_kna_t10_rep1,255,9,sets_differ,,10,2,65,44,2698,2009446120,common_gen,105,1,common_gen:validation:265,0,bd78683983a24e6ef35a0e48164afa22353d6176d6024c0001f6b78ae2c82a72,513d5a4c068606b1571dcb8b5f854f21fcb9e37840d76466bbb9c8d258cc95c4,success,,512.0,512.0,512.0,False,,model_loaded,21.11165759799769,0.5553294979617931,1.6194726349785924,2.1748021329403855,2.1748021329403855,2587,30617,503139,1090465811,262144,"{""allowed_count"": 262120, ""expected_count"": 262120, ""missing_expected"": [], ""ok"": true, ""stop_token_ids"": [1, 50, 106], ""unexpected_allowed"": []}",3.6517386760096997,xgrammar,2.6127764149568975,4.419364325993229,72,65,64,"[818, 26037, 17132, 529, 37754, 16947, 699, 506, 79578, 8990, 506, 1526, 1651, 8116, 528, 506, 9048, 563, 496, 48151, 2707, 236761, 29106, 124065, 1131, 506, 2634, 618, 506, 79578, 236789, 236751, 16947, 55683, 236761, 107, 236743, 107, 236743, 107, 236743, 107, 236743, 107, 236743, 107, 236743, 107, 236743, 107, 236743, 107, 236743, 107, 236743, 107, 236743, 107, 236743, 107, 236743, 107, 236743, 532, 106]","[818, 26037, 17132, 529, 37754, 16947, 699, 506, 79578, 8990, 506, 1526, 1651, 8116, 528, 506, 9048, 563, 496, 48151, 2707, 236761, 29106, 124065, 1131, 506, 2634, 618, 506, 79578, 236789, 236751, 16947, 55683, 236761, 107, 236743, 107, 236743, 107, 236743, 107, 236743, 107, 236743, 107, 236743, 107, 236743, 107, 236743, 107, 236743, 107, 236743, 107, 236743, 107, 236743, 107, 236743, 107, 236743, 532]",1,"[1, 106, 50]",106,1,True,True,"[2, 0, 0, 1, 2, 0, 1, 1, 1, 1]","The relaxing pleasure of blowing smoke from the cigar onto the hand while sitting in the chair is a delightful experience.fulnessfell into the air as the cigar's smoke blew.
 
 
 
 
 
 
 
 
 
 
 
 
 
  and",True,10230307840,14.175424640998244
106_common_gen_both_sides_kna_t1_rep1,256,0,both_sides,,1,2,65,6,370,1149509973,common_gen,106,1,common_gen:validation:493,0,07fa04aad33a0a67287b336f0879147dbb0a23c946d1bcbd85ed201a266bb344,ade771eb0b9f030f14344cdbc829659401851d05a34c459ff26289fa0969c8ba,success,,512.0,512.0,512.0,False,,model_loaded,18.880466861999594,0.48636333696777,0.09748289099661633,0.5838462279643863,0.5838462279643863,252,736,12621,5808654,262144,"{""allowed_count"": 262119, ""expected_count"": 262119, ""missing_expected"": [], ""ok"": true, ""stop_token_ids"": [1, 50, 106], ""unexpected_allowed"": []}",3.2711734090116806,xgrammar,2.7100474489852786,4.504233051033225,41,65,64,"[236777, 6077, 8678, 1041, 36187, 1056, 506, 11059, 6927, 3931, 236761, 236743, 107, 13791, 236743, 107, 141, 107, 163, 107, 141, 107, 141, 107, 141, 107, 141, 107, 141, 107, 141, 107, 141, 107, 141, 107, 141, 107, 141, 107, 141, 107, 141, 107, 141, 107, 141, 107, 141, 107, 141, 107, 141, 107, 141, 107, 141, 107, 141, 107, 141, 107, 532, 36187, 106]","[236777, 6077, 8678, 1041, 36187, 1056, 506, 11059, 6927, 3931, 236761, 236743, 107, 13791, 236743, 107, 141, 107, 163, 107, 141, 107, 141, 107, 141, 107, 141, 107, 141, 107, 141, 107, 141, 107, 141, 107, 141, 107, 141, 107, 141, 107, 141, 107, 141, 107, 141, 107, 141, 107, 141, 107, 141, 107, 141, 107, 141, 107, 141, 107, 141, 107, 532, 36187]",1,"[1, 106, 50]",106,1,True,True,[2],"I quickly opened my umbrella when the sudden rain started. 
 एस 
     
                           
     
     
     
     
     
     
     
     
     
     
     
     
     
     
     
     
     
     
     
     
     
 and umbrella",True,10227373056,12.3895578290103
107_common_gen_both_sides_kna_t2_rep1,257,1,both_sides,,2,2,65,10,555,1929646399,common_gen,107,1,common_gen:validation:643,0,9615afdc2ac178561985d11eb286f71e3137e1d2d9577e3d0392abc2e164b2b8,60fed64225db320a45a43c71d0195ae4a0e55381f5f2642d68e8e89ef834a751,success,,512.0,512.0,512.0,False,,model_loaded,18.316158093046397,0.4897951279999688,0.17232986498856917,0.662124992988538,0.662124992988538,438,1654,27936,19074667,262144,"{""allowed_count"": 262119, ""expected_count"": 262119, ""missing_expected"": [], ""ok"": true, ""stop_token_ids"": [1, 50, 106], ""unexpected_allowed"": []}",3.014467505039647,xgrammar,2.750544803973753,4.088861661963165,44,58,57,"[2209, 6956, 531, 6184, 506, 4299, 2342, 506, 3549, 236764, 840, 625, 95525, 55693, 586, 236761, 4368, 107, 2209, 28120, 506, 4299, 2342, 506, 3549, 236764, 18430, 625, 1093, 65810, 236761, 107, 818, 23225, 6184, 19847, 506, 3549, 607, 496, 39212, 541, 689, 236761, 107, 5778, 19061, 618, 506, 4299, 38231, 532, 5524, 506, 10887, 3549, 236761, 106]","[2209, 6956, 531, 6184, 506, 4299, 2342, 506, 3549, 236764, 840, 625, 95525, 55693, 586, 236761, 4368, 107, 2209, 28120, 506, 4299, 2342, 506, 3549, 236764, 18430, 625, 1093, 65810, 236761, 107, 818, 23225, 6184, 19847, 506, 3549, 607, 496, 39212, 541, 689, 236761, 107, 5778, 19061, 618, 506, 4299, 38231, 532, 5524, 506, 10887, 3549, 236761]",1,"[1, 106, 50]",106,1,True,False,"[4, 2]","He tried to throw the ball against the wall, but it bounced harmlessly.model
He threw the ball against the wall, hoping it would rebound.
The aggressive throw struck the wall with a dull thud.
She watched as the ball flew and hit the rough wall.",True,10227086336,11.855862280994188
108_common_gen_both_sides_kna_t3_rep1,258,2,both_sides,,3,2,65,13,740,1516654347,common_gen,108,1,common_gen:validation:63,0,5c1da80a44c8bce935ba0461806c0e1c65a414e096d916faa51fcb969c97889c,d03eec39b56a2e59746912bc34a3f81153c31f0e2be4d6de905b2e6395536af8,success,,512.0,512.0,512.0,False,,model_loaded,19.63129625702277,0.46971212700009346,0.257248924986925,0.7269610519870184,0.7269610519870184,624,2938,49673,41783859,262144,"{""allowed_count"": 262119, ""expected_count"": 262119, ""missing_expected"": [], ""ok"": true, ""stop_token_ids"": [1, 50, 106], ""unexpected_allowed"": []}",3.48673865996534,xgrammar,2.8970484489691444,4.379355155979283,48,65,64,"[5778, 13058, 20843, 506, 28748, 531, 4691, 506, 10015, 1651, 16890, 506, 4011, 5808, 236761, 236743, 107, 1457, 236813, 107, 5778, 13058, 20843, 506, 28748, 531, 4691, 506, 10015, 1651, 16890, 506, 4011, 5808, 236761, 77733, 236813, 107, 239712, 107, 239794, 239927, 242846, 244549, 245838, 249572, 245357, 245147, 247173, 248809, 248290, 251143, 251075, 252127, 247087, 248045, 248904, 246585, 247474, 245414, 247074, 247527, 532, 5808, 106]","[5778, 13058, 20843, 506, 28748, 531, 4691, 506, 10015, 1651, 16890, 506, 4011, 5808, 236761, 236743, 107, 1457, 236813, 107, 5778, 13058, 20843, 506, 28748, 531, 4691, 506, 10015, 1651, 16890, 506, 4011, 5808, 236761, 77733, 236813, 107, 239712, 107, 239794, 239927, 242846, 244549, 245838, 249572, 245357, 245147, 247173, 248809, 248290, 251143, 251075, 252127, 247087, 248045, 248904, 246585, 247474, 245414, 247074, 247527, 532, 5808]",1,"[1, 106, 50]",106,1,True,True,"[3, 2, 2]","She carefully adjusted the costume to fit the instrument while choosing the perfect dress. 
br>
She carefully adjusted the costume to fit the instrument while choosing the perfect dress. Qxh>
ď
✨😂🤔💡🎨🎭🎬🎤🎧🎹🎸🎻🎷🎺🥁🍮🍩🍰🍦🍕🍔🥗 and dress",True,10227874816,12.835509164026007
109_common_gen_both_sides_kna_t4_rep1,259,3,both_sides,,4,2,65,16,925,1752666085,common_gen,109,1,common_gen:validation:500,0,2b0f61d79d6b3e0e7d9bb25023bcad2d92fd4f780f63ad22cd8ac0d337daa34d,079f29c3ae917620938909c3247a2165c2c538f0f04f811e4679d4d8e2ddd180,success,,512.0,512.0,512.0,False,,model_loaded,23.251868388033472,0.5328533839783631,0.3670923490426503,0.8999457330210134,0.8999457330210134,810,4588,77218,75561270,262144,"{""allowed_count"": 262119, ""expected_count"": 262119, ""missing_expected"": [], ""ok"": true, ""stop_token_ids"": [1, 50, 106], ""unexpected_allowed"": []}",3.6127881230204366,xgrammar,2.8726402649772353,4.479699879011605,50,65,64,"[236777, 1133, 531, 3727, 506, 7363, 236764, 653, 6494, 11881, 1041, 30979, 1679, 625, 236761, 236743, 107, 3284, 107, 2717, 3723, 107, 236840, 107, 138, 236782, 107, 140, 236775, 54554, 1083, 623, 236777, 1133, 531, 3727, 506, 7363, 236764, 653, 6494, 11881, 1041, 30979, 1679, 625, 1781, 107, 138, 236783, 107, 236842, 107, 2717, 107, 643, 236779, 3723, 107, 2717, 107, 236777, 532, 11881, 106]","[236777, 1133, 531, 3727, 506, 7363, 236764, 653, 6494, 11881, 1041, 30979, 1679, 625, 236761, 236743, 107, 3284, 107, 2717, 3723, 107, 236840, 107, 138, 236782, 107, 140, 236775, 54554, 1083, 623, 236777, 1133, 531, 3727, 506, 7363, 236764, 653, 6494, 11881, 1041, 30979, 1679, 625, 1781, 107, 138, 236783, 107, 236842, 107, 2717, 107, 643, 236779, 3723, 107, 2717, 107, 236777, 532, 11881]",1,"[1, 106, 50]",106,1,True,True,"[2, 2, 2, 3]","I like to walk the street, or sometimes ride my bicycle down it. 
ca
```json
[
  {
    ""sentence"": ""I like to walk the street, or sometimes ride my bicycle down it.""
  }
]
```
end_json
```
I and ride",True,10228018688,13.225450608006213
110_common_gen_both_sides_kna_t5_rep1,260,4,both_sides,,5,2,65,19,1110,1043104087,common_gen,110,1,common_gen:validation:29,0,235dc4709ac63e644efb8640baef1c29a1194bd8b773c55ddff6b71684c93b34,09d1734b0ad2d2ec83008d78cf604349ebf3085ab675a99a4c15898a60149ee8,success,,512.0,512.0,512.0,False,,model_loaded,22.76570550899487,0.5409524840069935,0.47528642101679,1.0162389050237834,1.0162389050237834,996,6604,110571,122031940,262144,"{""allowed_count"": 262119, ""expected_count"": 262119, ""missing_expected"": [], ""ok"": true, ""stop_token_ids"": [1, 50, 106], ""unexpected_allowed"": []}",3.5254867050098255,xgrammar,2.8623922909609973,4.469487570982892,54,65,64,"[818, 5866, 23378, 580, 506, 6413, 532, 19061, 179911, 236761, 201631, 774, 13315, 7087, 1699, 623, 41855, 236775, 568, 5521, 14177, 779, 623, 236751, 1258, 236775, 568, 23362, 236772, 8269, 20147, 1861, 779, 623, 9307, 827, 623, 12380, 827, 532, 623, 222010, 236775, 14769, 236761, 3563, 69565, 12259, 236764, 506, 13315, 3904, 3548, 531, 25430, 1800, 2970, 4458, 236761, 108, 818, 5866, 23378, 580, 106]","[818, 5866, 23378, 580, 506, 6413, 532, 19061, 179911, 236761, 201631, 774, 13315, 7087, 1699, 623, 41855, 236775, 568, 5521, 14177, 779, 623, 236751, 1258, 236775, 568, 23362, 236772, 8269, 20147, 1861, 779, 623, 9307, 827, 623, 12380, 827, 532, 623, 222010, 236775, 14769, 236761, 3563, 69565, 12259, 236764, 506, 13315, 3904, 3548, 531, 25430, 1800, 2970, 4458, 236761, 108, 818, 5866, 23378, 580]",1,"[1, 106, 50]",106,1,True,True,"[0, 2, 1, 1, 2]","The cat sits on the floor and watched intently.Opinionated sentence requires using ""sit"" (base verb), ""sits"" (third-person singular present), ""cat"", ""floor"", and ""watched"" naturally. Geographically speaking, the sentence structure needs to accommodate both action types.

The cat sits on",True,10228305408,13.398723752994556
111_common_gen_both_sides_kna_t6_rep1,261,5,both_sides,,6,2,65,22,1295,713882624,common_gen,111,1,common_gen:validation:660,0,e7ae293433e5c898609af026ff8225b7bc8857c7325591cfea49725f0491244a,6bc3131bc3cbc805e69ed0882e62d0410ffd124369c6bf4e495dcafe75a0bf6a,success,,512.0,512.0,512.0,False,,model_loaded,19.811988145986106,0.5440557529800572,0.5969200429972261,1.1409757959772833,1.1409757959772833,1182,8986,149732,182820909,262144,"{""allowed_count"": 262119, ""expected_count"": 262119, ""missing_expected"": [], ""ok"": true, ""stop_token_ids"": [1, 50, 106], ""unexpected_allowed"": []}",3.504863519978244,xgrammar,2.904991537972819,2.1067614870262332,56,17,16,"[818, 4799, 6641, 506, 11149, 618, 625, 38965, 236764, 532, 506, 11149, 6641, 506, 4799, 236761, 106]","[818, 4799, 6641, 506, 11149, 618, 625, 38965, 236764, 532, 506, 11149, 6641, 506, 4799, 236761]",1,"[1, 106, 50]",106,1,True,False,"[2, 0, 0, 2, 0, 2]","The dog followed the horse as it rode, and the horse followed the dog.",True,10227446272,11.060948107973672
112_common_gen_both_sides_kna_t7_rep1,262,6,both_sides,,7,2,65,25,1480,1223924724,common_gen,112,1,common_gen:validation:402,0,b7e6d3b9e1ac5d32cee1640e9baef9121e41f1b4b52d946745aedd6308228362,694b85693797b69bc11c76c30e243a79c36a105f85cae8388e89e6fcd39e77b4,success,,512.0,512.0,512.0,False,,model_loaded,19.840688518015668,0.5125241749919951,0.6865143409813754,1.1990385159733705,1.1990385159733705,1368,11734,194701,259553217,262144,"{""allowed_count"": 262119, ""expected_count"": 262119, ""missing_expected"": [], ""ok"": true, ""stop_token_ids"": [1, 50, 106], ""unexpected_allowed"": []}",3.3671430819667876,xgrammar,2.6598680039751343,4.508449672954157,61,65,64,"[5778, 47369, 496, 30783, 1651, 18683, 1116, 7500, 236764, 17096, 1304, 2462, 815, 1116, 30783, 580, 236761, 107, 249264, 107, 30197, 107, 13769, 107, 2003, 107, 4881, 107, 1708, 107, 42974, 107, 1580, 107, 2998, 107, 1930, 107, 977, 107, 14730, 107, 41928, 107, 7624, 107, 584, 107, 4881, 107, 20890, 107, 16132, 107, 14070, 107, 2320, 107, 1071, 107, 9636, 107, 532, 7500, 106]","[5778, 47369, 496, 30783, 1651, 18683, 1116, 7500, 236764, 17096, 1304, 2462, 815, 1116, 30783, 580, 236761, 107, 249264, 107, 30197, 107, 13769, 107, 2003, 107, 4881, 107, 1708, 107, 42974, 107, 1580, 107, 2998, 107, 1930, 107, 977, 107, 14730, 107, 41928, 107, 7624, 107, 584, 107, 4881, 107, 20890, 107, 16132, 107, 14070, 107, 2320, 107, 1071, 107, 9636, 107, 532, 7500]",1,"[1, 106, 50]",106,1,True,True,"[0, 2, 0, 0, 2, 1, 0]","She wears a helmet while riding her vehicle, ensuring she always has her helmet on.
陂
Alt
cost
by
can
for
their
this
now
use
we
when
would
you
if
can
they
will
what
do
to
make
 and vehicle",True,10228807168,13.082218046998605
113_common_gen_both_sides_kna_t8_rep1,263,7,both_sides,,8,2,65,28,1665,197853841,common_gen,113,1,common_gen:validation:857,0,c6e9b0ce06f4eca18d401f5f1e7dce20e336eba34d6af69df342662e9584700e,20fbafae9ab0c9813694d1d302b25d0fe97ee6c88af31037ad56e8e9b6331b20,success,,512.0,512.0,512.0,False,,model_loaded,20.626315178000368,0.5417926099617034,0.8227170470054261,1.3645096569671296,1.3645096569671296,1554,14848,245478,353853904,262144,"{""allowed_count"": 262119, ""expected_count"": 262119, ""missing_expected"": [], ""ok"": true, ""stop_token_ids"": [1, 50, 106], ""unexpected_allowed"": []}",3.5252877669990994,xgrammar,2.7081777669955045,4.600501325039659,63,65,64,"[818, 16782, 25556, 30748, 496, 7441, 25038, 496, 17409, 600, 4247, 496, 1519, 236761, 236743, 107, 23261, 236761, 107, 60307, 236761, 236743, 107, 45518, 236761, 236743, 107, 142685, 236761, 236743, 107, 54554, 236761, 236743, 107, 148233, 236761, 236743, 107, 3017, 1555, 236761, 236743, 107, 43081, 236761, 236743, 107, 209975, 665, 236761, 236743, 107, 1364, 104560, 236761, 236743, 107, 23014, 1788, 236761, 236743, 532, 1519, 106]","[818, 16782, 25556, 30748, 496, 7441, 25038, 496, 17409, 600, 4247, 496, 1519, 236761, 236743, 107, 23261, 236761, 107, 60307, 236761, 236743, 107, 45518, 236761, 236743, 107, 142685, 236761, 236743, 107, 54554, 236761, 236743, 107, 148233, 236761, 236743, 107, 3017, 1555, 236761, 236743, 107, 43081, 236761, 236743, 107, 209975, 665, 236761, 236743, 107, 1364, 104560, 236761, 236743, 107, 23014, 1788, 236761, 236743, 532, 1519]",1,"[1, 106, 50]",106,1,True,True,"[2, 1, 0, 0, 1, 0, 1, 1]","The arrested ghost wore a mask beneath a banner that held a sign. 
ologic.
documents. 
thought. 
imagery. 
sentence. 
concepts. 
wordplay. 
precision. 
brevity. 
coherence. 
naturalness.  and sign",True,10228950528,13.631416041986085
114_common_gen_both_sides_kna_t9_rep1,264,8,both_sides,,9,2,65,31,1850,1247722251,common_gen,114,1,common_gen:validation:873,0,6c62656a1c9bb733f885f91ce3e85044a5c03f0e61327b6e22308de1d6b1875d,f5554cdbc4702164b4776548710347ea7ecfa3d3415d5edd8727ef9d33400837,success,,512.0,512.0,512.0,False,,model_loaded,19.97991351399105,0.5084566079895012,0.9558851670008153,1.4643417749903165,1.4643417749903165,1740,18328,303772,467348010,262144,"{""allowed_count"": 262119, ""expected_count"": 262119, ""missing_expected"": [], ""ok"": true, ""stop_token_ids"": [1, 50, 106], ""unexpected_allowed"": []}",3.517906479013618,xgrammar,2.5654822030337527,4.4165813159779646,68,65,64,"[6259, 496, 30366, 236764, 506, 18660, 95525, 1135, 506, 3549, 580, 506, 4054, 1651, 1331, 15032, 528, 506, 11979, 10685, 506, 122053, 532, 89481, 236761, 107, 172979, 236789, 236751, 1626, 12018, 964, 496, 103210, 35207, 580, 506, 113890, 4135, 529, 6571, 236761, 7723, 236761, 107, 818, 3996, 17927, 6077, 98258, 531, 506, 12567, 3465, 236761, 3671, 236761, 107, 22550, 506, 4068, 114846, 236764, 18660, 106]","[6259, 496, 30366, 236764, 506, 18660, 95525, 1135, 506, 3549, 580, 506, 4054, 1651, 1331, 15032, 528, 506, 11979, 10685, 506, 122053, 532, 89481, 236761, 107, 172979, 236789, 236751, 1626, 12018, 964, 496, 103210, 35207, 580, 506, 113890, 4135, 529, 6571, 236761, 7723, 236761, 107, 818, 3996, 17927, 6077, 98258, 531, 506, 12567, 3465, 236761, 3671, 236761, 107, 22550, 506, 4068, 114846, 236764, 18660]",1,"[1, 106, 50]",106,1,True,True,"[1, 0, 0, 1, 1, 2, 1, 1, 1]","After a toss, the basketball bounced off the wall on the court while people stood in the stands watching the tossing and bouncing.
 Woolf's final thoughts were a haunting meditation on the ephemeral nature of memory. completed.
The complex algorithms quickly converged to the optimal solution. analysis.
Despite the initial setbacks, basketball",True,10229591040,13.303711494023446
115_common_gen_both_sides_kna_t10_rep1,265,9,both_sides,,10,2,65,34,2035,1116949497,common_gen,115,1,common_gen:validation:885,0,654c2d1988493f5f0abbec92072a32cfca3880ea13250e5beefcce2a44514ceb,83a9174835114707dc115d01d3536428157908301ba6056d6b8a240bc1a53ea3,success,,512.0,512.0,512.0,False,,model_loaded,19.256025215960108,0.5507521129911765,1.1184067199938,1.6691588329849765,1.6691588329849765,1926,22174,367640,601660575,262144,"{""allowed_count"": 262119, ""expected_count"": 262119, ""missing_expected"": [], ""ok"": true, ""stop_token_ids"": [1, 50, 106], ""unexpected_allowed"": []}",3.4027664870372973,xgrammar,2.6522087510093115,3.7350077420123853,71,50,49,"[818, 35551, 8784, 506, 80991, 580, 506, 4087, 236764, 172538, 1024, 1546, 106847, 618, 506, 25092, 817, 236761, 10713, 236761, 107, 64541, 236761, 6445, 236764, 564, 236789, 236757, 137577, 506, 4087, 236764, 532, 506, 35551, 8784, 506, 80991, 236764, 172538, 1024, 1546, 106847, 1651, 506, 1032, 25092, 817, 236761, 106]","[818, 35551, 8784, 506, 80991, 580, 506, 4087, 236764, 172538, 1024, 1546, 106847, 618, 506, 25092, 817, 236761, 10713, 236761, 107, 64541, 236761, 6445, 236764, 564, 236789, 236757, 137577, 506, 4087, 236764, 532, 506, 35551, 8784, 506, 80991, 236764, 172538, 1024, 1546, 106847, 1651, 506, 1032, 25092, 817, 236761]",1,"[1, 106, 50]",106,1,True,False,"[0, 2, 2, 0, 2, 2, 0, 2, 2, 0]","The athlete runs the hurdles on the track, leaping over each hurdle as the athletes go. issued.
MID.Now, I'm traversing the track, and the athlete runs the hurdles, leaping over each hurdle while the other athletes go.",True,10230129152,12.753467559989076
116_common_gen_both_sides_kna_t11_rep1,266,10,both_sides,,11,2,65,37,2220,264973824,common_gen,116,1,common_gen:validation:341,0,3bb80b21ccd6ae388fdc51628ce7763a7cfc176a38359a46319f29176f535e50,7d9ec9f9351476892206491718d41ff85c217a63244f1a893527ea1a885b2eda,success,,512.0,512.0,512.0,False,,model_loaded,20.980835561000276,0.5755582359852269,1.2898705410188995,1.8654287770041265,1.8654287770041265,2112,26386,438224,758416639,262144,"{""allowed_count"": 262119, ""expected_count"": 262119, ""missing_expected"": [], ""ok"": true, ""stop_token_ids"": [1, 50, 106], ""unexpected_allowed"": []}",3.418796954967547,xgrammar,2.67925159499282,4.670120624999981,75,65,64,"[818, 9775, 15678, 19061, 618, 3962, 193121, 5524, 506, 3605, 236764, 532, 564, 32694, 531, 4682, 506, 2148, 886, 236761, 236743, 107, 127692, 107, 563, 236779, 811, 236779, 54554, 236779, 17302, 107, 2717, 3723, 107, 236782, 107, 138, 236775, 54554, 1083, 623, 818, 9775, 15678, 19061, 618, 3962, 193121, 5524, 506, 3605, 236764, 532, 564, 32694, 531, 4682, 506, 2148, 886, 1781, 107, 236783, 106]","[818, 9775, 15678, 19061, 618, 3962, 193121, 5524, 506, 3605, 236764, 532, 564, 32694, 531, 4682, 506, 2148, 886, 236761, 236743, 107, 127692, 107, 563, 236779, 811, 236779, 54554, 236779, 17302, 107, 2717, 3723, 107, 236782, 107, 138, 236775, 54554, 1083, 623, 818, 9775, 15678, 19061, 618, 3962, 193121, 5524, 506, 3605, 236764, 532, 564, 32694, 531, 4682, 506, 2148, 886, 1781, 107, 236783]",1,"[1, 106, 50]",106,1,True,True,"[0, 0, 2, 0, 2, 0, 2, 2, 2, 2, 0]","The excited crowd watched as six jumpers hit the series, and I jumped to catch the next one. 
 आभार
 is_one_sentence_complete
```json
{
  ""sentence"": ""The excited crowd watched as six jumpers hit the series, and I jumped to catch the next one.""
}",True,10230846976,14.001188794034533
117_common_gen_both_sides_kna_t12_rep1,267,11,both_sides,,12,2,65,40,2405,1005176426,common_gen,117,1,common_gen:validation:399,0,d3ed8e40029af36fd10e96c97c6fbbff01971442189a9f945b03455e90264517,1c4789a5dde6d08cc0928061051c4b185108d4188c83a4c510e7189bb0764338,success,,512.0,512.0,512.0,False,,model_loaded,20.395261511032004,0.5409715889836662,1.466579410014674,2.00755099899834,2.00755099899834,2298,30964,514982,939241242,262144,"{""allowed_count"": 262119, ""expected_count"": 262119, ""missing_expected"": [], ""ok"": true, ""stop_token_ids"": [1, 50, 106], ""unexpected_allowed"": []}",3.4010675759636797,xgrammar,2.538497033994645,4.444755174044985,76,65,64,"[818, 6853, 2838, 6931, 1003, 56665, 506, 5028, 607, 8226, 52289, 236764, 11211, 2765, 532, 2523, 19239, 236761, 236743, 107, 246690, 238178, 243284, 29602, 243874, 237243, 243767, 237243, 244814, 237243, 244990, 246645, 238178, 239794, 246487, 242185, 107, 20470, 236764, 564, 1202, 531, 6568, 531, 7121, 886, 13315, 532, 1161, 808, 712, 236829, 506, 14485, 236764, 840, 506, 3835, 2787, 659, 1164, 114521, 236761, 2838, 106]","[818, 6853, 2838, 6931, 1003, 56665, 506, 5028, 607, 8226, 52289, 236764, 11211, 2765, 532, 2523, 19239, 236761, 236743, 107, 246690, 238178, 243284, 29602, 243874, 237243, 243767, 237243, 244814, 237243, 244990, 246645, 238178, 239794, 246487, 242185, 107, 20470, 236764, 564, 1202, 531, 6568, 531, 7121, 886, 13315, 532, 1161, 808, 712, 236829, 506, 14485, 236764, 840, 506, 3835, 2787, 659, 1164, 114521, 236761, 2838]",1,"[1, 106, 50]",106,1,True,True,"[1, 0, 0, 1, 2, 1, 1, 1, 0, 1, 1, 1]","The wife sat talking about decorating the tree with Christmas ornaments, sharing love and family memories. 
☃️🎄❤️👨‍👩‍👧‍👦🗣️✨🌲🥰
Wait, I need to stick to exactly one sentence and use *all* the concepts, but the options above are just brainstorming. sat",True,10231027200,13.688138410972897
118_common_gen_both_sides_kna_t13_rep1,268,12,both_sides,,13,2,65,43,2590,664912240,common_gen,118,1,common_gen:validation:887,0,672b0aef79b797bbf67f26e9258acd29ed3d4d6460237d95e426df7ec6425731,31025b6cdfcbf0dfac7ee23b8bbab33534ff50bee698617ea500c1c9e5122cda,success,,512.0,512.0,512.0,False,,model_loaded,21.291505925997626,0.5985863339737989,1.6727034520008601,2.271289785974659,2.271289785974659,2484,35908,597914,1145759424,262144,"{""allowed_count"": 262119, ""expected_count"": 262119, ""missing_expected"": [], ""ok"": true, ""stop_token_ids"": [1, 50, 106], ""unexpected_allowed"": []}",3.43282884999644,xgrammar,2.667818614980206,4.55727269302588,84,65,64,"[818, 86946, 24473, 13646, 1217, 506, 12040, 13290, 8633, 529, 506, 1295, 563, 14208, 684, 506, 48181, 236764, 26804, 625, 1651, 39516, 506, 12040, 5585, 236761, 214295, 201620, 67459, 107, 643, 236761, 107, 949, 236761, 107, 818, 86946, 24473, 13646, 1217, 506, 12040, 13290, 8633, 529, 506, 1295, 563, 14208, 684, 506, 48181, 236764, 26804, 625, 1651, 39516, 236761, 107, 511, 14208, 532, 39516, 106]","[818, 86946, 24473, 13646, 1217, 506, 12040, 13290, 8633, 529, 506, 1295, 563, 14208, 684, 506, 48181, 236764, 26804, 625, 1651, 39516, 506, 12040, 5585, 236761, 214295, 201620, 67459, 107, 643, 236761, 107, 949, 236761, 107, 818, 86946, 24473, 13646, 1217, 506, 12040, 13290, 8633, 529, 506, 1295, 563, 14208, 684, 506, 48181, 236764, 26804, 625, 1651, 39516, 236761, 107, 511, 14208, 532, 39516]",1,"[1, 106, 50]",106,1,True,True,"[2, 0, 2, 2, 0, 3, 2, 0, 2, 2, 3, 0, 3]","The salesman manually demonstrated how the manual gear shift of the car is driven by the gears, explaining it while demonstrating the manual operation. إسعاد سکتا
end.
her.
The salesman manually demonstrated how the manual gear shift of the car is driven by the gears, explaining it while demonstrating.
is driven and demonstrating",True,10232470016,14.449734658992384
119_common_gen_both_sides_kna_t14_rep1,269,13,both_sides,,14,2,65,46,2775,496641802,common_gen,119,1,common_gen:validation:721,0,de6d2106a66d387e9ed4f38ba324b732a579a94b7c9c4542b38684538d38af7b,87ffa92a10b73924dbc05b7e8a5df46bf3d6e157d61bae0c995a1bc5b72ed37b,success,,512.0,512.0,512.0,False,,model_loaded,21.110639455961064,0.5969393869745545,1.8618729209993035,2.458812307973858,2.458812307973858,2670,41218,687020,1379596225,262144,"{""allowed_count"": 262119, ""expected_count"": 262119, ""missing_expected"": [], ""ok"": true, ""stop_token_ids"": [1, 50, 106], ""unexpected_allowed"": []}",3.3229520360473543,xgrammar,2.837174340034835,4.461856198031455,83,65,64,"[5778, 2752, 21727, 11293, 506, 2803, 81574, 1699, 496, 28922, 1651, 8116, 580, 506, 9048, 236764, 1116, 2378, 1526, 31432, 236761, 55194, 107, 237141, 107, 16907, 25864, 236772, 154858, 236786, 7166, 29357, 236787, 669, 3303, 11172, 815, 1551, 56845, 37485, 600, 1386, 496, 3756, 13315, 6112, 165686, 236761, 669, 5671, 563, 531, 27968, 808, 712, 236829, 4820, 45704, 2232, 236764, 1581, 768, 532, 2752, 1]","[5778, 2752, 21727, 11293, 506, 2803, 81574, 1699, 496, 28922, 1651, 8116, 580, 506, 9048, 236764, 1116, 2378, 1526, 31432, 236761, 55194, 107, 237141, 107, 16907, 25864, 236772, 154858, 236786, 7166, 29357, 236787, 669, 3303, 11172, 815, 1551, 56845, 37485, 600, 1386, 496, 3756, 13315, 6112, 165686, 236761, 669, 5671, 563, 531, 27968, 808, 712, 236829, 4820, 45704, 2232, 236764, 1581, 768, 532, 2752]",1,"[1, 106, 50]",1,1,True,True,"[0, 1, 1, 0, 1, 1, 2, 1, 0, 0, 1, 1, 0, 1]","She never tries eating the special spaghetti using a fork while sitting on the chair, her left hand resting. ؟
​
*(Self-correction/Refinement: The original prompt has many restrictive phrases that make a natural sentence highly convoluted. The goal is to incorporate *all* elements cohesively, even if and never",True,10232289280,14.433017753995955
120_common_gen_both_sides_kna_t15_rep1,270,14,both_sides,,15,2,65,49,2960,1122654281,common_gen,120,1,common_gen:validation:161,0,6c5a9e5ed88048520dda43c63d7204980f54fb77c880c0fc5b459f496dea5c0d,b15b9f9ace864135b8f48e05889d21b07fe6992120713030ce9612046d47e4c5,success,,512.0,512.0,512.0,False,,model_loaded,21.79633300198475,0.625938850978855,2.087586624955293,2.713525475934148,2.713525475934148,2856,46894,782300,1642376685,262144,"{""allowed_count"": 262119, ""expected_count"": 262119, ""missing_expected"": [], ""ok"": true, ""stop_token_ids"": [1, 50, 106], ""unexpected_allowed"": []}",3.3931558949989267,xgrammar,2.605579961964395,4.525511504034512,86,65,64,"[17076, 236764, 506, 9865, 5662, 914, 10015, 16393, 506, 10925, 22964, 7363, 236764, 37636, 506, 4918, 5662, 3541, 506, 66453, 1651, 9378, 236761, 107, 130848, 522, 506, 14485, 236764, 672, 13315, 563, 496, 3103, 11724, 532, 4038, 236789, 236745, 2727, 14769, 1651, 4875, 531, 3204, 1418, 3161, 3408, 236761, 3153, 236764, 625, 140837, 20976, 531, 506, 11172, 236789, 236751, 21183, 529, 1699, 784, 4918, 106]","[17076, 236764, 506, 9865, 5662, 914, 10015, 16393, 506, 10925, 22964, 7363, 236764, 37636, 506, 4918, 5662, 3541, 506, 66453, 1651, 9378, 236761, 107, 130848, 522, 506, 14485, 236764, 672, 13315, 563, 496, 3103, 11724, 532, 4038, 236789, 236745, 2727, 14769, 1651, 4875, 531, 3204, 1418, 3161, 3408, 236761, 3153, 236764, 625, 140837, 20976, 531, 506, 11172, 236789, 236751, 21183, 529, 1699, 784, 4918]",1,"[1, 106, 50]",106,1,True,True,"[1, 0, 1, 1, 0, 1, 1, 2, 0, 1, 1, 0, 0, 2, 1]","Today, the guy playing his instrument walked the usual downtown street, catching the band playing near the subway while walking.
 Browsing the concepts, this sentence is a bit forced and doesn't flow naturally while trying to include every single element. However, it adheres strictly to the prompt's constraint of using all band",True,10232832000,14.602255761972629
121_common_gen_even_count_kna_t1_rep1,271,0,even_count,,1,2,65,4,313,855419905,common_gen,121,1,common_gen:validation:392,0,68ebd534546992418996a138dccc13b4248976caf0075d3e6fe852dbea021880,596303891da38d4a1a7329f21d0b151115f9fc1334ca2cbcd1456fa1d9360317,success,,512.0,512.0,512.0,False,,model_loaded,21.631486009981018,0.4688416480203159,0.07636966201243922,0.5452113100327551,0.5452113100327551,193,622,10386,3604372,262144,"{""allowed_count"": 262120, ""expected_count"": 262120, ""missing_expected"": [], ""ok"": true, ""stop_token_ids"": [1, 50, 106], ""unexpected_allowed"": []}",3.48451062903041,xgrammar,2.640254403988365,4.509296201984398,41,65,64,"[818, 14788, 2780, 1603, 4677, 5293, 236761, 141192, 236761, 236743, 107, 140, 107, 16907, 25864, 236772, 135778, 236786, 10282, 236787, 669, 11172, 4733, 573, 808, 161617, 886, 236829, 13315, 1699, 506, 14485, 236761, 669, 3847, 3904, 2787, 563, 496, 17709, 236761, 562, 2480, 236764, 3161, 13315, 1093, 577, 236787, 623, 818, 2780, 691, 14788, 532, 4677, 12535, 625, 17003, 236829, 108, 1018, 109627, 25685, 106]","[818, 14788, 2780, 1603, 4677, 5293, 236761, 141192, 236761, 236743, 107, 140, 107, 16907, 25864, 236772, 135778, 236786, 10282, 236787, 669, 11172, 4733, 573, 808, 161617, 886, 236829, 13315, 1699, 506, 14485, 236761, 669, 3847, 3904, 2787, 563, 496, 17709, 236761, 562, 2480, 236764, 3161, 13315, 1093, 577, 236787, 623, 818, 2780, 691, 14788, 532, 4677, 12535, 625, 17003, 236829, 108, 1018, 109627, 25685]",1,"[1, 106, 50]",106,1,True,True,[2],"The delicious food made everyone happy.носит. 
    
*(Self-Correction/Note: The prompt asked for *exactly one* sentence using the concepts. The provided structure above is a placeholder. A better, single sentence would be: ""The food was delicious and everyone enjoyed it."")*

**Revised Answer",True,10227373056,12.479186368989758
122_common_gen_even_count_kna_t2_rep1,272,1,even_count,,2,2,65,8,501,1365899619,common_gen,122,1,common_gen:validation:592,0,32b0871f7c750a3298ad4eabfb146e59160b63e81da68ddf0b71c51da9c3d0ab,febef193b2c13a2034b54cae8533009c5e763ee8555062215d107bf853ce094c,success,,512.0,512.0,512.0,False,,model_loaded,20.194465456006583,0.5032055889605545,0.1526622410165146,0.655867829977069,0.655867829977069,382,1616,26235,15060663,262144,"{""allowed_count"": 262120, ""expected_count"": 262120, ""missing_expected"": [], ""ok"": true, ""stop_token_ids"": [1, 50, 106], ""unexpected_allowed"": []}",3.7352990669896826,xgrammar,2.743021247035358,4.43664136598818,44,65,64,"[818, 4799, 83755, 506, 81994, 16128, 74865, 3418, 506, 2135, 236761, 52919, 236761, 107, 114406, 236761, 107, 2094, 13315, 6178, 623, 122812, 236775, 532, 623, 21029, 236775, 532, 17269, 573, 496, 3756, 236764, 40137, 3904, 236764, 3635, 506, 20773, 529, 623, 18819, 2669, 236775, 532, 623, 114406, 236775, 563, 11724, 2779, 531, 506, 10346, 15166, 236761, 562, 919, 3756, 13315, 40825, 1186, 506, 74865, 106]","[818, 4799, 83755, 506, 81994, 16128, 74865, 3418, 506, 2135, 236761, 52919, 236761, 107, 114406, 236761, 107, 2094, 13315, 6178, 623, 122812, 236775, 532, 623, 21029, 236775, 532, 17269, 573, 496, 3756, 236764, 40137, 3904, 236764, 3635, 506, 20773, 529, 623, 18819, 2669, 236775, 532, 623, 114406, 236775, 563, 11724, 2779, 531, 506, 10346, 15166, 236761, 562, 919, 3756, 13315, 40825, 1186, 506, 74865]",1,"[1, 106, 50]",106,1,True,True,"[2, 1]","The dog chased the brightly colored kite across the field. descending.
arei.
This sentence uses ""kite"" and ""dog"" and aims for a natural, coherent structure, though the inclusion of ""descending"" and ""arei"" is forced due to the strict constraints. A more natural sentence incorporating only the kite",True,10227588096,12.875820448971353
123_common_gen_even_count_kna_t3_rep1,273,2,even_count,,3,2,65,11,689,1997518064,common_gen,123,1,common_gen:validation:871,0,ff91742715d0f7e1700ad660935b95e30406a917cbd685ba344db836ac750529,1d75074260d54685dd24eefa9bd6c849a54abd1a628ebb6cb322943429d0c5ea,success,,512.0,512.0,512.0,False,,model_loaded,18.727907294989564,0.463556791015435,0.23637653997866437,0.6999333309940994,0.6999333309940994,571,2982,47990,36048539,262144,"{""allowed_count"": 262120, ""expected_count"": 262120, ""missing_expected"": [], ""ok"": true, ""stop_token_ids"": [1, 50, 106], ""unexpected_allowed"": []}",3.7679953419719823,xgrammar,2.7217299600015394,3.1030486740055494,47,39,38,"[1882, 795, 4102, 531, 12847, 3097, 506, 4252, 10842, 236761, 160748, 499, 236768, 107, 2717, 3723, 107, 236782, 107, 138, 236775, 54554, 1083, 623, 1882, 795, 4102, 531, 12847, 3097, 506, 4252, 10842, 1781, 107, 236783, 107, 2717, 106]","[1882, 795, 4102, 531, 12847, 3097, 506, 4252, 10842, 236761, 160748, 499, 236768, 107, 2717, 3723, 107, 236782, 107, 138, 236775, 54554, 1083, 623, 1882, 795, 4102, 531, 12847, 3097, 506, 4252, 10842, 1781, 107, 236783, 107, 2717]",1,"[1, 106, 50]",106,1,True,False,"[2, 2, 0]","We will continue to dance until the music ends.巴巴he)
```json
{
  ""sentence"": ""We will continue to dance until the music ends.""
}
```",True,10225938944,11.625077696982771
124_common_gen_even_count_kna_t4_rep1,274,3,even_count,,4,2,65,14,877,1386824628,common_gen,124,1,common_gen:validation:580,0,395a8bb768ad49484e9c65c197abea4033816758c5efc01c2ab0013d877cd27e,09b2d1b3e5a165ae578fb297909a2a554629da2a52cd66575a48984400047650,success,,512.0,512.0,512.0,False,,model_loaded,19.138602908002213,0.4759115419583395,0.33142416703049093,0.8073357089888304,0.8073357089888304,760,4720,76270,68246464,262144,"{""allowed_count"": 262120, ""expected_count"": 262120, ""missing_expected"": [], ""ok"": true, ""stop_token_ids"": [1, 50, 106], ""unexpected_allowed"": []}",3.4101423019892536,xgrammar,2.6894433090346865,4.5294558120076545,50,65,64,"[2209, 6956, 531, 6184, 506, 4299, 1679, 506, 25974, 1131, 506, 62209, 236761, 236743, 107, 15505, 107, 236743, 107, 236743, 107, 236743, 107, 236743, 107, 236743, 107, 236743, 107, 236743, 107, 236743, 107, 236743, 107, 236743, 107, 236743, 107, 236743, 107, 236743, 107, 236743, 107, 236743, 107, 236743, 107, 236743, 107, 236743, 107, 236743, 107, 236743, 107, 236743, 107, 236743, 107, 236743, 107, 6184, 106]","[2209, 6956, 531, 6184, 506, 4299, 1679, 506, 25974, 1131, 506, 62209, 236761, 236743, 107, 15505, 107, 236743, 107, 236743, 107, 236743, 107, 236743, 107, 236743, 107, 236743, 107, 236743, 107, 236743, 107, 236743, 107, 236743, 107, 236743, 107, 236743, 107, 236743, 107, 236743, 107, 236743, 107, 236743, 107, 236743, 107, 236743, 107, 236743, 107, 236743, 107, 236743, 107, 236743, 107, 236743, 107, 6184]",1,"[1, 106, 50]",106,1,True,True,"[2, 1, 1, 1]","He tried to throw the ball down the lane into the alley. 
ppy
 
 
 
 
 
 
 
 
 
 
 
 
 
 
 
 
 
 
 
 
 
 
 
 throw",True,10228018688,12.735631001007278
125_common_gen_even_count_kna_t5_rep1,275,4,even_count,,5,2,65,17,1065,1030408,common_gen,125,1,common_gen:validation:356,0,47f7ff40df8194f27bd7121cbf6818789f8bebabb8314df20707785cfa6fdc56,591c997da7fa79f5117b93b6fe2ce1d64cf567d50f93e129556a362b052d969e,success,,512.0,512.0,512.0,False,,model_loaded,19.641414858051576,0.5310341679723933,0.43289959902176633,0.9639337669941597,0.9639337669941597,949,6830,110454,113332902,262144,"{""allowed_count"": 262120, ""expected_count"": 262120, ""missing_expected"": [], ""ok"": true, ""stop_token_ids"": [1, 50, 106], ""unexpected_allowed"": []}",3.4814607269945554,xgrammar,2.761380274023395,4.461180367972702,57,65,64,"[818, 91804, 5467, 65392, 8827, 531, 3582, 506, 10054, 236761, 236743, 107, 224993, 107, 107, 236743, 107, 236743, 107, 236743, 107, 236743, 107, 236743, 107, 236743, 107, 236743, 107, 236743, 107, 236743, 107, 236743, 107, 236743, 107, 236743, 107, 236743, 107, 236743, 107, 236743, 107, 236743, 107, 236743, 107, 236743, 107, 236743, 107, 236743, 107, 236743, 107, 236743, 107, 236743, 107, 236743, 107, 8827, 106]","[818, 91804, 5467, 65392, 8827, 531, 3582, 506, 10054, 236761, 236743, 107, 224993, 107, 107, 236743, 107, 236743, 107, 236743, 107, 236743, 107, 236743, 107, 236743, 107, 236743, 107, 236743, 107, 236743, 107, 236743, 107, 236743, 107, 236743, 107, 236743, 107, 236743, 107, 236743, 107, 236743, 107, 236743, 107, 236743, 107, 236743, 107, 236743, 107, 236743, 107, 236743, 107, 236743, 107, 236743, 107, 8827]",1,"[1, 106, 50]",106,1,True,True,"[1, 2, 0, 0, 1]","The policeman directly directs traffic to clear the accident. 
 چھوٹے

 
 
 
 
 
 
 
 
 
 
 
 
 
 
 
 
 
 
 
 
 
 
 
 
 traffic",True,10228520448,13.042113599949516
126_common_gen_even_count_kna_t6_rep1,276,5,even_count,,6,2,65,20,1253,1292144660,common_gen,126,1,common_gen:validation:832,0,2d2c908448aa2d90855def8a9ab92c72c55c9600714a664430ea5dcaef8cbd0d,e1b9bcb7c45e0c8bd5cc5327ec34be75e6caa3f23696fd82bf948004eed188a2,success,,512.0,512.0,512.0,False,,model_loaded,19.45336820196826,0.46792178304167464,0.5469243750558235,1.0148461580974981,1.0148461580974981,1138,9312,150542,172986317,262144,"{""allowed_count"": 262120, ""expected_count"": 262120, ""missing_expected"": [], ""ok"": true, ""stop_token_ids"": [1, 50, 106], ""unexpected_allowed"": []}",3.512946965987794,xgrammar,2.6979598939651623,4.466335639997851,56,65,64,"[5778, 4247, 506, 8334, 236764, 614, 2495, 1304, 30748, 236764, 528, 1116, 1526, 1651, 24374, 872, 496, 57300, 8583, 236761, 236743, 107, 236769, 135778, 236787, 669, 3303, 11172, 4733, 573, 886, 13315, 1699, 808, 712, 236829, 14485, 236761, 669, 2787, 13315, 563, 50708, 3996, 532, 8427, 81547, 236761, 3792, 236789, 236751, 2056, 573, 496, 919, 3756, 2727, 2907, 108, 8291, 563, 496, 2480, 2495, 106]","[5778, 4247, 506, 8334, 236764, 614, 2495, 1304, 30748, 236764, 528, 1116, 1526, 1651, 24374, 872, 496, 57300, 8583, 236761, 236743, 107, 236769, 135778, 236787, 669, 3303, 11172, 4733, 573, 886, 13315, 1699, 808, 712, 236829, 14485, 236761, 669, 2787, 13315, 563, 50708, 3996, 532, 8427, 81547, 236761, 3792, 236789, 236751, 2056, 573, 496, 919, 3756, 2727, 2907, 108, 8291, 563, 496, 2480, 2495]",1,"[1, 106, 50]",106,1,True,True,"[1, 2, 0, 0, 1, 0]","She held the shirt, an object she wore, in her hand while picking up a stray thread. 
(Correction: The original prompt asked for one sentence using *all* concepts. The above sentence is overly complex and slightly strained. Let's try for a more natural flow.)

Here is a better object",True,10228448768,13.062108680023812
127_common_gen_even_count_kna_t7_rep1,277,6,even_count,,7,2,65,23,1441,1930332039,common_gen,127,1,common_gen:validation:293,0,26000cb319be3cb91bdb8c26d5eefe733503f7af5acb247c529782a170107995,a73d5f4fb4c897a9ea3cb86ac650c292f33217f02386dd71759c2d8311132d28,success,,512.0,512.0,512.0,False,,model_loaded,19.755090716003906,0.4907418889924884,0.6745794800226577,1.165321369015146,1.165321369015146,1327,12166,196534,248885173,262144,"{""allowed_count"": 262120, ""expected_count"": 262120, ""missing_expected"": [], ""ok"": true, ""stop_token_ids"": [1, 50, 106], ""unexpected_allowed"": []}",3.4347926530172117,xgrammar,2.7746128020226024,4.389517867995892,59,63,62,"[818, 79539, 7505, 914, 6436, 531, 3856, 506, 9909, 236789, 236751, 4852, 528, 506, 1813, 236761, 236743, 107, 107, 16907, 135778, 236787, 669, 3303, 13315, 2787, 563, 65373, 1805, 5057, 840, 8427, 30461, 236761, 5715, 563, 496, 8427, 919, 5158, 9302, 600, 17752, 1388, 2907, 236829, 108, 2209, 7505, 914, 6436, 531, 3856, 506, 9909, 236789, 236751, 4852, 528, 506, 1813, 236761, 106]","[818, 79539, 7505, 914, 6436, 531, 3856, 506, 9909, 236789, 236751, 4852, 528, 506, 1813, 236761, 236743, 107, 107, 16907, 135778, 236787, 669, 3303, 13315, 2787, 563, 65373, 1805, 5057, 840, 8427, 30461, 236761, 5715, 563, 496, 8427, 919, 5158, 9302, 600, 17752, 1388, 2907, 236829, 108, 2209, 7505, 914, 6436, 531, 3856, 506, 9909, 236789, 236751, 4852, 528, 506, 1813, 236761]",1,"[1, 106, 50]",106,1,True,False,"[2, 2, 0, 2, 2, 2, 2]","The fisherman carried his tools to protect the boat's items in the water. 

*(Correction: The original sentence above is grammatically sound but slightly passive. Here is a slightly more active alternative that flows well.)*

He carried his tools to protect the boat's items in the water.",True,10228520448,13.141336901986506
128_common_gen_even_count_kna_t8_rep1,278,7,even_count,,8,2,65,26,1629,1266376776,common_gen,128,1,common_gen:validation:911,0,303895fd9dac719d8acb75ef09a30e83e9049913db7cd722575adfa768c6a663,32e6850632c286e2743b67e1019f02cca46e4aa3ecaa16dd56a96c36f7c5beb8,success,,512.0,512.0,512.0,False,,model_loaded,18.972657717007678,0.4992158850072883,0.7986620429437608,1.297877927951049,1.297877927951049,1516,15392,248430,342707934,262144,"{""allowed_count"": 262120, ""expected_count"": 262120, ""missing_expected"": [], ""ok"": true, ""stop_token_ids"": [1, 50, 106], ""unexpected_allowed"": []}",3.6123201019945554,xgrammar,2.6095350189716555,3.002416971954517,64,36,35,"[818, 18454, 103981, 64906, 506, 25516, 7046, 506, 4799, 236789, 236751, 17524, 528, 506, 2634, 236761, 104891, 236787, 107, 818, 18454, 103981, 64906, 506, 25516, 7046, 506, 4799, 236789, 236751, 17524, 528, 506, 2634, 236761, 106]","[818, 18454, 103981, 64906, 506, 25516, 7046, 506, 4799, 236789, 236751, 17524, 528, 506, 2634, 236761, 104891, 236787, 107, 818, 18454, 103981, 64906, 506, 25516, 7046, 506, 4799, 236789, 236751, 17524, 528, 506, 2634, 236761]",1,"[1, 106, 50]",106,1,True,False,"[0, 2, 2, 2, 2, 2, 2, 2]","The illegal leash snapped the rope holding the dog's tooth in the air. भावनाओं:
The illegal leash snapped the rope holding the dog's tooth in the air.",True,10228872192,11.833284256979823
129_common_gen_even_count_kna_t9_rep1,279,8,even_count,,9,2,65,29,1817,1241627802,common_gen,129,1,common_gen:validation:943,0,b2ca90ca1d5843e37a5565685d98de0ed3436432e169b8e50d0b58df483c5cd3,e625abed6248e3186017c21539c8d187e12b2e09c7915554cfc039250a4e0b82,success,,512.0,512.0,512.0,False,,model_loaded,20.85477216198342,0.5807743030018173,0.9470729900058359,1.5278472930076532,1.5278472930076532,1705,18990,307905,456133064,262144,"{""allowed_count"": 262120, ""expected_count"": 262120, ""missing_expected"": [], ""ok"": true, ""stop_token_ids"": [1, 50, 106], ""unexpected_allowed"": []}",3.5082872929633595,xgrammar,2.7079015589552,4.56494890403701,67,65,64,"[2205, 506, 15924, 3953, 12502, 76151, 1116, 5324, 236764, 506, 3645, 529, 506, 14701, 22136, 1116, 236761, 236743, 107, 126452, 236761, 107, 236750, 107, 236751, 107, 236745, 107, 236756, 107, 236766, 107, 236765, 107, 236781, 107, 236762, 107, 236802, 107, 236746, 107, 236763, 107, 236755, 107, 236753, 107, 236744, 107, 236760, 107, 236759, 107, 236754, 107, 236747, 107, 236804, 107, 236767, 107, 236752, 12502, 106]","[2205, 506, 15924, 3953, 12502, 76151, 1116, 5324, 236764, 506, 3645, 529, 506, 14701, 22136, 1116, 236761, 236743, 107, 126452, 236761, 107, 236750, 107, 236751, 107, 236745, 107, 236756, 107, 236766, 107, 236765, 107, 236781, 107, 236762, 107, 236802, 107, 236746, 107, 236763, 107, 236755, 107, 236753, 107, 236744, 107, 236760, 107, 236759, 107, 236754, 107, 236747, 107, 236804, 107, 236767, 107, 236752, 12502]",1,"[1, 106, 50]",106,1,True,True,"[1, 1, 0, 0, 1, 1, 2, 1, 1]","As the lady girl begins brushing her hair, the front of the mirror reflects her. 
expires.
r
s
t
u
v
w
x
y
z
a
b
c
d
e
f
g
h
i
j
k
l begins",True,10229412352,13.678727206948679
130_common_gen_even_count_kna_t10_rep1,280,9,even_count,,10,2,65,32,2005,670725564,common_gen,130,1,common_gen:validation:796,0,44bc9747abf4d05134c9d7e60a1f72131925b89f8a71812c8e70c170d4bf6c23,a1b2f39c09344dcb1eb012d975e4090c1d096fd1c993312bc19fa97df80d3c74,success,,512.0,512.0,512.0,False,,model_loaded,19.004774248052854,0.5734779909835197,1.0994013469899073,1.672879337973427,1.672879337973427,1894,22960,373656,590839027,262144,"{""allowed_count"": 262120, ""expected_count"": 262120, ""missing_expected"": [], ""ok"": true, ""stop_token_ids"": [1, 50, 106], ""unexpected_allowed"": []}",3.510690784023609,xgrammar,2.5706521699903533,2.5909438090166077,68,29,28,"[13286, 4030, 506, 1635, 11881, 236764, 564, 1202, 531, 2426, 506, 5154, 573, 1635, 6527, 236764, 2862, 236764, 532, 17507, 1680, 564, 1769, 496, 2541, 699, 18683, 236761, 106]","[13286, 4030, 506, 1635, 11881, 236764, 564, 1202, 531, 2426, 506, 5154, 573, 1635, 6527, 236764, 2862, 236764, 532, 17507, 1680, 564, 1769, 496, 2541, 699, 18683, 236761]",1,"[1, 106, 50]",106,1,True,False,"[1, 1, 1, 1, 1, 1, 2, 1, 1, 1]","Before taking the bus ride, I need to check the phone for bus prices, stock, and checks before I take a break from riding.",True,10229591040,12.014150236966088
131_common_gen_even_count_kna_t11_rep1,281,10,even_count,,11,2,65,35,2193,1158573297,common_gen,131,1,common_gen:validation:805,0,088faa3fd5d47c03ae06695d676e1f29f100cb1d18c53cedc40be8c4ec106ab3,76f4cd004845239aa432b4d0b7c2cffeb8ca7cae92acca4d1d6bc1f1ce1d2743,success,,512.0,512.0,512.0,False,,model_loaded,18.70447079098085,0.6077825370011851,1.265948529005982,1.873731066007167,1.873731066007167,2083,27302,445684,748504287,262144,"{""allowed_count"": 262120, ""expected_count"": 262120, ""missing_expected"": [], ""ok"": true, ""stop_token_ids"": [1, 50, 106], ""unexpected_allowed"": []}",3.377506076998543,xgrammar,2.67231608502334,2.3018925079959445,73,23,22,"[818, 184579, 6178, 496, 24576, 5904, 531, 4351, 506, 6623, 236764, 837, 506, 69947, 9258, 1651, 506, 184579, 9258, 506, 2307, 236761, 106]","[818, 184579, 6178, 496, 24576, 5904, 531, 4351, 506, 6623, 236764, 837, 506, 69947, 9258, 1651, 506, 184579, 9258, 506, 2307, 236761]",1,"[1, 106, 50]",106,1,True,False,"[1, 0, 1, 1, 0, 2, 1, 1, 2, 0, 0]","The locksmith uses a specialized tool to pick the lock, which the thief holds while the locksmith holds the key.",True,10230488064,11.588875610963441
132_common_gen_even_count_kna_t12_rep1,282,11,even_count,,12,2,65,38,2381,2076435895,common_gen,132,1,common_gen:validation:520,0,af93cf35b462fc0fb35eeab31e288c4cf7962320652a20d6e915b9ac1a233929,e9f75ba43842f3c1b15cb9f8a8e39b8fb119b86b98358563841d4706eec605d2,success,,512.0,512.0,512.0,False,,model_loaded,20.82370277302107,0.6019039510283619,1.4534395990194753,2.055343550047837,2.055343550047837,2272,32016,523988,930807308,262144,"{""allowed_count"": 262120, ""expected_count"": 262120, ""missing_expected"": [], ""ok"": true, ""stop_token_ids"": [1, 50, 106], ""unexpected_allowed"": []}",3.4919112770003267,xgrammar,2.6320024730521254,4.477036072988994,76,65,64,"[818, 7612, 2838, 580, 506, 13606, 532, 29797, 14788, 35324, 8205, 9728, 55816, 573, 31096, 1651, 10685, 1546, 1032, 236761, 107, 247770, 107, 236753, 3754, 536, 107, 540, 107, 236750, 107, 1348, 236763, 107, 497, 107, 604, 107, 236744, 107, 236755, 107, 236748, 107, 236749, 107, 236744, 107, 236751, 107, 236755, 107, 236750, 107, 236744, 107, 236746, 107, 236757, 107, 236747, 107, 236755, 8205, 106]","[818, 7612, 2838, 580, 506, 13606, 532, 29797, 14788, 35324, 8205, 9728, 55816, 573, 31096, 1651, 10685, 1546, 1032, 236761, 107, 247770, 107, 236753, 3754, 536, 107, 540, 107, 236750, 107, 1348, 236763, 107, 497, 107, 604, 107, 236744, 107, 236755, 107, 236748, 107, 236749, 107, 236744, 107, 236751, 107, 236755, 107, 236750, 107, 236744, 107, 236746, 107, 236757, 107, 236747, 107, 236755, 8205]",1,"[1, 106, 50]",106,1,True,True,"[0, 0, 1, 1, 1, 0, 1, 2, 1, 0, 1, 1]","The guys sat on the bench and ate delicious strawberry ice cream cones for dessert while watching each other.
渥
diaset
st
r
awb
er
ri
e
c
o
n
e
s
c
r
e
a
m
i
c ice",True,10231027200,14.000441614014562
133_common_gen_even_count_kna_t13_rep1,283,12,even_count,,13,2,65,41,2569,1102610059,common_gen,133,1,common_gen:validation:901,0,43194083824c58025af93ff804022d9120847bb5c1c9708a5cec55463f9e7e24,2004c2397de7180ec2e35c311c53094a3810fa53ef4749bb01807210b8531e0d,success,,512.0,512.0,512.0,False,,model_loaded,23.878192440024577,0.5563006660086103,1.627819121000357,2.1841197870089673,2.1841197870089673,2461,37102,608568,1139426554,262144,"{""allowed_count"": 262120, ""expected_count"": 262120, ""missing_expected"": [], ""ok"": true, ""stop_token_ids"": [1, 50, 106], ""unexpected_allowed"": []}",3.472422157006804,xgrammar,2.5444827069877647,4.412522816972341,82,65,64,"[818, 35980, 29350, 496, 2803, 9939, 1456, 607, 7497, 40166, 532, 35217, 531, 44762, 2940, 236789, 236751, 115160, 236761, 172227, 236761, 107, 236761, 107, 236761, 107, 236761, 107, 236761, 107, 236761, 107, 236761, 107, 236761, 107, 236761, 107, 236761, 107, 236761, 107, 236761, 107, 236761, 107, 236761, 107, 236761, 107, 236761, 107, 236761, 107, 236761, 107, 236761, 107, 236761, 107, 236761, 107, 236761, 1456, 106]","[818, 35980, 29350, 496, 2803, 9939, 1456, 607, 7497, 40166, 532, 35217, 531, 44762, 2940, 236789, 236751, 115160, 236761, 172227, 236761, 107, 236761, 107, 236761, 107, 236761, 107, 236761, 107, 236761, 107, 236761, 107, 236761, 107, 236761, 107, 236761, 107, 236761, 107, 236761, 107, 236761, 107, 236761, 107, 236761, 107, 236761, 107, 236761, 107, 236761, 107, 236761, 107, 236761, 107, 236761, 107, 236761, 1456]",1,"[1, 106, 50]",106,1,True,True,"[0, 1, 1, 1, 0, 1, 1, 0, 1, 1, 1, 2, 1]","The grandmother demonstrates a special technique used with thick yarn and needles to knit children's sweaters. ఆదేశ.
.
.
.
.
.
.
.
.
.
.
.
.
.
.
.
.
.
.
.
.
. used",True,10232109056,13.924530479998793
134_common_gen_even_count_kna_t14_rep1,284,13,even_count,,14,2,65,44,2757,1639697217,common_gen,134,1,common_gen:validation:657,0,af0d89ba060691f7617feee306bad044bbdfb89942b728dfc35dbb7dbbac1958,26c3828abdd2ad129c888122daee0a85cd0a8cca74620a520c3ad910f0a90c7a,success,,512.0,512.0,512.0,False,,model_loaded,24.252211965969764,0.6447515119798481,1.8788141529657878,2.523565664945636,2.523565664945636,2650,42560,699424,1376040489,262144,"{""allowed_count"": 262120, ""expected_count"": 262120, ""missing_expected"": [], ""ok"": true, ""stop_token_ids"": [1, 50, 106], ""unexpected_allowed"": []}",3.3381923630367965,xgrammar,2.788856654020492,4.514676590042654,82,65,64,"[223411, 9922, 506, 2263, 9565, 236789, 64837, 8990, 506, 2135, 1651, 4710, 506, 2290, 672, 9735, 1603, 786, 2597, 496, 19902, 529, 21077, 1913, 506, 3409, 236761, 142548, 585, 1818, 75400, 5567, 236761, 19763, 7627, 236749, 236761, 236774, 236760, 236761, 236796, 236761, 236759, 236761, 236759, 236761, 236759, 236761, 236759, 236761, 236759, 236761, 236759, 236761, 236759, 236761, 236759, 236761, 236759, 236761, 236759, 236761, 236759, 2290, 106]","[223411, 9922, 506, 2263, 9565, 236789, 64837, 8990, 506, 2135, 1651, 4710, 506, 2290, 672, 9735, 1603, 786, 2597, 496, 19902, 529, 21077, 1913, 506, 3409, 236761, 142548, 585, 1818, 75400, 5567, 236761, 19763, 7627, 236749, 236761, 236774, 236760, 236761, 236796, 236761, 236759, 236761, 236759, 236761, 236759, 236761, 236759, 236761, 236759, 236761, 236759, 236761, 236759, 236761, 236759, 236761, 236759, 236761, 236759, 236761, 236759, 2290]",1,"[1, 106, 50]",106,1,True,True,"[1, 0, 0, 0, 1, 1, 1, 0, 1, 1, 2, 1, 1, 1]",Loved wearing the local girls' uniforms onto the field while running the game this weekend made me feel a surge of pride during the season. Doposhorngegame.SNFTn.Tf.D.g.g.g.g.g.g.g.g.g.g.g game,True,10232109056,14.55781135597499
135_common_gen_even_count_kna_t15_rep1,285,14,even_count,,15,2,65,47,2945,2069139287,common_gen,135,1,common_gen:validation:510,0,373a51851f4dd497aaa68ecf8c1a2585b63486ad12f9ee72784b2443052f6519,7c733dc3af3038f58b625276701169b2974cb5a3fd9921ec62c912fe506fd60e,success,,512.0,512.0,512.0,False,,model_loaded,23.701164714002516,0.6585840139887296,2.111952281964477,2.7705362959532067,2.7705362959532067,2839,48390,796556,1642327577,262144,"{""allowed_count"": 262120, ""expected_count"": 262120, ""missing_expected"": [], ""ok"": true, ""stop_token_ids"": [1, 50, 106], ""unexpected_allowed"": []}",3.3031914009479806,xgrammar,2.7890490280115046,4.724062647030223,85,65,64,"[818, 9862, 4628, 3939, 531, 506, 3029, 236764, 6544, 531, 974, 7445, 19060, 236764, 2838, 1679, 236764, 532, 3931, 15403, 1651, 24121, 919, 13378, 236761, 236743, 107, 3771, 236764, 600, 236789, 236751, 2311, 1440, 532, 8427, 732, 159779, 236761, 3792, 236789, 236751, 2056, 1570, 236761, 108, 818, 4628, 3939, 531, 506, 3029, 236764, 6544, 531, 974, 7445, 13378, 19060, 532, 2838, 8116, 1651, 24121, 106]","[818, 9862, 4628, 3939, 531, 506, 3029, 236764, 6544, 531, 974, 7445, 19060, 236764, 2838, 1679, 236764, 532, 3931, 15403, 1651, 24121, 919, 13378, 236761, 236743, 107, 3771, 236764, 600, 236789, 236751, 2311, 1440, 532, 8427, 732, 159779, 236761, 3792, 236789, 236751, 2056, 1570, 236761, 108, 818, 4628, 3939, 531, 506, 3029, 236764, 6544, 531, 974, 7445, 13378, 19060, 532, 2838, 8116, 1651, 24121]",1,"[1, 106, 50]",106,1,True,True,"[2, 2, 0, 0, 0, 2, 2, 2, 1, 1, 2, 2, 0, 1, 2]","The older couple went to the bar, decided to get cold drinks, sat down, and started drinking while ordering more beer. 
No, that's too long and slightly clunky. Let's try again.

The couple went to the bar, decided to get cold beer drinks and sat sitting while ordering",True,10232650752,14.929092056991067
136_common_gen_even_count_kna_t16_rep1,286,15,even_count,,16,2,65,50,3133,1127096830,common_gen,136,1,common_gen:validation:424,0,4fa0d3512d62dadd4af51d21569f2ce0f93abe17c6d161c3cc798379dedd7edb,bd4649e3949509eba84d42416bffb1c9afccdfa20b3758159e1520c787dd148f,success,,512.0,512.0,512.0,False,,model_loaded,21.619142923038453,0.6591495429747738,2.3485708590014838,3.0077204019762576,3.0077204019762576,3028,54592,899964,1939966282,262144,"{""allowed_count"": 262120, ""expected_count"": 262120, ""missing_expected"": [], ""ok"": true, ""stop_token_ids"": [1, 50, 106], ""unexpected_allowed"": []}",3.5000503920018673,xgrammar,2.6624574509914964,3.894035627017729,88,53,52,"[818, 8505, 4173, 506, 2299, 10685, 506, 2290, 600, 506, 1589, 8101, 684, 506, 63475, 23378, 3541, 506, 26342, 1651, 506, 5484, 4526, 236761, 239493, 4143, 506, 5484, 236789, 2290, 236764, 506, 8505, 4173, 506, 2299, 600, 506, 1589, 8101, 684, 506, 63475, 23378, 3541, 506, 26342, 1651, 506, 5484, 4526, 236761, 106]","[818, 8505, 4173, 506, 2299, 10685, 506, 2290, 600, 506, 1589, 8101, 684, 506, 63475, 23378, 3541, 506, 26342, 1651, 506, 5484, 4526, 236761, 239493, 4143, 506, 5484, 236789, 2290, 236764, 506, 8505, 4173, 506, 2299, 600, 506, 1589, 8101, 684, 506, 63475, 23378, 3541, 506, 26342, 1651, 506, 5484, 4526, 236761]",1,"[1, 106, 50]",106,1,True,False,"[0, 2, 0, 2, 2, 0, 0, 1, 2, 2, 0, 2, 2, 2, 3, 2]","The coach told the group watching the game that the person standing by the pillar sits near the tourists while the players watch.減iting the players' game, the coach told the group that the person standing by the pillar sits near the tourists while the players watch.",True,10233193472,14.438637544983067
137_common_gen_odd_count_kna_t1_rep1,287,0,odd_count,,1,2,65,3,254,1507178887,common_gen,137,1,common_gen:validation:595,0,87d7b6f48458bbc4bb0e87ca45ab13440435fd5a270ca0e8a46036da260c1ae4,65eb16d4ebcff8a82312b339a5aea6cf0b03609c7ac213f251bef513a761eaf9,success,,512.0,512.0,512.0,False,,model_loaded,16.574368670000695,0.4901593449758366,0.05423859495203942,0.544397939927876,0.544397939927876,132,442,7156,1699175,262144,"{""allowed_count"": 262120, ""expected_count"": 262120, ""missing_expected"": [], ""ok"": true, ""stop_token_ids"": [1, 50, 106], ""unexpected_allowed"": []}",3.4398847179836594,xgrammar,2.668106368975714,1.868057124025654,41,14,13,"[236777, 2765, 531, 11540, 528, 506, 5427, 12461, 1813, 580, 17635, 2668, 236761, 106]","[236777, 2765, 531, 11540, 528, 506, 5427, 12461, 1813, 580, 17635, 2668, 236761]",1,"[1, 106, 50]",106,1,True,False,[1],I love to swim in the cool ocean water on sunny days.,True,10224791040,9.879248119017575
138_common_gen_odd_count_kna_t2_rep1,288,1,odd_count,,2,2,65,6,381,1124355968,common_gen,138,1,common_gen:validation:614,0,93b134dc85e6c164277ed724dc1038149c7a34570e7d7c38075db7d70ea5967d,2460e4954def2baaaf50272cdc78c34e3a0bb82046a655e0700bbff24f9c0f67,success,,512.0,512.0,512.0,False,,model_loaded,16.578129551024176,0.442652030964382,0.1032079899450764,0.5458600209094584,0.5458600209094584,260,1136,17989,6985843,262144,"{""allowed_count"": 262120, ""expected_count"": 262120, ""missing_expected"": [], ""ok"": true, ""stop_token_ids"": [1, 50, 106], ""unexpected_allowed"": []}",3.445632048009429,xgrammar,2.6163775310269557,2.1628373310086317,44,21,20,"[818, 3188, 6573, 6074, 531, 13949, 236764, 14260, 496, 28697, 24225, 531, 1183, 580, 506, 3761, 529, 506, 1813, 236761, 106]","[818, 3188, 6573, 6074, 531, 13949, 236764, 14260, 496, 28697, 24225, 531, 1183, 580, 506, 3761, 529, 506, 1813, 236761]",1,"[1, 106, 50]",106,1,True,False,"[1, 1]","The strong wind began to blow, causing a delicate bubble to form on the surface of the water.",True,10225319936,10.080848756013438
139_common_gen_odd_count_kna_t3_rep1,289,2,odd_count,,3,2,65,8,508,929137731,common_gen,139,1,common_gen:validation:652,0,ef47d18bdd05bc0bd56c59d053441a16816755d6e88fdc4a8eb7d711fe18f680,85a417698b8ee38fc095d0142b1a823721fcc107e5f343cfeafd4dd1c4f93ed3,success,,512.0,512.0,512.0,False,,model_loaded,16.363988035998773,0.45968528802040964,0.15838700399035588,0.6180722920107655,0.6180722920107655,388,2082,32568,16629302,262144,"{""allowed_count"": 262120, ""expected_count"": 262120, ""missing_expected"": [], ""ok"": true, ""stop_token_ids"": [1, 50, 106], ""unexpected_allowed"": []}",3.4459526849677786,xgrammar,2.6726265129982494,1.781848941987846,47,13,12,"[818, 4252, 9772, 506, 2978, 236764, 80121, 4677, 531, 1502, 22974, 236761, 106]","[818, 4252, 9772, 506, 2978, 236764, 80121, 4677, 531, 1502, 22974, 236761]",1,"[1, 106, 50]",106,1,True,False,"[1, 1, 0]","The music filled the room, prompting everyone to start dancing.",True,10225850880,9.820337213983294
140_common_gen_odd_count_kna_t4_rep1,290,3,odd_count,,4,2,65,10,635,1096446327,common_gen,140,1,common_gen:validation:902,0,48c7e76c72050dc2757678e0bc91fea376d084815403f0057bd405a6c8a7365f,037a96eb2e114aba16bf9c92f205182c4e193c71437ded49e647fc88295aca4e,success,,512.0,512.0,512.0,False,,model_loaded,16.732448551047128,0.4998621750273742,0.22637991997180507,0.7262420949991792,0.7262420949991792,516,3280,50893,31397648,262144,"{""allowed_count"": 262120, ""expected_count"": 262120, ""missing_expected"": [], ""ok"": true, ""stop_token_ids"": [1, 50, 106], ""unexpected_allowed"": []}",3.6074541519628838,xgrammar,2.8516016370267607,1.7444526019971818,50,12,11,"[818, 15298, 30748, 496, 5423, 1651, 50847, 528, 506, 25301, 236761, 106]","[818, 15298, 30748, 496, 5423, 1651, 50847, 528, 506, 25301, 236761]",1,"[1, 106, 50]",106,1,True,False,"[1, 0, 1, 0]",The worker wore a hat while digging in the dirt.,True,10226381824,10.301769379002508
141_common_gen_odd_count_kna_t5_rep1,291,4,odd_count,,5,2,65,12,762,102972841,common_gen,141,1,common_gen:validation:31,0,57bff6d203d588ac27fd211d1ab43b94f2ef61f0715484945236cfa0406ab199,a271d6bfc9d75e3ec75babed9b2f14558c1e9e6fc2b63e51f36951c6de150da9,success,,512.0,512.0,512.0,False,,model_loaded,16.72860201000003,0.4566517780185677,0.285025202028919,0.7416769800474867,0.7416769800474867,644,4730,73973,52058977,262144,"{""allowed_count"": 262120, ""expected_count"": 262120, ""missing_expected"": [], ""ok"": true, ""stop_token_ids"": [1, 50, 106], ""unexpected_allowed"": []}",3.386766900017392,xgrammar,2.6407046339591034,1.8672508529853076,54,15,14,"[236777, 6976, 657, 506, 32738, 4086, 2180, 496, 3161, 30195, 17164, 580, 625, 236761, 106]","[236777, 6976, 657, 506, 32738, 4086, 2180, 496, 3161, 30195, 17164, 580, 625, 236761]",1,"[1, 106, 50]",106,1,True,False,"[0, 0, 1, 1, 1]",I looked at the scary bed without a single blanket lying on it.,True,10227091456,9.947171217005234
142_common_gen_odd_count_kna_t6_rep1,292,5,odd_count,,6,2,65,14,889,464074219,common_gen,142,1,common_gen:validation:541,0,a1a0ade09bb2132aaa87bcca2250d667e0423a21c17c6214f6bb53478db3b233,13baaf4ace785e7228dd36711203df065bfca568132287cfff21d9292d3f9f03,success,,512.0,512.0,512.0,False,,model_loaded,16.926257793034893,0.5107525490457192,0.3591248950106092,0.8698774440563284,0.8698774440563284,772,6432,101051,79381385,262144,"{""allowed_count"": 262120, ""expected_count"": 262120, ""missing_expected"": [], ""ok"": true, ""stop_token_ids"": [1, 50, 106], ""unexpected_allowed"": []}",3.3935664399759844,xgrammar,2.799934451992158,1.8148929299786687,60,14,13,"[818, 35551, 32694, 1024, 506, 80991, 580, 506, 4087, 1913, 506, 1845, 236761, 106]","[818, 35551, 32694, 1024, 506, 80991, 580, 506, 4087, 1913, 506, 1845, 236761]",1,"[1, 106, 50]",106,1,True,False,"[1, 1, 0, 1, 1, 1]",The athlete jumped over the hurdles on the track during the run.,True,10228158976,10.342129872005899
143_common_gen_odd_count_kna_t7_rep1,293,6,odd_count,,7,2,65,16,1016,842167547,common_gen,143,1,common_gen:validation:509,0,163aa71fefec35fdc0802b0e0e76d3f0f2820386e0b79ec7251c3741f276cb1d,0acf15010897dafe42e112c3f3c3ac90687807423d2b3e27d843e57a34a3ab5e,success,,512.0,512.0,512.0,False,,model_loaded,17.25412483100081,0.5232893020147458,0.4454240420018323,0.968713344016578,0.968713344016578,900,8386,132127,114132968,262144,"{""allowed_count"": 262120, ""expected_count"": 262120, ""missing_expected"": [], ""ok"": true, ""stop_token_ids"": [1, 50, 106], ""unexpected_allowed"": []}",3.340434881974943,xgrammar,2.8553338240017183,2.0385829410515726,59,18,17,"[818, 11149, 1456, 1061, 6568, 531, 5524, 506, 4299, 528, 506, 2135, 236764, 14260, 3131, 16737, 236761, 106]","[818, 11149, 1456, 1061, 6568, 531, 5524, 506, 4299, 528, 506, 2135, 236764, 14260, 3131, 16737, 236761]",1,"[1, 106, 50]",106,1,True,False,"[1, 1, 1, 1, 1, 1, 1]","The horse used its stick to hit the ball in the field, causing several hits.",True,10227980800,10.663707682979293
144_common_gen_odd_count_kna_t8_rep1,294,7,odd_count,,8,2,65,18,1143,1051017677,common_gen,144,1,common_gen:validation:585,0,d9b63182d80319edf38f4eaf83e050dbb0e7de1bfe76dd3ab0f9394a065528f2,ccd85d8f8581c94c73a337ffc75c2c619c95d3d1e6a7cdf146265e9df938fd07,success,,512.0,512.0,512.0,False,,model_loaded,17.145817784999963,0.4750791940023191,0.5150395790114999,0.990118773013819,0.990118773013819,1028,10592,167201,157081822,262144,"{""allowed_count"": 262120, ""expected_count"": 262120, ""missing_expected"": [], ""ok"": true, ""stop_token_ids"": [1, 50, 106], ""unexpected_allowed"": []}",3.4226533960318193,xgrammar,2.5885454759700224,2.038308490999043,63,18,17,"[818, 6214, 11536, 531, 506, 7642, 236764, 50847, 15629, 528, 506, 6784, 531, 1386, 1551, 15629, 236761, 106]","[818, 6214, 11536, 531, 506, 7642, 236764, 50847, 15629, 528, 506, 6784, 531, 1386, 1551, 15629, 236761]",1,"[1, 106, 50]",106,1,True,False,"[1, 0, 0, 1, 1, 1, 2, 1]","The kids ran to the beach, digging holes in the sand to make many holes.",True,10228695040,10.379971972026397
145_common_gen_odd_count_kna_t9_rep1,295,8,odd_count,,9,2,65,20,1270,352748346,common_gen,145,1,common_gen:validation:669,0,9aefd2ee7e9c355cf5bdf24ec857b0c1ec4812b8d326296976ea936df91c8e5a,a154881e07d45d574301742338f602ea187a6d7ea98a713f843dd13122a41905,success,,512.0,512.0,512.0,False,,model_loaded,17.28434707800625,0.5673744469531812,0.6011985460063443,1.1685729929595254,1.1685729929595254,1156,13050,207408,208996043,262144,"{""allowed_count"": 262120, ""expected_count"": 262120, ""missing_expected"": [], ""ok"": true, ""stop_token_ids"": [1, 50, 106], ""unexpected_allowed"": []}",3.3054598160088062,xgrammar,2.632520472048782,2.324252741993405,65,23,22,"[818, 4430, 2838, 580, 506, 9048, 236764, 532, 28489, 8907, 15066, 506, 25301, 699, 914, 12799, 1651, 668, 64216, 914, 3998, 236761, 106]","[818, 4430, 2838, 580, 506, 9048, 236764, 532, 28489, 8907, 15066, 506, 25301, 699, 914, 12799, 1651, 668, 64216, 914, 3998, 236761]",1,"[1, 106, 50]",106,1,True,False,"[1, 1, 0, 1, 1, 1, 1, 0, 1]","The client sat on the chair, and Mom helped wash the dirt from his clothes while he wiped his foot.",True,10229054976,10.745859978953376
146_common_gen_odd_count_kna_t10_rep1,296,9,odd_count,,10,2,65,22,1397,593454006,common_gen,146,1,common_gen:validation:22,0,c0e3e69ace62f8e3914b70eee05847d4f01503bdc48f248537a52539e52ef186,b74b2d880354c43307aef8e37eac90f623a9247b2181cccfbe2e5e2ec899b2ea,success,,512.0,512.0,512.0,False,,model_loaded,17.694368375989143,0.4934620800195262,0.6981288560200483,1.1915909360395744,1.1915909360395744,1284,15760,251865,270643727,262144,"{""allowed_count"": 262120, ""expected_count"": 262120, ""missing_expected"": [], ""ok"": true, ""stop_token_ids"": [1, 50, 106], ""unexpected_allowed"": []}",3.4616530400235206,xgrammar,2.766213955997955,2.329459276981652,68,23,22,"[5778, 2838, 528, 506, 9048, 236764, 7046, 506, 16985, 1651, 8116, 580, 506, 1635, 236764, 837, 4247, 496, 1977, 573, 4677, 236761, 106]","[5778, 2838, 528, 506, 9048, 236764, 7046, 506, 16985, 1651, 8116, 580, 506, 1635, 236764, 837, 4247, 496, 1977, 573, 4677, 236761]",1,"[1, 106, 50]",106,1,True,False,"[0, 0, 1, 1, 1, 1, 1, 1, 1, 1]","She sat in the chair, holding the newspaper while sitting on the bus, which held a place for everyone.",True,10229591040,11.12713303300552
147_common_gen_odd_count_kna_t11_rep1,297,10,odd_count,,11,2,65,24,1524,1373591884,common_gen,147,1,common_gen:validation:625,0,6142098c2d9d92b28416d16cc8c777a121821d82ae189ddab219e4daf21c5b22,b540d28cddfee3fd04e147294ee4f6a55c1224fd4b9e052f21e2548621d28dac,success,,512.0,512.0,512.0,False,,model_loaded,17.95325334800873,0.5073247330146842,0.7967208190239035,1.3040455520385876,1.3040455520385876,1412,18722,300572,342792970,262144,"{""allowed_count"": 262120, ""expected_count"": 262120, ""missing_expected"": [], ""ok"": true, ""stop_token_ids"": [1, 50, 106], ""unexpected_allowed"": []}",3.430291354015935,xgrammar,2.7091505670105107,2.413594115001615,73,26,25,"[67821, 236764, 1027, 5719, 4891, 699, 506, 41895, 2434, 691, 26638, 684, 506, 132795, 236764, 532, 600, 236789, 236751, 1217, 901, 2810, 506, 2290, 236761, 106]","[67821, 236764, 1027, 5719, 4891, 699, 506, 41895, 2434, 691, 26638, 684, 506, 132795, 236764, 532, 600, 236789, 236751, 1217, 901, 2810, 506, 2290, 236761]",1,"[1, 106, 50]",106,1,True,False,"[0, 1, 1, 1, 1, 1, 1, 0, 1, 1, 1]","Really, any shot coming from the opposing team was blocked by the goalie, and that's how they won the game.",True,10230488064,11.27156250004191
148_common_gen_odd_count_kna_t12_rep1,298,11,odd_count,,12,2,65,26,1651,671196295,common_gen,148,1,common_gen:validation:507,0,c050b47fe87c2a305e0adeb7d2ee85cd82db683dae673f1817adafdb9bfb76cc,8f0e30521ccaaf2578e15acd9309c5ca2caa0e79b04b9487f6a1ccb76e225b61,success,,512.0,512.0,512.0,False,,model_loaded,20.846915460017044,0.5234696659608744,0.9112144649843685,1.434684130945243,1.434684130945243,1540,21936,353529,426211868,262144,"{""allowed_count"": 262120, ""expected_count"": 262120, ""missing_expected"": [], ""ok"": true, ""stop_token_ids"": [1, 50, 106], ""unexpected_allowed"": []}",3.540355891978834,xgrammar,2.7517718069721013,2.154573261970654,76,20,19,"[818, 22235, 4771, 64260, 4782, 506, 11895, 3788, 236764, 1298, 10411, 532, 496, 12198, 3980, 506, 1903, 11665, 236761, 106]","[818, 22235, 4771, 64260, 4782, 506, 11895, 3788, 236764, 1298, 10411, 532, 496, 12198, 3980, 506, 1903, 11665, 236761]",1,"[1, 106, 50]",106,1,True,False,"[0, 1, 1, 1, 1, 1, 1, 1, 1, 1, 1, 1]","The suspended window hangs outside the west building, where teachers and a sister clean the top windows.",True,10231027200,11.309228475030977
149_common_gen_odd_count_kna_t13_rep1,299,12,odd_count,,13,2,65,28,1778,1827736485,common_gen,149,1,common_gen:validation:715,0,53f4ce6173be8c0a06fcc9348803ac57de5a07581baa6494c436231e95286a11,ce06749537fd8e6b14612715683c195c57c2773ad27372c0f766ab4bc70f3b60,success,,512.0,512.0,512.0,False,,model_loaded,18.319456004013773,0.6056454469799064,1.0241612050449476,1.629806652024854,1.629806652024854,1668,25402,410736,521668517,262144,"{""allowed_count"": 262120, ""expected_count"": 262120, ""missing_expected"": [], ""ok"": true, ""stop_token_ids"": [1, 50, 106], ""unexpected_allowed"": []}",3.616113023017533,xgrammar,2.701532531005796,2.2786464870441705,78,22,21,"[236774, 2415, 1758, 2838, 580, 506, 29919, 236764, 10685, 506, 12958, 9039, 22259, 699, 496, 5693, 1651, 506, 3409, 6692, 236761, 106]","[236774, 2415, 1758, 2838, 580, 506, 29919, 236764, 10685, 506, 12958, 9039, 22259, 699, 496, 5693, 1651, 506, 3409, 6692, 236761]",1,"[1, 106, 50]",106,1,True,False,"[1, 0, 1, 0, 0, 0, 1, 1, 1, 1, 1, 0, 1]","Tired men sat on the couch, watching the boys eat chips from a bag while the season changed.",True,10231387648,11.623607054003514
000_common_gen_kth_last_k1_t1_rep2,300,0,kth_last,1,1,2,65,3,254,2023557366,common_gen,0,2,common_gen:validation:116,0,7c4f80dc52c22d9a770de88220e16151c59c2897c8565b3137c6aefbaad133de,4074b1b798d0b57ca6f220f0a64e7373f865146bcc89d76abb3688a3d6b9bf7f,success,,512.0,512.0,512.0,False,,model_loaded,19.09367252001539,0.5506928830291145,0.029164509032852948,0.5798573920619674,0.5798573920619674,132,317,5296,973561,262144,"{""allowed_count"": 262120, ""expected_count"": 262120, ""missing_expected"": [], ""ok"": true, ""stop_token_ids"": [1, 50, 106], ""unexpected_allowed"": []}",3.4904540330171585,xgrammar,2.669910783006344,4.508376435027458,41,65,64,"[818, 8858, 795, 4071, 506, 11825, 1680, 14711, 236761, 236743, 107, 2717, 3723, 107, 236840, 107, 138, 236782, 107, 140, 236775, 54554, 1083, 623, 818, 8858, 795, 4071, 506, 11825, 1680, 14711, 1781, 107, 138, 236783, 107, 236842, 107, 2717, 107, 818, 8858, 795, 4071, 506, 11825, 1680, 14711, 236761, 107, 2717, 3723, 107, 236840, 107, 138, 236782, 107, 140, 236775, 54554, 1083, 4071, 106]","[818, 8858, 795, 4071, 506, 11825, 1680, 14711, 236761, 236743, 107, 2717, 3723, 107, 236840, 107, 138, 236782, 107, 140, 236775, 54554, 1083, 623, 818, 8858, 795, 4071, 506, 11825, 1680, 14711, 1781, 107, 138, 236783, 107, 236842, 107, 2717, 107, 818, 8858, 795, 4071, 506, 11825, 1680, 14711, 236761, 107, 2717, 3723, 107, 236840, 107, 138, 236782, 107, 140, 236775, 54554, 1083, 4071]",1,"[1, 106, 50]",106,1,True,True,[4],"The river will cross the bridge before sunset. 
```json
[
  {
    ""sentence"": ""The river will cross the bridge before sunset.""
  }
]
```
The river will cross the bridge before sunset.
```json
[
  {
    ""sentence"": cross",True,10227373056,12.620097930019256
001_common_gen_kth_last_k3_t1_rep2,301,1,kth_last,3,1,2,65,5,370,1645294196,common_gen,1,2,common_gen:validation:153,0,b02da7dcc56fb5ee7e8af68134d0b75ade91307c132099848b1b81824a44b51d,7ba3af44742eeae5a71e1ca99b9a6a6ef3e22107fde602d6ce3dded950c09870,success,,512.0,512.0,512.0,False,,model_loaded,18.886722830997314,0.4408215239527635,0.07648093102034181,0.5173024549731053,0.5173024549731053,252,679,11766,4440742,262144,"{""allowed_count"": 262120, ""expected_count"": 262120, ""missing_expected"": [], ""ok"": true, ""stop_token_ids"": [1, 50, 106], ""unexpected_allowed"": []}",3.5060073750209995,xgrammar,2.6535394560196437,4.353507074993104,41,65,64,"[5778, 13058, 7006, 506, 861, 2290, 3905, 580, 506, 2633, 236761, 127587, 41928, 735, 1010, 496, 3905, 236761, 236743, 107, 236769, 25864, 236772, 154858, 236787, 669, 3225, 13315, 563, 8427, 38875, 236764, 19541, 580, 3043, 625, 3756, 1651, 40825, 623, 3147, 236775, 171244, 236761, 669, 10991, 14485, 4483, 531, 30626, 496, 3606, 236764, 17872, 1161, 2907, 108, 8291, 563, 496, 2480, 3905, 236772, 41889, 106]","[5778, 13058, 7006, 506, 861, 2290, 3905, 580, 506, 2633, 236761, 127587, 41928, 735, 1010, 496, 3905, 236761, 236743, 107, 236769, 25864, 236772, 154858, 236787, 669, 3225, 13315, 563, 8427, 38875, 236764, 19541, 580, 3043, 625, 3756, 1651, 40825, 623, 3147, 236775, 171244, 236761, 669, 10991, 14485, 4483, 531, 30626, 496, 3606, 236764, 17872, 1161, 2907, 108, 8291, 563, 496, 2480, 3905, 236772, 41889]",1,"[1, 106, 50]",106,1,True,True,[3],"She carefully placed the new game board on the table. সম্পূর্ণরূপেwould have been a board. 
(Self-correction: The base sentence is slightly awkward, focusing on making it natural while incorporating ""board"" meaningfully. The desired concepts seem to imply a simple, everyday use.)

Here is a better board-focused",True,10227373056,12.361348183010705
002_common_gen_kth_last_k4_t1_rep2,302,2,kth_last,4,1,2,65,6,425,1727643257,common_gen,2,2,common_gen:validation:960,0,d8456ce52472f2f508ceaf36427e75a442661f52c85434cb1e4602d6f2618e87,9af8d7767a455e5a5e58177b41c7febad78ba87eeba16e508cbd00d7d305c773,success,,512.0,512.0,512.0,False,,model_loaded,19.29081569594564,0.44774396397406235,0.09693729598075151,0.5446812599548139,0.5446812599548139,309,851,14845,6936235,262144,"{""allowed_count"": 262120, ""expected_count"": 262120, ""missing_expected"": [], ""ok"": true, ""stop_token_ids"": [1, 50, 106], ""unexpected_allowed"": []}",3.4296499069896527,xgrammar,2.6586175390402786,4.464821000001393,41,65,64,"[818, 123108, 15298, 106715, 7723, 506, 3996, 4209, 236761, 236743, 107, 236743, 107, 236743, 107, 236743, 107, 236743, 107, 236743, 107, 236743, 107, 236743, 107, 236743, 107, 236743, 107, 236743, 107, 236743, 107, 236743, 107, 236743, 107, 236743, 107, 236743, 107, 236743, 107, 236743, 107, 236743, 107, 236743, 107, 236743, 107, 236743, 107, 236743, 107, 236743, 107, 236743, 107, 236743, 15298, 236743, 107, 236743, 106]","[818, 123108, 15298, 106715, 7723, 506, 3996, 4209, 236761, 236743, 107, 236743, 107, 236743, 107, 236743, 107, 236743, 107, 236743, 107, 236743, 107, 236743, 107, 236743, 107, 236743, 107, 236743, 107, 236743, 107, 236743, 107, 236743, 107, 236743, 107, 236743, 107, 236743, 107, 236743, 107, 236743, 107, 236743, 107, 236743, 107, 236743, 107, 236743, 107, 236743, 107, 236743, 107, 236743, 15298, 236743, 107, 236743]",1,"[1, 106, 50]",106,1,True,True,[2],"The hardworking worker diligently completed the complex task. 
 
 
 
 
 
 
 
 
 
 
 
 
 
 
 
 
 
 
 
 
 
 
 
 
  worker 
 ",True,10227373056,12.437327925988939
003_common_gen_kth_last_k6_t1_rep2,303,3,kth_last,6,1,2,65,8,529,651331240,common_gen,3,2,common_gen:validation:848,0,0d2907f2e49341b7c54a807a66c407faa4d60bb34b3715bf0fb54a1c4deb6f5a,2588b95114382a857de0d3e2eaac5caea698fbdc017a7e4a88033a26bed4d8b8,success,,512.0,512.0,512.0,False,,model_loaded,20.042267485987395,0.4746115710004233,0.13935144996503368,0.613963020965457,0.613963020965457,417,1177,20691,13165306,262144,"{""allowed_count"": 262120, ""expected_count"": 262120, ""missing_expected"": [], ""ok"": true, ""stop_token_ids"": [1, 50, 106], ""unexpected_allowed"": []}",3.756274979969021,xgrammar,2.6901592320064083,4.478608728968538,41,65,64,"[236777, 1133, 531, 2178, 684, 506, 4771, 532, 4526, 506, 6927, 3798, 236761, 236743, 107, 183222, 2094, 13315, 6178, 506, 3658, 623, 41855, 236775, 3622, 532, 563, 496, 2822, 236764, 3756, 236764, 40137, 5422, 13315, 2907, 107, 16907, 25864, 236772, 135778, 236786, 7166, 29357, 531, 5330, 496, 919, 1982, 1161, 529, 506, 14787, 1076, 236787, 669, 11172, 4733, 2178, 236764, 711, 496, 34410, 1183, 106]","[236777, 1133, 531, 2178, 684, 506, 4771, 532, 4526, 506, 6927, 3798, 236761, 236743, 107, 183222, 2094, 13315, 6178, 506, 3658, 623, 41855, 236775, 3622, 532, 563, 496, 2822, 236764, 3756, 236764, 40137, 5422, 13315, 2907, 107, 16907, 25864, 236772, 135778, 236786, 7166, 29357, 531, 5330, 496, 919, 1982, 1161, 529, 506, 14787, 1076, 236787, 669, 11172, 4733, 2178, 236764, 711, 496, 34410, 1183]",1,"[1, 106, 50]",106,1,True,True,[2],"I like to sit by the window and watch the rain fall. 
(?:This sentence uses the word ""sit"" once and is a short, natural, coherent English sentence.)
*(Self-Correction/Refinement to ensure a more direct use of the instruction set: The prompt asked sit, not a noun form",True,10227373056,12.857789771980606
004_common_gen_kth_last_k7_t1_rep2,304,4,kth_last,7,1,2,65,9,578,1672724734,common_gen,4,2,common_gen:validation:677,0,aec2c46b8cc319da94ccdb2a286b0d056d3e1e5d8ef65e61b6fd863347cf88e6,e2aef6d79057bbdfc722bda64977b03b5d2cc5770e6635b119a3b655f35bf287,success,,512.0,512.0,512.0,False,,model_loaded,18.239111620001495,0.4404626610339619,0.16088984202360734,0.6013525030575693,0.6013525030575693,468,1331,23458,16790572,262144,"{""allowed_count"": 262120, ""expected_count"": 262120, ""missing_expected"": [], ""ok"": true, ""stop_token_ids"": [1, 50, 106], ""unexpected_allowed"": []}",3.4473384419688955,xgrammar,2.7042008510325104,3.05884007998975,41,35,34,"[5778, 6544, 531, 6184, 506, 4299, 1494, 1131, 506, 2634, 236761, 236743, 107, 214060, 28120, 506, 4299, 1494, 1131, 506, 2634, 236761, 236743, 107, 818, 1919, 795, 6184, 506, 4299, 607, 1822, 34194, 236761, 106]","[5778, 6544, 531, 6184, 506, 4299, 1494, 1131, 506, 2634, 236761, 236743, 107, 214060, 28120, 506, 4299, 1494, 1131, 506, 2634, 236761, 236743, 107, 818, 1919, 795, 6184, 506, 4299, 607, 1822, 34194, 236761]",1,"[1, 106, 50]",106,1,True,False,[2],"She decided to throw the ball high into the air. 
 श्रद्धालु threw the ball high into the air. 
The child will throw the ball with great enthusiasm.",True,10225221632,11.123422909993678
005_common_gen_kth_last_k9_t1_rep2,305,5,kth_last,9,1,2,65,11,670,1166548901,common_gen,5,2,common_gen:validation:59,0,817ceaec51356bab6c1163be6c9e4d6f95b6e430712659e0c82b7e294cb868c2,714b3b6550b54fe8a00a74f989c4549bc0429cd8de37309eec6c041ebb9ed9c8,success,,512.0,512.0,512.0,False,,model_loaded,19.43969522602856,0.4582413150346838,0.1989708699984476,0.6572121850331314,0.6572121850331314,564,1621,28904,24806725,262144,"{""allowed_count"": 262120, ""expected_count"": 262120, ""missing_expected"": [], ""ok"": true, ""stop_token_ids"": [1, 50, 106], ""unexpected_allowed"": []}",3.374758565973025,xgrammar,2.7935823760344647,4.3300172529998235,41,56,55,"[818, 7274, 10362, 72578, 580, 506, 2633, 236764, 496, 32740, 32272, 529, 506, 54817, 5371, 236761, 236743, 107, 2717, 107, 2717, 107, 1018, 135778, 2721, 580, 506, 14787, 531, 1161, 808, 712, 236829, 14485, 528, 808, 811, 236829, 13315, 53121, 108, 818, 10095, 13058, 7006, 506, 10362, 580, 506, 15348, 1680, 9542, 506, 2978, 236761, 106]","[818, 7274, 10362, 72578, 580, 506, 2633, 236764, 496, 32740, 32272, 529, 506, 54817, 5371, 236761, 236743, 107, 2717, 107, 2717, 107, 1018, 135778, 2721, 580, 506, 14787, 531, 1161, 808, 712, 236829, 14485, 528, 808, 811, 236829, 13315, 53121, 108, 818, 10095, 13058, 7006, 506, 10362, 580, 506, 15348, 1680, 9542, 506, 2978, 236761]",1,"[1, 106, 50]",106,1,True,False,[2],"The heavy gun rested on the table, a stark reminder of the tense situation. 
```
```
**Correction based on the instruction to use *all* concepts in *one* sentence:**

The officer carefully placed the gun on the desk before leaving the room.",True,10226727424,12.44476844498422
006_common_gen_kth_last_k11_t1_rep2,306,6,kth_last,11,1,2,65,13,754,1478633376,common_gen,6,2,common_gen:validation:797,0,55875997b26ec27a65b1e50bcf2a12e33c65484d7eff29d6eed000fd56a72f36,aaf6b8ac43a5cfd70f64b41172f1302e93ed02f4b2b6a8fdc2686aa3b76089ba,success,,512.0,512.0,512.0,False,,model_loaded,16.67611537798075,0.4467188010457903,0.23671027697855607,0.6834290780243464,0.6834290780243464,652,1887,34130,33525826,262144,"{""allowed_count"": 262120, ""expected_count"": 262120, ""missing_expected"": [], ""ok"": true, ""stop_token_ids"": [1, 50, 106], ""unexpected_allowed"": []}",3.4036635989905335,xgrammar,2.604544173053,1.9535456080338918,41,17,16,"[5778, 13058, 7006, 506, 7274, 5693, 580, 506, 78921, 6413, 236761, 187353, 236761, 49248, 236761, 107, 1]","[5778, 13058, 7006, 506, 7274, 5693, 580, 506, 78921, 6413, 236761, 187353, 236761, 49248, 236761, 107]",1,"[1, 106, 50]",1,1,True,False,[1],"She carefully placed the heavy bag on the dusty floor. সুরক্ষিত. spelling.
",True,10224791040,9.955560564005282
007_common_gen_kth_last_k12_t1_rep2,307,7,kth_last,12,1,2,65,14,793,839306281,common_gen,7,2,common_gen:validation:914,0,b24a131bf1caec9aa8e89dff2ad41ec8bd06e1ee4d63f1b9e3caa51c15357886,6f790605457600cdb121709c9ca6cee1afbedee754682ebbdc5d810d340afce3,success,,512.0,512.0,512.0,False,,model_loaded,16.284587755973917,0.49485160899348557,0.25382167496718466,0.7486732839606702,0.7486732839606702,693,2011,36569,38037247,262144,"{""allowed_count"": 262120, ""expected_count"": 262120, ""missing_expected"": [], ""ok"": true, ""stop_token_ids"": [1, 50, 106], ""unexpected_allowed"": []}",3.359106830030214,xgrammar,2.5142403870122507,2.1007129170466214,41,19,18,"[236777, 2056, 531, 817, 531, 506, 15346, 1806, 2782, 496, 2069, 531, 4196, 4691, 236761, 236743, 107, 2717, 106]","[236777, 2056, 531, 817, 531, 506, 15346, 1806, 2782, 496, 2069, 531, 4196, 4691, 236761, 236743, 107, 2717]",1,"[1, 106, 50]",106,1,True,False,[1],"I try to go to the gym three times a week to stay fit. 
```",True,10224791040,10.010194937000051
008_common_gen_kth_last_k14_t1_rep2,308,8,kth_last,14,1,2,65,16,865,1668076455,common_gen,8,2,common_gen:validation:972,0,d9d1490583fd3856430989f360f07612a2e68c98713552f3a92f65c7cff53d46,64434fa20261201031a7af598f1d9766a5998aa701f1d9718e6a7eb0f8e97782,success,,512.0,512.0,512.0,False,,model_loaded,18.104569792049006,0.5537676819949411,0.30700213101226836,0.8607698130072095,0.8607698130072095,769,2241,41099,47157790,262144,"{""allowed_count"": 262120, ""expected_count"": 262120, ""missing_expected"": [], ""ok"": true, ""stop_token_ids"": [1, 50, 106], ""unexpected_allowed"": []}",3.398669994028751,xgrammar,2.89352218498243,3.107139546016697,41,37,36,"[818, 5745, 2495, 691, 6861, 1765, 1208, 506, 2255, 11825, 236761, 236743, 107, 2717, 3723, 107, 236840, 107, 138, 236775, 818, 5745, 2495, 691, 6861, 1765, 1208, 506, 2255, 11825, 1781, 107, 236842, 107, 2717, 107, 1]","[818, 5745, 2495, 691, 6861, 1765, 1208, 506, 2255, 11825, 236761, 236743, 107, 2717, 3723, 107, 236840, 107, 138, 236775, 818, 5745, 2495, 691, 6861, 1765, 1208, 506, 2255, 11825, 1781, 107, 236842, 107, 2717, 107]",1,"[1, 106, 50]",1,1,True,False,[2],"The lost object was finally found under the old bridge. 
```json
[
  ""The lost object was finally found under the old bridge.""
]
```
",True,10225364992,11.631608875992242
009_common_gen_kth_last_k16_t1_rep2,309,9,kth_last,16,1,2,65,18,929,1784310185,common_gen,9,2,common_gen:validation:171,0,4e7c9791c5f82b5d3255c730bd3d04509b2d998e3757bd87a36eb2a6da470cdb,a80cae0a198e45cc2bb411928d163bd55cd51cd5606c26adb339dbc6da4ed753,success,,512.0,512.0,512.0,False,,model_loaded,19.49731162399985,0.4613900120020844,0.31608408904867247,0.7774741010507569,0.7774741010507569,837,2447,45165,56157121,262144,"{""allowed_count"": 262120, ""expected_count"": 262120, ""missing_expected"": [], ""ok"": true, ""stop_token_ids"": [1, 50, 106], ""unexpected_allowed"": []}",3.49296967999544,xgrammar,2.766725511988625,4.547024180996232,41,65,64,"[5778, 13058, 16010, 1116, 16856, 528, 506, 14701, 236764, 75239, 496, 29110, 2352, 528, 1116, 3392, 236761, 138096, 236761, 10558, 236761, 39979, 236761, 1110, 500, 37979, 236761, 236765, 19110, 236761, 2064, 236761, 61475, 236761, 712, 236761, 20764, 236761, 1340, 236761, 1437, 236761, 1979, 236761, 37051, 236761, 21259, 236761, 3392, 236761, 67817, 6193, 51982, 236761, 6791, 1979, 236775, 691, 506, 1186, 3149, 3658, 236764, 51881, 106]","[5778, 13058, 16010, 1116, 16856, 528, 506, 14701, 236764, 75239, 496, 29110, 2352, 528, 1116, 3392, 236761, 138096, 236761, 10558, 236761, 39979, 236761, 1110, 500, 37979, 236761, 236765, 19110, 236761, 2064, 236761, 61475, 236761, 712, 236761, 20764, 236761, 1340, 236761, 1437, 236761, 1979, 236761, 37051, 236761, 21259, 236761, 3392, 236761, 67817, 6193, 51982, 236761, 6791, 1979, 236775, 691, 506, 1186, 3149, 3658, 236764, 51881]",1,"[1, 106, 50]",106,1,True,True,[2],"She carefully examined her reflection in the mirror, noticing a subtle change in her face. humaine.loss.future.apprehension.worry.action.hope.all.parts.of.the.face.were.visible. face. замешательство. (""face"" was the only required word, repetition",True,10227373056,12.935421581030823
010_common_gen_kth_last_k17_t1_rep2,310,10,kth_last,17,1,2,65,19,958,1547818814,common_gen,10,2,common_gen:validation:126,0,c01b9f406ee7e5b99748aa0e26796430d96f03ff09d772c8b33e6da199810b35,d255c611714607c4c857239592c7424f3ccef6036ddf4f789a20195354f1f149,success,,512.0,512.0,512.0,False,,model_loaded,19.450463773973752,0.45827589300461113,0.3266186010441743,0.7848944940487854,0.7848944940487854,868,2541,47024,60524497,262144,"{""allowed_count"": 262120, ""expected_count"": 262120, ""missing_expected"": [], ""ok"": true, ""stop_token_ids"": [1, 50, 106], ""unexpected_allowed"": []}",3.4321708439965732,xgrammar,2.7529676979756914,4.4218106920016,41,65,64,"[5778, 6544, 531, 6184, 506, 4299, 1494, 1131, 506, 2634, 236761, 71650, 236746, 11536, 531, 4682, 625, 236761, 107, 13513, 107, 236829, 25864, 236772, 135778, 236786, 30852, 2721, 580, 10346, 11172, 63508, 669, 11172, 19565, 573, 808, 161617, 886, 2822, 236764, 3756, 236764, 40137, 5422, 13315, 236829, 6184, 236761, 669, 2591, 2787, 563, 1156, 23974, 236761, 3792, 786, 70174, 531, 2874, 506, 21183, 236761, 106]","[5778, 6544, 531, 6184, 506, 4299, 1494, 1131, 506, 2634, 236761, 71650, 236746, 11536, 531, 4682, 625, 236761, 107, 13513, 107, 236829, 25864, 236772, 135778, 236786, 30852, 2721, 580, 10346, 11172, 63508, 669, 11172, 19565, 573, 808, 161617, 886, 2822, 236764, 3756, 236764, 40137, 5422, 13315, 236829, 6184, 236761, 669, 2591, 2787, 563, 1156, 23974, 236761, 3792, 786, 70174, 531, 2874, 506, 21183, 236761]",1,"[1, 106, 50]",106,1,True,True,[2],"She decided to throw the ball high into the air. കാലa ran to catch it.
***
*Self-Correction/Review based on strict prompt*: The prompt asks for *exactly one short, natural, coherent English sentence* throw. The example above is two sentences. Let me revise to meet the constraint.",True,10227373056,12.731689736945555
011_common_gen_kth_last_k19_t1_rep2,311,11,kth_last,19,1,2,65,21,1010,729600490,common_gen,11,2,common_gen:validation:361,0,d07fb78309a849fc5d3ce6e5a3a5851b893ac12567367b415056a4c4988e62e4,dda14b120e9ea0a082dfcc745fac93e9dd8354275e4271dad8150354379551e3,success,,512.0,512.0,512.0,False,,model_loaded,21.778453928011004,0.5207120749983005,0.365145163028501,0.8858572380268015,0.8858572380268015,924,2711,50394,68838430,262144,"{""allowed_count"": 262120, ""expected_count"": 262120, ""missing_expected"": [], ""ok"": true, ""stop_token_ids"": [1, 50, 106], ""unexpected_allowed"": []}",3.6864759270101786,xgrammar,2.9043606080231257,2.938855077023618,41,36,35,"[9366, 4721, 6931, 834, 692, 740, 1502, 506, 5395, 236761, 197, 107, 236768, 107, 236775, 9366, 4721, 6931, 834, 692, 740, 1502, 506, 5395, 1781, 563, 496, 3756, 236764, 40137, 13315, 1699, 623, 11412, 3056, 106]","[9366, 4721, 6931, 834, 692, 740, 1502, 506, 5395, 236761, 197, 107, 236768, 107, 236775, 9366, 4721, 6931, 834, 692, 740, 1502, 506, 5395, 1781, 563, 496, 3756, 236764, 40137, 13315, 1699, 623, 11412, 3056]",1,"[1, 106, 50]",106,1,True,False,[2],"Please stop talking so we can start the meeting.</blockquote>
)
""Please stop talking so we can start the meeting."" is a natural, coherent sentence using ""stop"".",True,10225293312,11.757354377012234
012_common_gen_kth_last_k20_t1_rep2,312,12,kth_last,20,1,2,65,22,1033,1929346766,common_gen,12,2,common_gen:validation:835,0,df832708947a517b6abe40a1854c32f7f42796967c52ff8df9ecb79f7fc6ecc9,ba5da9c18121e2d130068802398852e1a490f93ed3de273284a956a5be137b3f,success,,512.0,512.0,512.0,False,,model_loaded,21.08459700801177,0.5251191079732962,0.37973255600081757,0.9048516639741138,0.9048516639741138,949,2787,51905,72728467,262144,"{""allowed_count"": 262120, ""expected_count"": 262120, ""missing_expected"": [], ""ok"": true, ""stop_token_ids"": [1, 50, 106], ""unexpected_allowed"": []}",3.722287882992532,xgrammar,2.8245948580442928,4.491051610966679,41,65,64,"[818, 34323, 4526, 691, 496, 28697, 6347, 529, 83918, 236761, 197, 107, 107, 107, 139, 107, 139, 107, 139, 107, 139, 107, 139, 107, 139, 107, 139, 107, 139, 107, 139, 107, 139, 107, 139, 107, 139, 107, 139, 107, 139, 107, 139, 107, 6347, 107, 139, 107, 139, 107, 139, 107, 139, 107, 139, 107, 139, 107, 139, 107, 139, 107, 139, 107, 1]","[818, 34323, 4526, 691, 496, 28697, 6347, 529, 83918, 236761, 197, 107, 107, 107, 139, 107, 139, 107, 139, 107, 139, 107, 139, 107, 139, 107, 139, 107, 139, 107, 139, 107, 139, 107, 139, 107, 139, 107, 139, 107, 139, 107, 139, 107, 6347, 107, 139, 107, 139, 107, 139, 107, 139, 107, 139, 107, 139, 107, 139, 107, 139, 107, 139, 107]",1,"[1, 106, 50]",1,1,True,True,[2],"The antique watch was a delicate piece of craftsmanship.</blockquote>


   
   
   
   
   
   
   
   
   
   
   
   
   
   
   
 piece
   
   
   
   
   
   
   
   
   
",True,10227373056,13.322855576989241
013_common_gen_kth_last_k22_t1_rep2,313,13,kth_last,22,1,2,65,24,1073,1576972858,common_gen,13,2,common_gen:validation:141,0,1d3fcce8300c475309c413170779c0135a6ad0def6676ba1efc17ad9a80c2f26,3726580c795ed29fa93ca2797e5ece6c1ad2f8cc3766c664dfed463fd9c5e361,success,,512.0,512.0,512.0,False,,model_loaded,17.735776063986123,0.45912310999119654,0.39491826499579474,0.8540413749869913,0.8540413749869913,993,2921,54579,79848322,262144,"{""allowed_count"": 262120, ""expected_count"": 262120, ""missing_expected"": [], ""ok"": true, ""stop_token_ids"": [1, 50, 106], ""unexpected_allowed"": []}",3.4767574970028363,xgrammar,2.804380816000048,2.527406981040258,41,27,26,"[5778, 6077, 6812, 1116, 3392, 3121, 699, 506, 31084, 81520, 529, 506, 3768, 236761, 116418, 3392, 236761, 31832, 34996, 236761, 3637, 236761, 25188, 236761, 17601, 236761, 106]","[5778, 6077, 6812, 1116, 3392, 3121, 699, 506, 31084, 81520, 529, 506, 3768, 236761, 116418, 3392, 236761, 31832, 34996, 236761, 3637, 236761, 25188, 236761, 17601, 236761]",1,"[1, 106, 50]",106,1,True,False,[2],She quickly turned her face away from the harsh glare of the sun. ক্ষমতার face.CAPABILITY.Context.Fun.Face.,True,10224791040,11.173091664968524
014_common_gen_kth_last_k24_t1_rep2,314,14,kth_last,24,1,2,65,26,1105,641986217,common_gen,14,2,common_gen:validation:150,0,c14fe9a1f351e694228f8a2784a9c1a17314fd2b71a0e6a800c4f9c022810b89,f4146274d660cf943ba1ea2747d78188392c237564598e95fd9f570a72c81150,success,,512.0,512.0,512.0,False,,model_loaded,19.065114538010675,0.4556031050160527,0.39724357100203633,0.8528466760180891,0.8528466760180891,1029,3031,56789,85942645,262144,"{""allowed_count"": 262120, ""expected_count"": 262120, ""missing_expected"": [], ""ok"": true, ""stop_token_ids"": [1, 50, 106], ""unexpected_allowed"": []}",3.4249836819944903,xgrammar,2.683493111981079,4.424444623000454,41,65,64,"[818, 7274, 7613, 30195, 524, 506, 12010, 10092, 236761, 236743, 107, 2717, 107, 2717, 107, 107, 107, 2717, 107, 2717, 107, 2717, 107, 2717, 107, 2717, 107, 2717, 107, 2717, 107, 2717, 107, 2717, 107, 2717, 107, 2717, 107, 2717, 7613, 107, 2717, 107, 2717, 107, 2717, 107, 2717, 107, 2717, 107, 2717, 107, 2717, 107, 2717, 107, 2717, 107, 2717, 107, 2717, 107, 1]","[818, 7274, 7613, 30195, 524, 506, 12010, 10092, 236761, 236743, 107, 2717, 107, 2717, 107, 107, 107, 2717, 107, 2717, 107, 2717, 107, 2717, 107, 2717, 107, 2717, 107, 2717, 107, 2717, 107, 2717, 107, 2717, 107, 2717, 107, 2717, 7613, 107, 2717, 107, 2717, 107, 2717, 107, 2717, 107, 2717, 107, 2717, 107, 2717, 107, 2717, 107, 2717, 107, 2717, 107, 2717, 107]",1,"[1, 106, 50]",1,1,True,True,[2],"The heavy snow blanketed the quiet landscape. 
```
```


```
```
```
```
```
```
```
```
```
```
```
``` snow
```
```
```
```
```
```
```
```
```
```
```
",True,10227373056,12.694233977003023
015_common_gen_kth_last_k25_t1_rep2,315,15,kth_last,25,1,2,65,27,1118,364483986,common_gen,15,2,common_gen:validation:4,0,e34453a75e41d5d223d02134e5617bbd9abab1492a3a890996e8002b3aeef1cb,391e080e5c6b55be6a252403d59b9a50756fffbea016271d96a91913c2ccaceb,success,,512.0,512.0,512.0,False,,model_loaded,18.936398410005495,0.5263074209797196,0.407289827009663,0.9335972479893826,0.9335972479893826,1044,3077,57720,88558237,262144,"{""allowed_count"": 262120, ""expected_count"": 262120, ""missing_expected"": [], ""ok"": true, ""stop_token_ids"": [1, 50, 106], ""unexpected_allowed"": []}",3.3803756320266984,xgrammar,2.830297372012865,3.776040107011795,42,50,49,"[1882, 1053, 531, 17085, 506, 25465, 17971, 531, 5370, 506, 34976, 236761, 236743, 107, 2717, 3723, 107, 14937, 54554, 1083, 623, 1882, 1053, 531, 17085, 506, 25465, 17971, 531, 5370, 506, 34976, 1781, 236783, 107, 2717, 107, 107, 1018, 135778, 53121, 669, 14787, 4733, 573, 808, 161617, 886, 2822, 106]","[1882, 1053, 531, 17085, 506, 25465, 17971, 531, 5370, 506, 34976, 236761, 236743, 107, 2717, 3723, 107, 14937, 54554, 1083, 623, 1882, 1053, 531, 17085, 506, 25465, 17971, 531, 5370, 506, 34976, 1781, 236783, 107, 2717, 107, 107, 1018, 135778, 53121, 669, 14787, 4733, 573, 808, 161617, 886, 2822]",1,"[1, 106, 50]",106,1,True,False,[2],"We had to climb the steep hill to reach the summit. 
```json
{""sentence"": ""We had to climb the steep hill to reach the summit.""}
```

**Correction:** The instruction asked for *exactly one short",True,10226369024,12.277914097008761
016_common_gen_kth_last_k27_t1_rep2,316,16,kth_last,27,1,2,65,29,1138,2143483223,common_gen,16,2,common_gen:validation:561,0,533e9d7e6f538a840eae69e5af6f178f81a2bf889a7798e90f8fd75d57f1c035,ac8a3b808d8cb2f041936a2146659a65b2304056f88550470aa6143844fdc431,success,,512.0,512.0,512.0,False,,model_loaded,17.640437556023244,0.465843349986244,0.41792691202135757,0.8837702620076016,0.8837702620076016,1068,3151,59234,92849722,262144,"{""allowed_count"": 262120, ""expected_count"": 262120, ""missing_expected"": [], ""ok"": true, ""stop_token_ids"": [1, 50, 106], ""unexpected_allowed"": []}",3.505216859979555,xgrammar,2.839148416009266,2.615854286006652,41,30,29,"[818, 2268, 9989, 171982, 83755, 506, 7804, 2604, 4299, 3418, 506, 4467, 236761, 35254, 236787, 9989, 236761, 2689, 236761, 5293, 236761, 5662, 236761, 11690, 236761, 2317, 236761, 861, 236761, 106]","[818, 2268, 9989, 171982, 83755, 506, 7804, 2604, 4299, 3418, 506, 4467, 236761, 35254, 236787, 9989, 236761, 2689, 236761, 5293, 236761, 5662, 236761, 11690, 236761, 2317, 236761, 861, 236761]",1,"[1, 106, 50]",106,1,True,False,[2],The little kid excitedly chased the bright red ball across the park. Values: kid. mean. happy. playing. outdoor. fun. new.,True,10224863232,11.147058987000491
017_common_gen_kth_last_k29_t1_rep2,317,17,kth_last,29,1,2,65,31,1150,1757643343,common_gen,17,2,common_gen:validation:313,0,c163628a3d0b3c94a46ae36e1c8502aa01c99fb42a8c76c712f57f238897a2b2,f7496857333910bd39c7bedcb1c43029d371fd17d1ff733ffbbcf8bc09d7b74a,success,,512.0,512.0,512.0,False,,model_loaded,18.074337862955872,0.5245030130026862,0.4323166329995729,0.9568196460022591,0.9568196460022591,1084,3201,60284,95809435,262144,"{""allowed_count"": 262120, ""expected_count"": 262120, ""missing_expected"": [], ""ok"": true, ""stop_token_ids"": [1, 50, 106], ""unexpected_allowed"": []}",3.3720778419519775,xgrammar,2.8580552279599942,2.972302384034265,41,36,35,"[818, 18487, 4249, 532, 7545, 529, 30123, 1386, 625, 496, 63375, 7932, 531, 4526, 236761, 39268, 107, 144, 107, 140, 107, 140, 107, 140, 107, 140, 107, 140, 107, 140, 107, 140, 107, 140, 107, 106]","[818, 18487, 4249, 532, 7545, 529, 30123, 1386, 625, 496, 63375, 7932, 531, 4526, 236761, 39268, 107, 144, 107, 140, 107, 140, 107, 140, 107, 140, 107, 140, 107, 140, 107, 140, 107, 140, 107]",1,"[1, 106, 50]",106,1,True,False,[1],"The intense speed and strategy of hockey make it a thrilling sport to watch. خاص
        
    
    
    
    
    
    
    
    
",True,10225293312,11.584372878016438
018_common_gen_kth_last_k30_t1_rep2,318,18,kth_last,30,1,2,65,32,1153,979905621,common_gen,18,2,common_gen:validation:23,0,f97b6452fbd845c1b21a49fcc17510c23ef6bf140f44fd526b4abeaa89f20f7e,f4f8687892690dbce9ad4838f0072f5563c363988faff5ca45f429fc49c1cda2,success,,512.0,512.0,512.0,False,,model_loaded,19.44099432101939,0.45847717800643295,0.4267635750002228,0.8852407530066557,0.8852407530066557,1089,3217,60635,96767782,262144,"{""allowed_count"": 262120, ""expected_count"": 262120, ""missing_expected"": [], ""ok"": true, ""stop_token_ids"": [1, 50, 106], ""unexpected_allowed"": []}",3.4596909140236676,xgrammar,2.7021323750377633,4.438530154991895,41,65,64,"[236777, 1133, 531, 2178, 684, 506, 4771, 532, 1676, 496, 2260, 236761, 224394, 506, 3495, 529, 8116, 236761, 3689, 563, 506, 3495, 529, 8116, 236881, 2282, 577, 528, 496, 2939, 529, 1884, 653, 1894, 2178, 236761, 8435, 818, 3495, 529, 8116, 563, 531, 577, 528, 496, 2939, 529, 1884, 653, 1894, 236761, 9675, 236764, 564, 1374, 1186, 2847, 886, 13315, 236761, 108, 236777, 1133, 106]","[236777, 1133, 531, 2178, 684, 506, 4771, 532, 1676, 496, 2260, 236761, 224394, 506, 3495, 529, 8116, 236761, 3689, 563, 506, 3495, 529, 8116, 236881, 2282, 577, 528, 496, 2939, 529, 1884, 653, 1894, 2178, 236761, 8435, 818, 3495, 529, 8116, 563, 531, 577, 528, 496, 2939, 529, 1884, 653, 1894, 236761, 9675, 236764, 564, 1374, 1186, 2847, 886, 13315, 236761, 108, 236777, 1133]",1,"[1, 106, 50]",106,1,True,True,[2],"I like to sit by the window and read a book. erinnern the concept of sitting.What is the concept of sitting? To be in a position of rest or support sit.npThe concept of sitting is to be in a position of rest or support.However, I should only provide one sentence.

I like",True,10227373056,12.846869573986623
019_common_gen_kth_last_k32_t1_rep2,319,19,kth_last,32,1,2,65,34,1153,1919803765,common_gen,19,2,common_gen:validation:920,0,871d8773d0ddfe3c39e9c60f87408d8b9635139109e810c6861a8c77448f3643,1d733d39e14a930264fba727d977ee0e1d28e887c1643af2c4d2a731457b79ef,success,,512.0,512.0,512.0,False,,model_loaded,19.588162394997198,0.45689549698727205,0.42868482100311667,0.8855803179903887,0.8855803179903887,1093,3231,60989,97614697,262144,"{""allowed_count"": 262120, ""expected_count"": 262120, ""missing_expected"": [], ""ok"": true, ""stop_token_ids"": [1, 50, 106], ""unexpected_allowed"": []}",3.8908321319613606,xgrammar,2.773791807005182,4.250037615012843,41,62,61,"[236776, 6962, 14819, 10035, 872, 1116, 3392, 618, 1304, 53087, 4677, 236761, 89753, 2217, 18110, 52223, 532, 506, 14819, 236761, 12511, 5282, 672, 236761, 107, 236781, 107, 236776, 6962, 14819, 10035, 872, 1116, 3392, 618, 1304, 53087, 4677, 236761, 107, 236781, 107, 236776, 6962, 14819, 10035, 872, 1116, 3392, 618, 1304, 53087, 4677, 236761, 107, 236781, 107, 236776, 6962, 14819, 10035, 106]","[236776, 6962, 14819, 10035, 872, 1116, 3392, 618, 1304, 53087, 4677, 236761, 89753, 2217, 18110, 52223, 532, 506, 14819, 236761, 12511, 5282, 672, 236761, 107, 236781, 107, 236776, 6962, 14819, 10035, 872, 1116, 3392, 618, 1304, 53087, 4677, 236761, 107, 236781, 107, 236776, 6962, 14819, 10035, 872, 1116, 3392, 618, 1304, 53087, 4677, 236761, 107, 236781, 107, 236776, 6962, 14819, 10035]",1,"[1, 106, 50]",106,1,True,False,[5],"A warm smile lit up her face as she greeted everyone.ośćnotemen ito and the smile.batlike this.
x
A warm smile lit up her face as she greeted everyone.
x
A warm smile lit up her face as she greeted everyone.
x
A warm smile lit",True,10227158016,13.13781809801003
020_common_gen_kth_last_k33_t1_rep2,320,20,kth_last,33,1,2,65,35,1150,991485594,common_gen,20,2,common_gen:validation:748,0,c98ba63be78c8ef11321efbccb229d04e71ca31f28ad7ea733172b1b9c322e92,e6eede76d8980048035100aa714f2312c9cb47b4bbfa8357399dac380fc0369e,success,,512.0,512.0,512.0,False,,model_loaded,19.35383733699564,0.4839862110093236,0.431416786974296,0.9154029979836196,0.9154029979836196,1092,3229,60992,97498546,262144,"{""allowed_count"": 262120, ""expected_count"": 262120, ""missing_expected"": [], ""ok"": true, ""stop_token_ids"": [1, 50, 106], ""unexpected_allowed"": []}",3.8155594199779443,xgrammar,2.8277625199989416,3.8685323710087687,41,54,53,"[236777, 1202, 531, 9039, 2613, 1680, 564, 740, 31995, 580, 506, 2203, 236761, 236743, 107, 2717, 107, 236777, 1202, 531, 9039, 2613, 1680, 564, 740, 31995, 580, 506, 2203, 236761, 107, 2717, 107, 236769, 20470, 236764, 600, 4038, 236789, 236745, 1161, 808, 712, 236829, 506, 14485, 528, 496, 21475, 1595, 236764, 1186, 506, 106]","[236777, 1202, 531, 9039, 2613, 1680, 564, 740, 31995, 580, 506, 2203, 236761, 236743, 107, 2717, 107, 236777, 1202, 531, 9039, 2613, 1680, 564, 740, 31995, 580, 506, 2203, 236761, 107, 2717, 107, 236769, 20470, 236764, 600, 4038, 236789, 236745, 1161, 808, 712, 236829, 506, 14485, 528, 496, 21475, 1595, 236764, 1186, 506]",1,"[1, 106, 50]",106,1,True,False,[2],"I need to eat something before I can concentrate on the project. 
```
I need to eat something before I can concentrate on the project.
```
(Wait, that doesn't use *all* the concepts in a meaningful way, only the",True,10226584064,12.792584652022924
021_common_gen_kth_last_k35_t1_rep2,321,21,kth_last,35,1,2,65,37,1138,657660878,common_gen,21,2,common_gen:validation:945,0,8456cec822caaa4be05019eac9756cd1d32dd5cdc125e176e78f58f8a8e39337,513ccd5aa50e59e897bce1fc704cfb913de4b1a9a728250e6e123ae8e5936a99,success,,512.0,512.0,512.0,False,,model_loaded,19.398890429001767,0.5385246009682305,0.42602204001741484,0.9645466409856454,0.9645466409856454,1084,3207,60650,96190333,262144,"{""allowed_count"": 262120, ""expected_count"": 262120, ""missing_expected"": [], ""ok"": true, ""stop_token_ids"": [1, 50, 106], ""unexpected_allowed"": []}",3.3948513249633834,xgrammar,2.7434618530096486,4.511630883964244,41,65,64,"[1882, 6544, 531, 735, 5111, 236772, 74983, 21580, 573, 12441, 236761, 236743, 107, 236235, 107, 236743, 107, 236743, 107, 236743, 107, 236743, 107, 236743, 107, 236743, 107, 236743, 107, 11495, 236761, 236743, 107, 236743, 107, 236743, 107, 236743, 107, 236743, 107, 236743, 107, 236743, 107, 236743, 107, 236743, 107, 236743, 107, 236743, 107, 236743, 107, 236743, 107, 236743, 107, 236743, 107, 236743, 107, 236743, 106]","[1882, 6544, 531, 735, 5111, 236772, 74983, 21580, 573, 12441, 236761, 236743, 107, 236235, 107, 236743, 107, 236743, 107, 236743, 107, 236743, 107, 236743, 107, 236743, 107, 236743, 107, 11495, 236761, 236743, 107, 236743, 107, 236743, 107, 236743, 107, 236743, 107, 236743, 107, 236743, 107, 236743, 107, 236743, 107, 236743, 107, 236743, 107, 236743, 107, 236743, 107, 236743, 107, 236743, 107, 236743, 107, 236743]",1,"[1, 106, 50]",106,1,True,True,[1],"We decided to have slow-cooked beef for dinner. 
六年
 
 
 
 
 
 
 
 meat. 
 
 
 
 
 
 
 
 
 
 
 
 
 
 
 
 ",True,10227373056,12.969377628003713
022_common_gen_kth_last_k37_t1_rep2,322,22,kth_last,37,1,2,65,39,1118,189588838,common_gen,22,2,common_gen:validation:309,0,0250de5921b2cc08e2b59c309b38f35882bd605ddaff72d345a217f450064dd6,99c2ea1eac64b6cb3791baf2d50dfce5c15d2a0b85b56c767acdb3b85b9de491,success,,512.0,512.0,512.0,False,,model_loaded,18.936547224991955,0.49085220898268744,0.42224817303940654,0.913100382022094,0.913100382022094,1068,3161,59844,93475292,262144,"{""allowed_count"": 262120, ""expected_count"": 262120, ""missing_expected"": [], ""ok"": true, ""stop_token_ids"": [1, 50, 106], ""unexpected_allowed"": []}",3.3873497410095297,xgrammar,2.756551908038091,4.099949806986842,41,56,55,"[818, 23482, 4155, 19284, 496, 4011, 2827, 531, 9584, 506, 13626, 236761, 1885, 107, 504, 107, 818, 11554, 4155, 6418, 15269, 64224, 1913, 506, 1626, 4241, 236761, 1885, 107, 504, 107, 236776, 24856, 4155, 2462, 80102, 531, 4006, 910, 2290, 236761, 1885, 107, 504, 107, 6372, 4155, 13646, 20987, 78485, 532, 169937, 236761, 1885, 107, 1]","[818, 23482, 4155, 19284, 496, 4011, 2827, 531, 9584, 506, 13626, 236761, 1885, 107, 504, 107, 818, 11554, 4155, 6418, 15269, 64224, 1913, 506, 1626, 4241, 236761, 1885, 107, 504, 107, 236776, 24856, 4155, 2462, 80102, 531, 4006, 910, 2290, 236761, 1885, 107, 504, 107, 6372, 4155, 13646, 20987, 78485, 532, 169937, 236761, 1885, 107]",1,"[1, 106, 50]",1,1,True,False,[4],"The skilled player executed a perfect move to secure the victory.px
or
The dedicated player showed incredible teamwork during the final match.px
or
A talented player always strives to improve their game.px
or
That player demonstrated exceptional agility and finesse.px
",True,10226727424,12.51302738202503
023_common_gen_kth_last_k38_t1_rep2,323,23,kth_last,38,1,2,65,40,1105,1384715305,common_gen,23,2,common_gen:validation:76,0,a3f0c80a6396d9196e30d522c77936ae1de157c19891a8a793354a302a72aaa7,ab1b383577a8409110448979020d36c82d157f9d888bbf49c0d476a8f08faf09,success,,512.0,512.0,512.0,False,,model_loaded,20.917792254011147,0.5636321229976602,0.4279305039672181,0.9915626269648783,0.9915626269648783,1057,3129,59267,91608076,262144,"{""allowed_count"": 262120, ""expected_count"": 262120, ""missing_expected"": [], ""ok"": true, ""stop_token_ids"": [1, 50, 106], ""unexpected_allowed"": []}",3.384496728947852,xgrammar,2.838839460979216,4.467998859996442,41,65,64,"[818, 861, 14929, 1012, 8314, 3996, 17927, 531, 506, 3272, 236761, 247474, 107, 1999, 1012, 1012, 1012, 1012, 1012, 1012, 1012, 1012, 1012, 1012, 1012, 1012, 1012, 1012, 1012, 1012, 1012, 1012, 1012, 1012, 1012, 1012, 1012, 1012, 1012, 1012, 1012, 1012, 1012, 1012, 1012, 1012, 1012, 1012, 1012, 1012, 1012, 1012, 1012, 1012, 1012, 1012, 1012, 1012, 1012, 1012, 1012, 1012, 1012, 1012, 106]","[818, 861, 14929, 1012, 8314, 3996, 17927, 531, 506, 3272, 236761, 247474, 107, 1999, 1012, 1012, 1012, 1012, 1012, 1012, 1012, 1012, 1012, 1012, 1012, 1012, 1012, 1012, 1012, 1012, 1012, 1012, 1012, 1012, 1012, 1012, 1012, 1012, 1012, 1012, 1012, 1012, 1012, 1012, 1012, 1012, 1012, 1012, 1012, 1012, 1012, 1012, 1012, 1012, 1012, 1012, 1012, 1012, 1012, 1012, 1012, 1012, 1012, 1012]",1,"[1, 106, 50]",106,1,True,True,[51],"The new programming class introduced complex algorithms to the students.🍦
class class class class class class class class class class class class class class class class class class class class class class class class class class class class class class class class class class class class class class class class class class class class class class class class class class class",True,10227373056,13.122794652008452
024_common_gen_kth_last_k40_t1_rep2,324,24,kth_last,40,1,2,65,42,1073,174690424,common_gen,24,2,common_gen:validation:460,0,3f21b7a733d1f5b63461724899d92936df501a5f509d6dc3280c3093b29177b5,4cf73412f4f8f45e698e9103f19686f5cbf42027bb4a3b049406aa27fff310e1,success,,512.0,512.0,512.0,False,,model_loaded,19.704771083954256,0.4836342480266467,0.4067431080038659,0.8903773560305126,0.8903773560305126,1029,3047,57765,86907413,262144,"{""allowed_count"": 262120, ""expected_count"": 262120, ""missing_expected"": [], ""ok"": true, ""stop_token_ids"": [1, 50, 106], ""unexpected_allowed"": []}",3.4603414759621955,xgrammar,2.8276725010364316,3.312943976954557,41,43,42,"[818, 89481, 4299, 25829, 3418, 506, 3826, 2135, 236761, 236743, 107, 432, 398, 236743, 107, 16907, 25864, 236772, 135778, 236786, 7166, 29357, 236787, 669, 11172, 19565, 573, 496, 13315, 1699, 506, 3658, 623, 3703, 2098, 840, 506, 3847, 1694, 1186, 6097, 886, 106]","[818, 89481, 4299, 25829, 3418, 506, 3826, 2135, 236761, 236743, 107, 432, 398, 236743, 107, 16907, 25864, 236772, 135778, 236786, 7166, 29357, 236787, 669, 11172, 19565, 573, 496, 13315, 1699, 506, 3658, 623, 3703, 2098, 840, 506, 3847, 1694, 1186, 6097, 886]",1,"[1, 106, 50]",106,1,True,False,[1],"The bouncing ball rolled across the green field. 
  
*(Self-Correction/Refinement: The prompt asks for a sentence using the word ""ball,"" but the provided list only contains one",True,10225795584,11.851175772957504
025_common_gen_kth_last_k42_t1_rep2,325,25,kth_last,42,1,2,65,44,1033,767023149,common_gen,25,2,common_gen:validation:466,0,08fc23213ee544795886a64ada84742f15b24e8be32d60c0288aa9ec1ad9e422,1a23fe33746fc11dffe5403c5e29b0649ff9446c8c3f04899791a7f6784c2ec4,success,,512.0,512.0,512.0,False,,model_loaded,18.858809769968502,0.46447118499781936,0.39213647600263357,0.8566076610004529,0.8566076610004529,993,2941,55799,81012562,262144,"{""allowed_count"": 262120, ""expected_count"": 262120, ""missing_expected"": [], ""ok"": true, ""stop_token_ids"": [1, 50, 106], ""unexpected_allowed"": []}",3.530181384005118,xgrammar,2.817678098974284,3.412856584007386,41,46,45,"[1882, 6544, 531, 3727, 531, 506, 4467, 672, 12399, 236761, 236743, 107, 2717, 107, 2717, 107, 107, 2717, 107, 2717, 107, 2717, 107, 2717, 107, 2717, 107, 2717, 107, 2717, 107, 2717, 107, 2717, 107, 2717, 107, 2717, 107, 2717, 107, 2717, 107, 2717, 107, 1]","[1882, 6544, 531, 3727, 531, 506, 4467, 672, 12399, 236761, 236743, 107, 2717, 107, 2717, 107, 107, 2717, 107, 2717, 107, 2717, 107, 2717, 107, 2717, 107, 2717, 107, 2717, 107, 2717, 107, 2717, 107, 2717, 107, 2717, 107, 2717, 107, 2717, 107, 2717, 107]",1,"[1, 106, 50]",1,1,True,False,[1],"We decided to walk to the park this afternoon. 
```
```

```
```
```
```
```
```
```
```
```
```
```
```
```
```
",True,10226010624,11.955338150961325
026_common_gen_kth_last_k43_t1_rep2,326,26,kth_last,43,1,2,65,45,1010,1718174226,common_gen,26,2,common_gen:validation:57,0,f32fa42f100a51cab5e3189fbcef1d06ea8e5e0118df67fc4ba83941cb79b58c,7685b3e49d5e84a5f99052f416ed8a1f81dce50bbb9ec54682a6bf0912757cfb,success,,512.0,512.0,512.0,False,,model_loaded,19.68868439999642,0.46340188902104273,0.3821931339916773,0.84559502301272,0.84559502301272,972,2879,54642,77660081,262144,"{""allowed_count"": 262120, ""expected_count"": 262120, ""missing_expected"": [], ""ok"": true, ""stop_token_ids"": [1, 50, 106], ""unexpected_allowed"": []}",3.3616890819976106,xgrammar,2.837469101010356,3.464385911996942,41,46,45,"[818, 89481, 4299, 25829, 3418, 506, 94767, 2135, 236761, 236743, 107, 2717, 3723, 107, 236782, 107, 138, 236775, 54554, 1083, 623, 818, 89481, 4299, 25829, 3418, 506, 94767, 2135, 1781, 107, 236783, 107, 2717, 107, 107, 16907, 25864, 236772, 135778, 236786, 52240, 7179, 236787, 669, 106]","[818, 89481, 4299, 25829, 3418, 506, 94767, 2135, 236761, 236743, 107, 2717, 3723, 107, 236782, 107, 138, 236775, 54554, 1083, 623, 818, 89481, 4299, 25829, 3418, 506, 94767, 2135, 1781, 107, 236783, 107, 2717, 107, 107, 16907, 25864, 236772, 135778, 236786, 52240, 7179, 236787, 669]",1,"[1, 106, 50]",106,1,True,False,[2],"The bouncing ball rolled across the grassy field. 
```json
{
  ""sentence"": ""The bouncing ball rolled across the grassy field.""
}
```

*(Self-Correction/Constraint Check: The",True,10226010624,11.824916929006577
027_common_gen_kth_last_k45_t1_rep2,327,27,kth_last,45,1,2,65,47,958,506425993,common_gen,27,2,common_gen:validation:90,0,07da7d6fb3361da931a1a1c7879b1f932fe2302e4e6f61f422453a4356eaa6bc,49315344193ddc2f20a33b173a4117cf258fcb8642ff098def15c90b8bdbf19c,success,,512.0,512.0,512.0,False,,model_loaded,18.502085346961394,0.46685250202426687,0.3616588899749331,0.8285113919992,0.8285113919992,924,2737,51980,70247968,262144,"{""allowed_count"": 262120, ""expected_count"": 262120, ""missing_expected"": [], ""ok"": true, ""stop_token_ids"": [1, 50, 106], ""unexpected_allowed"": []}",3.5107055460102856,xgrammar,2.8182588149793446,3.6135481919627637,41,49,48,"[236776, 174804, 23198, 24225, 103226, 3418, 506, 19077, 236764, 32427, 506, 7804, 26808, 236761, 236743, 107, 2717, 3723, 107, 236782, 107, 138, 236775, 54554, 1083, 623, 236776, 174804, 23198, 24225, 103226, 3418, 506, 19077, 236764, 32427, 506, 7804, 26808, 1781, 107, 236783, 107, 2717, 107, 1018, 135778, 2721, 106]","[236776, 174804, 23198, 24225, 103226, 3418, 506, 19077, 236764, 32427, 506, 7804, 26808, 236761, 236743, 107, 2717, 3723, 107, 236782, 107, 138, 236775, 54554, 1083, 623, 236776, 174804, 23198, 24225, 103226, 3418, 506, 19077, 236764, 32427, 506, 7804, 26808, 1781, 107, 236783, 107, 2717, 107, 1018, 135778, 2721]",1,"[1, 106, 50]",106,1,True,False,[2],"A shimmering soap bubble floated across the pond, reflecting the bright sunlight. 
```json
{
  ""sentence"": ""A shimmering soap bubble floated across the pond, reflecting the bright sunlight.""
}
```
**Correction based",True,10226225664,12.085173983999994
028_common_gen_kth_last_k46_t1_rep2,328,28,kth_last,46,1,2,65,48,929,1114962707,common_gen,28,2,common_gen:validation:86,0,f08df01fbf7fe823c64458681c932d410e724a742cd7826ebdb9294d2588420b,fab6d518d7cfaa3cbe83fa0b6d1dbfc33da895bebdf377990a4138c1a7851d00,success,,512.0,512.0,512.0,False,,model_loaded,18.495553030981682,0.500138163974043,0.34957721101818606,0.849715374992229,0.849715374992229,897,2657,50475,66235496,262144,"{""allowed_count"": 262120, ""expected_count"": 262120, ""missing_expected"": [], ""ok"": true, ""stop_token_ids"": [1, 50, 106], ""unexpected_allowed"": []}",3.447173713997472,xgrammar,2.8282556449994445,3.725907451007515,41,51,50,"[5778, 13874, 496, 28239, 5808, 573, 506, 5312, 4598, 236761, 236743, 107, 2717, 3723, 107, 236840, 107, 138, 236775, 5778, 13874, 496, 28239, 5808, 573, 506, 5312, 4598, 1781, 107, 236842, 107, 2717, 107, 1018, 135778, 236786, 7166, 29357, 2721, 580, 10346, 16823, 53121, 669, 11172, 19565, 573, 496, 3161, 1]","[5778, 13874, 496, 28239, 5808, 573, 506, 5312, 4598, 236761, 236743, 107, 2717, 3723, 107, 236840, 107, 138, 236775, 5778, 13874, 496, 28239, 5808, 573, 506, 5312, 4598, 1781, 107, 236842, 107, 2717, 107, 1018, 135778, 236786, 7166, 29357, 2721, 580, 10346, 16823, 53121, 669, 11172, 19565, 573, 496, 3161]",1,"[1, 106, 50]",1,1,True,False,[2],"She chose a vibrant dress for the summer party. 
```json
[
  ""She chose a vibrant dress for the summer party.""
]
```
**Correction/Refinement based on strict interpretation:** The prompt asks for a single",True,10226369024,12.16443052701652
029_common_gen_kth_last_k48_t1_rep2,329,29,kth_last,48,1,2,65,50,865,1257315079,common_gen,29,2,common_gen:validation:734,0,b2a79a8e7bb76cfea6f83049c6f04a56e026599e37a506db34a14b05be016102,a43f68da8b3f74980da857472409dd25be6c5f97e4e7f19e49a5620f9c618e38,success,,512.0,512.0,512.0,False,,model_loaded,18.486116356041748,0.454163704009261,0.3259591219830327,0.7801228259922937,0.7801228259922937,837,2479,47117,57730561,262144,"{""allowed_count"": 262120, ""expected_count"": 262120, ""missing_expected"": [], ""ok"": true, ""stop_token_ids"": [1, 50, 106], ""unexpected_allowed"": []}",3.464460037997924,xgrammar,2.725194989994634,3.730750220012851,41,52,51,"[5778, 10542, 531, 5524, 506, 15723, 116950, 607, 506, 70123, 236761, 236743, 107, 2717, 107, 2717, 107, 236829, 25864, 236772, 135778, 236786, 35434, 236787, 669, 11172, 19565, 573, 496, 3161, 236764, 2822, 236764, 3756, 236764, 40137, 5422, 13315, 1699, 1186, 506, 3658, 623, 20790, 1781, 669, 3847, 2591, 13315, 6178, 623, 106]","[5778, 10542, 531, 5524, 506, 15723, 116950, 607, 506, 70123, 236761, 236743, 107, 2717, 107, 2717, 107, 236829, 25864, 236772, 135778, 236786, 35434, 236787, 669, 11172, 19565, 573, 496, 3161, 236764, 2822, 236764, 3756, 236764, 40137, 5422, 13315, 1699, 1186, 506, 3658, 623, 20790, 1781, 669, 3847, 2591, 13315, 6178, 623]",1,"[1, 106, 50]",106,1,True,False,[1],"She managed to hit the bullseye with the dart. 
```
```
*Self-Correction/Analysis: The prompt asks for a single, short, natural, coherent English sentence using only the word ""hit."" The provided example sentence uses """,True,10226440704,12.020083150011487
030_common_gen_repeat_after_k_k1_t3_rep2,330,0,repeat_after_k,1,3,2,65,6,439,628534398,common_gen,30,2,common_gen:validation:983,0,f4da2747e8934539091e53067d215ef82cd75c8254e7188b4a663c1408160046,5fa8262db55d921f8cdc1226765922e746c4768054ee3e509a4111aefae66536,success,,512.0,512.0,512.0,False,,model_loaded,19.282728113001212,0.47774853801820427,0.06396054400829598,0.5417090820265003,0.5417090820265003,321,1061,18074,9470820,262144,"{""allowed_count"": 262120, ""expected_count"": 262120, ""missing_expected"": [], ""ok"": true, ""stop_token_ids"": [1, 50, 106], ""unexpected_allowed"": []}",3.383045847993344,xgrammar,2.6462484609801322,4.52398976002587,47,65,64,"[818, 4856, 19061, 618, 506, 13387, 6171, 5668, 528, 506, 3853, 532, 1975, 5508, 573, 506, 31099, 236761, 236743, 107, 77215, 25769, 236865, 46000, 236865, 17585, 236865, 61054, 236865, 9442, 236865, 32677, 236865, 195656, 236865, 34899, 236865, 3473, 236865, 10639, 236865, 10639, 37180, 236865, 116940, 236865, 16300, 236865, 6874, 236865, 17585, 1555, 236865, 85685, 236865, 2244, 236865, 15433, 236865, 3973, 129998, 2168, 4856, 4856, 106]","[818, 4856, 19061, 618, 506, 13387, 6171, 5668, 528, 506, 3853, 532, 1975, 5508, 573, 506, 31099, 236761, 236743, 107, 77215, 25769, 236865, 46000, 236865, 17585, 236865, 61054, 236865, 9442, 236865, 32677, 236865, 195656, 236865, 34899, 236865, 3473, 236865, 10639, 236865, 10639, 37180, 236865, 116940, 236865, 16300, 236865, 6874, 236865, 17585, 1555, 236865, 85685, 236865, 2244, 236865, 15433, 236865, 3973, 129998, 2168, 4856, 4856]",1,"[1, 106, 50]",106,1,True,True,"[3, 1, 1]","The bank watched as the actor cast himself in the role and stand ready for the curtain. 
bandit fiction#acting#stage#financial#support#performance#theater#money#position#role#roleplaying#banking#scene#actor#stageplay#finance#stand#bank#castcompositor bank bank",True,10227803136,12.58696163300192
031_common_gen_repeat_after_k_k2_t3_rep2,331,1,repeat_after_k,2,3,2,65,9,618,1048564142,common_gen,31,2,common_gen:validation:437,0,47c16ad36ac65ed5427443de8e50e9dcc8d355931a6d4a76e1149c8bc722e332,7b1fd5536c197796f3a9cacdb0fba712a42b7d113004caf4213fbe4ac4bdac22,success,,512.0,512.0,512.0,False,,model_loaded,18.94665083399741,0.48363122099544853,0.14155763102462515,0.6251888520200737,0.6251888520200737,502,1974,33273,23843487,262144,"{""allowed_count"": 262120, ""expected_count"": 262120, ""missing_expected"": [], ""ok"": true, ""stop_token_ids"": [1, 50, 106], ""unexpected_allowed"": []}",3.413223158044275,xgrammar,2.6528353560133837,4.492104579985607,47,65,64,"[5778, 6544, 531, 8785, 1116, 861, 5808, 607, 9650, 11795, 573, 506, 1440, 3727, 236761, 236743, 107, 150004, 107, 1904, 170711, 653, 15569, 107, 55980, 8785, 5808, 1304, 6544, 531, 8785, 1116, 861, 5808, 607, 9650, 11795, 573, 506, 1440, 3727, 236761, 107, 236769, 10282, 236787, 564, 735, 55615, 506, 13315, 563, 496, 3161, 236764, 3756, 236764, 40137, 5422, 13315, 1699, 23990, 236764, 23990, 106]","[5778, 6544, 531, 8785, 1116, 861, 5808, 607, 9650, 11795, 573, 506, 1440, 3727, 236761, 236743, 107, 150004, 107, 1904, 170711, 653, 15569, 107, 55980, 8785, 5808, 1304, 6544, 531, 8785, 1116, 861, 5808, 607, 9650, 11795, 573, 506, 1440, 3727, 236761, 107, 236769, 10282, 236787, 564, 735, 55615, 506, 13315, 563, 496, 3161, 236764, 3756, 236764, 40137, 5422, 13315, 1699, 23990, 236764, 23990]",1,"[1, 106, 50]",106,1,True,True,"[2, 3, 3]","She decided to wear her new dress with comfortable shoes for the long walk. 
 ভবিষ্যতে
no preamble or explanation
shoe wear dress she decided to wear her new dress with comfortable shoes for the long walk.
(Note: I have ensured the sentence is a single, natural, coherent English sentence using shoe, shoe",True,10227803136,12.485582759021781
032_common_gen_repeat_after_k_k3_t3_rep2,332,2,repeat_after_k,3,3,2,65,12,791,1029870272,common_gen,32,2,common_gen:validation:697,0,497b03f475ef424ef067accaf79ddb4d5e9678742533a4a94396c3cdbce61c59,f9b57cd88239bbad6a31a95b239af0d3b6228bdfa4e1be4ea017ef59ab083ff2,success,,512.0,512.0,512.0,False,,model_loaded,19.2316154599539,0.4802660170244053,0.21857827599160373,0.698844293016009,0.698844293016009,677,2857,48718,43920591,262144,"{""allowed_count"": 262120, ""expected_count"": 262120, ""missing_expected"": [], ""ok"": true, ""stop_token_ids"": [1, 50, 106], ""unexpected_allowed"": []}",3.4605037269648165,xgrammar,2.8716942809987813,4.450075478991494,47,65,64,"[818, 4155, 10542, 496, 13832, 1845, 3418, 506, 2135, 236761, 236743, 107, 202574, 18183, 236951, 153989, 27073, 10568, 237048, 184331, 81076, 16918, 3652, 236924, 568, 1509, 563, 7445, 236764, 840, 496, 1845, 580, 506, 2135, 563, 2132, 573, 506, 4155, 2907, 753, 808, 25864, 236772, 154858, 236787, 669, 2864, 19565, 573, 886, 2822, 236764, 3756, 236764, 40137, 5422, 13315, 1699, 2135, 236764, 4155, 2135, 106]","[818, 4155, 10542, 496, 13832, 1845, 3418, 506, 2135, 236761, 236743, 107, 202574, 18183, 236951, 153989, 27073, 10568, 237048, 184331, 81076, 16918, 3652, 236924, 568, 1509, 563, 7445, 236764, 840, 496, 1845, 580, 506, 2135, 563, 2132, 573, 506, 4155, 2907, 753, 808, 25864, 236772, 154858, 236787, 669, 2864, 19565, 573, 886, 2822, 236764, 3756, 236764, 40137, 5422, 13315, 1699, 2135, 236764, 4155, 2135]",1,"[1, 106, 50]",106,1,True,True,"[4, 3, 2]","The player managed a crucial run across the field. 
寒いですが、フィールドでのランはプレイヤーにとって重要です。 (It is cold, but a run on the field is important for the player.) - *Self-correction: The request asks for one short, natural, coherent English sentence using field, player field",True,10227803136,12.8069893780048
033_common_gen_repeat_after_k_k4_t3_rep2,333,3,repeat_after_k,4,3,2,65,15,958,163741365,common_gen,33,2,common_gen:validation:65,0,f797f64959b05f5ae03cf020e5e74f88ddddc0e01e611f4867cdfa87a7e6849f,f81cd97eb8f073df4814bcce1c7ce15724a0ce76d2f46fd2901fa7f3a736dc78,success,,512.0,512.0,512.0,False,,model_loaded,18.989930308947805,0.46159729396458715,0.29528599802870303,0.7568832919932902,0.7568832919932902,846,3710,63773,69077775,262144,"{""allowed_count"": 262120, ""expected_count"": 262120, ""missing_expected"": [], ""ok"": true, ""stop_token_ids"": [1, 50, 106], ""unexpected_allowed"": []}",3.39946346799843,xgrammar,2.704205885005649,4.34833296603756,47,65,64,"[818, 4155, 5934, 2651, 531, 4006, 910, 6317, 528, 506, 2290, 236761, 222780, 236743, 107, 2717, 3723, 107, 236782, 107, 138, 236775, 4606, 1083, 623, 818, 4155, 5934, 2651, 531, 4006, 910, 6317, 528, 506, 2290, 1781, 107, 236783, 107, 2717, 107, 107, 818, 4155, 9806, 910, 6317, 528, 506, 2290, 236761, 107, 2717, 3723, 107, 236782, 107, 138, 6317, 236787, 623, 818, 6317, 106]","[818, 4155, 5934, 2651, 531, 4006, 910, 6317, 528, 506, 2290, 236761, 222780, 236743, 107, 2717, 3723, 107, 236782, 107, 138, 236775, 4606, 1083, 623, 818, 4155, 5934, 2651, 531, 4006, 910, 6317, 528, 506, 2290, 1781, 107, 236783, 107, 2717, 107, 107, 818, 4155, 9806, 910, 6317, 528, 506, 2290, 236761, 107, 2717, 3723, 107, 236782, 107, 138, 6317, 236787, 623, 818, 6317]",1,"[1, 106, 50]",106,1,True,True,"[3, 5, 3]","The player worked hard to improve their score in the game.不高 
```json
{
  ""output"": ""The player worked hard to improve their score in the game.""
}
```

The player improved their score in the game.
```json
{
   score: ""The score",True,10227803136,12.506302491994575
034_common_gen_repeat_after_k_k5_t3_rep2,334,4,repeat_after_k,5,3,2,65,18,1119,465351110,common_gen,34,2,common_gen:validation:245,0,2be1a9405b6c4f5036ee4bb7c618bdea05aaa78b3a48556a1b4e7c5f8c0865ea,0fb7706da7f9474b9ab1a3c5df381ce6ff418731b76c32e165891468a542b734,success,,512.0,512.0,512.0,False,,model_loaded,19.50781157601159,0.4855000029783696,0.37001939897891134,0.8555194019572809,0.8555194019572809,1009,4533,78550,98712066,262144,"{""allowed_count"": 262120, ""expected_count"": 262120, ""missing_expected"": [], ""ok"": true, ""stop_token_ids"": [1, 50, 106], ""unexpected_allowed"": []}",3.419447491003666,xgrammar,2.769702189019881,4.521384747000411,47,65,64,"[1882, 1456, 506, 37788, 531, 59438, 506, 70139, 1679, 506, 33839, 8858, 236761, 217462, 236745, 25311, 3854, 107, 107, 3854, 107, 19891, 107, 236751, 2068, 107, 19891, 107, 3663, 107, 19891, 107, 4909, 236751, 107, 19891, 107, 6449, 107, 19891, 107, 57767, 107, 19891, 107, 1179, 1472, 107, 19891, 107, 54985, 107, 19891, 107, 41007, 107, 8970, 107, 8858, 107, 37788, 107, 70139, 8858, 106]","[1882, 1456, 506, 37788, 531, 59438, 506, 70139, 1679, 506, 33839, 8858, 236761, 217462, 236745, 25311, 3854, 107, 107, 3854, 107, 19891, 107, 236751, 2068, 107, 19891, 107, 3663, 107, 19891, 107, 4909, 236751, 107, 19891, 107, 6449, 107, 19891, 107, 57767, 107, 19891, 107, 1179, 1472, 107, 19891, 107, 54985, 107, 19891, 107, 41007, 107, 8970, 107, 8858, 107, 37788, 107, 70139, 8858]",1,"[1, 106, 50]",106,1,True,True,"[3, 2, 2]","We used the paddle to maneuver the raft down the winding river.bsentransformation

formation
three
sends
three
create
three
trains
three
process
three
receive
three
shines
three
flows
three
quick
fast
 river
 paddle
 raft river",True,10227803136,12.90789551200578
035_common_gen_repeat_after_k_k6_t3_rep2,335,5,repeat_after_k,6,3,2,65,21,1274,1243592523,common_gen,35,2,common_gen:validation:142,0,51288803a0a6acadf1ba5449a6204a3c6de44ab51c02c0a5021e49fe0760a3d2,24dcfad7daf7c1c104962f790dbfeac1035376f3a829316dad1ecd901d2759e7,success,,512.0,512.0,512.0,False,,model_loaded,20.56781526299892,0.5032312070252374,0.4506775159970857,0.9539087230223231,0.9539087230223231,1166,5326,92805,132241875,262144,"{""allowed_count"": 262120, ""expected_count"": 262120, ""missing_expected"": [], ""ok"": true, ""stop_token_ids"": [1, 50, 106], ""unexpected_allowed"": []}",4.0454573829774745,xgrammar,2.940239814983215,4.434291123005096,47,64,63,"[236777, 1202, 531, 5697, 1041, 1295, 532, 2426, 1041, 5154, 1680, 564, 5264, 236761, 236743, 107, 42855, 7160, 38794, 5182, 9738, 8058, 11692, 237352, 237177, 42424, 57041, 122549, 167703, 6009, 59071, 60737, 109934, 38794, 156717, 28894, 8058, 7872, 4495, 239385, 237434, 35633, 42424, 236761, 107, 236777, 1202, 531, 5697, 1041, 1295, 532, 2426, 1041, 5154, 1680, 564, 5264, 236761, 236743, 5154, 5697, 1295, 106]","[236777, 1202, 531, 5697, 1041, 1295, 532, 2426, 1041, 5154, 1680, 564, 5264, 236761, 236743, 107, 42855, 7160, 38794, 5182, 9738, 8058, 11692, 237352, 237177, 42424, 57041, 122549, 167703, 6009, 59071, 60737, 109934, 38794, 156717, 28894, 8058, 7872, 4495, 239385, 237434, 35633, 42424, 236761, 107, 236777, 1202, 531, 5697, 1041, 1295, 532, 2426, 1041, 5154, 1680, 564, 5264, 236761, 236743, 5154, 5697, 1295]",1,"[1, 106, 50]",106,1,True,False,"[3, 3, 3]","I need to drive my car and check my phone before I leave. 
నాకు నా కారును నడపాలి మరియు నేను బయలుదేరే ముందు నా ఫోన్‌ను తనిఖీ చేయాలి.
I need to drive my car and check my phone before I leave.  phone drive car",True,10227731456,13.73042588494718
036_common_gen_repeat_after_k_k7_t3_rep2,336,6,repeat_after_k,7,3,2,65,24,1423,1188701661,common_gen,36,2,common_gen:validation:263,0,3736e9f49a18463e388e597456bb0ebe7ef20dc2e4cd0140ecea10341835ec83,9e563439f2001c761c872c45a52ec0fd810159aac9496350a624061beb892c0a,success,,512.0,512.0,512.0,False,,model_loaded,19.987790374958422,0.473108775971923,0.5256417869823053,0.9987505629542284,0.9987505629542284,1317,6089,106310,169106997,262144,"{""allowed_count"": 262120, ""expected_count"": 262120, ""missing_expected"": [], ""ok"": true, ""stop_token_ids"": [1, 50, 106], ""unexpected_allowed"": []}",3.950485990033485,xgrammar,2.848000685975421,4.419466761988588,47,65,64,"[5778, 30748, 496, 2822, 23990, 573, 496, 3823, 3727, 236761, 40802, 1217, 506, 13315, 17752, 532, 48110, 784, 1806, 4171, 14769, 236761, 107, 15466, 236761, 107, 5778, 30748, 496, 2822, 23990, 573, 496, 3823, 3727, 236761, 107, 2094, 13315, 563, 2822, 236764, 8207, 6178, 506, 3658, 623, 17634, 2098, 532, 5132, 623, 55980, 1781, 107, 3771, 2822, 23990, 573, 496, 3823, 3727, 236761, 2822, 106]","[5778, 30748, 496, 2822, 23990, 573, 496, 3823, 3727, 236761, 40802, 1217, 506, 13315, 17752, 532, 48110, 784, 1806, 4171, 14769, 236761, 107, 15466, 236761, 107, 5778, 30748, 496, 2822, 23990, 573, 496, 3823, 3727, 236761, 107, 2094, 13315, 563, 2822, 236764, 8207, 6178, 506, 3658, 623, 17634, 2098, 532, 5132, 623, 55980, 1781, 107, 3771, 2822, 23990, 573, 496, 3823, 3727, 236761, 2822]",1,"[1, 106, 50]",106,1,True,True,"[5, 0, 3]","She wore a short shoe for a quick walk. ดู how the sentence flows and incorporates all three words naturally.
good.
She wore a short shoe for a quick walk.
This sentence is short, clearly uses the word ""wear,"" and includes ""shoe.""
No short shoe for a quick walk. short",True,10227803136,13.524877037969418
037_common_gen_repeat_after_k_k8_t3_rep2,337,7,repeat_after_k,8,3,2,65,27,1566,1974812883,common_gen,37,2,common_gen:validation:487,0,b5deeef703a53357a194be934272386558fd3354eadf35df370cab70416ac9c6,ef9cfd5c8bd3357f90fef9dde2363aa0bf184ff0a4d5d84cbaa3398c44e5d8eb,success,,512.0,512.0,512.0,False,,model_loaded,19.710981579963118,0.4783331280341372,0.5942771669942886,1.0726102950284258,1.0726102950284258,1462,6822,119525,208768611,262144,"{""allowed_count"": 262120, ""expected_count"": 262120, ""missing_expected"": [], ""ok"": true, ""stop_token_ids"": [1, 50, 106], ""unexpected_allowed"": []}",3.4676734060049057,xgrammar,2.789848741958849,4.403113161039073,49,65,64,"[818, 5464, 71219, 636, 25325, 506, 9130, 1131, 506, 8585, 59398, 236761, 236743, 107, 202925, 1329, 26330, 909, 19271, 8037, 164292, 236761, 107, 2094, 13315, 6178, 506, 4171, 623, 41213, 2098, 623, 561, 236765, 2098, 532, 623, 5359, 658, 1781, 3153, 236764, 531, 3204, 623, 202925, 1329, 236775, 568, 48617, 779, 564, 1093, 735, 531, 35857, 4920, 1131, 496, 59398, 684, 496, 5464, 35857, 106]","[818, 5464, 71219, 636, 25325, 506, 9130, 1131, 506, 8585, 59398, 236761, 236743, 107, 202925, 1329, 26330, 909, 19271, 8037, 164292, 236761, 107, 2094, 13315, 6178, 506, 4171, 623, 41213, 2098, 623, 561, 236765, 2098, 532, 623, 5359, 658, 1781, 3153, 236764, 531, 3204, 623, 202925, 1329, 236775, 568, 48617, 779, 564, 1093, 735, 531, 35857, 4920, 1131, 496, 59398, 684, 496, 5464, 35857]",1,"[1, 106, 50]",106,1,True,True,"[2, 2, 2]","The machine swiftly sewed the fabric into the finished garment. 
кислота была в этом предложении.
This sentence uses the words ""machine,"" ""sew,"" and ""garment."" However, to include ""кислота"" (acid), I would have to sew acid into a garment by a machine sew",True,10227947008,13.092733764031436
038_common_gen_repeat_after_k_k9_t3_rep2,338,8,repeat_after_k,9,3,2,65,30,1703,1055991902,common_gen,38,2,common_gen:validation:156,0,f09d73266f34781f7a9c57efc814174ec2d751c0115c49873884a8e71ac5d290,13078d6b3df3d98080667178302dc7e3a48d077f7d29d867691ef9ad5f5441a0,success,,512.0,512.0,512.0,False,,model_loaded,20.994018452998716,0.48655671800952405,0.6686249129706994,1.1551816309802234,1.1551816309802234,1601,7525,132213,250709280,262144,"{""allowed_count"": 262120, ""expected_count"": 262120, ""missing_expected"": [], ""ok"": true, ""stop_token_ids"": [1, 50, 106], ""unexpected_allowed"": []}",3.43570070900023,xgrammar,2.763647781976033,4.49833499698434,47,65,64,"[818, 16856, 528, 506, 14701, 6418, 506, 3645, 529, 506, 2978, 236761, 236743, 107, 190134, 107, 818, 16856, 528, 506, 14701, 6418, 506, 3645, 529, 506, 2978, 236761, 236743, 107, 236842, 107, 236743, 107, 818, 16856, 528, 506, 14701, 6418, 506, 3645, 529, 506, 2978, 236761, 107, 236743, 107, 818, 16856, 528, 506, 14701, 6418, 506, 3645, 529, 506, 2978, 236761, 107, 14701, 16856, 106]","[818, 16856, 528, 506, 14701, 6418, 506, 3645, 529, 506, 2978, 236761, 236743, 107, 190134, 107, 818, 16856, 528, 506, 14701, 6418, 506, 3645, 529, 506, 2978, 236761, 236743, 107, 236842, 107, 236743, 107, 818, 16856, 528, 506, 14701, 6418, 506, 3645, 529, 506, 2978, 236761, 107, 236743, 107, 818, 16856, 528, 506, 14701, 6418, 506, 3645, 529, 506, 2978, 236761, 107, 14701, 16856]",1,"[1, 106, 50]",106,1,True,True,"[4, 5, 4]","The reflection in the mirror showed the front of the room. 
}):=\
The reflection in the mirror showed the front of the room. 
]
 
The reflection in the mirror showed the front of the room.
 
The reflection in the mirror showed the front of the room.
 mirror reflection",True,10227803136,13.180560159031302
039_common_gen_repeat_after_k_k10_t3_rep2,339,9,repeat_after_k,10,3,2,65,33,1834,1167190548,common_gen,39,2,common_gen:validation:514,0,81a0c7c45962b187aa6488836b6f0baa4ac14816f5a4454b0c70a3fefdbeff57,fa9664131c1f53f2839877f88177b6a0ec0ce32b3eb13830877c94cd081081c6,success,,512.0,512.0,512.0,False,,model_loaded,21.369394563953392,0.5112190670333803,0.7634662790223956,1.2746853460557759,1.2746853460557759,1734,8198,144375,294432951,262144,"{""allowed_count"": 262120, ""expected_count"": 262120, ""missing_expected"": [], ""ok"": true, ""stop_token_ids"": [1, 50, 106], ""unexpected_allowed"": []}",3.5936915489728563,xgrammar,2.7025166189996526,4.484958378016017,47,65,64,"[2209, 6956, 531, 12261, 506, 9624, 3418, 506, 2135, 236761, 192039, 107, 107, 1555, 3070, 107, 65270, 107, 23935, 27078, 107, 86896, 107, 37276, 1441, 107, 19174, 20526, 10523, 236813, 107, 217, 107, 236820, 2834, 236813, 107, 236820, 3250, 236813, 138895, 954, 3250, 236813, 107, 954, 2834, 236813, 107, 218, 107, 236820, 236758, 2135, 718, 78304, 12261, 8503, 236758, 236813, 107, 229, 107, 2135, 106]","[2209, 6956, 531, 12261, 506, 9624, 3418, 506, 2135, 236761, 192039, 107, 107, 1555, 3070, 107, 65270, 107, 23935, 27078, 107, 86896, 107, 37276, 1441, 107, 19174, 20526, 10523, 236813, 107, 217, 107, 236820, 2834, 236813, 107, 236820, 3250, 236813, 138895, 954, 3250, 236813, 107, 954, 2834, 236813, 107, 218, 107, 236820, 236758, 2135, 718, 78304, 12261, 8503, 236758, 236813, 107, 229, 107, 2135]",1,"[1, 106, 50]",106,1,True,True,"[3, 2, 1]","He tried to kick the football across the field.CHR

playbook
strategy
fan sentiment
momentum
fair play
<!DOCTYPE html>
<html>
<head>
<title>Sentence</title>
</head>
<body>
<p field=""football kick""></p>
</body>
 field",True,10227803136,13.355113930010702
040_common_gen_repeat_after_k_k11_t3_rep2,340,10,repeat_after_k,11,3,2,65,36,1959,52861089,common_gen,40,2,common_gen:validation:534,0,4438cf1a66f432f62bf6d58355a6e3ce6eca549323ff67e4798e22ece5b9b71f,8799ad246ef5a5ebfa6e0528c4c7fbc31fad53993aacd218f4c864591bfb8b59,success,,512.0,512.0,512.0,False,,model_loaded,20.935797716025263,0.47779903595801443,0.8033847290207632,1.2811837649787776,1.2811837649787776,1861,8841,155997,339464955,262144,"{""allowed_count"": 262120, ""expected_count"": 262120, ""missing_expected"": [], ""ok"": true, ""stop_token_ids"": [1, 50, 106], ""unexpected_allowed"": []}",3.5824976399890147,xgrammar,2.596256427001208,4.417294715007301,47,65,64,"[5778, 795, 8785, 506, 6083, 1304, 3721, 580, 17640, 236761, 236743, 107, 192894, 237307, 237075, 173981, 237479, 239103, 36892, 51071, 236900, 238005, 239079, 238003, 239409, 238609, 236924, 236743, 107, 236769, 5778, 795, 8785, 506, 6083, 1304, 3721, 580, 17640, 2907, 107, 236769, 236776, 919, 3756, 63134, 5086, 2473, 577, 236787, 2625, 795, 8785, 506, 6083, 1304, 3721, 580, 17640, 2907, 236743, 107, 236769, 8785, 106]","[5778, 795, 8785, 506, 6083, 1304, 3721, 580, 17640, 236761, 236743, 107, 192894, 237307, 237075, 173981, 237479, 239103, 36892, 51071, 236900, 238005, 239079, 238003, 239409, 238609, 236924, 236743, 107, 236769, 5778, 795, 8785, 506, 6083, 1304, 3721, 580, 17640, 2907, 107, 236769, 236776, 919, 3756, 63134, 5086, 2473, 577, 236787, 2625, 795, 8785, 506, 6083, 1304, 3721, 580, 17640, 2907, 236743, 107, 236769, 8785]",1,"[1, 106, 50]",106,1,True,True,"[4, 3, 0]","She will wear the picture she took on vacation. 
有序地在度假時拍下的照片，她將會穿著。 
(She will wear the picture she took on vacation.)
(A more natural sounding option might be: She will wear the picture she took on vacation.) 
( wear",True,10227803136,13.165842310001608
041_common_gen_repeat_after_k_k12_t3_rep2,341,11,repeat_after_k,12,3,2,65,39,2078,1933704178,common_gen,41,2,common_gen:validation:168,0,ea6cf8ba2807c608d52611388542147f298bebc9062938910a578b6f15c8f7c9,e9621123b652a44283f1168173692eb3c1db28944555db3a8369d2b045a83d19,success,,512.0,512.0,512.0,False,,model_loaded,20.96293604001403,0.5223364119883627,0.8904153199982829,1.4127517319866456,1.4127517319866456,1982,9454,167079,385352007,262144,"{""allowed_count"": 262120, ""expected_count"": 262120, ""missing_expected"": [], ""ok"": true, ""stop_token_ids"": [1, 50, 106], ""unexpected_allowed"": []}",3.5153663759701885,xgrammar,2.743986479996238,4.468312281998806,47,65,64,"[5778, 6544, 531, 2178, 657, 506, 2633, 1651, 506, 27311, 42904, 3747, 580, 236761, 236743, 107, 205434, 236761, 107, 13692, 236761, 107, 5973, 236761, 107, 2064, 236761, 107, 130388, 236761, 107, 32321, 236761, 107, 162422, 236761, 107, 1525, 1812, 236761, 107, 44334, 236761, 107, 53236, 236761, 107, 128029, 236761, 107, 25683, 2633, 236761, 107, 3223, 3738, 236761, 107, 36593, 236761, 107, 3473, 236761, 2633, 106]","[5778, 6544, 531, 2178, 657, 506, 2633, 1651, 506, 27311, 42904, 3747, 580, 236761, 236743, 107, 205434, 236761, 107, 13692, 236761, 107, 5973, 236761, 107, 2064, 236761, 107, 130388, 236761, 107, 32321, 236761, 107, 162422, 236761, 107, 1525, 1812, 236761, 107, 44334, 236761, 107, 53236, 236761, 107, 128029, 236761, 107, 25683, 2633, 236761, 107, 3223, 3738, 236761, 107, 36593, 236761, 107, 3473, 236761, 2633]",1,"[1, 106, 50]",106,1,True,True,"[1, 3, 1]","She decided to sit at the table while the candle flickered on. 
lifestyle.
activity.
object.
action.
atmosphere.
setting.
mood.
ambience.
moment.
experience.
feeling.
sens table.
light source.
surface.
position. table",True,10227803136,13.496925345039926
042_common_gen_repeat_after_k_k13_t3_rep2,342,12,repeat_after_k,13,3,2,65,42,2191,1540994113,common_gen,42,2,common_gen:validation:184,0,869c0089c10a657c5628eb5553208c41616e754cc3a2d8fd487cf9e054fd39bc,3e5c8f9bf56c65153c4e22198a24a31ed110cb832b3b12eda7fdfdd66096d55e,success,,512.0,512.0,512.0,False,,model_loaded,20.39374204701744,0.528409744030796,0.944415181002114,1.47282492503291,1.47282492503291,2097,10037,177621,431662206,262144,"{""allowed_count"": 262120, ""expected_count"": 262120, ""missing_expected"": [], ""ok"": true, ""stop_token_ids"": [1, 50, 106], ""unexpected_allowed"": []}",3.3892584780114703,xgrammar,2.668366724974476,4.5062941939686425,47,65,64,"[1882, 1053, 531, 4491, 528, 1757, 531, 13307, 1679, 506, 11474, 236764, 85783, 17918, 236761, 131323, 217935, 236761, 107, 107, 5901, 29202, 528, 496, 1757, 531, 13307, 1679, 506, 85783, 17918, 236761, 107, 19413, 1805, 4338, 236764, 840, 496, 3103, 732, 159779, 236761, 108, 8291, 563, 496, 919, 3756, 5086, 13307, 236787, 108, 1882, 1053, 531, 4491, 528, 1757, 531, 13307, 1679, 506, 13307, 106]","[1882, 1053, 531, 4491, 528, 1757, 531, 13307, 1679, 506, 11474, 236764, 85783, 17918, 236761, 131323, 217935, 236761, 107, 107, 5901, 29202, 528, 496, 1757, 531, 13307, 1679, 506, 85783, 17918, 236761, 107, 19413, 1805, 4338, 236764, 840, 496, 3103, 732, 159779, 236761, 108, 8291, 563, 496, 919, 3756, 5086, 13307, 236787, 108, 1882, 1053, 531, 4491, 528, 1757, 531, 13307, 1679, 506, 13307]",1,"[1, 106, 50]",106,1,True,True,"[5, 2, 3]","We had to wait in line to slide down the wet, slippery slope. शरण 없음.

BC Wait in a line to slide down the slippery slope.
technically correct, but a bit clunky.

Here is a more natural option slide:

We had to wait in line to slide down the slide",True,10227803136,13.51481679501012
043_common_gen_repeat_after_k_k14_t3_rep2,343,13,repeat_after_k,14,3,2,65,45,2298,1533466906,common_gen,43,2,common_gen:validation:363,0,82b52e1643e1c428eb09fd94b15218fe0e1a5a8d753e8cb97c3e45eabce974bf,b298698d998efd74e3128bfeb043cff8be6e2121ff34a139ba5ab1817fd5d552,success,,512.0,512.0,512.0,False,,model_loaded,20.78510214400012,0.5282657549832948,0.9958883009967394,1.5241540559800342,1.5241540559800342,2206,10590,187623,477985035,262144,"{""allowed_count"": 262120, ""expected_count"": 262120, ""missing_expected"": [], ""ok"": true, ""stop_token_ids"": [1, 50, 106], ""unexpected_allowed"": []}",3.5808720469940454,xgrammar,2.6679652360035107,4.514565348974429,47,65,64,"[818, 2434, 795, 2121, 910, 6376, 15668, 174109, 236761, 236743, 107, 165253, 236779, 107, 236743, 107, 13513, 108, 1018, 135778, 532, 1626, 3938, 53121, 108, 818, 2434, 795, 2121, 910, 15668, 174109, 236761, 236743, 107, 236743, 107, 16907, 25864, 236772, 154858, 236787, 669, 3303, 5686, 563, 8427, 38875, 236764, 2434, 13074, 496, 2299, 14980, 236761, 562, 919, 3756, 211983, 563, 2480, 2907, 236829, 2434, 106]","[818, 2434, 795, 2121, 910, 6376, 15668, 174109, 236761, 236743, 107, 165253, 236779, 107, 236743, 107, 13513, 108, 1018, 135778, 532, 1626, 3938, 53121, 108, 818, 2434, 795, 2121, 910, 15668, 174109, 236761, 236743, 107, 236743, 107, 16907, 25864, 236772, 154858, 236787, 669, 3303, 5686, 563, 8427, 38875, 236764, 2434, 13074, 496, 2299, 14980, 236761, 562, 919, 3756, 211983, 563, 2480, 2907, 236829, 2434]",1,"[1, 106, 50]",106,1,True,True,"[4, 2, 2]","The team will perform their daily routine flawlessly. 
 пан_
 
***

**Correction and final output:**

The team will perform their routine flawlessly. 
 
*(Self-correction: The original attempt is slightly awkward, team implies a group performing. A more natural phrasing is better.)* team",True,10227803136,13.638890106987674
044_common_gen_repeat_after_k_k15_t3_rep2,344,14,repeat_after_k,15,3,2,65,48,2399,1561444631,common_gen,44,2,common_gen:validation:383,0,0541cefa79674e39cd904266be2b9111c5694ebd06e134d70f0451527ca53345,150858de875b65c898e993352d1e2b0dced626dc418ea2b48eafdc64eda9d8e4,success,,512.0,512.0,512.0,False,,model_loaded,20.081370197003707,0.4828673299634829,1.0545800680411048,1.5374473980045877,1.5374473980045877,2309,11113,197085,523931361,262144,"{""allowed_count"": 262120, ""expected_count"": 262120, ""missing_expected"": [], ""ok"": true, ""stop_token_ids"": [1, 50, 106], ""unexpected_allowed"": []}",3.4517403270001523,xgrammar,2.561103260028176,4.412508415989578,47,65,64,"[2209, 1456, 496, 14658, 5904, 531, 3463, 496, 6347, 529, 3863, 236761, 194734, 20890, 236761, 594, 236529, 236761, 236743, 107, 236743, 107, 236743, 107, 236743, 107, 236743, 107, 236743, 107, 236743, 107, 236743, 107, 236743, 107, 236743, 107, 236743, 107, 236743, 107, 236743, 107, 236743, 107, 236743, 107, 3463, 5904, 6347, 236743, 107, 236743, 107, 1293, 1456, 496, 14658, 5904, 531, 3463, 496, 3463, 106]","[2209, 1456, 496, 14658, 5904, 531, 3463, 496, 6347, 529, 3863, 236761, 194734, 20890, 236761, 594, 236529, 236761, 236743, 107, 236743, 107, 236743, 107, 236743, 107, 236743, 107, 236743, 107, 236743, 107, 236743, 107, 236743, 107, 236743, 107, 236743, 107, 236743, 107, 236743, 107, 236743, 107, 236743, 107, 3463, 5904, 6347, 236743, 107, 236743, 107, 1293, 1456, 496, 14658, 5904, 531, 3463, 496, 3463]",1,"[1, 106, 50]",106,1,True,True,"[4, 3, 2]","He used a sharp tool to cut a piece of wood. मीटthey.th रस्सी. 
 
 
 
 
 
 
 
 
 
 
 
 
 
 
 cut tool piece 
 
 He used a sharp tool to cut a cut",True,10227803136,13.260142113023903
045_common_gen_any_token_at_least_k_k3_t1_rep2,345,0,any_token_at_least_k,3,1,2,65,5,370,1795768787,common_gen,45,2,common_gen:validation:576,0,b3917b3729884c657eb0f262a2bac0847f25eb64c71167775f384299e1e8388b,54f07e7fd97159d52a64c504c39cc262a90a6941a30cd49c6b89cf7911a6e744,success,,512.0,512.0,512.0,False,,model_loaded,19.06236669101054,0.48320249101379886,0.09712849400239065,0.5803309850161895,0.5803309850161895,252,797,13527,5934558,262144,"{""allowed_count"": 262120, ""expected_count"": 262120, ""missing_expected"": [], ""ok"": true, ""stop_token_ids"": [1, 50, 106], ""unexpected_allowed"": []}",3.336683981004171,xgrammar,2.750867319991812,4.46913471800508,41,65,64,"[5778, 1053, 531, 2768, 8990, 1116, 4614, 1913, 506, 3909, 990, 236761, 236743, 107, 2717, 3723, 107, 236782, 107, 138, 236775, 54554, 1083, 623, 5778, 1053, 531, 2768, 8990, 1116, 4614, 1913, 506, 3909, 990, 1781, 107, 236783, 107, 2717, 107, 1018, 135778, 53121, 669, 2864, 19565, 573, 808, 161617, 886, 2822, 236764, 3756, 236764, 40137, 5422, 13315, 236829, 1699, 784, 506, 14485, 2768, 106]","[5778, 1053, 531, 2768, 8990, 1116, 4614, 1913, 506, 3909, 990, 236761, 236743, 107, 2717, 3723, 107, 236782, 107, 138, 236775, 54554, 1083, 623, 5778, 1053, 531, 2768, 8990, 1116, 4614, 1913, 506, 3909, 990, 1781, 107, 236783, 107, 2717, 107, 1018, 135778, 53121, 669, 2864, 19565, 573, 808, 161617, 886, 2822, 236764, 3756, 236764, 40137, 5422, 13315, 236829, 1699, 784, 506, 14485, 2768]",1,"[1, 106, 50]",106,1,True,True,[3],"She had to hold onto her hope during the difficult time. 
```json
{
  ""sentence"": ""She had to hold onto her hope during the difficult time.""
}
```
**Correction:** The request asks for *exactly one short, natural, coherent English sentence* using all the concepts hold",True,10227373056,12.504750513995532
046_common_gen_any_token_at_least_k_k3_t2_rep2,346,1,any_token_at_least_k,3,2,2,65,9,555,949640223,common_gen,46,2,common_gen:validation:979,0,77813ffbf73149448c468be11bb775c7c7be94f1a984ae36ae9f29d6db57e7f9,5496babe785e330d3efacc03fe73eaa03638cc46a9ea565e77acf835923db851,success,,512.0,512.0,512.0,False,,model_loaded,19.319426275033038,0.452707750024274,0.17537191096926108,0.6280796609935351,0.6280796609935351,438,1776,29748,19503559,262144,"{""allowed_count"": 262120, ""expected_count"": 262120, ""missing_expected"": [], ""ok"": true, ""stop_token_ids"": [1, 50, 106], ""unexpected_allowed"": []}",3.374979602987878,xgrammar,2.7103030410362408,4.537033904984128,44,65,64,"[818, 16406, 13058, 43374, 1546, 6347, 529, 506, 15795, 236761, 236743, 107, 247879, 34611, 238993, 240634, 238920, 237307, 63658, 237089, 60134, 237523, 79560, 236924, 236743, 107, 236769, 236776, 8427, 919, 3756, 13041, 2473, 577, 236787, 669, 16406, 5402, 1546, 6347, 119713, 2907, 808, 25864, 236772, 154858, 236787, 669, 11172, 19565, 573, 7121, 886, 13315, 1699, 506, 14485, 236761, 669, 1171, 5086, 4146, 1388, 6347, 106]","[818, 16406, 13058, 43374, 1546, 6347, 529, 506, 15795, 236761, 236743, 107, 247879, 34611, 238993, 240634, 238920, 237307, 63658, 237089, 60134, 237523, 79560, 236924, 236743, 107, 236769, 236776, 8427, 919, 3756, 13041, 2473, 577, 236787, 669, 16406, 5402, 1546, 6347, 119713, 2907, 808, 25864, 236772, 154858, 236787, 669, 11172, 19565, 573, 7121, 886, 13315, 1699, 506, 14485, 236761, 669, 1171, 5086, 4146, 1388, 6347]",1,"[1, 106, 50]",106,1,True,True,"[0, 3]","The designer carefully crafted each piece of the furniture. 
漉設計師仔細地製作了每一件家具。 
(A slightly more natural variation might be: The designer designed each piece thoughtfully.) *Self-correction: The prompt asks for exactly one sentence using the concepts. The first option works well piece",True,10227588096,12.69525985000655
047_common_gen_any_token_at_least_k_k3_t3_rep2,347,2,any_token_at_least_k,3,3,2,65,12,740,2001366225,common_gen,47,2,common_gen:validation:208,0,63696499662cf825b28ba74184471ea1e9b80a4560cf4f3ba36f0cf81ecbf53b,991e5ef87877e78c5a7801f824c92fb8848db0c3486be292b1d35f94d2215b48,success,,512.0,512.0,512.0,False,,model_loaded,19.68893509201007,0.5231003329972737,0.260513330984395,0.7836136639816687,0.7836136639816687,624,3121,52147,42693339,262144,"{""allowed_count"": 262120, ""expected_count"": 262120, ""missing_expected"": [], ""ok"": true, ""stop_token_ids"": [1, 50, 106], ""unexpected_allowed"": []}",3.796327813004609,xgrammar,2.7636909440043382,4.407018158992287,47,65,64,"[818, 4799, 15032, 580, 506, 3645, 529, 506, 9917, 531, 4526, 506, 13923, 236761, 236743, 107, 107, 177906, 25864, 236772, 135778, 236786, 7166, 29357, 11231, 236787, 669, 13315, 563, 65373, 1805, 4338, 532, 6178, 784, 1806, 4171, 14769, 236761, 623, 31745, 236775, 563, 1456, 528, 506, 5113, 529, 496, 4448, 2939, 236764, 711, 1164, 496, 5663, 3761, 2907, 1018, 107, 107, 177906, 9917, 9917, 106]","[818, 4799, 15032, 580, 506, 3645, 529, 506, 9917, 531, 4526, 506, 13923, 236761, 236743, 107, 107, 177906, 25864, 236772, 135778, 236786, 7166, 29357, 11231, 236787, 669, 13315, 563, 65373, 1805, 4338, 532, 6178, 784, 1806, 4171, 14769, 236761, 623, 31745, 236775, 563, 1456, 528, 506, 5113, 529, 496, 4448, 2939, 236764, 711, 1164, 496, 5663, 3761, 2907, 1018, 107, 107, 177906, 9917, 9917]",1,"[1, 106, 50]",106,1,True,True,"[1, 0, 3]","The dog stood on the front of the grass to watch the birds. 

**(Self-Correction/Refinement consideration: The sentence is grammatically correct and uses all three words naturally. ""Front"" is used in the sense of a forward position, not just a physical surface.)**

**( grass grass",True,10227803136,13.089588531991467
048_common_gen_any_token_at_least_k_k3_t4_rep2,348,3,any_token_at_least_k,3,4,2,65,15,925,615849880,common_gen,48,2,common_gen:validation:575,0,687cc3f65203bedc2a666e74a7a23323aca93a5c81c78677f058b21fda0489c7,3efae1f32a3eadb45d828ad32e3668ff8f93643ed31741427a969b76bc1cc304,success,,512.0,512.0,512.0,False,,model_loaded,19.29415794298984,0.458780070010107,0.35244481201516464,0.8112248820252717,0.8112248820252717,810,4832,80598,77128938,262144,"{""allowed_count"": 262120, ""expected_count"": 262120, ""missing_expected"": [], ""ok"": true, ""stop_token_ids"": [1, 50, 106], ""unexpected_allowed"": []}",3.462097514013294,xgrammar,2.6869884209590964,4.402647720009554,51,65,64,"[1882, 19061, 506, 7547, 9371, 4087, 3068, 1651, 506, 120194, 3463, 506, 9917, 532, 564, 38965, 1041, 12406, 14942, 236761, 236743, 107, 236769, 25864, 236772, 154858, 236787, 669, 2787, 13315, 563, 496, 3103, 1440, 532, 8427, 38875, 236761, 3792, 236789, 236751, 2056, 496, 78823, 886, 2907, 108, 818, 7547, 4087, 39349, 855, 1298, 506, 120194, 5934, 236764, 532, 564, 38965, 3068, 506, 8317, 4087, 106]","[1882, 19061, 506, 7547, 9371, 4087, 3068, 1651, 506, 120194, 3463, 506, 9917, 532, 564, 38965, 1041, 12406, 14942, 236761, 236743, 107, 236769, 25864, 236772, 154858, 236787, 669, 2787, 13315, 563, 496, 3103, 1440, 532, 8427, 38875, 236761, 3792, 236789, 236751, 2056, 496, 78823, 886, 2907, 108, 818, 7547, 4087, 39349, 855, 1298, 506, 120194, 5934, 236764, 532, 564, 38965, 3068, 506, 8317, 4087]",1,"[1, 106, 50]",106,1,True,True,"[3, 2, 2, 0]","We watched the race cars track past while the mower cut the grass and I rode my bike nearby. 
(Self-correction: The above sentence is a bit long and slightly awkward. Let's try a tighter one.)

The race track stretched out where the mower worked, and I rode past the scene track",True,10228090368,12.699100731988437
049_common_gen_any_token_at_least_k_k3_t5_rep2,349,4,any_token_at_least_k,3,5,2,65,18,1110,2058249495,common_gen,49,2,common_gen:validation:508,0,bb787ffdcd8904c62db63fff750e03996f3dbe3606b023b0079a8b0f9bda9e92,fc839c119cb2b35a41a5ea9a451f59b7bad98c2edbb46660193e46f5b39836a1,success,,512.0,512.0,512.0,False,,model_loaded,19.36265964701306,0.46851268800674006,0.46210324397543445,0.9306159319821745,0.9306159319821745,996,6909,114857,124435396,262144,"{""allowed_count"": 262120, ""expected_count"": 262120, ""missing_expected"": [], ""ok"": true, ""stop_token_ids"": [1, 50, 106], ""unexpected_allowed"": []}",3.384777517989278,xgrammar,2.808391769998707,4.438080246036407,53,65,64,"[6259, 506, 20361, 236764, 564, 15032, 684, 506, 19326, 531, 13415, 506, 24881, 19292, 236761, 236743, 107, 198572, 107, 236751, 7868, 3646, 107, 163098, 236772, 206975, 107, 236752, 3248, 547, 107, 724, 32872, 236743, 107, 1525, 34952, 236743, 107, 619, 2930, 236743, 107, 103887, 236743, 107, 688, 236766, 5070, 236743, 107, 45265, 755, 236743, 107, 838, 78292, 236743, 107, 13665, 4316, 15355, 19326, 19326, 106]","[6259, 506, 20361, 236764, 564, 15032, 684, 506, 19326, 531, 13415, 506, 24881, 19292, 236761, 236743, 107, 198572, 107, 236751, 7868, 3646, 107, 163098, 236772, 206975, 107, 236752, 3248, 547, 107, 724, 32872, 236743, 107, 1525, 34952, 236743, 107, 619, 2930, 236743, 107, 103887, 236743, 107, 688, 236766, 5070, 236743, 107, 45265, 755, 236743, 107, 838, 78292, 236743, 107, 13665, 4316, 15355, 19326, 19326]",1,"[1, 106, 50]",106,1,True,True,"[3, 0, 0, 1, 1]","After the washing, I stood by the sink to dish the dirty dishes. 
 derogatory
sarcastic
passive-aggressive
languid
indignant 
ambivalent 
resigned 
temporary 
inevitable 
fragile 
ephemeral 
melancholy sink sink",True,10228233728,12.885503626021091
050_common_gen_any_token_at_least_k_k3_t6_rep2,350,5,any_token_at_least_k,3,6,2,65,21,1295,2086866059,common_gen,50,2,common_gen:validation:827,0,a7319892a55c5294a48c8429f6c6233127bfe148711157154414cb60981c166c,06d2a428b37ffd22f8677929f10f16898bc61ddc4e57c45e7e055c0d3b4d9b1b,success,,512.0,512.0,512.0,False,,model_loaded,21.342304949008394,0.4732867610291578,0.563774261972867,1.0370610230020247,1.0370610230020247,1182,9352,154924,186237753,262144,"{""allowed_count"": 262120, ""expected_count"": 262120, ""missing_expected"": [], ""ok"": true, ""stop_token_ids"": [1, 50, 106], ""unexpected_allowed"": []}",3.4655966839636676,xgrammar,2.689187774027232,4.437031193985604,56,65,64,"[236777, 19061, 506, 21637, 4299, 5524, 506, 2678, 532, 4102, 8797, 506, 171387, 236761, 41923, 236761, 19704, 531, 1386, 2889, 236761, 236743, 107, 236769, 25864, 236772, 154858, 236787, 669, 11172, 4733, 573, 808, 161617, 886, 236829, 2822, 236764, 3756, 236764, 40137, 13315, 1699, 784, 14485, 236761, 669, 2787, 563, 8427, 89144, 236761, 1276, 791, 236750, 3444, 573, 2480, 2727, 2907, 108, 236777, 4102, 4102, 106]","[236777, 19061, 506, 21637, 4299, 5524, 506, 2678, 532, 4102, 8797, 506, 171387, 236761, 41923, 236761, 19704, 531, 1386, 2889, 236761, 236743, 107, 236769, 25864, 236772, 154858, 236787, 669, 11172, 4733, 573, 808, 161617, 886, 236829, 2822, 236764, 3756, 236764, 40137, 13315, 1699, 784, 14485, 236761, 669, 2787, 563, 8427, 89144, 236761, 1276, 791, 236750, 3444, 573, 2480, 2727, 2907, 108, 236777, 4102, 4102]",1,"[1, 106, 50]",106,1,True,True,"[1, 1, 1, 0, 3, 1]","I watched the baseball ball hit the side and continue toward the outfield. evenly. Need to make sure. 
(Self-correction: The prompt asked for *exactly one* short, natural, coherent sentence using all concepts. The above is slightly fragmented. Rephrasing for better flow.)

I continue continue",True,10228448768,12.970249935984612
051_common_gen_any_token_at_least_k_k3_t7_rep2,351,6,any_token_at_least_k,3,7,2,65,24,1480,176816165,common_gen,51,2,common_gen:validation:191,0,8f27c0c7383eed6fe329749a6a0ceba3816cd5e6b4bdbf732d650c307a5a9dae,d2e2b1832f9ce3947f6ad7e145327f4dfb870fd441ab3be73946b35fc5cef8b5,success,,512.0,512.0,512.0,False,,model_loaded,21.575803018000443,0.526142955000978,0.6929578160052188,1.2191007710061967,1.2191007710061967,1368,12161,200799,264161049,262144,"{""allowed_count"": 262120, ""expected_count"": 262120, ""missing_expected"": [], ""ok"": true, ""stop_token_ids"": [1, 50, 106], ""unexpected_allowed"": []}",3.973785398004111,xgrammar,2.7000924620078877,4.4262639280059375,60,65,64,"[818, 6938, 5004, 496, 880, 528, 506, 62248, 103226, 580, 506, 1813, 236764, 914, 2742, 34455, 16983, 236761, 236743, 107, 236761, 107, 236743, 107, 236743, 107, 236743, 107, 236743, 107, 236743, 107, 236743, 107, 236743, 107, 236743, 107, 236743, 107, 236743, 107, 236743, 107, 236743, 107, 236743, 107, 236743, 107, 236743, 107, 236743, 107, 236743, 107, 236775, 818, 6938, 5004, 496, 880, 528, 880, 106]","[818, 6938, 5004, 496, 880, 528, 506, 62248, 103226, 580, 506, 1813, 236764, 914, 2742, 34455, 16983, 236761, 236743, 107, 236761, 107, 236743, 107, 236743, 107, 236743, 107, 236743, 107, 236743, 107, 236743, 107, 236743, 107, 236743, 107, 236743, 107, 236743, 107, 236743, 107, 236743, 107, 236743, 107, 236743, 107, 236743, 107, 236743, 107, 236743, 107, 236775, 818, 6938, 5004, 496, 880, 528, 880]",1,"[1, 106, 50]",106,1,True,True,"[1, 1, 1, 1, 0, 2, 3]","The boy saw a man in the canoe floated on the water, his body bobbing. 
.
 
 
 
 
 
 
 
 
 
 
 
 
 
 
 
 
 
""The boy saw a man in man",True,10228735488,13.691949643020052
052_common_gen_any_token_at_least_k_k3_t8_rep2,352,7,any_token_at_least_k,3,8,2,65,27,1665,1906890849,common_gen,52,2,common_gen:validation:324,0,46f9afb9229beda0d245f56af933a0faf0bb73fb97727e42a69edb196b090ca0,101ee8bf954fff253b952854a1b163c49ba6a83a3a692d2fcf94c1673e28f8e2,success,,512.0,512.0,512.0,False,,model_loaded,20.812358281982597,0.5021498380228877,0.8182147309998982,1.3203645690227859,1.3203645690227859,1554,15336,252482,359830324,262144,"{""allowed_count"": 262120, ""expected_count"": 262120, ""missing_expected"": [], ""ok"": true, ""stop_token_ids"": [1, 50, 106], ""unexpected_allowed"": []}",3.936163132020738,xgrammar,2.698611550964415,4.388309043948539,63,65,64,"[6259, 564, 16393, 531, 506, 2978, 236764, 564, 4247, 506, 5154, 531, 2426, 506, 18710, 573, 1041, 8774, 15668, 236761, 236743, 107, 93213, 236764, 3727, 236764, 2978, 236764, 2768, 236764, 18710, 236764, 5154, 236764, 8774, 236764, 16393, 236764, 4247, 236761, 107, 1899, 1765, 528, 11172, 753, 1602, 711, 1161, 784, 14485, 15195, 236761, 3792, 236789, 236751, 2056, 1570, 236761, 108, 236777, 16393, 531, 506, 106]","[6259, 564, 16393, 531, 506, 2978, 236764, 564, 4247, 506, 5154, 531, 2426, 506, 18710, 573, 1041, 8774, 15668, 236761, 236743, 107, 93213, 236764, 3727, 236764, 2978, 236764, 2768, 236764, 18710, 236764, 5154, 236764, 8774, 236764, 16393, 236764, 4247, 236761, 107, 1899, 1765, 528, 11172, 753, 1602, 711, 1161, 784, 14485, 15195, 236761, 3792, 236789, 236751, 2056, 1570, 236761, 108, 236777, 16393, 531, 506]",1,"[1, 106, 50]",106,1,True,True,"[1, 2, 1, 2, 2, 2, 3, 2]","After I walked to the room, I held the phone to check the weights for my exercise routine. 
ทำงาน, walk, room, hold, weights, phone, exercise, walked, held.
error found in prompt - did not use all concepts correctly. Let's try again.

I walked to the",True,10228950528,13.66193410300184
053_common_gen_any_token_at_least_k_k3_t9_rep2,353,8,any_token_at_least_k,3,9,2,65,30,1850,1555676554,common_gen,53,2,common_gen:validation:817,0,2220ebd1babfc3cd9f2ca86afcf6676fd7445cdac2c28a44ff2d0c609da670be,eb5ef85978c21289a19cf48a5f4629823435633fcf54f8ec93aae9011a07f87e,success,,512.0,512.0,512.0,False,,model_loaded,20.347487301041838,0.5333062179852277,0.9652118950034492,1.4985181129886769,1.4985181129886769,1740,18877,311682,474870618,262144,"{""allowed_count"": 262120, ""expected_count"": 262120, ""missing_expected"": [], ""ok"": true, ""stop_token_ids"": [1, 50, 106], ""unexpected_allowed"": []}",3.417117759003304,xgrammar,2.636835715966299,4.432298820000142,68,65,64,"[27426, 531, 18802, 506, 13153, 528, 506, 2197, 236764, 532, 21406, 2637, 506, 11711, 618, 625, 51523, 236761, 13634, 236761, 64423, 236761, 236749, 1399, 236761, 3970, 236761, 236749, 236761, 236744, 236761, 236744, 236761, 236744, 236761, 236744, 236761, 236744, 236761, 236744, 236761, 236744, 236761, 236744, 236761, 236744, 236761, 236744, 236761, 236744, 236761, 236744, 236761, 236744, 236761, 236744, 236761, 236744, 236761, 236744, 236761, 236744, 13153, 13153, 106]","[27426, 531, 18802, 506, 13153, 528, 506, 2197, 236764, 532, 21406, 2637, 506, 11711, 618, 625, 51523, 236761, 13634, 236761, 64423, 236761, 236749, 1399, 236761, 3970, 236761, 236749, 236761, 236744, 236761, 236744, 236761, 236744, 236761, 236744, 236761, 236744, 236761, 236744, 236761, 236744, 236761, 236744, 236761, 236744, 236761, 236744, 236761, 236744, 236761, 236744, 236761, 236744, 236761, 236744, 236761, 236744, 236761, 236744, 236761, 236744, 13153, 13153]",1,"[1, 106, 50]",106,1,True,True,"[0, 1, 1, 1, 0, 1, 1, 3, 0]","Begin to stir the ingredients in the pot, and continuously pour the mixture as it pours. diameter.त्न.nread.code.n.e.e.e.e.e.e.e.e.e.e.e.e.e.e.e.e.e ingredients ingredients",True,10229591040,13.295225323003251
054_common_gen_any_token_at_least_k_k3_t10_rep2,354,9,any_token_at_least_k,3,10,2,65,33,2035,1781890543,common_gen,54,2,common_gen:validation:647,0,f1f53925637335d8a636fd60d4882af6c6581460daad9ba6da5f98afe30259dc,4eae2c6cb059d2dd45748ae3f09e5b211321b0edfb153d1ad4f3c10b91f90c16,success,,512.0,512.0,512.0,False,,model_loaded,19.970726412022486,0.5493904180475511,1.1142541940207593,1.6636446120683104,1.6636446120683104,1926,22784,377056,610906971,262144,"{""allowed_count"": 262120, ""expected_count"": 262120, ""missing_expected"": [], ""ok"": true, ""stop_token_ids"": [1, 50, 106], ""unexpected_allowed"": []}",3.4116242780000903,xgrammar,2.673466173990164,4.2218678100034595,69,60,59,"[818, 8505, 14582, 506, 6214, 1217, 531, 2768, 506, 4299, 532, 6184, 236764, 1651, 506, 102631, 47270, 910, 9160, 607, 506, 9537, 236761, 108635, 506, 4299, 236881, 2611, 2768, 672, 236761, 7751, 236761, 236743, 107, 3503, 14485, 1456, 236787, 4299, 236764, 2768, 236764, 6184, 236764, 9537, 236764, 102631, 236764, 14582, 236764, 9160, 236764, 6214, 236764, 9258, 236764, 8505, 236761, 106]","[818, 8505, 14582, 506, 6214, 1217, 531, 2768, 506, 4299, 532, 6184, 236764, 1651, 506, 102631, 47270, 910, 9160, 607, 506, 9537, 236761, 108635, 506, 4299, 236881, 2611, 2768, 672, 236761, 7751, 236761, 236743, 107, 3503, 14485, 1456, 236787, 4299, 236764, 2768, 236764, 6184, 236764, 9537, 236764, 102631, 236764, 14582, 236764, 9160, 236764, 6214, 236764, 9258, 236764, 8505, 236761]",1,"[1, 106, 50]",106,1,True,False,"[3, 3, 2, 2, 2, 2, 2, 2, 1, 2]","The coach taught the kids how to hold the ball and throw, while the pitchers practiced their throws with the bat. whats the ball? ill hold this. objects. 
Key concepts used: ball, hold, throw, bat, pitchers, taught, throws, kids, holds, coach.",True,10229770240,13.280664769001305
055_common_gen_any_token_at_least_k_k3_t11_rep2,355,10,any_token_at_least_k,3,11,2,65,36,2220,463344614,common_gen,55,2,common_gen:validation:406,0,3e2c2af9686b7b637ebdbae2cf0debbd07f86cb3687405ec8ece357e3b4741c3,f76b941f18b13f14dd6d69c0e28ace2ccd5e1be78326a46c977cc6c1b8e9877e,success,,512.0,512.0,512.0,False,,model_loaded,20.72455284098396,0.5754048440139741,1.2863322930061258,1.8617371370201,1.8617371370201,2112,27057,448607,769564423,262144,"{""allowed_count"": 262120, ""expected_count"": 262120, ""missing_expected"": [], ""ok"": true, ""stop_token_ids"": [1, 50, 106], ""unexpected_allowed"": []}",3.53287742898101,xgrammar,2.7846506960340776,4.451387723966036,76,65,64,"[818, 6938, 54264, 506, 31393, 236764, 5205, 529, 9378, 531, 506, 1855, 1984, 236764, 618, 668, 105198, 506, 10224, 5205, 236761, 236743, 107, 236769, 10282, 236787, 1174, 13315, 563, 65373, 1805, 81547, 531, 3204, 784, 3149, 4171, 14769, 1651, 16977, 64106, 236764, 618, 1070, 14485, 46950, 8859, 10944, 14120, 236761, 623, 1829, 548, 4250, 236775, 532, 623, 116386, 1886, 236775, 12986, 54817, 12160, 5205, 106]","[818, 6938, 54264, 506, 31393, 236764, 5205, 529, 9378, 531, 506, 1855, 1984, 236764, 618, 668, 105198, 506, 10224, 5205, 236761, 236743, 107, 236769, 10282, 236787, 1174, 13315, 563, 65373, 1805, 81547, 531, 3204, 784, 3149, 4171, 14769, 1651, 16977, 64106, 236764, 618, 1070, 14485, 46950, 8859, 10944, 14120, 236761, 623, 1829, 548, 4250, 236775, 532, 623, 116386, 1886, 236775, 12986, 54817, 12160, 5205]",1,"[1, 106, 50]",106,1,True,True,"[0, 0, 1, 1, 1, 0, 3, 1, 1, 1, 1]","The boy climbed the stairs, instead of walking to the second level, as he climbs the flight instead. 
(Note: This sentence is grammatically strained to include all required words naturally while maintaining coherence, as some concepts clash regarding typical usage. ""Climbed"" and ""climbs"" introduce tense conflict instead",True,10231027200,13.993159803037997
056_common_gen_any_token_at_least_k_k3_t12_rep2,356,11,any_token_at_least_k,3,12,2,65,39,2405,385744462,common_gen,56,2,common_gen:validation:984,0,b2c76a1f1c513ad45e3af2bc47ea8998cc7dd30adf3a465f0d4f352433088da3,b9e3a9d01366967831c3af2c0c3363dfca783c2e85d94b67f777276a36c80f35,success,,512.0,512.0,512.0,False,,model_loaded,20.688443819992244,0.5475922410259955,1.490904928999953,2.0384971700259484,2.0384971700259484,2298,31696,526332,952468014,262144,"{""allowed_count"": 262120, ""expected_count"": 262120, ""missing_expected"": [], ""ok"": true, ""stop_token_ids"": [1, 50, 106], ""unexpected_allowed"": []}",3.523868892050814,xgrammar,2.6443796909879893,4.406599899986759,76,65,64,"[818, 4799, 8150, 10299, 236764, 834, 6295, 32761, 607, 496, 14617, 54381, 5021, 1515, 4654, 236761, 3325, 529, 10299, 236761, 107, 107, 177906, 10282, 236787, 669, 11172, 19565, 573, 808, 161617, 886, 236829, 13315, 1699, 784, 3755, 236761, 669, 10340, 13315, 2787, 563, 65373, 1805, 43140, 684, 506, 3149, 14485, 236764, 3043, 625, 12506, 3996, 840, 51577, 506, 37087, 2864, 2907, 1018, 108, 10299, 106]","[818, 4799, 8150, 10299, 236764, 834, 6295, 32761, 607, 496, 14617, 54381, 5021, 1515, 4654, 236761, 3325, 529, 10299, 236761, 107, 107, 177906, 10282, 236787, 669, 11172, 19565, 573, 808, 161617, 886, 236829, 13315, 1699, 784, 3755, 236761, 669, 10340, 13315, 2787, 563, 65373, 1805, 43140, 684, 506, 3149, 14485, 236764, 3043, 625, 12506, 3996, 840, 51577, 506, 37087, 2864, 2907, 1018, 108, 10299]",1,"[1, 106, 50]",106,1,True,True,"[0, 0, 0, 0, 1, 1, 1, 3, 1, 1, 1, 0]","The dog wants teaching, so giving treats with a gentle paw gives him knowledge. quality of teaching.

**(Note: The prompt asks for *exactly one* sentence using all terms. The suggested sentence above is grammatically constrained by the required concepts, making it somewhat complex but fulfilling the literal request.)**

 teaching",True,10231027200,13.963332668005023
057_common_gen_any_token_at_least_k_k3_t13_rep2,357,12,any_token_at_least_k,3,13,2,65,42,2590,908054129,common_gen,57,2,common_gen:validation:192,0,f2b2ee48a8e9421d43f3a7bf555643be365335b90ac7ef1fc97340a7896cc311,01daf2af8c8c349671b20c52318ed3d3e322783ca9335596f0e9ba3af2eb35c3,success,,512.0,512.0,512.0,False,,model_loaded,21.295644944009837,0.6124566580401734,1.6797406100085936,2.292197268048767,2.292197268048767,2484,36701,610231,1161242784,262144,"{""allowed_count"": 262120, ""expected_count"": 262120, ""missing_expected"": [], ""ok"": true, ""stop_token_ids"": [1, 50, 106], ""unexpected_allowed"": []}",3.6206718779867515,xgrammar,2.793246295012068,4.392169461003505,82,65,64,"[818, 48663, 69599, 532, 33226, 2121, 1699, 4133, 12889, 580, 5552, 236764, 3978, 92260, 699, 506, 9998, 1651, 14980, 236761, 236743, 107, 107, 20470, 236764, 600, 13315, 563, 496, 3103, 38875, 236761, 3792, 236789, 236751, 2056, 1570, 531, 1386, 625, 919, 3756, 1651, 2440, 784, 4820, 236761, 108, 818, 48663, 69599, 532, 33226, 2121, 1699, 4133, 12889, 580, 5552, 236764, 3978, 92260, 699, 1699, 106]","[818, 48663, 69599, 532, 33226, 2121, 1699, 4133, 12889, 580, 5552, 236764, 3978, 92260, 699, 506, 9998, 1651, 14980, 236761, 236743, 107, 107, 20470, 236764, 600, 13315, 563, 496, 3103, 38875, 236761, 3792, 236789, 236751, 2056, 1570, 531, 1386, 625, 919, 3756, 1651, 2440, 784, 4820, 236761, 108, 818, 48663, 69599, 532, 33226, 2121, 1699, 4133, 12889, 580, 5552, 236764, 3978, 92260, 699, 1699]",1,"[1, 106, 50]",106,1,True,True,"[0, 2, 2, 2, 2, 2, 2, 1, 0, 2, 1, 0, 3]","The performers wisely and nicely perform using complete skill on stage, getting applause from the audience while performing. 

Wait, that sentence is a bit awkward. Let's try again to make it more natural while including all elements.

The performers wisely and nicely perform using complete skill on stage, getting applause from using",True,10232109056,14.631926451984327
058_common_gen_any_token_at_least_k_k3_t14_rep2,358,13,any_token_at_least_k,3,14,2,65,45,2775,176478806,common_gen,58,2,common_gen:validation:886,0,88fbed7396b11d9cd3b1a44f6d33fb6263573dfe3e9e00126fa93ed093156acb,98093414c46c1fcd9b52956814854f9c1d1822cbf5971b3f274efd0df9542ab9,success,,512.0,512.0,512.0,False,,model_loaded,21.428596394020133,0.617759667977225,1.8874594250228256,2.5052190930000506,2.5052190930000506,2670,42072,700304,1397513773,262144,"{""allowed_count"": 262120, ""expected_count"": 262120, ""missing_expected"": [], ""ok"": true, ""stop_token_ids"": [1, 50, 106], ""unexpected_allowed"": []}",3.37677289795829,xgrammar,2.8418703639763407,4.469077927991748,81,65,64,"[8409, 9922, 11795, 236764, 1304, 28120, 506, 11988, 236764, 837, 5524, 506, 3549, 236764, 3043, 12054, 618, 1304, 8678, 506, 19060, 532, 6827, 506, 24285, 236761, 236743, 107, 236769, 25864, 236772, 154858, 236787, 669, 2787, 13315, 563, 65373, 1805, 81547, 532, 50708, 165686, 236761, 5715, 563, 496, 919, 3756, 5086, 98469, 20976, 531, 506, 11172, 236789, 236751, 13469, 529, 1699, 784, 1724, 12054, 12054, 1]","[8409, 9922, 11795, 236764, 1304, 28120, 506, 11988, 236764, 837, 5524, 506, 3549, 236764, 3043, 12054, 618, 1304, 8678, 506, 19060, 532, 6827, 506, 24285, 236761, 236743, 107, 236769, 25864, 236772, 154858, 236787, 669, 2787, 13315, 563, 65373, 1805, 81547, 532, 50708, 165686, 236761, 5715, 563, 496, 919, 3756, 5086, 98469, 20976, 531, 506, 11172, 236789, 236751, 13469, 529, 1699, 784, 1724, 12054, 12054]",1,"[1, 106, 50]",1,1,True,True,"[1, 0, 1, 1, 0, 1, 1, 0, 3, 0, 1, 1, 1, 1]","While wearing shoes, she threw the bottle, which hit the wall, making sounds as she opened the drinks and heard the hitting. 
(Self-correction: The above sentence is grammatically strained and overly convoluted. Here is a more natural option adhering strictly to the prompt's requirement of using all those sounds sounds",True,10231928832,14.575368737976532
059_common_gen_any_token_at_least_k_k3_t15_rep2,359,14,any_token_at_least_k,3,15,2,65,48,2960,1242587590,common_gen,59,2,common_gen:validation:404,0,d8899e3216d78d8dc00f1823f68873dc48ecff7614d6e1604a640b630a2488e0,484497d4da6760ad5ee92c7dadc8e9e74d5baee4420e2dcf5caa11509990ef10,success,,512.0,512.0,512.0,False,,model_loaded,22.031290582031943,0.6791174579993822,2.2436586190015078,2.92277607700089,2.92277607700089,2856,47809,796551,1662906021,262144,"{""allowed_count"": 262120, ""expected_count"": 262120, ""missing_expected"": [], ""ok"": true, ""stop_token_ids"": [1, 50, 106], ""unexpected_allowed"": []}",3.4169442569836974,xgrammar,2.748682514997199,4.561169528984465,85,65,64,"[818, 19185, 3875, 236764, 1015, 30748, 496, 8816, 532, 2838, 528, 506, 9048, 9495, 573, 506, 9232, 1463, 531, 577, 2760, 236764, 4461, 496, 13833, 1651, 506, 42602, 12208, 532, 1304, 691, 8116, 236761, 568, 2094, 13315, 563, 1401, 11724, 236764, 840, 20239, 784, 15166, 2907, 107, 236743, 107, 236829, 25864, 236772, 135778, 236786, 7166, 29357, 531, 5057, 919, 3756, 1651, 20976, 9495, 9495, 106]","[818, 19185, 3875, 236764, 1015, 30748, 496, 8816, 532, 2838, 528, 506, 9048, 9495, 573, 506, 9232, 1463, 531, 577, 2760, 236764, 4461, 496, 13833, 1651, 506, 42602, 12208, 532, 1304, 691, 8116, 236761, 568, 2094, 13315, 563, 1401, 11724, 236764, 840, 20239, 784, 15166, 2907, 107, 236743, 107, 236829, 25864, 236772, 135778, 236786, 7166, 29357, 531, 5057, 919, 3756, 1651, 20976, 9495, 9495]",1,"[1, 106, 50]",106,1,True,True,"[0, 1, 0, 1, 1, 1, 0, 1, 1, 1, 1, 0, 1, 0, 3]","The elegant woman, who wore a suit and sat in the chair waiting for the conference name to be called, received a reward while the metro arrived and she was sitting. (This sentence is very forced, but meets all constraints.)
 
*Self-Correction/Refinement to sound more natural while strictly waiting waiting",True,10232650752,14.991809206956532
060_common_gen_exactly_once_kna_t1_rep2,360,0,exactly_once,,1,2,65,3,254,282243418,common_gen,60,2,common_gen:validation:811,0,23e58fe4b52139df061df34743aa522074f964f179a28f0efee482af9412e9d8,17396d44641a25ebad4291d1d09f411e0166a97d1574801a605f4b8a7052dbe9,success,,512.0,512.0,512.0,False,,model_loaded,15.981603448977694,0.4521874980418943,0.05178374802926555,0.5039712460711598,0.5039712460711598,132,380,6234,1529977,262144,"{""allowed_count"": 262120, ""expected_count"": 262120, ""missing_expected"": [], ""ok"": true, ""stop_token_ids"": [1, 50, 106], ""unexpected_allowed"": []}",3.418050125008449,xgrammar,2.5850722020259127,1.7074169630068354,42,12,11,"[818, 22703, 121496, 6345, 13275, 20433, 1913, 506, 18487, 28708, 236761, 106]","[818, 22703, 121496, 6345, 13275, 20433, 1913, 506, 18487, 28708, 236761]",1,"[1, 106, 50]",106,1,True,False,[1],The tennis racket felt perfectly balanced during the intense rally.,True,10224967168,9.496729677019175
061_common_gen_exactly_once_kna_t2_rep2,361,1,exactly_once,,2,2,65,6,381,656331716,common_gen,61,2,common_gen:validation:956,0,b0ef8460a9989806e49a00468ab7c80836c843472dace247cec2454c3c9652fd,d347a91883b1a56e248caaa2c988fc9cf3ed11d8b800c3737a174e3fc378f50b,success,,512.0,512.0,512.0,False,,model_loaded,15.922358877025545,0.48077401000773534,0.10235505201853812,0.5831290620262735,0.5831290620262735,260,1012,16145,6324427,262144,"{""allowed_count"": 262120, ""expected_count"": 262120, ""missing_expected"": [], ""ok"": true, ""stop_token_ids"": [1, 50, 106], ""unexpected_allowed"": []}",3.3369434230262414,xgrammar,2.715602427953854,1.6622267090133391,44,11,10,"[236777, 19061, 506, 12815, 5385, 11540, 528, 506, 56672, 236761, 106]","[236777, 19061, 506, 12815, 5385, 11540, 528, 506, 56672, 236761]",1,"[1, 106, 50]",106,1,True,False,"[1, 0]",I watched the colorful fish swim in the aquarium.,True,10225319936,9.591658057004679
062_common_gen_exactly_once_kna_t3_rep2,362,2,exactly_once,,3,2,65,8,508,722300856,common_gen,62,2,common_gen:validation:307,0,b5623fa656a9d00d444873e8d0814a33d10d3df61398778a7c7b75ae3f113c89,23adbdce003a1cf5c024656d38cf3917dc851e5265e7bc0c24c14773b1d1cbaa,success,,512.0,512.0,512.0,False,,model_loaded,18.110921945015434,0.45790543098701164,0.15654917596839368,0.6144546069554053,0.6144546069554053,388,1896,29802,15152648,262144,"{""allowed_count"": 262120, ""expected_count"": 262120, ""missing_expected"": [], ""ok"": true, ""stop_token_ids"": [1, 50, 106], ""unexpected_allowed"": []}",3.379883849993348,xgrammar,2.771227753954008,1.8367295060306787,47,14,13,"[5778, 6956, 531, 12270, 506, 4299, 532, 6184, 625, 3418, 506, 2135, 236761, 106]","[5778, 6956, 531, 12270, 506, 4299, 532, 6184, 625, 3418, 506, 2135, 236761]",1,"[1, 106, 50]",106,1,True,False,"[1, 1, 1]",She tried to fetch the ball and throw it across the field.,True,10225850880,9.969047441030852
063_common_gen_exactly_once_kna_t4_rep2,363,3,exactly_once,,4,2,65,10,635,181118886,common_gen,63,2,common_gen:validation:32,0,b5d852393894a87b57c07b54ff9616b44776ab14025e19fcbde5c85bdaccf688,245b01a3bf05b88c38f3026ad74b4a180d315daf8402ec453fa5fc9c528df3d6,success,,512.0,512.0,512.0,False,,model_loaded,16.118576036999002,0.481248844997026,0.21662028599530458,0.6978691309923306,0.6978691309923306,516,3032,47205,28782736,262144,"{""allowed_count"": 262120, ""expected_count"": 262120, ""missing_expected"": [], ""ok"": true, ""stop_token_ids"": [1, 50, 106], ""unexpected_allowed"": []}",3.3913637320511043,xgrammar,2.7591417399817146,1.7138359539676458,50,12,11,"[236777, 15032, 684, 506, 3549, 236764, 10685, 506, 4526, 179911, 236761, 106]","[236777, 15032, 684, 506, 3549, 236764, 10685, 506, 4526, 179911, 236761]",1,"[1, 106, 50]",106,1,True,False,"[1, 1, 0, 1]","I stood by the wall, watching the watch intently.",True,10226381824,9.866962107014842
064_common_gen_exactly_once_kna_t5_rep2,364,4,exactly_once,,5,2,65,12,762,365506664,common_gen,64,2,common_gen:validation:602,0,eff750c46ac50b26e08e342f25412146656d393b7ee1ac2722821eadb94f5158,42ebda2bbf4a18cf578cda420028d75c346dc225758d828d24e072e0d4abbb53,success,,512.0,512.0,512.0,False,,model_loaded,16.8448408159893,0.4586827899911441,0.28078522003488615,0.7394680100260302,0.7394680100260302,644,4420,69301,47982787,262144,"{""allowed_count"": 262120, ""expected_count"": 262120, ""missing_expected"": [], ""ok"": true, ""stop_token_ids"": [1, 50, 106], ""unexpected_allowed"": []}",3.445340126985684,xgrammar,2.7954967559780926,2.0138547400129028,54,18,17,"[2205, 506, 1295, 11536, 236764, 564, 19061, 506, 7924, 4087, 506, 5111, 21078, 1131, 506, 13122, 236761, 106]","[2205, 506, 1295, 11536, 236764, 564, 19061, 506, 7924, 4087, 506, 5111, 21078, 1131, 506, 13122, 236761]",1,"[1, 106, 50]",106,1,True,False,"[0, 0, 1, 1, 0]","As the car ran, I watched the driver track the slow slip into the pit.",True,10227091456,10.346481501997914
065_common_gen_exactly_once_kna_t6_rep2,365,5,exactly_once,,6,2,65,14,889,611466864,common_gen,65,2,common_gen:validation:99,0,aa70bf92510b93441089e154aed9cc5662f67c299169e47cb72ac9c39c870d0b,35772875a96809e38fa91e6c7b52c71dd1743f6a77a215a57a188896b550d14f,success,,512.0,512.0,512.0,False,,model_loaded,19.43605723499786,0.4900972670293413,0.3491047070128843,0.8392019740422256,0.8392019740422256,772,6060,95395,73520897,262144,"{""allowed_count"": 262120, ""expected_count"": 262120, ""missing_expected"": [], ""ok"": true, ""stop_token_ids"": [1, 50, 106], ""unexpected_allowed"": []}",3.5527615229948424,xgrammar,2.798688045993913,2.113507075002417,56,18,17,"[5778, 62197, 531, 1161, 496, 2905, 531, 7562, 1116, 5324, 236764, 837, 6178, 496, 2803, 4446, 236761, 106]","[5778, 62197, 531, 1161, 496, 2905, 531, 7562, 1116, 5324, 236764, 837, 6178, 496, 2803, 4446, 236761]",1,"[1, 106, 50]",106,1,True,False,"[1, 1, 1, 0, 1, 1]","She prefers to use a comb to fix her hair, which uses a special oil.",True,10227446272,10.668575947987847
066_common_gen_exactly_once_kna_t7_rep2,366,6,exactly_once,,7,2,65,16,1016,1209463343,common_gen,66,2,common_gen:validation:109,0,60225eb10205641c9b9c38d7fac33380c57efd3a406c5990d5708358ae6b54bf,a327b082a237f7502cef0d6042096a43d3913dccf27d68d36b24b4cd7a7f16a1,success,,512.0,512.0,512.0,False,,model_loaded,17.762915742001496,0.5634830759954639,0.4259589100256562,0.9894419860211201,0.9894419860211201,900,7952,125487,106165162,262144,"{""allowed_count"": 262120, ""expected_count"": 262120, ""missing_expected"": [], ""ok"": true, ""stop_token_ids"": [1, 50, 106], ""unexpected_allowed"": []}",3.8060808299924247,xgrammar,2.8220610730350018,2.088827805011533,60,18,17,"[818, 9865, 1603, 496, 1494, 9212, 532, 30386, 1131, 506, 7444, 1651, 9922, 914, 11540, 22813, 236761, 106]","[818, 9865, 1603, 496, 1494, 9212, 532, 30386, 1131, 506, 7444, 1651, 9922, 914, 11540, 22813, 236761]",1,"[1, 106, 50]",106,1,True,False,"[1, 1, 1, 1, 0, 1, 1]",The guy made a high jump and dive into the pool while wearing his swim pants.,True,10228158976,11.190159996971488
067_common_gen_exactly_once_kna_t8_rep2,367,7,exactly_once,,8,2,65,18,1143,1229890557,common_gen,67,2,common_gen:validation:650,0,0cdf1a5aff6ec8494efc0e0a7a544d74e18606df57f3bbb28d2c9b324743b848,30ae9cd7137cf4dbdb27f7e490105c2778c6d99f50f67ad70d265830c8ba4f8c,success,,512.0,512.0,512.0,False,,model_loaded,17.43819918704685,0.4752761109848507,0.5051563980523497,0.9804325090372004,0.9804325090372004,1028,10096,159577,146683678,262144,"{""allowed_count"": 262120, ""expected_count"": 262120, ""missing_expected"": [], ""ok"": true, ""stop_token_ids"": [1, 50, 106], ""unexpected_allowed"": []}",3.9063662770204246,xgrammar,2.7387324720039032,1.957178526034113,62,17,16,"[235624, 496, 23143, 5423, 236764, 1304, 2838, 580, 506, 4467, 13606, 236764, 18206, 506, 8116, 236761, 106]","[235624, 496, 23143, 5423, 236764, 1304, 2838, 580, 506, 4467, 13606, 236764, 18206, 506, 8116, 236761]",1,"[1, 106, 50]",106,1,True,False,"[1, 1, 0, 0, 0, 0, 1, 1]","Wearing a worn hat, she sat on the park bench, enjoying the sitting.",True,10228516352,11.021026677044574
068_common_gen_exactly_once_kna_t9_rep2,368,8,exactly_once,,9,2,65,20,1270,282671048,common_gen,68,2,common_gen:validation:579,0,85a4ba288fbb38014652398996f7fa55fc0befc36a77812569761543f8a666b5,3db7dbc2e100713da0679f9206f34df8f7b50f439bb3b6e5b6bb159ab9048cc8,success,,512.0,512.0,512.0,False,,model_loaded,16.938677578000352,0.49730932799866423,0.5926052730064839,1.0899146010051481,1.0899146010051481,1156,12492,198800,195844541,262144,"{""allowed_count"": 262120, ""expected_count"": 262120, ""missing_expected"": [], ""ok"": true, ""stop_token_ids"": [1, 50, 106], ""unexpected_allowed"": []}",3.4011634519556537,xgrammar,2.725206431001425,1.7933806240325794,69,13,12,"[818, 6172, 15032, 532, 82006, 506, 24211, 236764, 110367, 506, 37532, 236761, 106]","[818, 6172, 15032, 532, 82006, 506, 24211, 236764, 110367, 506, 37532, 236761]",1,"[1, 106, 50]",106,1,True,False,"[0, 0, 0, 0, 1, 1, 1, 1, 1]","The feet stood and smashed the bucket, smashing the grapes.",True,10229770240,10.334694916033186
069_common_gen_exactly_once_kna_t10_rep2,369,9,exactly_once,,10,2,65,22,1397,1008574528,common_gen,69,2,common_gen:validation:253,0,66cbc709f4c4b340aaefb6f792580d23c8d09e2b0606bec706c52d72f3395028,c914d29b11bacbc38264c14665f3e18ded2e4e29702d71e0102a6bbbc304f8ed,success,,512.0,512.0,512.0,False,,model_loaded,17.608464705001097,0.5641985739930533,0.7051856250036508,1.269384198996704,1.269384198996704,1284,15140,242273,254415847,262144,"{""allowed_count"": 262120, ""expected_count"": 262120, ""missing_expected"": [], ""ok"": true, ""stop_token_ids"": [1, 50, 106], ""unexpected_allowed"": []}",3.4492418030276895,xgrammar,2.6768017019494437,2.16208582703257,72,20,19,"[818, 9565, 1015, 8785, 32629, 27275, 532, 98789, 11540, 528, 506, 7444, 1651, 506, 6938, 47369, 11540, 105617, 236761, 106]","[818, 9565, 1015, 8785, 32629, 27275, 532, 98789, 11540, 528, 506, 7444, 1651, 506, 6938, 47369, 11540, 105617, 236761]",1,"[1, 106, 50]",106,1,True,False,"[2, 1, 1, 1, 0, 1, 0, 0, 1, 1]",The girls who wear bikinis and goggles swim in the pool while the boy wears swim trunks.,True,10230307840,10.87336755299475
070_common_gen_exactly_once_kna_t11_rep2,370,10,exactly_once,,11,2,65,24,1524,244599645,common_gen,70,2,common_gen:validation:590,0,f23b0a5b098d4ca3c339818b196b863c62e810e8bcafa262a464165bc550b5b1,15305073d12c8b324c93a58af1477136c5146dc774c730f725063287b326eca6,success,,512.0,512.0,512.0,False,,model_loaded,17.616463056008797,0.49389740399783477,0.7898097260040231,1.2837071300018579,1.2837071300018579,1412,18040,289934,323165692,262144,"{""allowed_count"": 262120, ""expected_count"": 262120, ""missing_expected"": [], ""ok"": true, ""stop_token_ids"": [1, 50, 106], ""unexpected_allowed"": []}",3.4750572119955905,xgrammar,2.5561499730101787,2.1376796279801056,71,20,19,"[134942, 4916, 236764, 506, 13181, 4690, 24508, 506, 7363, 236764, 532, 910, 4916, 4247, 11119, 1913, 506, 22353, 236761, 106]","[134942, 4916, 236764, 506, 13181, 4690, 24508, 506, 7363, 236764, 532, 910, 4916, 4247, 11119, 1913, 506, 22353, 236761]",1,"[1, 106, 50]",106,1,True,False,"[0, 1, 0, 0, 1, 1, 0, 2, 1, 0, 1]","Holding hands, the busy friends crossed the street, and their hands held tight during the crossing.",True,10230129152,10.77429975697305
071_common_gen_exactly_once_kna_t12_rep2,371,11,exactly_once,,12,2,65,26,1651,981889957,common_gen,71,2,common_gen:validation:931,0,f5ce3fd890b0bc98ed80639f60b5ccdda4b9eb4c1f4fae4f087bc25b4ec09d55,db03486ada6b44d6d23ca5776777144eb538d3779161d9fd5340a3fde982976f,success,,512.0,512.0,512.0,False,,model_loaded,18.000021404004656,0.5546693030046299,0.8992971219704486,1.4539664249750786,1.4539664249750786,1540,21192,341845,402862172,262144,"{""allowed_count"": 262120, ""expected_count"": 262120, ""missing_expected"": [], ""ok"": true, ""stop_token_ids"": [1, 50, 106], ""unexpected_allowed"": []}",3.4326863680034876,xgrammar,2.7176469289697707,2.160774898948148,77,20,19,"[818, 2268, 33754, 15032, 528, 506, 16656, 236764, 68599, 1813, 8990, 506, 9917, 532, 11979, 1913, 506, 58405, 236761, 106]","[818, 2268, 33754, 15032, 528, 506, 16656, 236764, 68599, 1813, 8990, 506, 9917, 532, 11979, 1913, 506, 58405, 236761]",1,"[1, 106, 50]",106,1,True,False,"[1, 0, 0, 1, 1, 0, 1, 1, 1, 1, 1, 1]","The little hose stood in the yard, spraying water onto the grass and stands during the evenings.",True,10231207424,11.08798176801065
072_common_gen_exactly_once_kna_t13_rep2,372,12,exactly_once,,13,2,65,28,1778,887125123,common_gen,72,2,common_gen:validation:671,0,02471db2eed5cafae6b5225e376fd9ec96352ca6680a9aaa6da9d599d6e180e4,05b9973efbdc90fc2351ff224998372e7f623c7ae8fef23ada85eaca952a6c46,success,,512.0,512.0,512.0,False,,model_loaded,18.334163599996828,0.5467116460204124,1.0288350260234438,1.5755466720438562,1.5755466720438562,1668,24596,398006,494273383,262144,"{""allowed_count"": 262120, ""expected_count"": 262120, ""missing_expected"": [], ""ok"": true, ""stop_token_ids"": [1, 50, 106], ""unexpected_allowed"": []}",3.40640393900685,xgrammar,2.7492195939994417,2.533448580012191,78,27,26,"[60776, 657, 506, 7363, 9895, 236764, 564, 19061, 506, 1635, 532, 30189, 4071, 236764, 9495, 573, 506, 8827, 531, 2490, 532, 506, 6953, 531, 1975, 236761, 106]","[60776, 657, 506, 7363, 9895, 236764, 564, 19061, 506, 1635, 532, 30189, 4071, 236764, 9495, 573, 506, 8827, 531, 2490, 532, 506, 6953, 531, 1975, 236761]",1,"[1, 106, 50]",106,1,True,False,"[1, 1, 0, 1, 1, 1, 1, 0, 1, 1, 0, 1, 0]","Waiting at the street corner, I watched the bus and taxi cross, waiting for the traffic to turn and the signal to stand.",True,10231387648,11.592589341045823
073_common_gen_exactly_once_kna_t14_rep2,373,13,exactly_once,,14,2,65,30,1905,2042561789,common_gen,73,2,common_gen:validation:763,0,2e9558cc6f276770980cf63e3e57bfe9c4735bd54ae045e1f410260bf0360234,90803e7cd927a97d48157d652a5fd8c06ca8cb20c11b94164c874c639823d6ce,success,,512.0,512.0,512.0,False,,model_loaded,19.03214437898714,0.560854572977405,1.1290534930303693,1.6899080660077743,1.6899080660077743,1796,28252,458417,598167421,262144,"{""allowed_count"": 262120, ""expected_count"": 262120, ""missing_expected"": [], ""ok"": true, ""stop_token_ids"": [1, 50, 106], ""unexpected_allowed"": []}",3.3680053579737432,xgrammar,2.727908130036667,2.444672453973908,84,25,24,"[48569, 7010, 9922, 3361, 43119, 532, 66444, 3727, 2651, 580, 506, 28954, 1131, 506, 34508, 236764, 1298, 506, 43119, 532, 50328, 659, 3361, 236761, 106]","[48569, 7010, 9922, 3361, 43119, 532, 66444, 3727, 2651, 580, 506, 28954, 1131, 506, 34508, 236764, 1298, 506, 43119, 532, 50328, 659, 3361, 236761]",1,"[1, 106, 50]",106,1,True,False,"[0, 0, 1, 0, 1, 1, 1, 2, 1, 0, 2, 1, 1, 0]","Individual individuals wearing similar hats and attire walk hard on the ramp into the mall, where the hats and coats are similar.",True,10232470016,11.616001799993683
074_common_gen_exactly_once_kna_t15_rep2,374,14,exactly_once,,15,2,65,32,2032,1009687096,common_gen,74,2,common_gen:validation:305,0,60b0d4a8c19cbf6c3fc002e7378f95045b5af0db398999d8b503d679f1ca3b8b,79251b21a5a51dc2c640d747bad57e67324fee76c668cdad1222aa635cb9d8b1,success,,512.0,512.0,512.0,False,,model_loaded,18.407120988995302,0.5604791769874282,1.2561604799702764,1.8166396569577046,1.8166396569577046,1924,32160,523078,715312382,262144,"{""allowed_count"": 262120, ""expected_count"": 262120, ""missing_expected"": [], ""ok"": true, ""stop_token_ids"": [1, 50, 106], ""unexpected_allowed"": []}",3.231486026023049,xgrammar,2.708731481048744,2.2956569630187005,90,23,22,"[818, 34270, 13646, 506, 2005, 29967, 8403, 236764, 6807, 1217, 531, 1161, 506, 5873, 1651, 6931, 1388, 531, 15128, 506, 7932, 236761, 106]","[818, 34270, 13646, 506, 2005, 29967, 8403, 236764, 6807, 1217, 531, 1161, 506, 5873, 1651, 6931, 1388, 531, 15128, 506, 7932, 236761]",1,"[1, 106, 50]",106,1,True,False,"[0, 0, 1, 1, 1, 1, 1, 1, 0, 0, 1, 1, 1, 1, 1]","The instructor demonstrated the proper climbing techniques, showing how to use the camera while talking well to demonstrate the sport.",True,10233556992,11.407968821004033
075_common_gen_exactly_once_kna_t16_rep2,375,15,exactly_once,,16,2,65,34,2159,2106063584,common_gen,75,2,common_gen:validation:806,0,e87e9fb4949814147b6324444c2bf7ef02ef9a24303f336ca14f1cbc1a2037f0,0dc9ede3451a0b2a13274992c09e879d3897d0a9f5d60bdecc495a75ca55a814,success,,512.0,512.0,512.0,False,,model_loaded,19.16688258101931,0.5545915080001578,1.4141992480144836,1.9687907560146414,1.9687907560146414,2052,36320,591989,846476362,262144,"{""allowed_count"": 262120, ""expected_count"": 262120, ""missing_expected"": [], ""ok"": true, ""stop_token_ids"": [1, 50, 106], ""unexpected_allowed"": []}",3.394776451983489,xgrammar,2.599263481970411,2.6534470440237783,87,30,29,"[818, 1589, 8101, 236764, 7046, 506, 20190, 10362, 236764, 15032, 6218, 607, 914, 22680, 236764, 618, 506, 14061, 529, 506, 26796, 528, 506, 3653, 4247, 506, 14061, 22680, 236761, 106]","[818, 1589, 8101, 236764, 7046, 506, 20190, 10362, 236764, 15032, 6218, 607, 914, 22680, 236764, 618, 506, 14061, 529, 506, 26796, 528, 506, 3653, 4247, 506, 14061, 22680, 236761]",1,"[1, 106, 50]",106,1,True,False,"[0, 1, 0, 0, 0, 1, 0, 1, 2, 1, 2, 0, 1, 0, 1, 1]","The person standing, holding the fake gun, stood firm with his flags, as the shooting of the guns in the war held the shooting flags.",True,10233013248,11.941937253985088
076_common_gen_exactly_once_kna_t17_rep2,376,16,exactly_once,,17,2,65,36,2286,114612613,common_gen,76,2,common_gen:validation:787,0,01e8b8f59654e29444d5efbc4c8b7e1bbbf6619066d8d62fbfc91839143a58e9,084a406b9d4cff4b182019978d9c5b56db2a415241c1edb7536f800746645eef,success,,512.0,512.0,512.0,False,,model_loaded,19.740134357009083,0.5880999349756166,1.536466899968218,2.1245668349438347,2.1245668349438347,2180,40732,665150,992427457,262144,"{""allowed_count"": 262120, ""expected_count"": 262120, ""missing_expected"": [], ""ok"": true, ""stop_token_ids"": [1, 50, 106], ""unexpected_allowed"": []}",3.496357638039626,xgrammar,2.769007132970728,2.5497970929718576,93,28,27,"[818, 880, 236789, 236751, 3392, 3931, 33788, 618, 914, 6172, 7953, 44640, 236764, 532, 668, 1176, 236764, 623, 236777, 2514, 33788, 236764, 17539, 607, 1239, 6172, 9332, 106]","[818, 880, 236789, 236751, 3392, 3931, 33788, 618, 914, 6172, 7953, 44640, 236764, 532, 668, 1176, 236764, 623, 236777, 2514, 33788, 236764, 17539, 607, 1239, 6172, 9332]",1,"[1, 106, 50]",106,1,True,False,"[1, 0, 0, 0, 0, 0, 0, 1, 0, 0, 1, 1, 2, 2, 0, 0, 0]","The man's face started laughing as his feet kept sticking, and he said, ""I keep laughing, stuck with these feet!""",True,10234101248,12.22221137303859
077_common_gen_exactly_once_kna_t18_rep2,377,17,exactly_once,,18,2,65,38,2413,1938070736,common_gen,77,2,common_gen:validation:777,0,d6abdbc028464c90098cb2d5881962dfdb99ac72e7eb10f50702ad55af30db2f,3cfa49a8e1f94c72ab4eb399e2382486b6eeabf8ed824a747932d29c775ba571,success,,512.0,512.0,512.0,False,,model_loaded,21.6219169649994,0.607196182012558,1.6993758819880895,2.3065720640006475,2.3065720640006475,2308,45396,742561,1153933763,262144,"{""allowed_count"": 262120, ""expected_count"": 262120, ""missing_expected"": [], ""ok"": true, ""stop_token_ids"": [1, 50, 106], ""unexpected_allowed"": []}",3.322066849039402,xgrammar,2.7434598570107482,2.7426069129724056,93,30,29,"[818, 9865, 3939, 531, 506, 15346, 532, 14980, 13170, 8091, 236772, 108057, 607, 3825, 573, 3774, 60618, 236764, 1298, 506, 3953, 28399, 51469, 20958, 236764, 1699, 914, 12162, 236761, 106]","[818, 9865, 3939, 531, 506, 15346, 532, 14980, 13170, 8091, 236772, 108057, 607, 3825, 573, 3774, 60618, 236764, 1298, 506, 3953, 28399, 51469, 20958, 236764, 1699, 914, 12162, 236761]",1,"[1, 106, 50]",106,1,True,False,"[1, 0, 1, 0, 1, 1, 1, 0, 1, 1, 1, 1, 1, 1, 1, 0, 0, 1]","The guy went to the gym and performing cable pull-downs with weight for arm workouts, where the girl performs downs exercises, using his arms.",True,10234101248,12.433759275998455
078_common_gen_exactly_once_kna_t19_rep2,378,18,exactly_once,,19,2,65,40,2540,868239826,common_gen,78,2,common_gen:validation:308,0,4692c904431854dba228a580da7d4635536634b7f0c551f740acac1311113695,064be58ea229334727613d4dc42304e3066f582a568a9f9d8b4da8199177993e,success,,512.0,512.0,512.0,False,,model_loaded,22.14842341694748,0.6386472140438855,1.8481831009848975,2.486830315028783,2.486830315028783,2436,50312,824222,1331763376,262144,"{""allowed_count"": 262120, ""expected_count"": 262120, ""missing_expected"": [], ""ok"": true, ""stop_token_ids"": [1, 50, 106], ""unexpected_allowed"": []}",3.4827281730249524,xgrammar,2.605547619983554,2.8144128149724565,99,34,33,"[818, 17635, 12399, 236764, 496, 2299, 529, 12958, 18206, 18683, 910, 33881, 580, 506, 132885, 22249, 236764, 39494, 532, 7659, 38295, 1651, 784, 964, 18206, 506, 53146, 33249, 532, 147019, 506, 26607, 236761, 106]","[818, 17635, 12399, 236764, 496, 2299, 529, 12958, 18206, 18683, 910, 33881, 580, 506, 132885, 22249, 236764, 39494, 532, 7659, 38295, 1651, 784, 964, 18206, 506, 53146, 33249, 532, 147019, 506, 26607, 236761]",1,"[1, 106, 50]",106,1,True,False,"[0, 0, 0, 1, 2, 1, 0, 0, 1, 1, 1, 1, 0, 1, 0, 0, 1, 1, 1]","The sunny afternoon, a group of boys enjoying riding their bikes on the hilly trails, laughed and shared jokes while all were enjoying the marathon rides and circling the hills.",True,10235193344,12.739082849002443
079_common_gen_odd_count_kna_t14_rep2,379,13,odd_count,,14,2,65,30,1905,2010497757,common_gen,79,2,common_gen:validation:807,0,3454d53295732296fdb7438167eeab6423aab90c615ef9bf6daa3fd267ba04d7,424fce6c0721598a11c05491f08a1ac95d725d7d87d3ecde73b5a7123611d4e8,success,,512.0,512.0,512.0,False,,model_loaded,19.720578323001973,0.5688670279923826,1.1427295500179753,1.711596578010358,1.711596578010358,1796,29120,472193,629931013,262144,"{""allowed_count"": 262120, ""expected_count"": 262120, ""missing_expected"": [], ""ok"": true, ""stop_token_ids"": [1, 50, 106], ""unexpected_allowed"": []}",3.6094787979964167,xgrammar,2.722796001995448,2.5432438169955276,83,28,27,"[818, 9800, 39494, 30760, 618, 506, 4690, 2838, 528, 25794, 236764, 126948, 496, 6347, 529, 3627, 2651, 236764, 532, 5026, 39494, 77448, 657, 506, 62755, 3627, 236761, 106]","[818, 9800, 39494, 30760, 618, 506, 4690, 2838, 528, 25794, 236764, 126948, 496, 6347, 529, 3627, 2651, 236764, 532, 5026, 39494, 77448, 657, 506, 62755, 3627, 236761]",1,"[1, 106, 50]",106,1,True,False,"[0, 0, 2, 0, 1, 2, 1, 1, 1, 0, 1, 1, 0, 1]","The teacher laughed badly as the friends sat in chairs, ripping a piece of paper hard, and someone laughed loudly at the ripped paper.",True,10232289280,11.882888348016422
080_common_gen_left_not_right_kna_t1_rep2,380,0,left_not_right,,1,2,65,5,313,2133090076,common_gen,80,2,common_gen:validation:527,0,383d4f677748b1c8b6cd9874bc0bfd9d9695ccdbba379a0062de1d202e61db49,54e114f4a49c59be6e82294ed5dc9dead1cb53140f13c91b46035bee580693a3,success,,512.0,512.0,512.0,False,,model_loaded,16.64400182198733,0.447393957991153,0.0747854610090144,0.5221794190001674,0.5221794190001674,193,499,8557,3263010,262144,"{""allowed_count"": 262119, ""expected_count"": 262119, ""missing_expected"": [], ""ok"": true, ""stop_token_ids"": [1, 50, 106], ""unexpected_allowed"": []}",3.6100057929870673,xgrammar,2.6178781489725225,1.9305557209881954,41,16,15,"[818, 2742, 236789, 236751, 3996, 3797, 981, 3075, 531, 2174, 573, 3305, 532, 7296, 236761, 106]","[818, 2742, 236789, 236751, 3996, 3797, 981, 3075, 531, 2174, 573, 3305, 532, 7296, 236761]",1,"[1, 106, 50]",106,1,True,False,[1],The body's complex systems work together to allow for thought and movement.,True,10224791040,9.972995012998581
081_common_gen_left_not_right_kna_t2_rep2,381,1,left_not_right,,2,2,65,9,501,1651005495,common_gen,81,2,common_gen:validation:845,0,a4333ecd245ae625056c6fe5f089cc2ce9570dbc2f24bd4ef21710164718fc4a,e9d13498ab4cb458c87e5118bcd2a68b1641568fcfde92fc9587d3c0e3978e0c,success,,512.0,512.0,512.0,False,,model_loaded,18.96384986001067,0.4736307840212248,0.14923212199937552,0.6228629060206003,0.6228629060206003,382,1370,22577,13724222,262144,"{""allowed_count"": 262119, ""expected_count"": 262119, ""missing_expected"": [], ""ok"": true, ""stop_token_ids"": [1, 50, 106], ""unexpected_allowed"": []}",3.3887375030317344,xgrammar,2.7078993499744684,4.486365078017116,44,65,64,"[5778, 1456, 496, 3538, 16078, 531, 22064, 1116, 21341, 35495, 3418, 1116, 65684, 236761, 105719, 236761, 107, 236743, 107, 236743, 107, 236743, 107, 236743, 107, 236743, 107, 236743, 107, 236743, 107, 236743, 107, 236743, 107, 236743, 107, 236743, 107, 236743, 107, 236743, 107, 236743, 107, 236743, 107, 236743, 107, 236743, 107, 236743, 107, 236743, 107, 236743, 107, 236743, 107, 236743, 107, 236743, 107, 532, 106]","[5778, 1456, 496, 3538, 16078, 531, 22064, 1116, 21341, 35495, 3418, 1116, 65684, 236761, 105719, 236761, 107, 236743, 107, 236743, 107, 236743, 107, 236743, 107, 236743, 107, 236743, 107, 236743, 107, 236743, 107, 236743, 107, 236743, 107, 236743, 107, 236743, 107, 236743, 107, 236743, 107, 236743, 107, 236743, 107, 236743, 107, 236743, 107, 236743, 107, 236743, 107, 236743, 107, 236743, 107, 236743, 107, 532]",1,"[1, 106, 50]",106,1,True,True,"[1, 1]","She used a soft brush to blend her makeup smoothly across her cheeks. घटनाओं.
 
 
 
 
 
 
 
 
 
 
 
 
 
 
 
 
 
 
 
 
 
 
 
 and",True,10227588096,12.528004781983327
082_common_gen_left_not_right_kna_t3_rep2,382,2,left_not_right,,3,2,65,12,689,473415857,common_gen,82,2,common_gen:validation:600,0,5c166d7b91e4fc600997c5cb22e69dbaa2ae63f3727bdf9440cff131b8ba6c6a,c1684982f511c2efd4094968f705cd55edb1b49dee1fde1762993ad0df35160d,success,,512.0,512.0,512.0,False,,model_loaded,18.96068718499737,0.46328085201093927,0.23252414702437818,0.6958049990353175,0.6958049990353175,571,2613,42877,33063282,262144,"{""allowed_count"": 262119, ""expected_count"": 262119, ""missing_expected"": [], ""ok"": true, ""stop_token_ids"": [1, 50, 106], ""unexpected_allowed"": []}",3.2966518320026807,xgrammar,2.753649674996268,4.436324344016612,47,65,64,"[3497, 1041, 1526, 236764, 564, 795, 9039, 506, 14788, 2780, 236761, 236743, 107, 2717, 3723, 107, 14937, 54554, 1083, 623, 3497, 1041, 1526, 236764, 564, 795, 9039, 506, 14788, 2780, 1781, 236783, 107, 2717, 107, 20470, 236764, 564, 1202, 531, 994, 808, 8960, 236829, 506, 13315, 236761, 108, 3497, 1041, 1526, 236764, 564, 795, 9039, 506, 2780, 236761, 107, 2717, 107, 3497, 1041, 532, 106]","[3497, 1041, 1526, 236764, 564, 795, 9039, 506, 14788, 2780, 236761, 236743, 107, 2717, 3723, 107, 14937, 54554, 1083, 623, 3497, 1041, 1526, 236764, 564, 795, 9039, 506, 14788, 2780, 1781, 236783, 107, 2717, 107, 20470, 236764, 564, 1202, 531, 994, 808, 8960, 236829, 506, 13315, 236761, 108, 3497, 1041, 1526, 236764, 564, 795, 9039, 506, 2780, 236761, 107, 2717, 107, 3497, 1041, 532]",1,"[1, 106, 50]",106,1,True,True,"[3, 3, 3]","With my hand, I will eat the delicious food. 
```json
{""sentence"": ""With my hand, I will eat the delicious food.""}
```
Wait, I need to return *only* the sentence.

With my hand, I will eat the food.
```
With my and",True,10227803136,12.531601277005393
083_common_gen_left_not_right_kna_t4_rep2,383,3,left_not_right,,4,2,65,15,877,245898394,common_gen,83,2,common_gen:validation:442,0,9938aeec9ea4efc78d9b9acdf846dcaedb7aecc1751424582c4bd23661e99288,f1e4d8529bec2d56fad9720be152f50c98cc87fc8b1ae4886ec57596d8a1cede,success,,512.0,512.0,512.0,False,,model_loaded,19.447668307984713,0.4976508890395053,0.32391088898293674,0.821561778022442,0.821561778022442,760,4228,69267,62958654,262144,"{""allowed_count"": 262119, ""expected_count"": 262119, ""missing_expected"": [], ""ok"": true, ""stop_token_ids"": [1, 50, 106], ""unexpected_allowed"": []}",3.4684154790011235,xgrammar,2.7277850229875185,4.4156699840095825,50,65,64,"[1882, 1053, 531, 3137, 528, 506, 12401, 531, 4682, 506, 5385, 236761, 29686, 236761, 107, 2717, 107, 1882, 1053, 531, 3137, 528, 506, 12401, 531, 4682, 506, 5385, 236761, 107, 2717, 107, 236769, 25864, 236772, 154858, 236787, 669, 2864, 19565, 573, 808, 161617, 886, 236829, 13315, 236764, 532, 506, 14787, 623, 23976, 755, 236775, 563, 711, 912, 529, 506, 3149, 14485, 236761, 58940, 524, 106]","[1882, 1053, 531, 3137, 528, 506, 12401, 531, 4682, 506, 5385, 236761, 29686, 236761, 107, 2717, 107, 1882, 1053, 531, 3137, 528, 506, 12401, 531, 4682, 506, 5385, 236761, 107, 2717, 107, 236769, 25864, 236772, 154858, 236787, 669, 2864, 19565, 573, 808, 161617, 886, 236829, 13315, 236764, 532, 506, 14787, 623, 23976, 755, 236775, 563, 711, 912, 529, 506, 3149, 14485, 236761, 58940, 524]",1,"[1, 106, 50]",106,1,True,True,"[2, 2, 2, 2]","We had to dig in the hole to catch the fish. facile.
```
We had to dig in the hole to catch the fish.
```
(Self-correction: The request asks for *exactly one* sentence, and the instruction ""facile"" is not part of the required concepts. Corrected",True,10228018688,12.722756551986095
084_common_gen_left_not_right_kna_t5_rep2,384,4,left_not_right,,5,2,65,18,1065,1222662817,common_gen,84,2,common_gen:validation:283,0,94ac55f9d73abb196124046a4827289b3497713ed7d394abe311b8e061df3251,7eddcb63363596dffee8961cd63cab10e5b14fab415a0232350406a42f5b6ad9,success,,512.0,512.0,512.0,False,,model_loaded,19.253136507002637,0.46487252600491047,0.4239074159995653,0.8887799420044757,0.8887799420044757,949,6215,101561,105088802,262144,"{""allowed_count"": 262119, ""expected_count"": 262119, ""missing_expected"": [], ""ok"": true, ""stop_token_ids"": [1, 50, 106], ""unexpected_allowed"": []}",3.434612150012981,xgrammar,2.737149398017209,4.398958330973983,56,65,64,"[818, 82840, 15678, 5877, 496, 7186, 3736, 529, 98291, 531, 506, 1331, 236761, 111568, 165916, 117622, 236761, 107, 643, 236761, 107, 11921, 506, 4598, 607, 496, 192859, 24047, 236764, 506, 1331, 12535, 506, 27983, 3736, 529, 98291, 699, 506, 15678, 236761, 107, 643, 236761, 107, 818, 15678, 120899, 75203, 573, 506, 48663, 236764, 15656, 98291, 531, 506, 1331, 236761, 107, 643, 236761, 107, 532, 106]","[818, 82840, 15678, 5877, 496, 7186, 3736, 529, 98291, 531, 506, 1331, 236761, 111568, 165916, 117622, 236761, 107, 643, 236761, 107, 11921, 506, 4598, 607, 496, 192859, 24047, 236764, 506, 1331, 12535, 506, 27983, 3736, 529, 98291, 699, 506, 15678, 236761, 107, 643, 236761, 107, 818, 15678, 120899, 75203, 573, 506, 48663, 236764, 15656, 98291, 531, 506, 1331, 236761, 107, 643, 236761, 107, 532]",1,"[1, 106, 50]",106,1,True,True,"[1, 2, 3, 3, 3]","The cheering crowd gave a huge performance of cheers to the people. व्यावसायिकפע 물론.
end.
Met the party with a rousing cheer, the people enjoyed the spectacular performance of cheers from the crowd.
end.
The crowd cheered wildly for the performers, sending cheers to the people.
end.
 and",True,10228448768,12.753626953053754
085_common_gen_left_not_right_kna_t6_rep2,385,5,left_not_right,,6,2,65,21,1253,200412175,common_gen,85,2,common_gen:validation:491,0,a658f7afc63f1dc819f0cd18148de9a2d4a5b38981beae477855591fcabff1df,0e595f19b666eb85c06711bf66d7bc36073c9b8a888c3195698d431390b46019,success,,512.0,512.0,512.0,False,,model_loaded,19.447959583019838,0.49078641802771017,0.5326853520236909,1.023471770051401,1.023471770051401,1138,8574,139759,161132190,262144,"{""allowed_count"": 262119, ""expected_count"": 262119, ""missing_expected"": [], ""ok"": true, ""stop_token_ids"": [1, 50, 106], ""unexpected_allowed"": []}",3.4399437460233457,xgrammar,2.7902088750270195,4.458342900965363,57,65,64,"[818, 9171, 19015, 506, 5232, 531, 1861, 506, 2523, 607, 496, 1861, 672, 1861, 236761, 236743, 107, 236743, 107, 16907, 25864, 236772, 154858, 236787, 669, 11172, 19565, 573, 808, 161617, 886, 2822, 236764, 3756, 236764, 40137, 5422, 13315, 236829, 1699, 784, 14485, 236761, 669, 3847, 13315, 563, 65373, 1805, 38875, 532, 58148, 236761, 3792, 236789, 236751, 2056, 1570, 573, 2480, 2727, 1651, 17096, 784, 106]","[818, 9171, 19015, 506, 5232, 531, 1861, 506, 2523, 607, 496, 1861, 672, 1861, 236761, 236743, 107, 236743, 107, 16907, 25864, 236772, 154858, 236787, 669, 11172, 19565, 573, 808, 161617, 886, 2822, 236764, 3756, 236764, 40137, 5422, 13315, 236829, 1699, 784, 14485, 236761, 669, 3847, 13315, 563, 65373, 1805, 38875, 532, 58148, 236761, 3792, 236789, 236751, 2056, 1570, 573, 2480, 2727, 1651, 17096, 784]",1,"[1, 106, 50]",106,1,True,True,"[3, 0, 1, 1, 0, 1]","The neighbor opens the door to present the family with a present this present. 
 
*(Self-correction: The prompt asks for *exactly one short, natural, coherent English sentence* using all concepts. The provided sentence is grammatically awkward and repetitive. Let's try again for better flow while ensuring all",True,10228520448,13.033566059020814
086_common_gen_left_not_right_kna_t7_rep2,386,6,left_not_right,,7,2,65,24,1441,817763088,common_gen,86,2,common_gen:validation:147,0,6174982bbb891ec7b79ff36bf272474c35652e119554d5cad2522d65497dca58,a70bb7b12facec60c8e1f0df622ef5c9fed1f80622a9d0ab43fea5745d20e56b,success,,512.0,512.0,512.0,False,,model_loaded,19.556072356004734,0.5143503569997847,0.65343041397864,1.1677807709784247,1.1677807709784247,1327,11305,183861,232767282,262144,"{""allowed_count"": 262119, ""expected_count"": 262119, ""missing_expected"": [], ""ok"": true, ""stop_token_ids"": [1, 50, 106], ""unexpected_allowed"": []}",3.3791572370100766,xgrammar,2.61560770397773,4.395288355008233,60,65,64,"[818, 22961, 103226, 1679, 506, 8858, 11945, 236764, 837, 3721, 2782, 531, 6803, 3068, 506, 11196, 236761, 155395, 236761, 131499, 236761, 107, 46260, 25864, 236772, 154858, 236787, 669, 3847, 15166, 2080, 531, 496, 6112, 165686, 13315, 236761, 83652, 522, 573, 3756, 2727, 1651, 2440, 784, 27979, 4171, 563, 14798, 2907, 236829, 108, 109627, 5686, 19541, 580, 64106, 236787, 107, 1882, 3721, 2782, 531, 532, 50]","[818, 22961, 103226, 1679, 506, 8858, 11945, 236764, 837, 3721, 2782, 531, 6803, 3068, 506, 11196, 236761, 155395, 236761, 131499, 236761, 107, 46260, 25864, 236772, 154858, 236787, 669, 3847, 15166, 2080, 531, 496, 6112, 165686, 13315, 236761, 83652, 522, 573, 3756, 2727, 1651, 2440, 784, 27979, 4171, 563, 14798, 2907, 236829, 108, 109627, 5686, 19541, 580, 64106, 236787, 107, 1882, 3721, 2782, 531, 532]",1,"[1, 106, 50]",50,1,True,True,"[1, 1, 1, 1, 1, 2, 0]","The tire floated down the river tube, which took times to float past the banks. தட.cote.
 *(Self-correction: The provided constraints lead to a highly convoluted sentence. Aiming for natural flow while including all mandatory words is challenging.)*

Revised attempt focusing on coherence:
We took times to and",True,10228735488,12.87117355200462
087_common_gen_left_not_right_kna_t8_rep2,387,7,left_not_right,,8,2,65,27,1629,1928741190,common_gen,87,2,common_gen:validation:791,0,5954be2645455dcf518c465b312e6798d9df82d8f7b50fefba6595f37977127a,01e438dd51cec48b674ebe97c9305661d059e55ffd403b89b2115ccf898679db,success,,512.0,512.0,512.0,False,,model_loaded,19.71695427800296,0.5485072640003636,0.7924478380009532,1.3409551020013168,1.3409551020013168,1516,14408,233867,321672542,262144,"{""allowed_count"": 262119, ""expected_count"": 262119, ""missing_expected"": [], ""ok"": true, ""stop_token_ids"": [1, 50, 106], ""unexpected_allowed"": []}",3.5002473100321367,xgrammar,2.5951571419718675,4.474886066978797,64,65,64,"[5778, 30748, 496, 15890, 531, 2890, 506, 69552, 580, 506, 3549, 1651, 8101, 607, 1116, 27263, 236761, 107, 256423, 107, 511, 30748, 496, 15890, 531, 2890, 506, 69552, 580, 506, 3549, 1651, 8101, 607, 1116, 27263, 236761, 107, 511, 30748, 496, 15890, 531, 2890, 506, 69552, 580, 506, 3549, 1651, 8101, 607, 1116, 27263, 236761, 107, 511, 30748, 496, 15890, 531, 2890, 506, 532, 106]","[5778, 30748, 496, 15890, 531, 2890, 506, 69552, 580, 506, 3549, 1651, 8101, 607, 1116, 27263, 236761, 107, 256423, 107, 511, 30748, 496, 15890, 531, 2890, 506, 69552, 580, 506, 3549, 1651, 8101, 607, 1116, 27263, 236761, 107, 511, 30748, 496, 15890, 531, 2890, 506, 69552, 580, 506, 3549, 1651, 8101, 607, 1116, 27263, 236761, 107, 511, 30748, 496, 15890, 531, 2890, 506, 532]",1,"[1, 106, 50]",106,1,True,True,"[3, 0, 3, 0, 4, 3, 4, 4]","She wore a hood to cover the graffiti on the wall while standing with her backpack.
<unused511>
is wore a hood to cover the graffiti on the wall while standing with her backpack.
is wore a hood to cover the graffiti on the wall while standing with her backpack.
is wore a hood to cover the and",True,10229022208,13.256888836040162
088_common_gen_left_not_right_kna_t9_rep2,388,8,left_not_right,,9,2,65,30,1817,1858096094,common_gen,88,2,common_gen:validation:554,0,d12a78d7239e3b009b6de7ae0f80bda3102a961484ae43b796ca98f522ec7f89,c936b94fb2c090464d79cc335ac2dae3e81eb7646e99c74389b609638c3a149e,success,,512.0,512.0,512.0,False,,model_loaded,20.082294710970018,0.5058851610519923,0.926776297041215,1.4326614580932073,1.4326614580932073,1705,17883,291452,429526434,262144,"{""allowed_count"": 262119, ""expected_count"": 262119, ""missing_expected"": [], ""ok"": true, ""stop_token_ids"": [1, 50, 106], ""unexpected_allowed"": []}",3.4191419759881683,xgrammar,2.633957229030784,4.377135819988325,65,65,64,"[818, 2268, 3953, 4038, 236789, 236745, 1133, 531, 1161, 496, 16078, 573, 1116, 1440, 5324, 236761, 23326, 236761, 568, 135778, 236787, 669, 14485, 3847, 776, 711, 3600, 623, 97969, 2098, 834, 564, 795, 68442, 625, 2907, 108, 818, 2268, 3953, 4038, 236789, 236745, 1133, 531, 1161, 496, 16078, 580, 1116, 1440, 5324, 236761, 107, 236769, 2094, 13315, 6178, 236787, 1161, 236764, 16078, 236764, 532, 106]","[818, 2268, 3953, 4038, 236789, 236745, 1133, 531, 1161, 496, 16078, 573, 1116, 1440, 5324, 236761, 23326, 236761, 568, 135778, 236787, 669, 14485, 3847, 776, 711, 3600, 623, 97969, 2098, 834, 564, 795, 68442, 625, 2907, 108, 818, 2268, 3953, 4038, 236789, 236745, 1133, 531, 1161, 496, 16078, 580, 1116, 1440, 5324, 236761, 107, 236769, 2094, 13315, 6178, 236787, 1161, 236764, 16078, 236764, 532]",1,"[1, 106, 50]",106,1,True,True,"[3, 3, 2, 0, 1, 2, 2, 2, 2]","The little girl doesn't like to use a brush for her long hair. wings. (Correction: The concepts provided do not suggest ""wings,"" so I will omit it.)

The little girl doesn't like to use a brush on her long hair.
(This sentence uses: use, brush, and",True,10229097472,13.211218266980723
089_common_gen_left_not_right_kna_t10_rep2,389,9,left_not_right,,10,2,65,33,2005,674314899,common_gen,89,2,common_gen:validation:555,0,91a0eecbfb089eaca5a3d52b99fd4b4a390bc73e8eda27294598328667515213,bbe081ca178864c99218033ab460fea3bcff523893abe939a075d8202ccd4316,success,,512.0,512.0,512.0,False,,model_loaded,17.645252816029824,0.5350516340113245,1.0766914439736865,1.611743077985011,1.611743077985011,1894,21730,354703,558007422,262144,"{""allowed_count"": 262119, ""expected_count"": 262119, ""missing_expected"": [], ""ok"": true, ""stop_token_ids"": [1, 50, 106], ""unexpected_allowed"": []}",3.3308176190475933,xgrammar,2.6386936150374822,2.0102898299810477,70,17,16,"[818, 3184, 3953, 19061, 506, 39162, 2121, 532, 506, 15678, 93905, 1651, 10685, 506, 1331, 236761, 106]","[818, 3184, 3953, 19061, 506, 39162, 2121, 532, 506, 15678, 93905, 1651, 10685, 506, 1331, 236761]",1,"[1, 106, 50]",106,1,True,False,"[1, 0, 0, 1, 1, 0, 1, 1, 1, 1]",The young girl watched the musician perform and the crowd danced while watching the people.,True,10229949952,10.967551978013944
090_common_gen_left_not_right_kna_t11_rep2,390,10,left_not_right,,11,2,65,36,2193,824147810,common_gen,90,2,common_gen:validation:246,0,79a621c63d8e19dae5effaf209ecbcb5d5bdde37214f9efe6072964768eb58e5,6ec114a68fd5a8ada45e4804f5c2fe21676bf92180c4e4c1b148a330e77e40f1,success,,512.0,512.0,512.0,False,,model_loaded,19.41270299797179,0.5444059000001289,1.2750681900070049,1.8194740900071338,1.8194740900071338,2083,25949,424718,708793970,262144,"{""allowed_count"": 262119, ""expected_count"": 262119, ""missing_expected"": [], ""ok"": true, ""stop_token_ids"": [1, 50, 106], ""unexpected_allowed"": []}",3.3799581020139158,xgrammar,2.697767128003761,2.436803419026546,74,17,16,"[40651, 84732, 9160, 506, 3538, 4299, 236764, 21549, 625, 532, 27553, 21189, 618, 901, 2490, 236761, 106]","[40651, 84732, 9160, 506, 3538, 4299, 236764, 21549, 625, 532, 27553, 21189, 618, 901, 2490, 236761]",1,"[1, 106, 50]",106,1,True,False,"[1, 1, 0, 1, 0, 1, 1, 1, 0, 1, 1]","Everyone vigorously throws the soft ball, striking it and throwing circles as they turn.",True,10230667776,11.646967733977363
091_common_gen_left_not_right_kna_t12_rep2,391,11,left_not_right,,12,2,65,39,2381,172984755,common_gen,91,2,common_gen:validation:684,0,fe069041b5333e2ddc5556e99654067d88000d7a3ddca01bff8650e5e8df25a2,a2ba1d0bac1c982d52dc34093cddef7ff09f1ae04259786fb5856ceb50c10aa0,success,,512.0,512.0,512.0,False,,model_loaded,18.829966755001806,0.5535832609748468,1.4244086120161228,1.9779918729909696,1.9779918729909696,2272,30540,501009,883564542,262144,"{""allowed_count"": 262119, ""expected_count"": 262119, ""missing_expected"": [], ""ok"": true, ""stop_token_ids"": [1, 50, 106], ""unexpected_allowed"": []}",3.711479701974895,xgrammar,2.5521891660173424,2.2431075099739246,77,22,21,"[818, 43430, 79425, 573, 506, 1635, 531, 2178, 580, 506, 13606, 1651, 2264, 1589, 23378, 532, 79425, 657, 506, 2528, 236761, 106]","[818, 43430, 79425, 573, 506, 1635, 531, 2178, 580, 506, 13606, 1651, 2264, 1589, 23378, 532, 79425, 657, 506, 2528, 236761]",1,"[1, 106, 50]",106,1,True,False,"[0, 1, 1, 1, 0, 1, 2, 1, 1, 0, 1, 0]",The teenager waits for the bus to sit on the bench while another person sits and waits at the school.,True,10231207424,11.781783704995178
092_common_gen_left_not_right_kna_t13_rep2,392,12,left_not_right,,13,2,65,42,2569,1006175999,common_gen,92,2,common_gen:validation:908,0,2448d856d2fe1add09d458745628eb14eb2b7dd54a82eaef4d0fff4a46a50fd5,8527842d4ba74fc24597f2203a17e2fc3f2bfe13763ed8304d7c7f2cea380045,success,,512.0,512.0,512.0,False,,model_loaded,22.668537227029447,0.5599952359916642,1.6246540349675342,2.1846492709591985,2.1846492709591985,2461,35503,583576,1083997602,262144,"{""allowed_count"": 262119, ""expected_count"": 262119, ""missing_expected"": [], ""ok"": true, ""stop_token_ids"": [1, 50, 106], ""unexpected_allowed"": []}",3.604404115001671,xgrammar,2.7347666730056517,4.424895010015462,79,65,64,"[5778, 47369, 496, 24881, 2426, 16621, 236764, 3043, 506, 85618, 529, 25301, 580, 506, 3645, 529, 1116, 5423, 4483, 13633, 236761, 107, 228446, 236762, 107, 236775, 5778, 47369, 496, 24881, 2426, 16621, 236764, 3043, 506, 85618, 529, 25301, 580, 506, 3645, 529, 1116, 5423, 4483, 13633, 1781, 107, 5778, 47369, 496, 24881, 2426, 16621, 236764, 3043, 506, 85618, 529, 25301, 580, 506, 3645, 532, 106]","[5778, 47369, 496, 24881, 2426, 16621, 236764, 3043, 506, 85618, 529, 25301, 580, 506, 3645, 529, 1116, 5423, 4483, 13633, 236761, 107, 228446, 236762, 107, 236775, 5778, 47369, 496, 24881, 2426, 16621, 236764, 3043, 506, 85618, 529, 25301, 580, 506, 3645, 529, 1116, 5423, 4483, 13633, 1781, 107, 5778, 47369, 496, 24881, 2426, 16621, 236764, 3043, 506, 85618, 529, 25301, 580, 506, 3645, 532]",1,"[1, 106, 50]",106,1,True,True,"[0, 2, 3, 3, 0, 3, 3, 3, 3, 3, 0, 0, 3]","She wears a dirty check jacket, making the mound of dirt on the front of her hat seem worse.
োপাy
""She wears a dirty check jacket, making the mound of dirt on the front of her hat seem worse.""
She wears a dirty check jacket, making the mound of dirt on the front and",True,10231567872,14.301219541986939
093_common_gen_left_not_right_kna_t14_rep2,393,13,left_not_right,,14,2,65,45,2757,1019939731,common_gen,93,2,common_gen:validation:537,0,c0b4308d4eb1c8372e5b8f3997539d752af8a6119e97d43d0a652fade7ad1b28,3e53aed94a80783a20146dc752b6b70f595873d3a6373dadec4b7c210181a285,success,,512.0,512.0,512.0,False,,model_loaded,18.87601931899553,0.6048088109819219,1.8177465570042841,2.422555367986206,2.422555367986206,2650,40838,672419,1311771614,262144,"{""allowed_count"": 262119, ""expected_count"": 262119, ""missing_expected"": [], ""ok"": true, ""stop_token_ids"": [1, 50, 106], ""unexpected_allowed"": []}",3.4421451750095002,xgrammar,2.9024853269802406,2.161631424969528,82,21,20,"[31382, 1304, 47369, 496, 2822, 8334, 532, 32193, 236764, 1581, 1056, 8101, 580, 506, 51367, 236764, 1304, 5724, 13181, 236761, 106]","[31382, 1304, 47369, 496, 2822, 8334, 532, 32193, 236764, 1581, 1056, 8101, 580, 506, 51367, 236764, 1304, 5724, 13181, 236761]",1,"[1, 106, 50]",106,1,True,False,"[0, 1, 1, 0, 1, 0, 1, 1, 1, 0, 1, 0, 0, 1]","Though she wears a short shirt and shorts, even when standing on the sidewalk, she looks busy.",True,10232109056,12.225709897000343
094_common_gen_left_not_right_kna_t15_rep2,394,14,left_not_right,,15,2,65,48,2945,227435103,common_gen,94,2,common_gen:validation:48,0,234d25db6c493a15adaf80e467243b1abe4738e1d71efed256bea90728d9656f,89eeb822c035aa9e7ce52568c039917b926d0be2a658d650814cbdbac18cfeba,success,,512.0,512.0,512.0,False,,model_loaded,19.533169663976878,0.6345274209743366,2.042374018987175,2.6769014399615116,2.6769014399615116,2839,46545,767538,1568565042,262144,"{""allowed_count"": 262119, ""expected_count"": 262119, ""missing_expected"": [], ""ok"": true, ""stop_token_ids"": [1, 50, 106], ""unexpected_allowed"": []}",3.3737125910120085,xgrammar,2.6620358710060827,2.485665679036174,84,26,25,"[6259, 506, 6938, 28120, 506, 4299, 1494, 3418, 506, 22295, 236764, 506, 880, 11561, 1308, 506, 9160, 532, 506, 4299, 11561, 3541, 506, 5671, 236761, 106]","[6259, 506, 6938, 28120, 506, 4299, 1494, 3418, 506, 22295, 236764, 506, 880, 11561, 1308, 506, 9160, 532, 506, 4299, 11561, 3541, 506, 5671, 236761]",1,"[1, 106, 50]",106,1,True,False,"[0, 0, 2, 1, 1, 1, 2, 1, 0, 0, 1, 1, 1, 1, 1]","After the boy threw the ball high across the fence, the man fell after the throws and the ball fell near the goal.",True,10232470016,12.592727900017053
095_common_gen_left_not_right_kna_t16_rep2,395,15,left_not_right,,16,2,65,51,3133,1634804747,common_gen,95,2,common_gen:validation:812,0,7542792118923fa2be2205fbb53fb4df34ab22b61ff8b0b7903a9aa7c032836e,eca9461bab52ff08124b464823dda714a4777f2c8f5d3e5e9cd4320de851dc4d,success,,512.0,512.0,512.0,False,,model_loaded,20.204248530964833,0.6738900929922238,2.287081583053805,2.9609716760460287,2.9609716760460287,3028,52624,868933,1856056350,262144,"{""allowed_count"": 262119, ""expected_count"": 262119, ""missing_expected"": [], ""ok"": true, ""stop_token_ids"": [1, 50, 106], ""unexpected_allowed"": []}",3.414592590997927,xgrammar,2.6246338299824856,3.028118952992372,87,37,36,"[818, 20220, 2247, 506, 20684, 580, 506, 2633, 236764, 532, 618, 506, 5484, 1603, 910, 53926, 580, 506, 42470, 8651, 236764, 506, 15663, 3939, 580, 236764, 607, 1546, 2679, 529, 22259, 2238, 532, 2247, 528, 236761, 106]","[818, 20220, 2247, 506, 20684, 580, 506, 2633, 236764, 532, 618, 506, 5484, 1603, 910, 53926, 580, 506, 42470, 8651, 236764, 506, 15663, 3939, 580, 236764, 607, 1546, 2679, 529, 22259, 2238, 532, 2247, 528, 236761]",1,"[1, 106, 50]",106,1,True,False,"[0, 0, 1, 1, 1, 1, 1, 1, 0, 0, 1, 0, 2, 0, 1, 1]","The dealer put the chip on the table, and as the players made their bets on the poker cards, the deals went on, with each ask of chips given and put in.",True,10233013248,13.355079811008181
096_common_gen_sets_differ_kna_t1_rep2,396,0,sets_differ,,1,2,65,7,439,1859123528,common_gen,96,2,common_gen:validation:907,0,8f025e79591bc756e43070dcb70485855dc9fdd40eae8b846f12c55465913e33,9ad3fe0b8fafd5e60622cb2ba5efbf18d17db5e5f2982362ea4f64df76fea39c,success,,512.0,512.0,512.0,False,,model_loaded,18.885245659039356,0.49799006298417225,0.12192384799709544,0.6199139109812677,0.6199139109812677,319,998,16475,9368198,262144,"{""allowed_count"": 262120, ""expected_count"": 262120, ""missing_expected"": [], ""ok"": true, ""stop_token_ids"": [1, 50, 106], ""unexpected_allowed"": []}",3.4538757400005125,xgrammar,2.653991813014727,4.417961800005287,41,65,64,"[818, 2255, 17572, 3788, 15032, 54000, 2342, 506, 66005, 236761, 236743, 107, 159017, 107, 14121, 11822, 37970, 8397, 506, 6614, 573, 506, 861, 3788, 236761, 236743, 107, 1509, 691, 496, 2455, 3788, 236761, 236743, 107, 7634, 62876, 506, 52996, 1702, 529, 506, 3788, 236761, 236743, 107, 818, 3788, 691, 496, 43123, 236761, 107, 236743, 107, 818, 2255, 17572, 3788, 15032, 54000, 2342, 506, 532, 106]","[818, 2255, 17572, 3788, 15032, 54000, 2342, 506, 66005, 236761, 236743, 107, 159017, 107, 14121, 11822, 37970, 8397, 506, 6614, 573, 506, 861, 3788, 236761, 236743, 107, 1509, 691, 496, 2455, 3788, 236761, 236743, 107, 7634, 62876, 506, 52996, 1702, 529, 506, 3788, 236761, 236743, 107, 818, 3788, 691, 496, 43123, 236761, 107, 236743, 107, 818, 2255, 17572, 3788, 15032, 54000, 2342, 506, 532]",1,"[1, 106, 50]",106,1,True,True,[6],"The old brick building stood proudly against the skyline. 
 മാത്രം
enthusiastically discussed the plans for the new building. 
It was a large building. 
They admired the intricate design of the building. 
The building was a landmark.
 
The old brick building stood proudly against the and",True,10227373056,12.479996134992689
097_common_gen_sets_differ_kna_t2_rep2,397,1,sets_differ,,2,2,65,12,690,1673063274,common_gen,97,2,common_gen:validation:110,0,87f995ebd4fba0dc88049cc2fb5f34ec49a774b515e5f7573133fe90becce741,26bd637df97a913e388a6fc6ab2fa76f6d48d17f19ebf330c47ae85e901b8e47,success,,512.0,512.0,512.0,False,,model_loaded,19.16519818099914,0.4839882039814256,0.22779904498020187,0.7117872489616275,0.7117872489616275,571,2305,38161,32621615,262144,"{""allowed_count"": 262120, ""expected_count"": 262120, ""missing_expected"": [], ""ok"": true, ""stop_token_ids"": [1, 50, 106], ""unexpected_allowed"": []}",3.4675242980010808,xgrammar,2.768882529984694,4.5259000200312585,44,65,64,"[1882, 3721, 496, 23850, 3727, 1679, 506, 12010, 7363, 236761, 236743, 107, 1995, 885, 1882, 3721, 496, 23850, 3727, 1679, 506, 12010, 7363, 17003, 107, 107, 1018, 135778, 53121, 669, 2864, 19565, 573, 7121, 886, 13315, 1699, 506, 14485, 236761, 669, 3847, 13315, 563, 496, 4341, 3890, 236761, 108, 1882, 3721, 496, 23850, 3727, 1679, 506, 7363, 236761, 236743, 107, 1995, 885, 1882, 532, 106]","[1882, 3721, 496, 23850, 3727, 1679, 506, 12010, 7363, 236761, 236743, 107, 1995, 885, 1882, 3721, 496, 23850, 3727, 1679, 506, 12010, 7363, 17003, 107, 107, 1018, 135778, 53121, 669, 2864, 19565, 573, 7121, 886, 13315, 1699, 506, 14485, 236761, 669, 3847, 13315, 563, 496, 4341, 3890, 236761, 108, 1882, 3721, 496, 23850, 3727, 1679, 506, 7363, 236761, 236743, 107, 1995, 885, 1882, 532]",1,"[1, 106, 50]",106,1,True,True,"[3, 3]","We took a pleasant walk down the quiet street. 
print(""We took a pleasant walk down the quiet street."")

**Correction:** The request asks for exactly one sentence using the concepts. The provided sentence is a valid answer.

We took a pleasant walk down the street. 
print(""We and",True,10227588096,12.826431730005424
098_common_gen_sets_differ_kna_t3_rep2,398,2,sets_differ,,3,2,65,16,941,976309744,common_gen,98,2,common_gen:validation:864,0,0f80585ea3b4653267cbbbca39e27408143c4761e5714cbe996cad69e4b509f2,e251b87995b03a18378547cf1937927681c890b1bb0f137df20bba231fc7b3dd,success,,512.0,512.0,512.0,False,,model_loaded,19.504251517995726,0.46416441700421274,0.34757973096566275,0.8117441479698755,0.8117441479698755,823,4108,68093,73120391,262144,"{""allowed_count"": 262120, ""expected_count"": 262120, ""missing_expected"": [], ""ok"": true, ""stop_token_ids"": [1, 50, 106], ""unexpected_allowed"": []}",3.4345105319516733,xgrammar,2.7008217360125855,4.50862712104572,47,65,64,"[236777, 817, 531, 506, 15346, 531, 8774, 1699, 506, 3825, 5464, 236761, 236743, 107, 44047, 4721, 144699, 496, 3161, 13315, 236761, 107, 511, 5851, 236761, 107, 236746, 2606, 529, 563, 711, 236761, 107, 62713, 1535, 236761, 107, 1909, 26149, 3124, 236761, 107, 52046, 7274, 236761, 107, 41213, 1161, 236761, 107, 95190, 3517, 236761, 107, 70338, 3213, 236761, 107, 95190, 5842, 236761, 107, 4909, 532, 106]","[236777, 817, 531, 506, 15346, 531, 8774, 1699, 506, 3825, 5464, 236761, 236743, 107, 44047, 4721, 144699, 496, 3161, 13315, 236761, 107, 511, 5851, 236761, 107, 236746, 2606, 529, 563, 711, 236761, 107, 62713, 1535, 236761, 107, 1909, 26149, 3124, 236761, 107, 52046, 7274, 236761, 107, 41213, 1161, 236761, 107, 95190, 3517, 236761, 107, 70338, 3213, 236761, 107, 95190, 5842, 236761, 107, 4909, 532]",1,"[1, 106, 50]",106,1,True,True,"[1, 1, 1]","I go to the gym to exercise using the weight machine. 
 cigarette stop sputtering a single sentence.
is fine.
a lot of is not.
feel good.
go workout today.
lift heavy.
machine use.
gym visit.
exercise focus.
gym equipment.
train and",True,10227803136,12.82576469401829
099_common_gen_sets_differ_kna_t4_rep2,399,3,sets_differ,,4,2,65,20,1192,938168580,common_gen,99,2,common_gen:validation:380,0,70c955532322d3eb1a3086be2512998409bdb2128c0682a9dced9afb449dcb42,efa971075d735f3b7789ddd54e9864cf2cced2596f14c915103cbb5990c331c4,success,,512.0,512.0,512.0,False,,model_loaded,16.906597397988662,0.4855476699885912,0.4811277500120923,0.9666754200006835,0.9666754200006835,1075,6407,105897,133852430,262144,"{""allowed_count"": 262120, ""expected_count"": 262120, ""missing_expected"": [], ""ok"": true, ""stop_token_ids"": [1, 50, 106], ""unexpected_allowed"": []}",3.457253779983148,xgrammar,2.7374161290354095,1.9320777310058475,52,16,15,"[818, 56888, 6976, 657, 506, 2260, 236764, 532, 625, 5724, 1133, 496, 2317, 3925, 236761, 106]","[818, 56888, 6976, 657, 506, 2260, 236764, 532, 625, 5724, 1133, 496, 2317, 3925, 236761]",1,"[1, 106, 50]",106,1,True,False,"[1, 1, 0, 1]","The toddler looked at the book, and it looks like a fun story.",True,10226736128,10.411820115987211
100_common_gen_sets_differ_kna_t5_rep2,400,4,sets_differ,,5,2,65,24,1443,1828469491,common_gen,100,2,common_gen:validation:453,0,e333505813b92f8f6acce6f2c7d3796e17bb246d58308c2d9f3c540a700ed66c,271b2c1c87269353ff294ea3c063c57c0d28f4293e26b1259fc6974bafa0bef0,success,,512.0,512.0,512.0,False,,model_loaded,19.909660161007196,0.5271767589729279,0.6360767909791321,1.16325354995206,1.16325354995206,1327,9202,151573,217805636,262144,"{""allowed_count"": 262120, ""expected_count"": 262120, ""missing_expected"": [], ""ok"": true, ""stop_token_ids"": [1, 50, 106], ""unexpected_allowed"": []}",3.6138637060066685,xgrammar,2.793896751012653,4.460593895986676,53,65,64,"[818, 2940, 2768, 910, 8126, 18935, 528, 910, 4916, 236761, 107, 164725, 236761, 107, 818, 2940, 2768, 910, 8126, 18935, 528, 910, 4916, 236761, 107, 164725, 236761, 107, 818, 2940, 2768, 910, 8126, 18935, 528, 910, 4916, 236761, 107, 164725, 236761, 107, 818, 2940, 2768, 910, 8126, 18935, 528, 910, 4916, 236761, 107, 164725, 236761, 107, 818, 2940, 2768, 910, 8126, 18935, 528, 532, 106]","[818, 2940, 2768, 910, 8126, 18935, 528, 910, 4916, 236761, 107, 164725, 236761, 107, 818, 2940, 2768, 910, 8126, 18935, 528, 910, 4916, 236761, 107, 164725, 236761, 107, 818, 2940, 2768, 910, 8126, 18935, 528, 910, 4916, 236761, 107, 164725, 236761, 107, 818, 2940, 2768, 910, 8126, 18935, 528, 910, 4916, 236761, 107, 164725, 236761, 107, 818, 2940, 2768, 910, 8126, 18935, 528, 532]",1,"[1, 106, 50]",106,1,True,True,"[5, 0, 5, 0, 0]","The children hold their favorite toy in their hands.
asadd.
The children hold their favorite toy in their hands.
asadd.
The children hold their favorite toy in their hands.
asadd.
The children hold their favorite toy in their hands.
asadd.
The children hold their favorite toy in and",True,10228233728,13.34961261501303
101_common_gen_sets_differ_kna_t6_rep2,401,5,sets_differ,,6,2,65,28,1694,48054248,common_gen,101,2,common_gen:validation:673,0,955e1070215bae4e31572ec29dc0e580d99a21bc4cff89dc0dcd78728c7eefe7,11ac8e4b72d5310f198e6c1009383f316e6a4639e7fafd0062dfc93612968471,success,,512.0,512.0,512.0,False,,model_loaded,19.599315915023908,0.516061540984083,0.7852926169871353,1.3013541579712182,1.3013541579712182,1579,12493,205121,327967913,262144,"{""allowed_count"": 262120, ""expected_count"": 262120, ""missing_expected"": [], ""ok"": true, ""stop_token_ids"": [1, 50, 106], ""unexpected_allowed"": []}",3.344045036006719,xgrammar,2.6517210789606906,4.452951459039468,58,65,64,"[146846, 506, 15678, 1441, 59919, 580, 506, 7642, 236764, 564, 19061, 506, 12853, 607, 1041, 35607, 236761, 72794, 107, 108, 236769, 25864, 236772, 154858, 236787, 669, 2864, 19565, 573, 7121, 886, 13315, 1699, 784, 3755, 236761, 669, 2787, 16972, 531, 43585, 1091, 236764, 840, 17752, 173938, 236761, 3792, 236789, 236751, 2056, 496, 919, 3756, 12434, 2907, 108, 146846, 506, 15678, 1441, 59919, 580, 532, 106]","[146846, 506, 15678, 1441, 59919, 580, 506, 7642, 236764, 564, 19061, 506, 12853, 607, 1041, 35607, 236761, 72794, 107, 108, 236769, 25864, 236772, 154858, 236787, 669, 2864, 19565, 573, 7121, 886, 13315, 1699, 784, 3755, 236761, 669, 2787, 16972, 531, 43585, 1091, 236764, 840, 17752, 173938, 236761, 3792, 236789, 236751, 2056, 496, 919, 3756, 12434, 2907, 108, 146846, 506, 15678, 1441, 59919, 580, 532]",1,"[1, 106, 50]",106,1,True,True,"[0, 2, 2, 1, 1, 0]","Watching the crowd play volleyball on the beach, I watched the matches with my watches. ധ


(Self-correction: The request asks for exactly one sentence using all terms. The above attempts to cram them, but flows awkwardly. Let's try a more natural integration.)

Watching the crowd play volleyball on and",True,10228592128,13.113770194002427
102_common_gen_sets_differ_kna_t7_rep2,402,6,sets_differ,,7,2,65,32,1945,572630654,common_gen,102,2,common_gen:validation:888,0,ca396389c1a303b95fe0e95742aa470a58c50031e319cadb22dab44139eea302,2f0da197388f88c5432ade110d6cc44d53043904f21b4c6f857a05625997bc2e,success,,512.0,512.0,512.0,False,,model_loaded,18.71487485896796,0.5226313649909571,0.9721507809590548,1.494782145950012,1.494782145950012,1831,16280,266541,467327165,262144,"{""allowed_count"": 262120, ""expected_count"": 262120, ""missing_expected"": [], ""ok"": true, ""stop_token_ids"": [1, 50, 106], ""unexpected_allowed"": []}",4.129560829023831,xgrammar,2.6835526620270684,1.9648039729800075,59,17,16,"[236777, 795, 2178, 532, 1161, 1041, 11934, 531, 4903, 1651, 506, 22023, 39161, 496, 34824, 236761, 106]","[236777, 795, 2178, 532, 1161, 1041, 11934, 531, 4903, 1651, 506, 22023, 39161, 496, 34824, 236761]",1,"[1, 106, 50]",106,1,True,False,"[1, 0, 1, 1, 0, 1, 1]",I will sit and use my pens to write while the drum beats a rhythm.,True,10227980800,11.631243593990803
103_common_gen_sets_differ_kna_t8_rep2,403,7,sets_differ,,8,2,65,36,2196,1365137604,common_gen,103,2,common_gen:validation:240,0,ba7e68587fd0c76868a5c667cea491fff8a62e795260b8e7331c7d39d7c43940,187ba3e9f44efbdeab34b2816afb6ebef79af7034dbe5bb791bcb18de30ab347,success,,512.0,512.0,512.0,False,,model_loaded,18.15606442000717,0.5429663699469529,1.1772616500384174,1.7202280199853703,1.7202280199853703,2083,20563,335833,638871296,262144,"{""allowed_count"": 262120, ""expected_count"": 262120, ""missing_expected"": [], ""ok"": true, ""stop_token_ids"": [1, 50, 106], ""unexpected_allowed"": []}",3.9820192889892496,xgrammar,2.605513297021389,1.9425639630062506,64,17,16,"[5778, 6544, 531, 2178, 580, 506, 5552, 6413, 532, 2768, 506, 38742, 1651, 7046, 625, 236761, 106]","[5778, 6544, 531, 2178, 580, 506, 5552, 6413, 532, 2768, 506, 38742, 1651, 7046, 625, 236761]",1,"[1, 106, 50]",106,1,True,False,"[1, 1, 1, 1, 1, 1, 0, 1]",She decided to sit on the stage floor and hold the microphone while holding it.,True,10228872192,11.534350125992205
104_common_gen_sets_differ_kna_t9_rep2,404,8,sets_differ,,9,2,65,40,2447,1526593342,common_gen,104,2,common_gen:validation:976,0,1c21ccfa126fd28c79fdfeaa01014ddd0818ff0aac25c922e95f341ac7324406,02545ccbef4ee9bb29f6431336a220b59e6b87b2db7361079308a885249a5c8e,success,,512.0,512.0,512.0,False,,model_loaded,24.596857568016276,0.596602330042515,1.4053416019887663,2.0019439320312813,2.0019439320312813,2335,25342,415292,845588210,262144,"{""allowed_count"": 262120, ""expected_count"": 262120, ""missing_expected"": [], ""ok"": true, ""stop_token_ids"": [1, 50, 106], ""unexpected_allowed"": []}",3.417951543990057,xgrammar,2.786576459009666,4.465228918008506,66,65,64,"[818, 4799, 47369, 496, 32840, 607, 506, 1548, 573, 506, 25301, 18533, 4087, 618, 625, 8784, 236761, 127055, 117994, 1019, 150112, 1955, 9412, 12390, 889, 1085, 2650, 64706, 54186, 6222, 236890, 107, 37001, 236764, 564, 14275, 611, 3847, 496, 13315, 528, 18642, 657, 506, 1345, 236761, 5715, 563, 506, 5422, 13315, 618, 15633, 236787, 108, 818, 4799, 47369, 496, 32840, 607, 506, 1548, 532, 1]","[818, 4799, 47369, 496, 32840, 607, 506, 1548, 573, 506, 25301, 18533, 4087, 618, 625, 8784, 236761, 127055, 117994, 1019, 150112, 1955, 9412, 12390, 889, 1085, 2650, 64706, 54186, 6222, 236890, 107, 37001, 236764, 564, 14275, 611, 3847, 496, 13315, 528, 18642, 657, 506, 1345, 236761, 5715, 563, 506, 5422, 13315, 618, 15633, 236787, 108, 818, 4799, 47369, 496, 32840, 607, 506, 1548, 532]",1,"[1, 106, 50]",1,1,True,True,"[2, 0, 1, 0, 2, 2, 1, 2, 1]","The dog wears a bib with the number for the dirt racing track as it runs. সাম্প্রতিক दौड़ में कुत्ते ने नंबर वाली जर्सी पहन रखी थी।
Sorry, I noticed you provided a sentence in Hindi at the end. Here is the English sentence as requested:

The dog wears a bib with the number and",True,10229233664,14.003224683983717
105_common_gen_sets_differ_kna_t10_rep2,405,9,sets_differ,,10,2,65,44,2698,1739885609,common_gen,105,2,common_gen:validation:818,0,fa809cefd9de7f32530922cbd474eb8058fb2ba222b8b830581dba659457e7b4,997796943fb1c88a6107a6b25bef681ed47cca751cd87583e7fac6fe672b0089,success,,512.0,512.0,512.0,False,,model_loaded,19.573680454981513,0.5763109099934809,1.637643827998545,2.213954737992026,2.213954737992026,2587,30617,503139,1090465811,262144,"{""allowed_count"": 262120, ""expected_count"": 262120, ""missing_expected"": [], ""ok"": true, ""stop_token_ids"": [1, 50, 106], ""unexpected_allowed"": []}",3.4355548190069385,xgrammar,2.7058382789837196,3.0673374999896623,68,39,38,"[818, 91682, 236764, 9922, 914, 30783, 532, 33119, 573, 6733, 236764, 21323, 531, 4682, 506, 21637, 5524, 684, 506, 6568, 236764, 1651, 506, 213879, 30748, 914, 30783, 532, 33119, 1913, 506, 21637, 2290, 236764, 3043, 3131, 16972, 236761, 106]","[818, 91682, 236764, 9922, 914, 30783, 532, 33119, 573, 6733, 236764, 21323, 531, 4682, 506, 21637, 5524, 684, 506, 6568, 236764, 1651, 506, 213879, 30748, 914, 30783, 532, 33119, 1913, 506, 21637, 2290, 236764, 3043, 3131, 16972, 236761]",1,"[1, 106, 50]",106,1,True,False,"[2, 0, 2, 0, 1, 1, 1, 2, 1, 1]","The catcher, wearing his helmet and mitt for protection, attempted to catch the baseball hit by the stick, while the fielder wore his helmet and mitt during the baseball game, making several attempts.",True,10229591040,12.771979836048558
106_common_gen_both_sides_kna_t1_rep2,406,0,both_sides,,1,2,65,6,370,51305430,common_gen,106,2,common_gen:validation:69,0,c0e03462c8c610b8319aced3e18dfb7f2637645ad964e273e8bd790e43304686,ca16dc71c0342970a0095e6594ca7fed6364933935c8846f4d2be9d626352f8b,success,,512.0,512.0,512.0,False,,model_loaded,19.665076708013657,0.4710797740262933,0.09639854199485853,0.5674783160211518,0.5674783160211518,252,736,12621,5808654,262144,"{""allowed_count"": 262119, ""expected_count"": 262119, ""missing_expected"": [], ""ok"": true, ""stop_token_ids"": [1, 50, 106], ""unexpected_allowed"": []}",3.725989035970997,xgrammar,2.774682732997462,4.381635960016865,42,65,64,"[1882, 1053, 531, 17085, 506, 25465, 17971, 531, 5370, 506, 34976, 236761, 236743, 107, 190160, 236786, 3689, 1921, 577, 54264, 563, 506, 11519, 236761, 236743, 107, 818, 2940, 98520, 531, 17085, 506, 13030, 5028, 236761, 236743, 107, 5778, 795, 17085, 506, 31840, 13058, 236761, 236743, 107, 1829, 8464, 506, 10565, 1492, 236761, 236743, 107, 1829, 8464, 872, 506, 10887, 5441, 3392, 236761, 532, 17085, 106]","[1882, 1053, 531, 17085, 506, 25465, 17971, 531, 5370, 506, 34976, 236761, 236743, 107, 190160, 236786, 3689, 1921, 577, 54264, 563, 506, 11519, 236761, 236743, 107, 818, 2940, 98520, 531, 17085, 506, 13030, 5028, 236761, 236743, 107, 5778, 795, 17085, 506, 31840, 13058, 236761, 236743, 107, 1829, 8464, 506, 10565, 1492, 236761, 236743, 107, 1829, 8464, 872, 506, 10887, 5441, 3392, 236761, 532, 17085]",1,"[1, 106, 50]",106,1,True,True,[4],"We had to climb the steep hill to reach the summit. 
内外/What must be climbed is the peak. 
The children dared to climb the tall tree. 
She will climb the ladder carefully. 
Climb the mountain now. 
Climb up the rough rock face. and climb",True,10227444736,12.748781886009965
107_common_gen_both_sides_kna_t2_rep2,407,1,both_sides,,2,2,65,10,555,871591343,common_gen,107,2,common_gen:validation:556,0,6471b7208b705284e6264a95a8422f96094daec4c96d20941ff47e0947e11254,2d3a00231e4b7b390866b8c0c1c786c7d8fb915b1fe9d4d55e43e7593cbec36e,success,,512.0,512.0,512.0,False,,model_loaded,19.718989991000853,0.500007747032214,0.17293799499748275,0.6729457420296967,0.6729457420296967,438,1654,27936,19074667,262144,"{""allowed_count"": 262119, ""expected_count"": 262119, ""missing_expected"": [], ""ok"": true, ""stop_token_ids"": [1, 50, 106], ""unexpected_allowed"": []}",3.5236582800280303,xgrammar,2.715796113014221,4.466341338993516,44,65,64,"[5778, 1456, 496, 5851, 15414, 529, 1813, 531, 5427, 506, 3425, 56072, 236761, 236743, 107, 2717, 107, 2717, 107, 107, 236865, 48806, 3835, 568, 90785, 580, 10991, 133378, 1473, 107, 236865, 669, 95958, 6544, 531, 15414, 506, 97022, 6485, 607, 1813, 236761, 107, 236865, 562, 14617, 15414, 529, 1813, 8907, 531, 114796, 506, 6299, 6895, 236761, 107, 2717, 107, 1018, 166311, 154864, 532, 1813, 106]","[5778, 1456, 496, 5851, 15414, 529, 1813, 531, 5427, 506, 3425, 56072, 236761, 236743, 107, 2717, 107, 2717, 107, 107, 236865, 48806, 3835, 568, 90785, 580, 10991, 133378, 1473, 107, 236865, 669, 95958, 6544, 531, 15414, 506, 97022, 6485, 607, 1813, 236761, 107, 236865, 562, 14617, 15414, 529, 1813, 8907, 531, 114796, 506, 6299, 6895, 236761, 107, 2717, 107, 1018, 166311, 154864, 532, 1813]",1,"[1, 106, 50]",106,1,True,True,"[3, 4]","She used a fine spray of water to cool the hot pavement. 
```
```

# Alternative options (depending on desired nuance):
# The gardener decided to spray the thirsty plants with water.
# A gentle spray of water helped to soothe the dry leaves.
```
**Chosen Sentence and water",True,10227588096,12.697538860025816
108_common_gen_both_sides_kna_t3_rep2,408,2,both_sides,,3,2,65,13,740,173730257,common_gen,108,2,common_gen:validation:154,0,c8184ec860ce5cd37edc1469dd6a8e9f39a6cd89a4878f9f05f2d157cf2182d4,9c4fdcdb14e70ac42b4e7703a56cf20431d328c841ade9c592a0f50d99a23970,success,,512.0,512.0,512.0,False,,model_loaded,18.801425057987217,0.4667395080323331,0.257690389000345,0.7244298970326781,0.7244298970326781,624,2938,49673,41783859,262144,"{""allowed_count"": 262119, ""expected_count"": 262119, ""missing_expected"": [], ""ok"": true, ""stop_token_ids"": [1, 50, 106], ""unexpected_allowed"": []}",3.539853223017417,xgrammar,2.7648926579859108,3.27963348897174,47,41,40,"[5778, 6544, 531, 8175, 1116, 3774, 532, 9212, 531, 4682, 506, 4299, 236761, 236743, 107, 2717, 107, 204217, 236900, 25508, 44684, 131255, 161832, 236924, 107, 2717, 107, 5778, 6544, 531, 8175, 1116, 3774, 532, 9212, 531, 4682, 506, 4299, 236761, 106]","[5778, 6544, 531, 8175, 1116, 3774, 532, 9212, 531, 4682, 506, 4299, 236761, 236743, 107, 2717, 107, 204217, 236900, 25508, 44684, 131255, 161832, 236924, 107, 2717, 107, 5778, 6544, 531, 8175, 1116, 3774, 532, 9212, 531, 4682, 506, 4299, 236761]",1,"[1, 106, 50]",106,1,True,False,"[2, 2, 2]","She decided to raise her arm and jump to catch the ball. 
```
好吧，这是符合要求的句子。
```
She decided to raise her arm and jump to catch the ball.",True,10226082304,11.616732432041317
109_common_gen_both_sides_kna_t4_rep2,409,3,both_sides,,4,2,65,16,925,1605160701,common_gen,109,2,common_gen:validation:552,0,7511b7369bd9a0677b17d4bc309c27096f24ea4921b35772b17542386a29058e,d2d7cf23badee12c07f7694722171d6d8aa5085770dd23d4351bf426edcf5599,success,,512.0,512.0,512.0,False,,model_loaded,19.841340538987424,0.4834194079739973,0.35126347397454083,0.8346828819485381,0.8346828819485381,810,4588,77218,75561270,262144,"{""allowed_count"": 262119, ""expected_count"": 262119, ""missing_expected"": [], ""ok"": true, ""stop_token_ids"": [1, 50, 106], ""unexpected_allowed"": []}",3.495609188976232,xgrammar,2.7879971680231392,4.372379938024096,50,65,64,"[5778, 1093, 11881, 506, 11149, 1651, 9922, 496, 5777, 236772, 1457, 548, 1992, 5423, 236761, 67349, 236787, 2625, 1093, 11881, 506, 11149, 9922, 496, 5423, 236761, 568, 2094, 563, 20532, 532, 2036, 40137, 236764, 3635, 8427, 2344, 3996, 1082, 506, 3303, 13469, 2907, 108, 20470, 236764, 1921, 1161, 808, 712, 236829, 14485, 236761, 108, 5778, 795, 11881, 506, 11149, 1651, 9922, 496, 5423, 236761, 106]","[5778, 1093, 11881, 506, 11149, 1651, 9922, 496, 5777, 236772, 1457, 548, 1992, 5423, 236761, 67349, 236787, 2625, 1093, 11881, 506, 11149, 9922, 496, 5423, 236761, 568, 2094, 563, 20532, 532, 2036, 40137, 236764, 3635, 8427, 2344, 3996, 1082, 506, 3303, 13469, 2907, 108, 20470, 236764, 1921, 1161, 808, 712, 236829, 14485, 236761, 108, 5778, 795, 11881, 506, 11149, 1651, 9922, 496, 5423, 236761]",1,"[1, 106, 50]",106,1,True,True,"[3, 0, 3, 3]","She would ride the horse while wearing a wide-brimmed hat. Replacement: She would ride the horse wearing a hat. (This is shorter and still coherent, though slightly less complex than the original requirement.)

Wait, must use *all* concepts.

She will ride the horse while wearing a hat.",True,10228018688,12.81981440196978
110_common_gen_both_sides_kna_t5_rep2,410,4,both_sides,,5,2,65,19,1110,1614795441,common_gen,110,2,common_gen:validation:859,0,2e1ea2e56106689dc59d1b94ee619e273be777b4eb4ba2faa5c77e662e22942c,4d8b5f18e4db5c00e310d0fb5388a90efc1ad8755d1a428a538fab8962212905,success,,512.0,512.0,512.0,False,,model_loaded,19.600765871000476,0.46398442500503734,0.45259611803339794,0.9165805430384353,0.9165805430384353,996,6604,110571,122031940,262144,"{""allowed_count"": 262119, ""expected_count"": 262119, ""missing_expected"": [], ""ok"": true, ""stop_token_ids"": [1, 50, 106], ""unexpected_allowed"": []}",3.4492518629995175,xgrammar,2.823955132975243,4.380517244047951,56,65,64,"[818, 4918, 10594, 529, 496, 110859, 236764, 496, 71547, 236764, 532, 496, 72495, 1015, 2121, 3075, 580, 5552, 236761, 236743, 107, 16907, 25864, 236772, 154858, 236787, 669, 11172, 4733, 573, 496, 13315, 1699, 623, 48549, 827, 623, 8902, 617, 827, 623, 5163, 827, 623, 105587, 1042, 827, 532, 623, 70160, 617, 3056, 669, 13315, 2787, 6178, 623, 236766, 14963, 617, 236775, 837, 7289, 4918, 106]","[818, 4918, 10594, 529, 496, 110859, 236764, 496, 71547, 236764, 532, 496, 72495, 1015, 2121, 3075, 580, 5552, 236761, 236743, 107, 16907, 25864, 236772, 154858, 236787, 669, 11172, 4733, 573, 496, 13315, 1699, 623, 48549, 827, 623, 8902, 617, 827, 623, 5163, 827, 623, 105587, 1042, 827, 532, 623, 70160, 617, 3056, 669, 13315, 2787, 6178, 623, 236766, 14963, 617, 236775, 837, 7289, 4918]",1,"[1, 106, 50]",106,1,True,True,"[1, 0, 2, 1, 1]","The band consists of a vocalist, a guitarist, and a drummer who perform together on stage. 
*(Self-correction: The prompt asked for a sentence using ""perform"", ""consist"", ""band"", ""drummer"", and ""guitarist"". The sentence above uses ""vocalist"" which wasn band",True,10228448768,12.874525059014559
111_common_gen_both_sides_kna_t6_rep2,411,5,both_sides,,6,2,65,22,1295,1848551698,common_gen,111,2,common_gen:validation:98,0,d280abed6345b3836255f58d7f7eff0e3e1cd26017035a6abe712520baca97a3,b803be0cd92d336f24eba78d65e3629e6cb92c43e31cf06319db84f0c72abd61,success,,512.0,512.0,512.0,False,,model_loaded,18.787808904016856,0.4841058229794726,0.5645038529764861,1.0486096759559587,1.0486096759559587,1182,8986,149732,182820909,262144,"{""allowed_count"": 262119, ""expected_count"": 262119, ""missing_expected"": [], ""ok"": true, ""stop_token_ids"": [1, 50, 106], ""unexpected_allowed"": []}",3.4230163769680075,xgrammar,2.7804636859800667,3.4104867199785076,57,44,43,"[818, 8937, 532, 8256, 60496, 1603, 496, 4148, 4628, 236789, 236751, 12847, 236761, 236751, 107, 1562, 532, 3875, 60496, 1603, 496, 4148, 4628, 236789, 236751, 12847, 236761, 236751, 107, 818, 8256, 532, 8937, 60496, 1603, 496, 4148, 4628, 236789, 236751, 12847, 236761, 236751, 106]","[818, 8937, 532, 8256, 60496, 1603, 496, 4148, 4628, 236789, 236751, 12847, 236761, 236751, 107, 1562, 532, 3875, 60496, 1603, 496, 4148, 4628, 236789, 236751, 12847, 236761, 236751, 107, 818, 8256, 532, 8937, 60496, 1603, 496, 4148, 4628, 236789, 236751, 12847, 236761, 236751]",1,"[1, 106, 50]",106,1,True,False,"[2, 2, 3, 3, 3, 0]","The male and female dancers made a beautiful couple's dance.s
man and woman dancers made a beautiful couple's dance.s
The female and male dancers made a beautiful couple's dance.s",True,10227624960,12.070982031000312
112_common_gen_both_sides_kna_t7_rep2,412,6,both_sides,,7,2,65,25,1480,352329145,common_gen,112,2,common_gen:validation:298,0,817194e8fd93ca6254e60aaa57463491dc376181dc22a687fa9fe831a34f3525,b7522a17c48b89a9a7b894853dfb652a6b8f754a007788f9830660fd0e2379dc,success,,512.0,512.0,512.0,False,,model_loaded,19.918784848996438,0.5037463160115294,0.6841975410352461,1.1879438570467755,1.1879438570467755,1368,11734,194701,259553217,262144,"{""allowed_count"": 262119, ""expected_count"": 262119, ""missing_expected"": [], ""ok"": true, ""stop_token_ids"": [1, 50, 106], ""unexpected_allowed"": []}",3.412037695001345,xgrammar,2.6432286740164272,4.512146193999797,60,65,64,"[818, 4148, 15924, 42145, 496, 14954, 6083, 236764, 496, 65972, 684, 506, 8325, 236761, 236743, 107, 2717, 6719, 107, 236865, 562, 3606, 2426, 531, 5330, 506, 13315, 20239, 506, 15166, 573, 28250, 236764, 3635, 711, 912, 529, 506, 1626, 3938, 107, 54554, 578, 623, 818, 4148, 15924, 42145, 496, 14954, 6083, 236764, 496, 65972, 684, 506, 8325, 1781, 107, 148233, 578, 11058, 532, 6083, 106]","[818, 4148, 15924, 42145, 496, 14954, 6083, 236764, 496, 65972, 684, 506, 8325, 236761, 236743, 107, 2717, 6719, 107, 236865, 562, 3606, 2426, 531, 5330, 506, 13315, 20239, 506, 15166, 573, 28250, 236764, 3635, 711, 912, 529, 506, 1626, 3938, 107, 54554, 578, 623, 818, 4148, 15924, 42145, 496, 14954, 6083, 236764, 496, 65972, 684, 506, 8325, 1781, 107, 148233, 578, 11058, 532, 6083]",1,"[1, 106, 50]",106,1,True,True,"[3, 0, 2, 2, 2, 0, 2]","The beautiful lady paints a lovely picture, a masterpiece by the artist. 
```python
# A simple check to ensure the sentence meets the constraints for verification, though not part of the final output
sentence = ""The beautiful lady paints a lovely picture, a masterpiece by the artist.""
concepts = ["" and picture",True,10228735488,13.079740996006876
113_common_gen_both_sides_kna_t8_rep2,413,7,both_sides,,8,2,65,28,1665,1962849389,common_gen,113,2,common_gen:validation:284,0,52f5115e8b7c7df84d24779429d8bf2c47ecc5fa5d07e083f24ca178a5033df0,ae7be7434d7b56f2bc8588010acf6b8f9b5dac8c4df4f9ed66a91e628e480561,success,,512.0,512.0,512.0,False,,model_loaded,17.50057532597566,0.4980380099732429,0.8201529289945029,1.3181909389677458,1.3181909389677458,1554,14848,245478,353853904,262144,"{""allowed_count"": 262119, ""expected_count"": 262119, ""missing_expected"": [], ""ok"": true, ""stop_token_ids"": [1, 50, 106], ""unexpected_allowed"": []}",3.483006866008509,xgrammar,2.6040058840299025,1.9225749649922363,65,16,15,"[818, 1944, 9998, 19061, 506, 24856, 1758, 580, 5552, 1441, 910, 79173, 532, 79173, 236761, 106]","[818, 1944, 9998, 19061, 506, 24856, 1758, 580, 5552, 1441, 910, 79173, 532, 79173, 236761]",1,"[1, 106, 50]",106,1,True,False,"[1, 1, 0, 1, 2, 0, 1, 1]",The small audience watched the talented men on stage play their guitars and guitars.,True,10229054976,10.651536383957136
114_common_gen_both_sides_kna_t9_rep2,414,8,both_sides,,9,2,65,31,1850,1187597341,common_gen,114,2,common_gen:validation:281,0,ea20024f5293ddc2cdcefe23a3b6054259af1eeaa9d0bedbfc4aee562dfc2549,b8ef84a11c738f282ceeecc531b087f545de27334330422f12795ce96af369b4,success,,512.0,512.0,512.0,False,,model_loaded,19.860875007987488,0.5113543109619059,0.9567992039956152,1.468153514957521,1.468153514957521,1740,18328,303772,467348010,262144,"{""allowed_count"": 262119, ""expected_count"": 262119, ""missing_expected"": [], ""ok"": true, ""stop_token_ids"": [1, 50, 106], ""unexpected_allowed"": []}",3.5222366219968535,xgrammar,2.6270192110096104,4.431326568999793,67,65,64,"[236777, 6976, 3418, 506, 5149, 532, 5004, 506, 47170, 45193, 1975, 3324, 506, 56145, 1298, 625, 15032, 236761, 7749, 236850, 236780, 77689, 527, 236874, 236761, 12613, 236761, 197, 107, 769, 107, 17574, 506, 11172, 7087, 808, 161617, 886, 236829, 13315, 1699, 808, 712, 236829, 1724, 3530, 4171, 236764, 506, 9113, 13315, 795, 4547, 577, 8427, 38875, 840, 65373, 1805, 53003, 236761, 108, 8291, 5149, 106]","[236777, 6976, 3418, 506, 5149, 532, 5004, 506, 47170, 45193, 1975, 3324, 506, 56145, 1298, 625, 15032, 236761, 7749, 236850, 236780, 77689, 527, 236874, 236761, 12613, 236761, 197, 107, 769, 107, 17574, 506, 11172, 7087, 808, 161617, 886, 236829, 13315, 1699, 808, 712, 236829, 1724, 3530, 4171, 236764, 506, 9113, 13315, 795, 4547, 577, 8427, 38875, 840, 65373, 1805, 53003, 236761, 108, 8291, 5149]",1,"[1, 106, 50]",106,1,True,True,"[0, 2, 1, 1, 1, 1, 1, 0, 0]","I looked across the distance and saw the sturdy eagle stand upon the stump where it stood. ไोCosseasY. Total.</blockquote>
).
Because the prompt requires *exactly one* sentence using *all* those specific words, the resulting sentence will likely be slightly awkward but grammatically compliant.

Here distance",True,10229412352,13.356684933998622
115_common_gen_both_sides_kna_t10_rep2,415,9,both_sides,,10,2,65,34,2035,1971654649,common_gen,115,2,common_gen:validation:736,0,d49dc1add86eaf26af420c122614b7cdb39eef27ace6689e7956c59f00d8ff55,063a8b0d02019ceb4774877f983d5ffb1ae59d5c7b8a65c0489d1508bce77881,success,,512.0,512.0,512.0,False,,model_loaded,17.787796609976795,0.5426117879687808,1.115433877974283,1.6580456659430638,1.6580456659430638,1926,22174,367640,601660575,262144,"{""allowed_count"": 262119, ""expected_count"": 262119, ""missing_expected"": [], ""ok"": true, ""stop_token_ids"": [1, 50, 106], ""unexpected_allowed"": []}",3.4344859379925765,xgrammar,2.674620976962615,2.2309920029947534,68,23,22,"[818, 9800, 5877, 506, 3272, 11808, 580, 1217, 531, 12724, 506, 13009, 532, 5877, 1091, 506, 40143, 11808, 573, 506, 13009, 236761, 106]","[818, 9800, 5877, 506, 3272, 11808, 580, 1217, 531, 12724, 506, 13009, 532, 5877, 1091, 506, 40143, 11808, 573, 506, 13009, 236761]",1,"[1, 106, 50]",106,1,True,False,"[0, 1, 0, 0, 1, 2, 2, 2, 0, 1]",The teacher gave the students instructions on how to fold the papers and gave them the folding instructions for the papers.,True,10229591040,11.32157210598234
116_common_gen_both_sides_kna_t11_rep2,416,10,both_sides,,11,2,65,37,2220,1939924676,common_gen,116,2,common_gen:validation:446,0,dda515b06f4f90e75f67c99a9f5ea4b27b295ccdc827fd486a2e79aad3052afb,a0087ca962fb096200294ae1451b0b4959940cd3927c349da5b51120ee185cb0,success,,512.0,512.0,512.0,False,,model_loaded,22.840707716997713,0.559328435047064,1.286724089004565,1.846052524051629,1.846052524051629,2112,26386,438224,758416639,262144,"{""allowed_count"": 262119, ""expected_count"": 262119, ""missing_expected"": [], ""ok"": true, ""stop_token_ids"": [1, 50, 106], ""unexpected_allowed"": []}",3.4311574900057167,xgrammar,2.5935877930023707,2.1236934359767474,71,20,19,"[818, 15030, 9160, 17240, 3418, 506, 19077, 1298, 914, 2369, 532, 506, 3953, 4526, 506, 880, 27553, 17240, 236761, 106]","[818, 15030, 9160, 17240, 3418, 506, 19077, 1298, 914, 2369, 532, 506, 3953, 4526, 506, 880, 27553, 17240, 236761]",1,"[1, 106, 50]",106,1,True,False,"[0, 1, 0, 1, 1, 1, 1, 2, 1, 1, 1]",The dad throws rocks across the pond where his son and the girl watch the man throwing rocks.,True,10230129152,11.311695209005848
117_common_gen_both_sides_kna_t12_rep2,417,11,both_sides,,12,2,65,40,2405,659770294,common_gen,117,2,common_gen:validation:740,0,645aee742860721bda0e77a8c654254448c5554e1cd1c01208f042cf6cd41bbd,fe90e4bd5dd542bff8b5fe55be1c34e336c94ca03bfcf41292ac4584065e13b1,success,,512.0,512.0,512.0,False,,model_loaded,24.383575169020332,0.5684778169961646,1.4793250060174614,2.047802823013626,2.047802823013626,2298,30964,514982,939241242,262144,"{""allowed_count"": 262119, ""expected_count"": 262119, ""missing_expected"": [], ""ok"": true, ""stop_token_ids"": [1, 50, 106], ""unexpected_allowed"": []}",3.347674035001546,xgrammar,2.6732245620223694,4.4105553540284745,75,65,64,"[818, 6938, 28120, 506, 6568, 236764, 532, 506, 4799, 8784, 1063, 531, 506, 16656, 1298, 506, 3607, 532, 1758, 12270, 236761, 236743, 107, 107, 16907, 25864, 236772, 135778, 236786, 7166, 29357, 2721, 580, 16783, 236787, 669, 11172, 7087, 808, 712, 236829, 14485, 528, 808, 811, 236829, 2822, 236764, 3756, 236764, 40137, 13315, 236761, 669, 3847, 13315, 563, 8427, 38875, 607, 506, 54817, 236786, 6568, 1]","[818, 6938, 28120, 506, 6568, 236764, 532, 506, 4799, 8784, 1063, 531, 506, 16656, 1298, 506, 3607, 532, 1758, 12270, 236761, 236743, 107, 107, 16907, 25864, 236772, 135778, 236786, 7166, 29357, 2721, 580, 16783, 236787, 669, 11172, 7087, 808, 712, 236829, 14485, 528, 808, 811, 236829, 2822, 236764, 3756, 236764, 40137, 13315, 236761, 669, 3847, 13315, 563, 8427, 38875, 607, 506, 54817, 236786, 6568]",1,"[1, 106, 50]",1,1,True,True,"[1, 0, 1, 2, 0, 1, 1, 1, 1, 1, 1, 1]","The boy threw the stick, and the dog runs back to the yard where the women and men fetch. 

*(Self-Correction/Refinement based on complexity: The prompt requires *all* concepts in *one* short, natural, coherent sentence. The provided sentence is slightly awkward with the tense/ stick",True,10230846976,13.83538442896679
118_common_gen_both_sides_kna_t13_rep2,418,12,both_sides,,13,2,65,43,2590,1160402031,common_gen,118,2,common_gen:validation:531,0,e12c6c49347c5de7f7e949de0be8f9fe914d1fa17e6b41f98f2ddba6a6b8857e,1526100994d284ac82d5a61bfc6ac8abc704e1bc81fdc6dc0be2749b3121938d,success,,512.0,512.0,512.0,False,,model_loaded,20.489037598948926,0.5562299570301548,1.6646070210263133,2.220836978056468,2.220836978056468,2484,35908,597914,1145759424,262144,"{""allowed_count"": 262119, ""expected_count"": 262119, ""missing_expected"": [], ""ok"": true, ""stop_token_ids"": [1, 50, 106], ""unexpected_allowed"": []}",3.422887313005049,xgrammar,2.6154651980032213,4.382024071004707,80,65,64,"[818, 49320, 39494, 236764, 3043, 506, 5057, 529, 126948, 3627, 618, 506, 12958, 62755, 9097, 236764, 14260, 506, 1589, 531, 13112, 77448, 236761, 236743, 107, 2717, 107, 2717, 107, 237141, 164463, 107, 236783, 107, 237141, 28635, 107, 2717, 107, 237141, 78739, 107, 818, 49320, 39494, 236764, 3043, 506, 5057, 529, 126948, 3627, 618, 506, 12958, 62755, 9097, 236764, 14260, 506, 1589, 531, 532, 13112, 106]","[818, 49320, 39494, 236764, 3043, 506, 5057, 529, 126948, 3627, 618, 506, 12958, 62755, 9097, 236764, 14260, 506, 1589, 531, 13112, 77448, 236761, 236743, 107, 2717, 107, 2717, 107, 237141, 164463, 107, 236783, 107, 237141, 28635, 107, 2717, 107, 237141, 78739, 107, 818, 49320, 39494, 236764, 3043, 506, 5057, 529, 126948, 3627, 618, 506, 12958, 62755, 9097, 236764, 14260, 506, 1589, 531, 532, 13112]",1,"[1, 106, 50]",106,1,True,True,"[0, 2, 0, 2, 2, 2, 2, 0, 2, 2, 2, 0, 2]","The teenagers laughed, making the sound of ripping paper as the boys ripped pieces, causing the person to laugh loudly. 
```
```
​প্রশ্ন
}
​এর
```
​উত্তর
The teenagers laughed, making the sound of ripping paper as the boys ripped pieces, causing the person to and laugh",True,10231747072,13.921635915990919
119_common_gen_both_sides_kna_t14_rep2,419,13,both_sides,,14,2,65,46,2775,1487259393,common_gen,119,2,common_gen:validation:686,0,dc9168e808c9172c0a299cc420b714f6c66f17ba4604d16eda054e2f80461c0f,a3d3066f57f463c564161ddaf0429cac1d76662a72f84921158cdc53a0c9a7bf,success,,512.0,512.0,512.0,False,,model_loaded,21.241620032989886,0.5883784140460193,1.8627105690538883,2.4510889830999076,2.4510889830999076,2670,41218,687020,1379596225,262144,"{""allowed_count"": 262119, ""expected_count"": 262119, ""missing_expected"": [], ""ok"": true, ""stop_token_ids"": [1, 50, 106], ""unexpected_allowed"": []}",3.513803720008582,xgrammar,2.7088479929952882,4.4479084920021705,84,65,64,"[818, 2434, 236789, 236751, 34865, 529, 506, 9624, 3418, 506, 2135, 236764, 52552, 506, 4299, 2342, 506, 27339, 607, 496, 880, 236764, 691, 496, 5404, 529, 910, 24898, 236761, 236743, 107, 1390, 20470, 236764, 600, 236789, 236751, 2311, 1440, 532, 732, 159779, 236761, 3792, 236789, 236751, 2056, 1570, 573, 496, 20532, 236764, 919, 3756, 2727, 1651, 2440, 784, 14485, 236761, 108, 818, 2434, 691, 106]","[818, 2434, 236789, 236751, 34865, 529, 506, 9624, 3418, 506, 2135, 236764, 52552, 506, 4299, 2342, 506, 27339, 607, 496, 880, 236764, 691, 496, 5404, 529, 910, 24898, 236761, 236743, 107, 1390, 20470, 236764, 600, 236789, 236751, 2311, 1440, 532, 732, 159779, 236761, 3792, 236789, 236751, 2056, 1570, 573, 496, 20532, 236764, 919, 3756, 2727, 1651, 2440, 784, 14485, 236761, 108, 818, 2434, 691]",1,"[1, 106, 50]",106,1,True,True,"[1, 2, 0, 1, 0, 1, 1, 1, 0, 0, 1, 1, 1, 1]","The team's pursuit of the football across the field, chasing the ball against the opponent with a man, was a symbol of their belonging. 
...Wait, that's too long and clunky. Let's try again for a shorter, more natural flow while including all concepts.

The team was",True,10232470016,14.446041540999431
120_common_gen_both_sides_kna_t15_rep2,420,14,both_sides,,15,2,65,49,2960,863296311,common_gen,120,2,common_gen:validation:572,0,c68ef586d07fe31b031dfcc8e38fcb34fce2e728bef06513f8cf00e75e94fe1c,a8228f4116622428a7e703a5f3ab247b12737ec7df991912a9cc01b702e9ad34,success,,512.0,512.0,512.0,False,,model_loaded,22.140477148001082,0.61152341903653,2.0861639519571327,2.6976873709936626,2.6976873709936626,2856,46894,782300,1642376685,262144,"{""allowed_count"": 262119, ""expected_count"": 262119, ""missing_expected"": [], ""ok"": true, ""stop_token_ids"": [1, 50, 106], ""unexpected_allowed"": []}",4.1795507069909945,xgrammar,2.587435134977568,4.455725512991194,83,65,64,"[818, 6938, 532, 3953, 4247, 1806, 9097, 529, 3863, 236764, 6807, 1217, 15512, 506, 3549, 1093, 1386, 1091, 9918, 6576, 236761, 236743, 107, 507, 635, 588, 553, 107, 594, 107, 7284, 107, 2840, 107, 15899, 107, 99966, 107, 54018, 107, 43997, 107, 28384, 107, 24747, 107, 4919, 107, 8269, 107, 19891, 107, 19286, 107, 24679, 107, 14193, 107, 5168, 107, 594, 107, 507, 6938, 106]","[818, 6938, 532, 3953, 4247, 1806, 9097, 529, 3863, 236764, 6807, 1217, 15512, 506, 3549, 1093, 1386, 1091, 9918, 6576, 236761, 236743, 107, 507, 635, 588, 553, 107, 594, 107, 7284, 107, 2840, 107, 15899, 107, 99966, 107, 54018, 107, 43997, 107, 28384, 107, 24747, 107, 4919, 107, 8269, 107, 19891, 107, 19286, 107, 24679, 107, 14193, 107, 5168, 107, 594, 107, 507, 6938]",1,"[1, 106, 50]",106,1,True,True,"[1, 0, 0, 0, 1, 0, 1, 1, 1, 0, 0, 1, 2, 1, 1]","The boy and girl held three pieces of wood, showing how breaking the wall would make them split apart. 
especead
th
break
hold
piece
apart
breaks
pieces
breaking
held
show
person
three
boy
girl
wall
wood
th
es boy",True,10232289280,15.226723149011377
121_common_gen_even_count_kna_t1_rep2,421,0,even_count,,1,2,65,4,313,1484544343,common_gen,121,2,common_gen:validation:632,0,c9d1b03fe0b0e4c5680d996069112a1c8ed20ce93806a512dc78feeef4ea387a,0ad8e51e1e32034c415b76e9f157075f302b4e29041f8fc48e47753f139be95a,success,,512.0,512.0,512.0,False,,model_loaded,19.594982816954143,0.4776518769795075,0.07522796397097409,0.5528798409504816,0.5528798409504816,193,622,10386,3604372,262144,"{""allowed_count"": 262120, ""expected_count"": 262120, ""missing_expected"": [], ""ok"": true, ""stop_token_ids"": [1, 50, 106], ""unexpected_allowed"": []}",4.1123125609592535,xgrammar,2.632257822959218,4.479858235979918,41,65,64,"[6372, 1944, 6347, 529, 3627, 4247, 506, 6789, 3618, 236761, 205957, 236761, 37657, 236761, 56462, 236761, 5622, 236761, 16283, 3223, 236761, 75677, 236761, 5059, 236761, 947, 236761, 2437, 236761, 15899, 236761, 81219, 236761, 25733, 236761, 135932, 721, 236761, 18184, 236761, 11937, 236761, 137534, 236761, 88572, 236761, 58131, 236761, 3626, 45254, 236761, 38651, 236761, 236766, 187407, 236761, 20287, 236761, 61475, 236761, 62145, 236761, 57985, 6347, 106]","[6372, 1944, 6347, 529, 3627, 4247, 506, 6789, 3618, 236761, 205957, 236761, 37657, 236761, 56462, 236761, 5622, 236761, 16283, 3223, 236761, 75677, 236761, 5059, 236761, 947, 236761, 2437, 236761, 15899, 236761, 81219, 236761, 25733, 236761, 135932, 721, 236761, 18184, 236761, 11937, 236761, 137534, 236761, 88572, 236761, 58131, 236761, 3626, 45254, 236761, 38651, 236761, 236766, 187407, 236761, 20287, 236761, 61475, 236761, 62145, 236761, 57985, 6347]",1,"[1, 106, 50]",106,1,True,True,[2],That small piece of paper held the secret message. помогут.cake.felt.soft.sunlight.玻璃.wise.old.thing.piece.facial.expression.whisper.shadow.stone.ancient.beauty.reflection.glimpse.strength.vulnerability.heart.hope.dream.truth piece,True,10227373056,13.085331861977465
122_common_gen_even_count_kna_t2_rep2,422,1,even_count,,2,2,65,8,501,38642501,common_gen,122,2,common_gen:validation:202,0,c12f046b57fb2b9fd7b7073c4a3d5d310657cfc37084cc75642a5db628a6058e,aba85cb241d09034f494f9df7c3f40c61f815c3900073a6188033cff8cc755cc,success,,512.0,512.0,512.0,False,,model_loaded,16.769057050987612,0.45346582803176716,0.15214413101784885,0.605609959049616,0.605609959049616,382,1616,26235,15060663,262144,"{""allowed_count"": 262120, ""expected_count"": 262120, ""missing_expected"": [], ""ok"": true, ""stop_token_ids"": [1, 50, 106], ""unexpected_allowed"": []}",3.7571000570314936,xgrammar,2.7417873379890807,2.0094655429711565,44,18,17,"[236777, 1133, 531, 1676, 6249, 7028, 855, 580, 506, 2633, 236761, 162237, 3456, 236787, 1676, 236764, 2633, 106]","[236777, 1133, 531, 1676, 6249, 7028, 855, 580, 506, 2633, 236761, 162237, 3456, 236787, 1676, 236764, 2633]",1,"[1, 106, 50]",106,1,True,False,"[2, 2]","I like to read books spread out on the table. स्थलोंused: read, table",True,10225319936,10.463043384021148
123_common_gen_even_count_kna_t3_rep2,423,2,even_count,,3,2,65,11,689,1786006800,common_gen,123,2,common_gen:validation:30,0,1453b878d9c92ef6c1fd5badd78f6639e1fb9b321bcb93fb97a5f80080a42352,f75023a33ed43486630aa7f629138c7fe48e27308dbd62b58295cdfe333ba00b,success,,512.0,512.0,512.0,False,,model_loaded,19.09406386502087,0.45909223397029564,0.23697602201718837,0.696068255987484,0.696068255987484,571,2982,47990,36048539,262144,"{""allowed_count"": 262120, ""expected_count"": 262120, ""missing_expected"": [], ""ok"": true, ""stop_token_ids"": [1, 50, 106], ""unexpected_allowed"": []}",3.3789016189984977,xgrammar,2.7231683260179125,4.5004219629918225,47,65,64,"[236777, 795, 2178, 1679, 236764, 10161, 1041, 3774, 236764, 532, 1299, 8352, 236761, 165858, 237069, 139767, 5874, 31989, 236764, 87335, 5874, 31989, 31274, 2262, 10566, 236764, 1402, 8671, 62441, 1147, 5874, 31989, 236890, 236743, 107, 28909, 1223, 236743, 107, 20470, 236764, 564, 4483, 531, 735, 5012, 496, 1908, 236772, 27832, 20412, 236761, 3792, 786, 4338, 600, 236761, 108, 236777, 795, 2178, 236764, 10161, 1041, 106]","[236777, 795, 2178, 1679, 236764, 10161, 1041, 3774, 236764, 532, 1299, 8352, 236761, 165858, 237069, 139767, 5874, 31989, 236764, 87335, 5874, 31989, 31274, 2262, 10566, 236764, 1402, 8671, 62441, 1147, 5874, 31989, 236890, 236743, 107, 28909, 1223, 236743, 107, 20470, 236764, 564, 4483, 531, 735, 5012, 496, 1908, 236772, 27832, 20412, 236761, 3792, 786, 4338, 600, 236761, 108, 236777, 795, 2178, 236764, 10161, 1041]",1,"[1, 106, 50]",106,1,True,True,"[2, 2, 1]","I will sit down, stretch my arm, and then relax. மகிழ்ச்சי हिल रहा हूँ, फैला रहा हूँ मेरी बांह, और फिर आराम कर रहा हूँ। 
 )))) 
Wait, I seem to have included a non-English phrase. Let me correct that.

I will sit, stretch my",True,10227803136,12.6533731680247
124_common_gen_even_count_kna_t4_rep2,424,3,even_count,,4,2,65,14,877,1263411190,common_gen,124,2,common_gen:validation:89,0,98c35dfed7045d50d48bdc09293a38c1a994cc99109982531670b33d044ea910,ea31855e49699b8c1485fd1fad7757f43dd234d2caf94a24ee79c09aa623a227,success,,512.0,512.0,512.0,False,,model_loaded,18.130152110999916,0.48065441800281405,0.33013519004452974,0.8107896080473438,0.8107896080473438,760,4720,76270,68246464,262144,"{""allowed_count"": 262120, ""expected_count"": 262120, ""missing_expected"": [], ""ok"": true, ""stop_token_ids"": [1, 50, 106], ""unexpected_allowed"": []}",3.595661700994242,xgrammar,2.7274823249899782,2.957265670003835,50,36,35,"[818, 4799, 9312, 531, 3727, 3418, 506, 7497, 27100, 580, 506, 1903, 529, 506, 31393, 236761, 48114, 107, 66, 818, 4799, 9312, 531, 3727, 3418, 506, 7497, 27100, 580, 506, 1903, 529, 506, 31393, 236761, 106]","[818, 4799, 9312, 531, 3727, 3418, 506, 7497, 27100, 580, 506, 1903, 529, 506, 31393, 236761, 48114, 107, 66, 818, 4799, 9312, 531, 3727, 3418, 506, 7497, 27100, 580, 506, 1903, 529, 506, 31393, 236761]",1,"[1, 106, 50]",106,1,True,False,"[2, 2, 2, 2]","The dog loved to walk across the thick carpet on the top of the stairs.coordinate
<unused53>The dog loved to walk across the thick carpet on the top of the stairs.",True,10226381824,11.439221070031635
125_common_gen_even_count_kna_t5_rep2,425,4,even_count,,5,2,65,17,1065,1756175381,common_gen,125,2,common_gen:validation:765,0,072220bbf0eb4b907f2416f3f7104f3a780bcc6bc10190dc1b90c870f9071e2b,367ee5b17a7cf4f7ee50f791973cc5bbe934315d1457ded87db41515fc759f93,success,,512.0,512.0,512.0,False,,model_loaded,18.109014917048626,0.47470042802160606,0.4309898830251768,0.9056903110467829,0.9056903110467829,949,6830,110454,113332902,262144,"{""allowed_count"": 262120, ""expected_count"": 262120, ""missing_expected"": [], ""ok"": true, ""stop_token_ids"": [1, 50, 106], ""unexpected_allowed"": []}",3.6053572130040266,xgrammar,2.69879067101283,3.1313281999900937,54,40,39,"[818, 4918, 6984, 177794, 580, 5552, 236764, 607, 506, 3645, 3295, 21964, 506, 15678, 236761, 111102, 236832, 236771, 236771, 107, 2717, 107, 818, 4918, 6984, 177794, 580, 5552, 236764, 607, 506, 3645, 3295, 21964, 506, 15678, 236761, 107, 2717, 106]","[818, 4918, 6984, 177794, 580, 5552, 236764, 607, 506, 3645, 3295, 21964, 506, 15678, 236761, 111102, 236832, 236771, 236771, 107, 2717, 107, 818, 4918, 6984, 177794, 580, 5552, 236764, 607, 506, 3645, 3295, 21964, 506, 15678, 236761, 107, 2717]",1,"[1, 106, 50]",106,1,True,False,"[2, 2, 0, 2, 2]","The band performed energetically on stage, with the front members engaging the crowd. şirk700
```
The band performed energetically on stage, with the front members engaging the crowd.
```",True,10227091456,11.646929812966846
126_common_gen_even_count_kna_t6_rep2,426,5,even_count,,6,2,65,20,1253,661951391,common_gen,126,2,common_gen:validation:128,0,c302fb7a3217da477039ff9b609bbb632be6f332adc26c5ee564017301ac0779,35ae142c3ed559e36a2ad2fad495e2681a4efa9dfa633501889d6316e8743457,success,,512.0,512.0,512.0,False,,model_loaded,19.627859180036467,0.4807629340211861,0.542823753959965,1.023586687981151,1.023586687981151,1138,9312,150542,172986317,262144,"{""allowed_count"": 262120, ""expected_count"": 262120, ""missing_expected"": [], ""ok"": true, ""stop_token_ids"": [1, 50, 106], ""unexpected_allowed"": []}",3.665693489019759,xgrammar,2.6786157980095595,4.4865665580146015,57,65,64,"[818, 12958, 2838, 528, 506, 3645, 1651, 506, 15678, 15032, 236764, 10685, 506, 12615, 18660, 2290, 236761, 160511, 107, 236769, 10282, 236787, 564, 1456, 623, 10732, 236775, 618, 496, 17709, 531, 2874, 506, 13469, 529, 16228, 1186, 886, 13315, 236764, 20414, 506, 3527, 2744, 691, 614, 3165, 653, 496, 53892, 14787, 564, 1374, 16052, 528, 4664, 529, 20150, 506, 1354, 2721, 580, 506, 18660, 106]","[818, 12958, 2838, 528, 506, 3645, 1651, 506, 15678, 15032, 236764, 10685, 506, 12615, 18660, 2290, 236761, 160511, 107, 236769, 10282, 236787, 564, 1456, 623, 10732, 236775, 618, 496, 17709, 531, 2874, 506, 13469, 529, 16228, 1186, 886, 13315, 236764, 20414, 506, 3527, 2744, 691, 614, 3165, 653, 496, 53892, 14787, 564, 1374, 16052, 528, 4664, 529, 20150, 506, 1354, 2721, 580, 506, 18660]",1,"[1, 106, 50]",106,1,True,True,"[2, 1, 1, 1, 1, 1]","The boys sat in the front while the crowd stood, watching the exciting basketball game. کوچک
(Note: I used ""small"" as a placeholder to meet the requirement of returning only one sentence, assuming the previous input was an error or a formatting instruction I should ignore in favor of generating the result based on the basketball",True,10228520448,13.20609625603538
127_common_gen_even_count_kna_t7_rep2,427,6,even_count,,7,2,65,23,1441,1733346817,common_gen,127,2,common_gen:validation:236,0,e7bf4ec09d218093f6119884bba23839f8f7611b4be4d5f0d6f0229bc78b47d4,8d8c05796a0aa3749494f27cf3d8cf1eefbedba9f30eec9be44978e66f42782e,success,,512.0,512.0,512.0,False,,model_loaded,19.770059878006577,0.49943230696953833,0.6670348389889114,1.1664671459584497,1.1664671459584497,1327,12166,196534,248885173,262144,"{""allowed_count"": 262120, ""expected_count"": 262120, ""missing_expected"": [], ""ok"": true, ""stop_token_ids"": [1, 50, 106], ""unexpected_allowed"": []}",3.4150359869818203,xgrammar,2.6032690659631044,4.578835404012352,59,65,64,"[236776, 11207, 21965, 580, 506, 6413, 529, 506, 2978, 1603, 506, 8001, 1975, 4890, 236761, 189709, 819, 236761, 29059, 236761, 29059, 236761, 29059, 236761, 29059, 236761, 29059, 236761, 29059, 236761, 29059, 236761, 29059, 236761, 29059, 236761, 29059, 236761, 29059, 236761, 29059, 236761, 29059, 236761, 29059, 236761, 29059, 236761, 29059, 236761, 29059, 236761, 29059, 236761, 29059, 236761, 29059, 236761, 29059, 236761, 29059, 236761, 29059, 8001, 106]","[236776, 11207, 21965, 580, 506, 6413, 529, 506, 2978, 1603, 506, 8001, 1975, 4890, 236761, 189709, 819, 236761, 29059, 236761, 29059, 236761, 29059, 236761, 29059, 236761, 29059, 236761, 29059, 236761, 29059, 236761, 29059, 236761, 29059, 236761, 29059, 236761, 29059, 236761, 29059, 236761, 29059, 236761, 29059, 236761, 29059, 236761, 29059, 236761, 29059, 236761, 29059, 236761, 29059, 236761, 29059, 236761, 29059, 236761, 29059, 236761, 29059, 8001]",1,"[1, 106, 50]",106,1,True,True,"[1, 1, 1, 1, 2, 1, 1]",A broken tile on the floor of the room made the bird stand longer. رہیںence.etc.etc.etc.etc.etc.etc.etc.etc.etc.etc.etc.etc.etc.etc.etc.etc.etc.etc.etc.etc.etc.etc.etc bird,True,10228663808,13.198893254972063
128_common_gen_even_count_kna_t8_rep2,428,7,even_count,,8,2,65,26,1629,1204271954,common_gen,128,2,common_gen:validation:865,0,89ed1ed773b536819894f9f5c1b559e828a70a9cfaa15d3acd1a1a438f680246,aa574a56bbcd6f3cfb9c104e620017b29df62601f7936e4327e712a36f6aeb3f,success,,512.0,512.0,512.0,False,,model_loaded,23.150819424015936,0.5349328839802183,0.810926653968636,1.3458595379488543,1.3458595379488543,1516,15392,248430,342707934,262144,"{""allowed_count"": 262120, ""expected_count"": 262120, ""missing_expected"": [], ""ok"": true, ""stop_token_ids"": [1, 50, 106], ""unexpected_allowed"": []}",3.9103964419919066,xgrammar,2.707333052996546,4.432414938986767,64,65,64,"[130547, 17926, 32761, 506, 9479, 236764, 25869, 23810, 684, 22953, 625, 236761, 236743, 107, 2711, 107, 236743, 107, 236743, 107, 236743, 107, 236743, 107, 236743, 107, 236743, 107, 236743, 107, 236743, 107, 236743, 107, 236743, 107, 236743, 107, 236743, 107, 236743, 107, 236743, 107, 236743, 107, 236743, 107, 236743, 107, 236743, 107, 236743, 107, 236743, 107, 236743, 107, 236743, 107, 236743, 107, 236743, 32761, 106]","[130547, 17926, 32761, 506, 9479, 236764, 25869, 23810, 684, 22953, 625, 236761, 236743, 107, 2711, 107, 236743, 107, 236743, 107, 236743, 107, 236743, 107, 236743, 107, 236743, 107, 236743, 107, 236743, 107, 236743, 107, 236743, 107, 236743, 107, 236743, 107, 236743, 107, 236743, 107, 236743, 107, 236743, 107, 236743, 107, 236743, 107, 236743, 107, 236743, 107, 236743, 107, 236743, 107, 236743, 107, 236743, 32761]",1,"[1, 106, 50]",106,1,True,True,"[1, 0, 1, 0, 1, 0, 2, 0]","Lemon juice treats the fruit, preventing oxidation by treating it. 
 });
 
 
 
 
 
 
 
 
 
 
 
 
 
 
 
 
 
 
 
 
 
 
 
  treats",True,10229022208,13.686298394983169
129_common_gen_even_count_kna_t9_rep2,429,8,even_count,,9,2,65,29,1817,1931760024,common_gen,129,2,common_gen:validation:505,0,2717f1db326c41a0b8cde77677b712596957d7265afc46148666bfc2da9ca567,c193642985dc8064fb6234fd517a6f6b937ddff37e1422e82d9cc63bf9bc6e07,success,,512.0,512.0,512.0,False,,model_loaded,22.307069146016147,0.557157923001796,0.9557517820503563,1.5129097050521523,1.5129097050521523,1705,18990,307905,456133064,262144,"{""allowed_count"": 262120, ""expected_count"": 262120, ""missing_expected"": [], ""ok"": true, ""stop_token_ids"": [1, 50, 106], ""unexpected_allowed"": []}",3.8197402940131724,xgrammar,2.6570079529774375,4.391340106027201,66,65,64,"[3048, 1921, 6184, 506, 4299, 531, 1845, 2101, 506, 4054, 236764, 42351, 573, 506, 59244, 528, 496, 10059, 1651, 4710, 236761, 236743, 107, 2717, 6449, 107, 236770, 236761, 5213, 115863, 506, 3149, 14485, 53121, 6184, 236764, 1845, 236764, 4299, 236764, 4054, 236764, 59244, 236764, 1921, 236764, 27553, 236764, 10059, 236764, 4710, 236761, 107, 236778, 236761, 5213, 102752, 506, 7157, 2970, 53121, 562, 7501, 529, 106]","[3048, 1921, 6184, 506, 4299, 531, 1845, 2101, 506, 4054, 236764, 42351, 573, 506, 59244, 528, 496, 10059, 1651, 4710, 236761, 236743, 107, 2717, 6449, 107, 236770, 236761, 5213, 115863, 506, 3149, 14485, 53121, 6184, 236764, 1845, 236764, 4299, 236764, 4054, 236764, 59244, 236764, 1921, 236764, 27553, 236764, 10059, 236764, 4710, 236761, 107, 236778, 236761, 5213, 102752, 506, 7157, 2970, 53121, 562, 7501, 529]",1,"[1, 106, 50]",106,1,True,True,"[2, 2, 2, 2, 2, 2, 1, 2, 2]","You must throw the ball to run around the court, aiming for the hoop in a circle while running. 
```process
1. **Analyze the required concepts:** throw, run, ball, court, hoop, must, throwing, circle, running.
2. **Determine the core action:** A sequence of",True,10229233664,13.700102507020347
130_common_gen_even_count_kna_t10_rep2,430,9,even_count,,10,2,65,32,2005,342282746,common_gen,130,2,common_gen:validation:329,0,ba5a0d4e9971aa39754c528b267bedc5f8d17eaa7b7e289a70f7ec40beea53a6,cc0dd990da836080c6668f58af2154c1f263635dacbeb2a57f848d4901dea1ac,success,,512.0,512.0,512.0,False,,model_loaded,20.13063929398777,0.5202231599832885,1.0945106580038555,1.614733817987144,1.614733817987144,1894,22960,373656,590839027,262144,"{""allowed_count"": 262120, ""expected_count"": 262120, ""missing_expected"": [], ""ok"": true, ""stop_token_ids"": [1, 50, 106], ""unexpected_allowed"": []}",3.451402524020523,xgrammar,2.5562609300250188,4.157120371994097,68,60,59,"[818, 1758, 1921, 5524, 506, 4299, 236764, 2490, 236764, 532, 1845, 531, 506, 3225, 1913, 506, 11747, 529, 24285, 236761, 236743, 107, 48782, 236743, 107, 2717, 3723, 107, 236782, 107, 138, 236775, 54554, 1083, 623, 818, 1758, 1921, 5524, 506, 4299, 236764, 2490, 236764, 532, 1845, 531, 506, 3225, 1913, 506, 11747, 529, 24285, 1781, 107, 236783, 107, 2717, 106]","[818, 1758, 1921, 5524, 506, 4299, 236764, 2490, 236764, 532, 1845, 531, 506, 3225, 1913, 506, 11747, 529, 24285, 236761, 236743, 107, 48782, 236743, 107, 2717, 3723, 107, 236782, 107, 138, 236775, 54554, 1083, 623, 818, 1758, 1921, 5524, 506, 4299, 236764, 2490, 236764, 532, 1845, 531, 506, 3225, 1913, 506, 11747, 529, 24285, 1781, 107, 236783, 107, 2717]",1,"[1, 106, 50]",106,1,True,False,"[2, 2, 2, 2, 2, 2, 2, 2, 0, 2]","The men must hit the ball, turn, and run to the base during the turns of hitting. 
 assemble 
```json
{
  ""sentence"": ""The men must hit the ball, turn, and run to the base during the turns of hitting.""
}
```",True,10229591040,13.143034836975858
131_common_gen_even_count_kna_t11_rep2,431,10,even_count,,11,2,65,35,2193,2092919450,common_gen,131,2,common_gen:validation:714,0,ac645b19e25bd719f1f36c7773aac6286a5c78c95ccbe033c48260832ac9740b,33d14898b62c0b2ac5aef74954c2c17f8c8ea2f8d57de641126d136ebb1cf609,success,,512.0,512.0,512.0,False,,model_loaded,20.581052863039076,0.5364156059804372,1.2620998470229097,1.798515453003347,1.798515453003347,2083,27302,445684,748504287,262144,"{""allowed_count"": 262120, ""expected_count"": 262120, ""missing_expected"": [], ""ok"": true, ""stop_token_ids"": [1, 50, 106], ""unexpected_allowed"": []}",3.4684839099645615,xgrammar,2.8069435990182683,4.477814037993085,73,65,64,"[818, 6299, 5324, 6074, 531, 13949, 1056, 1304, 3939, 531, 506, 30256, 1298, 506, 48791, 532, 16078, 528, 506, 20493, 657, 506, 82556, 19555, 625, 236761, 107, 2921, 66024, 107, 500, 15110, 107, 3534, 18287, 107, 19032, 2476, 107, 4060, 236753, 5879, 107, 236765, 913, 4027, 107, 55747, 524, 107, 1934, 514, 5902, 107, 596, 5549, 586, 511, 2964, 107, 6169, 11148, 196544, 13949, 106]","[818, 6299, 5324, 6074, 531, 13949, 1056, 1304, 3939, 531, 506, 30256, 1298, 506, 48791, 532, 16078, 528, 506, 20493, 657, 506, 82556, 19555, 625, 236761, 107, 2921, 66024, 107, 500, 15110, 107, 3534, 18287, 107, 19032, 2476, 107, 4060, 236753, 5879, 107, 236765, 913, 4027, 107, 55747, 524, 107, 1934, 514, 5902, 107, 596, 5549, 586, 511, 2964, 107, 6169, 11148, 196544, 13949]",1,"[1, 106, 50]",106,1,True,True,"[1, 2, 1, 1, 1, 1, 1, 1, 1, 1, 0]","The dry hair began to blow when she went to the salon where the shampoo and brush in the barrel at the dresser dried it.
relayed
recalled
reshaped
revived
withdrew
worsened
yielded
zealously
abruptlyisands
soliloquy blow",True,10230488064,13.90973966702586
132_common_gen_even_count_kna_t12_rep2,432,11,even_count,,12,2,65,38,2381,397082772,common_gen,132,2,common_gen:validation:731,0,ebf43b83c7856927297b9280ab1702b84fe2f3733208768cfd177ee50b670eae,59d97e91e682f3514b3f1ebbc06a3290b4dcaa339572bf86b4ae89951f2b9b0e,success,,512.0,512.0,512.0,False,,model_loaded,20.9342521650251,0.593946861976292,1.4605027450015768,2.054449606977869,2.054449606977869,2272,32016,523988,930807308,262144,"{""allowed_count"": 262120, ""expected_count"": 262120, ""missing_expected"": [], ""ok"": true, ""stop_token_ids"": [1, 50, 106], ""unexpected_allowed"": []}",4.101749135006685,xgrammar,2.689066285965964,3.6298376159975305,74,49,48,"[818, 26100, 2434, 236789, 236751, 5484, 42058, 4916, 607, 506, 2299, 529, 7612, 8101, 528, 1757, 236764, 31584, 872, 573, 506, 2148, 4241, 236761, 124416, 23771, 12952, 107, 231047, 800, 30835, 3187, 31716, 4916, 607, 910, 16934, 236764, 496, 3606, 35802, 18024, 506, 2434, 236789, 236751, 7880, 236761, 106]","[818, 26100, 2434, 236789, 236751, 5484, 42058, 4916, 607, 506, 2299, 529, 7612, 8101, 528, 1757, 236764, 31584, 872, 573, 506, 2148, 4241, 236761, 124416, 23771, 12952, 107, 231047, 800, 30835, 3187, 31716, 4916, 607, 910, 16934, 236764, 496, 3606, 35802, 18024, 506, 2434, 236789, 236751, 7880, 236761]",1,"[1, 106, 50]",106,1,True,False,"[1, 0, 1, 2, 1, 1, 0, 0, 2, 1, 1, 1]","The soccer team's players shook hands with the group of guys standing in line, lined up for the next match. স্বল্পstandardchat
Botanical specialists often shake hands with their colleagues, a simple gesture connecting the team's efforts.",True,10230667776,13.84740777098341
133_common_gen_even_count_kna_t13_rep2,433,12,even_count,,13,2,65,41,2569,2125877062,common_gen,133,2,common_gen:validation:965,0,8789ed2c21cbfc09236e3ea62fc94ae8b96484381b64ec7d0799f4e341d98197,b75d6fc5ff1ac0dd2e59f8cea27f6f1a184cee00344961d1af5d94f500a34437,success,,512.0,512.0,512.0,False,,model_loaded,21.518912048020866,0.5915411540190689,1.6519884610315785,2.2435296150506474,2.2435296150506474,2461,37102,608568,1139426554,262144,"{""allowed_count"": 262120, ""expected_count"": 262120, ""missing_expected"": [], ""ok"": true, ""stop_token_ids"": [1, 50, 106], ""unexpected_allowed"": []}",3.9203569879755378,xgrammar,2.760368514980655,4.438037714979146,80,65,64,"[818, 1589, 13198, 5284, 496, 1759, 12931, 4887, 236764, 9495, 573, 506, 4304, 236789, 236751, 27400, 531, 2490, 506, 6568, 1932, 1913, 506, 59681, 236761, 236285, 236761, 197, 107, 197, 107, 236743, 107, 236743, 107, 236743, 107, 236743, 107, 236743, 107, 236743, 107, 236743, 107, 236743, 107, 236743, 107, 236743, 107, 236743, 107, 236743, 107, 236743, 107, 236743, 107, 236743, 107, 236743, 107, 1932, 106]","[818, 1589, 13198, 5284, 496, 1759, 12931, 4887, 236764, 9495, 573, 506, 4304, 236789, 236751, 27400, 531, 2490, 506, 6568, 1932, 1913, 506, 59681, 236761, 236285, 236761, 197, 107, 197, 107, 236743, 107, 236743, 107, 236743, 107, 236743, 107, 236743, 107, 236743, 107, 236743, 107, 236743, 107, 236743, 107, 236743, 107, 236743, 107, 236743, 107, 236743, 107, 236743, 107, 236743, 107, 236743, 107, 1932]",1,"[1, 106, 50]",106,1,True,True,"[1, 1, 1, 1, 1, 1, 1, 1, 0, 1, 1, 1, 2]","The person slowly built a real pig mount, waiting for the fire's flame to turn the stick open during the roast.proyecto.</blockquote>
</blockquote>
 
 
 
 
 
 
 
 
 
 
 
 
 
 
 
 
 open",True,10231747072,14.709741797996685
134_common_gen_even_count_kna_t14_rep2,434,13,even_count,,14,2,65,44,2757,401422673,common_gen,134,2,common_gen:validation:463,0,fd091516d9aa417e500cd7102d3c251e399adf1dc629723de2825050cc9586ef,ae58d5daa91fb85b0d37ab2b64de7522463b360cf02aeeb9a273a45a3b83a36e,success,,512.0,512.0,512.0,False,,model_loaded,19.40646857401589,0.5821050449740142,1.8649028989602812,2.4470079439342953,2.4470079439342953,2650,42560,699424,1376040489,262144,"{""allowed_count"": 262120, ""expected_count"": 262120, ""missing_expected"": [], ""ok"": true, ""stop_token_ids"": [1, 50, 106], ""unexpected_allowed"": []}",3.7868911319528706,xgrammar,2.644967350002844,2.419327942014206,82,26,25,"[818, 2255, 27155, 236764, 9922, 496, 2604, 16621, 236764, 5423, 236764, 532, 8334, 236764, 691, 9204, 506, 43116, 1651, 9922, 496, 8334, 532, 16621, 236761, 106]","[818, 2255, 27155, 236764, 9922, 496, 2604, 16621, 236764, 5423, 236764, 532, 8334, 236764, 691, 9204, 506, 43116, 1651, 9922, 496, 8334, 532, 16621, 236761]",1,"[1, 106, 50]",106,1,True,False,"[0, 1, 0, 0, 0, 2, 1, 2, 2, 1, 1, 1, 1, 0]","The old farmer, wearing a red jacket, hat, and shirt, was driving the tractor while wearing a shirt and jacket.",True,10232109056,12.645446644979529
135_common_gen_even_count_kna_t15_rep2,435,14,even_count,,15,2,65,47,2945,934690135,common_gen,135,2,common_gen:validation:645,0,f4a173f766bdef4edaf02d2521907f88bb82e5e5e23cafc03015326587ceae8e,62da4b7ec3ed2cb9fd30ab86a6ba9fa8631e8afd4042bdc5b9ad60836a50c16e,success,,512.0,512.0,512.0,False,,model_loaded,21.60918935399968,0.5938813769607805,2.1155392910004593,2.70942066796124,2.70942066796124,2839,48390,796556,1642327577,262144,"{""allowed_count"": 262120, ""expected_count"": 262120, ""missing_expected"": [], ""ok"": true, ""stop_token_ids"": [1, 50, 106], ""unexpected_allowed"": []}",3.365685429016594,xgrammar,2.6847295640036464,4.413073265983257,88,65,64,"[818, 46619, 56555, 529, 506, 14588, 4155, 236789, 236751, 12261, 3939, 8797, 506, 5671, 1913, 506, 2290, 236789, 236751, 3746, 236764, 837, 506, 15678, 7261, 691, 1822, 236761, 152517, 4171, 236761, 107, 177906, 25864, 236772, 135778, 236786, 7166, 29357, 2721, 580, 10346, 63232, 531, 506, 11172, 236789, 236751, 7304, 529, 3756, 2727, 236764, 618, 506, 3527, 5686, 691, 8427, 38875, 1473, 1018, 108, 7261, 106]","[818, 46619, 56555, 529, 506, 14588, 4155, 236789, 236751, 12261, 3939, 8797, 506, 5671, 1913, 506, 2290, 236789, 236751, 3746, 236764, 837, 506, 15678, 7261, 691, 1822, 236761, 152517, 4171, 236761, 107, 177906, 25864, 236772, 135778, 236786, 7166, 29357, 2721, 580, 10346, 63232, 531, 506, 11172, 236789, 236751, 7304, 529, 3756, 2727, 236764, 618, 506, 3527, 5686, 691, 8427, 38875, 1473, 1018, 108, 7261]",1,"[1, 106, 50]",106,1,True,True,"[0, 1, 1, 1, 0, 1, 1, 1, 2, 0, 1, 1, 1, 1, 1]","The insane kicking of the worst player's kick went toward the goal during the game's half, which the crowd knew was great. చిన్న words.
**(Self-Correction/Refinement based on strict adherence to the prompt's spirit of natural flow, as the previous attempt was slightly awkward):**

 knew",True,10233193472,14.486862257996108
136_common_gen_even_count_kna_t16_rep2,436,15,even_count,,16,2,65,50,3133,1263600558,common_gen,136,2,common_gen:validation:12,0,e96e5e89bdd1a94232f4bbc44324d9dece91a1cd3e2d2a1eff2611b229d5bdca,941500a6c4f49ff7e243c07fd988fa634e37aaf829c1ba39c817808280a6f5cf,success,,512.0,512.0,512.0,False,,model_loaded,21.406310655002017,0.6184533580089919,2.3330853289808147,2.9515386869898066,2.9515386869898066,3028,54592,899964,1939966282,262144,"{""allowed_count"": 262120, ""expected_count"": 262120, ""missing_expected"": [], ""ok"": true, ""stop_token_ids"": [1, 50, 106], ""unexpected_allowed"": []}",3.4269051590235904,xgrammar,2.5125995150301605,4.410272884008009,88,65,64,"[818, 3875, 236789, 236751, 6114, 6077, 6976, 2101, 236764, 6049, 29772, 236764, 2036, 532, 3182, 1063, 657, 506, 42030, 532, 506, 5873, 236761, 236743, 107, 140, 236769, 25864, 236772, 154858, 236786, 7166, 29357, 573, 10346, 63232, 531, 784, 14485, 528, 496, 808, 23014, 236829, 13315, 236764, 37497, 506, 11172, 236789, 236751, 15166, 563, 14798, 236764, 840, 506, 2787, 16972, 531, 72146, 1091, 3075, 6077, 1]","[818, 3875, 236789, 236751, 6114, 6077, 6976, 2101, 236764, 6049, 29772, 236764, 2036, 532, 3182, 1063, 657, 506, 42030, 532, 506, 5873, 236761, 236743, 107, 140, 236769, 25864, 236772, 154858, 236786, 7166, 29357, 573, 10346, 63232, 531, 784, 14485, 528, 496, 808, 23014, 236829, 13315, 236764, 37497, 506, 11172, 236789, 236751, 15166, 563, 14798, 236764, 840, 506, 2787, 16972, 531, 72146, 1091, 3075, 6077]",1,"[1, 106, 50]",1,1,True,True,"[0, 0, 0, 1, 1, 0, 1, 2, 0, 1, 1, 1, 0, 1, 1, 1]","The woman's eyes quickly looked around, moving individually, still and looking back at the stranger and the camera. 
    (Self-correction/Refinement for strict adherence to all concepts in a *natural* sentence, observing the prompt's constraints is challenging, but the above attempts to weave them together quickly",True,10233193472,14.616957085963804
137_common_gen_odd_count_kna_t1_rep2,437,0,odd_count,,1,2,65,3,254,582900007,common_gen,137,2,common_gen:validation:320,0,4fb094cd581ca681a8c7cf8ac21a72a9af3a6b5e59e5ed92bfb7909efe0cb19f,66a157bf47e97b1d3f75eb460392030f78447f0020b00c65a8fd44f86a1dce33,success,,512.0,512.0,512.0,False,,model_loaded,15.92453962896252,0.49064094200730324,0.051780456968117505,0.5424213989754207,0.5424213989754207,132,442,7156,1699175,262144,"{""allowed_count"": 262120, ""expected_count"": 262120, ""missing_expected"": [], ""ok"": true, ""stop_token_ids"": [1, 50, 106], ""unexpected_allowed"": []}",3.340113773010671,xgrammar,2.601422651030589,1.8434453380177729,41,14,13,"[818, 3645, 529, 506, 3788, 691, 81994, 10035, 684, 506, 12399, 3768, 236761, 106]","[818, 3645, 529, 506, 3788, 691, 81994, 10035, 684, 506, 12399, 3768, 236761]",1,"[1, 106, 50]",106,1,True,False,[1],The front of the building was brightly lit by the afternoon sun.,True,10224791040,9.627583388995845
138_common_gen_odd_count_kna_t2_rep2,438,1,odd_count,,2,2,65,6,381,1648646265,common_gen,138,2,common_gen:validation:779,0,a0f066b627bc39db00f1a9b4ab17410cca15942c0c4605b2306aed91955888cd,50a9322bf42ba53c1bed99fd1d6aa6eb5e8f858628b779aa5a6b667d48d6f7ad,success,,512.0,512.0,512.0,False,,model_loaded,16.199077475990634,0.4498837130377069,0.10430899704806507,0.554192710085772,0.554192710085772,260,1136,17989,6985843,262144,"{""allowed_count"": 262120, ""expected_count"": 262120, ""missing_expected"": [], ""ok"": true, ""stop_token_ids"": [1, 50, 106], ""unexpected_allowed"": []}",3.4899782959837466,xgrammar,2.683546352025587,1.7151553790317848,44,12,11,"[818, 3530, 1722, 529, 5368, 563, 1456, 573, 1262, 3671, 236761, 106]","[818, 3530, 1722, 529, 5368, 563, 1456, 573, 1262, 3671, 236761]",1,"[1, 106, 50]",106,1,True,False,"[1, 0]",The specific type of software is used for data analysis.,True,10225319936,9.764766390959267
139_common_gen_odd_count_kna_t3_rep2,439,2,odd_count,,3,2,65,8,508,1576209688,common_gen,139,2,common_gen:validation:47,0,3895e89c2665e35966d4c393746cf237be24c9fb0a3c14d5f2403969d1413708,5515941c94a644a7e004d84a4068c009abf6667639fc1871e0e590e74b0c06d6,success,,512.0,512.0,512.0,False,,model_loaded,16.745812553039286,0.567178574972786,0.15905419300543144,0.7262327679782175,0.7262327679782175,388,2082,32568,16629302,262144,"{""allowed_count"": 262120, ""expected_count"": 262120, ""missing_expected"": [], ""ok"": true, ""stop_token_ids"": [1, 50, 106], ""unexpected_allowed"": []}",3.464190340018831,xgrammar,2.73571398697095,2.0168991399696097,47,15,14,"[5778, 6544, 531, 6554, 506, 3549, 532, 1975, 1063, 531, 49122, 1116, 981, 236761, 106]","[5778, 6544, 531, 6554, 506, 3549, 532, 1975, 1063, 531, 49122, 1116, 981, 236761]",1,"[1, 106, 50]",106,1,True,False,"[1, 1, 1]",She decided to paint the wall and stand back to admire her work.,True,10225850880,10.335929348948412
140_common_gen_odd_count_kna_t4_rep2,440,3,odd_count,,4,2,65,10,635,607940089,common_gen,140,2,common_gen:validation:944,0,4ea81654907fede9def8b55008781523989a12de20a50fd6456e561e75d26fbb,ce0ea52c46ccb837e409c81e166a36dc0fdaf6ded9fa082842ffaa01e86b4982,success,,512.0,512.0,512.0,False,,model_loaded,16.52110208797967,0.45927422802196816,0.2193189279641956,0.6785931559861638,0.6785931559861638,516,3280,50893,31397648,262144,"{""allowed_count"": 262120, ""expected_count"": 262120, ""missing_expected"": [], ""ok"": true, ""stop_token_ids"": [1, 50, 106], ""unexpected_allowed"": []}",3.4425543500110507,xgrammar,2.6972212780383416,2.041564864979591,50,18,17,"[818, 4155, 4247, 506, 43809, 532, 496, 6568, 1651, 8101, 657, 506, 7377, 529, 506, 1975, 236761, 106]","[818, 4155, 4247, 506, 43809, 532, 496, 6568, 1651, 8101, 657, 506, 7377, 529, 506, 1975, 236761]",1,"[1, 106, 50]",106,1,True,False,"[1, 1, 1, 1]",The player held the jersey and a stick while standing at the edge of the stand.,True,10226381824,10.173806886014063
141_common_gen_odd_count_kna_t5_rep2,441,4,odd_count,,5,2,65,12,762,2034089868,common_gen,141,2,common_gen:validation:198,0,241e930aca56fe79f0dfc2a6453de7b006fa3f48d9c471ac966b5e67232d3af5,5c810ea43f03e1a4320389e4e110600649738753aea77cdbe5a0e42a9467eca1,success,,512.0,512.0,512.0,False,,model_loaded,20.23874470498413,0.5447329750168137,0.29357997700572014,0.8383129520225339,0.8383129520225339,644,4730,73973,52058977,262144,"{""allowed_count"": 262120, ""expected_count"": 262120, ""missing_expected"": [], ""ok"": true, ""stop_token_ids"": [1, 50, 106], ""unexpected_allowed"": []}",3.7478752299793996,xgrammar,2.834908426972106,1.9271673380280845,56,16,15,"[818, 9989, 691, 122053, 506, 4299, 236764, 1299, 72112, 625, 1494, 528, 506, 2634, 236761, 106]","[818, 9989, 691, 122053, 506, 4299, 236764, 1299, 72112, 625, 1494, 528, 506, 2634, 236761]",1,"[1, 106, 50]",106,1,True,False,"[0, 1, 1, 1, 1]","The kid was tossing the ball, then tossed it high in the air.",True,10227446272,10.663086919987109
142_common_gen_odd_count_kna_t6_rep2,442,5,odd_count,,6,2,65,14,889,606851912,common_gen,142,2,common_gen:validation:783,0,82dae67b658e5853ef59315ac46d5bc4c3cd97690b80311a09a1b41eb1e67cef,ddea4876880432723d110267b7b8d75e1e856a84a34d4e21a75688cb83792a0e,success,,512.0,512.0,512.0,False,,model_loaded,17.250047479989007,0.5410777179640718,0.3677860400057398,0.9088637579698116,0.9088637579698116,772,6432,101051,79381385,262144,"{""allowed_count"": 262120, ""expected_count"": 262120, ""missing_expected"": [], ""ok"": true, ""stop_token_ids"": [1, 50, 106], ""unexpected_allowed"": []}",3.684158814023249,xgrammar,2.856927750981413,2.071197140030563,58,19,18,"[2209, 38516, 4446, 8990, 506, 6413, 236764, 2838, 580, 506, 32979, 236764, 532, 1299, 51523, 506, 3958, 236761, 106]","[2209, 38516, 4446, 8990, 506, 6413, 236764, 2838, 580, 506, 32979, 236764, 532, 1299, 51523, 506, 3958, 236761]",1,"[1, 106, 50]",106,1,True,False,"[0, 0, 1, 1, 1, 1]","He poured oil onto the floor, sat on the motorcycle, and then pours the engine.",True,10227803136,10.848548251960892
143_common_gen_odd_count_kna_t7_rep2,443,6,odd_count,,7,2,65,16,1016,1159581501,common_gen,143,2,common_gen:validation:704,0,3aa02380f93c80d3f860ceedaadc699ce6e3ae54d1e63a2bfef939acfd4e05b5,2a86a93e1dd35f996f27416dfa3102a511fc587d509930a3282c0698d846c8bc,success,,512.0,512.0,512.0,False,,model_loaded,17.998309085029177,0.49963078199652955,0.43187581695383415,0.9315065989503637,0.9315065989503637,900,8386,132127,114132968,262144,"{""allowed_count"": 262120, ""expected_count"": 262120, ""missing_expected"": [], ""ok"": true, ""stop_token_ids"": [1, 50, 106], ""unexpected_allowed"": []}",3.531063880014699,xgrammar,2.8021369759808294,2.436855807027314,60,25,24,"[818, 34888, 4299, 691, 11744, 531, 506, 25516, 236764, 837, 691, 11744, 531, 506, 9865, 8733, 236764, 14260, 506, 3697, 14510, 531, 8757, 236761, 106]","[818, 34888, 4299, 691, 11744, 531, 506, 25516, 236764, 837, 691, 11744, 531, 506, 9865, 8733, 236764, 14260, 506, 3697, 14510, 531, 8757, 236761]",1,"[1, 106, 50]",106,1,True,False,"[1, 1, 0, 1, 0, 2, 1]","The spinning ball was attached to the rope, which was attached to the guy wire, causing the whole assembly to spin.",True,10228158976,11.08612243301468
144_common_gen_odd_count_kna_t8_rep2,444,7,odd_count,,8,2,65,18,1143,196679307,common_gen,144,2,common_gen:validation:353,0,dad190bcfe29b1fedd2bf85b63d43f1d492f74810ee3eee4cdd5f35db9683e05,bd6d36629e0b72206d078506dd5df9f429d6fc0668f2cd302c9fc455ff1d7fb3,success,,512.0,512.0,512.0,False,,model_loaded,17.79907132900553,0.5010591289610602,0.5134137429995462,1.0144728719606064,1.0144728719606064,1028,10592,167201,157081822,262144,"{""allowed_count"": 262120, ""expected_count"": 262120, ""missing_expected"": [], ""ok"": true, ""stop_token_ids"": [1, 50, 106], ""unexpected_allowed"": []}",3.583988715952728,xgrammar,2.7081000090111047,1.8129607099690475,65,14,13,"[818, 24856, 21813, 93905, 122605, 657, 506, 3645, 573, 506, 82840, 15678, 236761, 106]","[818, 24856, 21813, 93905, 122605, 657, 506, 3645, 573, 506, 82840, 15678, 236761]",1,"[1, 106, 50]",106,1,True,False,"[0, 0, 1, 1, 1, 1, 0, 1]",The talented ladies danced gracefully at the front for the cheering crowd.,True,10229054976,10.437804682995193
145_common_gen_odd_count_kna_t9_rep2,445,8,odd_count,,9,2,65,20,1270,1557827992,common_gen,145,2,common_gen:validation:21,0,83460821396b5bb089f7e89dadd50d3f96466b283bc63eef9453e77b2c6c5d38,cac5a0e6e72c99ef41f8d37e5f41fcb70796fcc28b04a2c7a96b053b5b6b0564,success,,512.0,512.0,512.0,False,,model_loaded,17.383867173979525,0.5748635219642892,0.6104092570021749,1.185272778966464,1.185272778966464,1156,13050,207408,208996043,262144,"{""allowed_count"": 262120, ""expected_count"": 262120, ""missing_expected"": [], ""ok"": true, ""stop_token_ids"": [1, 50, 106], ""unexpected_allowed"": []}",3.3718927550362423,xgrammar,2.678325158020016,2.078405437991023,66,19,18,"[5778, 795, 2768, 506, 10883, 2256, 531, 2178, 580, 506, 27210, 532, 16809, 573, 13131, 1015, 3517, 236761, 106]","[5778, 795, 2768, 506, 10883, 2256, 531, 2178, 580, 506, 27210, 532, 16809, 573, 13131, 1015, 3517, 236761]",1,"[1, 106, 50]",106,1,True,False,"[1, 1, 1, 1, 1, 1, 1, 0, 1]",She will hold the remote control to sit on the sofa and pose for visitors who visit.,True,10229233664,10.670110545994248
146_common_gen_odd_count_kna_t10_rep2,446,9,odd_count,,10,2,65,22,1397,127712770,common_gen,146,2,common_gen:validation:165,0,4b0ab67a81a05b1e24e0f570902e86c49f964b0c38be46176b3c404f4fe37153,e08b6b9d2a4ab133b5af1075466e3b6d317243a1b1ea4beb80dff908ada74330,success,,512.0,512.0,512.0,False,,model_loaded,17.41739963903092,0.5814778860076331,0.7012229479732923,1.2827008339809254,1.2827008339809254,1284,15760,251865,270643727,262144,"{""allowed_count"": 262120, ""expected_count"": 262120, ""missing_expected"": [], ""ok"": true, ""stop_token_ids"": [1, 50, 106], ""unexpected_allowed"": []}",3.161118051968515,xgrammar,2.676202696049586,2.2592295719659887,68,23,22,"[818, 3875, 236764, 8116, 1679, 236764, 2506, 496, 25640, 580, 1116, 3774, 1651, 506, 47366, 5004, 506, 1589, 3978, 496, 5004, 236761, 106]","[818, 3875, 236764, 8116, 1679, 236764, 2506, 496, 25640, 580, 1116, 3774, 1651, 506, 47366, 5004, 506, 1589, 3978, 496, 5004, 236761]",1,"[1, 106, 50]",106,1,True,False,"[1, 0, 1, 1, 2, 1, 0, 1, 1, 1]","The woman, sitting down, got a tattoo on her arm while the mans saw the person getting a saw.",True,10229591040,10.693253675010055
147_common_gen_odd_count_kna_t11_rep2,447,10,odd_count,,11,2,65,24,1524,1471650866,common_gen,147,2,common_gen:validation:840,0,1a19e49861a082d53576781fe5c326bf955422d040b7dd0887447b9bbba4ca27,7dc9c2606a49284627108c4cc06b428e86263977f2280e31dbb3beec25e38a95,success,,512.0,512.0,512.0,False,,model_loaded,18.755833747971337,0.523845525982324,0.7986794200260192,1.3225249460083432,1.3225249460083432,1412,18722,300572,342792970,262144,"{""allowed_count"": 262120, ""expected_count"": 262120, ""missing_expected"": [], ""ok"": true, ""stop_token_ids"": [1, 50, 106], ""unexpected_allowed"": []}",3.9938833609921858,xgrammar,2.637003265961539,2.4843197709997185,72,27,26,"[5778, 28120, 506, 4299, 236764, 7046, 625, 39964, 531, 6342, 8427, 1135, 506, 3328, 1651, 506, 2657, 12956, 625, 3541, 1116, 10222, 580, 506, 10059, 236761, 106]","[5778, 28120, 506, 4299, 236764, 7046, 625, 39964, 531, 6342, 8427, 1135, 506, 3328, 1651, 506, 2657, 12956, 625, 3541, 1116, 10222, 580, 506, 10059, 236761]",1,"[1, 106, 50]",106,1,True,False,"[1, 0, 1, 0, 0, 1, 1, 1, 0, 1, 1]","She threw the ball, holding it tightly to aim slightly off the target while the net caught it near her ear on the circle.",True,10230307840,11.79772612999659
148_common_gen_odd_count_kna_t12_rep2,448,11,odd_count,,12,2,65,26,1651,1910866874,common_gen,148,2,common_gen:validation:662,0,8f002f61f8a9d53100e48a5fdf7cdfb7c727778e05540db18813cb47480d3aaf,e279a9c3bd82dc110692376aa965686895f3e65c536e840d575979f597f60edc,success,,512.0,512.0,512.0,False,,model_loaded,17.84858858899679,0.5326102770050056,0.9050400490523316,1.4376503260573372,1.4376503260573372,1540,21936,353529,426211868,262144,"{""allowed_count"": 262120, ""expected_count"": 262120, ""missing_expected"": [], ""ok"": true, ""stop_token_ids"": [1, 50, 106], ""unexpected_allowed"": []}",3.4047592919669114,xgrammar,2.5956949520041235,2.394175689027179,78,25,24,"[102567, 1714, 1194, 506, 2005, 1595, 531, 2247, 580, 33574, 236764, 1304, 1176, 506, 1791, 1595, 531, 12724, 506, 33574, 563, 531, 2178, 236761, 106]","[102567, 1714, 1194, 506, 2005, 1595, 531, 2247, 580, 33574, 236764, 1304, 1176, 506, 1791, 1595, 531, 12724, 506, 33574, 563, 531, 2178, 236761]",1,"[1, 106, 50]",106,1,True,False,"[1, 2, 0, 0, 0, 1, 2, 0, 0, 1, 1, 1]","Demonstrating the proper way to put on shirts, she said the best way to fold the shirts is to sit.",True,10231387648,11.128443325986154
149_common_gen_odd_count_kna_t13_rep2,449,12,odd_count,,13,2,65,28,1778,1398258987,common_gen,149,2,common_gen:validation:678,0,6e96edb00f23b253093f64e3dfcb3a3f1d336b5aa9843f7b9627c6471b79685d,b57c3ffe5d57b26001d56424fb7f14fb1ff6d92d03c8142af6d3a9bafd84bfc2,success,,512.0,512.0,512.0,False,,model_loaded,17.98600031901151,0.5392982020275667,1.0236774949589744,1.5629756969865412,1.5629756969865412,1668,25402,410736,521668517,262144,"{""allowed_count"": 262120, ""expected_count"": 262120, ""missing_expected"": [], ""ok"": true, ""stop_token_ids"": [1, 50, 106], ""unexpected_allowed"": []}",3.4745766880223528,xgrammar,2.6363461519940756,2.368039396998938,79,25,24,"[4906, 861, 1719, 236764, 506, 880, 18178, 3043, 784, 506, 9097, 529, 58318, 236764, 2844, 607, 886, 11228, 531, 2619, 496, 4011, 6347, 236761, 106]","[4906, 861, 1719, 236764, 506, 880, 18178, 3043, 784, 506, 9097, 529, 58318, 236764, 2844, 607, 886, 11228, 531, 2619, 496, 4011, 6347, 236761]",1,"[1, 106, 50]",106,1,True,False,"[0, 1, 1, 1, 1, 1, 1, 1, 1, 1, 1, 1, 1]","One new day, the man loves making all the pieces of pottery, working with one wheel to create a perfect piece.",True,10231567872,11.391167619032785
150_common_gen_right_not_left_kna_t1,450,0,right_not_left,,1,2,65,4,313,370030228,common_gen,150,0,common_gen:validation:61,0,9d572b50818e64113888fd102c73fbb548c604c885693304453f6a339a3590ce,ef9e1b9dda4ad9d1095eb7ce29b530fda8f10a44feaf27b770ce24f810742aae,success,,512.0,512.0,512.0,False,,model_loaded,18.660786298976745,0.5086152239819057,0.07502466201549396,0.5836398859973997,0.5836398859973997,193,561,9480,3361714,262144,"{""allowed_count"": 262119, ""expected_count"": 262119, ""missing_expected"": [], ""ok"": true, ""stop_token_ids"": [1, 50, 106], ""unexpected_allowed"": []}",3.353541688993573,xgrammar,2.6171513040317222,4.418008067004848,41,65,64,"[5778, 20843, 506, 13719, 82330, 531, 12203, 506, 44770, 12054, 529, 506, 6426, 236761, 90653, 107, 107, 236775, 236777, 1202, 531, 2426, 506, 5542, 580, 506, 13564, 82330, 1680, 692, 9009, 1781, 107, 2094, 13315, 6178, 623, 82330, 1781, 568, 818, 11172, 4733, 531, 1161, 808, 712, 236829, 14485, 236764, 840, 1186, 3847, 886, 3495, 236787, 623, 82330, 1781, 564, 795, 49105, 532, 38742, 106]","[5778, 20843, 506, 13719, 82330, 531, 12203, 506, 44770, 12054, 529, 506, 6426, 236761, 90653, 107, 107, 236775, 236777, 1202, 531, 2426, 506, 5542, 580, 506, 13564, 82330, 1680, 692, 9009, 1781, 107, 2094, 13315, 6178, 623, 82330, 1781, 568, 818, 11172, 4733, 531, 1161, 808, 712, 236829, 14485, 236764, 840, 1186, 3847, 886, 3495, 236787, 623, 82330, 1781, 564, 795, 49105, 532, 38742]",1,"[1, 106, 50]",106,1,True,True,[1],"She adjusted the sensitivemicrophone to capture the faint sounds of the forest.چہ

""I need to check the volume on the recordingmicrophone before we finish.""
This sentence uses ""microphone."" (The prompt asked to use *all* concepts, but only provided one concept: ""microphone."" I will adhere and microphone",True,10227373056,12.268527242995333
151_common_gen_right_not_left_kna_t2,451,1,right_not_left,,2,2,65,7,438,1117270615,common_gen,151,0,common_gen:validation:431,0,29248b68ef506bba991d2a85380c410bab6c248ca1360f89484353b4ec28395b,41b6ccbdf93ba745cd9d8823bc708b3b86d16c84dc053450c1d632d201b39b6b,success,,512.0,512.0,512.0,False,,model_loaded,18.8810886569554,0.5119788030278869,0.12507439695764333,0.6370531999855302,0.6370531999855302,319,1183,19857,9979696,262144,"{""allowed_count"": 262120, ""expected_count"": 262120, ""missing_expected"": [], ""ok"": true, ""stop_token_ids"": [1, 50, 106], ""unexpected_allowed"": []}",3.3563727329601534,xgrammar,2.5807641859864816,4.447003644017968,44,65,64,"[2209, 3721, 496, 5111, 13161, 699, 914, 44047, 236764, 496, 44770, 236764, 14111, 236772, 113954, 5662, 580, 914, 24236, 236761, 43597, 236760, 7433, 236761, 107, 236761, 404, 107, 236761, 404, 107, 236761, 404, 107, 236761, 404, 107, 236761, 404, 107, 236761, 404, 107, 236761, 404, 107, 236761, 404, 107, 236761, 404, 107, 236761, 404, 107, 236761, 404, 107, 236761, 404, 107, 236761, 532, 14819, 106]","[2209, 3721, 496, 5111, 13161, 699, 914, 44047, 236764, 496, 44770, 236764, 14111, 236772, 113954, 5662, 580, 914, 24236, 236761, 43597, 236760, 7433, 236761, 107, 236761, 404, 107, 236761, 404, 107, 236761, 404, 107, 236761, 404, 107, 236761, 404, 107, 236761, 404, 107, 236761, 404, 107, 236761, 404, 107, 236761, 404, 107, 236761, 404, 107, 236761, 404, 107, 236761, 404, 107, 236761, 532, 14819]",1,"[1, 106, 50]",106,1,True,True,"[1, 1]","He took a slow drag from his cigarette, a faint, knowing-smile playing on his lips.limefinally.
.�
.�
.�
.�
.�
.�
.�
.�
.�
.�
.�
.�
. and smile",True,10227588096,12.326837786997203
152_common_gen_right_not_left_kna_t3,452,2,right_not_left,,3,2,65,9,563,1034326056,common_gen,152,0,common_gen:validation:87,0,9a8c8beb28c31c686a26420caba79cefa745561e597e5048363df23c982926e9,521c7fd9a604b49578762b28b21e9eee2ec826a7c0aceaee05ffb274f8e594b9,success,,512.0,512.0,512.0,False,,model_loaded,18.784200733993202,0.45064662396907806,0.1808959370246157,0.6315425609936938,0.6315425609936938,445,2053,33920,20962629,262144,"{""allowed_count"": 262120, ""expected_count"": 262120, ""missing_expected"": [], ""ok"": true, ""stop_token_ids"": [1, 50, 106], ""unexpected_allowed"": []}",3.434020174026955,xgrammar,2.619340671983082,4.459905665949918,47,65,64,"[818, 44047, 16947, 126928, 699, 506, 1932, 4771, 529, 506, 198813, 4554, 236761, 92617, 236759, 750, 19547, 219622, 59677, 552, 742, 236761, 170826, 236761, 123122, 236761, 4554, 236761, 107, 2717, 107, 818, 44047, 16947, 126928, 699, 506, 1932, 4771, 529, 506, 198813, 4554, 236761, 107, 2717, 107, 16907, 25864, 236772, 135778, 7918, 236787, 669, 2864, 691, 531, 1161, 784, 14485, 528, 808, 532, 1295, 106]","[818, 44047, 16947, 126928, 699, 506, 1932, 4771, 529, 506, 198813, 4554, 236761, 92617, 236759, 750, 19547, 219622, 59677, 552, 742, 236761, 170826, 236761, 123122, 236761, 4554, 236761, 107, 2717, 107, 818, 44047, 16947, 126928, 699, 506, 1932, 4771, 529, 506, 198813, 4554, 236761, 107, 2717, 107, 16907, 25864, 236772, 135778, 7918, 236787, 669, 2864, 691, 531, 1161, 784, 14485, 528, 808, 532, 1295]",1,"[1, 106, 50]",106,1,True,True,"[2, 2, 1]","The cigarette smoke drifted from the open window of the idlingcar.electedgireshaгитеagainstacable.smoke.cigarette.car.
```
The cigarette smoke drifted from the open window of the idlingcar.
```
*(Self-Correction Note: The request was to use all concepts in * and car",True,10227803136,12.47337109502405
153_common_gen_right_not_left_kna_t4,453,3,right_not_left,,4,2,65,11,688,625321808,common_gen,153,0,common_gen:validation:331,0,4f9e04e1ab2a792d8432a58c3eb5e50f1c7b38d980eaba253f7777e1e55065df,94675d5e42180b0341cd761a50ba8b954fed231c10cce4a7558030174954300a,success,,512.0,512.0,512.0,False,,model_loaded,19.030928432010114,0.4860804089694284,0.24247564701363444,0.7285560559830628,0.7285560559830628,571,3171,52105,37056990,262144,"{""allowed_count"": 262120, ""expected_count"": 262120, ""missing_expected"": [], ""ok"": true, ""stop_token_ids"": [1, 50, 106], ""unexpected_allowed"": []}",3.318182189948857,xgrammar,2.7449794270214625,4.424299267004244,50,65,64,"[236777, 5934, 528, 506, 21154, 531, 7562, 1041, 1295, 236761, 235315, 13315, 236761, 107, 107, 22515, 580, 822, 2864, 236764, 1590, 563, 506, 3161, 236764, 2822, 236764, 3756, 236764, 40137, 5422, 13315, 1699, 784, 506, 14485, 236787, 108, 236777, 5934, 528, 506, 21154, 531, 7562, 1041, 1295, 236761, 236743, 107, 236769, 135778, 236787, 669, 20412, 623, 13048, 10484, 13315, 236775, 563, 9203, 532, 981, 106]","[236777, 5934, 528, 506, 21154, 531, 7562, 1041, 1295, 236761, 235315, 13315, 236761, 107, 107, 22515, 580, 822, 2864, 236764, 1590, 563, 506, 3161, 236764, 2822, 236764, 3756, 236764, 40137, 5422, 13315, 1699, 784, 506, 14485, 236787, 108, 236777, 5934, 528, 506, 21154, 531, 7562, 1041, 1295, 236761, 236743, 107, 236769, 135778, 236787, 669, 20412, 623, 13048, 10484, 13315, 236775, 563, 9203, 532, 981]",1,"[1, 106, 50]",106,1,True,True,"[1, 2, 2, 2]","I worked in the garage to fix my car. полную sentence.

Based on your request, here is the single, short, natural, coherent English sentence using all the concepts:

I worked in the garage to fix my car. 
(Correction: The phrase ""полную sentence"" is Russian and work",True,10228018688,12.563313662016299
154_common_gen_right_not_left_kna_t5,454,4,right_not_left,,5,2,65,13,813,1604733787,common_gen,154,0,common_gen:validation:330,0,88aa28a20369822e5360f495c72b946a89ab52574b9da401c513f5491e7fb6b2,eecdadda1bd24670d093a274eaececd14dcdc64b4216fd1d4f7ad2c0f3576f67,success,,512.0,512.0,512.0,False,,model_loaded,19.090072438004427,0.45588235097238794,0.30563217599410564,0.7615145269664936,0.7615145269664936,697,4537,74472,59006779,262144,"{""allowed_count"": 262120, ""expected_count"": 262120, ""missing_expected"": [], ""ok"": true, ""stop_token_ids"": [1, 50, 106], ""unexpected_allowed"": []}",3.4838539859629236,xgrammar,2.6851182089885697,4.377814365027007,53,65,64,"[236777, 1456, 506, 17588, 531, 4682, 506, 5385, 600, 691, 6861, 54001, 236761, 116351, 563, 496, 3495, 528, 14929, 236761, 17574, 564, 3914, 4903, 496, 13315, 573, 611, 837, 6178, 784, 529, 1724, 4171, 532, 3590, 5113, 236764, 564, 795, 2847, 496, 65373, 1805, 4338, 532, 40137, 13315, 40825, 506, 15633, 14485, 236787, 564, 1456, 506, 17588, 531, 4682, 506, 5385, 600, 691, 12956, 106]","[236777, 1456, 506, 17588, 531, 4682, 506, 5385, 600, 691, 6861, 54001, 236761, 116351, 563, 496, 3495, 528, 14929, 236761, 17574, 564, 3914, 4903, 496, 13315, 573, 611, 837, 6178, 784, 529, 1724, 4171, 532, 3590, 5113, 236764, 564, 795, 2847, 496, 65373, 1805, 4338, 532, 40137, 13315, 40825, 506, 15633, 14485, 236787, 564, 1456, 506, 17588, 531, 4682, 506, 5385, 600, 691, 12956]",1,"[1, 106, 50]",106,1,True,True,"[2, 2, 2, 1, 2]","I used the pole to catch the fish that was finally hooked.PropertyChanged is a concept in programming.Because I cannot write a sentence for you which uses all of those words and makes sense, I will provide a grammatically correct and coherent sentence incorporating the requested concepts: I used the pole to catch the fish that was caught",True,10228233728,12.61212369200075
155_common_gen_right_not_left_kna_t6,455,5,right_not_left,,6,2,65,15,938,1851511355,common_gen,155,0,common_gen:validation:235,0,8fc823f01084501f10ad574eaea390bd4df6edf10026eaeab420d3553b68ef4a,89c910f4d52eb69dbbab15b61016e15cd8926dd5d1a7a48e0b3fb09dc0257560,success,,512.0,512.0,512.0,False,,model_loaded,22.928646596032195,0.46227407502010465,0.3764542699791491,0.8387283449992537,0.8387283449992537,823,6151,100773,87555996,262144,"{""allowed_count"": 262120, ""expected_count"": 262120, ""missing_expected"": [], ""ok"": true, ""stop_token_ids"": [1, 50, 106], ""unexpected_allowed"": []}",3.3495633069542237,xgrammar,2.7906746579683386,4.44789326103637,56,65,64,"[818, 15924, 236789, 236751, 5324, 49048, 1660, 496, 2905, 573, 2005, 34031, 236761, 236743, 107, 2717, 96831, 107, 2717, 107, 2717, 107, 2717, 107, 2717, 107, 2717, 107, 2717, 107, 2717, 107, 2717, 107, 2717, 107, 2717, 107, 2717, 107, 2717, 107, 2717, 107, 2717, 107, 2717, 107, 2717, 107, 2717, 107, 2717, 107, 2717, 107, 2717, 107, 2717, 107, 2717, 107, 532, 7562, 106]","[818, 15924, 236789, 236751, 5324, 49048, 1660, 496, 2905, 573, 2005, 34031, 236761, 236743, 107, 2717, 96831, 107, 2717, 107, 2717, 107, 2717, 107, 2717, 107, 2717, 107, 2717, 107, 2717, 107, 2717, 107, 2717, 107, 2717, 107, 2717, 107, 2717, 107, 2717, 107, 2717, 107, 2717, 107, 2717, 107, 2717, 107, 2717, 107, 2717, 107, 2717, 107, 2717, 107, 2717, 107, 532, 7562]",1,"[1, 106, 50]",106,1,True,True,"[1, 1, 1, 1, 1, 1]","The lady's hair fixes require a comb for proper fixing. 
``` منصوب
```
```
```
```
```
```
```
```
```
```
```
```
```
```
```
```
```
```
```
```
```
```
 and fix",True,10228448768,12.74003864399856
156_common_gen_right_not_left_kna_t7,456,6,right_not_left,,7,2,65,17,1063,1366285325,common_gen,156,0,common_gen:validation:13,0,45107f3cd09a35cbb0e5df55a3644a2d066efebd3bb8624027e265bf589af8cd,5cb3d9a9503c8fc95ee9e8bbe68e387a286940737586c69efd4d39f496de2f3f,success,,512.0,512.0,512.0,False,,model_loaded,19.950236745993607,0.47753219096921384,0.45291898801224306,0.9304511789814569,0.9304511789814569,949,8013,131008,123448641,262144,"{""allowed_count"": 262120, ""expected_count"": 262120, ""missing_expected"": [], ""ok"": true, ""stop_token_ids"": [1, 50, 106], ""unexpected_allowed"": []}",3.336274767003488,xgrammar,2.746882086037658,4.456446076976135,59,65,64,"[236777, 6976, 855, 506, 4771, 236764, 10685, 506, 7613, 3798, 236761, 151320, 1868, 4850, 236761, 107, 107, 177906, 25864, 236772, 135778, 2721, 580, 10346, 21183, 16823, 1473, 1018, 669, 11172, 7087, 808, 236746, 3161, 13315, 236829, 1699, 808, 712, 236829, 14485, 14769, 236761, 669, 3527, 5686, 691, 2311, 3996, 653, 15914, 236761, 108, 8291, 563, 506, 32107, 236764, 3161, 236764, 3756, 13315, 532, 1385, 106]","[236777, 6976, 855, 506, 4771, 236764, 10685, 506, 7613, 3798, 236761, 151320, 1868, 4850, 236761, 107, 107, 177906, 25864, 236772, 135778, 2721, 580, 10346, 21183, 16823, 1473, 1018, 669, 11172, 7087, 808, 236746, 3161, 13315, 236829, 1699, 808, 712, 236829, 14485, 14769, 236761, 669, 3527, 5686, 691, 2311, 3996, 653, 15914, 236761, 108, 8291, 563, 506, 32107, 236764, 3161, 236764, 3756, 13315, 532, 1385]",1,"[1, 106, 50]",106,1,True,True,"[1, 0, 1, 1, 1, 1, 1]","I looked out the window, watching the snow fall. विनय post itself.

**(Self-Correction based on strict constraint interpretation):** The prompt requires *a single sentence* using *all* concepts naturally. The previous attempt was too complex or separated.

Here is the corrected, single, natural sentence and look",True,10228663808,12.803647699009161
157_common_gen_right_not_left_kna_t8,457,7,right_not_left,,8,2,65,19,1188,867788967,common_gen,157,0,common_gen:validation:344,0,48d7959106789e5ef823fd69bfa3bcf9fc44c4b032034b3158f521289091eefa,d4c947195596b446de7683840df142b54bfee65377d27231af491f19da41a561,success,,512.0,512.0,512.0,False,,model_loaded,17.289837677031755,0.4966605969821103,0.5350285750464536,1.031689172028564,1.031689172028564,1075,10123,165177,167428714,262144,"{""allowed_count"": 262120, ""expected_count"": 262120, ""missing_expected"": [], ""ok"": true, ""stop_token_ids"": [1, 50, 106], ""unexpected_allowed"": []}",3.372434177028481,xgrammar,2.643490294984076,2.068598543002736,65,19,18,"[818, 4251, 4054, 5004, 506, 18660, 4155, 8363, 117644, 532, 3939, 573, 506, 3697, 1076, 529, 117644, 236761, 106]","[818, 4251, 4054, 5004, 506, 18660, 4155, 8363, 117644, 532, 3939, 573, 506, 3697, 1076, 529, 117644, 236761]",1,"[1, 106, 50]",106,1,True,False,"[1, 1, 0, 1, 1, 2, 0, 1]",The entire court saw the basketball player shoot hoops and went for the whole set of hoops.,True,10229054976,10.40904221101664
158_common_gen_right_not_left_kna_t9,458,8,right_not_left,,9,2,65,21,1313,1994658488,common_gen,158,0,common_gen:validation:193,0,33e41661855969baeb83429aa597f25dc06c4a495068fd40269ca72f716727fe,732eb1514b5645ed7fc003da4e66afb51142a01a6bb972899e985f3f125b2712,success,,512.0,512.0,512.0,False,,model_loaded,19.60480141901644,0.4897085159900598,0.6204223569948226,1.1101308729848824,1.1101308729848824,1201,12481,204459,220240215,262144,"{""allowed_count"": 262120, ""expected_count"": 262120, ""missing_expected"": [], ""ok"": true, ""stop_token_ids"": [1, 50, 106], ""unexpected_allowed"": []}",3.450527345004957,xgrammar,2.6451933999778703,4.3663063799613155,65,65,64,"[818, 2678, 1298, 3496, 28120, 506, 20160, 11747, 607, 506, 4299, 1308, 506, 9160, 236761, 236743, 107, 16616, 236787, 2678, 236764, 4299, 236764, 6184, 236764, 20160, 236764, 27553, 236764, 9160, 236764, 219765, 236764, 3496, 236764, 11747, 236761, 236743, 107, 3165, 236787, 236743, 107, 236743, 107, 77240, 236787, 669, 13315, 563, 35886, 40137, 840, 496, 3103, 38875, 2779, 531, 506, 27979, 20773, 529, 532, 9174, 106]","[818, 2678, 1298, 3496, 28120, 506, 20160, 11747, 607, 506, 4299, 1308, 506, 9160, 236761, 236743, 107, 16616, 236787, 2678, 236764, 4299, 236764, 6184, 236764, 20160, 236764, 27553, 236764, 9160, 236764, 219765, 236764, 3496, 236764, 11747, 236761, 236743, 107, 3165, 236787, 236743, 107, 236743, 107, 77240, 236787, 669, 13315, 563, 35886, 40137, 840, 496, 3103, 38875, 2779, 531, 506, 27979, 20773, 529, 532, 9174]",1,"[1, 106, 50]",106,1,True,True,"[2, 2, 1, 2, 1, 2, 1, 2, 2]","The side where others threw the balls turns with the ball after the throws. 
 tags: side, ball, throw, balls, throwing, throws, typographic, others, turns. 
 error: 
 
 Correction: The sentence is technically coherent but a bit awkward due to the mandatory inclusion of and sides",True,10229097472,12.872907802986447
159_common_gen_right_not_left_kna_t10,459,9,right_not_left,,10,2,65,23,1438,463148287,common_gen,159,0,common_gen:validation:834,0,40e9b1c58f9a0826b2448f44b9c9281cddb42a54cb0edb799a073b90792c111c,8f59d8bb98d696621112ac61af50287fe2aea72aa6e2fe572a7c3e05c71b1f79,success,,512.0,512.0,512.0,False,,model_loaded,20.272359872993547,0.49749618401983753,0.7159713730216026,1.2134675570414402,1.2134675570414402,1327,15087,247933,282627144,262144,"{""allowed_count"": 262120, ""expected_count"": 262120, ""missing_expected"": [], ""ok"": true, ""stop_token_ids"": [1, 50, 106], ""unexpected_allowed"": []}",3.8008786360151134,xgrammar,2.581140939029865,4.487902947003022,70,65,64,"[818, 6214, 964, 27553, 496, 17330, 529, 20160, 236764, 4710, 528, 506, 2135, 1651, 27553, 506, 4299, 236761, 183396, 3141, 768, 611, 1202, 496, 1607, 20622, 236761, 107, 10934, 18844, 3540, 4403, 236761, 107, 1018, 109627, 532, 919, 40137, 5086, 53121, 669, 6214, 964, 4710, 528, 506, 2135, 236764, 27553, 496, 17330, 529, 20160, 236764, 532, 27553, 506, 4299, 236761, 568, 2094, 563, 9989, 106]","[818, 6214, 964, 27553, 496, 17330, 529, 20160, 236764, 4710, 528, 506, 2135, 1651, 27553, 506, 4299, 236761, 183396, 3141, 768, 611, 1202, 496, 1607, 20622, 236761, 107, 10934, 18844, 3540, 4403, 236761, 107, 1018, 109627, 532, 919, 40137, 5086, 53121, 669, 6214, 964, 4710, 528, 506, 2135, 236764, 27553, 496, 17330, 529, 20160, 236764, 532, 27553, 506, 4299, 236761, 568, 2094, 563, 9989]",1,"[1, 106, 50]",106,1,True,True,"[2, 0, 1, 2, 2, 0, 2, 4, 2, 2]","The kids were throwing a bunch of balls, running in the field while throwing the ball. ધ્યાન individual if you need a different emphasis.
success synthesis review context.
**Revised and more coherent option:** The kids were running in the field, throwing a bunch of balls, and throwing the ball. (This is kid",True,10229949952,13.37605540099321
160_common_gen_right_not_left_kna_t11,460,10,right_not_left,,11,2,65,25,1563,520143440,common_gen,160,0,common_gen:validation:516,0,66f59f7ec78c8f8969a78f3005a4d849b547232559c7d218c86b670b8bf07768,2905d78fdf5e433646569fad34a4083e17b111b7399d8f44d02e55c81c5cbeed,success,,512.0,512.0,512.0,False,,model_loaded,17.90925755799981,0.5244030930334702,0.8242500749765895,1.3486531680100597,1.3486531680100597,1453,17941,295519,355333501,262144,"{""allowed_count"": 262120, ""expected_count"": 262120, ""missing_expected"": [], ""ok"": true, ""stop_token_ids"": [1, 50, 106], ""unexpected_allowed"": []}",3.414448474009987,xgrammar,2.6803133019711822,2.397357467969414,74,25,24,"[90981, 236764, 564, 10763, 531, 2198, 4252, 1651, 31342, 506, 18710, 236764, 532, 564, 37570, 531, 506, 1694, 529, 18710, 600, 564, 32340, 236761, 106]","[90981, 236764, 564, 10763, 531, 2198, 4252, 1651, 31342, 506, 18710, 236764, 532, 564, 37570, 531, 506, 1694, 529, 18710, 600, 564, 32340, 236761]",1,"[1, 106, 50]",106,1,True,False,"[1, 0, 0, 1, 1, 2, 1, 1, 1, 0, 0]","Often, I listen to pop music while lifting the weights, and I listened to the list of weights that I lifted.",True,10230667776,11.178928456036374
161_common_gen_right_not_left_kna_t12,461,11,right_not_left,,12,2,65,27,1688,964103042,common_gen,161,0,common_gen:validation:56,0,b2f12dd4d34ed0ba23a289b2fdc6c4ca320d7e4bb6b46a3ba629d1876270c136,ccbfd0671fce4b59d020aafc226769b9b25aeab4adc2c5dded0402332d7bb078,success,,512.0,512.0,512.0,False,,model_loaded,20.122150537965354,0.5360312460106798,0.9290132439928129,1.4650444900034927,1.4650444900034927,1579,21043,347287,439103286,262144,"{""allowed_count"": 262120, ""expected_count"": 262120, ""missing_expected"": [], ""ok"": true, ""stop_token_ids"": [1, 50, 106], ""unexpected_allowed"": []}",3.3561731899972074,xgrammar,2.694904203992337,4.407318049983587,75,65,64,"[818, 6938, 19061, 506, 4628, 2768, 914, 1526, 1651, 914, 21367, 19061, 496, 13582, 67163, 3418, 914, 4916, 236761, 107, 75169, 236761, 107, 236769, 25864, 236772, 154858, 236787, 669, 14787, 15633, 808, 161617, 886, 236829, 13315, 1699, 808, 712, 236829, 14485, 236764, 3043, 625, 496, 8319, 573, 3756, 2727, 236761, 669, 4068, 5686, 563, 65373, 1805, 81547, 840, 5132, 784, 4820, 2907, 532, 4526, 106]","[818, 6938, 19061, 506, 4628, 2768, 914, 1526, 1651, 914, 21367, 19061, 496, 13582, 67163, 3418, 914, 4916, 236761, 107, 75169, 236761, 107, 236769, 25864, 236772, 154858, 236787, 669, 14787, 15633, 808, 161617, 886, 236829, 13315, 1699, 808, 712, 236829, 14485, 236764, 3043, 625, 496, 8319, 573, 3756, 2727, 236761, 669, 4068, 5686, 563, 65373, 1805, 81547, 840, 5132, 784, 4820, 2907, 532, 4526]",1,"[1, 106, 50]",106,1,True,True,"[1, 1, 1, 1, 1, 2, 1, 0, 1, 0, 1, 1]","The boy watched the couple hold his hand while his fingers watched a bug crawl across his hands.
 guardar.
(Self-correction: The instruction requested *exactly one* sentence using *all* concepts, making it a challenge for natural flow. The initial attempt is grammatically strained but includes all elements.) and watch",True,10230846976,13.360486113990191
162_common_gen_right_not_left_kna_t13,462,12,right_not_left,,13,2,65,29,1813,1708088686,common_gen,162,0,common_gen:validation:649,0,a60878228377be1a2a4818dd82611f43f2f9bf49aec8b99f943385a4646d0055,8d099d6f9e98dbcc4862cb8bae40edfae273a41817a284ca0a05418382dec729,success,,512.0,512.0,512.0,False,,model_loaded,20.187749774951953,0.5308337319875136,1.0531655619852245,1.583999293972738,1.583999293972738,1705,24393,403237,534680499,262144,"{""allowed_count"": 262120, ""expected_count"": 262120, ""missing_expected"": [], ""ok"": true, ""stop_token_ids"": [1, 50, 106], ""unexpected_allowed"": []}",3.387594356026966,xgrammar,2.624542695004493,4.433848247048445,79,65,64,"[818, 96171, 236789, 236751, 9048, 6208, 506, 96108, 531, 6267, 506, 5324, 1063, 1308, 496, 26037, 15066, 528, 506, 30256, 236764, 23725, 506, 4430, 1884, 236761, 236743, 107, 236769, 10282, 236787, 564, 1053, 531, 1161, 623, 125560, 236775, 532, 623, 75908, 236775, 528, 496, 1595, 600, 19009, 4403, 1755, 236764, 532, 564, 1053, 531, 3204, 784, 3149, 4171, 236764, 837, 3590, 506, 13315, 15026, 106]","[818, 96171, 236789, 236751, 9048, 6208, 506, 96108, 531, 6267, 506, 5324, 1063, 1308, 496, 26037, 15066, 528, 506, 30256, 236764, 23725, 506, 4430, 1884, 236761, 236743, 107, 236769, 10282, 236787, 564, 1053, 531, 1161, 623, 125560, 236775, 532, 623, 75908, 236775, 528, 496, 1595, 600, 19009, 4403, 1755, 236764, 532, 564, 1053, 531, 3204, 784, 3149, 4171, 236764, 837, 3590, 506, 13315, 15026]",1,"[1, 106, 50]",106,1,True,True,"[0, 1, 1, 1, 1, 0, 1, 1, 1, 0, 1, 1, 1]","The barber's chair allowed the stylist to lay the hair back after a relaxing wash in the salon, letting the client rest. 
(Note: I had to use ""lays"" and ""laid"" in a way that fits contextually, and I had to include all required words, which makes the sentence laid",True,10231567872,13.368392099975608
163_common_gen_right_not_left_kna_t14,463,13,right_not_left,,14,2,65,31,1938,246571988,common_gen,163,0,common_gen:validation:639,0,9b83d4770b9ed1bc19c4974ba12a88f33320db545290f5f5ddc389c535d43bb7,2d32aff00979d2a4609c4c06580e81bdf20136f3959920cc906403422f84a89c,success,,512.0,512.0,512.0,False,,model_loaded,18.81968576600775,0.536127703031525,1.15880982397357,1.694937527005095,1.694937527005095,1831,27991,463369,642809140,262144,"{""allowed_count"": 262120, ""expected_count"": 262120, ""missing_expected"": [], ""ok"": true, ""stop_token_ids"": [1, 50, 106], ""unexpected_allowed"": []}",3.4037412260076962,xgrammar,2.5787038289709017,2.840603486984037,81,34,33,"[818, 6376, 1635, 11881, 6208, 506, 15678, 531, 1975, 532, 4526, 506, 36342, 36718, 12847, 15668, 6984, 580, 506, 3645, 5552, 236764, 1298, 48663, 15575, 3273, 699, 506, 9998, 236789, 236751, 92260, 236761, 106]","[818, 6376, 1635, 11881, 6208, 506, 15678, 531, 1975, 532, 4526, 506, 36342, 36718, 12847, 15668, 6984, 580, 506, 3645, 5552, 236764, 1298, 48663, 15575, 3273, 699, 506, 9998, 236789, 236751, 92260, 236761]",1,"[1, 106, 50]",106,1,True,False,"[1, 1, 1, 0, 1, 1, 1, 1, 1, 0, 0, 1, 1, 1]","The daily bus ride allowed the crowd to stand and watch the energetic belly dance routine performed on the front stage, where performers earned money from the audience's applause.",True,10231928832,11.81954549497459
164_common_gen_right_not_left_kna_t15,464,14,right_not_left,,15,2,65,33,2063,1259191692,common_gen,164,0,common_gen:validation:928,0,771ee37d29acbd878e356ac0c7a5480c46e951f9d6fc02ff0a7cf57a77197500,82a8ddf3bc4baa9b4107cb242e4f4b34a311e9b9838a0c4689273c5a9d904e99,success,,512.0,512.0,512.0,False,,model_loaded,18.42797498498112,0.5582379309926182,1.2957312400103547,1.8539691710029729,1.8539691710029729,1957,31837,527683,764233209,262144,"{""allowed_count"": 262120, ""expected_count"": 262120, ""missing_expected"": [], ""ok"": true, ""stop_token_ids"": [1, 50, 106], ""unexpected_allowed"": []}",3.5106739989714697,xgrammar,2.4848444939707406,2.750056974007748,86,31,30,"[818, 15298, 60592, 16226, 529, 45869, 1698, 699, 506, 2433, 236764, 6178, 506, 5464, 531, 6196, 31773, 236764, 532, 506, 4762, 6178, 506, 3273, 531, 6739, 506, 3028, 16226, 236761, 106]","[818, 15298, 60592, 16226, 529, 45869, 1698, 699, 506, 2433, 236764, 6178, 506, 5464, 531, 6196, 31773, 236764, 532, 506, 4762, 6178, 506, 3273, 531, 6739, 506, 3028, 16226, 236761]",1,"[1, 106, 50]",106,1,True,False,"[0, 1, 1, 0, 1, 1, 1, 1, 1, 2, 1, 0, 1, 1, 2]","The worker collects bags of harvested product from the area, uses the machine to collect recycling, and the store uses the money to sell the done bags.",True,10232832000,11.95152858295478
165_common_gen_right_not_left_kna_t16,465,15,right_not_left,,16,2,65,35,2188,35710196,common_gen,165,0,common_gen:validation:799,0,83a342c8e6d4c6de0c05b7cd4e1c43f54a93ff350d2adcb3d70e1552ac6c37a2,89879f3776f0779220545d1eb0e841bee9985983190a5f3478157d4bac0eeba0,success,,512.0,512.0,512.0,False,,model_loaded,20.832404818967916,0.5764064890099689,1.4309271080419421,2.007333597051911,2.007333597051911,2083,35931,596179,899696706,262144,"{""allowed_count"": 262120, ""expected_count"": 262120, ""missing_expected"": [], ""ok"": true, ""stop_token_ids"": [1, 50, 106], ""unexpected_allowed"": []}",3.8021003719768487,xgrammar,2.617485265014693,4.41065992199583,88,65,64,"[818, 2290, 13650, 5132, 2269, 4287, 62030, 10772, 236764, 1298, 506, 1548, 529, 35381, 6641, 506, 30123, 2246, 600, 5132, 506, 15017, 529, 506, 2269, 1441, 236761, 236743, 107, 107, 16907, 25864, 236772, 135778, 236786, 7166, 29357, 1913, 3305, 1657, 236787, 669, 15633, 8376, 529, 14485, 563, 8573, 165686, 236761, 564, 19275, 531, 72146, 1091, 3075, 1131, 496, 3161, 236764, 65373, 1805, 532, 1500, 106]","[818, 2290, 13650, 5132, 2269, 4287, 62030, 10772, 236764, 1298, 506, 1548, 529, 35381, 6641, 506, 30123, 2246, 600, 5132, 506, 15017, 529, 506, 2269, 1441, 236761, 236743, 107, 107, 16907, 25864, 236772, 135778, 236786, 7166, 29357, 1913, 3305, 1657, 236787, 669, 15633, 8376, 529, 14485, 563, 8573, 165686, 236761, 564, 19275, 531, 72146, 1091, 3075, 1131, 496, 3161, 236764, 65373, 1805, 532, 1500]",1,"[1, 106, 50]",106,1,True,True,"[1, 1, 1, 1, 1, 1, 1, 1, 0, 1, 1, 0, 1, 2, 2, 1]","The game clip includes following bad tackling plays, where the number of clips followed the hockey call that includes the graphic of the following play. 

*(Self-Correction/Refinement during thought process: The requested combination of concepts is extremely convoluted. I aimed to weave them together into a single, grammatically and follow",True,10233193472,14.153132801002357
150_common_gen_right_not_left_kna_t1_rep1,466,0,right_not_left,,1,2,65,4,313,806123932,common_gen,150,1,common_gen:validation:103,0,50dafea3195c648e18b94cf85e7c3a5ff1760e49d727b679bfa9eb317d3e05ca,b0cb3d27bc765c3b41ed1ef40e79c086dae831f8d2da1cce18175d063df041ee,success,,512.0,512.0,512.0,False,,model_loaded,18.813628030999098,0.4418179799686186,0.07512452098308131,0.5169425009516999,0.5169425009516999,193,561,9480,3361714,262144,"{""allowed_count"": 262119, ""expected_count"": 262119, ""missing_expected"": [], ""ok"": true, ""stop_token_ids"": [1, 50, 106], ""unexpected_allowed"": []}",3.3431786910514347,xgrammar,2.617946620041039,4.425455672957469,41,65,64,"[5778, 82701, 1116, 81994, 16128, 7972, 57688, 236761, 92240, 107, 643, 236761, 107, 175121, 237463, 238355, 125632, 237409, 236924, 107, 2094, 13315, 6178, 623, 4240, 236775, 532, 563, 3756, 236761, 1637, 611, 1202, 2264, 886, 653, 735, 1032, 15166, 236764, 1531, 786, 1281, 236888, 107, 70517, 236787, 15642, 7121, 886, 2822, 236764, 3756, 236764, 40137, 5422, 13315, 600, 6178, 784, 529, 506, 2269, 1526, 106]","[5778, 82701, 1116, 81994, 16128, 7972, 57688, 236761, 92240, 107, 643, 236761, 107, 175121, 237463, 238355, 125632, 237409, 236924, 107, 2094, 13315, 6178, 623, 4240, 236775, 532, 563, 3756, 236761, 1637, 611, 1202, 2264, 886, 653, 735, 1032, 15166, 236764, 1531, 786, 1281, 236888, 107, 70517, 236787, 15642, 7121, 886, 2822, 236764, 3756, 236764, 40137, 5422, 13315, 600, 6178, 784, 529, 506, 2269, 1526]",1,"[1, 106, 50]",106,1,True,True,[1],"She waved her brightly colored garden glove. टाइम्स
end.
提高了手眼协调性。
This sentence uses ""hand"" and is natural. If you need another one or have other constraints, let me know!
Prompt: Write exactly one short, natural, coherent English sentence that uses all of the following hand",True,10227373056,12.204273407987785
151_common_gen_right_not_left_kna_t2_rep1,467,1,right_not_left,,2,2,65,7,438,1806795738,common_gen,151,1,common_gen:validation:986,0,d07cd11a9f31c75f7fef450c2b2b790fb2ab77703891147e772c53673a1d9791,00dbf9886144029d66d8f71de4f4184ee0cfb33e37785cee02c030535c593494,success,,512.0,512.0,512.0,False,,model_loaded,23.534843196044676,0.47375603002728894,0.12539843999547884,0.5991544700227678,0.5991544700227678,319,1183,19857,9979696,262144,"{""allowed_count"": 262120, ""expected_count"": 262120, ""missing_expected"": [], ""ok"": true, ""stop_token_ids"": [1, 50, 106], ""unexpected_allowed"": []}",3.497869257000275,xgrammar,2.7544656969839707,4.506287062016781,44,65,64,"[5778, 795, 3944, 506, 1791, 13294, 573, 506, 3944, 3991, 20564, 236761, 34937, 26562, 3944, 71133, 1386, 784, 506, 4954, 236761, 236743, 107, 236769, 25864, 236772, 154858, 236787, 669, 2787, 563, 1156, 23974, 236761, 3792, 236789, 236751, 2056, 573, 886, 2907, 108, 5778, 795, 3944, 580, 506, 861, 21076, 3944, 3991, 236761, 236743, 107, 236769, 25864, 236772, 154858, 236787, 62420, 623, 3991, 532, 1903, 106]","[5778, 795, 3944, 506, 1791, 13294, 573, 506, 3944, 3991, 20564, 236761, 34937, 26562, 3944, 71133, 1386, 784, 506, 4954, 236761, 236743, 107, 236769, 25864, 236772, 154858, 236787, 669, 2787, 563, 1156, 23974, 236761, 3792, 236789, 236751, 2056, 573, 886, 2907, 108, 5778, 795, 3944, 580, 506, 861, 21076, 3944, 3991, 236761, 236743, 107, 236769, 25864, 236772, 154858, 236787, 62420, 623, 3991, 532, 1903]",1,"[1, 106, 50]",106,1,True,True,"[5, 1]","She will cook the best meal for the cooktop tonight. Diligent cooktops make all the difference. 
(Self-correction: The above is two sentences. Let's try for one.)

She will cook on the new induction cooktop. 
(Self-correction: Missing ""top and top",True,10227588096,12.719069370999932
152_common_gen_right_not_left_kna_t3_rep1,468,2,right_not_left,,3,2,65,9,563,1715798320,common_gen,152,1,common_gen:validation:966,0,14a7494d0df5e063020aa155984b0c4003f2b3aaced833dd1d876a96c6823895,a8b606b6966bac29a1108a2484cbefec3479974d49496d1d6ed58840ae4aa9eb,success,,512.0,512.0,512.0,False,,model_loaded,19.81068808096461,0.49647188402013853,0.18002785899443552,0.676499743014574,0.676499743014574,445,2053,33920,20962629,262144,"{""allowed_count"": 262120, ""expected_count"": 262120, ""missing_expected"": [], ""ok"": true, ""stop_token_ids"": [1, 50, 106], ""unexpected_allowed"": []}",3.4640691810054705,xgrammar,2.6716014409903437,4.492372308042832,47,65,64,"[818, 38073, 42058, 506, 1902, 236764, 14260, 506, 4187, 531, 152114, 236761, 236743, 107, 65315, 236761, 107, 236743, 107, 236743, 107, 236743, 107, 236743, 107, 236743, 107, 236743, 107, 236743, 107, 236743, 107, 236743, 107, 236743, 107, 236743, 107, 236743, 107, 236743, 107, 236743, 107, 236743, 107, 236743, 107, 236743, 107, 236743, 107, 236743, 107, 236743, 107, 236743, 107, 236743, 107, 236743, 532, 31716, 106]","[818, 38073, 42058, 506, 1902, 236764, 14260, 506, 4187, 531, 152114, 236761, 236743, 107, 65315, 236761, 107, 236743, 107, 236743, 107, 236743, 107, 236743, 107, 236743, 107, 236743, 107, 236743, 107, 236743, 107, 236743, 107, 236743, 107, 236743, 107, 236743, 107, 236743, 107, 236743, 107, 236743, 107, 236743, 107, 236743, 107, 236743, 107, 236743, 107, 236743, 107, 236743, 107, 236743, 107, 236743, 532, 31716]",1,"[1, 106, 50]",106,1,True,True,"[1, 1, 1]","The earthquake shook the world, causing the map to tremble. 
வர்களுக்கு.
 
 
 
 
 
 
 
 
 
 
 
 
 
 
 
 
 
 
 
 
 
 
  and shake",True,10227803136,12.626668757002335
153_common_gen_right_not_left_kna_t4_rep1,469,3,right_not_left,,4,2,65,11,688,1810150347,common_gen,153,1,common_gen:validation:861,0,98e6d6b6b60700c0b1c075c4f41c038a1a026d452b0d3d133df1025cda92e52c,95bde67ae34354f2457e54919bd80a26bbc157a855d968353e30f18c4dc872e8,success,,512.0,512.0,512.0,False,,model_loaded,18.960887092980556,0.45905690803192556,0.24240248097339645,0.701459389005322,0.701459389005322,571,3171,52105,37056990,262144,"{""allowed_count"": 262120, ""expected_count"": 262120, ""missing_expected"": [], ""ok"": true, ""stop_token_ids"": [1, 50, 106], ""unexpected_allowed"": []}",3.3950580789824016,xgrammar,2.6913939510122873,4.390655266994145,50,65,64,"[5778, 1053, 531, 6081, 1116, 47827, 528, 506, 3645, 1651, 1304, 16393, 531, 506, 4762, 236761, 236743, 107, 236743, 107, 236743, 107, 236743, 107, 236743, 107, 236743, 107, 236743, 107, 236743, 107, 236743, 107, 236743, 107, 236743, 107, 236743, 107, 236743, 107, 236743, 107, 236743, 107, 236743, 107, 236743, 107, 236743, 107, 236743, 107, 236743, 107, 236743, 107, 236743, 107, 236743, 107, 532, 3727, 106]","[5778, 1053, 531, 6081, 1116, 47827, 528, 506, 3645, 1651, 1304, 16393, 531, 506, 4762, 236761, 236743, 107, 236743, 107, 236743, 107, 236743, 107, 236743, 107, 236743, 107, 236743, 107, 236743, 107, 236743, 107, 236743, 107, 236743, 107, 236743, 107, 236743, 107, 236743, 107, 236743, 107, 236743, 107, 236743, 107, 236743, 107, 236743, 107, 236743, 107, 236743, 107, 236743, 107, 236743, 107, 532, 3727]",1,"[1, 106, 50]",106,1,True,True,"[1, 1, 1, 1]","She had to carry her purse in the front while she walked to the store. 
 
 
 
 
 
 
 
 
 
 
 
 
 
 
 
 
 
 
 
 
 
 
 and walk",True,10228018688,12.482469918031711
154_common_gen_right_not_left_kna_t5_rep1,470,4,right_not_left,,5,2,65,13,813,1725636772,common_gen,154,1,common_gen:validation:222,0,59e2b428bf51b2ab12937047d9dd5cc1dd3ff69aa0b545950d04dd67b72fcce0,73dc0884b37292f79a17cafc3a2c5acf16180ac9e7f4f42c06b76eabb534974e,success,,512.0,512.0,512.0,False,,model_loaded,18.89848517702194,0.46364835399435833,0.30559112498303875,0.7692394789773971,0.7692394789773971,697,4537,74472,59006779,262144,"{""allowed_count"": 262120, ""expected_count"": 262120, ""missing_expected"": [], ""ok"": true, ""stop_token_ids"": [1, 50, 106], ""unexpected_allowed"": []}",3.3312414580141194,xgrammar,2.6984548380132765,4.366084598994348,53,65,64,"[1882, 1053, 496, 6290, 1719, 18683, 506, 11707, 580, 1023, 33249, 236761, 223346, 107, 107, 4513, 107, 4513, 107, 4513, 107, 4513, 107, 4513, 107, 4513, 107, 4513, 107, 4513, 107, 4513, 107, 4513, 107, 4513, 107, 4513, 107, 4513, 107, 4513, 107, 4513, 107, 4513, 107, 4513, 107, 4513, 107, 4513, 107, 4513, 107, 4513, 107, 4513, 107, 4513, 107, 4513, 532, 11881, 106]","[1882, 1053, 496, 6290, 1719, 18683, 506, 11707, 580, 1023, 33249, 236761, 223346, 107, 107, 4513, 107, 4513, 107, 4513, 107, 4513, 107, 4513, 107, 4513, 107, 4513, 107, 4513, 107, 4513, 107, 4513, 107, 4513, 107, 4513, 107, 4513, 107, 4513, 107, 4513, 107, 4513, 107, 4513, 107, 4513, 107, 4513, 107, 4513, 107, 4513, 107, 4513, 107, 4513, 107, 4513, 532, 11881]",1,"[1, 106, 50]",106,1,True,True,"[1, 0, 1, 1, 1]","We had a nice day riding the waves on our rides.参赛

click
click
click
click
click
click
click
click
click
click
click
click
click
click
click
click
click
click
click
click
click
click
click
click and ride",True,10228233728,12.461762530962005
155_common_gen_right_not_left_kna_t6_rep1,471,5,right_not_left,,6,2,65,15,938,1304672721,common_gen,155,1,common_gen:validation:381,0,b4923b5264a05cb5d75117dcbafe5adbcd094d56539fa7d1b7b715b184ea1d9b,dc98fd15edba05d92b8df6d3defe42ca0454b9029594f7ff39148f2cff264357,success,,512.0,512.0,512.0,False,,model_loaded,17.46376582502853,0.4701803920324892,0.3766072010039352,0.8467875930364244,0.8467875930364244,823,6151,100773,87555996,262144,"{""allowed_count"": 262120, ""expected_count"": 262120, ""missing_expected"": [], ""ok"": true, ""stop_token_ids"": [1, 50, 106], ""unexpected_allowed"": []}",3.5292529789730906,xgrammar,2.7362346010049805,2.255947630968876,57,22,21,"[818, 43430, 16393, 607, 914, 5154, 528, 886, 1526, 532, 4247, 914, 47827, 1651, 10848, 914, 13272, 528, 914, 19067, 236761, 106]","[818, 43430, 16393, 607, 914, 5154, 528, 886, 1526, 532, 4247, 914, 47827, 1651, 10848, 914, 13272, 528, 914, 19067, 236761]",1,"[1, 106, 50]",106,1,True,False,"[0, 0, 1, 1, 1, 0]",The teenager walked with his phone in one hand and held his purse while putting his keys in his pocket.,True,10227624960,10.663473706983496
156_common_gen_right_not_left_kna_t7_rep1,472,6,right_not_left,,7,2,65,17,1063,1847576502,common_gen,156,1,common_gen:validation:467,0,33a267512300bd73db9c7fffe2e86e0e63d40b4465c2b0100b1050555858c3e5,10319240f5f04e16493e9d387f9e2e58cefad7baaeb29b30e758342ec70c2dfa,success,,512.0,512.0,512.0,False,,model_loaded,19.76006736198906,0.5079859100515023,0.4532804260379635,0.9612663360894658,0.9612663360894658,949,8013,131008,123448641,262144,"{""allowed_count"": 262120, ""expected_count"": 262120, ""missing_expected"": [], ""ok"": true, ""stop_token_ids"": [1, 50, 106], ""unexpected_allowed"": []}",3.445060808036942,xgrammar,2.8462939570308663,4.47335942502832,61,65,64,"[818, 15298, 34628, 506, 6413, 1418, 1719, 236764, 12325, 625, 21410, 236761, 51870, 30734, 236761, 2360, 236749, 2700, 743, 236761, 2360, 236842, 107, 236743, 107, 236743, 107, 236743, 107, 236743, 107, 236743, 107, 236743, 107, 236743, 107, 236743, 107, 236743, 107, 236743, 107, 236743, 107, 236743, 107, 236743, 107, 236743, 107, 236743, 107, 236743, 107, 236743, 107, 236743, 107, 236743, 107, 236743, 532, 3980, 106]","[818, 15298, 34628, 506, 6413, 1418, 1719, 236764, 12325, 625, 21410, 236761, 51870, 30734, 236761, 2360, 236749, 2700, 743, 236761, 2360, 236842, 107, 236743, 107, 236743, 107, 236743, 107, 236743, 107, 236743, 107, 236743, 107, 236743, 107, 236743, 107, 236743, 107, 236743, 107, 236743, 107, 236743, 107, 236743, 107, 236743, 107, 236743, 107, 236743, 107, 236743, 107, 236743, 107, 236743, 107, 236743, 532, 3980]",1,"[1, 106, 50]",106,1,True,True,"[1, 1, 1, 1, 0, 1, 1]","The worker cleans the floor every day, cleaning it thoroughly. fortement cleaned. ?ncleans. ?]
 
 
 
 
 
 
 
 
 
 
 
 
 
 
 
 
 
 
 
  and clean",True,10228807168,13.048356604005676
157_common_gen_right_not_left_kna_t8_rep1,473,7,right_not_left,,8,2,65,19,1188,323622681,common_gen,157,1,common_gen:validation:377,0,b75c8addf46813c255e17ff7633d621abfc48e7b82a73e0401b793860d9b18b0,2548ba5bec73fa3f7f33ae212e86eafca12d249814c4f3524a7741922f472424,success,,512.0,512.0,512.0,False,,model_loaded,17.50541132100625,0.5514727760455571,0.53633043699665,1.087803213042207,1.087803213042207,1075,10123,165177,167428714,262144,"{""allowed_count"": 262120, ""expected_count"": 262120, ""missing_expected"": [], ""ok"": true, ""stop_token_ids"": [1, 50, 106], ""unexpected_allowed"": []}",3.4910484820138663,xgrammar,2.8028194779763,2.018200593010988,63,17,16,"[818, 1589, 51818, 531, 1845, 236764, 532, 3622, 7759, 236764, 6757, 5508, 573, 506, 7547, 236761, 106]","[818, 1589, 51818, 531, 1845, 236764, 532, 3622, 7759, 236764, 6757, 5508, 573, 506, 7547, 236761]",1,"[1, 106, 50]",106,1,True,False,"[1, 1, 0, 1, 1, 1, 1, 1]","The person prepares to run, and once prepared, gets ready for the race.",True,10228695040,10.709603000956122
158_common_gen_right_not_left_kna_t9_rep1,474,8,right_not_left,,9,2,65,21,1313,1427472718,common_gen,158,1,common_gen:validation:88,0,b7add7482ce511c64419b340415665c31ff4ea450566cbd0faad61dd4f81de7d,cb8e57ed084628f0eedbe10175f4b4533236c78a00e02712c36bba63a9a31723,success,,512.0,512.0,512.0,False,,model_loaded,19.87512672803132,0.4964889889815822,0.6226689179893583,1.1191579069709405,1.1191579069709405,1201,12481,204459,220240215,262144,"{""allowed_count"": 262120, ""expected_count"": 262120, ""missing_expected"": [], ""ok"": true, ""stop_token_ids"": [1, 50, 106], ""unexpected_allowed"": []}",3.471222863998264,xgrammar,2.7004247959703207,4.4355475550401025,65,65,64,"[818, 20000, 15924, 4247, 1116, 12162, 42252, 2101, 1116, 15350, 528, 496, 88259, 16809, 236761, 33783, 236918, 54554, 236787, 669, 20000, 15924, 4247, 1116, 12162, 42252, 2101, 1116, 15350, 528, 496, 88259, 16809, 236761, 568, 25864, 236772, 154858, 236787, 669, 3303, 14485, 964, 236787, 11058, 129486, 827, 623, 13393, 827, 623, 1730, 827, 623, 137463, 827, 623, 3518, 827, 623, 29103, 827, 532, 3774, 106]","[818, 20000, 15924, 4247, 1116, 12162, 42252, 2101, 1116, 15350, 528, 496, 88259, 16809, 236761, 33783, 236918, 54554, 236787, 669, 20000, 15924, 4247, 1116, 12162, 42252, 2101, 1116, 15350, 528, 496, 88259, 16809, 236761, 568, 25864, 236772, 154858, 236787, 669, 3303, 14485, 964, 236787, 11058, 129486, 827, 623, 13393, 827, 623, 1730, 827, 623, 137463, 827, 623, 3518, 827, 623, 29103, 827, 532, 3774]",1,"[1, 106, 50]",106,1,True,True,"[2, 0, 1, 2, 2, 2, 2, 2, 2]","The yoga lady held her arms folded around her chest in a serene pose.质量的sentence: The yoga lady held her arms folded around her chest in a serene pose. (Self-correction: The original concepts were: [""chest"", ""fold"", ""arm"", ""folded"", ""pose"", ""arms"", and arm",True,10229097472,13.016899959009606
159_common_gen_right_not_left_kna_t10_rep1,475,9,right_not_left,,10,2,65,23,1438,280967001,common_gen,159,1,common_gen:validation:705,0,ad73184b94a2cd238510215b9f3d2c67dfddf761e6b7368ed0db581871d24992,03129c79eb3cc0c3b57fdc6fdd4d713c160b64abf553b4df04af7d8ea272aca9,success,,512.0,512.0,512.0,False,,model_loaded,17.80887559102848,0.49408828403102234,0.7180076580261812,1.2120959420572035,1.2120959420572035,1327,15087,247933,282627144,262144,"{""allowed_count"": 262120, ""expected_count"": 262120, ""missing_expected"": [], ""ok"": true, ""stop_token_ids"": [1, 50, 106], ""unexpected_allowed"": []}",3.5712623160216026,xgrammar,2.5624408409930766,2.56921941798646,70,27,26,"[236777, 15690, 506, 7612, 795, 42681, 532, 40890, 531, 1769, 506, 4299, 236764, 18430, 910, 9303, 795, 1531, 1091, 5524, 506, 2490, 580, 1724, 20160, 236761, 106]","[236777, 15690, 506, 7612, 795, 42681, 532, 40890, 531, 1769, 506, 4299, 236764, 18430, 910, 9303, 795, 1531, 1091, 5524, 506, 2490, 580, 1724, 20160, 236761]",1,"[1, 106, 50]",106,1,True,False,"[1, 1, 1, 1, 1, 1, 1, 1, 1, 1]","I suspect the guys will leap and pretend to take the ball, hoping their faith will let them hit the turn on those balls.",True,10229949952,11.293070784013253
160_common_gen_right_not_left_kna_t11_rep1,476,10,right_not_left,,11,2,65,25,1563,119820211,common_gen,160,1,common_gen:validation:371,0,70b416084b757ce482ecc922b67109006367cd0f1ba3b1624f9e4e3ca664d054,50599c4ff7996074233c0e17ad6716bb3d05b712f027af0fd42b6790f54b9993,success,,512.0,512.0,512.0,False,,model_loaded,20.331645742990077,0.5158790809800848,0.8220958330202848,1.3379749140003696,1.3379749140003696,1453,17941,295519,355333501,262144,"{""allowed_count"": 262120, ""expected_count"": 262120, ""missing_expected"": [], ""ok"": true, ""stop_token_ids"": [1, 50, 106], ""unexpected_allowed"": []}",3.4498058520257473,xgrammar,2.664447980001569,4.449728152016178,75,65,64,"[11746, 19319, 684, 506, 13818, 236764, 506, 180115, 7759, 506, 8603, 9097, 573, 43118, 236764, 15656, 83809, 13515, 618, 506, 43118, 83809, 38231, 236761, 236743, 107, 2717, 107, 140, 107, 2717, 107, 140, 107, 2717, 107, 140, 107, 2717, 107, 140, 107, 2717, 107, 140, 107, 2717, 107, 140, 107, 2717, 107, 140, 107, 2717, 107, 140, 107, 2717, 107, 140, 107, 532, 14838, 106]","[11746, 19319, 684, 506, 13818, 236764, 506, 180115, 7759, 506, 8603, 9097, 573, 43118, 236764, 15656, 83809, 13515, 618, 506, 43118, 83809, 38231, 236761, 236743, 107, 2717, 107, 140, 107, 2717, 107, 140, 107, 2717, 107, 140, 107, 2717, 107, 140, 107, 2717, 107, 140, 107, 2717, 107, 140, 107, 2717, 107, 140, 107, 2717, 107, 140, 107, 2717, 107, 140, 107, 532, 14838]",1,"[1, 106, 50]",106,1,True,True,"[0, 0, 1, 2, 0, 2, 1, 1, 0, 1, 1]","Guarded by the gate, the welder prepared the iron pieces for welding, sending sparks flying as the welding sparks flew. 
```
    
```
    
```
    
```
    
```
    
```
    
```
    
```
    
```
    
 and spark",True,10230846976,13.230791668000165
161_common_gen_right_not_left_kna_t12_rep1,477,11,right_not_left,,12,2,65,27,1688,817578808,common_gen,161,1,common_gen:validation:772,0,7bb4e87b0698097959d44559bc61ff62a570f1dc5c0ba2a73e925101516e295d,a5e0696cf17c8fbc1762f55961ad66587f6db7d744da0f5b19ebb2daca2f2652,success,,512.0,512.0,512.0,False,,model_loaded,20.82060932100285,0.6075892290100455,0.9292980569880456,1.536887285998091,1.536887285998091,1579,21043,347287,439103286,262144,"{""allowed_count"": 262120, ""expected_count"": 262120, ""missing_expected"": [], ""ok"": true, ""stop_token_ids"": [1, 50, 106], ""unexpected_allowed"": []}",3.4492303960141726,xgrammar,2.6730370600125752,4.840363404015079,75,65,64,"[818, 12958, 19275, 531, 6184, 7751, 3418, 506, 8858, 1813, 236764, 14260, 1091, 531, 1975, 580, 506, 7377, 1298, 1032, 7751, 15032, 236761, 236743, 107, 72635, 3280, 28179, 51450, 237782, 159924, 95409, 200453, 236761, 236743, 107, 236743, 107, 5213, 135778, 2721, 580, 11172, 15166, 53121, 669, 3527, 13315, 563, 50708, 3996, 532, 8427, 165686, 236764, 4875, 531, 43585, 2311, 1551, 102420, 4820, 1131, 2495, 106]","[818, 12958, 19275, 531, 6184, 7751, 3418, 506, 8858, 1813, 236764, 14260, 1091, 531, 1975, 580, 506, 7377, 1298, 1032, 7751, 15032, 236761, 236743, 107, 72635, 3280, 28179, 51450, 237782, 159924, 95409, 200453, 236761, 236743, 107, 236743, 107, 5213, 135778, 2721, 580, 11172, 15166, 53121, 669, 3527, 13315, 563, 50708, 3996, 532, 8427, 165686, 236764, 4875, 531, 43585, 2311, 1551, 102420, 4820, 1131, 2495]",1,"[1, 106, 50]",106,1,True,True,"[1, 1, 1, 1, 1, 2, 0, 1, 1, 0, 0, 1]","The boys aimed to throw objects across the river water, causing them to stand on the edge where other objects stood. 
 அவைையින් εξውထုတ်လိုက်ပြီ. 
 
 **Correction based on prompt constraints:** The previous sentence is overly complex and slightly convoluted, trying to cram too many disparate elements into object",True,10230846976,13.848860217956826
162_common_gen_right_not_left_kna_t13_rep1,478,12,right_not_left,,13,2,65,29,1813,1303865603,common_gen,162,1,common_gen:validation:123,0,a0610e8d846bdf4771da031d7507054f42dc98220a36885bcddd19981e0a5a36,c8404a6ca8b764c098f129f3c31f3e8b2c231c29b09fe11934b2848c31b76817,success,,512.0,512.0,512.0,False,,model_loaded,20.2297615709831,0.5442863809876144,1.0505282349768095,1.5948146159644239,1.5948146159644239,1705,24393,403237,534680499,262144,"{""allowed_count"": 262120, ""expected_count"": 262120, ""missing_expected"": [], ""ok"": true, ""stop_token_ids"": [1, 50, 106], ""unexpected_allowed"": []}",3.3743663509958424,xgrammar,2.6115467280033045,4.36331024300307,77,65,64,"[818, 9800, 4173, 506, 6214, 1015, 964, 13720, 531, 2178, 528, 910, 17823, 573, 6596, 1913, 506, 1719, 531, 1884, 1651, 8116, 236761, 236743, 107, 62227, 529, 506, 13315, 236787, 669, 9800, 4173, 506, 6214, 1015, 964, 13720, 531, 2178, 528, 910, 17823, 573, 6596, 1913, 506, 1719, 531, 1884, 1651, 8116, 236761, 568, 2094, 563, 496, 3103, 732, 159779, 840, 48110, 532, 9989, 106]","[818, 9800, 4173, 506, 6214, 1015, 964, 13720, 531, 2178, 528, 910, 17823, 573, 6596, 1913, 506, 1719, 531, 1884, 1651, 8116, 236761, 236743, 107, 62227, 529, 506, 13315, 236787, 669, 9800, 4173, 506, 6214, 1015, 964, 13720, 531, 2178, 528, 910, 17823, 573, 6596, 1913, 506, 1719, 531, 1884, 1651, 8116, 236761, 568, 2094, 563, 496, 3103, 732, 159779, 840, 48110, 532, 9989]",1,"[1, 106, 50]",106,1,True,True,"[0, 2, 1, 2, 0, 2, 2, 2, 2, 2, 2, 2, 2]","The teacher told the kids who were assigned to sit in their seats for math during the day to rest while sitting. 
Generation of the sentence: The teacher told the kids who were assigned to sit in their seats for math during the day to rest while sitting. (This is a bit clunky but incorporates and kid",True,10231207424,13.354739273025189
163_common_gen_right_not_left_kna_t14_rep1,479,13,right_not_left,,14,2,65,31,1938,1012729022,common_gen,163,1,common_gen:validation:234,0,320d2404499d414f4bc920e8e6e23569d45051ccea21fadf4ea0ef23cf81b0af,3a12c55f3d32c533ad7bbd2f49b94c226e2f65ca3b01b7b481e53cac868bc18f,success,,512.0,512.0,512.0,False,,model_loaded,18.365383155003656,0.5468724670354277,1.1660167070222087,1.7128891740576364,1.7128891740576364,1831,27991,463369,642809140,262144,"{""allowed_count"": 262120, ""expected_count"": 262120, ""missing_expected"": [], ""ok"": true, ""stop_token_ids"": [1, 50, 106], ""unexpected_allowed"": []}",3.4026104679796845,xgrammar,2.6453795520355925,2.4162523619597778,84,25,24,"[818, 6290, 1331, 9922, 181686, 21323, 531, 17085, 506, 5441, 3549, 236764, 1298, 506, 11149, 64260, 5984, 236764, 532, 506, 143047, 47369, 64260, 236761, 106]","[818, 6290, 1331, 9922, 181686, 21323, 531, 17085, 506, 5441, 3549, 236764, 1298, 506, 11149, 64260, 5984, 236764, 532, 506, 143047, 47369, 64260, 236761]",1,"[1, 106, 50]",106,1,True,False,"[0, 1, 0, 0, 1, 1, 0, 1, 1, 1, 0, 1, 1, 1]","The nice people wearing harnesses attempted to climb the rock wall, where the horse hangs decor, and the climbers wears hangs.",True,10232470016,11.48149251198629
164_common_gen_right_not_left_kna_t15_rep1,480,14,right_not_left,,15,2,65,33,2063,429832398,common_gen,164,1,common_gen:validation:581,0,44ee4ebf75873e14acc75eea0f00983232c12e40f66553bb38eae9990e01dd90,08251ee243578bab8e026323f5b9ae326b257abbe5b448e461160de4fd29f2e6,success,,512.0,512.0,512.0,False,,model_loaded,23.23441853397526,0.5597762820543721,1.2914680080139078,1.85124429006828,1.85124429006828,1957,31837,527683,764233209,262144,"{""allowed_count"": 262120, ""expected_count"": 262120, ""missing_expected"": [], ""ok"": true, ""stop_token_ids"": [1, 50, 106], ""unexpected_allowed"": []}",3.4169560819864273,xgrammar,2.581368051993195,4.492505608999636,86,65,64,"[4348, 9444, 506, 12566, 7444, 236789, 236751, 13307, 5830, 531, 506, 125899, 236764, 564, 2506, 16937, 236764, 54264, 236764, 11536, 236764, 31759, 4319, 4592, 1679, 506, 23353, 657, 506, 3988, 529, 506, 1813, 1125, 236761, 57728, 10056, 236761, 112148, 238835, 107, 255968, 107, 236769, 10282, 236787, 5612, 506, 3303, 14485, 659, 6112, 102420, 532, 11724, 1131, 496, 3161, 3756, 13315, 236764, 506, 9113, 14275, 1]","[4348, 9444, 506, 12566, 7444, 236789, 236751, 13307, 5830, 531, 506, 125899, 236764, 564, 2506, 16937, 236764, 54264, 236764, 11536, 236764, 31759, 4319, 4592, 1679, 506, 23353, 657, 506, 3988, 529, 506, 1813, 1125, 236761, 57728, 10056, 236761, 112148, 238835, 107, 255968, 107, 236769, 10282, 236787, 5612, 506, 3303, 14485, 659, 6112, 102420, 532, 11724, 1131, 496, 3161, 3756, 13315, 236764, 506, 9113, 14275]",1,"[1, 106, 50]",1,1,True,True,"[1, 1, 1, 1, 1, 1, 1, 1, 1, 1, 1, 1, 1, 1, 1]","Noticing the massive pool's slide leading to the abyss, I got afraid, climbed, ran, sliding rather fast down the slides at the center of the water rec. fictional facility. میل។
	
(Note: Since the original concepts are highly disparate and forced into a single natural sentence, the resulting noticed",True,10232832000,13.685076614026912
165_common_gen_right_not_left_kna_t16_rep1,481,15,right_not_left,,16,2,65,35,2188,304188434,common_gen,165,1,common_gen:validation:760,0,465a76fdb739357bf2925b628cfd013cde2f0b481fb99235e06458d14d28b6aa,1af1f3616e7cca99370e5996af2dcb2c96c76dd782cd6667e8d7bf603312aaaf,success,,512.0,512.0,512.0,False,,model_loaded,20.416868598025758,0.5635549100115895,1.4342138270149007,1.9977687370264903,1.9977687370264903,2083,35931,596179,899696706,262144,"{""allowed_count"": 262120, ""expected_count"": 262120, ""missing_expected"": [], ""ok"": true, ""stop_token_ids"": [1, 50, 106], ""unexpected_allowed"": []}",3.4298562459880486,xgrammar,2.624560231983196,4.4279988770140335,90,65,64,"[818, 880, 47369, 70186, 11744, 531, 496, 9909, 236764, 26231, 506, 20108, 25516, 600, 9258, 506, 9909, 16932, 528, 506, 1813, 236761, 104048, 107, 2202, 107, 1437, 880, 47369, 70186, 11744, 531, 496, 9909, 236764, 26231, 506, 20108, 25516, 600, 9258, 506, 9909, 16932, 528, 506, 1813, 236761, 107, 4506, 107, 1437, 880, 47369, 70186, 11744, 531, 496, 9909, 236764, 46714, 532, 9258, 7046, 106]","[818, 880, 47369, 70186, 11744, 531, 496, 9909, 236764, 26231, 506, 20108, 25516, 600, 9258, 506, 9909, 16932, 528, 506, 1813, 236761, 104048, 107, 2202, 107, 1437, 880, 47369, 70186, 11744, 531, 496, 9909, 236764, 26231, 506, 20108, 25516, 600, 9258, 506, 9909, 16932, 528, 506, 1813, 236761, 107, 4506, 107, 1437, 880, 47369, 70186, 11744, 531, 496, 9909, 236764, 46714, 532, 9258, 7046]",1,"[1, 106, 50]",106,1,True,True,"[2, 0, 2, 5, 0, 3, 0, 3, 3, 0, 1, 3, 1, 0, 2, 3]","The man wears ropes attached to a boat, pulling the ski rope that holds the boat steady in the water. ergonomic
hi
the man wears ropes attached to a boat, pulling the ski rope that holds the boat steady in the water.
rest
the man wears ropes attached to a boat, pulls and holds holding",True,10233556992,13.78129384998465
150_common_gen_right_not_left_kna_t1_rep2,482,0,right_not_left,,1,2,65,4,313,899577775,common_gen,150,2,common_gen:validation:212,0,075f95cc058d8b0f65d8f3696e3cdaba1616865a6dbc7c86745174ec2b719e1d,d69ec0a2b29095ee319888c4861d5028a91fa7a12abf979ed97821caf8d900e2,success,,512.0,512.0,512.0,False,,model_loaded,19.29619136801921,0.48665051197167486,0.07514313800493255,0.5617936499766074,0.5617936499766074,193,561,9480,3361714,262144,"{""allowed_count"": 262119, ""expected_count"": 262119, ""missing_expected"": [], ""ok"": true, ""stop_token_ids"": [1, 50, 106], ""unexpected_allowed"": []}",3.4447733309934847,xgrammar,2.658604110998567,4.418860381003469,41,65,64,"[236777, 46271, 506, 4251, 2072, 6077, 1699, 506, 12974, 29060, 236761, 236743, 107, 2717, 3723, 107, 236840, 107, 138, 236775, 236777, 46271, 506, 4251, 2072, 6077, 1699, 506, 12974, 29060, 1781, 107, 236842, 107, 2717, 107, 1018, 135778, 2721, 580, 11172, 15166, 568, 23600, 577, 7121, 886, 2822, 236764, 3756, 236764, 40137, 13315, 1699, 784, 14485, 1473, 1018, 108, 236777, 1456, 506, 532, 15422, 106]","[236777, 46271, 506, 4251, 2072, 6077, 1699, 506, 12974, 29060, 236761, 236743, 107, 2717, 3723, 107, 236840, 107, 138, 236775, 236777, 46271, 506, 4251, 2072, 6077, 1699, 506, 12974, 29060, 1781, 107, 236842, 107, 2717, 107, 1018, 135778, 2721, 580, 11172, 15166, 568, 23600, 577, 7121, 886, 2822, 236764, 3756, 236764, 40137, 13315, 1699, 784, 14485, 1473, 1018, 108, 236777, 1456, 506, 532, 15422]",1,"[1, 106, 50]",106,1,True,True,[1],"I typed the entire report quickly using the mechanicalkeyboard. 
```json
[
  ""I typed the entire report quickly using the mechanicalkeyboard.""
]
```
**Correction based on prompt constraints (must be exactly one short, natural, coherent sentence using all concepts):**

I used the and keyboard",True,10227373056,12.573022504977416
151_common_gen_right_not_left_kna_t2_rep2,483,1,right_not_left,,2,2,65,7,438,755169484,common_gen,151,2,common_gen:validation:769,0,5f5e72a6c879567bddfa9f135808a8c46104fdb6afc3442b658f5c5f7f6ba180,fabead1ee3367556f35d94d42acff42193bf398921fe24c815621749df619934,success,,512.0,512.0,512.0,False,,model_loaded,16.604394318012055,0.4565260860254057,0.12514038902008906,0.5816664750454947,0.5816664750454947,319,1183,19857,9979696,262144,"{""allowed_count"": 262120, ""expected_count"": 262120, ""missing_expected"": [], ""ok"": true, ""stop_token_ids"": [1, 50, 106], ""unexpected_allowed"": []}",3.6591600450337864,xgrammar,2.6458709069993347,1.888610967027489,44,15,14,"[6259, 506, 11048, 236764, 4677, 3931, 531, 2910, 532, 1299, 6074, 531, 112735, 236761, 106]","[6259, 506, 11048, 236764, 4677, 3931, 531, 2910, 532, 1299, 6074, 531, 112735, 236761]",1,"[1, 106, 50]",106,1,True,False,"[1, 1]","After the presentation, everyone started to talk and then began to clap.",True,10225319936,10.07488554099109
152_common_gen_right_not_left_kna_t3_rep2,484,2,right_not_left,,3,2,65,9,563,717281809,common_gen,152,2,common_gen:validation:535,0,da8690356260a899860b81d917fb0d809d98a08e2761ba6fa25ee77fbf4988b7,90df822f22f06e41b424dbdf8bdb3e5c855d0fb4d32be18b2a0ed339a7132b79,success,,512.0,512.0,512.0,False,,model_loaded,18.84299708501203,0.4513782020076178,0.18036970199318603,0.6317479040008038,0.6317479040008038,445,2053,33920,20962629,262144,"{""allowed_count"": 262120, ""expected_count"": 262120, ""missing_expected"": [], ""ok"": true, ""stop_token_ids"": [1, 50, 106], ""unexpected_allowed"": []}",3.443129427963868,xgrammar,2.623949021974113,4.497163517982699,47,65,64,"[818, 1944, 4467, 691, 21988, 580, 506, 2678, 529, 506, 13181, 3207, 6312, 30419, 236761, 236743, 107, 107, 107, 107, 236785, 107, 16907, 25864, 236772, 154858, 236786, 7166, 29357, 236787, 669, 11172, 19565, 573, 886, 2822, 236764, 3756, 236764, 40137, 13315, 236761, 669, 3847, 13315, 2787, 563, 496, 3103, 732, 159779, 2779, 531, 506, 10346, 21183, 529, 1699, 784, 1806, 3530, 4171, 532, 7363, 106]","[818, 1944, 4467, 691, 21988, 580, 506, 2678, 529, 506, 13181, 3207, 6312, 30419, 236761, 236743, 107, 107, 107, 107, 236785, 107, 16907, 25864, 236772, 154858, 236786, 7166, 29357, 236787, 669, 11172, 19565, 573, 886, 2822, 236764, 3756, 236764, 40137, 13315, 236761, 669, 3847, 13315, 2787, 563, 496, 3103, 732, 159779, 2779, 531, 506, 10346, 21183, 529, 1699, 784, 1806, 3530, 4171, 532, 7363]",1,"[1, 106, 50]",106,1,True,True,"[1, 1, 1]","The small park was situated on the side of the busy cityDefaultstreet. 



\
*(Self-correction/Refinement: The prompt asks for one short, natural, coherent sentence. The provided sentence above is a bit clunky due to the strict constraint of using all three specific words and street",True,10227803136,12.47582470701309
153_common_gen_right_not_left_kna_t4_rep2,485,3,right_not_left,,4,2,65,11,688,62059944,common_gen,153,2,common_gen:validation:132,0,2c873ff6b81602ad4001a4f0c82b532e0aca1f603ac00170c14969063f223663,54a8ccbae88e481929b0ebcacd14d576d9380fcc41d603f8d8a2f81dc11cbe02,success,,512.0,512.0,512.0,False,,model_loaded,19.352669561980292,0.4550215520430356,0.24144758202601224,0.6964691340690479,0.6964691340690479,571,3171,52105,37056990,262144,"{""allowed_count"": 262120, ""expected_count"": 262120, ""missing_expected"": [], ""ok"": true, ""stop_token_ids"": [1, 50, 106], ""unexpected_allowed"": []}",3.4369590200367384,xgrammar,2.7662837699754164,4.416488620976452,50,65,64,"[2209, 1603, 496, 8632, 24285, 3905, 70123, 600, 15116, 528, 496, 18997, 24285, 236761, 236743, 107, 2717, 107, 2717, 107, 236743, 107, 236743, 107, 236743, 107, 236743, 107, 236743, 107, 236743, 107, 236743, 107, 236743, 107, 236743, 107, 236743, 107, 236743, 107, 236743, 107, 236743, 107, 236743, 107, 236743, 107, 236743, 107, 236743, 107, 236743, 107, 236743, 107, 236743, 107, 236743, 107, 532, 5524, 106]","[2209, 1603, 496, 8632, 24285, 3905, 70123, 600, 15116, 528, 496, 18997, 24285, 236761, 236743, 107, 2717, 107, 2717, 107, 236743, 107, 236743, 107, 236743, 107, 236743, 107, 236743, 107, 236743, 107, 236743, 107, 236743, 107, 236743, 107, 236743, 107, 236743, 107, 236743, 107, 236743, 107, 236743, 107, 236743, 107, 236743, 107, 236743, 107, 236743, 107, 236743, 107, 236743, 107, 236743, 107, 532, 5524]",1,"[1, 106, 50]",106,1,True,True,"[1, 1, 1, 2]","He made a powerful hitting board dart that resulted in a precise hitting. 
```
```
 
 
 
 
 
 
 
 
 
 
 
 
 
 
 
 
 
 
 
 
 
 and hit",True,10228018688,12.639458331977949
154_common_gen_right_not_left_kna_t5_rep2,486,4,right_not_left,,5,2,65,13,813,990332911,common_gen,154,2,common_gen:validation:403,0,8db11e01fef4b484c3aa4c4f701d8399e3f4937f03376f717f095c447ca88a1a,034b00d11f0faad13dfefb835e5eed4a1de257f00424f78e6634bd2088b9a243,success,,512.0,512.0,512.0,False,,model_loaded,19.799921603000257,0.5498171279905364,0.30766886100172997,0.8574859889922664,0.8574859889922664,697,4537,74472,59006779,262144,"{""allowed_count"": 262120, ""expected_count"": 262120, ""missing_expected"": [], ""ok"": true, ""stop_token_ids"": [1, 50, 106], ""unexpected_allowed"": []}",3.494678140967153,xgrammar,2.7510734950192273,4.5866956989630125,54,65,64,"[236777, 29797, 506, 4251, 7319, 529, 81574, 236761, 97468, 55056, 236761, 12110, 236761, 107, 2717, 3723, 107, 236782, 107, 138, 236775, 54554, 1083, 623, 236777, 29797, 506, 4251, 7319, 529, 81574, 1781, 107, 236783, 107, 2717, 107, 20470, 236764, 506, 14787, 691, 531, 1161, 784, 506, 14485, 236787, 11058, 1020, 59534, 827, 623, 4005, 827, 623, 58165, 827, 623, 151721, 827, 623, 532, 9039, 106]","[236777, 29797, 506, 4251, 7319, 529, 81574, 236761, 97468, 55056, 236761, 12110, 236761, 107, 2717, 3723, 107, 236782, 107, 138, 236775, 54554, 1083, 623, 236777, 29797, 506, 4251, 7319, 529, 81574, 1781, 107, 236783, 107, 2717, 107, 20470, 236764, 506, 14787, 691, 531, 1161, 784, 506, 14485, 236787, 11058, 1020, 59534, 827, 623, 4005, 827, 623, 58165, 827, 623, 151721, 827, 623, 532, 9039]",1,"[1, 106, 50]",106,1,True,True,"[2, 2, 1, 2, 2]","I ate the entire plate of spaghetti. гіuben. ft.
```json
{
  ""sentence"": ""I ate the entire plate of spaghetti.""
}
```
Wait, the instruction was to use all the concepts: [""spaghetti"", ""plate"", ""eat"", ""entire"", "" and eat",True,10228305408,13.060591612011194
155_common_gen_right_not_left_kna_t6_rep2,487,5,right_not_left,,6,2,65,15,938,879180340,common_gen,155,2,common_gen:validation:916,0,d5e61f8d1b67953c54efa40ca6f7a25a0e40c4c0ac5e04146eb4183c98f56e33,eb5e1ba7b2a0e3ee82a0ac5ab4a59c7a1ac89390bd59490280fc56c26e94c1dc,success,,512.0,512.0,512.0,False,,model_loaded,17.26255422999384,0.5351859660004266,0.37736456497805193,0.9125505309784785,0.9125505309784785,823,6151,100773,87555996,262144,"{""allowed_count"": 262120, ""expected_count"": 262120, ""missing_expected"": [], ""ok"": true, ""stop_token_ids"": [1, 50, 106], ""unexpected_allowed"": []}",3.490006258012727,xgrammar,2.7713482760009356,1.9214528889860958,56,16,15,"[2021, 3654, 506, 15668, 236764, 1304, 1053, 531, 9212, 532, 2121, 496, 13343, 7002, 236761, 106]","[2021, 3654, 506, 15668, 236764, 1304, 1053, 531, 9212, 532, 2121, 496, 13343, 7002, 236761]",1,"[1, 106, 50]",106,1,True,False,"[1, 1, 1, 1, 1, 1]","To begin the routine, she had to jump and perform a beam balance.",True,10227446272,10.40188690496143
156_common_gen_right_not_left_kna_t7_rep2,488,6,right_not_left,,7,2,65,17,1063,1320651895,common_gen,156,2,common_gen:validation:0,0,b8cef726d23c6f730ba9e59d95947f1f5b8321f33df1bc8ae1a6287cebde2236,aa6b78cf4c8cc816036b702006d8a1accc238b3825ae8c0e7519bb1ee08ea82e,success,,512.0,512.0,512.0,False,,model_loaded,19.643874856992625,0.4724441510043107,0.4531996349687688,0.9256437859730795,0.9256437859730795,949,8013,131008,123448641,262144,"{""allowed_count"": 262120, ""expected_count"": 262120, ""missing_expected"": [], ""ok"": true, ""stop_token_ids"": [1, 50, 106], ""unexpected_allowed"": []}",3.53385192604037,xgrammar,2.755137489992194,4.425667158968281,60,65,64,"[818, 8505, 15032, 684, 506, 2135, 236764, 3182, 618, 506, 73014, 15032, 6218, 1651, 506, 7241, 3939, 531, 9537, 236761, 236743, 107, 69731, 617, 123351, 62452, 22089, 2064, 236761, 107, 236743, 107, 236743, 107, 236743, 107, 236743, 107, 236743, 107, 236743, 107, 236743, 107, 236743, 107, 236743, 107, 236743, 107, 236743, 107, 236743, 107, 236743, 107, 236743, 107, 236743, 107, 236743, 107, 532, 1385, 106]","[818, 8505, 15032, 684, 506, 2135, 236764, 3182, 618, 506, 73014, 15032, 6218, 1651, 506, 7241, 3939, 531, 9537, 236761, 236743, 107, 69731, 617, 123351, 62452, 22089, 2064, 236761, 107, 236743, 107, 236743, 107, 236743, 107, 236743, 107, 236743, 107, 236743, 107, 236743, 107, 236743, 107, 236743, 107, 236743, 107, 236743, 107, 236743, 107, 236743, 107, 236743, 107, 236743, 107, 236743, 107, 532, 1385]",1,"[1, 106, 50]",106,1,True,True,"[1, 1, 0, 1, 2, 1, 1]","The coach stood by the field, looking as the goalkeeper stood firm while the batter went to bat. 
minimalistathleticismnecessaryaction.
 
 
 
 
 
 
 
 
 
 
 
 
 
 
 
 
 and look",True,10228735488,13.006172852008604
157_common_gen_right_not_left_kna_t8_rep2,489,7,right_not_left,,8,2,65,19,1188,590011412,common_gen,157,2,common_gen:validation:961,0,1fcef149a994a05ce0c2921a1c93c5db89c8c5ac8b59ee8528b4e1404d1b3f5b,e982a1a0de4efe84849c0d0cdc10c7659354f944271abd6c5344e116c5717996,success,,512.0,512.0,512.0,False,,model_loaded,17.58849320601439,0.5156889180070721,0.5423457380384207,1.0580346560454927,1.0580346560454927,1075,10123,165177,167428714,262144,"{""allowed_count"": 262120, ""expected_count"": 262120, ""missing_expected"": [], ""ok"": true, ""stop_token_ids"": [1, 50, 106], ""unexpected_allowed"": []}",3.4403350480133668,xgrammar,2.6144175969529897,2.222374263976235,64,21,20,"[2209, 28120, 506, 61255, 236764, 837, 5524, 506, 3549, 532, 95525, 1135, 506, 3866, 1680, 668, 28120, 625, 1570, 236761, 106]","[2209, 28120, 506, 61255, 236764, 837, 5524, 506, 3549, 532, 95525, 1135, 506, 3866, 1680, 668, 28120, 625, 1570, 236761]",1,"[1, 106, 50]",106,1,True,False,"[1, 1, 1, 0, 0, 1, 1, 2]","He threw the axe, which hit the wall and bounced off the ground before he threw it again.",True,10228872192,10.705887101008557
158_common_gen_right_not_left_kna_t9_rep2,490,8,right_not_left,,9,2,65,21,1313,142799686,common_gen,158,2,common_gen:validation:259,0,5ea13628676f9452249b9ecb27ab4ce263707a02453021c4a01c574d57a9ab2d,7bc4c32bb5abf3a74778b6fcf39b059dbb3aa7c6833cc8eb4e89b1fbdf24865c,success,,512.0,512.0,512.0,False,,model_loaded,20.2702380020055,0.5640348239685409,0.6219719960354269,1.1860068200039677,1.1860068200039677,1201,12481,204459,220240215,262144,"{""allowed_count"": 262120, ""expected_count"": 262120, ""missing_expected"": [], ""ok"": true, ""stop_token_ids"": [1, 50, 106], ""unexpected_allowed"": []}",4.063369181007147,xgrammar,2.674572662974242,4.487831022997852,66,65,64,"[818, 6213, 15924, 2838, 528, 506, 9048, 1651, 506, 96171, 1602, 506, 11910, 529, 1116, 5324, 528, 506, 7805, 236761, 93696, 236881, 107, 107, 176180, 236881, 107, 3119, 236881, 107, 3061, 236881, 107, 9707, 236881, 107, 162422, 236881, 107, 7780, 236881, 107, 128029, 236881, 107, 23325, 236881, 107, 236754, 40805, 236881, 107, 21484, 236881, 107, 148436, 236881, 107, 143173, 236881, 107, 41875, 532, 3463, 106]","[818, 6213, 15924, 2838, 528, 506, 9048, 1651, 506, 96171, 1602, 506, 11910, 529, 1116, 5324, 528, 506, 7805, 236761, 93696, 236881, 107, 107, 176180, 236881, 107, 3119, 236881, 107, 3061, 236881, 107, 9707, 236881, 107, 162422, 236881, 107, 7780, 236881, 107, 128029, 236881, 107, 23325, 236881, 107, 236754, 40805, 236881, 107, 21484, 236881, 107, 148436, 236881, 107, 143173, 236881, 107, 41875, 532, 3463]",1,"[1, 106, 50]",106,1,True,True,"[1, 1, 1, 1, 1, 1, 1, 1, 1]","The patient lady sat in the chair while the barber did the cutting of her hair in the shop. Drawer?

formatting?
length?
style?
price?
mood?
look?
feeling?
energy?
happen?
important?
urgent?
difficult?
easy and cut",True,10229233664,13.753786344954278
159_common_gen_right_not_left_kna_t10_rep2,491,9,right_not_left,,10,2,65,23,1438,891142208,common_gen,159,2,common_gen:validation:851,0,ad195cae3e484dcc9f0ad7bea4e32e90f125130e79ee1045f1bc2f1803ca80b5,fffb8a07ab146ad1d2445c8ef4067bb3387fe9f4b104211c41e7de5a4b314d1f,success,,512.0,512.0,512.0,False,,model_loaded,17.900405447988305,0.527111328963656,0.7156395640340634,1.2427508929977193,1.2427508929977193,1327,15087,247933,282627144,262144,"{""allowed_count"": 262120, ""expected_count"": 262120, ""missing_expected"": [], ""ok"": true, ""stop_token_ids"": [1, 50, 106], ""unexpected_allowed"": []}",3.7078694829833694,xgrammar,2.6527334449929185,2.3121242559864186,68,24,23,"[4420, 506, 32230, 3931, 506, 18762, 4252, 236764, 506, 60496, 6074, 531, 1975, 580, 506, 6413, 532, 4733, 1298, 901, 1374, 12847, 236761, 106]","[4420, 506, 32230, 3931, 506, 18762, 4252, 236764, 506, 60496, 6074, 531, 1975, 580, 506, 6413, 532, 4733, 1298, 901, 1374, 12847, 236761]",1,"[1, 106, 50]",106,1,True,False,"[1, 1, 1, 1, 0, 1, 0, 1, 1, 1]","When the conductor started the loud music, the dancers began to stand on the floor and asked where they should dance.",True,10229591040,11.236686048971023
160_common_gen_right_not_left_kna_t11_rep2,492,10,right_not_left,,11,2,65,25,1563,423118537,common_gen,160,2,common_gen:validation:1,0,ae60bd06119d2acbaeecc26c24ae342f08480b34a02e6d7266faacdf2a0829f3,9d3d1187391421995882b4aae75f43391d4c0056ac0cb30fc372862071d30955,success,,512.0,512.0,512.0,False,,model_loaded,22.394788664008956,0.5418639449635521,0.8189399660332128,1.360803910996765,1.360803910996765,1453,17941,295519,355333501,262144,"{""allowed_count"": 262120, ""expected_count"": 262120, ""missing_expected"": [], ""ok"": true, ""stop_token_ids"": [1, 50, 106], ""unexpected_allowed"": []}",3.326157120987773,xgrammar,2.7080153269926086,4.495541334967129,73,65,64,"[818, 42521, 2299, 529, 6214, 18178, 22974, 2587, 2101, 506, 4882, 2978, 236761, 236743, 107, 213143, 3852, 7393, 236779, 107, 205087, 199083, 49697, 236779, 107, 1483, 43656, 9751, 236779, 107, 13513, 107, 236769, 25864, 236772, 135778, 236786, 30852, 236787, 669, 11172, 19565, 573, 808, 161617, 886, 236829, 2822, 236764, 3756, 236764, 40137, 5422, 13315, 1699, 784, 14485, 236787, 11058, 51101, 827, 623, 532, 9989, 106]","[818, 42521, 2299, 529, 6214, 18178, 22974, 2587, 2101, 506, 4882, 2978, 236761, 236743, 107, 213143, 3852, 7393, 236779, 107, 205087, 199083, 49697, 236779, 107, 1483, 43656, 9751, 236779, 107, 13513, 107, 236769, 25864, 236772, 135778, 236786, 30852, 236787, 669, 11172, 19565, 573, 808, 161617, 886, 236829, 2822, 236764, 3756, 236764, 40137, 5422, 13315, 1699, 784, 14485, 236787, 11058, 51101, 827, 623, 532, 9989]",1,"[1, 106, 50]",106,1,True,True,"[1, 1, 0, 1, 1, 1, 1, 1, 1, 1, 1]","The silly group of kids loves dancing full around the living room. 
 keselamatannsae_
ドリンクセラティー_
الرجاء_
***
(Self-Correction/Review: The prompt asks for *exactly one* short, natural, coherent English sentence using all concepts: [""kid"", "" and kid",True,10230488064,13.279763073020149
161_common_gen_right_not_left_kna_t12_rep2,493,11,right_not_left,,12,2,65,27,1688,1286922299,common_gen,161,2,common_gen:validation:866,0,8b41b8b73635cbe0feecd40bed0db3a9b8d48bffab9446f5a4fe1ef3f77a1660,0ff5512ad8e245411971ddd854a9af1e0b1e026e1b15ed18a653daf2492e3d26,success,,512.0,512.0,512.0,False,,model_loaded,20.108092473994475,0.5106759250047617,0.9275182110141031,1.4381941360188648,1.4381941360188648,1579,21043,347287,439103286,262144,"{""allowed_count"": 262120, ""expected_count"": 262120, ""missing_expected"": [], ""ok"": true, ""stop_token_ids"": [1, 50, 106], ""unexpected_allowed"": []}",3.311783885001205,xgrammar,2.6007786560221575,2.142872450989671,76,20,19,"[43601, 1133, 531, 9385, 532, 2178, 580, 506, 13606, 4977, 506, 3788, 1298, 69552, 563, 580, 506, 3645, 236761, 106]","[43601, 1133, 531, 9385, 532, 2178, 580, 506, 13606, 4977, 506, 3788, 1298, 69552, 563, 580, 506, 3645, 236761]",1,"[1, 106, 50]",106,1,True,False,"[1, 1, 1, 0, 1, 1, 0, 1, 0, 0, 1, 1]",Groups like to gather and sit on the bench behind the building where graffiti is on the front.,True,10231027200,10.878543043974787
162_common_gen_right_not_left_kna_t13_rep2,494,12,right_not_left,,13,2,65,29,1813,1250834707,common_gen,162,2,common_gen:validation:570,0,d9e68449c53fd4d7dafc5e9b68f86e4bada08959ed76c2ad7532a69ab1b6303b,efe8ed6ee6e409687330de1d0af18be2085d20ddd3e180dfb2145c4e6885c887,success,,512.0,512.0,512.0,False,,model_loaded,18.125653329014312,0.6509707380319014,1.0566248790128157,1.707595617044717,1.707595617044717,1705,24393,403237,534680499,262144,"{""allowed_count"": 262120, ""expected_count"": 262120, ""missing_expected"": [], ""ok"": true, ""stop_token_ids"": [1, 50, 106], ""unexpected_allowed"": []}",3.266917906992603,xgrammar,2.6367813069955446,2.3912319819792174,81,24,23,"[818, 3875, 6544, 531, 2178, 13668, 506, 3645, 529, 506, 13606, 236764, 8116, 1679, 532, 47264, 657, 506, 1813, 618, 1304, 38516, 236761, 106]","[818, 3875, 6544, 531, 2178, 13668, 506, 3645, 529, 506, 13606, 236764, 8116, 1679, 532, 47264, 657, 506, 1813, 618, 1304, 38516, 236761]",1,"[1, 106, 50]",106,1,True,False,"[0, 1, 1, 1, 0, 0, 0, 1, 1, 0, 1, 1, 1]","The woman decided to sit facing the front of the bench, sitting down and staring at the water as she poured.",True,10231928832,11.512232193956152
163_common_gen_right_not_left_kna_t14_rep2,495,13,right_not_left,,14,2,65,31,1938,1622041741,common_gen,163,2,common_gen:validation:651,0,0f1e8a63c2d2d05d1197c170351d3906986d306a59ef15224b20ae8b728dc91d,4bd002148f0c4df75c30dda2ace6f6282a33097587cfe9941b55acbbb47e3cbd,success,,512.0,512.0,512.0,False,,model_loaded,20.245916679035872,0.5477648969972506,1.1615129520068876,1.7092778490041383,1.7092778490041383,1831,27991,463369,642809140,262144,"{""allowed_count"": 262120, ""expected_count"": 262120, ""missing_expected"": [], ""ok"": true, ""stop_token_ids"": [1, 50, 106], ""unexpected_allowed"": []}",3.4486379610025324,xgrammar,2.677610073995311,4.401056343980599,81,65,64,"[818, 1944, 6938, 236789, 236751, 1526, 60956, 506, 4299, 236764, 19519, 625, 607, 914, 3774, 618, 506, 4252, 10772, 236764, 914, 4916, 19519, 236761, 11014, 107, 11549, 107, 107, 1018, 135778, 236786, 7166, 29357, 573, 2480, 2727, 532, 3756, 1788, 53121, 108, 818, 1944, 6938, 236789, 236751, 1526, 60956, 506, 4299, 236764, 19519, 625, 607, 914, 3774, 1651, 506, 4252, 10772, 236764, 914, 12162, 106]","[818, 1944, 6938, 236789, 236751, 1526, 60956, 506, 4299, 236764, 19519, 625, 607, 914, 3774, 618, 506, 4252, 10772, 236764, 914, 4916, 19519, 236761, 11014, 107, 11549, 107, 107, 1018, 135778, 236786, 7166, 29357, 573, 2480, 2727, 532, 3756, 1788, 53121, 108, 818, 1944, 6938, 236789, 236751, 1526, 60956, 506, 4299, 236764, 19519, 625, 607, 914, 3774, 1651, 506, 4252, 10772, 236764, 914, 12162]",1,"[1, 106, 50]",106,1,True,True,"[2, 2, 0, 2, 2, 0, 0, 1, 2, 3, 1, 0, 2, 2]","The small boy's hand swings the ball, rolling it with his arm as the music plays, his hands rolling. ব্যা
​​

**Correction/Refinement for better flow and naturalness:**

The small boy's hand swings the ball, rolling it with his arm while the music plays, his arms",True,10231928832,13.578724012011662
164_common_gen_right_not_left_kna_t15_rep2,496,14,right_not_left,,15,2,65,33,2063,360390010,common_gen,164,2,common_gen:validation:696,0,cdbca905afe13dbe05b0ec2c8b5b4514cd38926ca4cc90645c4c0a81bd577604,9eae8964144ab82c4bd76c35af00a221226946830c6b2b881c0a4903ab922a84,success,,512.0,512.0,512.0,False,,model_loaded,18.730846423015464,0.5726268189609982,1.3026571299997158,1.875283948960714,1.875283948960714,1957,31837,527683,764233209,262144,"{""allowed_count"": 262120, ""expected_count"": 262120, ""missing_expected"": [], ""ok"": true, ""stop_token_ids"": [1, 50, 106], ""unexpected_allowed"": []}",3.4688623170368373,xgrammar,2.5680112600093707,2.7682038949569687,88,32,31,"[818, 4799, 236764, 9922, 496, 33096, 236764, 32694, 236764, 6544, 531, 6092, 506, 1813, 236764, 840, 1299, 42058, 532, 32694, 236764, 4891, 699, 496, 1977, 1298, 625, 1053, 1010, 107217, 236761, 106]","[818, 4799, 236764, 9922, 496, 33096, 236764, 32694, 236764, 6544, 531, 6092, 506, 1813, 236764, 840, 1299, 42058, 532, 32694, 236764, 4891, 699, 496, 1977, 1298, 625, 1053, 1010, 107217, 236761]",1,"[1, 106, 50]",106,1,True,False,"[1, 1, 1, 0, 2, 1, 0, 1, 0, 0, 0, 0, 1, 0, 1]","The dog, wearing a collar, jumped, decided to drink the water, but then shook and jumped, coming from a place where it had been drowning.",True,10233193472,12.034068085020408
165_common_gen_right_not_left_kna_t16_rep2,497,15,right_not_left,,16,2,65,35,2188,408980636,common_gen,165,2,common_gen:validation:922,0,975493383c0e4c2c40ebfdf101edcb24d7972ee3f05c34275454d260cdd4ed4d,83e441f7887c159fdc3cafcaf30c6876c5587beedc25f5b8d1db37ef1066af27,success,,512.0,512.0,512.0,False,,model_loaded,18.634498051018454,0.610037462960463,1.433899861003738,2.043937323964201,2.043937323964201,2083,35931,596179,899696706,262144,"{""allowed_count"": 262120, ""expected_count"": 262120, ""missing_expected"": [], ""ok"": true, ""stop_token_ids"": [1, 50, 106], ""unexpected_allowed"": []}",3.36707254400244,xgrammar,2.717485884029884,2.492212109034881,88,27,26,"[236776, 6290, 4628, 23378, 580, 506, 13606, 236764, 70959, 16045, 49484, 532, 23948, 618, 901, 1845, 532, 1786, 3121, 236764, 8159, 506, 49484, 600, 2229, 236761, 106]","[236776, 6290, 4628, 23378, 580, 506, 13606, 236764, 70959, 16045, 49484, 532, 23948, 618, 901, 1845, 532, 1786, 3121, 236764, 8159, 506, 49484, 600, 2229, 236761]",1,"[1, 106, 50]",106,1,True,False,"[1, 1, 0, 0, 0, 1, 1, 0, 2, 0, 0, 0, 1, 1, 0, 1]","A nice couple sits on the bench, tying purple balloons and ties as they run and pass away, finding the balloons that come.",True,10233193472,11.921209094987717
150_common_gen_right_not_left_kna_t1_rep3,498,0,right_not_left,,1,2,65,4,313,502386995,common_gen,150,3,common_gen:validation:588,0,6462ce8dfca981ec7fb3b549d589ee70609d730a5adc332f8cb28416633ad0e3,700a28c7303eb8129ec9161a4cc23a566e08ac3940a6f88cd1f17529a520a6f9,success,,512.0,512.0,512.0,False,,model_loaded,18.545118934998754,0.4546221850323491,0.07507513597374782,0.5296973210060969,0.5296973210060969,193,561,9480,3361714,262144,"{""allowed_count"": 262119, ""expected_count"": 262119, ""missing_expected"": [], ""ok"": true, ""stop_token_ids"": [1, 50, 106], ""unexpected_allowed"": []}",3.3919866020441987,xgrammar,2.5563356790225953,4.465784600004554,41,65,64,"[818, 5293, 13935, 102202, 83755, 506, 7804, 2604, 4299, 3418, 506, 4467, 236761, 61411, 86095, 496, 6962, 236764, 31253, 29444, 236761, 107, 236743, 107, 236743, 107, 236743, 107, 236743, 107, 236743, 107, 236743, 107, 236743, 107, 236743, 107, 236743, 107, 236743, 107, 236743, 107, 236743, 107, 236743, 107, 236743, 107, 236743, 107, 236743, 107, 236743, 107, 236743, 107, 236743, 107, 236743, 107, 532, 4799, 106]","[818, 5293, 13935, 102202, 83755, 506, 7804, 2604, 4299, 3418, 506, 4467, 236761, 61411, 86095, 496, 6962, 236764, 31253, 29444, 236761, 107, 236743, 107, 236743, 107, 236743, 107, 236743, 107, 236743, 107, 236743, 107, 236743, 107, 236743, 107, 236743, 107, 236743, 107, 236743, 107, 236743, 107, 236743, 107, 236743, 107, 236743, 107, 236743, 107, 236743, 107, 236743, 107, 236743, 107, 236743, 107, 532, 4799]",1,"[1, 106, 50]",106,1,True,True,[1],"The happy golden retriever chased the bright red ball across the park.onychsof a warm, loyal companion.
 
 
 
 
 
 
 
 
 
 
 
 
 
 
 
 
 
 
 
 
 and dog",True,10227373056,12.260575576976407
165_common_gen_right_not_left_kna_t16_rep3,499,15,right_not_left,,16,2,65,35,2188,1302747975,common_gen,165,3,common_gen:validation:992,0,9ed976e0afa77a8ff470509048684b0139ed115f1c867aa183a1993561891bb4,0ebc7ddb2a14afbb50cea74ef896150b4101e0eefe430e50f1af88d048919e35,success,,512.0,512.0,512.0,False,,model_loaded,18.731879910978023,0.6705124090076424,1.4353579790331423,2.1058703880407847,2.1058703880407847,2083,35931,596179,899696706,262144,"{""allowed_count"": 262120, ""expected_count"": 262120, ""missing_expected"": [], ""ok"": true, ""stop_token_ids"": [1, 50, 106], ""unexpected_allowed"": []}",3.5009699710062705,xgrammar,2.621028716035653,2.3914553659851663,91,25,24,"[194150, 1294, 4781, 2121, 37263, 12847, 580, 5552, 236764, 9922, 52996, 48069, 532, 37263, 48069, 1651, 3607, 532, 1758, 8785, 910, 15941, 39292, 236761, 106]","[194150, 1294, 4781, 2121, 37263, 12847, 580, 5552, 236764, 9922, 52996, 48069, 532, 37263, 48069, 1651, 3607, 532, 1758, 8785, 910, 15941, 39292, 236761]",1,"[1, 106, 50]",106,1,True,False,"[1, 1, 1, 1, 0, 2, 0, 1, 0, 2, 0, 0, 0, 1, 1, 1]","Professionals usually perform elaborate dance on stage, wearing intricate costumes and elaborate costumes while women and men wear their respective outfits.",True,10233737728,11.923129969043657
