job_id,design_index,family_index,constraint,k,t,n_low,n,nfa_states,unrolled_states,seed,dataset,structural_cell_index,replicate_index,base_instance_id,multi_token_keyword_count,compiled_constraint_sha256,job_sha256
000_common_gen_kth_last_k1_t1,0,0,kth_last,1,1,2,64,3,250,897793754,common_gen,0,0,common_gen:validation:930,0,eea36117af6f0da02f1bc4e58ecc25dd9ebcc04b94381151b77e1b6a2f04d0bd,7cfd5f33fab967b9ff20bccacc1d5157d2d5e69556772ded2a72bbf83625e4f8
001_common_gen_kth_last_k3_t1,1,1,kth_last,3,1,2,64,5,364,1812287493,common_gen,1,0,common_gen:validation:194,0,d86a9957e60e987bbcf4a88e522810439064bab59cff38bb0d5cbb2e33ec2efb,256c9766b2356e489790a928f4edcb8003e1c8cb43daedc43652a73f2f5299fe
002_common_gen_kth_last_k4_t1,2,2,kth_last,4,1,2,64,6,418,1700166206,common_gen,2,0,common_gen:validation:593,0,16ba99e9d2a6acbc3a81219b99a5b4f0a2fcbf74b81662927af89148559d4841,0367ced4d1f1b0eb75dd02b467debc0c749a62ef0bfbbecef3db9a28af16b9f4
003_common_gen_kth_last_k6_t1,3,3,kth_last,6,1,2,64,8,520,842411654,common_gen,3,0,common_gen:validation:218,0,0679c34228d9e774bd926893bab1b3f748f511494869dc6c8774103a06c99d0f,8267730920cb184e01a47840d484d43304d365f29a8431d241b3281df340cb21
004_common_gen_kth_last_k7_t1,4,4,kth_last,7,1,2,64,9,568,1633392913,common_gen,4,0,common_gen:validation:247,0,8defe766848782956cf0301d7e324d4d6d492ea43303cf4085a1d359aa6f83ce,30f9a4975ac17b1649a675eeee91f95561d51e0b5b540fb4fa1b9a135ff34e5f
005_common_gen_kth_last_k9_t1,5,5,kth_last,9,1,2,64,11,658,2090001954,common_gen,5,0,common_gen:validation:462,0,a4e9cbbf520565591715f720484aa0ab45a190a71034fdc8498cd52faa153083,775c6f5401192abc74e64f45c5d4d9524d1053ce64969c15ce4040b89e79342e
006_common_gen_kth_last_k11_t1,6,6,kth_last,11,1,2,64,13,740,1818931647,common_gen,6,0,common_gen:validation:195,0,d36f6518bbd23fea975763ca6813f9fd2d1a6f619cbb37dbda36f0558b531701,09377dcc8f01fb9e5d450ee76f845399bc55441cc95c90912d2266b757a0a91a
007_common_gen_kth_last_k12_t1,7,7,kth_last,12,1,2,64,14,778,27081196,common_gen,7,0,common_gen:validation:533,0,adf571e11495483b9677ad758b84706aec8644ac9dcf121b69c135b2eac8d759,4805040d1f061495d84f03b1022a0d063f7655aae945a4e7621894cce9d102af
008_common_gen_kth_last_k14_t1,8,8,kth_last,14,1,2,64,16,848,38761726,common_gen,8,0,common_gen:validation:7,0,fe3ab8c2caf6a57484ff3cb25fbb9278b54ec486b981e5bfa76d0c68629b07f4,d32b7ed7d0360df731ff719dfea6afc274da8e5ed9ae0991f3601f16ec6e6a34
009_common_gen_kth_last_k16_t1,9,9,kth_last,16,1,2,64,18,910,1570769743,common_gen,9,0,common_gen:validation:393,0,9be0c604f011b8a033454b42e3758a35fbb3ceb6c1e88d02a198de918f010706,34bfead2f296b2576e1b6c9dc380b8baa55a841d968579f7968939bb09088265
010_common_gen_kth_last_k17_t1,10,10,kth_last,17,1,2,64,19,938,480605786,common_gen,10,0,common_gen:validation:622,0,d8ca890be9f0e0b96dc76950a650b4e0bf62b187aee320c625778ff70d7416c6,1800f18cfcaa3e8a807f28272b0a4832d7a39f039a0400cc897dd515289a1cd9
011_common_gen_kth_last_k19_t1,11,11,kth_last,19,1,2,64,21,988,325908543,common_gen,11,0,common_gen:validation:455,0,813305d15d71991454ff494049bbfe71b0a8b57f2609c7ab98eb8e62dd419e00,c338d6baef0bd87d6798e585bd4d2c76bf78d609593d6d48fae8c0f02b5c5f43
012_common_gen_kth_last_k20_t1,12,12,kth_last,20,1,2,64,22,1010,1119897319,common_gen,12,0,common_gen:validation:594,0,c953b06f074582b500b8ca9568569b0aae488002fc1fd46bf1cf420df6f7d6f0,50125fc2b6e11723455c2d3d3eeb36e927f4b2fff8d7ce1a9ed06e849e3546c4
013_common_gen_kth_last_k22_t1,13,13,kth_last,22,1,2,64,24,1048,1599240223,common_gen,13,0,common_gen:validation:249,0,1ddd09db12d51844c5ba264e678f11ffe34fa06cd116ce814b9f766fcf6c357b,b9f76ec9d30e96382f77fa3dd51c5b299d613349eb7fd6b52dcbdb9facd02cc2
014_common_gen_kth_last_k24_t1,14,14,kth_last,24,1,2,64,26,1078,1243071568,common_gen,14,0,common_gen:validation:641,0,793ddf2e4faa163a351139d377802355200ee8109f7f9323e014012f52d7b3c2,c937a1052690e3648c8b8b85019ead48b3f42fb1611a39202368abfaec333911
015_common_gen_kth_last_k25_t1,15,15,kth_last,25,1,2,64,27,1090,2013217008,common_gen,15,0,common_gen:validation:162,0,3392d5dcc538ed112bc08da7a0c87d5db4c1f307bec4b93ddb1bc8e8b88793f7,22bb411af85f7291561061621924524641d59d1509f375606921f8c07d0ba4cc
016_common_gen_kth_last_k27_t1,16,16,kth_last,27,1,2,64,29,1108,1151954601,common_gen,16,0,common_gen:validation:969,0,32f4f8e63547d190e938561c597b321a1e50ea437a79a8b1b9b8bbf6b3f0d75f,589ba773d346220be352a655863f4c6b22a654a30db154e71bc37589df77d7aa
017_common_gen_kth_last_k29_t1,17,17,kth_last,29,1,2,64,31,1118,198980999,common_gen,17,0,common_gen:validation:461,0,4ccff2fe7fcaaf965bab6c0e405dde369d3e80d29dd521a273498ae6fe8445eb,ac011721967ca99f1216e9434504452238c865d4d6b4b22508884542c7e57e54
018_common_gen_kth_last_k30_t1,18,18,kth_last,30,1,2,64,32,1120,2080759986,common_gen,18,0,common_gen:validation:573,0,7f734e5f09e2ab5d770ee7ab88294d230dbd67cd521080532007be3dbca3587a,cb2fc45a469ae4abdbdbcadc0a2a7f5cc4283aea89f15b562ca25b6dd57ddd88
019_common_gen_kth_last_k32_t1,19,19,kth_last,32,1,2,64,34,1118,271166055,common_gen,19,0,common_gen:validation:605,0,19d055838a043ed6c30de3d46512d7621cf36e14ff1c02e8a2657834965bc0d5,7c200236f2d2257a858e01008f34cccbf0d381fca01298cbc34edef3c8ffb271
020_common_gen_kth_last_k33_t1,20,20,kth_last,33,1,2,64,35,1114,841196441,common_gen,20,0,common_gen:validation:170,0,f5511a74e13c6256b545d926cc91d95d7a304a36caf2d01c52fdcd2ea95e41ff,b0a5f921baff37f7ca1423ca646132f0d15c85985ffe7105bea070a5775542c2
021_common_gen_kth_last_k35_t1,21,21,kth_last,35,1,2,64,37,1100,1035774792,common_gen,21,0,common_gen:validation:767,0,2d51f2284d66525a5c857b30c458d99288b81a6a832c1ed39c466f392634bc87,441d0f53e68362752e4f6a63458d0604edfc87fcb42995fcb7c0a6593f9724f2
022_common_gen_kth_last_k37_t1,22,22,kth_last,37,1,2,64,39,1078,542830063,common_gen,22,0,common_gen:validation:5,0,7e0541995332f2af0bf79fb29d2b48c5659a7d909ec241ed274d0401ecf396bd,00c0fbd99778bb2f7b7d913c5955a3635d41a64e9ce9b0cfb84aca39020c7245
023_common_gen_kth_last_k38_t1,23,23,kth_last,38,1,2,64,40,1064,2060478371,common_gen,23,0,common_gen:validation:60,0,3c4c70ca22d967be356777ed22f130e05354f64e6cf7e0ca9f3fc41a00eba344,2a6128573f2c55e8c08a6ccba12101720839d7267d68a3bb12467d71051f49af
024_common_gen_kth_last_k40_t1,24,24,kth_last,40,1,2,64,42,1030,2069810451,common_gen,24,0,common_gen:validation:407,0,2dc9e01a27cad759138272638ca7926efb00899bdee4d8fe2d51bb8af50e80dc,695a60df9a342c02919b7736c771435dea4f82641ef9edef62936a215a2f3acf
025_common_gen_kth_last_k42_t1,25,25,kth_last,42,1,2,64,44,988,376522771,common_gen,25,0,common_gen:validation:68,0,13cc046723cdf093e70d013b5cf4f53a2737a840e6b82c26a9b5d5ad449b3d38,230981ad22fb4e31cd91fe9ad8fcf5b68297fbc314622bc1c02294faee5d2459
026_common_gen_kth_last_k43_t1,26,26,kth_last,43,1,2,64,45,964,881983928,common_gen,26,0,common_gen:validation:273,0,20a27182aa41c32a13d7cda539556b1bd5aea9928c908fe8b9e942beede2181c,fdb1bff3e9c261a5c71de39af31e324bc64850ba3ac62c4a0982ef8f5e6711bc
027_common_gen_kth_last_k45_t1,27,27,kth_last,45,1,2,64,47,910,1867340357,common_gen,27,0,common_gen:validation:264,0,647edd81e8776cb373727f170c569e71663e15663e6822310a9cc9e4c317be6f,69b03d3157ac5e9c72ba732deb33d09593ea2d2e1ccc7b3d26852fd8fcd4a7fe
028_common_gen_kth_last_k46_t1,28,28,kth_last,46,1,2,64,48,880,1538777945,common_gen,28,0,common_gen:validation:476,0,2771cf05438c7dc583d1304db49f687ccf85c08607ee08d01c21f623ba38e702,3641be8ca2a1bb6e164a53ebf000a85dcb92b76d864d7ce007bcfdf2499c7b49
029_common_gen_kth_last_k48_t1,29,29,kth_last,48,1,2,64,50,814,1569705894,common_gen,29,0,common_gen:validation:426,0,ac66eba62cc50179391a5513478ccb40c1c7fcbde1098376b1c9a9671aa17545,9d27eb3efbd60fa22c31591617f0ce8ad127e933becef811889237bc95409091
030_common_gen_repeat_after_k_k1_t3,30,0,repeat_after_k,1,3,2,64,6,432,940907085,common_gen,30,0,common_gen:validation:179,0,a4dcf02f778404afb02f0ba3fe434ff4f338f2231dbedf6ca6030c1ac5d54d50,b2630b747be5400a9ea1c4a2c475b0c1a67ea86f88eaa85a8951c02fa64d2873
031_common_gen_repeat_after_k_k2_t3,31,1,repeat_after_k,2,3,2,64,9,608,74405207,common_gen,31,0,common_gen:validation:71,0,6105bf89c789a0fce5bf04494b72fc62dba4d33e3be3a027d8f01f8a654caa29,8be8423eaa845ebb45d940ca724a3344cdac6f5aadbd8e60729cfa131dae1a27
032_common_gen_repeat_after_k_k3_t3,32,2,repeat_after_k,3,3,2,64,12,778,223376720,common_gen,32,0,common_gen:validation:985,0,a2dc7956af6e7a5179dab64fbfe1313ce593763b6550670a12eb89e0b145e1da,57701a5a3449c9b4ba73f348dec66ac3ef42524554d08c98750a3172b1479deb
033_common_gen_repeat_after_k_k4_t3,33,3,repeat_after_k,4,3,2,64,15,942,1397433216,common_gen,33,0,common_gen:validation:692,0,96c50f5bf3deacc89e1e650f3171f778e03aa2fac60ec76c0561377ff1c9dd95,61df6af6aa5e4f7bec834ebecb347e17638b9a6018a7320e8e2c70ffeebad707
034_common_gen_repeat_after_k_k5_t3,34,4,repeat_after_k,5,3,2,64,18,1100,1313394347,common_gen,34,0,common_gen:validation:186,0,02248381f8836671ff0d36a190512c472d37b0b299b5d4c392bd8862e8ac720f,9fd21befca3409af0d50b2415ee379d65eaafa419a52f12ab45a31dc64d7f112
035_common_gen_repeat_after_k_k6_t3,35,5,repeat_after_k,6,3,2,64,21,1252,208501510,common_gen,35,0,common_gen:validation:242,0,8b8efd7e6a61fe04a302902ed9a69abc032c0ea3df465867e43fb034c8db4be7,361c129e0dc2f1a1ba276eeed039384c2d2746f43090f609e8720702f52ad1ac
036_common_gen_repeat_after_k_k7_t3,36,6,repeat_after_k,7,3,2,64,24,1398,1595580074,common_gen,36,0,common_gen:validation:77,0,ee5c4ff1c8331557afa00294ecc845d8f9f285bdb09a640c4c2bcea2d8c687e3,8698e5740bf28c1617e2f033303f2d4705e343706ba8875489d58fee95c08de2
037_common_gen_repeat_after_k_k8_t3,37,7,repeat_after_k,8,3,2,64,27,1538,637249660,common_gen,37,0,common_gen:validation:299,0,51c5ef7345b3b31d78410076551eb1f060445fbf411752b27f4194cb437ad83c,fcd169a115548540e9100616f08dbdfecc4114256da4338ad1cd4d0c5ab77738
038_common_gen_repeat_after_k_k9_t3,38,8,repeat_after_k,9,3,2,64,30,1672,675906945,common_gen,38,0,common_gen:validation:879,0,0a4f86d0e9be1f31df327a2b1c0c6044691f9afeca7fb8f57906f01b938d3ba3,c1584ecdd0c1b87949bf0f14b394ea4382db8a5758e28987902932fb7517ea6a
039_common_gen_repeat_after_k_k10_t3,39,9,repeat_after_k,10,3,2,64,33,1800,1009292424,common_gen,39,0,common_gen:validation:789,0,2853127f4a2934a5961d0a45c78ec870ea0129163a8e57018c99616cae4d5994,b10e1ca6f449492938c9d57673e571159308e519e7403d3401c88a3deb2aef96
040_common_gen_repeat_after_k_k11_t3,40,10,repeat_after_k,11,3,2,64,36,1922,2144758566,common_gen,40,0,common_gen:validation:144,0,6747740fac08f053b70841d6ea4defd651b18fc0a1fce174f98a581bad19c3f1,196a523152a449ea9c2293b2f8fdd5a87d942b37a99575f65f0b40ca3fa8f39a
041_common_gen_repeat_after_k_k12_t3,41,11,repeat_after_k,12,3,2,64,39,2038,112594980,common_gen,41,0,common_gen:validation:62,0,4d1ade7a402597647435deb416a47cfa3d163519766f1db432e2c5a91fa283cf,410c3f80f51774c839054cd6415ae4e3342f813a20e13aad1961faba6c761089
042_common_gen_repeat_after_k_k13_t3,42,12,repeat_after_k,13,3,2,64,42,2148,1298467098,common_gen,42,0,common_gen:validation:189,0,5f977a59c9ce83364f1dfa93ad408d1a7b18548a81de60a7ad23885ac00d0694,184399fdce8160abfaa112a0df1ad834ef440feae7aaf8f5e4f0779b8c0306e3
043_common_gen_repeat_after_k_k14_t3,43,13,repeat_after_k,14,3,2,64,45,2252,1823450284,common_gen,43,0,common_gen:validation:551,0,8c4a4a541f84b51ed26f033692e00b0b709f5aabc8a841cc728289374110ee27,1c5a8a2cf599a662efb710efadecbf7db374dc41b9607c9f7f07dcd1731ebc92
044_common_gen_repeat_after_k_k15_t3,44,14,repeat_after_k,15,3,2,64,48,2350,1198539203,common_gen,44,0,common_gen:validation:659,0,02978b02dd84dea5b605da4b7d62ca4adb5b198d2970a2289bf4216489dff0a0,987c999dc2f87fb0b5c0791450b93653f42ea8cb1a31f7be45d000bb963f924f
045_common_gen_any_token_at_least_k_k3_t1,45,0,any_token_at_least_k,3,1,2,64,5,364,37439562,common_gen,45,0,common_gen:validation:658,0,c8751f7799f24c2ebac2062aff47dad33600b7d5c9831ff5982110c5ea06759a,f35346abeb9b745b33d8149c7da42a004e367a17e469da8fe459f06ec74abf96
046_common_gen_any_token_at_least_k_k3_t2,46,1,any_token_at_least_k,3,2,2,64,9,546,1903573988,common_gen,46,0,common_gen:validation:133,0,8ba4e50b977920ba73651c93e21730edbb3ca18d901fab62ceb0ae920d761507,003d4147cc7f54a30786296fb684ad8eeb869784bbed9ea0252665fec88a3498
047_common_gen_any_token_at_least_k_k3_t3,47,2,any_token_at_least_k,3,3,2,64,12,728,314449602,common_gen,47,0,common_gen:validation:450,0,475c177bb12b67b21ef825a6595e1b0208038bce1b702f263b52c006be3fbe82,3ab034e6603868e9fb8e7d136c52e823a95dffba11dc50131260d01ef5e00bc1
048_common_gen_any_token_at_least_k_k3_t4,48,3,any_token_at_least_k,3,4,2,64,15,910,233223876,common_gen,48,0,common_gen:validation:511,0,d812aae0c119c312cac724e765aad94c47ba2094fe81fc1e91ab9433715f8f1b,5ec7ebcba5e8d49e95f521af515b2f943a9a303f76be24f51cab944860176e41
049_common_gen_any_token_at_least_k_k3_t5,49,4,any_token_at_least_k,3,5,2,64,18,1092,787705423,common_gen,49,0,common_gen:validation:138,0,4834180bed4936ac45f45868db7da43b962ac05f99733b91b33e9488fdd3ac63,11605ecfce32892568477a5e5f04f08eaeff70e49b5a97abf64a443986e985f9
050_common_gen_any_token_at_least_k_k3_t6,50,5,any_token_at_least_k,3,6,2,64,21,1274,1795740898,common_gen,50,0,common_gen:validation:973,0,036b4a5af1ab30936c5906a5fd688a0b5b7a6d1594e735f299f84fb08a49a520,41da70aa2c2d4cdd1c78f82b6ce64134c56cba0a6e3c2c54617dbf3922414da5
051_common_gen_any_token_at_least_k_k3_t7,51,6,any_token_at_least_k,3,7,2,64,24,1456,811910745,common_gen,51,0,common_gen:validation:978,0,5d5e1a4b599de7bc88c92982e8f9212b9e57175453b1d063c0a55830f23e6c59,00b30d989715dc01df0deea180a5d0c4bd0d10fe88aee078cf4dfa37501505f4
052_common_gen_any_token_at_least_k_k3_t8,52,7,any_token_at_least_k,3,8,2,64,27,1638,1041751815,common_gen,52,0,common_gen:validation:342,0,139f9945e3840c7e0f042460214aacc5e16bccd35d006d7b4840f4c071ecc365,751ed824f8427e5b1705f89706177affa8e6951ed998757dce5faa836328714c
053_common_gen_any_token_at_least_k_k3_t9,53,8,any_token_at_least_k,3,9,2,64,30,1820,706602038,common_gen,53,0,common_gen:validation:730,0,014d3dc913ef224486814da8e7ac8e8a6432869a6dea374567823b5ec6bf87ee,da573bcbc19fd4f07b1250cee0c85de4678a603300c76d10aecd684be53d3940
054_common_gen_any_token_at_least_k_k3_t10,54,9,any_token_at_least_k,3,10,2,64,33,2002,1733019061,common_gen,54,0,common_gen:validation:773,0,7f48a97fa5daf6b80ba4709420073bee26b8b53ea0922903f474e7878e81a48a,f102e4baec7ddce52ee85f01192d72d33840e73af24ef8fec66e65169f3f68ce
055_common_gen_any_token_at_least_k_k3_t11,55,10,any_token_at_least_k,3,11,2,64,36,2184,769030786,common_gen,55,0,common_gen:validation:163,0,a37ccd2869e850264c8fbfd675eeacd784034c35d030e18b48d94743ba466edf,136cd98fb4f587800859b5792b5860fc8452eafb3ca553f98a362fc1841b7959
056_common_gen_any_token_at_least_k_k3_t12,56,11,any_token_at_least_k,3,12,2,64,39,2366,1602948389,common_gen,56,0,common_gen:validation:800,0,9fa0d5917eeaf2014f892a6974ef157bd1e62b3930fb5d58e887f9f130593f63,3043167ec6c1b9b7349bf22f733359308663c95ff4bd9f393c71a25dc5807c15
057_common_gen_any_token_at_least_k_k3_t13,57,12,any_token_at_least_k,3,13,2,64,42,2548,1976454131,common_gen,57,0,common_gen:validation:909,0,4920bc1a702f451c5c9e1da93d7e4b2efca6238be8a4a80ddab088fd89cbec22,ca261f1a63bfc7bf8f58f8f061b1d56ff89a1627883e8fab52acf27af89c1995
058_common_gen_any_token_at_least_k_k3_t14,58,13,any_token_at_least_k,3,14,2,64,45,2730,2080991682,common_gen,58,0,common_gen:validation:207,0,99899b539088b572425c124933ad0be4b7972ed99774a4bc64f2b56b24bbdf3b,809f2e054da6c20e037a33eb7adee0dca1d6509cd978b3ccdb211edafdaaeec5
059_common_gen_any_token_at_least_k_k3_t15,59,14,any_token_at_least_k,3,15,2,64,48,2912,1841475802,common_gen,59,0,common_gen:validation:676,0,5f3ffc36b63dd43641d2983d496f70e2ded3df75e047fc423373c259a31e0bd1,0d4c6932d105d64982ece2dbca6cb9a74b2a236f82536d52cf891369ee8658e9
060_common_gen_exactly_once_kna_t1,60,0,exactly_once,,1,2,64,3,250,416014672,common_gen,60,0,common_gen:validation:248,0,372a7ab978a327a85cbbf7146439a717697088555ee194e75279c478d5abe058,3988a7da1bac17bcfd46f85d2b139bed9c0fc25700b2e429d49d090922e6f948
061_common_gen_exactly_once_kna_t2,61,1,exactly_once,,2,2,64,6,375,646475569,common_gen,61,0,common_gen:validation:899,0,f5c02eafeaaaaf9f4f09633c621705bc5349b7f9f887dc2b2b6d9f48a69642b9,c4275023b7847388d0e23a8636fcedf3b46d85fe8558d6c92bba9ca0899dd82e
062_common_gen_exactly_once_kna_t3,62,2,exactly_once,,3,2,64,8,500,602052025,common_gen,62,0,common_gen:validation:478,0,6e2e02ebe3af69cc4f8df03aa4b0b0cc5456e74f3fe5b790168ecf0b8678aca3,ce97fec3690fbc95d8b04ba6b7f3a7342a472c330a4bb9ff794d84aae4916e4a
063_common_gen_exactly_once_kna_t4,63,3,exactly_once,,4,2,64,10,625,517028796,common_gen,63,0,common_gen:validation:900,0,0839598aaf1bafcd02a78055d1ab08ae4d735404395dae06c444e6ee18c546a6,7cd7efff09fda589f78f35206718e5314281617b8f83faa6a501205be0699bb2
064_common_gen_exactly_once_kna_t5,64,4,exactly_once,,5,2,64,12,750,487164686,common_gen,64,0,common_gen:validation:206,0,a0a6be4a26f8eb527d68a88499fb84101d0b5ab158fbdc9d51ce2ff81e6dfafc,d9621a780686cba88da5d2928de4e1fb0a2fc800fa41c3eabc6d030480f0d3d0
065_common_gen_exactly_once_kna_t6,65,5,exactly_once,,6,2,64,14,875,1890148514,common_gen,65,0,common_gen:validation:395,0,ee073aaab1f147c99e9d26c8f8d6cfd8a6af91eff9edab7e8834446d46e02e8b,b40346b5c03e492a3641c11a976b865eb61d9e758b016596a2316b9cac711560
066_common_gen_exactly_once_kna_t7,66,6,exactly_once,,7,2,64,16,1000,148789456,common_gen,66,0,common_gen:validation:597,0,061bea986d5751f2a4e738f3e04228a930152189a9838d6b9ed784214b063fc8,b2d7010102dea6fd0c3173e1ab805023b5305fbed0bb5fdbc47067e214672fc6
067_common_gen_exactly_once_kna_t8,67,7,exactly_once,,8,2,64,18,1125,1089310040,common_gen,67,0,common_gen:validation:877,0,eed4ad219b59247d4e7bf792efe49da0b49a14381eea533fe064a783d6f336ef,15727f2f43355170baf6db883b6368701fe00e40bd2b9fee0833e188105128eb
068_common_gen_exactly_once_kna_t9,68,8,exactly_once,,9,2,64,20,1250,1146107903,common_gen,68,0,common_gen:validation:316,0,929e5df9e2d35d9b875e5069a8a265726788da0a441a7e202e886fb4b479481d,b8e3b2b97c02bcf3ce13945948cb7c059220f322da41a94ce784a15f1797a5ee
069_common_gen_exactly_once_kna_t10,69,9,exactly_once,,10,2,64,22,1375,887465423,common_gen,69,0,common_gen:validation:675,0,159528be35c5722c29115b153e4e61f110e6559046d3a202ae5bb54b5bfc5f23,cbcd049348128788847cbb3075c6c5d83e96e45eb8a1da4b7c810af698c9bd67
070_common_gen_exactly_once_kna_t11,70,10,exactly_once,,11,2,64,24,1500,1603901595,common_gen,70,0,common_gen:validation:744,0,7afeca319287c6f9304f49dbd7985eced6a28d09124f4d7f768a092edde6662b,dbc7c6305ed31f056f0446eccd0657d98629d21595e5dbdd325b4d66220e4595
071_common_gen_exactly_once_kna_t12,71,11,exactly_once,,12,2,64,26,1625,1294496675,common_gen,71,0,common_gen:validation:863,0,fb3f94c5e6db071b3e7f985f05ad48233d61c8c08e6ec7c7e12af03a9d70ef76,2f81fa5dedb87280160b2e4c87e8e49ec8106985783ad1d41f3ab49cf690eb21
072_common_gen_exactly_once_kna_t13,72,12,exactly_once,,13,2,64,28,1750,1229933557,common_gen,72,0,common_gen:validation:825,0,c916423d52e8631dec167c0ce075d205b53066084258ecb9d76c0dba7c7d2a90,d1a1df3c987da36becb59263ab0b3fabf962dfbcd2daa3bde1087e075b06cee2
073_common_gen_exactly_once_kna_t14,73,13,exactly_once,,14,2,64,30,1875,1110274429,common_gen,73,0,common_gen:validation:549,0,9b942102c6f650dc191355e07fea6a1cf1c8f89fe75a4064022850e4d6b09865,665650c8d830e0f98eeb203c0ef6638a4d9a2444ef93ee380552b09b82b4a435
074_common_gen_exactly_once_kna_t15,74,14,exactly_once,,15,2,64,32,2000,646630876,common_gen,74,0,common_gen:validation:781,0,4ba9718adb6f79e555bc62a63132442c3231602ffcd1f3dbec0418b30b3f89f8,bb5be8c0a8ae0c35b48a6d5b3c3a1ec80128eb86b82c3bd7e2ec151bf957dc99
075_common_gen_exactly_once_kna_t16,75,15,exactly_once,,16,2,64,34,2125,408820454,common_gen,75,0,common_gen:validation:912,0,bfabe74438895d0a7e12b68a815bea4f54cbd5cbde78463e0b9f00b15c4eccd8,c2569919af8f4652984b1e3407f181606c4a20c0c6be60183668bf3bbcfde1c7
076_common_gen_exactly_once_kna_t17,76,16,exactly_once,,17,2,64,36,2250,1260374623,common_gen,76,0,common_gen:validation:122,0,eb800ba48dafe42b2ef911d79f73fbda5822edaed327f5a22d32cae86cc456bb,9d5750b22c3868540689e393d541ce7cf855ef33e37bec060544db85027faff0
077_common_gen_exactly_once_kna_t18,77,17,exactly_once,,18,2,64,38,2375,1300087101,common_gen,77,0,common_gen:validation:739,0,3e950beb17da4ed1f6d512028a298782d769743494f510d4a2b3c90d20b8e3f9,5e451f3afa94e0720794c7a9ff3eb0018d062802564b5570daf165daabc60831
078_common_gen_exactly_once_kna_t19,78,18,exactly_once,,19,2,64,40,2500,836412328,common_gen,78,0,common_gen:validation:853,0,6205b19792fd499c3b2af3d2c0a933648709a2cb2068a1be8a560b1437958f44,bdffc5e3fda9f99c312598e7dd52575a1c6cfa9182b139f87b6cc7dac963fde4
079_common_gen_odd_count_kna_t14,79,13,odd_count,,14,2,64,30,1875,857176652,common_gen,79,0,common_gen:validation:708,0,56d0a482c1a6e5bc51802580d805809dcbc5d9f9eacce599fc9b7c837d51ad16,7f79668382a748a189699945371284b5d00174840505fa6812c2a7114dcfc13b
080_common_gen_left_not_right_kna_t1,80,0,left_not_right,,1,2,64,5,308,824386362,common_gen,80,0,common_gen:validation:327,0,0b91233ca051520c4d533598dc09810647d73ef8e6e36bc0de4abae2d745e253,6a55e90b23dc94100927472a96edfbafba097a41b091abbcb10472a9bf42097c
081_common_gen_left_not_right_kna_t2,81,1,left_not_right,,2,2,64,9,493,653345694,common_gen,81,0,common_gen:validation:954,0,9da307fe1d51ac32a7936ee692f215cce69a384f6bb6cdd85a93f55ebc76d7db,61ff38c9e6f58f6e4d2cbdbf3b959390edfc1f17f34194382d0527ddff2fc4a3
082_common_gen_left_not_right_kna_t3,82,2,left_not_right,,3,2,64,12,678,349216165,common_gen,82,0,common_gen:validation:24,0,4006bdf4fba72cf40d6109ebff6270892eed233d2b2e7f14fccf7ab1695c7484,f482cdb8d517189e984c032a51649e71f57e41b87a9e6bd0981e46106a615755
083_common_gen_left_not_right_kna_t4,83,3,left_not_right,,4,2,64,15,863,1598761772,common_gen,83,0,common_gen:validation:275,0,736fefec0c4944518f022c551f52fb8c0e49ee6f4b05bfe185b70e0538db20df,e26bcf847ff0cf762c2171afefb760d02050ce7cca8c2ecb2b44f96edf0d3f55
084_common_gen_left_not_right_kna_t5,84,4,left_not_right,,5,2,64,18,1048,1997771556,common_gen,84,0,common_gen:validation:390,0,592481fa68794beb62bfb5cb9b8fc830ec3a76c3feff08f3fe54e40b2c9e6bf7,2d1d6161315b5eefff84bf3a4002609a193faabd18ebb060910db7d272691885
085_common_gen_left_not_right_kna_t6,85,5,left_not_right,,6,2,64,21,1233,1853355359,common_gen,85,0,common_gen:validation:687,0,e04d2fc1fd4cad25eeb6bc47b51bc8599d21f1a338f1730d01eee0a9c03af2a8,287612172540fb534101e8a8071b9cef9cbbdf5af6c157df6e9b46905deb4c82
086_common_gen_left_not_right_kna_t7,86,6,left_not_right,,7,2,64,24,1418,1258226968,common_gen,86,0,common_gen:validation:548,0,d7189869c83db7de9cfeda62718b2c34c2f695fff4e89ed1e77270545c822a98,3e9da07897dbecb75a281d91ba67a5d5540c394536bf73bd17c7e00a0d890048
087_common_gen_left_not_right_kna_t8,87,7,left_not_right,,8,2,64,27,1603,1376487332,common_gen,87,0,common_gen:validation:429,0,9dff68e57478f9f121f19a5a518b67a64a4fbae53309abba54a1a54a9ad82318,c5b6d26696c89b32c09c33130febe2066bf00beec9b1261f9fc8abb3fe504939
088_common_gen_left_not_right_kna_t9,88,8,left_not_right,,9,2,64,30,1788,1200502723,common_gen,88,0,common_gen:validation:793,0,12d020936d354f77fd8d6dd42371ca4eef95b44ff5a48e45d6daefb52fb828c8,0a8f5c78cccb59a063a64298488165ce15c6c81166f46671716ce1c538652b39
089_common_gen_left_not_right_kna_t10,89,9,left_not_right,,10,2,64,33,1973,1505447202,common_gen,89,0,common_gen:validation:416,0,1e272a1b68142955ffb127967568a65438c9116c77fdf5fa1972bd20e23c9010,ae7091ba6badfd9d98007ef710d485246e9594393c0ea87868c93cf89c4ce10d
090_common_gen_left_not_right_kna_t11,90,10,left_not_right,,11,2,64,36,2158,771020817,common_gen,90,0,common_gen:validation:343,0,dd664045d637fc42ce74171325209bc35a8b55809940f3f58cdda6d2d90481a9,a291f9339512a239fb08b53f2a024f7d3a9c0d9096710855e3fa52371739bbfb
091_common_gen_left_not_right_kna_t12,91,11,left_not_right,,12,2,64,39,2343,804440475,common_gen,91,0,common_gen:validation:608,0,a9dde81d31f9f1e0e66a5e620f02cd902ea0ba97523583eb0490ddc857acf84b,0eb08d9069a040ae3a79de85ec50f7d80586b120956d7ee530bb54d5bda15b98
092_common_gen_left_not_right_kna_t13,92,12,left_not_right,,13,2,64,42,2528,231882639,common_gen,92,0,common_gen:validation:950,0,8e0d8bb735c88519b1336eb530da5efee9413bd0f0923b6c016f9129ed4003d3,7d6425d63c46942fb50ad0410d5231654c282a9879d966fee9765bc48a2da7cf
093_common_gen_left_not_right_kna_t14,93,13,left_not_right,,14,2,64,45,2713,1386296876,common_gen,93,0,common_gen:validation:750,0,dd3a97bf3bb87b01b6664d256d6dc6c55c24aa6a601eeb70e2041902d4152f2b,596c612bd7a660cd6aeca05788aedafbd9e7ec19fa24068edcf9c77134541c64
094_common_gen_left_not_right_kna_t15,94,14,left_not_right,,15,2,64,48,2898,597251337,common_gen,94,0,common_gen:validation:820,0,2b5df64a4f7d06bb76ae8968712fb538c4f1d66f02a5ac3422d8d0f5325cd03c,e4f681fd2c234540f653b6fd9be9a1f70a2be5ed4f52d169320f32b8b5952d9a
095_common_gen_left_not_right_kna_t16,95,15,left_not_right,,16,2,64,51,3083,244727052,common_gen,95,0,common_gen:validation:963,0,9266c81ed92e3284b8e08fbd434ee8ee0a366175d7d4da41f626254a1a136f35,20e5726168ad59d11f959eac008e5bfc599b953801c86a45fb938b2c02422426
096_common_gen_sets_differ_kna_t1,96,0,sets_differ,,1,2,64,7,432,1166467532,common_gen,96,0,common_gen:validation:137,0,1847bd4f42039ccdcde615afeb67e8ba74d08423d5370a3d4a864630fdadf21f,a05dc6230fca8a28f327eef2beecf836b1aa2fccad1a371b2529774bf9894ef3
097_common_gen_sets_differ_kna_t2,97,1,sets_differ,,2,2,64,12,679,297153974,common_gen,97,0,common_gen:validation:271,0,8dc0cf853aa056edb14a85caf313ceca7616a69017c67fe72e6269235eaa171e,93bcd218ef7f87781f0588efa1d792ceae2afcc93f0c8c9cab74675e0f17e804
098_common_gen_sets_differ_kna_t3,98,2,sets_differ,,3,2,64,16,926,1600987872,common_gen,98,0,common_gen:validation:836,0,8511f2565dc7e54f63af649df921c8e02c3221cfaae8e8de26e3c5591243a6d7,b0aab2ca831f87f0cdbf264a03e6b539dcfb3a35a4025f41a8bff81fe0f71a90
099_common_gen_sets_differ_kna_t4,99,3,sets_differ,,4,2,64,20,1173,307676802,common_gen,99,0,common_gen:validation:469,0,474890c9716b9a43c9c1d7c032bea4eca128805a00a046b264cca56e9354af97,3d5863a1a63ef1fb61e19e27f6c1d8054f8c782e068f202f533d8c6cbe20126a
100_common_gen_sets_differ_kna_t5,100,4,sets_differ,,5,2,64,24,1420,575697519,common_gen,100,0,common_gen:validation:73,0,f3eeef84deeafd41a38673fff5f98563a9a5acf6d2e678a727b29b209cbcad5d,c3b4f3292e5dfeba6c5e440902a16a18c3bb66749ef3894336b62b742e0e9f05
101_common_gen_sets_differ_kna_t6,101,5,sets_differ,,6,2,64,28,1667,84759980,common_gen,101,0,common_gen:validation:655,0,4430ea97cb0b8dceebc63f742a26b7083cecdc7034c9ade61664062d2687c628,7f72d1ce266ab377b67befd7caafd1adf2816a97032f71b45ebe0e897a5033b2
102_common_gen_sets_differ_kna_t7,102,6,sets_differ,,7,2,64,32,1914,1345129960,common_gen,102,0,common_gen:validation:302,0,bb1c3257533f485390c3c2443e28b2664202d88331e804b649244a419c147a65,b44e6e48035d402aa019806f0256e2f0762f0aefac551402cd18e05c4bce4598
103_common_gen_sets_differ_kna_t8,103,7,sets_differ,,8,2,64,36,2161,1603671715,common_gen,103,0,common_gen:validation:904,0,b4e745c72931365754aecf7b70607344e3e121b663eb894fdc4bcd0f20fcd80e,6c4bb947a520374ec547b386c0331eeadeeccab96ad842f333fc9215a5d89aa5
104_common_gen_sets_differ_kna_t9,104,8,sets_differ,,9,2,64,40,2408,1693750564,common_gen,104,0,common_gen:validation:488,0,caa853aaccd5d001aee56eb9413db69f2e7a901461f0d24dd37aaa2bb037bdd7,7d28a58a3f33e60724e208cd0d6c1ed4c53345e998d41bbe0418ed7d034e3b7d
105_common_gen_sets_differ_kna_t10,105,9,sets_differ,,10,2,64,44,2655,499679188,common_gen,105,0,common_gen:validation:518,0,0d9e205a70aae9962261888323f6bf076aaa75776b9256f7f741fcbf2c128cd5,36912138ed94bef22595467cce4ea09c613f63daca715ee7d986dd964c90be28
106_common_gen_both_sides_kna_t1,106,0,both_sides,,1,2,64,6,364,751138873,common_gen,106,0,common_gen:validation:821,0,dca2b23bf673e38b4eb84fdd4d5a5cef56adfd7a9eddb28269f10b3104dffd36,dcd28fe82f2413a97a562b8cd74faea11cfcaff6eda22e6defa21a54717b82dc
107_common_gen_both_sides_kna_t2,107,1,both_sides,,2,2,64,10,546,1787116719,common_gen,107,0,common_gen:validation:918,0,64d432266686ae7dd1536db8445de31ef7028799a99be286f84f1a1ab4b0ff4f,995386db9d1e334a4148502b6a4a13efc653a007aefac56672b8c40e14047f68
108_common_gen_both_sides_kna_t3,108,2,both_sides,,3,2,64,13,728,69960948,common_gen,108,0,common_gen:validation:74,0,e7d5e446e163139759efc73ebea88f506539d6da3bdfcdda204165d4a2d60164,37ce789b076d8938775d9ea46af52ad0bbb17349c066053bc7f818040a1f62c6
109_common_gen_both_sides_kna_t4,109,3,both_sides,,4,2,64,16,910,1992996289,common_gen,109,0,common_gen:validation:823,0,ef93d0891ced3c09031ebbf3cb70cfb71827e7d478fe7f7241b082ce7e1a92f8,c7533bee9c8de8e387c346ee20edd9c755d9796e9fef54f0208aef9b16df7dbd
110_common_gen_both_sides_kna_t5,110,4,both_sides,,5,2,64,19,1092,1305460016,common_gen,110,0,common_gen:validation:681,0,f5e4095a3cc300047f56d83749548bf50b1694fa0e01a1f307cf5328edb7dffd,9c70afbc1a7c36dce579b4002cbc19e2fd9a09bc578af4c686fd1a0450a096e9
111_common_gen_both_sides_kna_t6,111,5,both_sides,,6,2,64,22,1274,882206730,common_gen,111,0,common_gen:validation:525,0,62accfaeeb02bc737103c146d92ba907acff807ad58a456df2807b58420aac6d,e2976de8bf1f9cb36d0c6e14c6ead547cb308903651d65d100692b5fd233cd0b
112_common_gen_both_sides_kna_t7,112,6,both_sides,,7,2,64,25,1456,1702294781,common_gen,112,0,common_gen:validation:166,0,9836491b436530907bb7b665d6426532fe768776d9944aaecedaf2416fee4aaf,6ce7991106a83ad47503ba2e6e9db6098cbfe877ee2329efe524131f25108bc4
113_common_gen_both_sides_kna_t8,113,7,both_sides,,8,2,64,28,1638,830381535,common_gen,113,0,common_gen:validation:883,0,65842268f9af1388c593ffe577860a728f8416fddd7b0d27c718ec4c14ca9647,7d2ead640f6aa7bf2b65703229855f0369974e4c0d2219dd4c0c25cd32207d35
114_common_gen_both_sides_kna_t9,114,8,both_sides,,9,2,64,31,1820,1181166704,common_gen,114,0,common_gen:validation:274,0,f01e80f88df68b4523ee49add14396514375aa501088bc6f837dc7a4a10b9134,a5b2dba86b39cdfd23e49f27388f94bda289c53c7fe6d62e9d9e6b412c07a87c
115_common_gen_both_sides_kna_t10,115,9,both_sides,,10,2,64,34,2002,442803529,common_gen,115,0,common_gen:validation:803,0,04ecdee112807eb4661a05b24371794d93557534c07c8cdd22149e2d50d89dcb,d7ad03ba03369e686a6af3ccdb86b831d68eb7ee02681cadc88b4e7eefedbc73
116_common_gen_both_sides_kna_t11,116,10,both_sides,,11,2,64,37,2184,1399913590,common_gen,116,0,common_gen:validation:276,0,5e98e1c16f016e86abfbeda1c9f72881bfd0110ea6cbc0663dfcc5a641bf535a,161ffa6cc6bada3b6920461d70b0ce9953751a0dc8a1f9c5a4e513b12238d2f7
117_common_gen_both_sides_kna_t12,117,11,both_sides,,12,2,64,40,2366,1209901790,common_gen,117,0,common_gen:validation:694,0,37d2d4eb9807fe5f9835be0a7fbd7298bc48026095250ce3a8a3dfcb55b76f7c,d66021d73c87d16e45a6d8810d2217087cfbff2fdb3d03f7cc7db214bc3c847a
118_common_gen_both_sides_kna_t13,118,12,both_sides,,13,2,64,43,2548,852852407,common_gen,118,0,common_gen:validation:875,0,23d8633c66c347f8ac30477cb8e98abe832ecf298b7ef919264bad0e19a38598,42ea942032a8925294de65fc8d0a6c376395188b5d6496fb000024cb1f70b07f
119_common_gen_both_sides_kna_t14,119,13,both_sides,,14,2,64,46,2730,1584945014,common_gen,119,0,common_gen:validation:603,0,66dc971e3671369b799bf78bc4704f0964770bc500f949f8c2bdb1642f2ee91d,e0edf5efaae49ab7912619fbd7ba64801748e1a75d0e5259cbf8a329b131b286
120_common_gen_both_sides_kna_t15,120,14,both_sides,,15,2,64,49,2912,816804965,common_gen,120,0,common_gen:validation:599,0,16a44ec24ed89c83543f4aadb5c4d479a4f03a57b333fec0f11793ce6e632e13,888aa59fbb228ebb7bd2dd5e2aa754a81736fd9715817b0c4859d2f54201c446
121_common_gen_even_count_kna_t1,121,0,even_count,,1,2,64,4,308,103387277,common_gen,121,0,common_gen:validation:752,0,9fc8d400c4bc227e4c7a1dbdd2069e7b56db71ca1c3b6ac6acacb825cf4548e1,f5fdfa5fee7d980a0fb07bd163dd9f559bd2453d44cf014f8f60cb9b61c3e276
122_common_gen_even_count_kna_t2,122,1,even_count,,2,2,64,8,493,982188147,common_gen,122,0,common_gen:validation:135,0,62caff17e30e4205c6c330af9a360a592ccf3b423109011aeeede59da89d8fbb,66b211be95cf71155693c5ff3a0c665e3ac1ea69579cf43936f7fe620c39e638
123_common_gen_even_count_kna_t3,123,2,even_count,,3,2,64,11,678,436255659,common_gen,123,0,common_gen:validation:238,0,9dee9194d38243b99dd05e2380f9a50c69cf315352c5c8b69cf493d5ffec9478,8bb95a5ca062f76d462d41c1aacd1a7481fb370be714c5a04735d7589004961f
124_common_gen_even_count_kna_t4,124,3,even_count,,4,2,64,14,863,650104059,common_gen,124,0,common_gen:validation:831,0,7169defeab9d8619e0877d8c2891a6a559d37aa60e527a61a19ad5eb9d87943e,806cb0a33be6548d9fdb836801d9827c856c7223230083c694463e8f37329b87
125_common_gen_even_count_kna_t5,125,4,even_count,,5,2,64,17,1048,710421324,common_gen,125,0,common_gen:validation:538,0,9a83c43af8ba89c20c404f190736871bd2334b1ee826cf6e5c71ba49145ead2c,3a8d764aaf3e2119a9df2d3f0e9c439e7958eae267e671867c0af2f544d5c1cc
126_common_gen_even_count_kna_t6,126,5,even_count,,6,2,64,20,1233,648168075,common_gen,126,0,common_gen:validation:38,0,d465f66758bb26cc68c285f38817e36e9d7340db63d4ca7d66ae0b4bfd4eee15,5cc9f374d142e550215e5dcafe2a8e39b9ac81ad40947fba68a6d0f46a21b58d
127_common_gen_even_count_kna_t7,127,6,even_count,,7,2,64,23,1418,2103500988,common_gen,127,0,common_gen:validation:947,0,2b16f48b6d1659c54f94db23fa6261e9e5de98bfeee89a85cb8375b218d531c9,e55d30a56e788d76b4fa8a0b713153f688908900c33928a73a1a3d7a8fb08fa8
128_common_gen_even_count_kna_t8,128,7,even_count,,8,2,64,26,1603,1373261919,common_gen,128,0,common_gen:validation:670,0,236173c45491596e01e7a63978ffdf6917df32fb9c31a985849e9d3e9c23f18d,adb7df09eb4ddaed9e3bb28b4f5ab887be289fd122a0f09f318b5b0366adb1bf
129_common_gen_even_count_kna_t9,129,8,even_count,,9,2,64,29,1788,938784664,common_gen,129,0,common_gen:validation:434,0,9a73261fbd0545550d8ac1e80a1757fd780719c0b7d8dc78985dd8c21a6b9d9e,b36bcc74b457ed289fe3e3b8ae65c4f7a3493e3d9d3c5f93b8895e4412d8a9e8
130_common_gen_even_count_kna_t10,130,9,even_count,,10,2,64,32,1973,1129217176,common_gen,130,0,common_gen:validation:975,0,511628eb839441dfa8dfb321329bc34f3826840f8f2e1ce9ec43dac7f3df1653,2e1931344850062f407ecec603bcc65982d978856f6e017099c1be079a3aec26
131_common_gen_even_count_kna_t11,131,10,even_count,,11,2,64,35,2158,1023589603,common_gen,131,0,common_gen:validation:860,0,c2b4193210c4e1f54e0f4648ccf87d4f9a8f77bab4a79d1142f74d88762a6171,79988fedccb6d9ada5b85d5a476dcf517fcc0f5d0500fa2df170d1582f0c1f4b
132_common_gen_even_count_kna_t12,132,11,even_count,,12,2,64,38,2343,1421284154,common_gen,132,0,common_gen:validation:559,0,0840f099bab048679ee7fadfa20163cd74661863aa7aa7e9c50b5df7b1a063e9,8025819b5d589fa102b665d8c34c2c3f431d33b6ed78c251a55563d24983c88b
133_common_gen_even_count_kna_t13,133,12,even_count,,13,2,64,41,2528,1410041463,common_gen,133,0,common_gen:validation:929,0,f194b45f7af684803404aa51aa636e7763082d83741e62454e36747cbde883ca,411b792265f5da2712f21ea1e755f590431e5a17426b146d5dc16bb52ca1b852
134_common_gen_even_count_kna_t14,134,13,even_count,,14,2,64,44,2713,308012226,common_gen,134,0,common_gen:validation:682,0,787125dc97fcd9773215447c6cd200e18d73419e55652cb650b382e73ebe7bca,0f872d068354ba48c973210e396d01a635761a138d1abea9763c673655c3097f
135_common_gen_even_count_kna_t15,135,14,even_count,,15,2,64,47,2898,1060376882,common_gen,135,0,common_gen:validation:666,0,e462b2f78ae481306913bda4cd945fb63cb64c15e7d943533cbbfc7aa47f5166,6ab9b303216c523a5cc2b886a66d9252d02338a5e9058fcd1fa58a42f88861a8
136_common_gen_even_count_kna_t16,136,15,even_count,,16,2,64,50,3083,2042865728,common_gen,136,0,common_gen:validation:971,0,479f45f157ff64b6d49426a8ca8ae87fb225e09b6452b9cce824f3ef44fb7fc6,0b12d0d2d4ebc39899b70f10a469625bba98fb3e1b6cbce4f5902b7ce4608caa
137_common_gen_odd_count_kna_t1,137,0,odd_count,,1,2,64,3,250,1129329098,common_gen,137,0,common_gen:validation:501,0,fbbb71b887ac9e421816eeecdf5bfee065362d5561144ecb1cb9eebb1a1f74e7,6bf1e26fb16ee498364ca9027cab54abf742c1570a8eaa9d0705302184c6d258
138_common_gen_odd_count_kna_t2,138,1,odd_count,,2,2,64,6,375,373271689,common_gen,138,0,common_gen:validation:64,0,d3c0effa4c73df4dead5d4be7b5cf1fa0ef58d77be9f86e26f250bbbbad9528f,c8e4977268f53da6c5daadf37ede842383b8fe810b98c77c596b1355b77c3c35
139_common_gen_odd_count_kna_t3,139,2,odd_count,,3,2,64,8,500,2089540959,common_gen,139,0,common_gen:validation:644,0,afc52e92ec0680370b9cb0c0dcc50f5a00f112723fa22aa1e1245d7fe939fe2a,4efac9593c7693b82479d7807ca947d0a3ff5153e9e85492ae4d29f03aaab5fc
140_common_gen_odd_count_kna_t4,140,3,odd_count,,4,2,64,10,625,1446895034,common_gen,140,0,common_gen:validation:513,0,9bdb41f76249c6f59fd385bdec629936e49553bf35432e20a0311cfde164c52d,fea22efd022ad78c8ecd54fbd584470ab95f0d25c1b477d4cc9aeca5eb9a7ca8
141_common_gen_odd_count_kna_t5,141,4,odd_count,,5,2,64,12,750,1077562839,common_gen,141,0,common_gen:validation:97,0,e2c59d33097854d3a306bf4f2f3648dbb9fdd1bb8a6fead1e8b7f652d0c9c2ca,e88923213b5d4401b3d2668f4f48de8bfb5cfc276fe09dd9f9e9f31da036aa8b
142_common_gen_odd_count_kna_t6,142,5,odd_count,,6,2,64,14,875,393881581,common_gen,142,0,common_gen:validation:43,0,fdfc26098473f267fc2d8aaa4bbb4d92602ed894f1c7995c5c89d84980100410,b6289e2bcef4006d79522374a9781c957b5f51a92c6ff23d6c8230f0daff765c
143_common_gen_odd_count_kna_t7,143,6,odd_count,,7,2,64,16,1000,1407680420,common_gen,143,0,common_gen:validation:187,0,7238eda6c3a7c5747da4abae0428d59d7c2bef32d9f4569b1a357d742bc5dfc9,faf672cf94005558a6642944d0a8c63953e67a0b9a4687b152a2673ccd5cf4e4
144_common_gen_odd_count_kna_t8,144,7,odd_count,,8,2,64,18,1125,646014346,common_gen,144,0,common_gen:validation:277,0,fdf1e8bca1eed708fb1c7562fbaddefa1491cfe4892359aa0ab98a1718e7a3e7,dfd8b55deaec66be54737cb2aa2bc2d06253f53f3039cee1723b80064fc17c9f
145_common_gen_odd_count_kna_t9,145,8,odd_count,,9,2,64,20,1250,1614181515,common_gen,145,0,common_gen:validation:768,0,ecb2462605df499abc3aefb6fad354edb0a02ba11ae563a3e64369c2b9081cf5,57d200b4400f67b4daeb268423322a2fa283d2dad5a09c7e72a8b0ddb8552769
146_common_gen_odd_count_kna_t10,146,9,odd_count,,10,2,64,22,1375,1871991577,common_gen,146,0,common_gen:validation:262,0,96f61e2586d48d3991c58ee152445cd06314ed42468d98463eafcc5cd7f337d4,9bd8d20abf5368e7f0a840072c6ae39f3a3eb9b2492ded56b5c32c98ba95078c
147_common_gen_odd_count_kna_t11,147,10,odd_count,,11,2,64,24,1500,1936735672,common_gen,147,0,common_gen:validation:804,0,98287824a084857d3d8404e0593b52a9e4da3bfdc9267266081e241223fd0831,6c9e07518b0324da5e05d7b0e358cbbf2612beab246fd9533d328c5c40cdd1b6
148_common_gen_odd_count_kna_t12,148,11,odd_count,,12,2,64,26,1625,136770606,common_gen,148,0,common_gen:validation:400,0,ef918d9ca402eec43bd2f387eb719b541c84db0cdecd9187a2a6eba82fd57473,97fa6e0a825ee7aac777b37884fbfe1d4f1614f9b0be53af5fcae213c2d54fe2
149_common_gen_odd_count_kna_t13,149,12,odd_count,,13,2,64,28,1750,2070989985,common_gen,149,0,common_gen:validation:782,0,c8564b73ec0df13173a98ee4e15f38dc8e6f0aa9192002891504d8a2d7d80366,d841fcd11a097f1a39a5e288f73bd9065459e37a1594f3c5247788b41df257a2
000_common_gen_kth_last_k1_t1_rep1,150,0,kth_last,1,1,2,64,3,250,1605197905,common_gen,0,1,common_gen:validation:157,0,c1b30ae65a8ad710e0bdcc7f458892ee71470c89148333196e1f8276c5ce8673,d558570fc051b342aa6bd9523bae570229f45bbbf660897776b104818482218e
001_common_gen_kth_last_k3_t1_rep1,151,1,kth_last,3,1,2,64,5,364,1449557853,common_gen,1,1,common_gen:validation:82,0,80b93559f0b003e56cfeead7c2cd5b858ccb08f0ab8cd63295de7f09fafc5a77,9077b241076bd48d9c76657c3f90110d448ba2cc094ae06f1c96d9b767a9eb5b
002_common_gen_kth_last_k4_t1_rep1,152,2,kth_last,4,1,2,64,6,418,400397256,common_gen,2,1,common_gen:validation:988,0,997440c05fc0aa89e848ea86c95501938163529db31d1c96f9d6990177c27e9e,b9bd809ad7667c8f65c6de7ebc8721d7a6a2b94811d50f5980a08c26423d9b7c
003_common_gen_kth_last_k6_t1_rep1,153,3,kth_last,6,1,2,64,8,520,246062452,common_gen,3,1,common_gen:validation:410,0,8712cb7426ec9205071fe041542e54eeef34177f4eaa86009b0df6c8c9c38666,935d79c1c31b94b42b4914a5f7048429aa2a7c3d087cb62c32a753fc4f844a24
004_common_gen_kth_last_k7_t1_rep1,154,4,kth_last,7,1,2,64,9,568,1987945104,common_gen,4,1,common_gen:validation:699,0,73308990a339f1f6d713a37b0fbee01e6e9556067197d975aa3cd16abe954ff4,cebf87340eb1a838bd06c682b35e0c78909ba540a7c33dbd9c89807dd90e9144
005_common_gen_kth_last_k9_t1_rep1,155,5,kth_last,9,1,2,64,11,658,798250124,common_gen,5,1,common_gen:validation:18,0,43372443c774a512ea805a9ba98004bd3218162e93885c18cdf6d7895a90ac7d,73d4b80ef979c2b3683336e4579700df26a2787662c9c9225f185ea2c7438137
006_common_gen_kth_last_k11_t1_rep1,156,6,kth_last,11,1,2,64,13,740,382860176,common_gen,6,1,common_gen:validation:529,0,62c69db64f242950b080e97a5e82cfaf962f56b751c7b04a684e80fa5539155a,634707dd57c75af1f9769d0c93f016429037ab51ce06126cb87c2e09651dcabb
007_common_gen_kth_last_k12_t1_rep1,157,7,kth_last,12,1,2,64,14,778,590025292,common_gen,7,1,common_gen:validation:695,0,76c1cebf3025e290b27c7f2c9815a1ea4add53d14147f8cb80f7286e57903013,21ecfd8efe9953b5f8ea0805f52a2d97dd8f807b435e214d714d48701d723d89
008_common_gen_kth_last_k14_t1_rep1,158,8,kth_last,14,1,2,64,16,848,395266010,common_gen,8,1,common_gen:validation:700,0,c6d90ae7f7cdf2a54e5e1d59e452426fea8cbb0efc5768fe9270fb38868c2f9a,23b458e8308fe8879bdf3807e5018f708c7477af9ff55edad3c32e2c7e8bab6e
009_common_gen_kth_last_k16_t1_rep1,159,9,kth_last,16,1,2,64,18,910,1088972404,common_gen,9,1,common_gen:validation:631,0,641e1bc688c3f347a2cb31118f45115eb4720bebb807bffe047dadc373cd5291,aaaf63911757a56a67ea7d6eb044bb1927e07fd4fd3c2e1adfa45d43d51463ee
010_common_gen_kth_last_k17_t1_rep1,160,10,kth_last,17,1,2,64,19,938,1028610638,common_gen,10,1,common_gen:validation:502,0,7e8334b8a3f0fc9739a9f733c75614b7bb10e5e414110b0937cf313f69f3af45,29c4d9915de7642ffa4f961d390af529f1aeb3bd125ecbadb594f5af62235435
011_common_gen_kth_last_k19_t1_rep1,161,11,kth_last,19,1,2,64,21,988,1170513678,common_gen,11,1,common_gen:validation:964,0,936028cedee07c68ba412dbcd12ecb9874d7ee5019436053f4342a98399387aa,1c5982106d26d6548a4b9abc4b55005745927b50f2b832fcb952058610c4ec98
012_common_gen_kth_last_k20_t1_rep1,162,12,kth_last,20,1,2,64,22,1010,1698868490,common_gen,12,1,common_gen:validation:792,0,301d902963ab6ce3377c9f13be940e057d2e86e396f45ad1268ca7db50719334,418ee5494d788dd570216f1423de1eb28e5c8d1d22f32f61c8eee1e475683420
013_common_gen_kth_last_k22_t1_rep1,163,13,kth_last,22,1,2,64,24,1048,264401576,common_gen,13,1,common_gen:validation:164,0,bb05afc120e17615c053976639e8a85af88947682ccd63e2d90574f78f6c268c,5b8378fa25e25bceaabfa86e3a2706f1a4790db35cfabbfed061b918b17254d6
014_common_gen_kth_last_k24_t1_rep1,164,14,kth_last,24,1,2,64,26,1078,1709182379,common_gen,14,1,common_gen:validation:878,0,81e2891b3bd698e11dc0d4f1009dcf2d6084984706b2c752065acff580863e16,c802ad96bfe1365266016df3db2b95b1e2fda2ae4c89b5253362fbc716b3ccc3
015_common_gen_kth_last_k25_t1_rep1,165,15,kth_last,25,1,2,64,27,1090,1638486433,common_gen,15,1,common_gen:validation:591,0,fd7ee7789cb3f04c6ffb105c37a0a22fe3701eeedf93ac187613d092564710fd,70232079df9bc65ae6bb527ec74bdfb521c6a445de4679195131e613cefa84b9
016_common_gen_kth_last_k27_t1_rep1,166,16,kth_last,27,1,2,64,29,1108,1674613536,common_gen,16,1,common_gen:validation:405,0,3bddc70afcb966b2b3b9350ae8cf5206c7645f76fa29fda16cde4ba0d5608ed1,839510ac44bf46f6aae9916f27d756e0b662f4d04d3afd80ac3e52065d27cb14
017_common_gen_kth_last_k29_t1_rep1,167,17,kth_last,29,1,2,64,31,1118,1658722375,common_gen,17,1,common_gen:validation:414,0,b36c0d97bcd7f6b806a22aed8a0094fbec8d4b08c2572d9e876bbdf272e1450d,f6fad3cfc329546759468d75e63180d91a29372eba144e29032af5d01f2e1057
018_common_gen_kth_last_k30_t1_rep1,168,18,kth_last,30,1,2,64,32,1120,1745670586,common_gen,18,1,common_gen:validation:210,0,f4472b1cf6da6dacecebd041f25519026169dfdfb6ae436e2052af90fdff0406,82f288ceb8edd89be1a24c48e16be11a89f6bd2b557f0a40804fd31d7c49187f
019_common_gen_kth_last_k32_t1_rep1,169,19,kth_last,32,1,2,64,34,1118,794528412,common_gen,19,1,common_gen:validation:905,0,9416d6b810db18f8add0ac9fea8b85692b93adae4568b5696a2315bacf290b81,9d6634a3ffd241f47a07c0571be19f504f50bf36d3baa0ab5af8e0b225117505
020_common_gen_kth_last_k33_t1_rep1,170,20,kth_last,33,1,2,64,35,1114,338848764,common_gen,20,1,common_gen:validation:776,0,02a7446bf4f5e6763f68b47e6c33577f9f5dc96265d9e0fbba83f8db73811fdf,8c94133093ed5c1635a562eed869d4e57f86e84395674145357042ca34151fdb
021_common_gen_kth_last_k35_t1_rep1,171,21,kth_last,35,1,2,64,37,1100,930440047,common_gen,21,1,common_gen:validation:209,0,a08489bb850c9c691175a8d2ebffd13bdffe3990a5bee16563bc249fb4965477,83032da749c5e4671e8beba85d02d1c1943e84a4083e75976c50ba986b7edb39
022_common_gen_kth_last_k37_t1_rep1,172,22,kth_last,37,1,2,64,39,1078,1006841862,common_gen,22,1,common_gen:validation:354,0,bcbe115445e0d27dc5123e14148cd55d36c79aeb0cc9b0718b55e37311230986,362ef1c27b42137c9fed6b931d88ee5ceb1d6d4ca986a228f9b6c491fbda08d7
023_common_gen_kth_last_k38_t1_rep1,173,23,kth_last,38,1,2,64,40,1064,1702076224,common_gen,23,1,common_gen:validation:367,0,38d7b13e191fdc58100b4f01a941011b3002e547bbdca6238eda295d5e520151,9d0e097a1e7c0772bb8181998b94ccaff07a7270830eaa839a46f620dae87e3c
024_common_gen_kth_last_k40_t1_rep1,174,24,kth_last,40,1,2,64,42,1030,1070036334,common_gen,24,1,common_gen:validation:610,0,9900f28bf2925e6bc06b10632c63c8eded33e82faa542ca449481be0e1b82a60,39ed20434c5f7c697de95b5b5e58b32f3156551e5b608a0d5bb162b1802f8c9a
025_common_gen_kth_last_k42_t1_rep1,175,25,kth_last,42,1,2,64,44,988,1161641129,common_gen,25,1,common_gen:validation:14,0,f23637dd624700d532904bf0a4f8a800eae906be027208a4b9364ba2a690bba0,a965d6394ec12fad18f9bd2bb2d751b5af62809ff5b60ba15d0270cf8a2085cd
026_common_gen_kth_last_k43_t1_rep1,176,26,kth_last,43,1,2,64,45,964,1110310343,common_gen,26,1,common_gen:validation:889,0,44d2aa7eb6eb832339c3392d9524f6a9e5a137c417e1b25351ca9e139b739be1,dc125a1b995e097efffbb3c968f81d18713c9a8bd0c507872c395240f1a8e5ae
027_common_gen_kth_last_k45_t1_rep1,177,27,kth_last,45,1,2,64,47,910,1519912972,common_gen,27,1,common_gen:validation:544,0,35be13216c8c960294a8dc5eafb0a675153ef20783ba41adbebdd321c958bce1,fd0f03a438279e78b348d7ec5e26405f16c5b09fe0af96230dc3d55b3f6fe9b7
028_common_gen_kth_last_k46_t1_rep1,178,28,kth_last,46,1,2,64,48,880,1246152176,common_gen,28,1,common_gen:validation:838,0,dedb915634a7c252293cda562d44c3d1bcfcd4b7ffb1559029d552e3defd2874,78d4025e41f083af6e272f296f9ef5213bf228371a7b78bb608669935abd9e76
029_common_gen_kth_last_k48_t1_rep1,179,29,kth_last,48,1,2,64,50,814,1688501662,common_gen,29,1,common_gen:validation:360,0,3546041d6d9ce65fc150dd479c95dd41c83d2aaa364f3df273282913b2c3b660,7c88e47182f52c7117673e6794201ac30ac6c22d9b2828f33dbbfb41fb18ecd7
030_common_gen_repeat_after_k_k1_t3_rep1,180,0,repeat_after_k,1,3,2,64,6,432,265999116,common_gen,30,1,common_gen:validation:295,0,30e244a882aab61cc971383dd207c5810835f69c9718709d29c456ea0d5d6991,d5241364586d9e1e00189143ddbc8a1b92c2653b038bb239f4a172904efb6a00
031_common_gen_repeat_after_k_k2_t3_rep1,181,1,repeat_after_k,2,3,2,64,9,608,220327184,common_gen,31,1,common_gen:validation:237,0,9da031a36f48b183ada66792524a5ebfbe2cc5f5cd5eacd1c14fccd4b6ea32ee,6b5e2266da2275badf809f23f924772812ffbab4f7c0564b8674b69db66783f1
032_common_gen_repeat_after_k_k3_t3_rep1,182,2,repeat_after_k,3,3,2,64,12,778,858819705,common_gen,32,1,common_gen:validation:180,0,162eaa9902c44880263c61b38c381e3a32d8286cdd4f7b17004a090e7720fcec,ee9b2101deff0f93f1b86e355cb9322931193a5de4bab0d72ddd8650988b9aab
033_common_gen_repeat_after_k_k4_t3_rep1,183,3,repeat_after_k,4,3,2,64,15,942,650754415,common_gen,33,1,common_gen:validation:619,0,6b0f5c8a092b76d9662b2b601e35b79d556eef7259641e52aae673489060642f,4804d79e5306ae31ff7c8d7761fde9bf96e7ec0bcb250f0eccc7a13f26323405
034_common_gen_repeat_after_k_k5_t3_rep1,184,4,repeat_after_k,5,3,2,64,18,1100,1498384170,common_gen,34,1,common_gen:validation:826,0,6203d39e043a4e57c0920ec443230bb0ddf8bf40cdc6a2a4375b8d8f8f3053b1,3e3d776163e2da3916affa196f59b9d52e79c59c4f4419c6d47efb6542068240
035_common_gen_repeat_after_k_k6_t3_rep1,185,5,repeat_after_k,6,3,2,64,21,1252,1710974332,common_gen,35,1,common_gen:validation:254,0,d94d796629b10e8dac4fca902792d6e1045713d4ab2e499dc68323edcdfe424b,ebbcf89dc3c602f26149a49a2ecd2adeaad1bd18bda2c4b6c937f7891ed7d50c
036_common_gen_repeat_after_k_k7_t3_rep1,186,6,repeat_after_k,7,3,2,64,24,1398,407176880,common_gen,36,1,common_gen:validation:567,0,4fc65fc3f897a3d41b621dea0fc0e1ad8581b4c0f81636a3b7c78d0ac977b13c,49dc0cfdd0930f89e545070177dc39363a2a2833c91def30096108ed440caa04
037_common_gen_repeat_after_k_k8_t3_rep1,187,7,repeat_after_k,8,3,2,64,27,1538,1804443141,common_gen,37,1,common_gen:validation:397,0,e3823c22e87849f1d9b22401c5b159e0e52546a406326f7ff818487132e9d85e,f225d0f8fc40a0edc1e139a62d3f79e25b741d9d01449335c6d3efcbcbcbd493
038_common_gen_repeat_after_k_k9_t3_rep1,188,8,repeat_after_k,9,3,2,64,30,1672,1636599297,common_gen,38,1,common_gen:validation:398,0,18c05e719ea3cf5c402dc0592ecdcab328cb0a386d46f57a8c2e238698195866,88ce1ce1aaa27828f32e775db1dff40a1b08660d6e0f358725ba15d2af911994
039_common_gen_repeat_after_k_k10_t3_rep1,189,9,repeat_after_k,10,3,2,64,33,1800,50129743,common_gen,39,1,common_gen:validation:664,0,06e47a1095b2b215d7eee1fae22cd3adbeeb5c2b3045f77e315b0965da374015,da6f80db36791856577e15929f2173ecd2ffe650657be13e8f1754f3aa3e6069
040_common_gen_repeat_after_k_k11_t3_rep1,190,10,repeat_after_k,11,3,2,64,36,1922,458345739,common_gen,40,1,common_gen:validation:775,0,57feffbc31c0909ac4977f857f65d7e3ceecab42b671c400bef30b721901c3b0,26f275b2b24650117435d81d5b4f1ac93ee25f5d4601f92401a7c09dce35394d
041_common_gen_repeat_after_k_k12_t3_rep1,191,11,repeat_after_k,12,3,2,64,39,2038,140798395,common_gen,41,1,common_gen:validation:724,0,bab652a993b39b9ac9e0fb081409f5687535747b419d42c5e0ccd08464c82eea,64cb566e56248ae5cdab9d6beb3c7f7ae9ab7eb94d119f22f6ecf0845f806587
042_common_gen_repeat_after_k_k13_t3_rep1,192,12,repeat_after_k,13,3,2,64,42,2148,1846870438,common_gen,42,1,common_gen:validation:54,0,2e717aaa16ac157f52847cf3febaee6d56ee67f7614c0211d9ea2a7fb24afe4f,dbdee10398728dc869435abe89ff47d19194fe45348e27745d0b11d86519c910
043_common_gen_repeat_after_k_k14_t3_rep1,193,13,repeat_after_k,14,3,2,64,45,2252,893945336,common_gen,43,1,common_gen:validation:197,0,c2ed995cdb296611e9ba807b43fdc6af4d598927fb29dc64f438dae7be33769d,26223690e33686d694f7418bf7865815a56c81b757deccca6dbeb7d9359a5514
044_common_gen_repeat_after_k_k15_t3_rep1,194,14,repeat_after_k,15,3,2,64,48,2350,1588940576,common_gen,44,1,common_gen:validation:251,0,044b7621e5b40382d8804a91da2e0ff37ea3b377e2d2badfd0ba4d183aaaf21b,bc77414321ce6c15c46d5874d791c4068c0a139f3c6a4d0349697f15f63901a2
045_common_gen_any_token_at_least_k_k3_t1_rep1,195,0,any_token_at_least_k,3,1,2,64,5,364,1772172894,common_gen,45,1,common_gen:validation:515,0,eba1c1c50225eb07cb05e24a820759c3d7a35981f4ebfe468bba4d9403831586,f3bc5f66fd863ad2d5f4d49448ce7753050d2ea61d947c0f14c03acaf79a6f92
046_common_gen_any_token_at_least_k_k3_t2_rep1,196,1,any_token_at_least_k,3,2,2,64,9,546,1116958057,common_gen,46,1,common_gen:validation:215,0,faef0c1560b901cdc271016f3d103352ca812c9a8c2d6100ab20fd66e03e8392,786bf715392ad68c84ab6c8ba802945987d8212abea1ce5324fe1eb57436e532
047_common_gen_any_token_at_least_k_k3_t3_rep1,197,2,any_token_at_least_k,3,3,2,64,12,728,99161863,common_gen,47,1,common_gen:validation:213,0,ded9b73e3fe0200d20a36a52aa4222cb73d3ecc53ac137f2e24e9c22742947fd,21767a6a754be1586cf8b871ae6416a3a55add411253a0e61fe7248c2726fd81
048_common_gen_any_token_at_least_k_k3_t4_rep1,198,3,any_token_at_least_k,3,4,2,64,15,910,1332789542,common_gen,48,1,common_gen:validation:717,0,6a28636c4f43439ec8a1273db7c5f0f249644438ae06cc1e9d0afda47e6bcc89,e5dc56401973d9fc8a90eb45f336006c19cc46c40ceadd0ea07b772ffec88e7f
049_common_gen_any_token_at_least_k_k3_t5_rep1,199,4,any_token_at_least_k,3,5,2,64,18,1092,2000856742,common_gen,49,1,common_gen:validation:841,0,5d14f084e0bcb454d2d1fffe7624905459d9dbc9a18e7fe978c1466cd995c9f2,e460433044593a91f08619776bce3859166cdee7252e04e862a26ea10664173e
050_common_gen_any_token_at_least_k_k3_t6_rep1,200,5,any_token_at_least_k,3,6,2,64,21,1274,2125091840,common_gen,50,1,common_gen:validation:436,0,c5a4bbf5ff5464ae0530532ee56248bf7a8727897ba7b08386f944f1ba07eb54,4db7cbac3d2b4e65201af3d79f8002fa172dc4b900811dd391a037abe383c691
051_common_gen_any_token_at_least_k_k3_t7_rep1,201,6,any_token_at_least_k,3,7,2,64,24,1456,1693503289,common_gen,51,1,common_gen:validation:479,0,9c4f28abf535f5db4d8f2d83b126cc35eec4decbc55e7c6c59326df259eba2e6,69cab0d48b61c531e3ae8c8739dc518b76aacc46146b21b88acd9343bd45e7c5
052_common_gen_any_token_at_least_k_k3_t8_rep1,202,7,any_token_at_least_k,3,8,2,64,27,1638,860196141,common_gen,52,1,common_gen:validation:512,0,9312845a272695bf2e1c2a62953a7f995dd9e94885ec5a100b92a54cddd508e2,5c84865bee7069cd70a99221bf2c9d3c23079ef3ed455bf30b51edc7764730ca
053_common_gen_any_token_at_least_k_k3_t9_rep1,203,8,any_token_at_least_k,3,9,2,64,30,1820,1994459732,common_gen,53,1,common_gen:validation:452,0,a177ce7dfc1303379741f9b11e4b9589ba7c00c65cf705249e730fb153d70714,1b80512455378a70ce5fcad58db6dbeb5c3cfafa74a285d9f25eb7cee2a48998
054_common_gen_any_token_at_least_k_k3_t10_rep1,204,9,any_token_at_least_k,3,10,2,64,33,2002,1522346293,common_gen,54,1,common_gen:validation:723,0,8591d69dc92a49a27cc21191e342071a1d235c6680c76fc7ce60a3d9a61285bb,6b9f32c92d9d25b3ee9615ca26f36e8ca616017eb7c80a9ceaccacfff575ce60
055_common_gen_any_token_at_least_k_k3_t11_rep1,205,10,any_token_at_least_k,3,11,2,64,36,2184,1077294807,common_gen,55,1,common_gen:validation:894,0,3c858121c4ff3df53faa670548012e797b7f364fc4f15435f72f9a9c84059120,1e286437eb429a6fec80b83323232c7f963a71a67aca22a37c94fe14d97fe746
056_common_gen_any_token_at_least_k_k3_t12_rep1,206,11,any_token_at_least_k,3,12,2,64,39,2366,808116444,common_gen,56,1,common_gen:validation:876,0,6c86328db44c1308d4167bde0f4279449cefd6cb0a515953bed799b1567b880e,a4ef1f2e7d19c52720e630625187046bc95d47b5d9fe9fab797c14c8f7fdccd2
057_common_gen_any_token_at_least_k_k3_t13_rep1,207,12,any_token_at_least_k,3,13,2,64,42,2548,833341984,common_gen,57,1,common_gen:validation:564,0,115c5ce4bfa228bbbf1716d28c7e4230eed6fbb97809fb64cc4df59cffbc54e6,da05330f10dccae796ffe3b63353dc5db654dd5acae567d9cffe389f75073e61
058_common_gen_any_token_at_least_k_k3_t14_rep1,208,13,any_token_at_least_k,3,14,2,64,45,2730,1406280043,common_gen,58,1,common_gen:validation:266,0,7dee4a04003bf4436e7b97b2c9feba6bc078c7c95d32235d76135401d1ccb90a,17e3b3e8daab1641c0e2fa939d08839daf233b03050340942d5c1e4ec804de32
059_common_gen_any_token_at_least_k_k3_t15_rep1,209,14,any_token_at_least_k,3,15,2,64,48,2912,2061637626,common_gen,59,1,common_gen:validation:578,0,8e37f6ab3be83da5e516d5a610db8e81c09149838e5706fabebba043f6eeab9b,26846ffdaf5f0e76b0c6cbaa8584f5e57bf8b053ead446c3fb3b4b35f293c0af
060_common_gen_exactly_once_kna_t1_rep1,210,0,exactly_once,,1,2,64,3,250,1322616585,common_gen,60,1,common_gen:validation:217,0,94ef7759a226d86db40b9e7f96ed6a3b7ba813bb29c5c780f49c47d898cde36c,452e0c2e1b51fe32499dfdd7347a56ee1db39a989737436b959095f3a6341ebf
061_common_gen_exactly_once_kna_t2_rep1,211,1,exactly_once,,2,2,64,6,375,702934379,common_gen,61,1,common_gen:validation:934,0,d56b9c36d55aa82fcb8920101872a32c9b45cbba674af4c4f4182fb6d13af063,8fab7c98dd82c727a387c897f88975e0b2fa8ea1e8f94519a5a7d940a16bf1f4
062_common_gen_exactly_once_kna_t3_rep1,212,2,exactly_once,,3,2,64,8,500,788091110,common_gen,62,1,common_gen:validation:312,0,9ec3b15f481b8ce7f042d22721a67f90f8fa4e9250d0c5c374ffb094c09e811a,bb4178bec4ac4334a121dcf5e39ee4a183921e14217414ee9be2f3172d6cbed1
063_common_gen_exactly_once_kna_t4_rep1,213,3,exactly_once,,4,2,64,10,625,2067861125,common_gen,63,1,common_gen:validation:706,0,98e27486484d260bcab9ab57b80107b6e97ff62e42fa3a8d9b30615582297af0,c4b4fd332b8db09be6394a85c27977cdf7b597b9b7e69179e5417ed02718faf7
064_common_gen_exactly_once_kna_t5_rep1,214,4,exactly_once,,5,2,64,12,750,1618482338,common_gen,64,1,common_gen:validation:691,0,5e0ab646dd521363fa9205623d2bd9599581bd4344cd6711d886bdb5e9b3426f,37bbb869e6de94e4b23ccfba9a7a50ee027af5c399b0fb8097f48c0478ab5260
065_common_gen_exactly_once_kna_t6_rep1,215,5,exactly_once,,6,2,64,14,875,1440361350,common_gen,65,1,common_gen:validation:401,0,4de9fec2cddf7d9d1dfed50ec820b3388426fa810d8914167334904c52952fe5,afc738f23308c63157d1e58dcbddb9afa4f9c02643628dfc45432fea209c3442
066_common_gen_exactly_once_kna_t7_rep1,216,6,exactly_once,,7,2,64,16,1000,1910766821,common_gen,66,1,common_gen:validation:385,0,85d9a0547d86877c6e44ce57a7ed67f098ce32bc9abf1e71b565f2eb309dae84,d086cc5970b87cc213786c7bcf55b92a7768896fc4f56759834edef682fcd2b1
067_common_gen_exactly_once_kna_t8_rep1,217,7,exactly_once,,8,2,64,18,1125,2116306382,common_gen,67,1,common_gen:validation:52,0,4c7fc1c3aa5c84fbf729b0d6a7faeab14e6c42662544f6d7a40c618016f20de8,fd0f84560b50995465432982263dfa2e8a360ff5646f376418d85e2c231cefde
068_common_gen_exactly_once_kna_t9_rep1,218,8,exactly_once,,9,2,64,20,1250,217189670,common_gen,68,1,common_gen:validation:743,0,2980bef37b3f86b196eca35e45725e9363706e5c89311b131c4aecea6736c02b,f25cd71a25309628f224a373856f4954438b4eacfb5de6e5cee4d5085a87ebf3
069_common_gen_exactly_once_kna_t10_rep1,219,9,exactly_once,,10,2,64,22,1375,709817803,common_gen,69,1,common_gen:validation:423,0,a92bda195d8ac07dcdaa251d141210a5908feb6cf596616274b1defcbc506603,09a3a90ef1ec23093321e0b357d342db0ccc2734058beb648f98f4a2167c84d8
070_common_gen_exactly_once_kna_t11_rep1,220,10,exactly_once,,11,2,64,24,1500,262170999,common_gen,70,1,common_gen:validation:733,0,1ca924b23d0c4d3e0ec8a737936f7db5eca0261a5126600b00e1d5f6e930ae23,e7d9b5f335fd5167dc3a13163f7d2f22c9434cf566718dd8fabe0805d2170287
071_common_gen_exactly_once_kna_t12_rep1,221,11,exactly_once,,12,2,64,26,1625,2069645348,common_gen,71,1,common_gen:validation:882,0,cbf063b78cb2c765deb51a48db3cafa3fb1f35399c90b811aef6970236090418,3d1f6027f188ed44d741884c5872983f4cd484480f45e086fb21302727f6909a
072_common_gen_exactly_once_kna_t13_rep1,222,12,exactly_once,,13,2,64,28,1750,453241435,common_gen,72,1,common_gen:validation:824,0,13b938d1adc4cd5dd23ab1e8dc8d109792a00d019a2a6e368e73a275f6ad6f4d,fd9464cabb7464476a0f6f17a616a4be62b0a900105e807a7bfc4adebaca3c66
073_common_gen_exactly_once_kna_t14_rep1,223,13,exactly_once,,14,2,64,30,1875,1581391601,common_gen,73,1,common_gen:validation:968,0,29c4f80d29cab8bf99397de638c8a21f6a3883d097270d3556390049783bee17,4cdb69e01ea75060d8579bb425fd766c9418f6b4333087bb8041335b02346a8a
074_common_gen_exactly_once_kna_t15_rep1,224,14,exactly_once,,15,2,64,32,2000,106098731,common_gen,74,1,common_gen:validation:504,0,765ce7a2b7ff637c042e1137cf06ef0a3b16ddd56b90b9a00b8cec5807ff034f,75434f34caefa2ac8ac72f1d26e48bc19c820d414b3cc38ab6d9d09d1c5eec37
075_common_gen_exactly_once_kna_t16_rep1,225,15,exactly_once,,16,2,64,34,2125,1437087856,common_gen,75,1,common_gen:validation:780,0,393d0c045e4ac2130c3809462fcb440268b29777786be54546792c5d77e9393a,e08adb3834f584397a8fb3cdcf5e3d8b7cba4ab4b3fc24b359d198c12af969c1
076_common_gen_exactly_once_kna_t17_rep1,226,16,exactly_once,,17,2,64,36,2250,104058370,common_gen,76,1,common_gen:validation:958,0,12bf7011b8ff50f76359e123f22c77a830ef1affb19c799c4188047d452d4ac5,43dfcff2c6fe69d8ab7c1472ed354292d1bf67bb45553b3c9a3d144a5d1d1ca2
077_common_gen_exactly_once_kna_t18_rep1,227,17,exactly_once,,18,2,64,38,2375,1692465237,common_gen,77,1,common_gen:validation:881,0,bbbc2de21af4d05997550d0ad56c3decb5d95f56731f65ea88b18534532a8988,967ca111999cce1646336b57741c916b3c59fe3ed1ec3aa8d4a4b128e78dba2e
078_common_gen_exactly_once_kna_t19_rep1,228,18,exactly_once,,19,2,64,40,2500,589495907,common_gen,78,1,common_gen:validation:545,0,4bf28f95a32a88f061dc18649ce929cf5e4e3bc66993d742b74f55e48011c37f,a7d626d80412bdde2578189f17c7942cbbdee64e3a354b215548c176f4b8922b
079_common_gen_odd_count_kna_t14_rep1,229,13,odd_count,,14,2,64,30,1875,1907035134,common_gen,79,1,common_gen:validation:798,0,3dfa4d9c0def3d6b7becba8721e29b3c5e5282835a821f5d575d8091b3f1aba0,050b25853dd84a59ce737c259b63e81e80140fcbfe900f290ec6abefe92db5bd
080_common_gen_left_not_right_kna_t1_rep1,230,0,left_not_right,,1,2,64,5,308,29123731,common_gen,80,1,common_gen:validation:640,0,63ac83affd4139eeb25a8c88d6cce7a31ccad16a35a9c9d6620cfc02fa92fec1,090c3cde15b98dc62b102c11a2cfc6ac722f3c5df91579c49a22748145b55235
081_common_gen_left_not_right_kna_t2_rep1,231,1,left_not_right,,2,2,64,9,493,971566100,common_gen,81,1,common_gen:validation:627,0,f879e6d49e4f2b8dbf7e8f82aca93361457864decd58fc8bf0b28dd0e42eb857,5defe319c54ca000bc4afa3bef022d57ee0d04ae72a5f1c4f8f0f1afe9b2e69f
082_common_gen_left_not_right_kna_t3_rep1,232,2,left_not_right,,3,2,64,12,678,646258239,common_gen,82,1,common_gen:validation:55,0,9a752b84af372eac6fe7d4f185c570f2892da68b72f6ac242957fba386298dec,2bb9efe1e6802bb06f2272045b02884b5bbd95835a7dd6da2c8211c5a7c70918
083_common_gen_left_not_right_kna_t4_rep1,233,3,left_not_right,,4,2,64,15,863,716425670,common_gen,83,1,common_gen:validation:829,0,baa5466e9689d7bd1fbb631dd53cd88907b721d47e6fb36da1b4d1b03456134c,b8e86262a18e6f688db8f5cd7cb3d8d72e9c94fb1735daa95b751093a2173a11
084_common_gen_left_not_right_kna_t5_rep1,234,4,left_not_right,,5,2,64,18,1048,866639243,common_gen,84,1,common_gen:validation:690,0,5cdb8e9db87db4331b2d0ef85c72bd6a762dac236cd6a7360de1a58a19dbb191,1f3b0789050d692a21a53340df5e8bdbfb681c2b48ced8710122831a6dd4afc6
085_common_gen_left_not_right_kna_t6_rep1,235,5,left_not_right,,6,2,64,21,1233,279069166,common_gen,85,1,common_gen:validation:483,0,fb723fba872d0ec9aca0e77076bbb5c7347b908bcbf4184cf221003de9db1260,08930d26e5f61a0bf62669588e657c007368c87ee7b562826de7569992c276c7
086_common_gen_left_not_right_kna_t7_rep1,236,6,left_not_right,,7,2,64,24,1418,268707133,common_gen,86,1,common_gen:validation:532,0,3fee7a6f5a117c5763d9053b99c104f2cc0be58e84d4f55753f215bf2b0dfb56,b17807fcc54fb1cab23bc174dc1d51c57ec12024e70b420b79cdeec15d7f3457
087_common_gen_left_not_right_kna_t8_rep1,237,7,left_not_right,,8,2,64,27,1603,1209309093,common_gen,87,1,common_gen:validation:92,0,b03cd1c4e6bd90d98248f4b1fc18bf8134e31999d74498bfa6a7259119f6c24c,8dd0b2a8da0c1b019dfbb4ec27fc462b47e4fd1c346c9477a81fcc6705793445
088_common_gen_left_not_right_kna_t9_rep1,238,8,left_not_right,,9,2,64,30,1788,392196689,common_gen,88,1,common_gen:validation:712,0,3a11ec50fe2dab47041c3c59f5bfb9469e19132bda878da90770b58f6eed972f,13b7daed30f7338a9ac7755bf94a43cd1017f31e7c4aa92cf7944fa24def7424
089_common_gen_left_not_right_kna_t10_rep1,239,9,left_not_right,,10,2,64,33,1973,462965526,common_gen,89,1,common_gen:validation:503,0,4baf02f7aca807ae9ee5de232614e015279df0617e17bc947862823c479f204e,ec0e30ee20a48b105666ab6260b0e8394a18978ce6524197759b658452e417e9
090_common_gen_left_not_right_kna_t11_rep1,240,10,left_not_right,,11,2,64,36,2158,706675733,common_gen,90,1,common_gen:validation:990,0,e4d13ba606bd7b69728e82f1794cef5ec8d0a65c1f6e808b1f8cd50726644439,73b68f12fb0793fa861ec369d5ee3bd86388a3c29ec50c850ad7c8bd7f17b863
091_common_gen_left_not_right_kna_t12_rep1,241,11,left_not_right,,12,2,64,39,2343,61336099,common_gen,91,1,common_gen:validation:439,0,e779981d50a278126864cf079e1c52eb6bf83222cc5e7fbf2ca0d49670e10546,1bd6c71d2054614959d4b6f4d3ae0ebae956c58e7b13821a7af9c95951f855ee
092_common_gen_left_not_right_kna_t13_rep1,242,12,left_not_right,,13,2,64,42,2528,19469142,common_gen,92,1,common_gen:validation:654,0,8fc63599d6621cddbdb32797bbaf7b89351d11fbbeb78fa0c61b3866e7c190c7,7ff3d4cd29a7a85c6dcd104b9a2d815680f09ea133e78b904ce62c1c599752f0
093_common_gen_left_not_right_kna_t14_rep1,243,13,left_not_right,,14,2,64,45,2713,777169582,common_gen,93,1,common_gen:validation:637,0,9d42a7886ab03069e9b859d0c74acfa2888221ed1b58b5d54c547386c7bf7b5c,69f55d55e99f6210dbdee6b1e836dae6da708f865ac2e794e97282f9524081a6
094_common_gen_left_not_right_kna_t15_rep1,244,14,left_not_right,,15,2,64,48,2898,1050385076,common_gen,94,1,common_gen:validation:601,0,26dfc02265e8b08102433261ed92855003acad98154909647fb86f861a73e105,53bfec14d9f39f93b6d17422f69454b53d7b2c082f549d8a0fe7318d84ea8144
095_common_gen_left_not_right_kna_t16_rep1,245,15,left_not_right,,16,2,64,51,3083,1914667170,common_gen,95,1,common_gen:validation:667,0,7bdbce274e2b10f1fe5d49c78f7bba222ec8d31c875a709acac643380a519bb3,e16ff72d3632e2b67757f92d9f29eb6324e120cae193b7e491ba7f49dcf0107e
096_common_gen_sets_differ_kna_t1_rep1,246,0,sets_differ,,1,2,64,7,432,1573874806,common_gen,96,1,common_gen:validation:370,0,70d873dd53d902e44f576c2a304feeceaca0a6ade84dbafa4145d89d654279a6,ed1f9db7e94cfbd965f4f7e31cc0490fcfd0560e7d7a464433cbb3d369216c7b
097_common_gen_sets_differ_kna_t2_rep1,247,1,sets_differ,,2,2,64,12,679,1624475109,common_gen,97,1,common_gen:validation:778,0,0bdb36ac15e38dadae0954705fb7d9efab3d5926d10b5c744745460ebf1d5242,1c2fd4f04b9732424441bd0eae09ea4eafa06ece1c690be9f592e9255d9839b9
098_common_gen_sets_differ_kna_t3_rep1,248,2,sets_differ,,3,2,64,16,926,420724794,common_gen,98,1,common_gen:validation:761,0,cd9a8f3bca18880b1942cb92686174913f32c45e4de6a09012f937fa21e1363e,d218123ac0df3123630756f046b9206c6e1b763a4d0151ee7249d4036929be5c
099_common_gen_sets_differ_kna_t4_rep1,249,3,sets_differ,,4,2,64,20,1173,36424983,common_gen,99,1,common_gen:validation:260,0,5f53c103b04cb84c7659c425d670c8fb57b69e093f8911d5bb5287fe9e14fb41,b2a2da1df2fe95547bfe888e50f99652a0c8a288ad9339161aacda00151df178
100_common_gen_sets_differ_kna_t5_rep1,250,4,sets_differ,,5,2,64,24,1420,127974346,common_gen,100,1,common_gen:validation:441,0,7ea2da43795119657710ab3bacb43d85692ccfca881db75e95cc3f7ac421accd,d748608d4346ded3cefd71bd5e56d0ef212d4d033de993ffcbc1fa0fb8e02bde
101_common_gen_sets_differ_kna_t6_rep1,251,5,sets_differ,,6,2,64,28,1667,2015136905,common_gen,101,1,common_gen:validation:232,0,52aab265c3b05469df6b5a95d8e755247a0850a0301b0557defbcd297c5cc89b,5db60a6fcea5d846ccfb577e778d8324bfa03ca1b88e981ac771b06c759b3b93
102_common_gen_sets_differ_kna_t7_rep1,252,6,sets_differ,,7,2,64,32,1914,2016303339,common_gen,102,1,common_gen:validation:880,0,9c834dc315310366393b206674766e1a5aafc24cf1a54ca05ebfcc5fca4d9e79,0baa3a0fe3db0aa790bafa3406c8ab68afa55979b4cfb798e5f82a0ac0a18328
103_common_gen_sets_differ_kna_t8_rep1,253,7,sets_differ,,8,2,64,36,2161,947823129,common_gen,103,1,common_gen:validation:350,0,f414c160676244f08099aafef78d528e4777b0e527d8c9ffb7853adfc36d7a93,6886066973895cb5c575423071e9ca0751ca091af168b5bbab72b24aa228d81e
104_common_gen_sets_differ_kna_t9_rep1,254,8,sets_differ,,9,2,64,40,2408,212369143,common_gen,104,1,common_gen:validation:421,0,2ada423b6c29e199f3f7265fbde4b4af13496dd84f4fa630a99a58968edbbca8,f13b7a072ea222be19279dde2995eb8c660589bae7c0118050a51f1ed0efe89b
105_common_gen_sets_differ_kna_t10_rep1,255,9,sets_differ,,10,2,64,44,2655,2009446120,common_gen,105,1,common_gen:validation:265,0,800fe8ecc3bfe181eac7f501f17607ce0f09d1d54ad2b4e8fb8c056e7336e3b7,d79a69342a25bb644e0adf0f69884ad7cc944e41de5a9383539a48d099c7f1b6
106_common_gen_both_sides_kna_t1_rep1,256,0,both_sides,,1,2,64,6,364,1149509973,common_gen,106,1,common_gen:validation:493,0,c47fabb90878994f66734852bb4dc5a0eb28b744805fa4c3b01ce0e51253fe2a,8cfde1334748d6295203c1ac92e5b582a7e833e842044cb3705a07daa3ab7c74
107_common_gen_both_sides_kna_t2_rep1,257,1,both_sides,,2,2,64,10,546,1929646399,common_gen,107,1,common_gen:validation:643,0,675ac543caf5df6571f250ea6adaf932ca31557297e1876b1f0caaf71f293b2f,12a7c8f54bb18c518db69ae438ea63695622934418b3636e0d317926a1098d9d
108_common_gen_both_sides_kna_t3_rep1,258,2,both_sides,,3,2,64,13,728,1516654347,common_gen,108,1,common_gen:validation:63,0,b67881766976e6760bbaece19835d0044a81453116ac62cd31c7d4ffcd28ed1a,9c7a1f54b71385a3e1b1224886c53d26f772a4685686cbc17c00344dd8962fae
109_common_gen_both_sides_kna_t4_rep1,259,3,both_sides,,4,2,64,16,910,1752666085,common_gen,109,1,common_gen:validation:500,0,4264d5de5b7bc3eabbef410254b81f290a27000e277080400ac5e1128d672c6a,9d03c56afd4d452c314727b0b0c30dbcf06c3081290889c34e836dfbd47ee2e0
110_common_gen_both_sides_kna_t5_rep1,260,4,both_sides,,5,2,64,19,1092,1043104087,common_gen,110,1,common_gen:validation:29,0,1747a6b92be5adefeea9c52744097d6a5364b8909c40f926f5ffffe8b5bc24d2,d778396793600fb1ba25801687db494705950b5fdf523c968a555afce070f71b
111_common_gen_both_sides_kna_t6_rep1,261,5,both_sides,,6,2,64,22,1274,713882624,common_gen,111,1,common_gen:validation:660,0,a1488b8230d426fa50ae341b9dd077c1375a518a4b2563ed2f883008c21f0b6c,eff4aec51fdd50c0fc720f5782346e014fd6f5fbf0741a5bf3717428b3c795ea
112_common_gen_both_sides_kna_t7_rep1,262,6,both_sides,,7,2,64,25,1456,1223924724,common_gen,112,1,common_gen:validation:402,0,bcd93e0b1f82f84337c5e89ebc9a7f279991a0a02e1f4c30fe65fb8910944d38,4926661d54ea2941b7b545cb984613dda48ecb3d6216d1a7ffe0ef4bf717aad8
113_common_gen_both_sides_kna_t8_rep1,263,7,both_sides,,8,2,64,28,1638,197853841,common_gen,113,1,common_gen:validation:857,0,8cbeac663be101443ff4a9b9b0b96dde8f9102fb3ec2acec4ba9b78430691767,c1dfafe8d180b1a170590fc6dde9bb2308343a6f252eb7466fa072d3904ae029
114_common_gen_both_sides_kna_t9_rep1,264,8,both_sides,,9,2,64,31,1820,1247722251,common_gen,114,1,common_gen:validation:873,0,72c8867306e61452cc070970cc0cccbc925335c4b336d6ce82a643e776fae700,5484aa833586dd733209f7468787d71acdd2fe3244ad37d5235956ed997509fd
115_common_gen_both_sides_kna_t10_rep1,265,9,both_sides,,10,2,64,34,2002,1116949497,common_gen,115,1,common_gen:validation:885,0,1ed331e823eafd155eb84eef344ba0d692ef35ac0c05b5e0e1c6b85dddc4ead0,bbfdafc2b32c26523bda675320eea4928f7b3ae6855eee0e78c073550bbd2da3
116_common_gen_both_sides_kna_t11_rep1,266,10,both_sides,,11,2,64,37,2184,264973824,common_gen,116,1,common_gen:validation:341,0,4dcd8679643a7dbd9f921a16a123742555c1acf0353a675ce334e59651765f10,8d6b7cb2366b0817f0dc88d404c84429146180b698ef011780c2d44ddbe4729d
117_common_gen_both_sides_kna_t12_rep1,267,11,both_sides,,12,2,64,40,2366,1005176426,common_gen,117,1,common_gen:validation:399,0,5388f4d7412fdffe2b1d7c5e62eb9aef6bd5fb103979e842a28b1eb241161c81,e1b12cbc0d2d2d216c9acbbd4e152a47bb93cc884ea109c2641442a6c6b41fc0
118_common_gen_both_sides_kna_t13_rep1,268,12,both_sides,,13,2,64,43,2548,664912240,common_gen,118,1,common_gen:validation:887,0,f94dac282589bc09e37d0c12029be362d3874f15c90ae47c7e64242974bfbfc8,b39e6651236d8652fc9a4415cc43eec5a3566b202331fd3c94e9ccd36f616a53
119_common_gen_both_sides_kna_t14_rep1,269,13,both_sides,,14,2,64,46,2730,496641802,common_gen,119,1,common_gen:validation:721,0,90c6d995e617c898e580d584bf39d25281cb65e65d7f64558533e47fcd6fb11a,904bd18f79b68a257c77c6a85180e316e19fbf21398e8c255486766211446a28
120_common_gen_both_sides_kna_t15_rep1,270,14,both_sides,,15,2,64,49,2912,1122654281,common_gen,120,1,common_gen:validation:161,0,87021c64d33fc7c3e9de0441b613d688ad5fd0f4f8a46a389ccb4d05eeab1cff,321b9e0fccc9e246dbffab6261916432fcb2e113758bb904574d9e60d6726def
121_common_gen_even_count_kna_t1_rep1,271,0,even_count,,1,2,64,4,308,855419905,common_gen,121,1,common_gen:validation:392,0,83936bea70591026fb2cb611571bcb8c899cf996ecc9a3aad5af4deabc46f40d,6f521ef63d199bf921036f7c3ac196f48ca94981d133b132daec0bfc327a6a48
122_common_gen_even_count_kna_t2_rep1,272,1,even_count,,2,2,64,8,493,1365899619,common_gen,122,1,common_gen:validation:592,0,b3f08c93e18955bf193abdec19b0011ea6d018eea930c3d524c3f6a9824bd355,8f59d3b2927430e2c95f3272e5bd67bdce8d5773ae077b3929020571c8efe668
123_common_gen_even_count_kna_t3_rep1,273,2,even_count,,3,2,64,11,678,1997518064,common_gen,123,1,common_gen:validation:871,0,c08a01d368f9ae4d4db62add8b22ade04169176597cf37f36246e73c63bc2128,f5f67957fa41b93c350dce7913c7bd4da1baf3aa780243ef6c96a9b9a963ba0f
124_common_gen_even_count_kna_t4_rep1,274,3,even_count,,4,2,64,14,863,1386824628,common_gen,124,1,common_gen:validation:580,0,f2af945fa7fcdf2cd38bd8c2cc5414efcc2b9e9735e522d8a38c0e377e68d3c8,02697872be03e20e9e8f92fbaae8927d5546a11878d9db615b6cf1577495beed
125_common_gen_even_count_kna_t5_rep1,275,4,even_count,,5,2,64,17,1048,1030408,common_gen,125,1,common_gen:validation:356,0,fb936e4216b52e97589d9903d898d774dbc4e7619bb455a24b54186f1936a3e6,f543afea43f002d643815066743009bfa56052a34e6acf6032c5c4e47b96e67f
126_common_gen_even_count_kna_t6_rep1,276,5,even_count,,6,2,64,20,1233,1292144660,common_gen,126,1,common_gen:validation:832,0,81657beaf1ebcf9aed6b0fe4b5acd6fac88a6605869f29a09d7c9cf2bb0c1f28,b20f91257f65111b5735e152066549986152921690ba1f3b186dba6ad50a8d74
127_common_gen_even_count_kna_t7_rep1,277,6,even_count,,7,2,64,23,1418,1930332039,common_gen,127,1,common_gen:validation:293,0,fcb2df1e6ba8c7f0f2aa9e6c914c569c7fee944710906777393077e0876b7feb,c26a09793976dc18043ed224d514c0dc1ac27cef1f45c116c39bd4de82bfd81c
128_common_gen_even_count_kna_t8_rep1,278,7,even_count,,8,2,64,26,1603,1266376776,common_gen,128,1,common_gen:validation:911,0,6cd3a3bfa445c7c7ca6bc3bc7f029cd9372d458ce09363b5f46e19220848d540,2452933c97c1cac54d0284258adaa9b6863b407e98fce77330265013b30c3225
129_common_gen_even_count_kna_t9_rep1,279,8,even_count,,9,2,64,29,1788,1241627802,common_gen,129,1,common_gen:validation:943,0,5569f5f58c461b7d130fe9d657bb4e6c00b3cb48c8600ef04f7abf06f76087e1,f9a4b6044e5a1a68440df6af6eaef3014dd34e15137065889005c7787511fe45
130_common_gen_even_count_kna_t10_rep1,280,9,even_count,,10,2,64,32,1973,670725564,common_gen,130,1,common_gen:validation:796,0,a1d178eb89fd57fea296c7f92562dbe7332e870533dd7cf8a2f6f6fa50e2ba9c,98c13a8a8365af899207131d859090f4c9f33a07bc61245814823fe4ccd64c99
131_common_gen_even_count_kna_t11_rep1,281,10,even_count,,11,2,64,35,2158,1158573297,common_gen,131,1,common_gen:validation:805,0,3ea6e0f8c99a0896d34f4615ced577e6d051b5d1c6245279c2dfd0eadcc4c2df,d208187f7f89347b090f4e0f50356cef08b4ef69938359872267b8274cfa33a9
132_common_gen_even_count_kna_t12_rep1,282,11,even_count,,12,2,64,38,2343,2076435895,common_gen,132,1,common_gen:validation:520,0,7c0f6ebdb7a832ab74fbe8df5f45f2dfc857625b7c74e7f4122069b3bf9bdd46,c1923f48712bd495886d0151357ea259670c2d3d9b41306d8767f30160745a96
133_common_gen_even_count_kna_t13_rep1,283,12,even_count,,13,2,64,41,2528,1102610059,common_gen,133,1,common_gen:validation:901,0,02c98e499de28408c3e914996826707224706cf20e03aa3975b18ef58ad70aab,49ddaf0cf4abcf29e02294d57e8ce51f4e7bd0c495fe2bc0e4fee3afda923588
134_common_gen_even_count_kna_t14_rep1,284,13,even_count,,14,2,64,44,2713,1639697217,common_gen,134,1,common_gen:validation:657,0,f5a02410e7d9c406e9abca6848604401863d5783d0eb22edf85e9f8c94be278c,deeef747d5188ad4b7adeef25bf0ec955829cac11a7083f5f2633246203cd6cf
135_common_gen_even_count_kna_t15_rep1,285,14,even_count,,15,2,64,47,2898,2069139287,common_gen,135,1,common_gen:validation:510,0,614ef632a12d84746c75d6e1e4ca9000569312f52c164660e06abca63d26de0f,6a89cae0a8daef73759ec1cc0ea5264c9a5c3450e95ad75a43d7b3758402837a
136_common_gen_even_count_kna_t16_rep1,286,15,even_count,,16,2,64,50,3083,1127096830,common_gen,136,1,common_gen:validation:424,0,9063305aaa924d0cb40fa6334da776841d35364211597f67638c532244e6abc1,69da4c7e206b0488b27c9a5aebc3029e16b74c555bf9b2919b697d20438d62ac
137_common_gen_odd_count_kna_t1_rep1,287,0,odd_count,,1,2,64,3,250,1507178887,common_gen,137,1,common_gen:validation:595,0,abaf1a7e8e5424bc4bf4fcc29bcaef6383865c3bc28369c5011775b89cd66d82,48f8ddc8168779f311991017b975864c0786fe34e62926c9a45f4f3004d3c93a
138_common_gen_odd_count_kna_t2_rep1,288,1,odd_count,,2,2,64,6,375,1124355968,common_gen,138,1,common_gen:validation:614,0,74aac98e62ebe98312404493abfaa4fb471b2cbaaed410c7f1aa04c243b086ce,867dbabcdd50f9f1788dc033ae9b3752b522f1e674006e160c433cc453664e2b
139_common_gen_odd_count_kna_t3_rep1,289,2,odd_count,,3,2,64,8,500,929137731,common_gen,139,1,common_gen:validation:652,0,d3e48d9cc091fbeaa25fe738d8af1eb72756585ed3fb2e59d1d0bb47d09da0b1,016441c7731d726f03d5785cd249718c9a4ecfa77349d0f1a2767f352f0907c3
140_common_gen_odd_count_kna_t4_rep1,290,3,odd_count,,4,2,64,10,625,1096446327,common_gen,140,1,common_gen:validation:902,0,3bae17252715f2ab1ce37063f30ac5e85d1bda6e367a4dd1e5000ebc97b873fb,34517886b4647d27cad980c33f71c94736651aab8585808bbafbbfd0a20e000f
141_common_gen_odd_count_kna_t5_rep1,291,4,odd_count,,5,2,64,12,750,102972841,common_gen,141,1,common_gen:validation:31,0,b208e3342f9caeb944d2511a6e02f0af4a1cbbb9e67fdc45e27612d55f4f8092,371c6fd773d00834e747c0a3bdf019ffaf26883ac3ce3b34fbc1d884d3892f72
142_common_gen_odd_count_kna_t6_rep1,292,5,odd_count,,6,2,64,14,875,464074219,common_gen,142,1,common_gen:validation:541,0,de98d56b0c8e90c47e6188d49bf10966df1aaf9c02ce31c08abed825ed1b5ea6,82082dc99f37197ceca7b375e11d1d199b9342ef378bb4bf4a40e5dc804b4c85
143_common_gen_odd_count_kna_t7_rep1,293,6,odd_count,,7,2,64,16,1000,842167547,common_gen,143,1,common_gen:validation:509,0,7774770a7768743fdaa49c53d048ee2901bc7c6aa017dd953e2af01ff9eab37e,109fcdbe3ff5a4aee3b014c24dc9dbe9e553c866cfb1d39984f8058e192212ad
144_common_gen_odd_count_kna_t8_rep1,294,7,odd_count,,8,2,64,18,1125,1051017677,common_gen,144,1,common_gen:validation:585,0,4880ba431e2daefc721265e6c505fe5a064d29fff6fb824edbd70fd5b9aa8e57,47bf88e1b59d97e45cc08a807391ba0862e4cff331c36466a233f1a271d2779d
145_common_gen_odd_count_kna_t9_rep1,295,8,odd_count,,9,2,64,20,1250,352748346,common_gen,145,1,common_gen:validation:669,0,e6098eb39c93c58c6d3d5ee067517d59175a90ed4ba6d6ce2c69ea634cebb8af,c1f933ccd5f815864100ed99d23a203acd7cd17c88902a2cf9ab849fd2062b99
146_common_gen_odd_count_kna_t10_rep1,296,9,odd_count,,10,2,64,22,1375,593454006,common_gen,146,1,common_gen:validation:22,0,9f861f486439c5b04234de39a784b532ab2183a41a5813c2a8e9db2115afde05,b48faa2ce8266c1a37a875708a8c82c6ea4d54db18afba0cba15ff63e847b9a7
147_common_gen_odd_count_kna_t11_rep1,297,10,odd_count,,11,2,64,24,1500,1373591884,common_gen,147,1,common_gen:validation:625,0,2c568c1a5cba39ac94f56e2b89eda282f1ce07addab131152455105d2c384687,ec43176a459e53abe4fb7e71bcedd1d22f042d7825e87a59abb06b3a32f8055b
148_common_gen_odd_count_kna_t12_rep1,298,11,odd_count,,12,2,64,26,1625,671196295,common_gen,148,1,common_gen:validation:507,0,fd8c435ae53e4e273e929e085d909b04b339c8197e4f1cf8f96af329c251869f,73296b19431c42be0e69750f94dffa2c939504a4c977aeda3eacd972451fdd1d
149_common_gen_odd_count_kna_t13_rep1,299,12,odd_count,,13,2,64,28,1750,1827736485,common_gen,149,1,common_gen:validation:715,0,4078c3f1cad5a3b3e41e38fadf2c75deea14128c3806adeba6f7ca7280bddf77,1bc739881664169e5f5822f231acc517a287bf1c9c403a8392922aa5dff15f28
000_common_gen_kth_last_k1_t1_rep2,300,0,kth_last,1,1,2,64,3,250,2023557366,common_gen,0,2,common_gen:validation:116,0,f169abfa303879dcaac37f7ad4826a61b6bf63987ebf2f30a739df888ff18fbd,3eace48a8ba2697292182efffabfc99d751c7b2ddce889032ffd8ad7c0d44bd2
001_common_gen_kth_last_k3_t1_rep2,301,1,kth_last,3,1,2,64,5,364,1645294196,common_gen,1,2,common_gen:validation:153,0,a985fb2d036b034915c8607559300d8cb24354ef0f43340006cab319dfdada56,7775ea3181536d1285bb2d1cf4b347e6c8a5ba0a0857296c43c3506af5508714
002_common_gen_kth_last_k4_t1_rep2,302,2,kth_last,4,1,2,64,6,418,1727643257,common_gen,2,2,common_gen:validation:960,0,0d83ff81ad2b40a932d557346cb0f8a443fcc67f1ea4b68884686f311fde3ae6,f56ab485a827404248e5ba6d630cd95a60ffd2f091a183588ecb18d9d96b45fd
003_common_gen_kth_last_k6_t1_rep2,303,3,kth_last,6,1,2,64,8,520,651331240,common_gen,3,2,common_gen:validation:848,0,a0c855f9f3c5da1f0dcd9c032c5ecdee8456c057bbc291601cc22f2be6404f23,8724881c6ddb658799288c3230b4604080d44c4404b7ba8a04d09d848f70b7b6
004_common_gen_kth_last_k7_t1_rep2,304,4,kth_last,7,1,2,64,9,568,1672724734,common_gen,4,2,common_gen:validation:677,0,5bc13cfc1deab764597537d0d368f6477a68bf91a6d167109797693a17074211,a2555c0a63d17b163ec6eef89c3d36ac95b0d4a185021bc1e64386727af04fed
005_common_gen_kth_last_k9_t1_rep2,305,5,kth_last,9,1,2,64,11,658,1166548901,common_gen,5,2,common_gen:validation:59,0,9b039a26044722e584b092f82e43559eb604ccbcf5604fa07ca6dfdfa7e891ce,f5bfc5fe089cb487ec00aec604f9fa7640021a2718d79d7ffbb9d2d3f7c2d01b
006_common_gen_kth_last_k11_t1_rep2,306,6,kth_last,11,1,2,64,13,740,1478633376,common_gen,6,2,common_gen:validation:797,0,f19a33a1d85cca62fcb09f8c6495e006f308c0e3ff16d83ff6f15e99fc604945,b1f34954ffe3e21e21ac97623ad3c08ec40c9bbfe4309f68de8fc20822b56dbf
007_common_gen_kth_last_k12_t1_rep2,307,7,kth_last,12,1,2,64,14,778,839306281,common_gen,7,2,common_gen:validation:914,0,b1bb15d804b623873798079aa36907fbc7e0d4c109b3d88108ec72c86e3a0096,1d71102ecc24296d14bbb5e8b426532318f948df39244d45da327b13cda3a221
008_common_gen_kth_last_k14_t1_rep2,308,8,kth_last,14,1,2,64,16,848,1668076455,common_gen,8,2,common_gen:validation:972,0,c6ae4d35bca1a73f7fc90fb5d0d4e6d4c7f64f9fcabc056fe3c333fafa5c20e9,2e8cece1ed6dbac86c44a36daed519b1c1aaed9b351209f4d7820d3f9f6dbdf0
009_common_gen_kth_last_k16_t1_rep2,309,9,kth_last,16,1,2,64,18,910,1784310185,common_gen,9,2,common_gen:validation:171,0,91c993dff3e271e5341637c8cb5ef611858124032ddccbc2f5e3437cda03b5fa,26acd3f74f92e86ef6bbc5f5c43dd4c195b17836a3e86ed39702f68e9d613a3d
010_common_gen_kth_last_k17_t1_rep2,310,10,kth_last,17,1,2,64,19,938,1547818814,common_gen,10,2,common_gen:validation:126,0,45a69f3d809cdafd0b9832c26e2598c496b7f4773cf33ed228a9cf2998b49e0d,fde21ea19d110ed8009254feefacc671724a2f4d4db304d1f59b58d72e3f4f53
011_common_gen_kth_last_k19_t1_rep2,311,11,kth_last,19,1,2,64,21,988,729600490,common_gen,11,2,common_gen:validation:361,0,79c801b212ab528cfde0aa8d80401f64134af5731b4bfbae3f2d5bce539b03b6,a359bae540b37aa723f234de93fb82cd1595ac3e125c8061dd74e88328a6d934
012_common_gen_kth_last_k20_t1_rep2,312,12,kth_last,20,1,2,64,22,1010,1929346766,common_gen,12,2,common_gen:validation:835,0,da1979b4ada0d394da3de44f0d0ce5d8e112d70c47299a4c9fb231b27f0d755f,6e0ab10543cf11af8dee40c7363b2be9cb6f6c9e293939613ec1699685ccc680
013_common_gen_kth_last_k22_t1_rep2,313,13,kth_last,22,1,2,64,24,1048,1576972858,common_gen,13,2,common_gen:validation:141,0,ece63aef8a57e6ca6037c632168ef33bf6cab5258fab537d7fcd17671188705c,e55b13b4392abf5a811877026e353a68934794e961f48f85de527b74bebf36a3
014_common_gen_kth_last_k24_t1_rep2,314,14,kth_last,24,1,2,64,26,1078,641986217,common_gen,14,2,common_gen:validation:150,0,d60098cc62d34a40280144f9a5aa72501ea64bfc9e9edf2de2ad08364bc5eeef,acded65de3ea5d8480cbc34562d93820dc50fc4e7ae4b714daaf187603712066
015_common_gen_kth_last_k25_t1_rep2,315,15,kth_last,25,1,2,64,27,1090,364483986,common_gen,15,2,common_gen:validation:4,0,98cd9fb87cefb1e2120e399d8f06ab92e34477f33cf6a04f030bd8d112c51865,8a7c1dad6cb910b2da2b690ee0baa605e56317730e61019bb865a050f696f434
016_common_gen_kth_last_k27_t1_rep2,316,16,kth_last,27,1,2,64,29,1108,2143483223,common_gen,16,2,common_gen:validation:561,0,9c219dd1b2aa2ba70419038850b76b84bd1a04773ed368075ec00d77e4ed9d8d,2b87c1c9b1af4493e132b01d7853de9eb29eef5bbc8b86173748f93c3a6faabe
017_common_gen_kth_last_k29_t1_rep2,317,17,kth_last,29,1,2,64,31,1118,1757643343,common_gen,17,2,common_gen:validation:313,0,dcab29023fd68001013cb371a20082695413c19e628606633bd45979882a22c8,c8f6586ff1394a2a26098add6bd3789dd73e8882bbbd5c655db1dc13276a0273
018_common_gen_kth_last_k30_t1_rep2,318,18,kth_last,30,1,2,64,32,1120,979905621,common_gen,18,2,common_gen:validation:23,0,6f6785ff6de15a37ead81b52fdaf6e305dcfc573d5bb33dc3d5fcbf515057ab8,14c09b622641523438e0e67bbb4ff63ab2059b126347ddb7c646a0af7e517c43
019_common_gen_kth_last_k32_t1_rep2,319,19,kth_last,32,1,2,64,34,1118,1919803765,common_gen,19,2,common_gen:validation:920,0,4987b6ed279a83321c51eb08f1a6919797c78df386869c718944933cf9cdabde,a7951f43d084effc864090a25c9221f7f70c65bbb843a6c12543e7ee54a98ca6
020_common_gen_kth_last_k33_t1_rep2,320,20,kth_last,33,1,2,64,35,1114,991485594,common_gen,20,2,common_gen:validation:748,0,ae2f6b8c2e09c3e421ea480e2dfaa8cc9e1407c41aef7a9645cc447f2e27bf74,c39fc7899e63c675bba62e5ef4f889d2cde387ee41bb5f4d36fb8116ad523aa8
021_common_gen_kth_last_k35_t1_rep2,321,21,kth_last,35,1,2,64,37,1100,657660878,common_gen,21,2,common_gen:validation:945,0,24f82b8973a118ca923eea50605201cf373f9036aabedf4845091998dfdcf03c,7d621322bc35d7108cdcd1f1a88d5fa1cbee28787f2f612bb8d2d25ae8e77643
022_common_gen_kth_last_k37_t1_rep2,322,22,kth_last,37,1,2,64,39,1078,189588838,common_gen,22,2,common_gen:validation:309,0,886f0eaa33a6a7c7b44b94fb2c7dc5279a7b68d1d28281c3daaafdd453774b9c,f52165f884a5a37fb8af584b34698e1bacb9e4140edaf48c33e72b289443b35f
023_common_gen_kth_last_k38_t1_rep2,323,23,kth_last,38,1,2,64,40,1064,1384715305,common_gen,23,2,common_gen:validation:76,0,f81ba7d5ec5cd14124a2738971c94efc0796d108e23b957f6b5bf277d44e14e8,f6ed97d4928721e3ba92475eba490b3ad150e64877fc2ea0d8d1cd5f863d67ef
024_common_gen_kth_last_k40_t1_rep2,324,24,kth_last,40,1,2,64,42,1030,174690424,common_gen,24,2,common_gen:validation:460,0,55dd02d3b7b8ca3254e4b729492cf623b140954668b698f48f3cb7fc162b810a,3eec0450ac7578c19f8f375ef8dba8eda9200120d23c9b475d26e5c664220744
025_common_gen_kth_last_k42_t1_rep2,325,25,kth_last,42,1,2,64,44,988,767023149,common_gen,25,2,common_gen:validation:466,0,d8de7440b86f6951ce6b54482697f86070e7c5ab5d2228f62c4ddfce16d280ed,4b11e9b9d75415a5ed3639e74f21c8d6f892af087203bf94210945776ba18d81
026_common_gen_kth_last_k43_t1_rep2,326,26,kth_last,43,1,2,64,45,964,1718174226,common_gen,26,2,common_gen:validation:57,0,83b0a1a35f19422b42ad5b5cf7ae40318f34b06959037bf9ee82174a7ca710a5,ddbd106c25ad2c80903f48026fc5276ffc418965308332855e070944c5b688b4
027_common_gen_kth_last_k45_t1_rep2,327,27,kth_last,45,1,2,64,47,910,506425993,common_gen,27,2,common_gen:validation:90,0,67165d5c09ef07c40e43102a544e9b01f8e1dbdf5881ef75ded35bbf0d6bf627,924fdfbb7f7b2bd5b4aac7512e56ba80b66268a55843780266d6004c9e54489b
028_common_gen_kth_last_k46_t1_rep2,328,28,kth_last,46,1,2,64,48,880,1114962707,common_gen,28,2,common_gen:validation:86,0,76d3a4c1b379b0131acc26c7cc6e9ec7a4725a33301d54a76dd2cfff7990b700,e83dd3de73248312182d1a9b4aa0416ea024f1c0e2a86383ce0d50d717ba994c
029_common_gen_kth_last_k48_t1_rep2,329,29,kth_last,48,1,2,64,50,814,1257315079,common_gen,29,2,common_gen:validation:734,0,d1f892c47e1a7454e44c4ae0c6f555120af6c0a4a25b4167e8e53d6e6b433f41,600f4a84959aebe8b7ce1669c83199a13c20960ac2b560617fad69ca7879869f
030_common_gen_repeat_after_k_k1_t3_rep2,330,0,repeat_after_k,1,3,2,64,6,432,628534398,common_gen,30,2,common_gen:validation:983,0,9cb9fcdb47ac9874938eaaefc708854289b208c4d961fbcfc4829e126b7728fc,36f5e399d059a821f7d7a6fddad0c24c774172b08591acc9d8e347f5f7e41816
031_common_gen_repeat_after_k_k2_t3_rep2,331,1,repeat_after_k,2,3,2,64,9,608,1048564142,common_gen,31,2,common_gen:validation:437,0,1df389e91423e77356f4df78e9acbc821e6e7f068bb422d59755ed9bed991d84,b3129319d5dce42f3a94a7e08efc6c56a72966286fabbcb01d2a0ff14192c6b1
032_common_gen_repeat_after_k_k3_t3_rep2,332,2,repeat_after_k,3,3,2,64,12,778,1029870272,common_gen,32,2,common_gen:validation:697,0,1bb5059c6b156586b2f4c2bcdd5f031c6905cd7b8d61cc1220b6abff2db4bfe5,0fcdaa566505ae70a56bed4fee599f8d87a92f152a9c20b1349b54946e9dc5de
033_common_gen_repeat_after_k_k4_t3_rep2,333,3,repeat_after_k,4,3,2,64,15,942,163741365,common_gen,33,2,common_gen:validation:65,0,ca43a01594ae51f0c2093996d44d49c1e2f18e152dc121754955328ca8ee75f0,2b7e7725d349b75544ce2e13f21d4cdda8bf45ba4e6e88d0d2ae41e09c17ca5f
034_common_gen_repeat_after_k_k5_t3_rep2,334,4,repeat_after_k,5,3,2,64,18,1100,465351110,common_gen,34,2,common_gen:validation:245,0,8b643fa0dfc1097deb5cfd319e44427b42539c89787b27475f9062f2f391af77,96345d467b166f3bd7944bd2794fb4e56864a671f2301e11eab019701ed81a3d
035_common_gen_repeat_after_k_k6_t3_rep2,335,5,repeat_after_k,6,3,2,64,21,1252,1243592523,common_gen,35,2,common_gen:validation:142,0,3b1cdaedd142da18f833db4e0e752972c06cc16e3170aacef07083a73c146653,4408f61cf2ca55b14a9f3df21f92cd88d85da996b4033dcbc342ed76a5aba88f
036_common_gen_repeat_after_k_k7_t3_rep2,336,6,repeat_after_k,7,3,2,64,24,1398,1188701661,common_gen,36,2,common_gen:validation:263,0,45e84f1d4225c91bd4ba72f109bcd9324f1838e1b6ff97f865dac5bb84d8f7e2,9b0ad58eedcda537378317c64fb287aef334dc537d78efe449450c25abd01d6f
037_common_gen_repeat_after_k_k8_t3_rep2,337,7,repeat_after_k,8,3,2,64,27,1538,1974812883,common_gen,37,2,common_gen:validation:487,0,e6f5a876dcd38a5d46c2456b737f0a2f125ad9d46f6c590321c416ae12247e5e,38b677f7b890f8528a6a29c88d7ca20feae0481d9c1c51f27bc779a26b774401
038_common_gen_repeat_after_k_k9_t3_rep2,338,8,repeat_after_k,9,3,2,64,30,1672,1055991902,common_gen,38,2,common_gen:validation:156,0,93ca4dced3714c1affb37ada9c101fd0ab6a36ae218917266304056285134d0b,2508279d853de73f5cfbedcf7c48ae08191e3d1fa3798adc5ccaef8aef8a338f
039_common_gen_repeat_after_k_k10_t3_rep2,339,9,repeat_after_k,10,3,2,64,33,1800,1167190548,common_gen,39,2,common_gen:validation:514,0,9453e84066f473bc552d4f7ad739754ff5eae0d712489e3ae3eb591194cf50f5,6cc9e2d015b177b058eca018835c543cc5ffd888867943a8258f845069a8e9fb
040_common_gen_repeat_after_k_k11_t3_rep2,340,10,repeat_after_k,11,3,2,64,36,1922,52861089,common_gen,40,2,common_gen:validation:534,0,ce4a1dfb247d020755d3f856a11a30d183d7dff756b4d59a1af8c123174fc03f,f04908ae181cc0cbd863cdd5e2970c0b1dbf13a8f08b3dd3a8489cc45fb66bd2
041_common_gen_repeat_after_k_k12_t3_rep2,341,11,repeat_after_k,12,3,2,64,39,2038,1933704178,common_gen,41,2,common_gen:validation:168,0,e330f48b1f362c84bfbec8995415d95fc675de698505aaab48599f50be058154,4d2808a83ef5828177147d463d50c65594b168c681c82e86c28d81f8c3704266
042_common_gen_repeat_after_k_k13_t3_rep2,342,12,repeat_after_k,13,3,2,64,42,2148,1540994113,common_gen,42,2,common_gen:validation:184,0,9200e7e06797331d23222d22fe02867d91065d6e8713d4ae9d7267c3036a4a4e,6802ce3f78da99e53fedc97dd8f3ea897a644d872ed4ca4414a4be0d2e85700d
043_common_gen_repeat_after_k_k14_t3_rep2,343,13,repeat_after_k,14,3,2,64,45,2252,1533466906,common_gen,43,2,common_gen:validation:363,0,29461fbc7fa35a56bf1410d0bae37690df26618db8d9c459d476cd7931c7a997,775df905752e9821ec8e6ad883a37ceaedb31bb4aefdcae2ce969e63aae11996
044_common_gen_repeat_after_k_k15_t3_rep2,344,14,repeat_after_k,15,3,2,64,48,2350,1561444631,common_gen,44,2,common_gen:validation:383,0,b470447c9b6ac6dd56d242acccfa4848b9e5c620d724b85b2a8054e86c59c5e5,3541ca67334258e6d5307d0aec304913cd8e4a33d02d1d0f1a574e357690cec1
045_common_gen_any_token_at_least_k_k3_t1_rep2,345,0,any_token_at_least_k,3,1,2,64,5,364,1795768787,common_gen,45,2,common_gen:validation:576,0,bbf2d747c2d8eac1570be9bf2e87647bcb207ce4c0e4282c5046e2681ab1f3dc,3bd0b0ad7083c61852c0c0e8e5e36ac3d9d98dadf6fab1e66b75e7f0a3ba38c4
046_common_gen_any_token_at_least_k_k3_t2_rep2,346,1,any_token_at_least_k,3,2,2,64,9,546,949640223,common_gen,46,2,common_gen:validation:979,0,963b767f569fbd5bc695b45fb73c184a9aa5346fa84f6f644260589279be9434,1fe888b46c927f293ec9df10232345e869fd57a3c4bc4c44ed2279c58f308f66
047_common_gen_any_token_at_least_k_k3_t3_rep2,347,2,any_token_at_least_k,3,3,2,64,12,728,2001366225,common_gen,47,2,common_gen:validation:208,0,063c140160589d5843f4795a20b8681af91d7800127409664f347bfbd6e0b264,20cb3f133c3893854bd3348532c0e7fac6d4a3e24e7a3aec64dd49d68b4ec354
048_common_gen_any_token_at_least_k_k3_t4_rep2,348,3,any_token_at_least_k,3,4,2,64,15,910,615849880,common_gen,48,2,common_gen:validation:575,0,cee876b8cd445e9b1a210e5ee0c6bb728bddbfe0dd46f07cd933cb1698c5345f,f0afe19771a72ac253c569d7041f9de41e2ea6fefc76d8448d92349b65e6bcc2
049_common_gen_any_token_at_least_k_k3_t5_rep2,349,4,any_token_at_least_k,3,5,2,64,18,1092,2058249495,common_gen,49,2,common_gen:validation:508,0,5f3589f00d4b1af37cff0496a38a3a45b2c70fdd0fba3f8ed52158106c94951c,438fd8797755a902a8910ff4e76d6b2a685ba9e9e00c70cf528a3d6d3a75645f
050_common_gen_any_token_at_least_k_k3_t6_rep2,350,5,any_token_at_least_k,3,6,2,64,21,1274,2086866059,common_gen,50,2,common_gen:validation:827,0,a2f317eecfb0b593086671d9870ed96c861ce260c08429d1bc7fdce9be553676,c0388a62472acacf203e66b37cabd1362da5be483c3262635569445c8154d2aa
051_common_gen_any_token_at_least_k_k3_t7_rep2,351,6,any_token_at_least_k,3,7,2,64,24,1456,176816165,common_gen,51,2,common_gen:validation:191,0,752d306ed25771e945c379ef64e0f104b3972ce2d778aae6b461d2a236dac557,ac76ca6c81a4496a28187a61ee2aec79e3b8db993a367769b215bce76b9dd0bd
052_common_gen_any_token_at_least_k_k3_t8_rep2,352,7,any_token_at_least_k,3,8,2,64,27,1638,1906890849,common_gen,52,2,common_gen:validation:324,0,3c4ec88a6fb15264308d58344c433aef144523fc3dbae4f7b9144a45623035ab,6dbe15e0914fb37c12784265a9eae655b3a2a1a550498c2c9e5c5011cf245d6a
053_common_gen_any_token_at_least_k_k3_t9_rep2,353,8,any_token_at_least_k,3,9,2,64,30,1820,1555676554,common_gen,53,2,common_gen:validation:817,0,8768fb446f26477b02d6997bf4cb5aa67feca3f9d6c9389784eec3cbe20ea0d0,43134753fef1f0e801075d4752219f4b636ac9f3bf25a5474fed25f0d8c887cf
054_common_gen_any_token_at_least_k_k3_t10_rep2,354,9,any_token_at_least_k,3,10,2,64,33,2002,1781890543,common_gen,54,2,common_gen:validation:647,0,b03c8b51960a7ce2c1d357bc8382b86c4da64c929937d795f2c026e61d209a65,5d525685155c2cf8a815fc7c06ce962f11c7dd08f97ee8a4ae836be10cd217c6
055_common_gen_any_token_at_least_k_k3_t11_rep2,355,10,any_token_at_least_k,3,11,2,64,36,2184,463344614,common_gen,55,2,common_gen:validation:406,0,67d9d55a2d8e150ad71f0e67c74c15d5cc9e25dd88d7463ad97b8af881e906a0,034e1370e1542f1a535a20340313d22839f0de7f3fb6cca98d462b290efdda27
056_common_gen_any_token_at_least_k_k3_t12_rep2,356,11,any_token_at_least_k,3,12,2,64,39,2366,385744462,common_gen,56,2,common_gen:validation:984,0,7f12441d22e9309e688800ff19376a1a489b42fe1da70f45cfbf1618a59dbd13,1494fd0d3bdd42d6b6e2c706ab1446992bca0a0c92c325a5af000bf002aa96cc
057_common_gen_any_token_at_least_k_k3_t13_rep2,357,12,any_token_at_least_k,3,13,2,64,42,2548,908054129,common_gen,57,2,common_gen:validation:192,0,30198a6029f919edd209532db42c2bd93e2afb730fc2c3df55143d22a8a9654a,50df434beaaa8a98d845311646ed9dff492ae5faae749038953ff8202792390e
058_common_gen_any_token_at_least_k_k3_t14_rep2,358,13,any_token_at_least_k,3,14,2,64,45,2730,176478806,common_gen,58,2,common_gen:validation:886,0,3e4722c83737e7901ae5233eec4ba740823d85cdd082d277e362f3f7161e3a11,eebb7baba0dd72748002d39469e9f8583037b82fca4d6d1656a7496c32a9d1b6
059_common_gen_any_token_at_least_k_k3_t15_rep2,359,14,any_token_at_least_k,3,15,2,64,48,2912,1242587590,common_gen,59,2,common_gen:validation:404,0,6b09cb5b33c47e90dfca3dfcd5b9c0012ba800a21c113af2addd3265fc6df8bf,36aa7e1a802aa6815a21872c98062376873e42f9cf2a6d22d8a7a3bfe921b579
060_common_gen_exactly_once_kna_t1_rep2,360,0,exactly_once,,1,2,64,3,250,282243418,common_gen,60,2,common_gen:validation:811,0,daafd9da027c8df409d62b3d2895babb2e648dc60c339801ef98607c20779c80,607c6b1bb37ac16b86b2f80417fac87057ec4dcab1b4ffed4c990626682250c5
061_common_gen_exactly_once_kna_t2_rep2,361,1,exactly_once,,2,2,64,6,375,656331716,common_gen,61,2,common_gen:validation:956,0,e241f711e8d862be9bf28f6003058be8926ca3ec118d453a4a6926a93662d0f0,6e27bbd299ef8b809148e74352116f5a296c31937bab0a3d0dc48efdd56c2ac6
062_common_gen_exactly_once_kna_t3_rep2,362,2,exactly_once,,3,2,64,8,500,722300856,common_gen,62,2,common_gen:validation:307,0,deb8f3bd1464371f242f7e6c6584c3b0845d15a2ec5fe9289cc04219f3074f6d,48e650a3a7ad41519a3d1ff387f44e0219c96a6eb634fe75843dd2a1814256d1
063_common_gen_exactly_once_kna_t4_rep2,363,3,exactly_once,,4,2,64,10,625,181118886,common_gen,63,2,common_gen:validation:32,0,8c870127f322ca997315cf9fab5f0dda741f99b6e092171be13ae4443a6ef889,db0e6903813d64efec20df07fcd9a0349411cdfe9f1911be9b186a06f8a24dd9
064_common_gen_exactly_once_kna_t5_rep2,364,4,exactly_once,,5,2,64,12,750,365506664,common_gen,64,2,common_gen:validation:602,0,fb7a9aa504fa35cb9d98ce0b09eaca2741d07d5f4121b5d0d6238426f1dd82f7,5146186f8536658524df8da6a3745c66c7388cdabe4d6bfd162f6e21afbcafef
065_common_gen_exactly_once_kna_t6_rep2,365,5,exactly_once,,6,2,64,14,875,611466864,common_gen,65,2,common_gen:validation:99,0,c9558983c7376bbef9b7f8d43f4bd7260847b21f5040ff81fb6a39168e245187,a488925937830b32d256beef2703f379e1740d64334936cf1e8003ee9e3f06ea
066_common_gen_exactly_once_kna_t7_rep2,366,6,exactly_once,,7,2,64,16,1000,1209463343,common_gen,66,2,common_gen:validation:109,0,0ea6a39ead11f071dcf089f88d30850c84fda36a316d8658fbb708d438aff229,e0b86a4c662bbf3df71bf8eb3b3b0ecded3ebbaf82d4b1750302806c61496ccd
067_common_gen_exactly_once_kna_t8_rep2,367,7,exactly_once,,8,2,64,18,1125,1229890557,common_gen,67,2,common_gen:validation:650,0,42e000ff71d3ee3bc178798eb2331b572f337df90dfc500131f35b751a9a9698,cadb390160c08ffec028c118722e26d8230d3a1f24a1ea3bc3d7a422e60d7894
068_common_gen_exactly_once_kna_t9_rep2,368,8,exactly_once,,9,2,64,20,1250,282671048,common_gen,68,2,common_gen:validation:579,0,e99bf37439972e341a08a66c04d3db2815b82ddca20c9303bfd927db8aec760a,b8201693313397255f63ff6e96a7c71cf4e1edfe8dc8a873e1be2c598d0ba358
069_common_gen_exactly_once_kna_t10_rep2,369,9,exactly_once,,10,2,64,22,1375,1008574528,common_gen,69,2,common_gen:validation:253,0,770b6d7f58b2d24b725c6dec87f1976396f37aabe9801e56b5ac9f497e1ffcb0,b345f2fcf4c5e192b416cad337621c39fd6078b00f01e1a27fe0cbaee44c9c7a
070_common_gen_exactly_once_kna_t11_rep2,370,10,exactly_once,,11,2,64,24,1500,244599645,common_gen,70,2,common_gen:validation:590,0,e03c0dece305ebeb1ea9e5211178a58d63bd8db23ac4521bf1d067b3c1f1656a,df5bbca2e51b5382fe4184ae34c8ea3b3a5cf33a708395ef8c986b1d3010eabf
071_common_gen_exactly_once_kna_t12_rep2,371,11,exactly_once,,12,2,64,26,1625,981889957,common_gen,71,2,common_gen:validation:931,0,b3037809df76edab31933cd12e657346b83918435eea37b99ceecf08911fb354,7b255eee1a0b0bbb8af3669f5d8c4e194e6d873546d4a1e7adf8555e20590381
072_common_gen_exactly_once_kna_t13_rep2,372,12,exactly_once,,13,2,64,28,1750,887125123,common_gen,72,2,common_gen:validation:671,0,97404e5e7fc9d748f9f187ec54067f17c463255f40b134f6f8b7d29299cacb9e,bfc8fc7f638e18eb5a8dcc3b12bfaaf0c2a097d859e73f7d76ed5865a6515a2a
073_common_gen_exactly_once_kna_t14_rep2,373,13,exactly_once,,14,2,64,30,1875,2042561789,common_gen,73,2,common_gen:validation:763,0,b2d89d9e1e15c162c256ff3d50019ad1edeaa8a81931b0565d22bfd485246415,ba36b3bf4588e7e9eecedc92544d4dc5c1526003e022c9c83ca200ecb84c0e72
074_common_gen_exactly_once_kna_t15_rep2,374,14,exactly_once,,15,2,64,32,2000,1009687096,common_gen,74,2,common_gen:validation:305,0,aab4a4962e2e3120deef682764ddc0874bd0b923499f6ddec55cb949b4820712,2bf4f3d339883b89e0e4ee9e68c70b3265417677a5de2bd4d1a9fc598e6610f3
075_common_gen_exactly_once_kna_t16_rep2,375,15,exactly_once,,16,2,64,34,2125,2106063584,common_gen,75,2,common_gen:validation:806,0,e4207019d57a1295677a1074398c8548e4a5a0455f04c41e41dbd7b9cbbdda8b,75cd57bf2cb114b0abebf7542c6e50cc9846c59b4c26ece2aa00911bff53f069
076_common_gen_exactly_once_kna_t17_rep2,376,16,exactly_once,,17,2,64,36,2250,114612613,common_gen,76,2,common_gen:validation:787,0,ac68c617d4cf0482a3925b4c417a034953850c93902a327a8e587b1b2fcb467a,aeefc4fb8031e54d949b25e3e14141f3ae3d079a47c08a48cc1750c9e12e91f3
077_common_gen_exactly_once_kna_t18_rep2,377,17,exactly_once,,18,2,64,38,2375,1938070736,common_gen,77,2,common_gen:validation:777,0,6686d8340926332e7b1ad6576e59faedb59a99003e0d64d26b2110967a8de1c4,ebfacfa8da3623f51e4381765ab387573eba2050b46f44449d51116ad64f0401
078_common_gen_exactly_once_kna_t19_rep2,378,18,exactly_once,,19,2,64,40,2500,868239826,common_gen,78,2,common_gen:validation:308,0,b9085298a610da8233db12e7f289d62fe9ccc163cf5290b6bb6dbb5085414223,d9578a238afb33f6a6aea068e6a7d5c324ee1f203c99e9c06464a0af1f2e952b
079_common_gen_odd_count_kna_t14_rep2,379,13,odd_count,,14,2,64,30,1875,2010497757,common_gen,79,2,common_gen:validation:807,0,ad5e169c280f862fe62c5eafd6af4be88eb1a7554885ef8bf2bdf74a45e5a10a,931336f999a46000fc494bdeb13a78c1ebdcb05464d37ed55972c4fe0e0dbdb1
080_common_gen_left_not_right_kna_t1_rep2,380,0,left_not_right,,1,2,64,5,308,2133090076,common_gen,80,2,common_gen:validation:527,0,70e24c8ea92fba070f10107f6995fe6730cf8b9535e26dd9081dc25d0dbe77c0,6512a8781f2f34d7ebdb49392287299ad8db77e90fa393a355423cd0b57579c4
081_common_gen_left_not_right_kna_t2_rep2,381,1,left_not_right,,2,2,64,9,493,1651005495,common_gen,81,2,common_gen:validation:845,0,351947d54123cea22fe00a55c27ca453657f1db28453d8d130b25303c399eee0,808ad54ef8569d771f810cdd446a9212d59194188256a9cc64df82caa4b89030
082_common_gen_left_not_right_kna_t3_rep2,382,2,left_not_right,,3,2,64,12,678,473415857,common_gen,82,2,common_gen:validation:600,0,d326e61db5a88d9b0c9f20dd447c7fafd260d30178ae6bd592dd5735f8cc13cf,37d1071127e6fb817245bfe5fdc70e85ba6003c3157fe5c2dca7380af352fa77
083_common_gen_left_not_right_kna_t4_rep2,383,3,left_not_right,,4,2,64,15,863,245898394,common_gen,83,2,common_gen:validation:442,0,c6ac6e2352b5229f991e98fd3b757f7cf0f1ece6d906f745ccb772c75a260355,d5a769437b5bb43bd826db7f408f6dbdf7eda953cc7b7d093451dc43f853dd48
084_common_gen_left_not_right_kna_t5_rep2,384,4,left_not_right,,5,2,64,18,1048,1222662817,common_gen,84,2,common_gen:validation:283,0,bc620ad323ff19db326b4ca6f06295b5a476e959eddb535ff3b8beb9f2e2f033,d58339b91dea3124f4cca4dc60ccc4d72ce492aa238056a0da8009915e6a5908
085_common_gen_left_not_right_kna_t6_rep2,385,5,left_not_right,,6,2,64,21,1233,200412175,common_gen,85,2,common_gen:validation:491,0,29a0ae92c9387739cc11dbe6cdcb07af3d072d3329f5cd16572f344e780a3562,4786ef49a551a6217073b99571ed3ce323091cb1a04aabfb37ee3d811d42dfc0
086_common_gen_left_not_right_kna_t7_rep2,386,6,left_not_right,,7,2,64,24,1418,817763088,common_gen,86,2,common_gen:validation:147,0,a8b03771935f875809cd82b7034b45d3b71feed77ab4c75ca8f19d77a466a46c,140eeddc6509db5d02a19084a5aec0417f06c878ee9f67e0cb9f1b453d6ad4b7
087_common_gen_left_not_right_kna_t8_rep2,387,7,left_not_right,,8,2,64,27,1603,1928741190,common_gen,87,2,common_gen:validation:791,0,a03fd87155c575fca84a55f27532dacffeadfb8d11b0ff2ae2557ebff2a1127d,c784a93ec5f1fb13e719c000d9d59613cfc51b4bc0e72ee8928450bc4d217f41
088_common_gen_left_not_right_kna_t9_rep2,388,8,left_not_right,,9,2,64,30,1788,1858096094,common_gen,88,2,common_gen:validation:554,0,46ad975e5b76913db19415378f04ce0e8cc26b12ffdb4ff2a306fadde837a1ae,fd70bd466b76a2d6ae92e264804edb2fd78aa18966843368bd742f2b26d44432
089_common_gen_left_not_right_kna_t10_rep2,389,9,left_not_right,,10,2,64,33,1973,674314899,common_gen,89,2,common_gen:validation:555,0,56b646fd5bf0264c61daec53519f3bd3ab319b53352afb3243d659180b4d49ab,a0c1a727aa056c1ba495bcbc4f969755f0c1b75f6a207ce7f0718ca91a322ccd
090_common_gen_left_not_right_kna_t11_rep2,390,10,left_not_right,,11,2,64,36,2158,824147810,common_gen,90,2,common_gen:validation:246,0,2409d11ed91c172510bcceb189e5001642c3aad3af8cc4a12c68afa9042c52c4,c79f4754e4e103057294eaadde5d9f0ffbccdba1aabab282a24087149d480e69
091_common_gen_left_not_right_kna_t12_rep2,391,11,left_not_right,,12,2,64,39,2343,172984755,common_gen,91,2,common_gen:validation:684,0,2d0a6b7b3f4ed99cf5a00100c5d323adda9d20537edbf1a269169e07c002064f,4bd3e933f272ae1e197e2783f68296bbac55d3f8a628d8bbd5f4f3aadd70cc7e
092_common_gen_left_not_right_kna_t13_rep2,392,12,left_not_right,,13,2,64,42,2528,1006175999,common_gen,92,2,common_gen:validation:908,0,ca13d1f8478ae7d40e82cbb94a82ab861ab3b38bccb96117884cf2319a609bd1,a5a18e739ba7a2850996ec75536afc4fbe82b12bf8024e858bace0121fd9020a
093_common_gen_left_not_right_kna_t14_rep2,393,13,left_not_right,,14,2,64,45,2713,1019939731,common_gen,93,2,common_gen:validation:537,0,c6f0cdd78fbb0932883ae682ab39b90471a676564bf6eec04f75042c9f6c58dd,3b642cffdfbc1fb32805c0d9618a8098cbf27c98ca961c12e72ebfeec584c97b
094_common_gen_left_not_right_kna_t15_rep2,394,14,left_not_right,,15,2,64,48,2898,227435103,common_gen,94,2,common_gen:validation:48,0,0f4edaa8bf2d341e85fabdddc0a75ded4344f2b5903a4a6258123ba1aa6970b0,71b7a21927b478e91dfd8d9616c4b3147973ee2b44debb864880bb488d41d848
095_common_gen_left_not_right_kna_t16_rep2,395,15,left_not_right,,16,2,64,51,3083,1634804747,common_gen,95,2,common_gen:validation:812,0,69db1365591751a939c2cb66c14bf13aec4a7c9394bf96e5856eb86ba5a86b00,5dc91c295633ce81d525e742d2a8b0e5e9b971754f21bfe21d78c4cf7ed4da93
096_common_gen_sets_differ_kna_t1_rep2,396,0,sets_differ,,1,2,64,7,432,1859123528,common_gen,96,2,common_gen:validation:907,0,70ab43bb730dde7edaba4b1c4596c2e130780ca843fa4e3202c85ece7bb85ff2,35a47e8d1aac8f9275908776d8a310ad1959e8ea6965415383dca2d18c4d0fc6
097_common_gen_sets_differ_kna_t2_rep2,397,1,sets_differ,,2,2,64,12,679,1673063274,common_gen,97,2,common_gen:validation:110,0,09db4adc94baaa9c675867717a93947065c57c7936ae986692c18ba3dd4422c0,52e300e2a5d030834fb385c696759cbdbd8b8818bd742f5489b31f6306ebfbef
098_common_gen_sets_differ_kna_t3_rep2,398,2,sets_differ,,3,2,64,16,926,976309744,common_gen,98,2,common_gen:validation:864,0,dbe837b23455dd8b2f07bdd00876832dc680c0a587ceab09b303e6a71e746f3c,23b78b3c5f2f7611fba4c57617c0d86b1f91a9f765723511cc8892c057573fa5
099_common_gen_sets_differ_kna_t4_rep2,399,3,sets_differ,,4,2,64,20,1173,938168580,common_gen,99,2,common_gen:validation:380,0,33c6c782b58cfdee27bc67e3bc70a891d0d16fae5f1d4203cb72dd6d2e1042f0,d7465100031817825e8e45f07a2c8bacf45cfe50c097b4338239144621df9334
100_common_gen_sets_differ_kna_t5_rep2,400,4,sets_differ,,5,2,64,24,1420,1828469491,common_gen,100,2,common_gen:validation:453,0,01f401415a20bc3cd599c87fca09bb51b368cbd4466c83cd1d248c20a211dedf,bccfb74a7a176aaa2c2307db4e3976f67f5c46dfb944c82db569efc0a89c86df
101_common_gen_sets_differ_kna_t6_rep2,401,5,sets_differ,,6,2,64,28,1667,48054248,common_gen,101,2,common_gen:validation:673,0,532970d61e3f02cd6880c805ea27f351af1c4721167d585f47dc99ad88a24e00,cfe88db3c886fd0edd62c0a85a333759d964771a7d9276c7b316d00ab0ed60bb
102_common_gen_sets_differ_kna_t7_rep2,402,6,sets_differ,,7,2,64,32,1914,572630654,common_gen,102,2,common_gen:validation:888,0,bbf69224446a57a526b6689512c9557139afca42d1aeed99857b17c4358a4601,d3555ec524f629c190326fac3f982b006376e3b85f65cba545a0c81a5f8f529e
103_common_gen_sets_differ_kna_t8_rep2,403,7,sets_differ,,8,2,64,36,2161,1365137604,common_gen,103,2,common_gen:validation:240,0,77eb1090476c828eb70de6e6090310b7188b506a1464696e5d2b8b8f2a175c68,2e272b0d9ccf5f156ed6b398a8f5eafc7ab6c2f352a62105b906f110af4f144c
104_common_gen_sets_differ_kna_t9_rep2,404,8,sets_differ,,9,2,64,40,2408,1526593342,common_gen,104,2,common_gen:validation:976,0,407b0e72e94fac01cccb470fa9062a3f036df99e108af991c4204b83be177cd7,2df641b47ca6ad1d929fbf0b195234c260c9102f00d09d4330dd1b86bbb98df7
105_common_gen_sets_differ_kna_t10_rep2,405,9,sets_differ,,10,2,64,44,2655,1739885609,common_gen,105,2,common_gen:validation:818,0,70a85c77da24c2b0d36622fb8f35f5a7e3f8af33f720e9b56031cd65c705f094,ba9893af10f372042a7a9f3fb027e84c7ae8d850a1b5914e2751adea2cad2c5c
106_common_gen_both_sides_kna_t1_rep2,406,0,both_sides,,1,2,64,6,364,51305430,common_gen,106,2,common_gen:validation:69,0,ebff3d8139ea90f320b1b5cc984d71a43155c682037b7ffbd94c82350fa7641f,58fb531c1ab2026a26ac53a9027db059e1669c9512be36a3775c37979d11f83c
107_common_gen_both_sides_kna_t2_rep2,407,1,both_sides,,2,2,64,10,546,871591343,common_gen,107,2,common_gen:validation:556,0,d2f355e7ca7c909e68e25ddae41e9a890a5f97fef8c21e6a825744845fcdd4fb,4dcac93d09924c4c928a3b8412e801ae0f4078dccda0d7aa965aaa4d6a3bce07
108_common_gen_both_sides_kna_t3_rep2,408,2,both_sides,,3,2,64,13,728,173730257,common_gen,108,2,common_gen:validation:154,0,f1b4c13702b76160ce176916d8aa30413c1ea68db70464e489a093d654eae6e5,7909f42fa649f720c9ea003e401df038d29138cd1af8b6a6868ff97d493e16f2
109_common_gen_both_sides_kna_t4_rep2,409,3,both_sides,,4,2,64,16,910,1605160701,common_gen,109,2,common_gen:validation:552,0,198908bdaff99c8a01113d047a6657a580758210a184cdf9aedd00c73d37e198,4cbe62e575f9b36cb0d2aff475c49eafa19ce1de8162f4a215636f69a0f6ebe3
110_common_gen_both_sides_kna_t5_rep2,410,4,both_sides,,5,2,64,19,1092,1614795441,common_gen,110,2,common_gen:validation:859,0,303a7efa0d38b6b8da2139191773c8f77241985a77d4b62b488387f83e58430b,6366ba2aeaa608db3ce49e5da9aabd09483c62da76acf00dabe6bef1e09df34b
111_common_gen_both_sides_kna_t6_rep2,411,5,both_sides,,6,2,64,22,1274,1848551698,common_gen,111,2,common_gen:validation:98,0,7efefadf0fba388475efe4e1d866f5b60dfdeac1ed7953a99d7ee9d6f69462f8,6825df15b8ea3249711020cb6e61a2ca09c8dcb60983c6b6715fbaf3ea193c30
112_common_gen_both_sides_kna_t7_rep2,412,6,both_sides,,7,2,64,25,1456,352329145,common_gen,112,2,common_gen:validation:298,0,8563cf1f29ffcacabed6b68752b2a044f3ac7b3c691ce6d283addd7993449dde,eeb6231be4d091981d36251473ccf767c432f6b52ab79810e0243f0bc092452e
113_common_gen_both_sides_kna_t8_rep2,413,7,both_sides,,8,2,64,28,1638,1962849389,common_gen,113,2,common_gen:validation:284,0,62917da5f1405f2c8a92319fbc2f02184040a48ddefb4c9a5d536ab144585b57,b9b4d5cc7b69772c86eb09cd16cdccfb7f170ac273a0796e0cd6799f5a8a4c45
114_common_gen_both_sides_kna_t9_rep2,414,8,both_sides,,9,2,64,31,1820,1187597341,common_gen,114,2,common_gen:validation:281,0,ebeddc89719f7278af3b25cbfab544911360db7bd0c54eaeac8b07f2658ad4d8,1257eaa6329f13bf1f9019b43f0f827a69a9d7d2092b05545137c0f39f85d25e
115_common_gen_both_sides_kna_t10_rep2,415,9,both_sides,,10,2,64,34,2002,1971654649,common_gen,115,2,common_gen:validation:736,0,b3c7eaaac347d7a53c3f88c2be1af03781264c0ec9b99bd95a3c8bd426308bfe,e17c65382fb8f83863b5b53c6336d67534b93d7f100d610a8fec980e7800b86e
116_common_gen_both_sides_kna_t11_rep2,416,10,both_sides,,11,2,64,37,2184,1939924676,common_gen,116,2,common_gen:validation:446,0,d6e469922815b6e8137196e29b82449a732b32b10bc3cf39eef624bd74bc7b14,8ff9701d7ff84c23157c9b4cbd93b1a19c46792152e4a3c79e79785ef2f15af2
117_common_gen_both_sides_kna_t12_rep2,417,11,both_sides,,12,2,64,40,2366,659770294,common_gen,117,2,common_gen:validation:740,0,de5d57961afd04d72f84084b86f2c5304469b172036f0a0df85396492f3bddee,54b8637b7fce72e264cfbe737c127ff116dc727fb75c8855f22b7cf0d5cee4ac
118_common_gen_both_sides_kna_t13_rep2,418,12,both_sides,,13,2,64,43,2548,1160402031,common_gen,118,2,common_gen:validation:531,0,7f1e7ef8b1ab958827a67ad429f1f7e79da558a80362a666067ca0a941a64c54,f49d7e3928151c085a53ead0ed211c99768058769965d23f9a8820e7d837d3dc
119_common_gen_both_sides_kna_t14_rep2,419,13,both_sides,,14,2,64,46,2730,1487259393,common_gen,119,2,common_gen:validation:686,0,6ea99a8ba3f8ac7a5995c8d6f339a4b813f9b4424442654ed907e2acdbb92f52,3dff60d8815e3aabf0e9230c9d1354ab93430de0cb1df3d9c9d1106116f5d20c
120_common_gen_both_sides_kna_t15_rep2,420,14,both_sides,,15,2,64,49,2912,863296311,common_gen,120,2,common_gen:validation:572,0,f78690ee535a48f871d872726770ec76f10762bffbedc5da4d0bc1fc839501ea,781517664bc2a6ab56cf69c48509d684821de3778680e695e8bcdbec76a8ab0e
121_common_gen_even_count_kna_t1_rep2,421,0,even_count,,1,2,64,4,308,1484544343,common_gen,121,2,common_gen:validation:632,0,66be72d2aafdaf30c3a875e1c166215640d405692e6a42661d5d76bff85dbb1f,4e402962d2d52df052adfea4241f924247acc3fe5943d5f095e6b3708e013063
122_common_gen_even_count_kna_t2_rep2,422,1,even_count,,2,2,64,8,493,38642501,common_gen,122,2,common_gen:validation:202,0,d05282531c865fc77d8ffdb700b20a23dbf3676dba3a78319896aa1d0099e073,d0b2c18f5b313f690df4acf6262231a003997e6ebdd8152c2f61b884abb26b65
123_common_gen_even_count_kna_t3_rep2,423,2,even_count,,3,2,64,11,678,1786006800,common_gen,123,2,common_gen:validation:30,0,9b262715af1cdd862dde3482ee4b571420027cfe556527368d98548310034921,1975a489bcc0f521ada4c0a746c36cd35e39700cb0e9836e79f6b3d7797bbbd0
124_common_gen_even_count_kna_t4_rep2,424,3,even_count,,4,2,64,14,863,1263411190,common_gen,124,2,common_gen:validation:89,0,74e5e4af49aa8d42ce6bf9617629e642341a3a2c22ba6c07db09d9299ea8f854,c08f3604fb5173fba06f57a8faf01e907b75eacf61f7c8b5da3098248d4ce087
125_common_gen_even_count_kna_t5_rep2,425,4,even_count,,5,2,64,17,1048,1756175381,common_gen,125,2,common_gen:validation:765,0,3b062a66dabcca0975093b9a72e5bd7903515ce17b8129f0601694f72ed3a193,f799f1d4dec5350231d7af1480804dd97b31ef10ae80d22e1358154ec08ca5c9
126_common_gen_even_count_kna_t6_rep2,426,5,even_count,,6,2,64,20,1233,661951391,common_gen,126,2,common_gen:validation:128,0,4928ceeeb843c2d7a4bc0a4de87f0e5afed73903fa7118120eca3d2a023c26b4,38d423dbbac98077468e023c6fe1deba0a299f0f4bb81d6b6c04e1fbb67db8e9
127_common_gen_even_count_kna_t7_rep2,427,6,even_count,,7,2,64,23,1418,1733346817,common_gen,127,2,common_gen:validation:236,0,88b7f07fb6afe7746543c19babc2034a00c8e485e51bbc988214882b5a5817cc,abe7aa33eebf2887cf3025cff8e543f3ee1c7b21ed7dbd417e485fafd49631bd
128_common_gen_even_count_kna_t8_rep2,428,7,even_count,,8,2,64,26,1603,1204271954,common_gen,128,2,common_gen:validation:865,0,c5fe448067d9d468b2fc0bdccccb3427742fc6d82cdcbf5ac173c6d06e6fc014,54bcc3959af447ff088a1e18a2eeb9a57d59edaa412eff5022d39055444b8ab7
129_common_gen_even_count_kna_t9_rep2,429,8,even_count,,9,2,64,29,1788,1931760024,common_gen,129,2,common_gen:validation:505,0,3f3afb7d0d4aed9562da66a963618de56b5cb757f553437babc53d28212789c8,303b993bc6e7f3f87c37db00d72ff57bf1a397e07dcc9757514d91542f7a2b85
130_common_gen_even_count_kna_t10_rep2,430,9,even_count,,10,2,64,32,1973,342282746,common_gen,130,2,common_gen:validation:329,0,03f06b6108c03f78b17bceace48c468297e9c301183e571d2838a0cec0c9c215,f6b9be44aa6457da00fc8c21d6719e5558430a649eeca8d3bfb31ba0f627e0e0
131_common_gen_even_count_kna_t11_rep2,431,10,even_count,,11,2,64,35,2158,2092919450,common_gen,131,2,common_gen:validation:714,0,4a960c7d8241d1b1165c3662c901aaf8e0d41ee637d147b63049d3d91f8d1b4e,1ab38b338a2ca4b89d8e8ba7f276f2048bebd537be40c906f1d0a6b8375e98c0
132_common_gen_even_count_kna_t12_rep2,432,11,even_count,,12,2,64,38,2343,397082772,common_gen,132,2,common_gen:validation:731,0,75f92dc8768cab6fb4c953ad06e857a53032338ebdfd8b0e1953223216542ea4,83997a22f320ea1c0e79d21236cf0fcd96b3836504fb5cb94ec6b3bde1de5efd
133_common_gen_even_count_kna_t13_rep2,433,12,even_count,,13,2,64,41,2528,2125877062,common_gen,133,2,common_gen:validation:965,0,b37bf8dd20a12f82c51809c2541c0ba86476e6856119c1000d3e415f732e1342,31cfd99a421c0ae951c7540c5fd23e6dd19a01a5802f6777ece8b7391eda6f9c
134_common_gen_even_count_kna_t14_rep2,434,13,even_count,,14,2,64,44,2713,401422673,common_gen,134,2,common_gen:validation:463,0,76d51a5a1bf04444af23348d49e2b5499203ec2b4e2b6db7bb2eabb9e0ef3f8c,1d2a0c95cdcbb2b4a5ab1397f48f849cd8cc7818f8672d49122edb6bff156807
135_common_gen_even_count_kna_t15_rep2,435,14,even_count,,15,2,64,47,2898,934690135,common_gen,135,2,common_gen:validation:645,0,4928f56077eeffa229c8b2ae92ab13def218b727ca02fad22ce54e871ee2ceb7,c9f034c819ddb4d79647b8effbf931083012d74cc114e6bcfa8c2e90381b298a
136_common_gen_even_count_kna_t16_rep2,436,15,even_count,,16,2,64,50,3083,1263600558,common_gen,136,2,common_gen:validation:12,0,c3a91d0a5c731d040e46ef8cba82c95b814274df5378d816765fabd1043dd5bd,ccb9be329b1fd697ca90d806f63249d6dc93bb5c2dcb6fda7039892784faa216
137_common_gen_odd_count_kna_t1_rep2,437,0,odd_count,,1,2,64,3,250,582900007,common_gen,137,2,common_gen:validation:320,0,ad4583cadb5bb81f95a1c8a6edd615968c3028f70e8ef724f7e5303e3e3d9b3a,53c2e54ade37b89817af0ad7dcfe90e3f481b259261267d74b3a5bc75bdbb464
138_common_gen_odd_count_kna_t2_rep2,438,1,odd_count,,2,2,64,6,375,1648646265,common_gen,138,2,common_gen:validation:779,0,03f7979fa3ed4607f166467b670c30cc0946dc078d5b3e1ee93476337e57fcd7,472be09f1a2614d015c1ee83049d5f2a8f127869833718ecb36c61151a2e7e53
139_common_gen_odd_count_kna_t3_rep2,439,2,odd_count,,3,2,64,8,500,1576209688,common_gen,139,2,common_gen:validation:47,0,142ebf1b15f0d42256bc6ece53f3a8f855cb2823b40c1ac7880a93734c554907,d36fcc43aa7e7829d3cc3b2b4d8fb941135309d1888acf145a91c8be3d861d40
140_common_gen_odd_count_kna_t4_rep2,440,3,odd_count,,4,2,64,10,625,607940089,common_gen,140,2,common_gen:validation:944,0,136b1bd6f28b35cdc123c145c49f7d2697ecdefedb68195fc97f99e26a54fcf2,34fa3c6fb41bde87678a3051ea23eebda690d36d0180e11624f4a824cf15a369
141_common_gen_odd_count_kna_t5_rep2,441,4,odd_count,,5,2,64,12,750,2034089868,common_gen,141,2,common_gen:validation:198,0,c94c34c3231a620c121cad61041e79bc487c936f808e53fc21de7c2b63e66e3e,2d23396e2d3a65f773e5b9c2f8153cfc466a28633599bba04ddcd9440b736d4b
142_common_gen_odd_count_kna_t6_rep2,442,5,odd_count,,6,2,64,14,875,606851912,common_gen,142,2,common_gen:validation:783,0,dc1313f22cd91617d5d16e236274aa6fe27f6ae48d705f6b463fa9e3ec87407c,5872bdfe2142752738d80e5c47fcbc5efecaec6a1b84f0b73cc9fd621f5a7062
143_common_gen_odd_count_kna_t7_rep2,443,6,odd_count,,7,2,64,16,1000,1159581501,common_gen,143,2,common_gen:validation:704,0,47b787ce18deb8e3624f769f782ebc014e326f86ee15351e70fdc0c0251224f1,7700dc7d54aca831e2f791abf07d3d8ea06669dc4e6ad067dcc323b80291d265
144_common_gen_odd_count_kna_t8_rep2,444,7,odd_count,,8,2,64,18,1125,196679307,common_gen,144,2,common_gen:validation:353,0,d9a309dcd7c97543392b0f2e7053c5ba1e6ea507eb4ed9a6956f31a22cc7cef0,6431faca026f7b9ce0c0c93df6575de4258277b5970acde4997cf2f7c242e89f
145_common_gen_odd_count_kna_t9_rep2,445,8,odd_count,,9,2,64,20,1250,1557827992,common_gen,145,2,common_gen:validation:21,0,de845fa065bf85a9db6c5b916e1fe5fd1d260ebbebdeeac9ed8f79cfef5c7aaf,07f5e627000613085c028932c9dcf25d12bf47823c3dcfe424cde3e99109ce13
146_common_gen_odd_count_kna_t10_rep2,446,9,odd_count,,10,2,64,22,1375,127712770,common_gen,146,2,common_gen:validation:165,0,e1c60783517e659a7a3d6bbdaea64ae315f8f93c716b2d95736790d3f293257f,49243b5fc2c90212f5760d8f13593fd1d22822e1874b46d1437301686437a00c
147_common_gen_odd_count_kna_t11_rep2,447,10,odd_count,,11,2,64,24,1500,1471650866,common_gen,147,2,common_gen:validation:840,0,8056e9cf0c31fd23a9f16d636d639e986033c56e916e24ce240a20c2f3a62b52,20a43db20c9c94ed974e543be9c3051acec8b4f6c5ecb656b0e04393cb0689f0
148_common_gen_odd_count_kna_t12_rep2,448,11,odd_count,,12,2,64,26,1625,1910866874,common_gen,148,2,common_gen:validation:662,0,0a3573a7d4faa227694fde686e5ebb7a313f8dc14ef0badd8175d4b2e6cf3d59,b1d5dae5a1af3e06515779fdfcaf19603582c2e85601242b84916a377fe2b40e
149_common_gen_odd_count_kna_t13_rep2,449,12,odd_count,,13,2,64,28,1750,1398258987,common_gen,149,2,common_gen:validation:678,0,9aae081322712b44084ef7603ffce6b62da5c46f9833cc50adad77e551189680,8e949cea624f755a570fa76bd24f7ef00aa5bda6e549330ac23e49c2f9efe54b
150_common_gen_right_not_left_kna_t1,450,0,right_not_left,,1,2,64,4,308,370030228,common_gen,150,0,common_gen:validation:61,0,71aa000404cf350adcdbc2a39708018194e64f22841041baf1a38112a17a30d8,46119b67e379e4fee01556274a196de0039f9a6ac66cbdb7d2c0ee9075d3e96a
151_common_gen_right_not_left_kna_t2,451,1,right_not_left,,2,2,64,7,431,1117270615,common_gen,151,0,common_gen:validation:431,0,27cc5c2bb8f575f6c0d60767b6ba2b754ae2811e297de580fa6cca892d9e1a19,48ca2a91ac9adc25a9e8a8f25a0c79c3f195b6fef34e677e70ba32eb20d43756
152_common_gen_right_not_left_kna_t3,452,2,right_not_left,,3,2,64,9,554,1034326056,common_gen,152,0,common_gen:validation:87,0,39965ac150f7c3f5daf4a591472858aae97cb39d914915de7a9ecf800045aed1,263eeddd64dde016acf1130d14575a940add67498d8ed4fb9eb4131de1a1e829
153_common_gen_right_not_left_kna_t4,453,3,right_not_left,,4,2,64,11,677,625321808,common_gen,153,0,common_gen:validation:331,0,7f28a176204ab8d009543727af48be08d05c1e8ca0e344a97b91f0b7b124bd32,0a59769110e36466a60180bf1cd6adaad68e06c9f4ffebb5eb7ed8ed6baeb8f3
154_common_gen_right_not_left_kna_t5,454,4,right_not_left,,5,2,64,13,800,1604733787,common_gen,154,0,common_gen:validation:330,0,e8a516360966b4d1dd54d0a1480d49deb5b9a03842f495e39deb54ba19d4bbe5,a397f115d471848c44b78616fcd29a5f663fb5bde8a693b0b31396485941bddf
155_common_gen_right_not_left_kna_t6,455,5,right_not_left,,6,2,64,15,923,1851511355,common_gen,155,0,common_gen:validation:235,0,6a2f5f0445d20942b2a6613fcf6af29807bd40657c89bc794aaabfd25b43a86c,eb338bd93459de43a7a2bf3f1af4164f9b1a60c1e5c5f7147785a43d51932733
156_common_gen_right_not_left_kna_t7,456,6,right_not_left,,7,2,64,17,1046,1366285325,common_gen,156,0,common_gen:validation:13,0,5fed145b327f02ac6d8610fe54bd6da1170b71ac1fe87887b96c5cd5105ec771,c2d5904319cb26f8555f915a54c9aaae177355062a9301433a616b812186422a
157_common_gen_right_not_left_kna_t8,457,7,right_not_left,,8,2,64,19,1169,867788967,common_gen,157,0,common_gen:validation:344,0,fa3a582b743beb592e9d5179becf7ef0d2d6db6518d241ab7b2d8b562436aa07,d7c4f5e051748f4b07ab78a7a39f79d97311b9a346052b60ca805c0c859ce4da
158_common_gen_right_not_left_kna_t9,458,8,right_not_left,,9,2,64,21,1292,1994658488,common_gen,158,0,common_gen:validation:193,0,8acced9b2837f0d7ac4e5fc7c1c9d8998d85d714556623a2c9359981b8258f1e,ff4bbb5f852f56326b2a2b0de33f1cdcd7bab804591131ec10fd9fb58033adcb
159_common_gen_right_not_left_kna_t10,459,9,right_not_left,,10,2,64,23,1415,463148287,common_gen,159,0,common_gen:validation:834,0,d5f3a6c6618235fddf94877a3bf5a472037ed1fe3208a147cfd26956e476ed28,3c9d19678a631150537a5282f5de7b633aaba86be6efaea3f0d632553c7a4b93
160_common_gen_right_not_left_kna_t11,460,10,right_not_left,,11,2,64,25,1538,520143440,common_gen,160,0,common_gen:validation:516,0,45dafc71485b29f791f7590f3c91665f838e4cfc739da8ee3899d154307a6d69,d28754d6ef9130d5dd5be7f45922e707bb7721dfd6df5258c4adb53174bf6497
161_common_gen_right_not_left_kna_t12,461,11,right_not_left,,12,2,64,27,1661,964103042,common_gen,161,0,common_gen:validation:56,0,63a29db26c7cb684f450482fd5d088e74fdd84e740e48c91d69d16af0bb3bbbe,3c3325a2807b3731d7c28cf026c5db252e1940347ecb3bd70e27f3d748334b9e
162_common_gen_right_not_left_kna_t13,462,12,right_not_left,,13,2,64,29,1784,1708088686,common_gen,162,0,common_gen:validation:649,0,320156f8cf62a51c4b942c01dfb6f408755305c5bd157a46d562d2394fe616ca,9be98548bbc631601bf41a8423fb76088ff3bbb425e0887b55a5fcb9886fd8c5
163_common_gen_right_not_left_kna_t14,463,13,right_not_left,,14,2,64,31,1907,246571988,common_gen,163,0,common_gen:validation:639,0,534312eb1438bad6e612a552e11f0eb9e545ff1b6abb849f20c2faf5554793d3,a4cdedc4a6635a7e17654841a2668326f04ede62ceb676d99dcf1bc6cdb75e8f
164_common_gen_right_not_left_kna_t15,464,14,right_not_left,,15,2,64,33,2030,1259191692,common_gen,164,0,common_gen:validation:928,0,ea6e5c2c5a01e793ef08222f52f38df29ac899aa5fc706492d81f8cf28f18f09,94b7cc07561fbeb0d8d042ad32dedbd6824cf59ffeeeb20dec1d23df21ae010c
165_common_gen_right_not_left_kna_t16,465,15,right_not_left,,16,2,64,35,2153,35710196,common_gen,165,0,common_gen:validation:799,0,1dbe6d656bfe996768fcf6bbc75a2a3075d8541df4dca51979e06b2cf520332c,bea8da1f578f0fc8769b62b5259c0084535098cf6e414c7f99e88d038a5ef0ea
150_common_gen_right_not_left_kna_t1_rep1,466,0,right_not_left,,1,2,64,4,308,806123932,common_gen,150,1,common_gen:validation:103,0,86ba2ae048e36a72217d638b9df31088224d63f57e1ebdc001d68360a0320a5b,df79265aabeb48985a82e0946b44acc6148830207a4c9b5e41a40af9700dc42b
151_common_gen_right_not_left_kna_t2_rep1,467,1,right_not_left,,2,2,64,7,431,1806795738,common_gen,151,1,common_gen:validation:986,0,9ed280a31344af2be34566cdd295f5146e33da4f77c59b18581ec3e3fa48993f,9495abcec177e7752c43dd68eb6a5e0005d16afbf596a051ee33ff147c7ff28a
152_common_gen_right_not_left_kna_t3_rep1,468,2,right_not_left,,3,2,64,9,554,1715798320,common_gen,152,1,common_gen:validation:966,0,c97be51db0f6bff5e097fd20ae401ca3acfc2ccc8bd224bc79a20c60d3b12010,ba0dbfb286e43090c85fe1e1e43edd130322fe3e8eaaa12324746a966c13b04d
153_common_gen_right_not_left_kna_t4_rep1,469,3,right_not_left,,4,2,64,11,677,1810150347,common_gen,153,1,common_gen:validation:861,0,e0b78c6b51fc3b0a29cc40824c45a1cb5d96b6de287edc2cc2aec9943cacb81e,f7b9deb871b0670878cc6e1f7cd35cb032d6f9326a85c769544333dc1436063d
154_common_gen_right_not_left_kna_t5_rep1,470,4,right_not_left,,5,2,64,13,800,1725636772,common_gen,154,1,common_gen:validation:222,0,305fde0c680b23a76c6bba0c2e79e4058b1b40fb3e48d0da31c2b8440b1807ce,5b4ce7a5df188183a5eb749aca2e3ac3c95e950bb96096817707ea881ea7f626
155_common_gen_right_not_left_kna_t6_rep1,471,5,right_not_left,,6,2,64,15,923,1304672721,common_gen,155,1,common_gen:validation:381,0,14f7aaecdf0af9bac40a6e63aafa88c896a79cd2fc529b80d3ff9586a3481923,294cec7571e4e9213a1a92ea3ad7879a8679d8926c8d39702686490282099f19
156_common_gen_right_not_left_kna_t7_rep1,472,6,right_not_left,,7,2,64,17,1046,1847576502,common_gen,156,1,common_gen:validation:467,0,c7f46f3d3be0e7c85529bd6a8f08d2a7bbf848084709d293de5ff713f30cd23f,3c877839735edf3a9b2aeae4eb9135c112996ef3b9bc668f44cce85941e01a27
157_common_gen_right_not_left_kna_t8_rep1,473,7,right_not_left,,8,2,64,19,1169,323622681,common_gen,157,1,common_gen:validation:377,0,e4604cd485af1db8bdcc12d3f5b8be207b59e00d0d239c5459b502b46b5cf790,c3522967b65f4d8b4ad73cacd30ad9f12ddb5a1ea3704ee484bb7d1f98527b6c
158_common_gen_right_not_left_kna_t9_rep1,474,8,right_not_left,,9,2,64,21,1292,1427472718,common_gen,158,1,common_gen:validation:88,0,8c60ac1843ea9bbe36965658fa5624c400acb3195748c72177c71f4e958e6d37,ff60ae0557334d088d09e4b76de7242e517d6db74e1ae956806539a78cc47721
159_common_gen_right_not_left_kna_t10_rep1,475,9,right_not_left,,10,2,64,23,1415,280967001,common_gen,159,1,common_gen:validation:705,0,2217ffe2485391aa637172223009227491e585565578d08318ee8c1fd4bd7149,76a29537478a53401ffc7c440332c17c9808a9917bb4f60c26f4182c5d5930bd
160_common_gen_right_not_left_kna_t11_rep1,476,10,right_not_left,,11,2,64,25,1538,119820211,common_gen,160,1,common_gen:validation:371,0,4ea359bf6d09c8f490063fa4789eaa356b6cb4f383e6b03a1341fe122be2b2fe,b808192286972ca872e8322cc0d4a5a39460bfcda26e05e177624ce26522c33b
161_common_gen_right_not_left_kna_t12_rep1,477,11,right_not_left,,12,2,64,27,1661,817578808,common_gen,161,1,common_gen:validation:772,0,f8e080470a93a53a8521a0a26513bceafceaf850f380f8db5732c5b6d28e4cdf,0f48c38c2001647b8c6d48c984a4c439a1623a29c86cab58c37afab75d1ba6fb
162_common_gen_right_not_left_kna_t13_rep1,478,12,right_not_left,,13,2,64,29,1784,1303865603,common_gen,162,1,common_gen:validation:123,0,15266b58fca7335daec853024b7e2f09533e282d3746724072cadcde0512889a,62a0e4d34ac3039c94be532e880dc2e6c8e7d38652e622deac913b2fcac40d62
163_common_gen_right_not_left_kna_t14_rep1,479,13,right_not_left,,14,2,64,31,1907,1012729022,common_gen,163,1,common_gen:validation:234,0,f3cf0a760729108ed89ccd884d52f12d01076933ae0f7c1aeedded3cd3d6a504,7e53b17c2b8134630e5ad2afe26d10b62bf7b3deb91eddf44baa75ed31712e3b
164_common_gen_right_not_left_kna_t15_rep1,480,14,right_not_left,,15,2,64,33,2030,429832398,common_gen,164,1,common_gen:validation:581,0,f00b88c1dbf416d0abd122e4c997db33c194ced71adda3e3f321b6bb1cc135c8,b37c6fdfb259f11b4203dd522f37415229dbfb95f980ad4a438a1d784cf2695f
165_common_gen_right_not_left_kna_t16_rep1,481,15,right_not_left,,16,2,64,35,2153,304188434,common_gen,165,1,common_gen:validation:760,0,8deee6bc836b0a38f9947200169450ca51cc5983e6c39e3f0ac9bf479e6a2744,f21c3e8366e9e28668137bcc0ed5371f4f3ba0f282a2df4c31dabe9a8d00fe53
150_common_gen_right_not_left_kna_t1_rep2,482,0,right_not_left,,1,2,64,4,308,899577775,common_gen,150,2,common_gen:validation:212,0,00a48a7e4ee6bf30dc26732242fde3167d39a31483f7009724f8ea43e07ad530,096b8ac074a2e6fb221ec1de3b9f759d50ea93edac0e41433932222b0b0a5a65
151_common_gen_right_not_left_kna_t2_rep2,483,1,right_not_left,,2,2,64,7,431,755169484,common_gen,151,2,common_gen:validation:769,0,d102a86b08d5218d09867cab826b555ef35d8084fbad325074fb3f4c89e028e3,a8a1d9af4028d27b2f13611ed8dda6f65ccd7fdc9fa3c3799d195adc2576e374
152_common_gen_right_not_left_kna_t3_rep2,484,2,right_not_left,,3,2,64,9,554,717281809,common_gen,152,2,common_gen:validation:535,0,296b7187a3107964f12c70334e4129234ac585cfbe64971acef6b70b549d3678,9cb66eb51e4cedccdf8b90961f14648575c5ed26295a2a1d362c5cb6bfcfd022
153_common_gen_right_not_left_kna_t4_rep2,485,3,right_not_left,,4,2,64,11,677,62059944,common_gen,153,2,common_gen:validation:132,0,8142a554fcda158dadb96535bf7231ab9627fa907b19f8a7ddefb5f8ade87456,06651f5fdb6119901ce848a55c4bd20f9dce3c94986f191dd978992850a1e0da
154_common_gen_right_not_left_kna_t5_rep2,486,4,right_not_left,,5,2,64,13,800,990332911,common_gen,154,2,common_gen:validation:403,0,9616646e1aca4a585ce3b50fd4c1fa5794cee3255eddc934b749b55c6e761616,4655fbf633673f58c45ead9860d72b00e97532fbce109efb6409e084cad1b18a
155_common_gen_right_not_left_kna_t6_rep2,487,5,right_not_left,,6,2,64,15,923,879180340,common_gen,155,2,common_gen:validation:916,0,4db3212f45a40a3bc6fc3e4a361fea000736b2e67a82d6efb5ed2aebcc195b67,77c29bc6d37df61d1c3749dca135777bdfff99dcd1e39d11ad742fb87a56ad33
156_common_gen_right_not_left_kna_t7_rep2,488,6,right_not_left,,7,2,64,17,1046,1320651895,common_gen,156,2,common_gen:validation:0,0,0fc2ceaef084e5bf64400b7467be54ed8f36453f4fd228f0d665aa1b263a6bc6,01b44b650fa902cf684550de4ab1f72ce2d3504788fa673ad96bfc81b028aeae
157_common_gen_right_not_left_kna_t8_rep2,489,7,right_not_left,,8,2,64,19,1169,590011412,common_gen,157,2,common_gen:validation:961,0,4a9dfb1ca75de533e1e021c974fa2e4f6aa2d023f0c0f8866c81669393fdf8f3,d2988e5cc92e0d8eb921d07df75833b836d5f830b874887804f37800c32c6032
158_common_gen_right_not_left_kna_t9_rep2,490,8,right_not_left,,9,2,64,21,1292,142799686,common_gen,158,2,common_gen:validation:259,0,e40be5f293a29166155183f3c7c06598ec54b7508575817377d5d4858a5804a8,533ab85fd9110916811d7cc694fd783454fc633605077f37a7047c00feef1985
159_common_gen_right_not_left_kna_t10_rep2,491,9,right_not_left,,10,2,64,23,1415,891142208,common_gen,159,2,common_gen:validation:851,0,87102a3255f2ceffa58b57ee64d1ca4f4d90e3d67567cce9720b2d6fcac9ec40,1a80ac07ade912b6361ccbf4b35cd204b58a5c21ceb2ca0b21e76d433f7e2a4e
160_common_gen_right_not_left_kna_t11_rep2,492,10,right_not_left,,11,2,64,25,1538,423118537,common_gen,160,2,common_gen:validation:1,0,5c391595d1f9e1c5dc821deffdc3b8720d66152f7f9fea02f90fcf6474b08e19,8bcadcc5c1737cf9f91970b8718b0e9dce88fd38ba5aabbc9a25aa771eaeb17e
161_common_gen_right_not_left_kna_t12_rep2,493,11,right_not_left,,12,2,64,27,1661,1286922299,common_gen,161,2,common_gen:validation:866,0,b04ad1c5d17bba81076f8d98d03f40ee750291f0c5fe3c58ed2bbab20a6ce06a,db17b4daa3ade11fbf0ec1a357a8db7bb3941b073a11efba75dc617946718211
162_common_gen_right_not_left_kna_t13_rep2,494,12,right_not_left,,13,2,64,29,1784,1250834707,common_gen,162,2,common_gen:validation:570,0,741d4865721ed2712bfed31b6b9501443d417f2cc2bc6bdd970b0cba22b50d4d,e0586cd8795559c67c33a985db0eb60374b6d4d6380f4875c53011367f427310
163_common_gen_right_not_left_kna_t14_rep2,495,13,right_not_left,,14,2,64,31,1907,1622041741,common_gen,163,2,common_gen:validation:651,0,8b8f0a27513963207402dde23f3e0d2be49d63ae08eee9915d0a37d311f20c5c,1d7aed4b768853bb62246b1386c3e7c7e75166d6c91fded5fec27bddc508cfc5
164_common_gen_right_not_left_kna_t15_rep2,496,14,right_not_left,,15,2,64,33,2030,360390010,common_gen,164,2,common_gen:validation:696,0,8ad0a92d2739dc8043efd7064fd48f30700bad0b096a759c6862827789b32711,3fc136e82771431ab97539a44b9f2612c69d8c65b0b3d8bc31de4373a7c5e089
165_common_gen_right_not_left_kna_t16_rep2,497,15,right_not_left,,16,2,64,35,2153,408980636,common_gen,165,2,common_gen:validation:922,0,b594410d49cb89ab87551f057c271b0cf3d9bf1080a81f5dc33891ba558705fd,dedd05ccf6324e8f99e68829fa2a3092716c228c7eb5fc418adb7bfa4d47eac2
150_common_gen_right_not_left_kna_t1_rep3,498,0,right_not_left,,1,2,64,4,308,502386995,common_gen,150,3,common_gen:validation:588,0,ec8e8dfc27d3b18eb296583c807f7b97690eb9be87a2d30cd1c293b3a72bcee0,c665c9de3b6affda0b52535e13b3f49f57bc361b4d187c098addcbf59b7c9695
165_common_gen_right_not_left_kna_t16_rep3,499,15,right_not_left,,16,2,64,35,2153,1302747975,common_gen,165,3,common_gen:validation:992,0,adb34d80236d1c9007a67e435b27ecf31fdd8e2ae7f6bd43c57e28067677f56a,61f206049790e1ef40cdc2cfe77a45b47add949e961be59dabf1a5cb4729d1af
