job_id,design_index,family_index,constraint,k,t,n_low,n,nfa_states,unrolled_states,seed,dataset,structural_cell_index,replicate_index,base_instance_id,multi_token_keyword_count,compiled_constraint_sha256,job_sha256,status,failure_kind,timeout_s,precompute_timeout_s,generation_timeout_s,timed_out,timeout_phase,progress_phase,worker_subprocess_runtime_s,grammar_build_runtime_s,compile_runtime_s,xgrammar_precompute_runtime_s,setup_runtime_s,grammar_rule_count,grammar_edge_count,grammar_bytes,compiled_grammar_memory_bytes,model_vocab_size,initial_mask_audit,model_load_runtime_s,method,tokenizer_config_load_runtime_s,generation_runtime_s,prompt_token_count,generated_total_len,generated_token_ids,generated_text,valid_generation,peak_gpu_allocated_bytes,worker_total_runtime_s
000_common_gen_kth_last_k1_t1,0,0,kth_last,1,1,2,64,3,250,897793754,common_gen,0,0,common_gen:validation:930,0,eea36117af6f0da02f1bc4e58ecc25dd9ebcc04b94381151b77e1b6a2f04d0bd,7cfd5f33fab967b9ff20bccacc1d5157d2d5e69556772ded2a72bbf83625e4f8,success,,256.0,256.0,256.0,False,,model_loaded,14.8766728079936,0.3615503329929197,0.022079292000853457,0.3836296249937732,0.3836296249937732,130,312,5213,944740,248320,"{""allowed_count"": 248068, ""expected_count"": 248068, ""missing_expected"": [], ""ok"": true, ""stop_token_ids"": [248046], ""unexpected_allowed"": []}",3.069899260008242,xgrammar,0.6509148129989626,2.1859100589936133,12,64,"[2064, 4816, 678, 1876, 369, 31084, 0, 16018, 488, 4338, 35932, 1092, 488, 4035, 1040, 310, 4123, 466, 1144, 1438, 440, 30, 1690, 3010, 25, 2228, 12, 357, 3296, 883, 264, 8282, 318, 68, 1257, 2487, 7785, 11, 3712, 11, 12641, 11504, 2228, 12, 44241, 440, 264, 3274, 318, 68, 1257, 2487, 4237, 11, 10505, 11, 6673, 11504, 2228, 12, 23879, 745, 9558, 248046]","It seems your message is incomplete! Could you please clarify what you'd like to discuss or need help with? For example:  
- A question about a topic (e.g., science, history, tech)?  
- Assistance with a task (e.g., writing, coding, math)?  
- Something else wear<|im_end|>",True,3795953152,7.204567258988391
001_common_gen_kth_last_k3_t1,1,1,kth_last,3,1,2,64,5,364,1812287493,common_gen,1,0,common_gen:validation:194,0,d86a9957e60e987bbcf4a88e522810439064bab59cff38bb0d5cbb2e33ec2efb,256c9766b2356e489790a928f4edcb8003e1c8cb43daedc43652a73f2f5299fe,success,,256.0,256.0,256.0,False,,model_loaded,14.760065110007417,0.3548087449889863,0.05692222900688648,0.4117309739958728,0.4117309739958728,248,668,11575,4302259,248320,"{""allowed_count"": 248068, ""expected_count"": 248068, ""missing_expected"": [], ""ok"": true, ""stop_token_ids"": [248046], ""unexpected_allowed"": []}",3.041014531001565,xgrammar,0.6480771189962979,2.196903611999005,12,64,"[2064, 4816, 1040, 678, 1876, 2597, 3799, 974, 0, 16018, 488, 4338, 35932, 1092, 488, 4035, 1040, 310, 1366, 466, 4123, 30, 1690, 3010, 25, 2228, 12, 357, 3296, 883, 7785, 11, 5269, 11, 3712, 11, 4831, 13, 2228, 12, 11150, 440, 264, 6673, 3377, 466, 10505, 3274, 13, 2228, 12, 7831, 383, 264, 8282, 1040, 2730, 11, 6520, 11, 50690, 286, 11, 248046]","It seems like your message got cut off! Could you please clarify what you'd like to know or discuss? For example:  
- A question about science, technology, history, etc.  
- Help with a math problem or coding task.  
- Information on a topic like health, education, rafting,<|im_end|>",True,3795953152,7.21432396399905
002_common_gen_kth_last_k4_t1,2,2,kth_last,4,1,2,64,6,418,1700166206,common_gen,2,0,common_gen:validation:593,0,16ba99e9d2a6acbc3a81219b99a5b4f0a2fcbf74b81662927af89148559d4841,0367ced4d1f1b0eb75dd02b467debc0c749a62ef0bfbbecef3db9a28af16b9f4,success,,256.0,256.0,256.0,False,,model_loaded,14.872074144004728,0.35821183799998835,0.07828763099678326,0.4364994689967716,0.4364994689967716,304,837,14600,6715423,248320,"{""allowed_count"": 248068, ""expected_count"": 248068, ""missing_expected"": [], ""ok"": true, ""stop_token_ids"": [248046], ""unexpected_allowed"": []}",3.004843109010835,xgrammar,0.6458664819947444,2.253346641009557,12,64,"[2064, 5686, 1040, 678, 1876, 2597, 3799, 974, 0, 16018, 488, 4338, 35932, 1092, 488, 4035, 1040, 310, 4123, 466, 2466, 883, 30, 1690, 3010, 25, 2228, 12, 357, 3296, 466, 3377, 488, 2224, 3133, 383, 30, 2228, 12, 22185, 364, 264, 2313, 466, 11190, 4374, 30, 2228, 12, 7831, 883, 5269, 11, 7785, 11, 3712, 11, 4831, 78603, 1746, 11, 264, 3296, 248046]","It looks like your message got cut off! Could you please clarify what you'd like to discuss or ask about? For example:  
- A question or problem you're working on?  
- Ideas for a project or creative idea?  
- Information about technology, science, history, etc.? game, a question<|im_end|>",True,3795953152,7.255647409998346
003_common_gen_kth_last_k6_t1,3,3,kth_last,6,1,2,64,8,520,842411654,common_gen,3,0,common_gen:validation:218,0,0679c34228d9e774bd926893bab1b3f748f511494869dc6c8774103a06c99d0f,8267730920cb184e01a47840d484d43304d365f29a8431d241b3281df340cb21,success,,256.0,256.0,256.0,False,,model_loaded,14.872342357004527,0.3620910269964952,0.10572762500669342,0.4678186520031886,0.4678186520031886,410,1157,20338,12729820,248320,"{""allowed_count"": 248068, ""expected_count"": 248068, ""missing_expected"": [], ""ok"": true, ""stop_token_ids"": [248046], ""unexpected_allowed"": []}",2.9773987049993593,xgrammar,0.6478521980025107,2.212792177000665,12,64,"[2064, 4816, 1040, 678, 1876, 2493, 381, 31084, 0, 16018, 488, 35932, 1092, 488, 4035, 1040, 1438, 440, 30, 1690, 3010, 25, 2228, 12, 357, 3296, 466, 3377, 310, 11290, 30, 2228, 12, 7831, 883, 264, 8282, 318, 68, 1257, 2487, 7785, 11, 3712, 11, 5269, 11504, 2228, 12, 23502, 6498, 318, 65928, 11, 6859, 11, 2144, 4776, 1052, 11504, 2228, 12, 23879, 248046]","It seems like your message might be incomplete! Could you clarify what you'd like help with? For example:  
- A question or problem to solve?  
- Information about a topic (e.g., science, history, technology)?  
- Creative ideas (stories, projects, content ballors)?  
- Something<|im_end|>",True,3795953152,7.230929987999843
004_common_gen_kth_last_k7_t1,4,4,kth_last,7,1,2,64,9,568,1633392913,common_gen,4,0,common_gen:validation:247,0,8defe766848782956cf0301d7e324d4d6d492ea43303cf4085a1d359aa6f83ce,30f9a4975ac17b1649a675eeee91f95561d51e0b5b540fb4fa1b9a135ff34e5f,success,,256.0,256.0,256.0,False,,model_loaded,12.334117318008794,0.35415791600826196,0.12062563298968598,0.47478354899794795,0.47478354899794795,460,1308,23051,16224733,248320,"{""allowed_count"": 248068, ""expected_count"": 248068, ""missing_expected"": [], ""ok"": true, ""stop_token_ids"": [248046], ""unexpected_allowed"": []}",2.892198642002768,xgrammar,0.6519971160014393,2.214984294012538,12,64,"[2064, 4816, 1040, 678, 1876, 2493, 381, 31084, 0, 16018, 488, 35932, 1092, 488, 4035, 1040, 1438, 440, 30, 1690, 3010, 25, 2228, 12, 357, 3296, 466, 8282, 488, 2224, 21520, 883, 30, 2228, 12, 357, 3274, 318, 68, 1257, 2487, 4237, 11, 10505, 11, 6673, 11, 4831, 5946, 30, 2228, 12, 23879, 745, 11040, 30, 2919, 16002, 440, 12070, 383, 424, 321, 248046]","It seems like your message might be incomplete! Could you clarify what you'd like help with? For example:  
- A question or topic you're curious about?  
- A task (e.g., writing, coding, math, etc.)?  
- Something else entirely? water bottle with logo on it and<|im_end|>",True,3795953152,7.0649347139988095
005_common_gen_kth_last_k9_t1,5,5,kth_last,9,1,2,64,11,658,2090001954,common_gen,5,0,common_gen:validation:462,0,a4e9cbbf520565591715f720484aa0ab45a190a71034fdc8498cd52faa153083,775c6f5401192abc74e64f45c5d4d9524d1053ce64969c15ce4040b89e79342e,success,,256.0,256.0,256.0,False,,model_loaded,12.531022783005028,0.35695437199319713,0.1516738969949074,0.5086282689881045,0.5086282689881045,554,1592,28385,23939128,248320,"{""allowed_count"": 248068, ""expected_count"": 248068, ""missing_expected"": [], ""ok"": true, ""stop_token_ids"": [248046], ""unexpected_allowed"": []}",2.8672184239985654,xgrammar,0.6427921559952665,2.227670883992687,12,64,"[2064, 4816, 1040, 678, 1876, 2493, 381, 31084, 0, 16018, 488, 35932, 1092, 488, 4035, 1040, 310, 4123, 466, 1092, 488, 1144, 1438, 440, 30, 1690, 3010, 25, 2228, 12, 357, 3296, 883, 7785, 11, 5269, 11, 7431, 11, 466, 3712, 30, 2228, 12, 44241, 440, 264, 3274, 318, 68, 1257, 2487, 4237, 11, 8720, 1956, 22460, 11, 795, 6157, 11504, 2228, 12, 248046]","It seems like your message might be incomplete! Could you clarify what you'd like to discuss or what you need help with? For example:  
- A question about science, technology, culture, or history?  
- Assistance with a task (e.g., writing, glassblowing, data analysis)?  
-<|im_end|>",True,3795953152,7.188215643996955
006_common_gen_kth_last_k11_t1,6,6,kth_last,11,1,2,64,13,740,1818931647,common_gen,6,0,common_gen:validation:195,0,d36f6518bbd23fea975763ca6813f9fd2d1a6f619cbb37dbda36f0558b531701,09377dcc8f01fb9e5d450ee76f845399bc55441cc95c90912d2266b757a0a91a,success,,256.0,256.0,256.0,False,,model_loaded,12.467334263012162,0.36517553600424435,0.17984977099695243,0.5450253070011968,0.5450253070011968,640,1852,33495,32308375,248320,"{""allowed_count"": 248068, ""expected_count"": 248068, ""missing_expected"": [], ""ok"": true, ""stop_token_ids"": [248046], ""unexpected_allowed"": []}",2.8693286269990494,xgrammar,0.6475522769906092,2.241945059009595,12,64,"[2064, 4816, 1040, 678, 1876, 2493, 381, 31084, 0, 16018, 488, 35932, 1092, 488, 4035, 1040, 310, 4123, 466, 2466, 883, 30, 1690, 3010, 25, 2228, 12, 357, 3050, 8282, 318, 68, 1257, 2487, 7785, 11, 3712, 11, 12641, 11504, 2228, 12, 357, 3296, 488, 1144, 1438, 440, 30, 2228, 12, 23879, 3222, 403, 421, 3749, 2193, 30, 18050, 9658, 1042, 728, 1366, 248046]","It seems like your message might be incomplete! Could you clarify what you'd like to discuss or ask about? For example:  
- A specific topic (e.g., science, history, tech)?  
- A question you need help with?  
- Something holdout that needs context?  

Just let me know<|im_end|>",True,3795953152,7.211229099004413
007_common_gen_kth_last_k12_t1,7,7,kth_last,12,1,2,64,14,778,27081196,common_gen,7,0,common_gen:validation:533,0,adf571e11495483b9677ad758b84706aec8644ac9dcf121b69c135b2eac8d759,4805040d1f061495d84f03b1022a0d063f7655aae945a4e7621894cce9d102af,success,,256.0,256.0,256.0,False,,model_loaded,12.564946079000947,0.3609347649908159,0.191341489990009,0.5522762549808249,0.5522762549808249,680,1973,35876,36629323,248320,"{""allowed_count"": 248068, ""expected_count"": 248068, ""missing_expected"": [], ""ok"": true, ""stop_token_ids"": [248046], ""unexpected_allowed"": []}",2.8469926370016765,xgrammar,0.6390938080003252,2.242003756997292,12,64,"[2064, 4816, 1040, 678, 1876, 2597, 3799, 974, 0, 16018, 488, 4338, 3300, 777, 3447, 466, 35932, 1092, 488, 4035, 1040, 310, 1366, 30, 1690, 3010, 25, 2228, 12, 8448, 488, 9859, 883, 264, 8282, 11, 3296, 11, 466, 7059, 30, 2228, 12, 3054, 488, 1144, 1438, 440, 4237, 11, 6673, 5284, 15214, 11, 6163, 30394, 11, 466, 2414, 745, 30, 2228, 12, 248046]","It seems like your message got cut off! Could you please provide more details or clarify what you'd like to know? For example:  
- Are you asking about a topic, question, or concept?  
- Do you need help with writing, math score improvement, English grammar, or something else?  
-<|im_end|>",True,3795953152,7.223647991006146
008_common_gen_kth_last_k14_t1,8,8,kth_last,14,1,2,64,16,848,38761726,common_gen,8,0,common_gen:validation:7,0,fe3ab8c2caf6a57484ff3cb25fbb9278b54ec486b981e5bfa76d0c68629b07f4,d32b7ed7d0360df731ff719dfea6afc274da8e5ed9ae0991f3601f16ec6e6a34,success,,256.0,256.0,256.0,False,,model_loaded,12.658106392002082,0.34973280200210866,0.21564488799776882,0.5653776899998775,0.5653776899998775,754,2197,40290,45342808,248320,"{""allowed_count"": 248068, ""expected_count"": 248068, ""missing_expected"": [], ""ok"": true, ""stop_token_ids"": [248046], ""unexpected_allowed"": []}",2.8455073310033185,xgrammar,0.6326674160081893,2.2548015619977377,12,64,"[2064, 4816, 1040, 678, 1876, 2597, 3799, 974, 0, 16018, 488, 4338, 35932, 1092, 488, 4035, 1040, 310, 4123, 466, 2466, 883, 30, 1690, 3010, 25, 2228, 12, 3054, 488, 1144, 1438, 440, 264, 3050, 3274, 318, 68, 1257, 2487, 4237, 11, 10505, 11, 3302, 11504, 2228, 12, 8448, 26089, 12760, 11, 4437, 6337, 11, 466, 2414, 745, 488, 2224, 21520, 883, 30, 248046]","It seems like your message got cut off! Could you please clarify what you'd like to discuss or ask about? For example:  
- Do you need help with a specific task (e.g., writing, coding, research)?  
- Are hockey statistics, general knowledge, or something else you're curious about?<|im_end|>",True,3795953152,7.143177342994022
009_common_gen_kth_last_k16_t1,9,9,kth_last,16,1,2,64,18,910,1570769743,common_gen,9,0,common_gen:validation:393,0,9be0c604f011b8a033454b42e3758a35fbb3ceb6c1e88d02a198de918f010706,34bfead2f296b2576e1b6c9dc380b8baa55a841d968579f7968939bb09088265,success,,256.0,256.0,256.0,False,,model_loaded,12.561456416995497,0.34646829700795934,0.23765199599438347,0.5841202930023428,0.5841202930023428,820,2397,44240,53906905,248320,"{""allowed_count"": 248068, ""expected_count"": 248068, ""missing_expected"": [], ""ok"": true, ""stop_token_ids"": [248046], ""unexpected_allowed"": []}",2.9059706190018915,xgrammar,0.6340356439905008,2.2441241780034034,12,64,"[2064, 4816, 678, 1876, 369, 31084, 0, 16018, 488, 35932, 1092, 488, 4035, 1040, 1438, 440, 30, 1690, 3010, 25, 2228, 12, 357, 3296, 883, 7785, 11, 3712, 11, 466, 5269, 30, 2228, 12, 14235, 12622, 440, 6673, 11, 10505, 11, 466, 4237, 30, 2228, 12, 22528, 6228, 17425, 11, 3255, 6498, 11, 466, 2313, 8842, 30, 2228, 12, 2441, 2414, 745, 11040, 248046]","It seems your message is incomplete! Could you clarify what you'd like help with? For example:  
- A question about science, history, or technology?  
- Need assistance with math, coding, or writing?  
- Want stage directions, story ideas, or project planning?  
- Or something else entirely<|im_end|>",True,3795953152,7.126944589996128
010_common_gen_kth_last_k17_t1,10,10,kth_last,17,1,2,64,19,938,480605786,common_gen,10,0,common_gen:validation:622,0,d8ca890be9f0e0b96dc76950a650b4e0bf62b187aee320c625778ff70d7416c6,1800f18cfcaa3e8a807f28272b0a4832d7a39f039a0400cc897dd515289a1cd9,success,,256.0,256.0,256.0,False,,model_loaded,12.69216063800559,0.3698320510011399,0.24364253199019004,0.61347458299133,0.61347458299133,850,2488,46041,58048588,248320,"{""allowed_count"": 248068, ""expected_count"": 248068, ""missing_expected"": [], ""ok"": true, ""stop_token_ids"": [248046], ""unexpected_allowed"": []}",2.7575088489975315,xgrammar,0.6305653960007476,2.20189997999114,12,64,"[2064, 5686, 1040, 678, 1876, 2597, 3799, 974, 0, 16018, 488, 35932, 1092, 488, 4035, 1040, 310, 4123, 466, 4434, 30, 1690, 3010, 25, 2228, 12, 357, 3050, 3296, 466, 8282, 488, 2224, 21520, 883, 30, 2228, 12, 11956, 364, 264, 3274, 488, 1144, 1438, 440, 11041, 382, 30, 2228, 12, 22185, 364, 264, 3255, 11, 2313, 11, 466, 11190, 4374, 30, 2228, 248046]","It looks like your message got cut off! Could you clarify what you'd like to discuss or complete? For example:  
- A specific question or topic you're curious about?  
- Details for a task you need help with washers?  
- Ideas for a story, project, or creative idea?  
<|im_end|>",True,3795953152,6.9511143720010296
011_common_gen_kth_last_k19_t1,11,11,kth_last,19,1,2,64,21,988,325908543,common_gen,11,0,common_gen:validation:455,0,813305d15d71991454ff494049bbfe71b0a8b57f2609c7ab98eb8e62dd419e00,c338d6baef0bd87d6798e585bd4d2c76bf78d609593d6d48fae8c0f02b5c5f43,success,,256.0,256.0,256.0,False,,model_loaded,12.570092137000756,0.35292696200485807,0.2658234690024983,0.6187504310073564,0.6187504310073564,904,2652,49295,65899963,248320,"{""allowed_count"": 248068, ""expected_count"": 248068, ""missing_expected"": [], ""ok"": true, ""stop_token_ids"": [248046], ""unexpected_allowed"": []}",2.9578801819880027,xgrammar,0.643038020003587,2.173678031991585,12,64,"[2064, 4816, 1040, 678, 1876, 2493, 381, 31084, 0, 16018, 488, 35932, 1092, 488, 4035, 1040, 310, 4123, 466, 1438, 440, 30, 1690, 3010, 25, 2228, 12, 357, 3296, 466, 3377, 488, 1144, 12622, 440, 30, 2228, 12, 1473, 4374, 11, 3255, 11, 466, 3575, 488, 4035, 1040, 310, 1791, 30, 2228, 12, 23879, 745, 11040, 30, 18050, 9658, 1042, 728, 1366, 0, 248046]","It seems like your message might be incomplete! Could you clarify what you'd like to discuss or help with? For example:  
- A question or problem you need assistance with?  
- An idea, story, or card you'd like to create?  
- Something else entirely?  

Just let me know!<|im_end|>",True,3795953152,7.220547885997803
012_common_gen_kth_last_k20_t1,12,12,kth_last,20,1,2,64,22,1010,1119897319,common_gen,12,0,common_gen:validation:594,0,c953b06f074582b500b8ca9568569b0aae488002fc1fd46bf1cf420df6f7d6f0,50125fc2b6e11723455c2d3d3eeb36e927f4b2fff8d7ce1a9ed06e849e3546c4,success,,256.0,256.0,256.0,False,,model_loaded,12.911924061991158,0.3425552050030092,0.2736938080051914,0.6162490130082006,0.6162490130082006,928,2725,50748,69555127,248320,"{""allowed_count"": 248068, ""expected_count"": 248068, ""missing_expected"": [], ""ok"": true, ""stop_token_ids"": [248046], ""unexpected_allowed"": []}",3.2458282400039025,xgrammar,0.6390686460072175,2.2132383910065982,12,64,"[2064, 4816, 678, 1876, 369, 31084, 0, 16018, 488, 4338, 35932, 1092, 488, 4035, 1040, 1438, 440, 30, 1690, 3010, 25, 2228, 12, 3054, 488, 599, 264, 3296, 883, 264, 8282, 318, 68, 1257, 2487, 7785, 11, 3712, 11, 12641, 11504, 2228, 12, 11538, 264, 3274, 318, 68, 1257, 2487, 21156, 6673, 5154, 11, 4237, 1970, 11, 39664, 795, 11504, 2228, 12, 14235, 248046]","It seems your message is incomplete! Could you please clarify what you'd like help with? For example:  
- Do you have a question about a topic (e.g., science, history, tech)?  
- ride a task (e.g., solving math problems, writing code, analyzing data)?  
- Need<|im_end|>",True,3795953152,7.509824230000959
013_common_gen_kth_last_k22_t1,13,13,kth_last,22,1,2,64,24,1048,1599240223,common_gen,13,0,common_gen:validation:249,0,1ddd09db12d51844c5ba264e678f11ffe34fa06cd116ce814b9f766fcf6c357b,b9f76ec9d30e96382f77fa3dd51c5b299d613349eb7fd6b52dcbdb9facd02cc2,success,,256.0,256.0,256.0,False,,model_loaded,12.857515736992355,0.3434316979983123,0.28731200999754947,0.6307437079958618,0.6307437079958618,970,2853,53306,76203028,248320,"{""allowed_count"": 248068, ""expected_count"": 248068, ""missing_expected"": [], ""ok"": true, ""stop_token_ids"": [248046], ""unexpected_allowed"": []}",3.2172719200025313,xgrammar,0.6357124220085097,2.2622027909965254,12,64,"[2064, 5686, 1040, 678, 1876, 2493, 381, 31084, 0, 16018, 488, 35932, 1092, 488, 4035, 1040, 1438, 440, 30, 1690, 3010, 25, 2228, 12, 3054, 488, 1144, 12622, 440, 264, 3050, 3274, 318, 68, 1257, 2487, 4237, 11, 10505, 11, 6157, 3379, 11504, 2228, 12, 8448, 488, 9859, 264, 3296, 466, 10569, 1928, 30, 2228, 12, 3054, 488, 1318, 310, 83783, 6498, 466, 248046]","It looks like your message might be incomplete! Could you clarify what you'd like help with? For example:  
- Do you need assistance with a specific task (e.g., writing, coding, analysis press)?  
- Are you asking a question or seeking information?  
- Do you want to brainstorm ideas or<|im_end|>",True,3795953152,7.544661594001809
014_common_gen_kth_last_k24_t1,14,14,kth_last,24,1,2,64,26,1078,1243071568,common_gen,14,0,common_gen:validation:641,0,793ddf2e4faa163a351139d377802355200ee8109f7f9323e014012f52d7b3c2,c937a1052690e3648c8b8b85019ead48b3f42fb1611a39202368abfaec333911,success,,256.0,256.0,256.0,False,,model_loaded,12.550581863994012,0.3560003919992596,0.2994356550043449,0.6554360470036045,0.6554360470036045,1004,2957,55400,81829093,248320,"{""allowed_count"": 248068, ""expected_count"": 248068, ""missing_expected"": [], ""ok"": true, ""stop_token_ids"": [248046], ""unexpected_allowed"": []}",3.0768188889924204,xgrammar,0.6423801679920871,2.166295122995507,12,64,"[2064, 4816, 1040, 678, 1876, 2493, 381, 31084, 0, 16018, 488, 4338, 35932, 1092, 488, 4035, 1040, 1438, 440, 30, 1690, 3010, 25, 2228, 12, 357, 3296, 883, 7785, 11, 6673, 11, 466, 10505, 30, 2228, 12, 44241, 440, 11137, 6947, 261, 7465, 466, 27676, 30, 2228, 12, 78749, 383, 264, 2313, 466, 8282, 30, 2228, 12, 23879, 745, 11040, 30, 18050, 9764, 248046]","It seems like your message might be incomplete! Could you please clarify what you'd like help with? For example:  
- A question about science, math, or coding?  
- Assistance with flycatcher behavior or conservation?  
- Guidance on a project or topic?  
- Something else entirely?  

Let<|im_end|>",True,3795953152,7.262217095005326
015_common_gen_kth_last_k25_t1,15,15,kth_last,25,1,2,64,27,1090,2013217008,common_gen,15,0,common_gen:validation:162,0,3392d5dcc538ed112bc08da7a0c87d5db4c1f307bec4b93ddb1bc8e8b88793f7,22bb411af85f7291561061621924524641d59d1509f375606921f8c07d0ba4cc,success,,256.0,256.0,256.0,False,,model_loaded,12.719151497003622,0.37203069700626656,0.30179352599952836,0.6738242230057949,0.6738242230057949,1018,3000,56273,84214432,248320,"{""allowed_count"": 248068, ""expected_count"": 248068, ""missing_expected"": [], ""ok"": true, ""stop_token_ids"": [248046], ""unexpected_allowed"": []}",2.834037802007515,xgrammar,0.646145245002117,2.2269626510096714,12,64,"[2064, 4816, 678, 1876, 369, 31084, 0, 16018, 488, 4338, 35932, 1092, 488, 4035, 1040, 1438, 440, 30, 1690, 3010, 25, 2228, 12, 3054, 488, 1144, 1438, 440, 264, 3050, 8282, 318, 68, 1257, 2487, 7785, 11, 3712, 10994, 11, 5269, 11504, 2228, 12, 8448, 488, 3221, 364, 449, 15673, 11, 6093, 11, 466, 11190, 4374, 30, 2228, 12, 14235, 61535, 383, 2414, 248046]","It seems your message is incomplete! Could you please clarify what you'd like help with? For example:  
- Do you need help with a specific topic (e.g., science, history beach, technology)?  
- Are you looking for an explanation, solution, or creative idea?  
- Need clarification on something<|im_end|>",True,3795953152,7.1358248769975035
016_common_gen_kth_last_k27_t1,16,16,kth_last,27,1,2,64,29,1108,1151954601,common_gen,16,0,common_gen:validation:969,0,32f4f8e63547d190e938561c597b321a1e50ea437a79a8b1b9b8bbf6b3f0d75f,589ba773d346220be352a655863f4c6b22a654a30db154e71bc37589df77d7aa,success,,256.0,256.0,256.0,False,,model_loaded,12.837890170005267,0.34863041900098324,0.31309779499133583,0.6617282139923191,0.6617282139923191,1040,3068,57671,88058143,248320,"{""allowed_count"": 248068, ""expected_count"": 248068, ""missing_expected"": [], ""ok"": true, ""stop_token_ids"": [248046], ""unexpected_allowed"": []}",2.8952849249908468,xgrammar,0.6307747769897105,2.215499835991068,12,64,"[2064, 4816, 678, 1876, 369, 31084, 0, 16018, 488, 35932, 1092, 488, 4035, 1040, 1438, 440, 30, 1690, 3010, 25, 2228, 12, 357, 3296, 466, 3377, 310, 11290, 30, 2228, 12, 7831, 883, 264, 8282, 318, 10463, 67093, 5972, 13, 10463, 67093, 11504, 2228, 12, 357, 11190, 4374, 466, 2313, 4374, 30, 2228, 12, 23879, 745, 11040, 30, 18050, 9658, 1042, 728, 1366, 248046]","It seems your message is incomplete! Could you clarify what you'd like help with? For example:  
- A question or problem to solve?  
- Information about a topic ( mouthwash vs. mouthwash)?  
- A creative idea or project idea?  
- Something else entirely?  

Just let me know<|im_end|>",True,3795953152,7.205592828002409
017_common_gen_kth_last_k29_t1,17,17,kth_last,29,1,2,64,31,1118,198980999,common_gen,17,0,common_gen:validation:461,0,4ccff2fe7fcaaf965bab6c0e405dde369d3e80d29dd521a273498ae6fe8445eb,ac011721967ca99f1216e9434504452238c865d4d6b4b22508884542c7e57e54,success,,256.0,256.0,256.0,False,,model_loaded,12.716467343998374,0.34742126999481115,0.3175513620080892,0.6649726320029004,0.6649726320029004,1054,3112,58605,90593698,248320,"{""allowed_count"": 248068, ""expected_count"": 248068, ""missing_expected"": [], ""ok"": true, ""stop_token_ids"": [248046], ""unexpected_allowed"": []}",2.8147043409990147,xgrammar,0.6332239720068173,2.2156861209950875,12,64,"[2064, 4816, 1040, 678, 1876, 2597, 3799, 974, 0, 16018, 488, 35932, 1092, 488, 4035, 1040, 310, 4123, 466, 1438, 440, 30, 25677, 232, 2228, 2381, 3010, 25, 2228, 12, 357, 3296, 883, 7785, 7087, 5426, 318, 4650, 328, 14749, 628, 1432, 7087, 303, 279, 7087, 6135, 30, 871, 2228, 12, 357, 6673, 3377, 318, 68, 1257, 2487, 328, 4199, 310, 1423, 279, 248046]","It seems like your message got cut off! Could you clarify what you'd like to discuss or help with? 😊  
For example:  
- A question about science pool rules (like ""Who can play pool in the pool club?"")  
- A math problem (e.g., ""How to find the<|im_end|>",True,3795953152,7.0923573239997495
018_common_gen_kth_last_k30_t1,18,18,kth_last,30,1,2,64,32,1120,2080759986,common_gen,18,0,common_gen:validation:573,0,7f734e5f09e2ab5d770ee7ab88294d230dbd67cd521080532007be3dbca3587a,cb2fc45a469ae4abdbdbcadc0a2a7f5cc4283aea89f15b562ca25b6dd57ddd88,success,,256.0,256.0,256.0,False,,model_loaded,13.023051249998389,0.3693888769921614,0.31634135500644334,0.6857302319986047,0.6857302319986047,1058,3125,58898,91351312,248320,"{""allowed_count"": 248068, ""expected_count"": 248068, ""missing_expected"": [], ""ok"": true, ""stop_token_ids"": [248046], ""unexpected_allowed"": []}",2.8777393030031817,xgrammar,0.64774735699757,2.2444331209990196,12,64,"[2064, 4816, 1040, 678, 1876, 2493, 381, 31084, 0, 16018, 488, 35932, 1092, 488, 4035, 1040, 310, 4123, 466, 2466, 883, 30, 1690, 3010, 25, 2228, 12, 357, 3050, 8282, 318, 68, 1257, 14367, 10331, 11, 12387, 3712, 11, 12641, 17793, 11504, 2228, 12, 357, 3296, 488, 2224, 3133, 383, 30, 2228, 12, 23879, 745, 488, 4035, 1040, 1438, 440, 30, 18050, 9764, 248046]","It seems like your message might be incomplete! Could you clarify what you'd like to discuss or ask about? For example:  
- A specific topic (e.g river navigation, cultural history, tech trends)?  
- A question you're working on?  
- Something else you'd like help with?  

Let<|im_end|>",True,3795953152,7.187247388996184
019_common_gen_kth_last_k32_t1,19,19,kth_last,32,1,2,64,34,1118,271166055,common_gen,19,0,common_gen:validation:605,0,19d055838a043ed6c30de3d46512d7621cf36e14ff1c02e8a2657834965bc0d5,7c200236f2d2257a858e01008f34cccbf0d381fca01298cbc34edef3c8ffb271,success,,256.0,256.0,256.0,False,,model_loaded,13.0356790299993,0.35639395599719137,0.3205165620020125,0.6769105179992039,0.6769105179992039,1060,3133,59136,91824434,248320,"{""allowed_count"": 248068, ""expected_count"": 248068, ""missing_expected"": [], ""ok"": true, ""stop_token_ids"": [248046], ""unexpected_allowed"": []}",2.94807594899612,xgrammar,0.6367518300103256,2.2156640679895645,12,64,"[2064, 4816, 678, 1876, 2597, 3799, 974, 0, 16018, 488, 4338, 3300, 777, 3447, 466, 4434, 678, 3272, 30, 1690, 3010, 25, 2228, 12, 3437, 513, 488, 9859, 883, 30, 2228, 86497, 2228, 12, 3437, 1000, 488, 1040, 310, 1366, 466, 4123, 30, 2228, 12, 3437, 579, 678, 5614, 466, 1144, 30, 2228, 9764, 728, 1366, 11, 321, 353, 3172, 635, 821, 1786, 248046]","It seems your message got cut off! Could you please provide more details or complete your thought? For example:  
- What are you asking about?  
 clap  
- What would you like to know or discuss?  
- What's your goal or need?  
Let me know, and I'll do my best<|im_end|>",True,3795953152,7.23330217700277
020_common_gen_kth_last_k33_t1,20,20,kth_last,33,1,2,64,35,1114,841196441,common_gen,20,0,common_gen:validation:170,0,f5511a74e13c6256b545d926cc91d95d7a304a36caf2d01c52fdcd2ea95e41ff,b0a5f921baff37f7ca1423ca646132f0d15c85985ffe7105bea070a5775542c2,success,,256.0,256.0,256.0,False,,model_loaded,14.563192362998961,0.35256710000976454,0.32155249299830757,0.6741195930080721,0.6741195930080721,1058,3128,59081,91537234,248320,"{""allowed_count"": 248068, ""expected_count"": 248068, ""missing_expected"": [], ""ok"": true, ""stop_token_ids"": [248046], ""unexpected_allowed"": []}",2.9492546480032615,xgrammar,0.6404412219999358,2.188054768004804,12,64,"[2064, 4816, 1040, 678, 1876, 2493, 381, 31084, 0, 16018, 488, 35932, 1092, 488, 4035, 1040, 310, 4123, 466, 1144, 1438, 440, 30, 1690, 3010, 25, 2228, 12, 357, 3296, 5286, 2493, 2466, 883, 6673, 14, 64510, 30, 2228, 12, 357, 1622, 364, 10505, 12622, 318, 68, 1257, 2487, 12654, 11, 7622, 11504, 2228, 12, 14235, 6498, 364, 264, 2313, 466, 8627, 30, 248046]","It seems like your message might be incomplete! Could you clarify what you'd like to discuss or need help with? For example:  
- A question student might ask about math/physics?  
- A request for coding assistance (e.g., Python, SQL)?  
- Need ideas for a project or essay?<|im_end|>",True,3795953152,7.224544386001071
021_common_gen_kth_last_k35_t1,21,21,kth_last,35,1,2,64,37,1100,1035774792,common_gen,21,0,common_gen:validation:767,0,2d51f2284d66525a5c857b30c458d99288b81a6a832c1ed39c466f392634bc87,441d0f53e68362752e4f6a63458d0604edfc87fcb42995fcb7c0a6593f9724f2,success,,256.0,256.0,256.0,False,,model_loaded,14.632061448006425,0.36403028399217874,0.31815351599652786,0.6821837999887066,0.6821837999887066,1048,3100,58623,89923631,248320,"{""allowed_count"": 248068, ""expected_count"": 248068, ""missing_expected"": [], ""ok"": true, ""stop_token_ids"": [248046], ""unexpected_allowed"": []}",2.974088586997823,xgrammar,0.6495302249968518,2.1889369020063896,12,64,"[2064, 4816, 1040, 678, 1876, 2493, 381, 31084, 0, 16018, 488, 35932, 1092, 488, 4035, 1040, 310, 1366, 466, 4123, 30, 1690, 3010, 25, 2228, 12, 8448, 488, 4088, 258, 338, 19139, 264, 8282, 30, 2228, 12, 14235, 1438, 440, 264, 3274, 318, 24501, 11, 10505, 11, 6673, 11, 4831, 5946, 30, 2228, 12, 91865, 883, 2414, 3050, 30, 18050, 9658, 1042, 728, 248046]","It seems like your message might be incomplete! Could you clarify what you'd like to know or discuss? For example:  
- Are you walkin gthrough a topic?  
- Need help with a task (writing, coding, math, etc.)?  
- Asking about something specific?  

Just let me<|im_end|>",True,3795953152,7.302017609006725
022_common_gen_kth_last_k37_t1,22,22,kth_last,37,1,2,64,39,1078,542830063,common_gen,22,0,common_gen:validation:5,0,7e0541995332f2af0bf79fb29d2b48c5659a7d909ec241ed274d0401ecf396bd,00c0fbd99778bb2f7b7d913c5955a3635d41a64e9ce9b0cfb84aca39020c7245,success,,256.0,256.0,256.0,False,,model_loaded,14.30880146099662,0.3570481509959791,0.3146880199929001,0.6717361709888792,0.6717361709888792,1030,3048,57701,86958784,248320,"{""allowed_count"": 248068, ""expected_count"": 248068, ""missing_expected"": [], ""ok"": true, ""stop_token_ids"": [248046], ""unexpected_allowed"": []}",2.9398466600105166,xgrammar,0.6420545209984994,2.2255211630108533,12,64,"[2064, 4816, 1040, 678, 1876, 2597, 3799, 974, 0, 16018, 488, 4338, 35932, 1092, 488, 4035, 1040, 310, 1366, 466, 2466, 883, 30, 1690, 3010, 25, 6338, 264, 1740, 11, 3827, 264, 3992, 11, 11290, 264, 3377, 11, 466, 3977, 745, 30, 353, 2688, 1532, 310, 1438, 0, 25677, 232, 9008, 248, 245, 88995, 119, 9008, 241, 248, 169379, 271, 9658, 1042, 728, 248046]","It seems like your message got cut off! Could you please clarify what you'd like to know or ask about? For example: drive a car, learn a language, solve a problem, or anything else? I'm here to help! 😊🚗💻📚✨

Just let me<|im_end|>",True,3795953152,7.263723064999795
023_common_gen_kth_last_k38_t1,23,23,kth_last,38,1,2,64,40,1064,2060478371,common_gen,23,0,common_gen:validation:60,0,3c4c70ca22d967be356777ed22f130e05354f64e6cf7e0ca9f3fc41a00eba344,2a6128573f2c55e8c08a6ccba12101720839d7267d68a3bb12467d71051f49af,success,,256.0,256.0,256.0,False,,model_loaded,14.226153623996652,0.3549773440026911,0.31253568299871404,0.6675130270014051,0.6675130270014051,1018,3013,57066,84989999,248320,"{""allowed_count"": 248068, ""expected_count"": 248068, ""missing_expected"": [], ""ok"": true, ""stop_token_ids"": [248046], ""unexpected_allowed"": []}",3.0205742820107844,xgrammar,0.6458100260060746,2.2026607200095896,12,64,"[2064, 5686, 1040, 678, 1876, 2493, 381, 31084, 0, 16018, 488, 4338, 35932, 1092, 488, 4035, 1040, 310, 4123, 466, 2466, 883, 30, 1690, 3010, 2919, 11, 16725, 11, 7785, 11, 3712, 11, 466, 2414, 745, 30, 353, 2688, 1532, 310, 1438, 0, 25677, 232, 88995, 94, 271, 9764, 728, 1366, 1204, 353, 628, 7543, 0, 10838, 234, 253, 169379, 198, 12, 9664, 248046]","It looks like your message might be incomplete! Could you please clarify what you'd like to discuss or ask about? For example water, cooking, science, history, or something else? I'm here to help! 😊💡

Let me know how I can assist! 🌟✨
- Water<|im_end|>",True,3795953152,7.33611652199761
024_common_gen_kth_last_k40_t1,24,24,kth_last,40,1,2,64,42,1030,2069810451,common_gen,24,0,common_gen:validation:407,0,2dc9e01a27cad759138272638ca7926efb00899bdee4d8fe2d51bb8af50e80dc,695a60df9a342c02919b7736c771435dea4f82641ef9edef62936a215a2f3acf,success,,256.0,256.0,256.0,False,,model_loaded,12.775087122994591,0.36301385700062383,0.2999543179903412,0.662968174990965,0.662968174990965,988,2925,55448,80137846,248320,"{""allowed_count"": 248068, ""expected_count"": 248068, ""missing_expected"": [], ""ok"": true, ""stop_token_ids"": [248046], ""unexpected_allowed"": []}",2.8689704240096034,xgrammar,0.6489828929916257,2.2085676360002253,12,64,"[2064, 4816, 1040, 678, 1876, 2493, 381, 31084, 0, 16018, 488, 35932, 1092, 488, 4035, 1040, 310, 4123, 466, 2466, 883, 30, 1690, 23198, 28546, 11, 353, 628, 1438, 440, 25, 271, 12, 2972, 19211, 92217, 73642, 279, 1786, 1752, 3018, 383, 24080, 11, 854, 11, 466, 4649, 16484, 13, 198, 12, 2972, 60130, 3447, 92217, 43934, 24385, 1040, 414, 84170, 579, 11, 248046]","It seems like your message might be incomplete! Could you clarify what you'd like to discuss or ask about? For hill climbing, I can help with:

- **Strategy**: Choosing the best path based on terrain, time, or energy constraints.
- **Technical details**: Understanding algorithms like Dijkstra's,<|im_end|>",True,3795953152,7.225876156007871
025_common_gen_kth_last_k42_t1,25,25,kth_last,42,1,2,64,44,988,376522771,common_gen,25,0,common_gen:validation:68,0,13cc046723cdf093e70d013b5cf4f53a2737a840e6b82c26a9b5d5ad449b3d38,230981ad22fb4e31cd91fe9ad8fcf5b68297fbc314622bc1c02294faee5d2459,success,,256.0,256.0,256.0,False,,model_loaded,12.617831867013592,0.3586073220067192,0.2882904850121122,0.6468978070188314,0.6468978070188314,950,2813,53366,74167009,248320,"{""allowed_count"": 248068, ""expected_count"": 248068, ""missing_expected"": [], ""ok"": true, ""stop_token_ids"": [248046], ""unexpected_allowed"": []}",2.879302788991481,xgrammar,0.6805725360027282,2.1683327880018624,12,64,"[2064, 5686, 1040, 678, 1876, 2493, 381, 31084, 0, 16018, 488, 35932, 1092, 488, 4035, 1040, 310, 4123, 466, 4434, 30, 10463, 321, 279, 10463, 13, 198, 31595, 13, 271, 4199, 628, 353, 1438, 488, 30, 25677, 232, 198, 12, 14149, 488, 2977, 310, 2466, 264, 3296, 30, 198, 12, 14235, 1928, 383, 264, 8282, 30, 198, 12, 22528, 310, 6380, 264, 3992, 248046]","It looks like your message might be incomplete! Could you clarify what you'd like to discuss or complete? mouth and the mouth.
mouth.

How can I help you? 😊
- Did you mean to ask a question?
- Need information on a topic?
- Want to practice a language<|im_end|>",True,3795953152,7.208175491003203
026_common_gen_kth_last_k43_t1,26,26,kth_last,43,1,2,64,45,964,881983928,common_gen,26,0,common_gen:validation:273,0,20a27182aa41c32a13d7cda539556b1bd5aea9928c908fe8b9e942beede2181c,fdb1bff3e9c261a5c71de39af31e324bc64850ba3ac62c4a0982ef8f5e6711bc,success,,256.0,256.0,256.0,False,,model_loaded,12.73762578300375,0.368873988991254,0.28138961098738946,0.6502635999786435,0.6502635999786435,928,2748,52151,70807339,248320,"{""allowed_count"": 248068, ""expected_count"": 248068, ""missing_expected"": [], ""ok"": true, ""stop_token_ids"": [248046], ""unexpected_allowed"": []}",2.8954815959878033,xgrammar,0.6497055569925578,2.2223481469991384,12,64,"[2064, 4816, 1040, 678, 1876, 2493, 381, 31084, 0, 16018, 488, 35932, 1092, 488, 4035, 1040, 1438, 440, 30, 1690, 41586, 71, 13649, 466, 69389, 11, 1532, 579, 264, 2716, 3255, 310, 615, 488, 3727, 25, 271, 4277, 271, 332, 760, 7745, 25291, 332, 2228, 760, 5257, 1953, 2683, 11, 88693, 2272, 279, 2235, 6784, 314, 279, 22263, 7803, 13, 561, 58709, 579, 248046]","It seems like your message might be incomplete! Could you clarify what you'd like help with? For cliffhangers or suspense, here's a short story to get you started:

---

**The Last Train**  
The train swerved, slamming against the old wall of the abandoned station. The conductor's<|im_end|>",True,3795953152,7.225185990013415
027_common_gen_kth_last_k45_t1,27,27,kth_last,45,1,2,64,47,910,1867340357,common_gen,27,0,common_gen:validation:264,0,647edd81e8776cb373727f170c569e71663e15663e6822310a9cc9e4c317be6f,69b03d3157ac5e9c72ba732deb33d09593ea2d2e1ccc7b3d26852fd8fcd4a7fe,success,,256.0,256.0,256.0,False,,model_loaded,12.79487606199109,0.3605357749911491,0.27401007899607066,0.6345458539872197,0.6345458539872197,878,2600,49373,63447436,248320,"{""allowed_count"": 248068, ""expected_count"": 248068, ""missing_expected"": [], ""ok"": true, ""stop_token_ids"": [248046], ""unexpected_allowed"": []}",2.8676948729989817,xgrammar,0.647455826998339,2.3890766089898534,12,64,"[2064, 4816, 1040, 678, 1876, 2597, 3799, 974, 0, 16018, 488, 4338, 35932, 1092, 488, 4035, 1040, 1438, 2418, 466, 21374, 30, 1690, 3010, 25, 2228, 12, 14235, 6498, 364, 264, 2313, 466, 3019, 30, 2228, 12, 22528, 310, 4123, 264, 8282, 318, 68, 1257, 2487, 5269, 11, 7785, 11, 3712, 11504, 2228, 12, 20482, 364, 11190, 2144, 318, 65928, 11, 18910, 11, 248046]","It seems like your message got cut off! Could you please clarify what you'd like help stand or accomplish? For example:  
- Need ideas for a project or plan?  
- Want to discuss a topic (e.g., technology, science, history)?  
- Looking for creative content (stories, scripts,<|im_end|>",True,3795953152,7.316571741001098
028_common_gen_kth_last_k46_t1,28,28,kth_last,46,1,2,64,48,880,1538777945,common_gen,28,0,common_gen:validation:476,0,2771cf05438c7dc583d1304db49f687ccf85c08607ee08d01c21f623ba38e702,3641be8ca2a1bb6e164a53ebf000a85dcb92b76d864d7ce007bcfdf2499c7b49,success,,256.0,256.0,256.0,False,,model_loaded,12.544910844007973,0.35058591500273906,0.25560721999499947,0.6061931349977385,0.6061931349977385,850,2517,47810,59496355,248320,"{""allowed_count"": 248068, ""expected_count"": 248068, ""missing_expected"": [], ""ok"": true, ""stop_token_ids"": [248046], ""unexpected_allowed"": []}",2.7357285890029743,xgrammar,0.6455292739992728,2.259779336003703,12,64,"[2064, 4816, 1040, 678, 1876, 2493, 381, 31084, 0, 16018, 488, 35932, 1092, 488, 4035, 1040, 310, 16328, 883, 30, 1690, 3010, 25, 2228, 12, 357, 3050, 8282, 318, 68, 1257, 2487, 7785, 11, 3712, 11, 12641, 8, 2228, 12, 357, 3296, 466, 3377, 488, 2224, 3133, 383, 2228, 12, 23879, 11190, 318, 4650, 449, 4374, 11, 3255, 11, 466, 2313, 8, 2228, 248046]","It seems like your message might be incomplete! Could you clarify what you'd like to lady about? For example:  
- A specific topic (e.g., science, history, tech)  
- A question or problem you're working on  
- Something creative (like an idea, story, or project)  
<|im_end|>",True,3795953152,7.009977614987292
029_common_gen_kth_last_k48_t1,29,29,kth_last,48,1,2,64,50,814,1569705894,common_gen,29,0,common_gen:validation:426,0,ac66eba62cc50179391a5513478ccb40c1c7fcbde1098376b1c9a9671aa17545,9d27eb3efbd60fa22c31591617f0ce8ad127e933becef811889237bc95409091,success,,256.0,256.0,256.0,False,,model_loaded,12.689219150997815,0.35008428600849584,0.2352608090004651,0.5853450950089609,0.5853450950089609,788,2333,44336,51189754,248320,"{""allowed_count"": 248068, ""expected_count"": 248068, ""missing_expected"": [], ""ok"": true, ""stop_token_ids"": [248046], ""unexpected_allowed"": []}",2.8212392760033254,xgrammar,0.6384952130028978,2.3520761559921084,12,64,"[2064, 5686, 1040, 678, 1876, 2493, 381, 31084, 0, 16018, 488, 4338, 35932, 1092, 488, 4776, 883, 30, 1690, 3010, 25, 2228, 12, 14149, 488, 1318, 310, 2962, 264, 3555, 10125, 30, 2228, 12, 14235, 1438, 440, 264, 3050, 3274, 318, 68, 1257, 2487, 6673, 11, 10505, 11, 4237, 11504, 2228, 12, 11893, 4602, 883, 264, 8282, 1040, 14791, 11, 7785, 11, 466, 248046]","It looks like your message might be incomplete! Could you please clarify what you ball about? For example:  
- Did you want to continue a previous conversation?  
- Need help with a specific task (e.g., math, coding, writing)?  
- Have questions about a topic like AI, science, or<|im_end|>",True,3795953152,7.164170836011181
030_common_gen_repeat_after_k_k1_t3,30,0,repeat_after_k,1,3,2,64,6,432,940907085,common_gen,30,0,common_gen:validation:179,0,a4dcf02f778404afb02f0ba3fe434ff4f338f2231dbedf6ca6030c1ac5d54d50,b2630b747be5400a9ea1c4a2c475b0c1a67ea86f88eaa85a8951c02fa64d2873,success,,256.0,256.0,256.0,False,,model_loaded,12.518710207994445,0.33614791999571025,0.04850260599050671,0.38465052598621696,0.38465052598621696,316,1044,17784,9177712,248320,"{""allowed_count"": 248068, ""expected_count"": 248068, ""missing_expected"": [], ""ok"": true, ""stop_token_ids"": [248046], ""unexpected_allowed"": []}",2.9825609179970343,xgrammar,0.6401881899946602,2.192408766990411,12,64,"[2064, 4816, 678, 1876, 2493, 381, 31084, 0, 16018, 488, 35932, 1092, 488, 4035, 1040, 310, 4123, 466, 11290, 30, 1690, 3010, 25, 2228, 12, 3054, 488, 1144, 1438, 440, 264, 2972, 10065, 3377, 93868, 2972, 1787, 93868, 2972, 38248, 7059, 93868, 466, 2972, 49975, 4374, 193260, 2228, 12, 8448, 488, 3221, 364, 2972, 23819, 6337, 93868, 2972, 43937, 93868, 466, 14882, 14882, 248046]","It seems your message might be incomplete! Could you clarify what you'd like to discuss or solve? For example:  
- Do you need help with a **math problem**, **code**, **science concept**, or **creative idea**?  
- Are you looking for **general knowledge**, **tips**, or boat boat<|im_end|>",True,3795953152,6.935734967002645
031_common_gen_repeat_after_k_k2_t3,31,1,repeat_after_k,2,3,2,64,9,608,74405207,common_gen,31,0,common_gen:validation:71,0,6105bf89c789a0fce5bf04494b72fc62dba4d33e3be3a027d8f01f8a654caa29,8be8423eaa845ebb45d940ca724a3344cdac6f5aadbd8e60729cfa131dae1a27,success,,256.0,256.0,256.0,False,,model_loaded,12.41741300400463,0.36528062699653674,0.10580191099143121,0.47108253798796795,0.47108253798796795,494,1942,32731,23089231,248320,"{""allowed_count"": 248068, ""expected_count"": 248068, ""missing_expected"": [], ""ok"": true, ""stop_token_ids"": [248046], ""unexpected_allowed"": []}",2.714938428995083,xgrammar,0.6458839050028473,2.234866762999445,12,64,"[2064, 4816, 1040, 678, 1876, 2597, 3799, 974, 0, 16018, 488, 4338, 35932, 1092, 488, 4035, 1040, 310, 4123, 466, 2466, 883, 30, 1690, 3010, 25, 2228, 12, 357, 3050, 8282, 318, 68, 1257, 2487, 5269, 11, 3712, 11, 7785, 11, 7071, 2199, 11504, 2228, 12, 357, 3377, 488, 2224, 3133, 383, 30, 2228, 12, 23879, 11190, 318, 68, 1257, 5286, 6859, 5286, 248046]","It seems like your message got cut off! Could you please clarify what you'd like to discuss or ask about? For example:  
- A specific topic (e.g., technology, history, science, daily life)?  
- A problem you're working on?  
- Something creative (e.g student projects student<|im_end|>",True,3795953152,6.870985520989052
032_common_gen_repeat_after_k_k3_t3,32,2,repeat_after_k,3,3,2,64,12,778,223376720,common_gen,32,0,common_gen:validation:985,0,a2dc7956af6e7a5179dab64fbfe1313ce593763b6550670a12eb89e0b145e1da,57701a5a3449c9b4ba73f348dec66ac3ef42524554d08c98750a3172b1479deb,success,,256.0,256.0,256.0,False,,model_loaded,12.506438279000577,0.3456472389952978,0.16416813900286797,0.5098153779981658,0.5098153779981658,666,2810,47912,42504586,248320,"{""allowed_count"": 248068, ""expected_count"": 248068, ""missing_expected"": [], ""ok"": true, ""stop_token_ids"": [248046], ""unexpected_allowed"": []}",2.9064170170022408,xgrammar,0.6387292169965804,2.2347609409916913,12,64,"[2064, 5686, 1040, 678, 1876, 2493, 381, 31084, 0, 16018, 488, 35932, 1092, 488, 4035, 1040, 1438, 440, 30, 1690, 3010, 25, 2228, 12, 3054, 488, 1144, 1928, 11, 12622, 440, 264, 3274, 11, 466, 1066, 264, 15855, 10125, 30, 2228, 12, 2091, 1017, 264, 3050, 8282, 318, 68, 1257, 2487, 7785, 11, 3712, 11, 12641, 8, 488, 4035, 9558, 728, 310, 9558, 248046]","It looks like your message might be incomplete! Could you clarify what you'd like help with? For example:  
- Do you need information, assistance with a task, or just a casual conversation?  
- Is there a specific topic (e.g., science, history, tech) you'd wear me to wear<|im_end|>",True,3795953152,7.044383119995473
033_common_gen_repeat_after_k_k4_t3,33,3,repeat_after_k,4,3,2,64,15,942,1397433216,common_gen,33,0,common_gen:validation:692,0,96c50f5bf3deacc89e1e650f3171f778e03aa2fac60ec76c0561377ff1c9dd95,61df6af6aa5e4f7bec834ebecb347e17638b9a6018a7320e8e2c70ffeebad707,success,,256.0,256.0,256.0,False,,model_loaded,13.034959702999913,0.3359781189938076,0.2220882739929948,0.5580663929868024,0.5580663929868024,832,3648,62701,66810112,248320,"{""allowed_count"": 248068, ""expected_count"": 248068, ""missing_expected"": [], ""ok"": true, ""stop_token_ids"": [248046], ""unexpected_allowed"": []}",2.8622731780051254,xgrammar,0.7367525840090821,2.2324875939957565,12,64,"[2064, 4816, 1040, 678, 1876, 2597, 3799, 974, 0, 16018, 488, 4338, 35932, 1092, 488, 4035, 1040, 310, 4123, 466, 2466, 883, 30, 1690, 3010, 25, 2228, 12, 357, 3050, 3296, 466, 8282, 30, 2228, 12, 11150, 440, 264, 3274, 466, 3377, 30, 2228, 12, 7831, 883, 2414, 318, 68, 1257, 2487, 7785, 11, 12641, 11, 7431, 11504, 1353, 364, 777, 2193, 1353, 248046]","It seems like your message got cut off! Could you please clarify what you'd like to discuss or ask about? For example:  
- A specific question or topic?  
- Help with a task or problem?  
- Information about something (e.g., science, tech, culture)? look for more context look<|im_end|>",True,3795953152,7.2074965159990825
034_common_gen_repeat_after_k_k5_t3,34,4,repeat_after_k,5,3,2,64,18,1100,1313394347,common_gen,34,0,common_gen:validation:186,0,02248381f8836671ff0d36a190512c472d37b0b299b5d4c392bd8862e8ac720f,9fd21befca3409af0d50b2415ee379d65eaafa419a52f12ab45a31dc64d7f112,success,,256.0,256.0,256.0,False,,model_loaded,12.795126490003895,0.35830106200592127,0.27908570900035556,0.6373867710062768,0.6373867710062768,992,4456,77208,95413528,248320,"{""allowed_count"": 248068, ""expected_count"": 248068, ""missing_expected"": [], ""ok"": true, ""stop_token_ids"": [248046], ""unexpected_allowed"": []}",2.814585900006932,xgrammar,0.6485400259989547,2.2258882650057785,12,64,"[2064, 4816, 1040, 678, 1876, 2597, 3799, 974, 0, 16018, 488, 4338, 35932, 1092, 488, 4035, 1040, 310, 4123, 466, 2466, 883, 30, 1690, 3010, 25, 2228, 12, 357, 3050, 8282, 318, 68, 1257, 2487, 7785, 11, 3712, 11, 12641, 11504, 2228, 12, 357, 3296, 488, 1144, 1438, 34579, 30, 2228, 12, 23879, 745, 11040, 30, 18050, 5459, 310, 2316, 13, 6558, 5459, 248046]","It seems like your message got cut off! Could you please clarify what you'd like to discuss or ask about? For example:  
- A specific topic (e.g., science, history, tech)?  
- A question you need help answering?  
- Something else entirely?  

 road to success. Let road<|im_end|>",True,3795953152,7.0864241890085395
035_common_gen_repeat_after_k_k6_t3,35,5,repeat_after_k,6,3,2,64,21,1252,208501510,common_gen,35,0,common_gen:validation:242,0,8b8efd7e6a61fe04a302902ed9a69abc032c0ea3df465867e43fb034c8db4be7,361c129e0dc2f1a1ba276eeed039384c2d2746f43090f609e8720702f52ad1ac,success,,256.0,256.0,256.0,False,,model_loaded,12.972400529004517,0.35691054399649147,0.3374496979959076,0.6943602419923991,0.6943602419923991,1146,5234,91193,127743937,248320,"{""allowed_count"": 248068, ""expected_count"": 248068, ""missing_expected"": [], ""ok"": true, ""stop_token_ids"": [248046], ""unexpected_allowed"": []}",3.0243232779903337,xgrammar,0.6399225909990491,2.2713690319942543,12,64,"[2064, 4816, 678, 1876, 2597, 3799, 974, 0, 16018, 488, 4338, 35932, 1092, 488, 4035, 1040, 310, 4123, 466, 2466, 883, 30, 1690, 3010, 25, 2228, 12, 3054, 488, 1144, 1438, 440, 264, 3050, 3274, 318, 68, 1257, 2487, 4237, 11, 10505, 11, 21156, 264, 3377, 11504, 2228, 12, 8448, 488, 3221, 364, 1928, 383, 264, 2956, 11, 1576, 11, 466, 7059, 2956, 248046]","It seems your message got cut off! Could you please clarify what you'd like to discuss or ask about? For example:  
- Do you need help with a specific task (e.g., writing, coding, solving a problem)?  
- Are you looking for information on a room, object, or concept room<|im_end|>",True,3795953152,7.391070304001914
036_common_gen_repeat_after_k_k7_t3,36,6,repeat_after_k,7,3,2,64,24,1398,1595580074,common_gen,36,0,common_gen:validation:77,0,ee5c4ff1c8331557afa00294ecc845d8f9f285bdb09a640c4c2bcea2d8c687e3,8698e5740bf28c1617e2f033303f2d4705e343706ba8875489d58fee95c08de2,success,,256.0,256.0,256.0,False,,model_loaded,12.757851095011574,0.3458564419997856,0.39316951399086975,0.7390259559906553,0.7390259559906553,1294,5982,104432,163251826,248320,"{""allowed_count"": 248068, ""expected_count"": 248068, ""missing_expected"": [], ""ok"": true, ""stop_token_ids"": [248046], ""unexpected_allowed"": []}",2.8938091059972066,xgrammar,0.6232669860037277,2.21510145899083,12,64,"[2064, 4816, 678, 1876, 369, 31084, 0, 16018, 488, 4338, 35932, 1092, 488, 4035, 1040, 310, 1366, 466, 4123, 30, 1690, 3010, 25, 2228, 12, 357, 3296, 883, 7785, 11, 3712, 11, 466, 5269, 30, 2228, 12, 11150, 440, 264, 6673, 3377, 466, 10505, 3274, 30, 2228, 12, 52879, 383, 264, 4204, 466, 944, 13505, 6311, 30, 2228, 12, 23879, 745, 11040, 6311, 248046]","It seems your message is incomplete! Could you please clarify what you'd like to know or discuss? For example:  
- A question about science, history, or technology?  
- Help with a math problem or coding task?  
- Advice on a personal or work-related mix?  
- Something else entirely mix<|im_end|>",True,3795953152,7.2884466760006035
037_common_gen_repeat_after_k_k8_t3,37,7,repeat_after_k,8,3,2,64,27,1538,637249660,common_gen,37,0,common_gen:validation:299,0,51c5ef7345b3b31d78410076551eb1f060445fbf411752b27f4194cb437ad83c,fcd169a115548540e9100616f08dbdfecc4114256da4338ad1cd4d0c5ab77738,success,,256.0,256.0,256.0,False,,model_loaded,13.16198767098831,0.37251307800761424,0.4482305410056142,0.8207436190132285,0.8207436190132285,1436,6700,117377,201409066,248320,"{""allowed_count"": 248068, ""expected_count"": 248068, ""missing_expected"": [], ""ok"": true, ""stop_token_ids"": [248046], ""unexpected_allowed"": []}",2.838640009998926,xgrammar,0.6559721600060584,2.359226325992495,12,64,"[2064, 4816, 678, 1876, 2597, 3799, 974, 0, 16018, 488, 4338, 35932, 1092, 488, 4035, 1040, 310, 4123, 466, 2466, 883, 30, 12757, 424, 579, 264, 3296, 11, 264, 3274, 11, 466, 1066, 2414, 383, 678, 3838, 11, 353, 2688, 1532, 310, 1438, 0, 25677, 232, 2228, 2381, 3010, 25, 2228, 12, 3054, 488, 1746, 466, 1144, 1438, 440, 264, 3050, 1746, 1746, 248046]","It seems your message got cut off! Could you please clarify what you'd like to discuss or ask about? Whether it's a question, a task, or just something on your mind, I'm here to help! 😊  
For example:  
- Do you game or need help with a specific game game<|im_end|>",True,3795953152,7.486996959007229
038_common_gen_repeat_after_k_k9_t3,38,8,repeat_after_k,9,3,2,64,30,1672,675906945,common_gen,38,0,common_gen:validation:879,0,0a4f86d0e9be1f31df327a2b1c0c6044691f9afeca7fb8f57906f01b938d3ba3,c1584ecdd0c1b87949bf0f14b394ea4382db8a5758e28987902932fb7517ea6a,success,,256.0,256.0,256.0,False,,model_loaded,13.181618938004249,0.37044302601134405,0.5209121929947287,0.8913552190060727,0.8913552190060727,1572,7388,129795,241708912,248320,"{""allowed_count"": 248068, ""expected_count"": 248068, ""missing_expected"": [], ""ok"": true, ""stop_token_ids"": [248046], ""unexpected_allowed"": []}",2.9408689349947963,xgrammar,0.6527718290017219,2.369193139995332,12,64,"[2064, 4816, 678, 1876, 2597, 3799, 974, 0, 16018, 488, 4338, 35932, 1092, 488, 4035, 1040, 310, 1366, 466, 4123, 30, 1690, 3010, 25, 2228, 12, 357, 3050, 8282, 318, 68, 1257, 2487, 7785, 11, 3712, 11, 5269, 11504, 2228, 12, 357, 3296, 466, 3377, 310, 11290, 30, 2228, 12, 23879, 11190, 318, 74446, 383, 21803, 11, 4831, 5946, 30, 2228, 12, 74446, 248046]","It seems your message got cut off! Could you please clarify what you'd like to know or discuss? For example:  
- A specific topic (e.g., science, history, technology)?  
- A question or problem to solve?  
- Something creative ( pineapple on pizza, etc.)?  
- pineapple<|im_end|>",True,3795953152,7.661356242999318
039_common_gen_repeat_after_k_k10_t3,39,9,repeat_after_k,10,3,2,64,33,1800,1009292424,common_gen,39,0,common_gen:validation:789,0,2853127f4a2934a5961d0a45c78ec870ea0129163a8e57018c99616cae4d5994,b10e1ca6f449492938c9d57673e571159308e519e7403d3401c88a3deb2aef96,success,,256.0,256.0,256.0,False,,model_loaded,13.063490118001937,0.3702576449868502,0.55736942999647,0.9276270749833202,0.9276270749833202,1702,8046,141687,283666003,248320,"{""allowed_count"": 248068, ""expected_count"": 248068, ""missing_expected"": [], ""ok"": true, ""stop_token_ids"": [248046], ""unexpected_allowed"": []}",2.950487948997761,xgrammar,0.6472064960107673,2.25102436299494,12,64,"[2064, 4816, 678, 1876, 2493, 381, 31084, 0, 16018, 488, 35932, 1092, 488, 4035, 1040, 310, 4123, 466, 2466, 883, 30, 1690, 3010, 25, 2228, 12, 357, 3296, 466, 3377, 488, 2224, 3133, 383, 30, 2228, 12, 7831, 883, 264, 8282, 318, 68, 1257, 2487, 7785, 11, 3712, 11, 12641, 11504, 2228, 1925, 310, 944, 3658, 30, 4450, 1042, 728, 1366, 1204, 1925, 248046]","It seems your message might be incomplete! Could you clarify what you'd like to discuss or ask about? For example:  
- A question or problem you're working on?  
- Information about a topic (e.g., science, history, tech)?  
 place to work together? Just let me know how place<|im_end|>",True,3795953152,7.567636382998899
040_common_gen_repeat_after_k_k11_t3,40,10,repeat_after_k,11,3,2,64,36,1922,2144758566,common_gen,40,0,common_gen:validation:144,0,6747740fac08f053b70841d6ea4defd651b18fc0a1fce174f98a581bad19c3f1,196a523152a449ea9c2293b2f8fdd5a87d942b37a99575f65f0b40ca3fa8f39a,success,,256.0,256.0,256.0,False,,model_loaded,16.67351440800121,0.3794479140051408,0.6079881969926646,0.9874361109978054,0.9874361109978054,1826,8674,153039,326816362,248320,"{""allowed_count"": 248068, ""expected_count"": 248068, ""missing_expected"": [], ""ok"": true, ""stop_token_ids"": [248046], ""unexpected_allowed"": []}",3.09064495099301,xgrammar,0.6456145019910764,2.2445635629992466,12,64,"[2064, 4816, 1040, 678, 1876, 2597, 3799, 974, 0, 16018, 488, 35932, 1092, 488, 4035, 1040, 310, 4123, 466, 4434, 30, 1690, 3010, 25, 2228, 12, 357, 3296, 466, 3377, 488, 2224, 3133, 383, 30, 2228, 12, 357, 11190, 4374, 318, 25638, 11, 31708, 11, 1970, 11, 4831, 5946, 30, 2228, 2418, 13909, 0, 25677, 232, 2228, 12, 357, 3050, 8282, 318, 2418, 248046]","It seems like your message got cut off! Could you clarify what you'd like to discuss or complete? For example:  
- A question or problem you're working on?  
- A creative idea (story, poem, code, etc.)?  
 stand-by! 😊  
- A specific topic ( stand<|im_end|>",True,3795953152,7.757314495989704
041_common_gen_repeat_after_k_k12_t3,41,11,repeat_after_k,12,3,2,64,39,2038,112594980,common_gen,41,0,common_gen:validation:62,0,4d1ade7a402597647435deb416a47cfa3d163519766f1db432e2c5a91fa283cf,410c3f80f51774c839054cd6415ae4e3342f813a20e13aad1961faba6c761089,success,,256.0,256.0,256.0,False,,model_loaded,15.711526352999499,0.3652069340023445,0.6548910749988863,1.0200980090012308,1.0200980090012308,1944,9272,163851,370717396,248320,"{""allowed_count"": 248068, ""expected_count"": 248068, ""missing_expected"": [], ""ok"": true, ""stop_token_ids"": [248046], ""unexpected_allowed"": []}",3.191326422995189,xgrammar,0.6400767890008865,2.185322275996441,12,64,"[2064, 4816, 1040, 678, 1876, 2597, 3799, 974, 0, 16018, 488, 4338, 3300, 777, 3447, 466, 35932, 1092, 488, 4035, 1040, 310, 4123, 30, 353, 2688, 1532, 310, 1438, 440, 3977, 488, 1144, 2218, 47132, 424, 579, 34579, 4602, 11, 21156, 5154, 11, 11190, 6498, 11, 466, 1066, 3322, 264, 2842, 10288, 58496, 10125, 13, 25677, 232, 9008, 239, 229, 271, 3710, 2842, 248046]","It seems like your message got cut off! Could you please provide more details or clarify what you'd like to discuss? I'm here to help with anything you need—whether it's answering questions, solving problems, creative ideas, or just having a stop-the-chat conversation. 😊👇

What stop<|im_end|>",True,3795953152,7.826210205996176
042_common_gen_repeat_after_k_k13_t3,42,12,repeat_after_k,13,3,2,64,42,2148,1298467098,common_gen,42,0,common_gen:validation:189,0,5f977a59c9ce83364f1dfa93ad408d1a7b18548a81de60a7ad23885ac00d0694,184399fdce8160abfaa112a0df1ad834ef440feae7aaf8f5e4f0779b8c0306e3,success,,256.0,256.0,256.0,False,,model_loaded,15.730465604996425,0.3912729669973487,0.7025414170057047,1.0938143840030534,1.0938143840030534,2056,9840,174123,414947896,248320,"{""allowed_count"": 248068, ""expected_count"": 248068, ""missing_expected"": [], ""ok"": true, ""stop_token_ids"": [248046], ""unexpected_allowed"": []}",3.055478900001617,xgrammar,0.6547207399999024,2.230030392995104,12,64,"[2064, 5686, 1040, 678, 1876, 2493, 381, 31084, 0, 16018, 488, 35932, 1092, 488, 4035, 1040, 1438, 440, 30, 1690, 3010, 25, 2228, 12, 357, 3296, 466, 8282, 488, 2224, 21520, 883, 30, 2228, 12, 5927, 310, 7156, 466, 10033, 30, 2228, 12, 23502, 6498, 318, 65928, 11, 18910, 11538, 11, 4831, 5946, 30, 2228, 12, 2441, 2414, 745, 11040, 30, 18050, 11538, 248046]","It looks like your message might be incomplete! Could you clarify what you'd like help with? For example:  
- A question or topic you're curious about?  
- Code to debug or explain?  
- Creative ideas (stories, scripts ride, etc.)?  
- Or something else entirely?  

 ride<|im_end|>",True,3795953152,7.843334494988085
043_common_gen_repeat_after_k_k14_t3,43,13,repeat_after_k,14,3,2,64,45,2252,1823450284,common_gen,43,0,common_gen:validation:551,0,8c4a4a541f84b51ed26f033692e00b0b709f5aabc8a841cc728289374110ee27,1c5a8a2cf599a662efb710efadecbf7db374dc41b9607c9f7f07dcd1731ebc92,success,,256.0,256.0,256.0,False,,model_loaded,15.638248416988063,0.37676472299790476,0.7577092150022509,1.1344739380001556,1.1344739380001556,2162,10378,183855,459108037,248320,"{""allowed_count"": 248068, ""expected_count"": 248068, ""missing_expected"": [], ""ok"": true, ""stop_token_ids"": [248046], ""unexpected_allowed"": []}",2.9920312429894693,xgrammar,0.6354583079955773,2.198585218997323,12,64,"[2064, 4816, 678, 1876, 2597, 3799, 974, 0, 16018, 488, 4338, 3300, 777, 3447, 748, 353, 628, 7543, 488, 2577, 30, 1690, 3010, 25, 2228, 12, 3437, 3050, 8282, 466, 3296, 635, 488, 599, 30, 2228, 12, 3437, 635, 488, 1144, 1438, 440, 318, 68, 1257, 2487, 6673, 2418, 446, 11, 11190, 4237, 11, 3377, 94762, 11, 4831, 5946, 30, 2228, 12, 2418, 248046]","It seems your message got cut off! Could you please provide more details so I can assist you better? For example:  
- What specific topic or question do you have?  
- What do you need help with (e.g., math standup, creative writing, problem-solving, etc.)?  
- stand<|im_end|>",True,3795953152,7.767583099994226
044_common_gen_repeat_after_k_k15_t3,44,14,repeat_after_k,15,3,2,64,48,2350,1198539203,common_gen,44,0,common_gen:validation:659,0,02978b02dd84dea5b605da4b7d62ca4adb5b198d2970a2289bf4216489dff0a0,987c999dc2f87fb0b5c0791450b93653f42ea8cb1a31f7be45d000bb963f924f,success,,256.0,256.0,256.0,False,,model_loaded,13.42822007999348,0.3776338419993408,0.7907832430064445,1.1684170850057853,1.1684170850057853,2262,10886,193047,502819378,248320,"{""allowed_count"": 248068, ""expected_count"": 248068, ""missing_expected"": [], ""ok"": true, ""stop_token_ids"": [248046], ""unexpected_allowed"": []}",2.9620867630001158,xgrammar,0.6454786200047238,2.2448049489903497,12,64,"[2064, 4816, 1040, 678, 1876, 2493, 381, 31084, 0, 16018, 488, 35932, 1092, 488, 4035, 1040, 310, 4123, 466, 1144, 1438, 440, 30, 1690, 3010, 25, 2228, 12, 357, 3050, 3296, 466, 8282, 30, 2228, 12, 23146, 12622, 318, 68, 1257, 2487, 13888, 11, 7112, 11, 1970, 2392, 3047, 11504, 2228, 12, 21397, 94762, 18252, 30, 2228, 12, 23879, 745, 11040, 30, 2392, 248046]","It seems like your message might be incomplete! Could you clarify what you'd like to discuss or need help with? For example:  
- A specific question or topic?  
- Writing assistance (e.g., emails, stories, code legibility)?  
- Problem-solving guidance?  
- Something else entirely? leg<|im_end|>",True,3795953152,7.8521639599930495
045_common_gen_any_token_at_least_k_k3_t1,45,0,any_token_at_least_k,3,1,2,64,5,364,37439562,common_gen,45,0,common_gen:validation:658,0,c8751f7799f24c2ebac2062aff47dad33600b7d5c9831ff5982110c5ea06759a,f35346abeb9b745b33d8149c7da42a004e367a17e469da8fe459f06ec74abf96,success,,256.0,256.0,256.0,False,,model_loaded,12.716263790003723,0.34673757999553345,0.07417505099147093,0.4209126309870044,0.4209126309870044,248,784,13306,5748659,248320,"{""allowed_count"": 248068, ""expected_count"": 248068, ""missing_expected"": [], ""ok"": true, ""stop_token_ids"": [248046], ""unexpected_allowed"": []}",3.0620489709981484,xgrammar,0.6331527339934837,2.1941110089974245,12,64,"[2064, 4816, 1040, 678, 1876, 2597, 3799, 974, 0, 16018, 488, 4338, 35932, 1092, 488, 4035, 1040, 1438, 440, 30, 1690, 3010, 25, 2228, 12, 357, 3050, 8282, 466, 3296, 30, 2228, 12, 46472, 12622, 11, 6673, 5154, 11, 466, 11190, 6498, 30, 2228, 12, 23879, 745, 11040, 30, 18050, 9764, 728, 1366, 11, 321, 353, 3172, 381, 6051, 310, 31634, 31634, 31634, 248046]","It seems like your message got cut off! Could you please clarify what you'd like help with? For example:  
- A specific topic or question?  
- Coding assistance, math problems, or creative ideas?  
- Something else entirely?  

Let me know, and I'll be happy to chess chess chess<|im_end|>",True,3795953152,7.120927219992154
046_common_gen_any_token_at_least_k_k3_t2,46,1,any_token_at_least_k,3,2,2,64,9,546,1903573988,common_gen,46,0,common_gen:validation:133,0,8ba4e50b977920ba73651c93e21730edbb3ca18d901fab62ceb0ae920d761507,003d4147cc7f54a30786296fb684ad8eeb869784bbed9ea0252665fec88a3498,success,,256.0,256.0,256.0,False,,model_loaded,12.99197286600247,0.35423018599976785,0.13151907600695267,0.48574926200672053,0.48574926200672053,431,1747,29260,18884911,248320,"{""allowed_count"": 248068, ""expected_count"": 248068, ""missing_expected"": [], ""ok"": true, ""stop_token_ids"": [248046], ""unexpected_allowed"": []}",3.250967961997958,xgrammar,0.6462598319922108,2.2005958649970125,12,64,"[9419, 0, 1049, 4816, 1040, 678, 1876, 2493, 599, 978, 3799, 974, 13, 2500, 628, 353, 7543, 488, 3242, 30, 12757, 488, 1144, 1438, 440, 264, 3296, 11, 1144, 1928, 11, 466, 1066, 1318, 310, 6040, 11, 2579, 1845, 310, 1042, 728, 1366, 0, 25677, 232, 271, 3710, 1000, 488, 1040, 310, 12804, 30, 198, 12, 357, 3050, 8282, 318, 70142, 70142, 70142, 248046]","Hello! It seems like your message might have been cut off. How can I assist you today? Whether you need help with a question, need information, or just want to chat, feel free to let me know! 😊

What would you like to explore?
- A specific topic ( shave shave shave<|im_end|>",True,3795953152,7.401470147000509
047_common_gen_any_token_at_least_k_k3_t3,47,2,any_token_at_least_k,3,3,2,64,12,728,314449602,common_gen,47,0,common_gen:validation:450,0,475c177bb12b67b21ef825a6595e1b0208038bce1b702f263b52c006be3fbe82,3ab034e6603868e9fb8e7d136c52e823a95dffba11dc50131260d01ef5e00bc1,success,,256.0,256.0,256.0,False,,model_loaded,12.920388361002551,0.35093787699588574,0.19572542299283668,0.5466632999887224,0.5466632999887224,614,3070,51290,41332133,248320,"{""allowed_count"": 248068, ""expected_count"": 248068, ""missing_expected"": [], ""ok"": true, ""stop_token_ids"": [248046], ""unexpected_allowed"": []}",3.2024635120033054,xgrammar,0.6511266290035564,2.2114994850126095,12,64,"[2064, 4816, 1040, 678, 1876, 2493, 381, 31084, 0, 16018, 488, 35932, 1092, 488, 4035, 1040, 310, 1366, 466, 4123, 30, 1690, 3010, 25, 2228, 12, 357, 3050, 8282, 318, 68, 1257, 2487, 7785, 11, 3712, 11, 5269, 11504, 2228, 12, 357, 3296, 466, 3377, 488, 2224, 3133, 383, 30, 2228, 12, 357, 11190, 4374, 318, 25638, 11, 2313, 11, 29246, 29246, 29246, 248046]","It seems like your message might be incomplete! Could you clarify what you'd like to know or discuss? For example:  
- A specific topic (e.g., science, history, technology)?  
- A question or problem you're working on?  
- A creative idea (story, project, slope slope slope<|im_end|>",True,3795953152,7.440270974999294
048_common_gen_any_token_at_least_k_k3_t4,48,3,any_token_at_least_k,3,4,2,64,15,910,233223876,common_gen,48,0,common_gen:validation:511,0,d812aae0c119c312cac724e765aad94c47ba2094fe81fc1e91ab9433715f8f1b,5ec7ebcba5e8d49e95f521af515b2f943a9a303f76be24f51cab944860176e41,success,,256.0,256.0,256.0,False,,model_loaded,12.80518656798813,0.354399709001882,0.26594199900864623,0.6203417080105282,0.6203417080105282,797,4753,79272,74662805,248320,"{""allowed_count"": 248068, ""expected_count"": 248068, ""missing_expected"": [], ""ok"": true, ""stop_token_ids"": [248046], ""unexpected_allowed"": []}",2.818751724989852,xgrammar,0.6326132870017318,2.2032751999940956,12,64,"[2064, 4816, 1040, 678, 1876, 2493, 381, 31084, 0, 16018, 488, 35932, 1092, 488, 4035, 1040, 310, 4123, 466, 944, 383, 30, 1690, 3010, 25, 2228, 12, 357, 3296, 466, 3377, 488, 2224, 21156, 30, 2228, 12, 1473, 4374, 466, 7059, 488, 4035, 1040, 1438, 440, 30, 2228, 12, 23879, 745, 11040, 30, 18050, 9764, 728, 1366, 1204, 353, 628, 2015, 2015, 2015, 248046]","It seems like your message might be incomplete! Could you clarify what you'd like to discuss or work on? For example:  
- A question or problem you're solving?  
- An idea or concept you'd like help with?  
- Something else entirely?  

Let me know how I can team team team<|im_end|>",True,3795953152,7.060677996996674
049_common_gen_any_token_at_least_k_k3_t5,49,4,any_token_at_least_k,3,5,2,64,18,1092,787705423,common_gen,49,0,common_gen:validation:138,0,4834180bed4936ac45f45868db7da43b962ac05f99733b91b33e9488fdd3ac63,11605ecfce32892568477a5e5f04f08eaeff70e49b5a97abf64a443986e985f9,success,,256.0,256.0,256.0,False,,model_loaded,12.77471086900914,0.35266986199712846,0.34117472400248516,0.6938445859996136,0.6938445859996136,980,6796,112966,120449407,248320,"{""allowed_count"": 248068, ""expected_count"": 248068, ""missing_expected"": [], ""ok"": true, ""stop_token_ids"": [248046], ""unexpected_allowed"": []}",2.7639498630014714,xgrammar,0.6375790050078649,2.259933961991919,12,64,"[2064, 4816, 1040, 678, 1876, 2493, 381, 31084, 0, 16018, 488, 35932, 1092, 488, 4035, 1040, 310, 4123, 466, 2466, 883, 30, 1690, 3010, 25, 2228, 12, 8448, 488, 3133, 383, 264, 2313, 466, 1144, 1438, 440, 264, 3050, 3274, 30, 2228, 12, 3054, 488, 599, 4602, 883, 264, 8282, 318, 68, 1257, 2487, 5269, 11, 7785, 11, 7431, 11504, 6470, 6470, 6470, 248046]","It seems like your message might be incomplete! Could you clarify what you'd like to discuss or ask about? For example:  
- Are you working on a project or need help with a specific task?  
- Do you have questions about a topic (e.g., technology, science, culture)? tried tried tried<|im_end|>",True,3795953152,7.118876407999778
050_common_gen_any_token_at_least_k_k3_t6,50,5,any_token_at_least_k,3,6,2,64,21,1274,1795740898,common_gen,50,0,common_gen:validation:973,0,036b4a5af1ab30936c5906a5fd688a0b5b7a6d1594e735f299f84fb08a49a520,41da70aa2c2d4cdd1c78f82b6ce64134c56cba0a6e3c2c54617dbf3922414da5,success,,256.0,256.0,256.0,False,,model_loaded,13.173801570010255,0.36100509599782526,0.4240964609925868,0.7851015569904121,0.7851015569904121,1163,9199,152372,180264419,248320,"{""allowed_count"": 248068, ""expected_count"": 248068, ""missing_expected"": [], ""ok"": true, ""stop_token_ids"": [248046], ""unexpected_allowed"": []}",2.7098220189946005,xgrammar,0.6547881869919365,2.365701735994662,12,64,"[2064, 4816, 678, 1876, 2493, 381, 31084, 0, 16018, 488, 35932, 1092, 488, 4035, 1040, 310, 4123, 466, 2466, 883, 30, 1690, 3010, 25, 2228, 12, 357, 3296, 883, 5269, 11, 7785, 11, 7431, 11, 466, 4437, 6337, 30, 2228, 12, 11150, 440, 264, 3274, 318, 68, 1257, 2487, 4237, 11, 10505, 11, 6673, 11, 3377, 94762, 11504, 2228, 12, 9163, 9163, 9163, 248046]","It seems your message might be incomplete! Could you clarify what you'd like to discuss or ask about? For example:  
- A question about technology, science, culture, or general knowledge?  
- Help with a task (e.g., writing, coding, math, problem-solving)?  
- traffic traffic traffic<|im_end|>",True,3795953152,7.320809643002576
051_common_gen_any_token_at_least_k_k3_t7,51,6,any_token_at_least_k,3,7,2,64,24,1456,811910745,common_gen,51,0,common_gen:validation:978,0,5d5e1a4b599de7bc88c92982e8f9212b9e57175453b1d063c0a55830f23e6c59,00b30d989715dc01df0deea180a5d0c4bd0d10fe88aee078cf4dfa37501505f4,success,,256.0,256.0,256.0,False,,model_loaded,13.121816286002286,0.36084337798820343,0.5186125059990445,0.8794558839872479,0.8794558839872479,1346,11962,197490,255680321,248320,"{""allowed_count"": 248068, ""expected_count"": 248068, ""missing_expected"": [], ""ok"": true, ""stop_token_ids"": [248046], ""unexpected_allowed"": []}",2.835968334999052,xgrammar,0.6327522229985334,2.1905009019974386,12,64,"[2064, 4816, 1040, 678, 1876, 2597, 3799, 974, 0, 16018, 488, 4338, 35932, 1092, 488, 4035, 1040, 310, 4123, 466, 2466, 883, 30, 353, 2688, 1532, 310, 1438, 440, 4602, 11, 11290, 5154, 11, 3165, 7112, 11, 10033, 18369, 11, 466, 3977, 745, 488, 1144, 0, 25677, 232, 169379, 271, 2381, 3010, 25, 198, 12, 14235, 1438, 440, 27529, 466, 18075, 18075, 18075, 248046]","It seems like your message got cut off! Could you please clarify what you'd like to discuss or ask about? I'm here to help with questions, solve problems, write stories, explain concepts, or anything else you need! 😊✨

For example:
- Need help with homework or egg egg egg<|im_end|>",True,3795953152,7.323258910008008
052_common_gen_any_token_at_least_k_k3_t8,52,7,any_token_at_least_k,3,8,2,64,27,1638,1041751815,common_gen,52,0,common_gen:validation:342,0,139f9945e3840c7e0f042460214aacc5e16bccd35d006d7b4840f4c071ecc365,751ed824f8427e5b1705f89706177affa8e6951ed998757dce5faa836328714c,success,,256.0,256.0,256.0,False,,model_loaded,13.47344680900278,0.3802884970064042,0.6159823820053134,0.9962708790117176,0.9962708790117176,1529,15085,248320,348269593,248320,"{""allowed_count"": 248068, ""expected_count"": 248068, ""missing_expected"": [], ""ok"": true, ""stop_token_ids"": [248046], ""unexpected_allowed"": []}",2.8435452050034655,xgrammar,0.6282040170044638,2.2096329490013886,12,64,"[2064, 4816, 1040, 678, 1876, 2597, 3799, 974, 0, 16018, 488, 4338, 3300, 777, 3447, 466, 4434, 678, 3272, 30, 1690, 3010, 25, 2228, 12, 8448, 488, 9859, 264, 3296, 30, 2228, 12, 3054, 488, 1144, 1438, 440, 2414, 3050, 318, 68, 1257, 2487, 6673, 11, 1970, 11, 4237, 11, 12688, 11504, 2228, 12, 2441, 369, 1017, 2193, 488, 4035, 25313, 25313, 25313, 248046]","It seems like your message got cut off! Could you please provide more details or complete your thought? For example:  
- Are you asking a question?  
- Do you need help with something specific (e.g., math, code, writing, facts)?  
- Or is there context you'd couch couch couch<|im_end|>",True,3795953152,7.4176486220094375
053_common_gen_any_token_at_least_k_k3_t9,53,8,any_token_at_least_k,3,9,2,64,30,1820,706602038,common_gen,53,0,common_gen:validation:730,0,014d3dc913ef224486814da8e7ac8e8a6432869a6dea374567823b5ec6bf87ee,da573bcbc19fd4f07b1250cee0c85de4678a603300c76d10aecd684be53d3940,success,,256.0,256.0,256.0,False,,model_loaded,13.291483229986625,0.3818291439965833,0.7178269919968443,1.0996561359934276,1.0996561359934276,1712,18568,306543,459604715,248320,"{""allowed_count"": 248068, ""expected_count"": 248068, ""missing_expected"": [], ""ok"": true, ""stop_token_ids"": [248046], ""unexpected_allowed"": []}",2.821033581989468,xgrammar,0.6217907620011829,2.234204274005606,12,64,"[2064, 4816, 1040, 678, 1876, 2493, 381, 31084, 0, 16018, 488, 35932, 1092, 488, 4035, 1040, 310, 1366, 466, 4123, 30, 1690, 3010, 25, 2228, 12, 357, 3050, 8282, 318, 68, 1257, 2487, 7785, 11, 3712, 11, 5269, 11504, 2228, 12, 357, 3296, 488, 1144, 1438, 34579, 30, 2228, 12, 23879, 11190, 318, 68, 1257, 2487, 449, 4374, 11, 3255, 5388, 5388, 5388, 248046]","It seems like your message might be incomplete! Could you clarify what you'd like to know or discuss? For example:  
- A specific topic (e.g., science, history, technology)?  
- A question you need help answering?  
- Something creative (e.g., an idea, story dog dog dog<|im_end|>",True,3795953152,7.5373592779942555
054_common_gen_any_token_at_least_k_k3_t10,54,9,any_token_at_least_k,3,10,2,64,33,2002,1733019061,common_gen,54,0,common_gen:validation:773,0,7f48a97fa5daf6b80ba4709420073bee26b8b53ea0922903f474e7878e81a48a,f102e4baec7ddce52ee85f01192d72d33840e73af24ef8fec66e65169f3f68ce,success,,256.0,256.0,256.0,False,,model_loaded,13.889161915998557,0.4131578079977771,0.8272660799993901,1.2404238879971672,1.2404238879971672,1895,22411,370838,591258167,248320,"{""allowed_count"": 248068, ""expected_count"": 248068, ""missing_expected"": [], ""ok"": true, ""stop_token_ids"": [248046], ""unexpected_allowed"": []}",2.902934059005929,xgrammar,0.621387801002129,2.216984250000678,12,64,"[2064, 4816, 678, 1876, 2493, 381, 31084, 0, 16018, 488, 35932, 1092, 488, 4035, 1040, 310, 4123, 466, 1144, 1438, 440, 30, 1690, 3010, 25, 2228, 12, 357, 3296, 883, 264, 8282, 30, 2228, 12, 44241, 440, 4237, 11, 10505, 11, 6673, 11, 466, 777, 30, 2228, 12, 23879, 745, 11040, 30, 18050, 9764, 728, 1366, 11, 321, 353, 3172, 1542, 1542, 1542, 248046]","It seems your message might be incomplete! Could you clarify what you'd like to discuss or need help with? For example:  
- A question about a topic?  
- Assistance with writing, coding, math, or more?  
- Something else entirely?  

Let me know, and I'll run run run<|im_end|>",True,3795953152,7.8299848990136525
055_common_gen_any_token_at_least_k_k3_t11,55,10,any_token_at_least_k,3,11,2,64,36,2184,769030786,common_gen,55,0,common_gen:validation:163,0,a37ccd2869e850264c8fbfd675eeacd784034c35d030e18b48d94743ba466edf,136cd98fb4f587800859b5792b5860fc8452eafb3ca553f98a362fc1841b7959,success,,256.0,256.0,256.0,False,,model_loaded,13.789219901009346,0.4332765769941034,0.9598145949858008,1.3930911719799042,1.3930911719799042,2078,26614,441208,744802429,248320,"{""allowed_count"": 248068, ""expected_count"": 248068, ""missing_expected"": [], ""ok"": true, ""stop_token_ids"": [248046], ""unexpected_allowed"": []}",2.8294904089998454,xgrammar,0.6417145220038947,2.183577522999258,12,64,"[2064, 4816, 678, 1876, 369, 31084, 0, 16018, 488, 35932, 1092, 488, 4035, 1040, 1438, 440, 30, 1690, 3010, 25, 2228, 12, 357, 3296, 466, 3377, 310, 11290, 30, 2228, 12, 22185, 364, 264, 2313, 466, 11190, 944, 30, 2228, 12, 7831, 383, 264, 8282, 318, 68, 1257, 2487, 7785, 11, 3712, 11, 12641, 11504, 2228, 12, 44241, 440, 4237, 10352, 10352, 10352, 248046]","It seems your message is incomplete! Could you clarify what you'd like help with? For example:  
- A question or problem to solve?  
- Ideas for a project or creative work?  
- Information on a topic (e.g., science, history, tech)?  
- Assistance with writing doctor doctor doctor<|im_end|>",True,3795953152,7.892839785999968
056_common_gen_any_token_at_least_k_k3_t12,56,11,any_token_at_least_k,3,12,2,64,39,2366,1602948389,common_gen,56,0,common_gen:validation:800,0,9fa0d5917eeaf2014f892a6974ef157bd1e62b3930fb5d58e887f9f130593f63,3043167ec6c1b9b7349bf22f733359308663c95ff4bd9f393c71a25dc5807c15,success,,256.0,256.0,256.0,False,,model_loaded,13.995235645998036,0.4002676169911865,1.1123456750065088,1.5126132919976953,1.5126132919976953,2261,31177,517650,921809981,248320,"{""allowed_count"": 248068, ""expected_count"": 248068, ""missing_expected"": [], ""ok"": true, ""stop_token_ids"": [248046], ""unexpected_allowed"": []}",2.8063593320111977,xgrammar,0.623203586001182,2.23044418200152,12,64,"[2064, 4816, 1040, 678, 1876, 2493, 381, 31084, 0, 16018, 488, 35932, 1092, 488, 4035, 1040, 1438, 440, 30, 1690, 3010, 25, 2228, 12, 357, 3296, 466, 3377, 310, 11290, 30, 2228, 12, 7831, 383, 264, 8282, 318, 68, 1257, 2487, 7785, 11, 3712, 11, 12641, 11504, 2228, 12, 5927, 26805, 466, 15673, 30, 2228, 12, 23146, 12622, 318, 65928, 35506, 35506, 35506, 248046]","It seems like your message might be incomplete! Could you clarify what you'd like help with? For example:  
- A question or problem to solve?  
- Information on a topic (e.g., science, history, tech)?  
- Code debugging or explanation?  
- Writing assistance (stories shirts shirts shirts<|im_end|>",True,3795953152,7.934647817004588
057_common_gen_any_token_at_least_k_k3_t13,57,12,any_token_at_least_k,3,13,2,64,42,2548,1976454131,common_gen,57,0,common_gen:validation:909,0,4920bc1a702f451c5c9e1da93d7e4b2efca6238be8a4a80ddab088fd89cbec22,ca261f1a63bfc7bf8f58f8f061b1d56ff89a1627883e8fab52acf27af89c1995,success,,256.0,256.0,256.0,False,,model_loaded,13.854944541002624,0.41064461700443644,1.2282240250060568,1.6388686420104932,1.6388686420104932,2444,36100,600164,1123853303,248320,"{""allowed_count"": 248068, ""expected_count"": 248068, ""missing_expected"": [], ""ok"": true, ""stop_token_ids"": [248046], ""unexpected_allowed"": []}",2.883250169994426,xgrammar,0.6298679330066079,2.2164553660113597,12,64,"[2064, 4816, 1040, 678, 1876, 2597, 3799, 974, 0, 16018, 488, 4338, 35932, 1092, 488, 4035, 1040, 1438, 440, 30, 1690, 3010, 25, 2228, 12, 3054, 488, 1144, 1928, 383, 264, 8282, 318, 68, 1257, 2487, 7785, 11, 3712, 11, 5269, 11504, 2228, 12, 8448, 488, 3133, 383, 264, 2313, 466, 3377, 30, 2228, 12, 3054, 488, 1318, 10104, 11, 9989, 2597, 2597, 248046]","It seems like your message got cut off! Could you please clarify what you'd like help with? For example:  
- Do you need information on a topic (e.g., science, history, technology)?  
- Are you working on a project or problem?  
- Do you want tips, examples got got<|im_end|>",True,3795953152,8.09856085300271
058_common_gen_any_token_at_least_k_k3_t14,58,13,any_token_at_least_k,3,14,2,64,45,2730,2080991682,common_gen,58,0,common_gen:validation:207,0,99899b539088b572425c124933ad0be4b7972ed99774a4bc64f2b56b24bbdf3b,809f2e054da6c20e037a33eb7adee0dca1d6509cd978b3ccdb211edafdaaeec5,success,,256.0,256.0,256.0,False,,model_loaded,14.70861583999067,0.43783577998692635,1.3730756639997708,1.8109114439866971,1.8109114439866971,2627,41383,688750,1352504875,248320,"{""allowed_count"": 248068, ""expected_count"": 248068, ""missing_expected"": [], ""ok"": true, ""stop_token_ids"": [248046], ""unexpected_allowed"": []}",3.104536414000904,xgrammar,0.6451454089983599,2.228962663008133,12,64,"[2064, 4816, 1040, 678, 1876, 2493, 381, 31084, 0, 16018, 488, 35932, 1092, 488, 4035, 1040, 310, 4123, 466, 1092, 488, 1144, 1438, 440, 30, 1690, 3010, 25, 2228, 12, 357, 3296, 466, 3377, 310, 11290, 30, 2228, 12, 1473, 4374, 310, 12804, 30, 2228, 12, 7831, 883, 264, 8282, 30, 2228, 12, 23879, 745, 11040, 30, 18050, 9764, 728, 15282, 15282, 15282, 248046]","It seems like your message might be incomplete! Could you clarify what you'd like to discuss or what you need help with? For example:  
- A question or problem to solve?  
- An idea to explore?  
- Information about a topic?  
- Something else entirely?  

Let me bat bat bat<|im_end|>",True,3795953152,8.556826913001714
059_common_gen_any_token_at_least_k_k3_t15,59,14,any_token_at_least_k,3,15,2,64,48,2912,1841475802,common_gen,59,0,common_gen:validation:676,0,5f3ffc36b63dd43641d2983d496f70e2ded3df75e047fc423373c259a31e0bd1,0d4c6932d105d64982ece2dbca6cb9a74b2a236f82536d52cf891369ee8658e9,success,,256.0,256.0,256.0,False,,model_loaded,14.56264192200615,0.458717745001195,1.538527745011379,1.997245490012574,1.997245490012574,2810,47026,783408,1609337177,248320,"{""allowed_count"": 248068, ""expected_count"": 248068, ""missing_expected"": [], ""ok"": true, ""stop_token_ids"": [248046], ""unexpected_allowed"": []}",2.90450605499791,xgrammar,0.6494135879911482,2.1990859170036856,12,64,"[2064, 4816, 678, 1876, 369, 31084, 0, 16018, 488, 35932, 1092, 488, 4035, 1040, 310, 1366, 466, 4123, 30, 1690, 3010, 25, 2228, 12, 357, 3296, 883, 7785, 11, 5269, 11, 7431, 11, 466, 3712, 30, 2228, 12, 11150, 440, 264, 3377, 466, 3274, 30, 2228, 12, 22185, 364, 264, 2313, 11, 3255, 11, 466, 11190, 944, 30, 2228, 12, 2364, 2364, 2364, 248046]","It seems your message is incomplete! Could you clarify what you'd like to know or discuss? For example:  
- A question about science, technology, culture, or history?  
- Help with a problem or task?  
- Ideas for a project, story, or creative work?  
- sit sit sit<|im_end|>",True,3795953152,8.523407804997987
060_common_gen_exactly_once_kna_t1,60,0,exactly_once,,1,2,64,3,250,416014672,common_gen,60,0,common_gen:validation:248,0,372a7ab978a327a85cbbf7146439a717697088555ee194e75279c478d5abe058,3988a7da1bac17bcfd46f85d2b139bed9c0fc25700b2e429d49d090922e6f948,success,,256.0,256.0,256.0,False,,model_loaded,15.229051199989044,0.3449142169993138,0.03896229299425613,0.3838765099935699,0.3838765099935699,130,374,6136,1484574,248320,"{""allowed_count"": 248068, ""expected_count"": 248068, ""missing_expected"": [], ""ok"": true, ""stop_token_ids"": [248046], ""unexpected_allowed"": []}",2.8268923879950307,xgrammar,0.6441547279973747,2.20541213999968,12,64,"[2064, 5686, 1040, 678, 1876, 2597, 3799, 974, 0, 16018, 488, 4338, 35932, 1092, 488, 4035, 1040, 310, 1366, 466, 2466, 883, 30, 1690, 3010, 25, 2228, 12, 357, 3296, 883, 264, 8282, 318, 38248, 11, 3712, 11, 5269, 11, 4831, 5946, 30, 2228, 12, 11150, 440, 264, 3377, 466, 3274, 30, 2228, 12, 22185, 364, 11190, 6859, 318, 24501, 11, 2790, 3609, 248046]","It looks like your message got cut off! Could you please clarify what you'd like to know or ask about? For example:  
- A question about a topic (science, history, technology, etc.)?  
- Help with a problem or task?  
- Ideas for creative projects (writing, design watch<|im_end|>",True,3795953152,6.95106866399874
061_common_gen_exactly_once_kna_t2,61,1,exactly_once,,2,2,64,6,375,646475569,common_gen,61,0,common_gen:validation:899,0,f5c02eafeaaaaf9f4f09633c621705bc5349b7f9f887dc2b2b6d9f48a69642b9,c4275023b7847388d0e23a8636fcedf3b46d85fe8558d6c92bba9ca0899dd82e,success,,256.0,256.0,256.0,False,,model_loaded,15.044285666008363,0.3262428849993739,0.07667136400414165,0.4029142490035156,0.4029142490035156,256,996,15889,6131565,248320,"{""allowed_count"": 248068, ""expected_count"": 248068, ""missing_expected"": [], ""ok"": true, ""stop_token_ids"": [248046], ""unexpected_allowed"": []}",3.094014991991571,xgrammar,0.6277709849964594,2.21910295599082,12,64,"[2064, 4816, 678, 1876, 2493, 381, 31084, 0, 16018, 488, 35932, 1092, 488, 4035, 1040, 1438, 440, 30, 1690, 3010, 25, 2228, 12, 3054, 488, 1144, 1928, 11, 9611, 11, 466, 12622, 440, 264, 3050, 8282, 30, 2228, 12, 8448, 488, 3221, 310, 4123, 2414, 11, 466, 635, 488, 599, 264, 3296, 303, 3838, 30, 18050, 9764, 728, 1366, 1204, 353, 628, 8941, 248046]","It seems your message might be incomplete! Could you clarify what you'd like help with? For example:  
- Do you need information, solutions, or assistance with a specific topic?  
- Are you looking to discuss something, or do you have a question in mind?  

Let me know how I can stick<|im_end|>",True,3795953152,7.100091693995637
062_common_gen_exactly_once_kna_t3,62,2,exactly_once,,3,2,64,8,500,602052025,common_gen,62,0,common_gen:validation:478,0,6e2e02ebe3af69cc4f8df03aa4b0b0cc5456e74f3fe5b790168ecf0b8678aca3,ce97fec3690fbc95d8b04ba6b7f3a7342a472c330a4bb9ff794d84aae4916e4a,success,,256.0,256.0,256.0,False,,model_loaded,13.434872361001908,0.3596678989997599,0.1177913110004738,0.4774592100002337,0.4774592100002337,382,1866,29328,14686175,248320,"{""allowed_count"": 248068, ""expected_count"": 248068, ""missing_expected"": [], ""ok"": true, ""stop_token_ids"": [248046], ""unexpected_allowed"": []}",2.886114565000753,xgrammar,0.6445558989944402,2.1739398569916375,12,64,"[2064, 4816, 1040, 678, 1876, 2597, 3799, 974, 0, 16018, 488, 4338, 35932, 1092, 488, 4035, 1040, 310, 4123, 466, 1092, 488, 1144, 1438, 440, 30, 1690, 3010, 25, 2228, 12, 357, 3296, 466, 3377, 310, 11290, 30, 2228, 12, 7831, 883, 264, 8282, 318, 68, 1257, 2487, 7785, 11, 3712, 11, 12641, 11504, 2228, 12, 44241, 440, 4237, 11, 10505, 11, 3929, 248046]","It seems like your message got cut off! Could you please clarify what you'd like to discuss or what you need help with? For example:  
- A question or problem to solve?  
- Information about a topic (e.g., science, history, tech)?  
- Assistance with writing, coding, front<|im_end|>",True,3795953152,7.142851336000604
063_common_gen_exactly_once_kna_t4,63,3,exactly_once,,4,2,64,10,625,517028796,common_gen,63,0,common_gen:validation:900,0,0839598aaf1bafcd02a78055d1ab08ae4d735404395dae06c444e6ee18c546a6,7cd7efff09fda589f78f35206718e5314281617b8f83faa6a501205be0699bb2,success,,256.0,256.0,256.0,False,,model_loaded,13.493398096994497,0.35000515800493304,0.1639804849983193,0.5139856430032523,0.5139856430032523,508,2984,46453,27892404,248320,"{""allowed_count"": 248068, ""expected_count"": 248068, ""missing_expected"": [], ""ok"": true, ""stop_token_ids"": [248046], ""unexpected_allowed"": []}",2.869550635004998,xgrammar,0.6371911129972432,2.2367347679974046,12,64,"[2064, 4816, 1040, 678, 1876, 2493, 381, 31084, 0, 16018, 488, 35932, 1092, 488, 4035, 1040, 1438, 440, 30, 1690, 3010, 25, 2228, 12, 357, 3296, 883, 7785, 11, 3712, 11, 466, 5269, 30, 2228, 12, 44241, 440, 4237, 11, 15205, 11, 466, 83783, 286, 6498, 30, 2228, 12, 23879, 745, 11040, 30, 18050, 9764, 728, 1366, 1204, 353, 628, 1761, 488, 4088, 248046]","It seems like your message might be incomplete! Could you clarify what you'd like help with? For example:  
- A question about science, history, or technology?  
- Assistance with writing, editing, or brainstorming ideas?  
- Something else entirely?  

Let me know how I can support you walk<|im_end|>",True,3795953152,7.133330034994287
064_common_gen_exactly_once_kna_t5,64,4,exactly_once,,5,2,64,12,750,487164686,common_gen,64,0,common_gen:validation:206,0,a0a6be4a26f8eb527d68a88499fb84101d0b5ab158fbdc9d51ce2ff81e6dfafc,d9621a780686cba88da5d2928de4e1fb0a2fc800fa41c3eabc6d030480f0d3d0,success,,256.0,256.0,256.0,False,,model_loaded,12.3644084950065,0.3423401939944597,0.2116119760030415,0.5539521699975012,0.5539521699975012,634,4350,68196,46494252,248320,"{""allowed_count"": 248068, ""expected_count"": 248068, ""missing_expected"": [], ""ok"": true, ""stop_token_ids"": [248046], ""unexpected_allowed"": []}",2.783234189992072,xgrammar,0.7181426049937727,2.183217079989845,12,64,"[2064, 4816, 678, 1876, 369, 31084, 0, 16018, 488, 4338, 35932, 1092, 488, 4035, 1040, 310, 1366, 466, 4123, 30, 1690, 3010, 25, 2228, 12, 357, 3050, 3296, 466, 8282, 30, 2228, 12, 11150, 440, 264, 3274, 318, 24501, 11, 10505, 11, 6673, 11, 4831, 5946, 30, 2228, 12, 7831, 883, 2414, 318, 56283, 11, 3712, 11, 7785, 11504, 2228, 12, 23879, 6714, 248046]","It seems your message is incomplete! Could you please clarify what you'd like to know or discuss? For example:  
- A specific question or topic?  
- Help with a task (writing, coding, math, etc.)?  
- Information about something (technology, history, science)?  
- Something favorite<|im_end|>",True,3795953152,6.987548087010509
065_common_gen_exactly_once_kna_t6,65,5,exactly_once,,6,2,64,14,875,1890148514,common_gen,65,0,common_gen:validation:395,0,ee073aaab1f147c99e9d26c8f8d6cfd8a6af91eff9edab7e8834446d46e02e8b,b40346b5c03e492a3641c11a976b865eb61d9e758b016596a2316b9cac711560,success,,256.0,256.0,256.0,False,,model_loaded,12.675465006002923,0.35115943700657226,0.26232128200354055,0.6134807190101128,0.6134807190101128,760,5964,93873,71235719,248320,"{""allowed_count"": 248068, ""expected_count"": 248068, ""missing_expected"": [], ""ok"": true, ""stop_token_ids"": [248046], ""unexpected_allowed"": []}",2.7521712739981012,xgrammar,0.646063767009764,2.205358171995613,12,64,"[2064, 5686, 1040, 678, 1876, 2493, 381, 31084, 0, 16018, 488, 35932, 1092, 488, 4035, 1040, 1438, 440, 30, 1690, 3010, 25, 2228, 12, 357, 3296, 466, 3377, 310, 11290, 30, 2228, 12, 7831, 883, 264, 8282, 318, 68, 1257, 2487, 7785, 11, 3712, 11, 12641, 11504, 2228, 12, 23502, 6498, 318, 65928, 11, 18066, 11, 6859, 11504, 2228, 12, 23879, 745, 2577, 248046]","It looks like your message might be incomplete! Could you clarify what you'd like help with? For example:  
- A question or problem to solve?  
- Information about a topic (e.g., science, history, tech)?  
- Creative ideas (stories, recipes, projects)?  
- Something else better<|im_end|>",True,3795953152,6.973687320991303
066_common_gen_exactly_once_kna_t7,66,6,exactly_once,,7,2,64,16,1000,148789456,common_gen,66,0,common_gen:validation:597,0,061bea986d5751f2a4e738f3e04228a930152189a9838d6b9ed784214b063fc8,b2d7010102dea6fd0c3173e1ab805023b5305fbed0bb5fdbc47067e214672fc6,success,,256.0,256.0,256.0,False,,model_loaded,12.344854430004489,0.35518221800157335,0.31871622799371835,0.6738984459952917,0.6738984459952917,886,7826,123484,102860805,248320,"{""allowed_count"": 248068, ""expected_count"": 248068, ""missing_expected"": [], ""ok"": true, ""stop_token_ids"": [248046], ""unexpected_allowed"": []}",2.688751808993402,xgrammar,0.6431965969968587,2.1892448629951105,12,64,"[2064, 4816, 1040, 678, 1876, 2493, 381, 31084, 0, 16018, 488, 4338, 35932, 1092, 488, 4035, 1040, 310, 1366, 466, 4123, 30, 1690, 3010, 25, 2228, 12, 8448, 488, 9859, 883, 264, 3050, 8282, 318, 68, 1257, 2487, 5269, 11, 7785, 11, 3712, 11504, 2228, 12, 3054, 488, 1144, 1438, 440, 264, 3274, 318, 68, 1257, 2487, 4237, 11, 3377, 94762, 11, 1375, 248046]","It seems like your message might be incomplete! Could you please clarify what you'd like to know or discuss? For example:  
- Are you asking about a specific topic (e.g., technology, science, history)?  
- Do you need help with a task (e.g., writing, problem-solving, hand<|im_end|>",True,3795953152,6.94100044798688
067_common_gen_exactly_once_kna_t8,67,7,exactly_once,,8,2,64,18,1125,1089310040,common_gen,67,0,common_gen:validation:877,0,eed4ad219b59247d4e7bf792efe49da0b49a14381eea533fe064a783d6f336ef,15727f2f43355170baf6db883b6368701fe00e40bd2b9fee0833e188105128eb,success,,256.0,256.0,256.0,False,,model_loaded,12.815850305007189,0.36867157099186443,0.37997518401243724,0.7486467550043017,0.7486467550043017,1012,9936,157029,142113510,248320,"{""allowed_count"": 248068, ""expected_count"": 248068, ""missing_expected"": [], ""ok"": true, ""stop_token_ids"": [248046], ""unexpected_allowed"": []}",2.707004929005052,xgrammar,0.6460942910052836,2.36537078100082,12,64,"[2064, 5686, 1040, 678, 1876, 2597, 3799, 974, 0, 16018, 488, 35932, 1092, 488, 4035, 1040, 310, 1366, 466, 4123, 30, 1690, 3010, 25, 2228, 12, 357, 3050, 8282, 318, 68, 1257, 2487, 7785, 11, 3712, 11, 12641, 11504, 2228, 12, 357, 3296, 488, 1144, 1438, 440, 30, 2228, 12, 23879, 11190, 318, 68, 1257, 2487, 4237, 11, 6498, 11504, 2228, 12, 5388, 248046]","It looks like your message got cut off! Could you clarify what you'd like to know or discuss? For example:  
- A specific topic (e.g., science, history, tech)?  
- A question you need help with?  
- Something creative (e.g., writing, ideas)?  
- dog<|im_end|>",True,3795953152,7.285677174993907
068_common_gen_exactly_once_kna_t9,68,8,exactly_once,,9,2,64,20,1250,1146107903,common_gen,68,0,common_gen:validation:316,0,929e5df9e2d35d9b875e5069a8a265726788da0a441a7e202e886fb4b479481d,b8e3b2b97c02bcf3ce13945948cb7c059220f322da41a94ce784a15f1797a5ee,success,,256.0,256.0,256.0,False,,model_loaded,12.808365278993733,0.37072395300492644,0.44719583400001284,0.8179197870049393,0.8179197870049393,1138,12294,195625,189737834,248320,"{""allowed_count"": 248068, ""expected_count"": 248068, ""missing_expected"": [], ""ok"": true, ""stop_token_ids"": [248046], ""unexpected_allowed"": []}",2.874867323989747,xgrammar,0.6453546620032284,2.215490842005238,12,64,"[2064, 4816, 678, 1876, 369, 31084, 0, 16018, 488, 35932, 1092, 488, 4035, 1040, 1438, 440, 30, 1690, 3010, 25, 2228, 12, 357, 3050, 8282, 318, 68, 1257, 2487, 7785, 11, 3712, 11, 5269, 11504, 2228, 12, 357, 3377, 488, 2224, 4313, 310, 11290, 30, 2228, 12, 357, 11190, 4374, 318, 25638, 11, 31708, 11, 1970, 11504, 2228, 12, 2441, 2414, 745, 10932, 248046]","It seems your message is incomplete! Could you clarify what you'd like help with? For example:  
- A specific topic (e.g., science, history, technology)?  
- A problem you're trying to solve?  
- A creative idea (story, poem, code)?  
- Or something else standing<|im_end|>",True,3795953152,7.348611068999162
069_common_gen_exactly_once_kna_t10,69,9,exactly_once,,10,2,64,22,1375,887465423,common_gen,69,0,common_gen:validation:675,0,159528be35c5722c29115b153e4e61f110e6559046d3a202ae5bb54b5bfc5f23,cbcd049348128788847cbb3075c6c5d83e96e45eb8a1da4b7c810af698c9bd67,success,,256.0,256.0,256.0,False,,model_loaded,12.987322688000859,0.3821090580022428,0.5184067619993584,0.9005158200016012,0.9005158200016012,1264,14900,238403,246477777,248320,"{""allowed_count"": 248068, ""expected_count"": 248068, ""missing_expected"": [], ""ok"": true, ""stop_token_ids"": [248046], ""unexpected_allowed"": []}",2.885166574997129,xgrammar,0.6516433990036603,2.1928319970029406,12,64,"[2064, 4816, 1040, 678, 1876, 2493, 381, 31084, 0, 16018, 488, 4338, 35932, 1092, 488, 4035, 1040, 1438, 440, 30, 1690, 3010, 25, 2228, 12, 3054, 488, 599, 264, 3296, 883, 264, 8282, 318, 38248, 11, 5269, 11, 7431, 11, 4831, 5946, 30, 2228, 12, 14235, 12622, 440, 4237, 11, 10505, 11, 6673, 11, 466, 2414, 745, 30, 2228, 12, 22528, 310, 2418, 248046]","It seems like your message might be incomplete! Could you please clarify what you'd like help with? For example:  
- Do you have a question about a topic (science, technology, culture, etc.)?  
- Need assistance with writing, coding, math, or something else?  
- Want to stand<|im_end|>",True,3795953152,7.425291602994548
070_common_gen_exactly_once_kna_t11,70,10,exactly_once,,11,2,64,24,1500,1603901595,common_gen,70,0,common_gen:validation:744,0,7afeca319287c6f9304f49dbd7985eced6a28d09124f4d7f768a092edde6662b,dbc7c6305ed31f056f0446eccd0657d98629d21595e5dbdd325b4d66220e4595,success,,256.0,256.0,256.0,False,,model_loaded,13.075178609011346,0.37824350500886794,0.5886050650005927,0.9668485700094607,0.9668485700094607,1390,17754,285302,313077339,248320,"{""allowed_count"": 248068, ""expected_count"": 248068, ""missing_expected"": [], ""ok"": true, ""stop_token_ids"": [248046], ""unexpected_allowed"": []}",2.843784128999687,xgrammar,0.6383080390078248,2.260382143998868,12,64,"[2064, 5686, 1040, 678, 1876, 2597, 3799, 974, 0, 16018, 488, 4338, 35932, 1092, 488, 4035, 1040, 310, 1366, 466, 4123, 30, 1690, 3010, 25, 2228, 12, 8448, 488, 9859, 264, 3296, 883, 264, 8282, 318, 68, 1257, 2487, 7785, 11, 12641, 11, 3712, 11504, 2228, 12, 3054, 488, 1144, 1438, 440, 2414, 3050, 318, 68, 1257, 2487, 4237, 11, 6673, 11, 11538, 248046]","It looks like your message got cut off! Could you please clarify what you'd like to know or discuss? For example:  
- Are you asking a question about a topic (e.g., science, tech, history)?  
- Do you need help with something specific (e.g., writing, math, ride<|im_end|>",True,3795953152,7.456263903004583
071_common_gen_exactly_once_kna_t12,71,11,exactly_once,,12,2,64,26,1625,1294496675,common_gen,71,0,common_gen:validation:863,0,fb3f94c5e6db071b3e7f985f05ad48233d61c8c08e6ec7c7e12af03a9d70ef76,2f81fa5dedb87280160b2e4c87e8e49ec8106985783ad1d41f3ab49cf690eb21,success,,256.0,256.0,256.0,False,,model_loaded,12.854453412990551,0.381256824999582,0.6690301720082061,1.0502869970077882,1.0502869970077882,1516,20856,336383,390280520,248320,"{""allowed_count"": 248068, ""expected_count"": 248068, ""missing_expected"": [], ""ok"": true, ""stop_token_ids"": [248046], ""unexpected_allowed"": []}",2.7825106939999387,xgrammar,0.6451582480076468,2.198600257994258,12,64,"[2064, 4816, 1040, 678, 1876, 2597, 3799, 974, 0, 16018, 488, 4338, 35932, 1092, 488, 4035, 1040, 310, 1366, 466, 4123, 30, 25677, 232, 1690, 3010, 25, 2228, 12, 3054, 488, 1144, 1438, 440, 264, 3050, 8282, 318, 38248, 11, 12641, 11, 7431, 11, 4831, 5946, 30, 2228, 12, 14235, 18252, 383, 264, 3274, 318, 24501, 11, 10505, 11, 3377, 94762, 11504, 2430, 248046]","It seems like your message got cut off! Could you please clarify what you'd like to know or discuss? 😊 For example:  
- Do you need help with a specific topic (science, tech, culture, etc.)?  
- Need guidance on a task (writing, coding, problem-solving)? throw<|im_end|>",True,3795953152,7.430504326999653
072_common_gen_exactly_once_kna_t13,72,12,exactly_once,,13,2,64,28,1750,1229933557,common_gen,72,0,common_gen:validation:825,0,c916423d52e8631dec167c0ce075d205b53066084258ecb9d76c0dba7c7d2a90,d1a1df3c987da36becb59263ab0b3fabf962dfbcd2daa3bde1087e075b06cee2,success,,256.0,256.0,256.0,False,,model_loaded,13.285161503008567,0.392314473996521,0.7507061929936754,1.1430206669901963,1.1430206669901963,1642,24206,391646,478831320,248320,"{""allowed_count"": 248068, ""expected_count"": 248068, ""missing_expected"": [], ""ok"": true, ""stop_token_ids"": [248046], ""unexpected_allowed"": []}",2.876465173001634,xgrammar,0.6272702090063831,2.247245254999143,12,64,"[2064, 5686, 1040, 678, 1876, 2597, 3799, 974, 0, 16018, 488, 4338, 4191, 1092, 488, 4035, 1040, 310, 4123, 466, 2466, 883, 30, 1690, 3010, 25, 2228, 12, 357, 3296, 883, 7785, 11, 5269, 11, 7431, 11, 466, 3712, 30, 2228, 12, 11150, 440, 264, 6673, 3377, 11, 10505, 11, 466, 4237, 30, 2228, 12, 22185, 364, 264, 2313, 11, 5640, 6440, 3470, 248046]","It looks like your message got cut off! Could you please share what you'd like to discuss or ask about? For example:  
- A question about science, technology, culture, or history?  
- Help with a math problem, coding, or writing?  
- Ideas for a project, travel plans items<|im_end|>",True,3795953152,7.6937190250027925
073_common_gen_exactly_once_kna_t14,73,13,exactly_once,,14,2,64,30,1875,1110274429,common_gen,73,0,common_gen:validation:549,0,9b942102c6f650dc191355e07fea6a1cf1c8f89fe75a4064022850e4d6b09865,665650c8d830e0f98eeb203c0ef6638a4d9a2444ef93ee380552b09b82b4a435,success,,256.0,256.0,256.0,False,,model_loaded,13.538331862990162,0.4002945300017018,0.8373035910044564,1.2375981210061582,1.2375981210061582,1768,27804,451091,579473739,248320,"{""allowed_count"": 248068, ""expected_count"": 248068, ""missing_expected"": [], ""ok"": true, ""stop_token_ids"": [248046], ""unexpected_allowed"": []}",2.8062683470052434,xgrammar,0.6372653769940371,2.204255889999331,12,64,"[2064, 4816, 1040, 678, 1876, 2597, 3799, 974, 0, 16018, 488, 35932, 1092, 488, 4035, 1040, 310, 4123, 466, 2466, 883, 30, 1690, 3010, 25, 2228, 12, 357, 3050, 8282, 318, 38248, 11, 3712, 11, 5269, 11, 4831, 5946, 30, 2228, 12, 11150, 440, 264, 3377, 466, 3274, 30, 2228, 12, 7831, 883, 2414, 488, 2224, 21520, 883, 30, 2228, 12, 2441, 6365, 248046]","It seems like your message got cut off! Could you clarify what you'd like to discuss or ask about? For example:  
- A specific topic (science, history, technology, etc.)?  
- Help with a problem or task?  
- Information about something you're curious about?  
- Or piece<|im_end|>",True,3795953152,7.637858914997196
074_common_gen_exactly_once_kna_t15,74,14,exactly_once,,15,2,64,32,2000,646630876,common_gen,74,0,common_gen:validation:781,0,4ba9718adb6f79e555bc62a63132442c3231602ffcd1f3dbec0418b30b3f89f8,bb5be8c0a8ae0c35b48a6d5b3c3a1ec80128eb86b82c3bd7e2ec151bf957dc99,success,,256.0,256.0,256.0,False,,model_loaded,13.88806008300162,0.4154920760047389,0.9337451150058769,1.3492371910106158,1.3492371910106158,1894,31650,514718,692951777,248320,"{""allowed_count"": 248068, ""expected_count"": 248068, ""missing_expected"": [], ""ok"": true, ""stop_token_ids"": [248046], ""unexpected_allowed"": []}",2.8264790099929087,xgrammar,0.6440473949915031,2.290823449002346,12,64,"[2064, 4816, 1040, 678, 1876, 2493, 381, 31084, 0, 16018, 488, 35932, 1092, 488, 4035, 1040, 1438, 440, 30, 1690, 3010, 25, 2228, 12, 357, 3296, 466, 3377, 310, 11290, 30, 2228, 12, 7831, 883, 264, 8282, 318, 68, 1257, 2487, 7785, 11, 3712, 11, 5269, 11504, 2228, 12, 44241, 440, 4237, 11, 10505, 11, 466, 6157, 30, 2228, 12, 23879, 745, 5354, 248046]","It seems like your message might be incomplete! Could you clarify what you'd like help with? For example:  
- A question or problem to solve?  
- Information about a topic (e.g., science, history, technology)?  
- Assistance with writing, coding, or analysis?  
- Something else ready<|im_end|>",True,3795953152,7.876692107995041
075_common_gen_exactly_once_kna_t16,75,15,exactly_once,,16,2,64,34,2125,408820454,common_gen,75,0,common_gen:validation:912,0,bfabe74438895d0a7e12b68a815bea4f54cbd5cbde78463e0b9f00b15c4eccd8,c2569919af8f4652984b1e3407f181606c4a20c0c6be60183668bf3bbcfde1c7,success,,256.0,256.0,256.0,False,,model_loaded,13.836287259997334,0.42791427799966186,1.0465323609969346,1.4744466389965964,1.4744466389965964,2020,35744,582527,820009434,248320,"{""allowed_count"": 248068, ""expected_count"": 248068, ""missing_expected"": [], ""ok"": true, ""stop_token_ids"": [248046], ""unexpected_allowed"": []}",2.7946455019991845,xgrammar,0.6531398819934111,2.225528727998608,12,64,"[2064, 4816, 678, 1876, 2493, 381, 31084, 0, 16018, 488, 4338, 35932, 1092, 488, 4035, 1040, 310, 4123, 466, 2466, 883, 30, 1690, 3010, 25, 2228, 12, 357, 3050, 8282, 318, 68, 1257, 2487, 7785, 11, 3712, 11, 5269, 8, 2228, 12, 357, 3296, 466, 3377, 488, 2224, 3133, 383, 2228, 12, 357, 1622, 364, 1928, 11, 1438, 11, 466, 26702, 2228, 11362, 248046]","It seems your message might be incomplete! Could you please clarify what you'd like to discuss or ask about? For example:  
- A specific topic (e.g., science, history, technology)  
- A question or problem you're working on  
- A request for information, help, or creativity  
 sitting<|im_end|>",True,3795953152,7.915497994996258
076_common_gen_exactly_once_kna_t17,76,16,exactly_once,,17,2,64,36,2250,1260374623,common_gen,76,0,common_gen:validation:122,0,eb800ba48dafe42b2ef911d79f73fbda5822edaed327f5a22d32cae86cc456bb,9d5750b22c3868540689e393d541ce7cf855ef33e37bec060544db85027faff0,success,,256.0,256.0,256.0,False,,model_loaded,13.586670908000087,0.4178847040020628,1.1373777670087293,1.555262471010792,1.555262471010792,2146,40086,654518,961390710,248320,"{""allowed_count"": 248068, ""expected_count"": 248068, ""missing_expected"": [], ""ok"": true, ""stop_token_ids"": [248046], ""unexpected_allowed"": []}",2.854901401005918,xgrammar,0.6326506280020112,2.208341075005592,12,64,"[2064, 4816, 1040, 678, 1876, 2597, 3799, 974, 0, 16018, 488, 35932, 1092, 488, 4035, 1040, 310, 4123, 466, 4434, 30, 1690, 3010, 25, 2228, 12, 8448, 488, 9859, 264, 3296, 30, 2228, 12, 14235, 1438, 440, 264, 3274, 318, 68, 1257, 2487, 6673, 11, 10505, 11, 4237, 11504, 2228, 12, 22528, 310, 12804, 264, 8282, 30, 2228, 12, 11893, 2414, 3050, 2361, 248046]","It seems like your message got cut off! Could you clarify what you'd like to discuss or complete? For example:  
- Are you asking a question?  
- Need help with a task (e.g., math, coding, writing)?  
- Want to explore a topic?  
- Have something specific another<|im_end|>",True,3795953152,8.035526157997083
077_common_gen_exactly_once_kna_t18,77,17,exactly_once,,18,2,64,38,2375,1300087101,common_gen,77,0,common_gen:validation:739,0,3e950beb17da4ed1f6d512028a298782d769743494f510d4a2b3c90d20b8e3f9,5e451f3afa94e0720794c7a9ff3eb0018d062802564b5570daf165daabc60831,success,,256.0,256.0,256.0,False,,model_loaded,13.644140242002322,0.4371699000039371,1.2613230739952996,1.6984929739992367,1.6984929739992367,2272,44676,730691,1117839605,248320,"{""allowed_count"": 248068, ""expected_count"": 248068, ""missing_expected"": [], ""ok"": true, ""stop_token_ids"": [248046], ""unexpected_allowed"": []}",2.793558806006331,xgrammar,0.6362648729991633,2.247886267010472,12,64,"[2064, 4816, 1040, 678, 1876, 2597, 3799, 974, 0, 16018, 488, 4338, 35932, 1092, 488, 4035, 1040, 310, 4123, 466, 2466, 883, 30, 1690, 3010, 25, 2228, 12, 357, 3050, 8282, 318, 68, 1257, 2487, 7785, 11, 5269, 11, 3712, 11, 4831, 5946, 2228, 12, 357, 3296, 466, 3377, 488, 1144, 1438, 440, 2228, 12, 23879, 745, 11040, 18050, 9764, 728, 1366, 13643, 248046]","It seems like your message got cut off! Could you please clarify what you'd like to discuss or ask about? For example:  
- A specific topic (e.g., science, technology, history, etc.)  
- A question or problem you need help with  
- Something else entirely  

Let me know nearby<|im_end|>",True,3795953152,8.094851136993384
078_common_gen_exactly_once_kna_t19,78,18,exactly_once,,19,2,64,40,2500,836412328,common_gen,78,0,common_gen:validation:853,0,6205b19792fd499c3b2af3d2c0a933648709a2cb2068a1be8a560b1437958f44,bdffc5e3fda9f99c312598e7dd52575a1c6cfa9182b139f87b6cc7dac963fde4,success,,256.0,256.0,256.0,False,,model_loaded,13.960080485005165,0.45027778900112025,1.3679308660066454,1.8182086550077656,1.8182086550077656,2398,49514,811046,1290100119,248320,"{""allowed_count"": 248068, ""expected_count"": 248068, ""missing_expected"": [], ""ok"": true, ""stop_token_ids"": [248046], ""unexpected_allowed"": []}",2.842653131010593,xgrammar,0.630393429994001,2.1999126299924683,12,64,"[2064, 4816, 678, 1876, 2493, 381, 31084, 0, 16018, 488, 35932, 1092, 488, 4035, 1040, 1438, 440, 30, 1690, 3010, 25, 2228, 12, 357, 3296, 883, 7785, 11, 3712, 11, 5269, 11, 466, 7431, 30, 2228, 12, 357, 1622, 364, 449, 15673, 11, 8627, 11, 466, 2313, 4374, 30, 2228, 12, 14235, 12622, 440, 10505, 11, 6673, 11, 4237, 11, 466, 3377, 6797, 248046]","It seems your message might be incomplete! Could you clarify what you'd like help with? For example:  
- A question about science, history, technology, or culture?  
- A request for an explanation, essay, or project idea?  
- Need assistance with coding, math, writing, or problem sun<|im_end|>",True,3795953152,8.24088790899259
079_common_gen_odd_count_kna_t14,79,13,odd_count,,14,2,64,30,1875,857176652,common_gen,79,0,common_gen:validation:708,0,56d0a482c1a6e5bc51802580d805809dcbc5d9f9eacce599fc9b7c837d51ad16,7f79668382a748a189699945371284b5d00174840505fa6812c2a7114dcfc13b,success,,256.0,256.0,256.0,False,,model_loaded,13.57736022399331,0.40027791800093837,0.8526031069923192,1.2528810249932576,1.2528810249932576,1768,28658,464643,610234819,248320,"{""allowed_count"": 248068, ""expected_count"": 248068, ""missing_expected"": [], ""ok"": true, ""stop_token_ids"": [248046], ""unexpected_allowed"": []}",2.8241034300008323,xgrammar,0.7324683650076622,2.243147016997682,12,64,"[2064, 5686, 1040, 678, 1876, 2597, 3799, 974, 0, 16018, 488, 4338, 35932, 1092, 488, 4035, 1040, 310, 4123, 466, 4434, 30, 1690, 3010, 25, 2228, 12, 357, 3296, 883, 7785, 11, 3712, 11, 466, 5269, 30, 2228, 12, 11150, 440, 4237, 11, 10505, 11, 466, 3377, 94762, 30, 2228, 12, 1473, 15673, 314, 264, 7059, 318, 68, 1257, 2487, 29144, 20665, 9687, 248046]","It looks like your message got cut off! Could you please clarify what you'd like to discuss or complete? For example:  
- A question about science, history, or technology?  
- Help with writing, coding, or problem-solving?  
- An explanation of a concept (e.g., quantum physics holds<|im_end|>",True,3795953152,7.851922062996891
080_common_gen_left_not_right_kna_t1,80,0,left_not_right,,1,2,64,5,308,824386362,common_gen,80,0,common_gen:validation:327,0,0b91233ca051520c4d533598dc09810647d73ef8e6e36bc0de4abae2d745e253,6a55e90b23dc94100927472a96edfbafba097a41b091abbcb10472a9bf42097c,success,,256.0,256.0,256.0,False,,model_loaded,14.97457889400539,0.35826210299273953,0.05660034698667005,0.4148624499794096,0.4148624499794096,190,491,8420,3163212,248320,"{""allowed_count"": 248067, ""expected_count"": 248067, ""missing_expected"": [], ""ok"": true, ""stop_token_ids"": [248046], ""unexpected_allowed"": []}",3.230349624995142,xgrammar,0.6382197100028861,2.2269119870034046,12,64,"[2064, 4816, 678, 1876, 2493, 381, 31084, 0, 16018, 488, 35932, 1092, 488, 4035, 1040, 310, 4123, 466, 11290, 30, 1690, 3010, 25, 2228, 12, 357, 3296, 883, 7785, 11, 3712, 11, 5269, 11, 4831, 13, 2228, 12, 11150, 440, 264, 6673, 3377, 11, 1970, 11, 466, 11190, 4374, 30, 2228, 12, 23879, 3050, 488, 2224, 19353, 440, 30, 18050, 9658, 5300, 321, 248046]","It seems your message might be incomplete! Could you clarify what you'd like to discuss or solve? For example:  
- A question about science, history, technology, etc.  
- Help with a math problem, code, or creative idea?  
- Something specific you're struggling with?  

Just court and<|im_end|>",True,3795953152,7.38835903799918
081_common_gen_left_not_right_kna_t2,81,1,left_not_right,,2,2,64,9,493,653345694,common_gen,81,0,common_gen:validation:954,0,9da307fe1d51ac32a7936ee692f215cce69a384f6bb6cdd85a93f55ebc76d7db,61ff38c9e6f58f6e4d2cbdbf3b959390edfc1f17f34194382d0527ddff2fc4a3,success,,256.0,256.0,256.0,False,,model_loaded,14.319835966991377,0.3644385399966268,0.11203741500503384,0.4764759550016606,0.4764759550016606,376,1348,22213,13296516,248320,"{""allowed_count"": 248067, ""expected_count"": 248067, ""missing_expected"": [], ""ok"": true, ""stop_token_ids"": [248046], ""unexpected_allowed"": []}",3.1453451629931806,xgrammar,0.6456094280001707,2.2058984960021917,12,64,"[2064, 5686, 1040, 678, 1876, 2493, 381, 31084, 0, 16018, 488, 35932, 1092, 488, 4035, 1040, 1438, 440, 30, 1690, 3010, 25, 2228, 12, 357, 3296, 883, 7785, 11, 6673, 11, 466, 11870, 30, 2228, 12, 78749, 383, 264, 8282, 1040, 5269, 11, 2730, 11, 466, 6715, 4257, 30, 2228, 12, 357, 1622, 310, 43850, 449, 4374, 466, 9665, 2144, 30, 1542, 321, 248046]","It looks like your message might be incomplete! Could you clarify what you'd like help with? For example:  
- A question about science, math, or logic?  
- Guidance on a topic like technology, health, or career development?  
- A request to refine an idea or draft content? run and<|im_end|>",True,3795953152,7.3498611029936
082_common_gen_left_not_right_kna_t3,82,2,left_not_right,,3,2,64,12,678,349216165,common_gen,82,0,common_gen:validation:24,0,4006bdf4fba72cf40d6109ebff6270892eed233d2b2e7f14fccf7ab1695c7484,f482cdb8d517189e984c032a51649e71f57e41b87a9e6bd0981e46106a615755,success,,256.0,256.0,256.0,False,,model_loaded,13.462564814995858,0.3490853289986262,0.17529347199888434,0.5243788009975106,0.5243788009975106,562,2571,42184,32026134,248320,"{""allowed_count"": 248067, ""expected_count"": 248067, ""missing_expected"": [], ""ok"": true, ""stop_token_ids"": [248046], ""unexpected_allowed"": []}",3.1687535160017433,xgrammar,0.650711914000567,2.183218862002832,12,64,"[2064, 4816, 1040, 678, 1876, 2597, 3799, 974, 0, 16018, 488, 35932, 1092, 488, 4035, 1040, 310, 4123, 466, 2466, 883, 30, 1690, 3010, 25, 2228, 12, 8448, 488, 3133, 383, 264, 2313, 30, 2228, 12, 14235, 1438, 440, 264, 3050, 3274, 30, 2228, 12, 11893, 4602, 883, 264, 8282, 318, 68, 1257, 2487, 7785, 11, 12641, 11, 3712, 11504, 2228, 24562, 321, 248046]","It seems like your message got cut off! Could you clarify what you'd like to discuss or ask about? For example:  
- Are you working on a project?  
- Need help with a specific task?  
- Have questions about a topic (e.g., science, tech, history)?  
 climb and<|im_end|>",True,3795953152,7.371020538004814
083_common_gen_left_not_right_kna_t4,83,3,left_not_right,,4,2,64,15,863,1598761772,common_gen,83,0,common_gen:validation:275,0,736fefec0c4944518f022c551f52fb8c0e49ee6f4b05bfe185b70e0538db20df,e26bcf847ff0cf762c2171afefb760d02050ce7cca8c2ecb2b44f96edf0d3f55,success,,256.0,256.0,256.0,False,,model_loaded,13.270118264001212,0.35470028400595766,0.24318289900838863,0.5978831830143463,0.5978831830143463,748,4160,68146,60977106,248320,"{""allowed_count"": 248067, ""expected_count"": 248067, ""missing_expected"": [], ""ok"": true, ""stop_token_ids"": [248046], ""unexpected_allowed"": []}",2.960864341992419,xgrammar,0.6334188239998184,2.2447609579976415,12,64,"[2064, 4816, 1040, 678, 1876, 2493, 381, 31084, 0, 16018, 488, 4338, 35932, 1092, 488, 4035, 1040, 310, 4123, 466, 4434, 30, 1690, 3010, 25, 2228, 12, 357, 3296, 883, 264, 8282, 318, 38248, 11, 3712, 11, 12641, 11, 4831, 5946, 30, 2228, 12, 11150, 440, 264, 3274, 318, 24501, 11, 6673, 11, 10505, 11, 4831, 5946, 30, 2228, 12, 23879, 1429, 321, 248046]","It seems like your message might be incomplete! Could you please clarify what you'd like to discuss or complete? For example:  
- A question about a topic (science, history, tech, etc.)?  
- Help with a task (writing, math, coding, etc.)?  
- Something used and<|im_end|>",True,3795953152,7.221057791000931
084_common_gen_left_not_right_kna_t5,84,4,left_not_right,,5,2,64,18,1048,1997771556,common_gen,84,0,common_gen:validation:390,0,592481fa68794beb62bfb5cb9b8fc830ec3a76c3feff08f3fe54e40b2c9e6bf7,2d1d6161315b5eefff84bf3a4002609a193faabd18ebb060910db7d272691885,success,,256.0,256.0,256.0,False,,model_loaded,13.4606026239926,0.3488395379972644,0.32292350599891506,0.6717630439961795,0.6717630439961795,934,6115,99916,101774472,248320,"{""allowed_count"": 248067, ""expected_count"": 248067, ""missing_expected"": [], ""ok"": true, ""stop_token_ids"": [248046], ""unexpected_allowed"": []}",3.1181780339975376,xgrammar,0.6389296570123406,2.2104839389940025,12,64,"[2064, 5686, 1040, 678, 1876, 2597, 3799, 974, 0, 16018, 488, 4338, 35932, 1092, 488, 4035, 1040, 310, 1366, 466, 4123, 30, 1690, 3010, 25, 2228, 12, 357, 3296, 466, 3377, 310, 11290, 30, 2228, 12, 1473, 4374, 364, 264, 2313, 466, 3255, 30, 2228, 12, 52879, 383, 264, 8282, 318, 68, 1257, 2487, 6715, 11, 2730, 11, 12641, 11504, 2228, 11456, 321, 248046]","It looks like your message got cut off! Could you please clarify what you'd like to know or discuss? For example:  
- A question or problem to solve?  
- An idea for a project or story?  
- Advice on a topic (e.g., career, health, tech)?  
 snow and<|im_end|>",True,3795953152,7.4253498620091705
085_common_gen_left_not_right_kna_t6,85,5,left_not_right,,6,2,64,21,1233,1853355359,common_gen,85,0,common_gen:validation:687,0,e04d2fc1fd4cad25eeb6bc47b51bc8599d21f1a338f1730d01eee0a9c03af2a8,287612172540fb534101e8a8071b9cef9cbbdf5af6c157df6e9b46905deb4c82,success,,256.0,256.0,256.0,False,,model_loaded,13.44350404299621,0.35642247399664484,0.4118154460011283,0.7682379199977731,0.7682379199977731,1120,8436,137494,156043272,248320,"{""allowed_count"": 248067, ""expected_count"": 248067, ""missing_expected"": [], ""ok"": true, ""stop_token_ids"": [248046], ""unexpected_allowed"": []}",2.9274557449971326,xgrammar,0.6386240930005442,2.404367358001764,12,64,"[2064, 4816, 1040, 678, 1876, 2597, 3799, 974, 0, 16018, 488, 4338, 35932, 1092, 488, 4035, 1040, 1438, 440, 30, 1690, 3010, 25, 2228, 12, 14235, 18005, 364, 264, 2236, 11, 5522, 11, 466, 5319, 30, 2228, 12, 22528, 310, 4123, 264, 8282, 318, 68, 1257, 2487, 5269, 11, 7785, 11, 5640, 11504, 2228, 12, 20482, 364, 1970, 9989, 11, 6673, 3487, 321, 248046]","It seems like your message got cut off! Could you please clarify what you'd like help with? For example:  
- Need recommendations for a book, movie, or song?  
- Want to discuss a topic (e.g., technology, science, travel)?  
- Looking for code examples, math food and<|im_end|>",True,3795953152,7.489076093988842
086_common_gen_left_not_right_kna_t7,86,6,left_not_right,,7,2,64,24,1418,1258226968,common_gen,86,0,common_gen:validation:548,0,d7189869c83db7de9cfeda62718b2c34c2f695fff4e89ed1e77270545c822a98,3e9da07897dbecb75a281d91ba67a5d5540c394536bf73bd17c7e00a0d890048,success,,256.0,256.0,256.0,False,,model_loaded,13.31794548399921,0.3657063729915535,0.4946601800038479,0.8603665529954014,0.8603665529954014,1306,11123,180880,225408546,248320,"{""allowed_count"": 248067, ""expected_count"": 248067, ""missing_expected"": [], ""ok"": true, ""stop_token_ids"": [248046], ""unexpected_allowed"": []}",3.142866630994831,xgrammar,0.628647802004707,2.2433443640038604,12,64,"[2064, 5686, 1040, 678, 1876, 2493, 599, 978, 3799, 974, 0, 16018, 488, 4338, 35932, 1092, 488, 4035, 1040, 310, 4123, 466, 2466, 883, 30, 353, 2688, 1532, 310, 1438, 440, 3977, 494, 34579, 4602, 310, 21156, 5154, 11, 4237, 2144, 11, 466, 1066, 3322, 264, 10125, 13, 25677, 232, 9008, 239, 229, 271, 2381, 3010, 25, 198, 12, 3054, 488, 2364, 321, 248046]","It looks like your message might have been cut off! Could you please clarify what you'd like to discuss or ask about? I'm here to help with anything from answering questions to solving problems, writing content, or just having a conversation. 😊👇

For example:
- Do you sit and<|im_end|>",True,3795953152,7.6309517589979805
087_common_gen_left_not_right_kna_t8,87,7,left_not_right,,8,2,64,27,1603,1376487332,common_gen,87,0,common_gen:validation:429,0,9dff68e57478f9f121f19a5a518b67a64a4fbae53309abba54a1a54a9ad82318,c5b6d26696c89b32c09c33130febe2066bf00beec9b1261f9fc8abb3fe504939,success,,256.0,256.0,256.0,False,,model_loaded,13.28045874700183,0.3753874660033034,0.5897416809893912,0.9651291469926946,0.9651291469926946,1492,14176,230074,311495334,248320,"{""allowed_count"": 248067, ""expected_count"": 248067, ""missing_expected"": [], ""ok"": true, ""stop_token_ids"": [248046], ""unexpected_allowed"": []}",3.1039265029976377,xgrammar,0.6385306870070053,2.199030985007994,12,64,"[2064, 5686, 1040, 678, 1876, 2493, 381, 31084, 0, 16018, 488, 35932, 1092, 488, 4035, 1040, 310, 1366, 466, 4123, 30, 1690, 3010, 25, 2228, 12, 357, 3296, 883, 5269, 11, 7785, 11, 466, 3712, 30, 2228, 12, 11150, 440, 4237, 11, 10505, 11, 466, 3377, 94762, 30, 2228, 12, 5586, 4204, 8282, 488, 2224, 21520, 883, 30, 2228, 9764, 728, 7538, 321, 248046]","It looks like your message might be incomplete! Could you clarify what you'd like to know or discuss? For example:  
- A question about technology, science, or history?  
- Help with writing, coding, or problem-solving?  
- Any personal topic you're curious about?  
Let me jump and<|im_end|>",True,3795953152,7.638445638993289
088_common_gen_left_not_right_kna_t9,88,8,left_not_right,,9,2,64,30,1788,1200502723,common_gen,88,0,common_gen:validation:793,0,12d020936d354f77fd8d6dd42371ca4eef95b44ff5a48e45d6daefb52fb828c8,0a8f5c78cccb59a063a64298488165ce15c6c81166f46671716ce1c538652b39,success,,256.0,256.0,256.0,False,,model_loaded,13.628218571000616,0.4006395289907232,0.6950096279906575,1.0956491569813807,1.0956491569813807,1678,17595,286724,415928676,248320,"{""allowed_count"": 248067, ""expected_count"": 248067, ""missing_expected"": [], ""ok"": true, ""stop_token_ids"": [248046], ""unexpected_allowed"": []}",2.9620282239920925,xgrammar,0.6444324900076026,2.2283137920021545,12,64,"[2064, 4816, 1040, 678, 1876, 2597, 3799, 974, 0, 16018, 488, 35932, 1092, 488, 4035, 1040, 310, 4123, 466, 4434, 30, 1690, 3010, 25, 2228, 12, 357, 3296, 883, 264, 8282, 318, 38248, 11, 3712, 11, 12641, 11, 4831, 5946, 2228, 12, 11150, 440, 264, 3274, 318, 24501, 11, 10505, 11, 6673, 11, 4831, 5946, 2228, 12, 23879, 745, 11040, 18050, 9558, 321, 248046]","It seems like your message got cut off! Could you clarify what you'd like to discuss or complete? For example:  
- A question about a topic (science, history, tech, etc.)  
- Help with a task (writing, coding, math, etc.)  
- Something else entirely  

 wear and<|im_end|>",True,3795953152,7.779040792011074
089_common_gen_left_not_right_kna_t10,89,9,left_not_right,,10,2,64,33,1973,1505447202,common_gen,89,0,common_gen:validation:416,0,1e272a1b68142955ffb127967568a65438c9116c77fdf5fa1972bd20e23c9010,ae7091ba6badfd9d98007ef710d485246e9594393c0ea87868c93cf89c4ce10d,success,,256.0,256.0,256.0,False,,model_loaded,13.750569056006498,0.4106536990002496,0.8068691780063091,1.2175228770065587,1.2175228770065587,1864,21380,348948,540333612,248320,"{""allowed_count"": 248067, ""expected_count"": 248067, ""missing_expected"": [], ""ok"": true, ""stop_token_ids"": [248046], ""unexpected_allowed"": []}",2.9057161520031514,xgrammar,0.6604247469949769,2.2466585980000673,12,64,"[2064, 4816, 1040, 678, 1876, 2493, 381, 31084, 0, 16018, 488, 35932, 1092, 488, 4035, 1040, 310, 4123, 466, 2466, 883, 30, 1690, 3010, 25, 2228, 12, 3054, 488, 599, 264, 3050, 3296, 466, 8282, 303, 3838, 30, 2228, 12, 8448, 488, 3221, 364, 1438, 440, 264, 3274, 11, 3377, 94762, 11, 466, 11190, 4374, 30, 2228, 12, 18315, 488, 1040, 2577, 321, 248046]","It seems like your message might be incomplete! Could you clarify what you'd like to discuss or ask about? For example:  
- Do you have a specific question or topic in mind?  
- Are you looking for help with a task, problem-solving, or creative idea?  
- Would you like better and<|im_end|>",True,3795953152,7.915100000987877
090_common_gen_left_not_right_kna_t11,90,10,left_not_right,,11,2,64,36,2158,771020817,common_gen,90,0,common_gen:validation:343,0,dd664045d637fc42ce74171325209bc35a8b55809940f3f58cdda6d2d90481a9,a291f9339512a239fb08b53f2a024f7d3a9c0d9096710855e3fa52371739bbfb,success,,256.0,256.0,256.0,False,,model_loaded,13.899491121002939,0.4127841939916834,0.9294809470011387,1.3422651409928221,1.3422651409928221,2050,25531,417826,686335182,248320,"{""allowed_count"": 248067, ""expected_count"": 248067, ""missing_expected"": [], ""ok"": true, ""stop_token_ids"": [248046], ""unexpected_allowed"": []}",3.0043645310070133,xgrammar,0.6436354520119494,2.2050301669951295,12,64,"[2064, 4816, 1040, 678, 1876, 2493, 381, 31084, 0, 16018, 488, 4338, 35932, 1092, 488, 4035, 1040, 1438, 440, 30, 1690, 3010, 25, 2228, 12, 3054, 488, 599, 264, 3296, 883, 264, 3050, 8282, 318, 38248, 11, 3712, 11, 5269, 11, 4831, 5946, 30, 2228, 12, 14235, 12622, 440, 264, 3274, 318, 24501, 11, 10505, 11, 6673, 11, 4831, 5946, 30, 1898, 321, 248046]","It seems like your message might be incomplete! Could you please clarify what you'd like help with? For example:  
- Do you have a question about a specific topic (science, history, technology, etc.)?  
- Need assistance with a task (writing, coding, math, etc.)? table and<|im_end|>",True,3795953152,8.090649664998637
091_common_gen_left_not_right_kna_t12,91,11,left_not_right,,12,2,64,39,2343,804440475,common_gen,91,0,common_gen:validation:608,0,a9dde81d31f9f1e0e66a5e620f02cd902ea0ba97523583eb0490ddc857acf84b,0eb08d9069a040ae3a79de85ec50f7d80586b120956d7ee530bb54d5bda15b98,success,,256.0,256.0,256.0,False,,model_loaded,14.048694850003812,0.41640973500034306,1.0672937750059646,1.4837035100063076,1.4837035100063076,2236,30048,492878,855558426,248320,"{""allowed_count"": 248067, ""expected_count"": 248067, ""missing_expected"": [], ""ok"": true, ""stop_token_ids"": [248046], ""unexpected_allowed"": []}",2.8792055219964823,xgrammar,0.6350015839998377,2.2065531039988855,12,64,"[2064, 4816, 1040, 678, 1876, 2493, 381, 31084, 0, 16018, 488, 35932, 1092, 488, 4035, 1040, 1438, 440, 30, 1690, 3010, 25, 2228, 12, 14235, 9183, 383, 264, 8282, 30, 2228, 12, 20482, 364, 1928, 383, 2414, 3050, 30, 2228, 12, 11893, 264, 3296, 883, 2414, 488, 2224, 3133, 383, 30, 2228, 12, 22528, 310, 83783, 6498, 466, 11290, 264, 3377, 1387, 321, 248046]","It seems like your message might be incomplete! Could you clarify what you'd like help with? For example:  
- Need advice on a topic?  
- Looking for information on something specific?  
- Have a question about something you're working on?  
- Want to brainstorm ideas or solve a problem break and<|im_end|>",True,3795953152,7.959794153008261
092_common_gen_left_not_right_kna_t13,92,12,left_not_right,,13,2,64,42,2528,231882639,common_gen,92,0,common_gen:validation:950,0,8e0d8bb735c88519b1336eb530da5efee9413bd0f0923b6c016f9129ed4003d3,7d6425d63c46942fb50ad0410d5231654c282a9879d966fee9765bc48a2da7cf,success,,256.0,256.0,256.0,False,,model_loaded,13.984560769997188,0.41703954701370094,1.210561866988428,1.6276014140021289,1.6276014140021289,2422,34931,574104,1049628384,248320,"{""allowed_count"": 248067, ""expected_count"": 248067, ""missing_expected"": [], ""ok"": true, ""stop_token_ids"": [248046], ""unexpected_allowed"": []}",2.973048347994336,xgrammar,0.6319016360066598,2.238663791009458,12,64,"[2064, 5686, 1040, 678, 1876, 2493, 381, 31084, 0, 16018, 488, 35932, 1092, 488, 4035, 1040, 1438, 440, 30, 1690, 3010, 25, 2228, 12, 3054, 488, 1144, 1438, 440, 264, 3050, 8282, 318, 68, 1257, 2487, 7785, 11, 3712, 11, 12641, 11504, 2228, 12, 8448, 488, 3133, 383, 264, 2313, 466, 3377, 30, 2228, 12, 14235, 12622, 440, 2414, 745, 11040, 30, 321, 248046]","It looks like your message might be incomplete! Could you clarify what you'd like help with? For example:  
- Do you need help with a specific topic (e.g., science, history, tech)?  
- Are you working on a project or problem?  
- Need assistance with something else entirely? and<|im_end|>",True,3795953152,8.235255328996573
093_common_gen_left_not_right_kna_t14,93,13,left_not_right,,14,2,64,45,2713,1386296876,common_gen,93,0,common_gen:validation:750,0,dd3a97bf3bb87b01b6664d256d6dc6c55c24aa6a601eeb70e2041902d4152f2b,596c612bd7a660cd6aeca05788aedafbd9e7ec19fa24068edcf9c77134541c64,success,,256.0,256.0,256.0,False,,model_loaded,14.448171669995645,0.4344433009973727,1.3702247119945241,1.8046680129918968,1.8046680129918968,2608,40180,661504,1270170096,248320,"{""allowed_count"": 248067, ""expected_count"": 248067, ""missing_expected"": [], ""ok"": true, ""stop_token_ids"": [248046], ""unexpected_allowed"": []}",2.8672847489942797,xgrammar,0.6534558439889224,2.2698922819981817,12,64,"[2064, 4816, 1040, 678, 1876, 2493, 381, 31084, 0, 16018, 488, 35932, 1092, 488, 4035, 1040, 310, 4123, 466, 11290, 30, 12757, 424, 579, 264, 3296, 11, 264, 1622, 364, 1438, 11, 466, 1066, 2414, 310, 12804, 11, 2579, 1845, 310, 4191, 777, 3447, 0, 25677, 232, 271, 2381, 3010, 25, 2228, 12, 3054, 488, 1144, 1438, 440, 264, 6673, 3377, 9668, 321, 248046]","It seems like your message might be incomplete! Could you clarify what you'd like to discuss or solve? Whether it's a question, a request for help, or just something to explore, feel free to share more details! 😊

For example:  
- Do you need help with a math problem holding and<|im_end|>",True,3795953152,8.368971251999028
094_common_gen_left_not_right_kna_t15,94,14,left_not_right,,15,2,64,48,2898,597251337,common_gen,94,0,common_gen:validation:820,0,2b5df64a4f7d06bb76ae8968712fb538c4f1d66f02a5ac3422d8d0f5325cd03c,e4f681fd2c234540f653b6fd9be9a1f70a2be5ed4f52d169320f32b8b5952d9a,success,,256.0,256.0,256.0,False,,model_loaded,14.238886997001828,0.4490575020026881,1.5160076010070043,1.9650651030096924,1.9650651030096924,2794,45795,755078,1518808602,248320,"{""allowed_count"": 248067, ""expected_count"": 248067, ""missing_expected"": [], ""ok"": true, ""stop_token_ids"": [248046], ""unexpected_allowed"": []}",2.9614601399953244,xgrammar,0.639036786989891,2.202635845998884,12,64,"[2064, 4816, 678, 1876, 2597, 3799, 974, 0, 16018, 488, 4338, 35932, 1092, 488, 4035, 1040, 310, 4123, 466, 2466, 883, 30, 1690, 3010, 25, 2228, 12, 357, 3296, 883, 5269, 11, 7785, 11, 3712, 11, 4831, 78603, 2228, 12, 357, 1622, 364, 1438, 440, 264, 3274, 30, 2228, 12, 22185, 364, 26702, 11, 6618, 11, 466, 3377, 94762, 30, 2228, 2418, 321, 248046]","It seems your message got cut off! Could you please clarify what you'd like to discuss or ask about? For example:  
- A question about technology, science, history, etc.?  
- A request for help with a task?  
- Ideas for creativity, learning, or problem-solving?  
 stand and<|im_end|>",True,3795953152,8.528309154004091
095_common_gen_left_not_right_kna_t16,95,15,left_not_right,,16,2,64,51,3083,244727052,common_gen,95,0,common_gen:validation:963,0,9266c81ed92e3284b8e08fbd434ee8ee0a366175d7d4da41f626254a1a136f35,20e5726168ad59d11f959eac008e5bfc599b953801c86a45fb938b2c02422426,success,,256.0,256.0,256.0,False,,model_loaded,14.272069136990467,0.4570414080080809,1.6936027229967294,2.1506441310048103,2.1506441310048103,2980,51776,854826,1797168942,248320,"{""allowed_count"": 248067, ""expected_count"": 248067, ""missing_expected"": [], ""ok"": true, ""stop_token_ids"": [248046], ""unexpected_allowed"": []}",2.6990113759966334,xgrammar,0.7422830699943006,2.2032251700002234,12,64,"[2064, 4816, 1040, 678, 1876, 2493, 381, 31084, 0, 16018, 488, 4338, 35932, 1092, 488, 4035, 1040, 310, 1366, 466, 4123, 30, 1690, 3010, 25, 2228, 12, 3054, 488, 1144, 1438, 440, 264, 3050, 8282, 318, 68, 1257, 2487, 7785, 11, 5269, 11, 3712, 11504, 2228, 12, 8448, 488, 3221, 364, 6498, 11, 9611, 11, 466, 6157, 30, 2228, 12, 2441, 3608, 321, 248046]","It seems like your message might be incomplete! Could you please clarify what you'd like to know or discuss? For example:  
- Do you need help with a specific topic (e.g., science, technology, history)?  
- Are you looking for ideas, solutions, or analysis?  
- Or pick and<|im_end|>",True,3795953152,8.54003563101287
096_common_gen_sets_differ_kna_t1,96,0,sets_differ,,1,2,64,7,432,1166467532,common_gen,96,0,common_gen:validation:137,0,1847bd4f42039ccdcde615afeb67e8ba74d08423d5370a3d4a864630fdadf21f,a05dc6230fca8a28f327eef2beecf836b1aa2fccad1a371b2529774bf9894ef3,success,,256.0,256.0,256.0,False,,model_loaded,12.503045528996154,0.33572272800665814,0.09292214900779072,0.42864487701444887,0.42864487701444887,314,982,16210,9077791,248320,"{""allowed_count"": 248068, ""expected_count"": 248068, ""missing_expected"": [], ""ok"": true, ""stop_token_ids"": [248046], ""unexpected_allowed"": []}",2.8859289310057648,xgrammar,0.6210964429919841,2.2764791319932556,12,64,"[2064, 4816, 678, 1876, 2493, 381, 31084, 0, 16018, 488, 35932, 1092, 488, 4035, 1040, 310, 1366, 466, 4123, 30, 1690, 3010, 25, 2228, 12, 357, 3296, 883, 264, 8282, 318, 68, 1257, 2487, 7785, 11, 3712, 11, 5269, 11504, 2228, 12, 11150, 440, 264, 3377, 318, 68, 1257, 2487, 6673, 11, 10505, 11, 4237, 11504, 2228, 12, 23879, 11190, 318, 3902, 321, 248046]","It seems your message might be incomplete! Could you clarify what you'd like to know or discuss? For example:  
- A question about a topic (e.g., science, history, technology)?  
- Help with a problem (e.g., math, coding, writing)?  
- Something creative ( draw and<|im_end|>",True,3795953152,6.9862821840069955
097_common_gen_sets_differ_kna_t2,97,1,sets_differ,,2,2,64,12,679,297153974,common_gen,97,0,common_gen:validation:271,0,8dc0cf853aa056edb14a85caf313ceca7616a69017c67fe72e6269235eaa171e,93bcd218ef7f87781f0588efa1d792ceae2afcc93f0c8c9cab74675e0f17e804,success,,256.0,256.0,256.0,False,,model_loaded,12.513047542001004,0.34120878399698995,0.17176156600180548,0.5129703499987954,0.5129703499987954,562,2268,37545,31599860,248320,"{""allowed_count"": 248068, ""expected_count"": 248068, ""missing_expected"": [], ""ok"": true, ""stop_token_ids"": [248046], ""unexpected_allowed"": []}",2.789991120007471,xgrammar,0.646872926998185,2.2205345800030045,12,64,"[9419, 0, 1049, 4816, 1040, 678, 1876, 2493, 381, 31084, 13, 2500, 628, 353, 7543, 488, 3242, 30, 12757, 488, 1144, 1438, 440, 264, 3296, 11, 264, 3274, 11, 11190, 6498, 11, 466, 1066, 1318, 310, 6040, 11, 2579, 1845, 310, 1042, 728, 1366, 0, 25677, 232, 271, 3710, 1000, 488, 1040, 310, 944, 383, 30, 10838, 248, 222, 9008, 241, 2236, 321, 248046]","Hello! It seems like your message might be incomplete. How can I assist you today? Whether you need help with a question, a task, creative ideas, or just want to chat, feel free to let me know! 😊

What would you like to work on? 🚀� book and<|im_end|>",True,3795953152,6.930469274986535
098_common_gen_sets_differ_kna_t3,98,2,sets_differ,,3,2,64,16,926,1600987872,common_gen,98,0,common_gen:validation:836,0,8511f2565dc7e54f63af649df921c8e02c3221cfaae8e8de26e3c5591243a6d7,b0aab2ca831f87f0cdbf264a03e6b539dcfb3a35a4025f41a8bff81fe0f71a90,success,,256.0,256.0,256.0,False,,model_loaded,12.556420196997351,0.33870646500145085,0.26144622398715,0.6001526889886009,0.6001526889886009,810,4042,66992,70820752,248320,"{""allowed_count"": 248068, ""expected_count"": 248068, ""missing_expected"": [], ""ok"": true, ""stop_token_ids"": [248046], ""unexpected_allowed"": []}",2.6766454199969303,xgrammar,0.6382282779959496,2.1887606430100277,12,64,"[2064, 4816, 678, 1876, 2493, 381, 31084, 0, 16018, 488, 35932, 1092, 488, 4035, 1040, 310, 4123, 466, 1144, 1438, 440, 30, 1690, 3010, 25, 2228, 12, 357, 3050, 8282, 318, 68, 1257, 2487, 7785, 11, 3712, 11, 5269, 11504, 2228, 12, 357, 3296, 466, 3377, 310, 11290, 30, 2228, 12, 23502, 6498, 318, 68, 1257, 2487, 7112, 11, 18066, 11, 321, 1831, 248046]","It seems your message might be incomplete! Could you clarify what you'd like to discuss or need help with? For example:  
- A specific topic (e.g., science, history, technology)?  
- A question or problem to solve?  
- Creative ideas (e.g., stories, recipes, and take<|im_end|>",True,3795953152,6.873734627006343
099_common_gen_sets_differ_kna_t4,99,3,sets_differ,,4,2,64,20,1173,307676802,common_gen,99,0,common_gen:validation:469,0,474890c9716b9a43c9c1d7c032bea4eca128805a00a046b264cca56e9354af97,3d5863a1a63ef1fb61e19e27f6c1d8054f8c782e068f202f533d8c6cbe20126a,success,,256.0,256.0,256.0,False,,model_loaded,12.55295538099017,0.35174258598999586,0.3627324620028958,0.7144750479928916,0.7144750479928916,1058,6304,104183,129633331,248320,"{""allowed_count"": 248068, ""expected_count"": 248068, ""missing_expected"": [], ""ok"": true, ""stop_token_ids"": [248046], ""unexpected_allowed"": []}",2.71514840600139,xgrammar,0.6393401079985779,2.211697254999308,12,64,"[2064, 4816, 678, 1876, 2493, 381, 31084, 0, 16018, 488, 4338, 35932, 1092, 488, 4035, 1040, 1438, 440, 30, 1690, 3010, 25, 2228, 12, 357, 3296, 466, 3377, 310, 11290, 30, 2228, 12, 7831, 883, 264, 8282, 318, 68, 1257, 2487, 7785, 11, 3712, 11, 12641, 11504, 2228, 12, 23502, 6498, 318, 68, 1257, 2487, 7112, 11, 6859, 11504, 2228, 12, 321, 3222, 248046]","It seems your message might be incomplete! Could you please clarify what you'd like help with? For example:  
- A question or problem to solve?  
- Information about a topic (e.g., science, history, tech)?  
- Creative ideas (e.g., stories, projects)?  
- and hold<|im_end|>",True,3795953152,7.093798989997595
100_common_gen_sets_differ_kna_t5,100,4,sets_differ,,5,2,64,24,1420,575697519,common_gen,100,0,common_gen:validation:73,0,f3eeef84deeafd41a38673fff5f98563a9a5acf6d2e678a727b29b209cbcad5d,c3b4f3292e5dfeba6c5e440902a16a18c3bb66749ef3894336b62b742e0e9f05,success,,256.0,256.0,256.0,False,,model_loaded,15.119543635009904,0.3705126639979426,0.4743931820121361,0.8449058460100787,0.8449058460100787,1306,9054,149118,210930461,248320,"{""allowed_count"": 248068, ""expected_count"": 248068, ""missing_expected"": [], ""ok"": true, ""stop_token_ids"": [248046], ""unexpected_allowed"": []}",2.911375288007548,xgrammar,0.6496513049933128,2.4158117350016255,12,64,"[2064, 5686, 1040, 678, 1876, 2493, 381, 31084, 0, 16018, 488, 35932, 1092, 488, 4035, 1040, 310, 4123, 466, 2466, 883, 30, 1690, 3010, 25, 2228, 12, 3054, 488, 599, 264, 3050, 3296, 466, 3377, 488, 1144, 1438, 440, 30, 2228, 12, 8448, 488, 3221, 364, 1928, 383, 264, 8282, 318, 68, 1257, 2487, 5269, 11, 7785, 11, 7431, 11504, 2228, 14583, 321, 248046]","It looks like your message might be incomplete! Could you clarify what you'd like to discuss or ask about? For example:  
- Do you have a specific question or problem you need help with?  
- Are you looking for information on a topic (e.g., technology, science, culture)?  
 luck and<|im_end|>",True,3795953152,7.6000127290026285
101_common_gen_sets_differ_kna_t6,101,5,sets_differ,,6,2,64,28,1667,84759980,common_gen,101,0,common_gen:validation:655,0,4430ea97cb0b8dceebc63f742a26b7083cecdc7034c9ade61664062d2687c628,7f72d1ce266ab377b67befd7caafd1adf2816a97032f71b45ebe0e897a5033b2,success,,256.0,256.0,256.0,False,,model_loaded,14.318177188994014,0.3717701300047338,0.5900356299971463,0.9618057600018801,0.9618057600018801,1554,12292,201797,317605006,248320,"{""allowed_count"": 248068, ""expected_count"": 248068, ""missing_expected"": [], ""ok"": true, ""stop_token_ids"": [248046], ""unexpected_allowed"": []}",2.9083393559994875,xgrammar,0.6449721560056787,2.198416120998445,12,64,"[2064, 4816, 1040, 678, 1876, 2493, 381, 31084, 0, 16018, 488, 35932, 1092, 488, 4035, 1040, 1438, 440, 30, 1690, 3010, 25, 2228, 12, 3054, 488, 1144, 12622, 440, 264, 3050, 8282, 318, 68, 1257, 2487, 7785, 11, 3712, 11, 5269, 11504, 2228, 12, 8448, 488, 3221, 364, 1970, 11, 449, 15673, 314, 264, 7059, 11, 466, 2414, 745, 30, 2228, 8329, 321, 248046]","It seems like your message might be incomplete! Could you clarify what you'd like help with? For example:  
- Do you need assistance with a specific topic (e.g., science, history, technology)?  
- Are you looking for code, an explanation of a concept, or something else?  
 street and<|im_end|>",True,3795953152,7.498955791001208
102_common_gen_sets_differ_kna_t7,102,6,sets_differ,,7,2,64,32,1914,1345129960,common_gen,102,0,common_gen:validation:302,0,bb1c3257533f485390c3c2443e28b2664202d88331e804b649244a419c147a65,b44e6e48035d402aa019806f0256e2f0762f0aefac551402cd18e05c4bce4598,success,,256.0,256.0,256.0,False,,model_loaded,14.27926687899162,0.3828230130020529,0.7215128920070129,1.1043359050090658,1.1043359050090658,1802,16018,262220,452549830,248320,"{""allowed_count"": 248068, ""expected_count"": 248068, ""missing_expected"": [], ""ok"": true, ""stop_token_ids"": [248046], ""unexpected_allowed"": []}",2.7522408540098695,xgrammar,0.641136063990416,2.1704364140023245,12,64,"[2064, 4816, 678, 1876, 2597, 3799, 974, 0, 16018, 488, 4338, 4191, 1092, 488, 4035, 1040, 310, 4123, 466, 2466, 883, 30, 1690, 3010, 25, 2228, 12, 357, 3296, 466, 8282, 488, 2224, 21520, 883, 30, 2228, 12, 11150, 440, 264, 3274, 318, 24501, 11, 10505, 11, 6673, 11, 4831, 5946, 30, 2228, 12, 7831, 383, 264, 3050, 3704, 318, 38248, 321, 3096, 248046]","It seems your message got cut off! Could you please share what you'd like to discuss or ask about? For example:  
- A question or topic you're curious about?  
- Help with a task (writing, coding, math, etc.)?  
- Information on a specific subject (science and women<|im_end|>",True,3795953152,7.459417753998423
103_common_gen_sets_differ_kna_t8,103,7,sets_differ,,8,2,64,36,2161,1603671715,common_gen,103,0,common_gen:validation:904,0,b4e745c72931365754aecf7b70607344e3e121b663eb894fdc4bcd0f20fcd80e,6c4bb947a520374ec547b386c0331eeadeeccab96ad842f333fc9215a5d89aa5,success,,256.0,256.0,256.0,False,,model_loaded,14.424212819998502,0.39279666100628674,0.879565701005049,1.2723623620113358,1.2723623620113358,2050,20232,330387,618657797,248320,"{""allowed_count"": 248068, ""expected_count"": 248068, ""missing_expected"": [], ""ok"": true, ""stop_token_ids"": [248046], ""unexpected_allowed"": []}",2.8327122519986005,xgrammar,0.6435997160006082,2.209696874007932,12,64,"[2064, 4816, 1040, 678, 1876, 2597, 3799, 974, 0, 16018, 488, 4338, 35932, 1092, 488, 4035, 1040, 310, 4123, 466, 2466, 883, 30, 1690, 3010, 25, 2228, 12, 357, 3296, 466, 8282, 314, 2647, 30, 2228, 12, 11150, 440, 264, 3274, 318, 68, 1257, 2487, 4237, 11, 6157, 11, 10505, 11504, 2228, 12, 23879, 745, 11040, 30, 18050, 9764, 728, 1366, 321, 7538, 248046]","It seems like your message got cut off! Could you please clarify what you'd like to discuss or ask about? For example:  
- A question or topic of interest?  
- Help with a task (e.g., writing, analysis, coding)?  
- Something else entirely?  

Let me know and jump<|im_end|>",True,3795953152,7.781469691995881
104_common_gen_sets_differ_kna_t9,104,8,sets_differ,,9,2,64,40,2408,1693750564,common_gen,104,0,common_gen:validation:488,0,caa853aaccd5d001aee56eb9413db69f2e7a901461f0d24dd37aaa2bb037bdd7,7d28a58a3f33e60724e208cd0d6c1ed4c53345e998d41bbe0418ed7d034e3b7d,success,,256.0,256.0,256.0,False,,model_loaded,14.02090708000469,0.43159407799248584,1.0368527669925243,1.46844684498501,1.46844684498501,2298,24934,408556,818821771,248320,"{""allowed_count"": 248068, ""expected_count"": 248068, ""missing_expected"": [], ""ok"": true, ""stop_token_ids"": [248046], ""unexpected_allowed"": []}",2.8075600840093102,xgrammar,0.6425867950019892,2.1989275840023765,12,64,"[2064, 4816, 1040, 678, 1876, 2493, 381, 31084, 0, 16018, 488, 35932, 1092, 488, 4035, 1040, 310, 4123, 466, 2466, 883, 30, 1690, 3010, 25, 2228, 12, 357, 3296, 883, 264, 8282, 318, 38248, 11, 3712, 11, 12641, 11, 4831, 5946, 2228, 12, 11150, 440, 264, 3377, 466, 3274, 2228, 12, 1473, 9180, 466, 4374, 310, 12804, 2228, 12, 23879, 745, 321, 4062, 248046]","It seems like your message might be incomplete! Could you clarify what you'd like to discuss or ask about? For example:  
- A question about a topic (science, history, tech, etc.)  
- Help with a problem or task  
- An opinion or idea to explore  
- Something else and hit<|im_end|>",True,3795953152,7.8820042419974925
105_common_gen_sets_differ_kna_t10,105,9,sets_differ,,10,2,64,44,2655,499679188,common_gen,105,0,common_gen:validation:518,0,0d9e205a70aae9962261888323f6bf076aaa75776b9256f7f741fcbf2c128cd5,36912138ed94bef22595467cce4ea09c613f63daca715ee7d986dd964c90be28,success,,256.0,256.0,256.0,False,,model_loaded,14.000385167993954,0.41089980500692036,1.2114178299962077,1.622317635003128,1.622317635003128,2546,30124,494977,1055934616,248320,"{""allowed_count"": 248068, ""expected_count"": 248068, ""missing_expected"": [], ""ok"": true, ""stop_token_ids"": [248046], ""unexpected_allowed"": []}",2.8394787940051174,xgrammar,0.6362863560061669,2.256178039999213,12,64,"[2064, 4816, 678, 1876, 2597, 3799, 974, 0, 16018, 488, 4338, 35932, 1092, 488, 4035, 1040, 310, 4123, 466, 2466, 883, 30, 1690, 3010, 25, 2228, 12, 357, 3296, 883, 264, 8282, 30, 2228, 12, 11150, 440, 264, 3274, 466, 3377, 30, 2228, 12, 1473, 4374, 466, 11190, 1879, 30, 2228, 12, 23879, 745, 30, 18050, 9764, 728, 1366, 1204, 353, 1902, 321, 248046]","It seems your message got cut off! Could you please clarify what you'd like to discuss or ask about? For example:  
- A question about a topic?  
- Help with a task or problem?  
- An idea or creative input?  
- Something else?  

Let me know how I must and<|im_end|>",True,3795953152,8.101096644008067
106_common_gen_both_sides_kna_t1,106,0,both_sides,,1,2,64,6,364,751138873,common_gen,106,0,common_gen:validation:821,0,dca2b23bf673e38b4eb84fdd4d5a5cef56adfd7a9eddb28269f10b3104dffd36,dcd28fe82f2413a97a562b8cd74faea11cfcaff6eda22e6defa21a54717b82dc,success,,256.0,256.0,256.0,False,,model_loaded,12.755630774991005,0.33679426900926046,0.07258865098992828,0.40938291999918874,0.40938291999918874,248,724,12415,5626739,248320,"{""allowed_count"": 248067, ""expected_count"": 248067, ""missing_expected"": [], ""ok"": true, ""stop_token_ids"": [248046], ""unexpected_allowed"": []}",2.8606279880041257,xgrammar,0.63971398799913,2.2636199700064026,12,64,"[2064, 4816, 1040, 678, 1876, 2597, 3799, 974, 0, 16018, 488, 4338, 3300, 777, 3447, 748, 353, 628, 7543, 488, 2577, 30, 1690, 3010, 25, 2228, 12, 3437, 8282, 1000, 488, 1040, 310, 4123, 30, 2228, 12, 3054, 488, 599, 264, 3050, 3296, 11, 3274, 11, 466, 4374, 488, 4035, 1040, 1438, 440, 30, 2228, 12, 8448, 488, 3133, 383, 4088, 321, 4088, 248046]","It seems like your message got cut off! Could you please provide more details so I can assist you better? For example:  
- What topic would you like to discuss?  
- Do you have a specific question, task, or idea you'd like help with?  
- Are you working on walk and walk<|im_end|>",True,3795953152,6.961914140993031
107_common_gen_both_sides_kna_t2,107,1,both_sides,,2,2,64,10,546,1787116719,common_gen,107,0,common_gen:validation:918,0,64d432266686ae7dd1536db8445de31ef7028799a99be286f84f1a1ab4b0ff4f,995386db9d1e334a4148502b6a4a13efc653a007aefac56672b8c40e14047f68,success,,256.0,256.0,256.0,False,,model_loaded,12.725578672994743,0.3432474250002997,0.12973733399121556,0.47298475899151526,0.47298475899151526,431,1627,27478,18469771,248320,"{""allowed_count"": 248067, ""expected_count"": 248067, ""missing_expected"": [], ""ok"": true, ""stop_token_ids"": [248046], ""unexpected_allowed"": []}",2.8335867230052827,xgrammar,0.639364482005476,2.282279313003528,12,64,"[2064, 4816, 678, 1876, 2493, 381, 31084, 0, 16018, 488, 35932, 1092, 488, 4035, 1040, 1438, 440, 30, 1690, 3010, 25, 2228, 12, 357, 3050, 8282, 318, 68, 1257, 2487, 7785, 11, 3712, 11, 12641, 11504, 2228, 12, 357, 3296, 31733, 449, 4087, 30, 2228, 12, 23879, 11190, 318, 25638, 11, 1970, 11, 4374, 11504, 2228, 12, 4450, 1144, 30692, 9967, 321, 9967, 248046]","It seems your message might be incomplete! Could you clarify what you'd like help with? For example:  
- A specific topic (e.g., science, history, tech)?  
- A question needing an answer?  
- Something creative (story, code, idea)?  
- Just need reass rub and rub<|im_end|>",True,3795953152,7.00331537600141
108_common_gen_both_sides_kna_t3,108,2,both_sides,,3,2,64,13,728,69960948,common_gen,108,0,common_gen:validation:74,0,e7d5e446e163139759efc73ebea88f506539d6da3bdfcdda204165d4a2d60164,37ce789b076d8938775d9ea46af52ad0bbb17349c066053bc7f818040a1f62c6,success,,256.0,256.0,256.0,False,,model_loaded,12.713075713007129,0.33693786899675615,0.1946331229992211,0.5315709919959772,0.5315709919959772,614,2890,48857,40451965,248320,"{""allowed_count"": 248067, ""expected_count"": 248067, ""missing_expected"": [], ""ok"": true, ""stop_token_ids"": [248046], ""unexpected_allowed"": []}",2.9901097750116605,xgrammar,0.632306081999559,2.24625386299158,12,64,"[2064, 4816, 1040, 678, 1876, 2493, 381, 31084, 0, 16018, 488, 4338, 35932, 1092, 488, 4035, 1040, 1438, 440, 30, 1690, 3010, 25, 2228, 12, 357, 3296, 30, 2228, 12, 1473, 15673, 314, 264, 7059, 30, 2228, 12, 23879, 11190, 318, 68, 1257, 2487, 264, 3255, 11, 31708, 11, 466, 2313, 4374, 11504, 2228, 12, 25816, 1761, 466, 3377, 94762, 7923, 321, 7923, 248046]","It seems like your message might be incomplete! Could you please clarify what you'd like help with? For example:  
- A question?  
- An explanation of a concept?  
- Something creative (e.g., a story, poem, or project idea)?  
- Technical support or problem-solving eat and eat<|im_end|>",True,3795953152,7.161134982001386
109_common_gen_both_sides_kna_t4,109,3,both_sides,,4,2,64,16,910,1992996289,common_gen,109,0,common_gen:validation:823,0,ef93d0891ced3c09031ebbf3cb70cfb71827e7d478fe7f7241b082ce7e1a92f8,c7533bee9c8de8e387c346ee20edd9c755d9796e9fef54f0208aef9b16df7dbd,success,,256.0,256.0,256.0,False,,model_loaded,12.676861101994291,0.3506134299968835,0.2663240499969106,0.6169374799937941,0.6169374799937941,797,4513,75948,73145801,248320,"{""allowed_count"": 248067, ""expected_count"": 248067, ""missing_expected"": [], ""ok"": true, ""stop_token_ids"": [248046], ""unexpected_allowed"": []}",2.6728706150024664,xgrammar,0.6368754760042066,2.2452305059996434,12,64,"[2064, 4816, 678, 1876, 369, 31084, 0, 16018, 488, 4338, 35932, 1092, 488, 4035, 1040, 310, 4123, 466, 1144, 1438, 440, 30, 1690, 3010, 25, 2228, 12, 357, 3050, 8282, 318, 68, 1257, 2487, 7785, 11, 3712, 11, 12641, 11504, 2228, 12, 357, 3377, 310, 11290, 30, 2228, 12, 23879, 11190, 318, 68, 1257, 2487, 4237, 11, 6498, 11504, 2228, 2364, 321, 2364, 248046]","It seems your message is incomplete! Could you please clarify what you'd like to discuss or need help with? For example:  
- A specific topic (e.g., science, history, tech)?  
- A problem to solve?  
- Something creative (e.g., writing, ideas)?  
 sit and sit<|im_end|>",True,3795953152,6.947289342992008
110_common_gen_both_sides_kna_t5,110,4,both_sides,,5,2,64,19,1092,1305460016,common_gen,110,0,common_gen:validation:681,0,f5e4095a3cc300047f56d83749548bf50b1694fa0e01a1f307cf5328edb7dffd,9c70afbc1a7c36dce579b4002cbc19e2fd9a09bc578af4c686fd1a0450a096e9,success,,256.0,256.0,256.0,False,,model_loaded,13.012880816997495,0.3413401160069043,0.3390560210100375,0.6803961370169418,0.6803961370169418,980,6496,108751,118123759,248320,"{""allowed_count"": 248067, ""expected_count"": 248067, ""missing_expected"": [], ""ok"": true, ""stop_token_ids"": [248046], ""unexpected_allowed"": []}",2.9561439370008884,xgrammar,0.6114718030003132,2.1873982089891797,12,64,"[2064, 4816, 1040, 678, 1876, 2493, 381, 31084, 0, 16018, 488, 35932, 1092, 488, 4035, 1040, 310, 4123, 466, 2466, 883, 30, 1690, 3010, 25, 2228, 12, 357, 3296, 466, 3377, 488, 1144, 1438, 440, 30, 2228, 12, 7831, 488, 2224, 21520, 883, 318, 68, 1257, 2487, 5269, 11, 7785, 11, 7431, 11504, 2228, 12, 23879, 488, 4035, 1040, 310, 2364, 321, 2364, 248046]","It seems like your message might be incomplete! Could you clarify what you'd like to discuss or ask about? For example:  
- A question or problem you need help with?  
- Information you're curious about (e.g., technology, science, culture)?  
- Something you'd like to sit and sit<|im_end|>",True,3795953152,7.2037359940004535
111_common_gen_both_sides_kna_t6,111,5,both_sides,,6,2,64,22,1274,882206730,common_gen,111,0,common_gen:validation:525,0,62accfaeeb02bc737103c146d92ba907acff807ad58a456df2807b58420aac6d,e2976de8bf1f9cb36d0c6e14c6ead547cb308903651d65d100692b5fd233cd0b,success,,256.0,256.0,256.0,False,,model_loaded,13.176012135998462,0.35805384699779097,0.42379752099805046,0.7818513679958414,0.7818513679958414,1163,8839,147266,176958319,248320,"{""allowed_count"": 248067, ""expected_count"": 248067, ""missing_expected"": [], ""ok"": true, ""stop_token_ids"": [248046], ""unexpected_allowed"": []}",2.9200122809997993,xgrammar,0.6254823930066777,2.4165032720047748,12,64,"[2064, 5686, 1040, 678, 1876, 2493, 599, 978, 3799, 974, 0, 16018, 488, 4338, 35932, 1092, 488, 4035, 1040, 310, 4123, 466, 2466, 883, 30, 1690, 3010, 25, 2228, 12, 357, 3050, 8282, 318, 68, 1257, 2487, 7785, 11, 5269, 11, 3712, 11504, 2228, 12, 357, 3296, 466, 3377, 488, 1144, 1438, 440, 30, 2228, 12, 23879, 745, 11040, 30, 958, 321, 958, 248046]","It looks like your message might have been cut off! Could you please clarify what you'd like to discuss or ask about? For example:  
- A specific topic (e.g., science, technology, history)?  
- A question or problem you need help with?  
- Something else entirely? use and use<|im_end|>",True,3795953152,7.529817467002431
112_common_gen_both_sides_kna_t7,112,6,both_sides,,7,2,64,25,1456,1702294781,common_gen,112,0,common_gen:validation:166,0,9836491b436530907bb7b665d6426532fe768776d9944aaecedaf2416fee4aaf,6ce7991106a83ad47503ba2e6e9db6098cbfe877ee2329efe524131f25108bc4,success,,256.0,256.0,256.0,False,,model_loaded,13.370435894001275,0.36749951500678435,0.5125959199940553,0.8800954350008396,0.8800954350008396,1346,11542,191493,251221961,248320,"{""allowed_count"": 248067, ""expected_count"": 248067, ""missing_expected"": [], ""ok"": true, ""stop_token_ids"": [248046], ""unexpected_allowed"": []}",2.9095248579978943,xgrammar,0.6282294749980792,2.250610423987382,12,64,"[2064, 4816, 1040, 678, 1876, 2493, 381, 31084, 0, 16018, 488, 35932, 1092, 488, 4035, 1040, 1438, 440, 30, 1690, 3010, 25, 2228, 12, 357, 3296, 466, 3377, 310, 11290, 30, 2228, 12, 22185, 364, 6859, 11, 11190, 4237, 11, 466, 8842, 30, 2228, 12, 17775, 314, 264, 8282, 318, 68, 1257, 2487, 7785, 11, 3712, 11, 12641, 11504, 2228, 4338, 321, 4338, 248046]","It seems like your message might be incomplete! Could you clarify what you'd like help with? For example:  
- A question or problem to solve?  
- Ideas for projects, creative writing, or planning?  
- Analysis of a topic (e.g., science, history, tech)?  
 please and please<|im_end|>",True,3795953152,7.427365121009643
113_common_gen_both_sides_kna_t8,113,7,both_sides,,8,2,64,28,1638,830381535,common_gen,113,0,common_gen:validation:883,0,65842268f9af1388c593ffe577860a728f8416fddd7b0d27c718ec4c14ca9647,7d2ead640f6aa7bf2b65703229855f0369974e4c0d2219dd4c0c25cd32207d35,success,,256.0,256.0,256.0,False,,model_loaded,13.280127188991173,0.3693580550025217,0.612782659009099,0.9821407140116207,0.9821407140116207,1529,14605,241432,342487165,248320,"{""allowed_count"": 248067, ""expected_count"": 248067, ""missing_expected"": [], ""ok"": true, ""stop_token_ids"": [248046], ""unexpected_allowed"": []}",2.806559812001069,xgrammar,0.6302582700009225,2.205606350005837,12,64,"[2064, 4816, 678, 1876, 2597, 3799, 974, 0, 16018, 488, 4338, 35932, 1092, 488, 4035, 1040, 310, 1366, 466, 4123, 30, 1690, 3010, 25, 2228, 12, 357, 3296, 883, 264, 8282, 318, 68, 1257, 2487, 7785, 11, 5269, 11, 3712, 11504, 2228, 12, 11150, 440, 264, 3377, 318, 68, 1257, 2487, 6673, 11, 10505, 11, 4237, 11504, 2228, 12, 7831, 11538, 321, 11538, 248046]","It seems your message got cut off! Could you please clarify what you'd like to know or discuss? For example:  
- A question about a topic (e.g., science, technology, history)?  
- Help with a problem (e.g., math, coding, writing)?  
- Information ride and ride<|im_end|>",True,3795953152,7.3831972219923045
114_common_gen_both_sides_kna_t9,114,8,both_sides,,9,2,64,31,1820,1181166704,common_gen,114,0,common_gen:validation:274,0,f01e80f88df68b4523ee49add14396514375aa501088bc6f837dc7a4a10b9134,a5b2dba86b39cdfd23e49f27388f94bda289c53c7fe6d62e9d9e6b412c07a87c,success,,256.0,256.0,256.0,False,,model_loaded,13.530595336997067,0.377027881986578,0.7225421149923932,1.0995699969789712,1.0995699969789712,1712,18028,298764,452326411,248320,"{""allowed_count"": 248067, ""expected_count"": 248067, ""missing_expected"": [], ""ok"": true, ""stop_token_ids"": [248046], ""unexpected_allowed"": []}",2.8640965899976436,xgrammar,0.6152469410008052,2.2073982779984362,12,64,"[2064, 4816, 1040, 678, 1876, 2493, 381, 31084, 0, 16018, 488, 35932, 1092, 488, 4035, 1040, 310, 1366, 466, 4123, 30, 1690, 3010, 25, 2228, 12, 357, 3296, 883, 264, 8282, 318, 38248, 11, 5269, 11, 3712, 11, 4831, 5946, 2228, 12, 11150, 440, 264, 3274, 318, 24501, 11, 6673, 11, 10505, 11, 4831, 5946, 2228, 12, 23879, 745, 11040, 4313, 321, 4313, 248046]","It seems like your message might be incomplete! Could you clarify what you'd like to know or discuss? For example:  
- A question about a topic (science, technology, history, etc.)  
- Help with a task (writing, math, coding, etc.)  
- Something else entirely trying and trying<|im_end|>",True,3795953152,7.554802919999929
115_common_gen_both_sides_kna_t10,115,9,both_sides,,10,2,64,34,2002,442803529,common_gen,115,0,common_gen:validation:803,0,04ecdee112807eb4661a05b24371794d93557534c07c8cdd22149e2d50d89dcb,d7ad03ba03369e686a6af3ccdb86b831d68eb7ee02681cadc88b4e7eefedbc73,success,,256.0,256.0,256.0,False,,model_loaded,13.681095562002156,0.3838100330031011,0.8387658249994274,1.2225758580025285,1.2225758580025285,1895,21811,361578,582312179,248320,"{""allowed_count"": 248067, ""expected_count"": 248067, ""missing_expected"": [], ""ok"": true, ""stop_token_ids"": [248046], ""unexpected_allowed"": []}",2.956481861998327,xgrammar,0.6194002059928607,2.190061760993558,12,64,"[2064, 5686, 1040, 678, 1876, 2493, 381, 31084, 0, 16018, 488, 4338, 35932, 1092, 488, 4035, 1040, 310, 4123, 466, 1144, 1438, 440, 30, 1690, 3010, 25, 2228, 12, 357, 3050, 8282, 318, 68, 1257, 2487, 7785, 11, 3712, 11, 10505, 11504, 2228, 12, 357, 3377, 488, 2224, 3133, 383, 30, 2228, 12, 23879, 11190, 318, 68, 1257, 2487, 4237, 9990, 321, 9990, 248046]","It looks like your message might be incomplete! Could you please clarify what you'd like to discuss or need help with? For example:  
- A specific topic (e.g., science, history, coding)?  
- A problem you're working on?  
- Something creative (e.g., writing tight and tight<|im_end|>",True,3795953152,7.735266004994628
116_common_gen_both_sides_kna_t11,116,10,both_sides,,11,2,64,37,2184,1399913590,common_gen,116,0,common_gen:validation:276,0,5e98e1c16f016e86abfbeda1c9f72881bfd0110ea6cbc0663dfcc5a641bf535a,161ffa6cc6bada3b6920461d70b0ce9953751a0dc8a1f9c5a4e513b12238d2f7,success,,256.0,256.0,256.0,False,,model_loaded,13.729144102995633,0.4007958000001963,0.9660022460011533,1.3667980460013496,1.3667980460013496,2078,25954,430997,734016949,248320,"{""allowed_count"": 248067, ""expected_count"": 248067, ""missing_expected"": [], ""ok"": true, ""stop_token_ids"": [248046], ""unexpected_allowed"": []}",2.8213064239971573,xgrammar,0.6448541190038668,2.2694319959991844,12,64,"[2064, 4816, 678, 1876, 2597, 3799, 974, 0, 16018, 488, 35932, 1092, 488, 4035, 1040, 310, 4123, 466, 2466, 883, 30, 12757, 424, 579, 883, 7785, 11, 5269, 11, 7431, 11, 466, 3977, 745, 11, 353, 2688, 1532, 310, 1438, 0, 25677, 232, 271, 2381, 3010, 25, 198, 12, 3054, 488, 599, 264, 3296, 883, 264, 3050, 8282, 30, 198, 9561, 321, 9561, 248046]","It seems your message got cut off! Could you clarify what you'd like to discuss or ask about? Whether it's about science, technology, culture, or anything else, I'm here to help! 😊

For example:
- Do you have a question about a specific topic?
 ice and ice<|im_end|>",True,3795953152,7.890252226003213
117_common_gen_both_sides_kna_t12,117,11,both_sides,,12,2,64,40,2366,1209901790,common_gen,117,0,common_gen:validation:694,0,37d2d4eb9807fe5f9835be0a7fbd7298bc48026095250ce3a8a3dfcb55b76f7c,d66021d73c87d16e45a6d8810d2217087cfbff2fdb3d03f7cc7db214bc3c847a,success,,256.0,256.0,256.0,False,,model_loaded,13.827799995997339,0.4092414269980509,1.1136003459978383,1.5228417729958892,1.5228417729958892,2261,30457,506488,909013201,248320,"{""allowed_count"": 248067, ""expected_count"": 248067, ""missing_expected"": [], ""ok"": true, ""stop_token_ids"": [248046], ""unexpected_allowed"": []}",2.7946272189874435,xgrammar,0.6280821260006633,2.2533710259885993,12,64,"[2064, 4816, 1040, 678, 1876, 2493, 381, 31084, 0, 16018, 488, 35932, 1092, 488, 4035, 1040, 1438, 440, 30, 1690, 3010, 25, 2228, 12, 357, 3050, 3296, 466, 8282, 30, 2228, 12, 44241, 440, 264, 3274, 318, 24501, 11, 10505, 11, 6157, 11, 4831, 5946, 30, 2228, 12, 34339, 383, 264, 3704, 488, 2224, 7763, 303, 30, 2228, 12, 23879, 4255, 321, 4255, 248046]","It seems like your message might be incomplete! Could you clarify what you'd like help with? For example:  
- A specific question or topic?  
- Assistance with a task (writing, coding, analysis, etc.)?  
- Discussion on a subject you're interested in?  
- Something fall and fall<|im_end|>",True,3795953152,7.992481643988867
118_common_gen_both_sides_kna_t13,118,12,both_sides,,13,2,64,43,2548,852852407,common_gen,118,0,common_gen:validation:875,0,23d8633c66c347f8ac30477cb8e98abe832ecf298b7ef919264bad0e19a38598,42ea942032a8925294de65fc8d0a6c376395188b5d6496fb000024cb1f70b07f,success,,256.0,256.0,256.0,False,,model_loaded,13.789420431989129,0.41599309000594076,1.2543637719936669,1.6703568619996076,1.6703568619996076,2444,35320,588051,1108873415,248320,"{""allowed_count"": 248067, ""expected_count"": 248067, ""missing_expected"": [], ""ok"": true, ""stop_token_ids"": [248046], ""unexpected_allowed"": []}",2.8566791389894206,xgrammar,0.6378935079992516,2.200815431002411,12,64,"[2064, 4816, 1040, 678, 1876, 2493, 381, 31084, 0, 16018, 488, 35932, 1092, 488, 4035, 1040, 310, 4123, 466, 2466, 883, 30, 1690, 3010, 25, 2228, 12, 3054, 488, 1144, 1438, 440, 264, 3050, 8282, 318, 68, 1257, 2487, 7785, 11, 5269, 11, 3712, 11504, 2228, 12, 8448, 488, 3133, 383, 264, 2313, 466, 3377, 30, 2228, 12, 18315, 488, 1375, 321, 1375, 248046]","It seems like your message might be incomplete! Could you clarify what you'd like to discuss or ask about? For example:  
- Do you need help with a specific topic (e.g., science, technology, history)?  
- Are you working on a project or problem?  
- Would you hand and hand<|im_end|>",True,3795953152,8.123316833007266
119_common_gen_both_sides_kna_t14,119,13,both_sides,,14,2,64,46,2730,1584945014,common_gen,119,0,common_gen:validation:603,0,66dc971e3671369b799bf78bc4704f0964770bc500f949f8c2bdb1642f2ee91d,e0edf5efaae49ab7912619fbd7ba64801748e1a75d0e5259cbf8a329b131b286,success,,256.0,256.0,256.0,False,,model_loaded,13.900049075004063,0.41494018500088714,1.391410423006164,1.806350608007051,1.806350608007051,2627,40543,675686,1335170071,248320,"{""allowed_count"": 248067, ""expected_count"": 248067, ""missing_expected"": [], ""ok"": true, ""stop_token_ids"": [248046], ""unexpected_allowed"": []}",2.8133493880013702,xgrammar,0.6449863650050247,2.19876836000185,12,64,"[2064, 4816, 1040, 678, 1876, 2493, 381, 31084, 0, 16018, 488, 4338, 35932, 1092, 488, 4035, 1040, 1438, 440, 30, 1690, 3010, 25, 2228, 12, 3054, 488, 1144, 1928, 11, 1970, 11, 6157, 11, 466, 2414, 745, 30, 2228, 12, 8448, 488, 9859, 264, 3296, 11, 21156, 264, 3377, 11, 466, 23218, 264, 8282, 30, 2228, 9764, 728, 1366, 1204, 1637, 321, 1637, 248046]","It seems like your message might be incomplete! Could you please clarify what you'd like help with? For example:  
- Do you need information, code, analysis, or something else?  
- Are you asking a question, solving a problem, or exploring a topic?  
Let me know how person and person<|im_end|>",True,3795953152,8.221083205004106
120_common_gen_both_sides_kna_t15,120,14,both_sides,,15,2,64,49,2912,816804965,common_gen,120,0,common_gen:validation:599,0,16a44ec24ed89c83543f4aadb5c4d479a4f03a57b333fec0f11793ce6e632e13,888aa59fbb228ebb7bd2dd5e2aa754a81736fd9715817b0c4859d2f54201c446,success,,256.0,256.0,256.0,False,,model_loaded,16.10314750499674,0.44775363299413584,1.5648734880087432,2.012627121002879,2.012627121002879,2810,46126,769393,1589475649,248320,"{""allowed_count"": 248067, ""expected_count"": 248067, ""missing_expected"": [], ""ok"": true, ""stop_token_ids"": [248046], ""unexpected_allowed"": []}",2.7241457290074322,xgrammar,0.6463963480055099,2.260158553996007,12,64,"[2064, 4816, 678, 1876, 2493, 381, 31084, 0, 16018, 488, 35932, 1092, 488, 4035, 1040, 1438, 440, 30, 1690, 3010, 25, 2228, 12, 3054, 488, 1144, 1438, 21156, 264, 3377, 30, 2228, 12, 8448, 488, 9859, 364, 1928, 383, 264, 8282, 30, 2228, 12, 3054, 488, 1144, 12622, 440, 4237, 11, 10505, 11, 466, 2414, 745, 30, 18050, 9658, 1042, 1740, 321, 1740, 248046]","It seems your message might be incomplete! Could you clarify what you'd like help with? For example:  
- Do you need help solving a problem?  
- Are you asking for information on a topic?  
- Do you need assistance with writing, coding, or something else?  

Just let car and car<|im_end|>",True,3795953152,8.41322841499641
121_common_gen_even_count_kna_t1,121,0,even_count,,1,2,64,4,308,103387277,common_gen,121,0,common_gen:validation:752,0,9fc8d400c4bc227e4c7a1dbdd2069e7b56db71ca1c3b6ac6acacb825cf4548e1,f5fdfa5fee7d980a0fb07bd163dd9f559bd2453d44cf014f8f60cb9b61c3e276,success,,256.0,256.0,256.0,False,,model_loaded,14.457862568990095,0.3360365510015981,0.056041974006802775,0.3920785250084009,0.3920785250084009,190,612,10219,3493850,248320,"{""allowed_count"": 248068, ""expected_count"": 248068, ""missing_expected"": [], ""ok"": true, ""stop_token_ids"": [248046], ""unexpected_allowed"": []}",3.1378100239962805,xgrammar,0.6369035660027293,2.1867684409953654,12,64,"[9419, 0, 1049, 4816, 1040, 678, 1876, 2493, 599, 978, 3799, 974, 13, 16018, 488, 4338, 35932, 1092, 488, 4035, 1040, 310, 4123, 466, 1092, 12622, 488, 1144, 30, 25677, 232, 2228, 2381, 3010, 25, 2228, 12, 3054, 488, 1144, 1438, 440, 264, 3274, 318, 68, 1257, 2487, 4237, 11, 10505, 11, 3302, 11504, 2228, 12, 8448, 488, 9859, 264, 3296, 4757, 4757, 248046]","Hello! It seems like your message might have been cut off. Could you please clarify what you'd like to discuss or what assistance you need? 😊  
For example:  
- Do you need help with a task (e.g., writing, coding, research)?  
- Are you asking a question tree tree<|im_end|>",True,3795953152,7.106842865992803
122_common_gen_even_count_kna_t2,122,1,even_count,,2,2,64,8,493,982188147,common_gen,122,0,common_gen:validation:135,0,62caff17e30e4205c6c330af9a360a592ccf3b423109011aeeede59da89d8fbb,66b211be95cf71155693c5ff3a0c665e3ac1ea69579cf43936f7fe620c39e638,success,,256.0,256.0,256.0,False,,model_loaded,13.069297187001212,0.34013403100834694,0.11493200300901663,0.45506603401736356,0.45506603401736356,376,1590,25811,14590532,248320,"{""allowed_count"": 248068, ""expected_count"": 248068, ""missing_expected"": [], ""ok"": true, ""stop_token_ids"": [248046], ""unexpected_allowed"": []}",3.0709646070026793,xgrammar,0.6348953180131502,2.2342787599918665,12,64,"[2064, 4816, 1040, 678, 1876, 2493, 381, 31084, 0, 16018, 488, 4338, 35932, 1092, 488, 4035, 1040, 310, 4123, 466, 2466, 883, 30, 1690, 3010, 25, 2228, 12, 357, 3296, 466, 3377, 488, 2224, 3133, 383, 30, 2228, 12, 22185, 364, 6859, 466, 8806, 30, 2228, 12, 7831, 883, 5269, 11, 7785, 11, 466, 3977, 745, 30, 2228, 12, 23879, 745, 10413, 10413, 248046]","It seems like your message might be incomplete! Could you please clarify what you'd like to discuss or ask about? For example:  
- A question or problem you're working on?  
- Ideas for projects or tasks?  
- Information about technology, science, or anything else?  
- Something else restaurant restaurant<|im_end|>",True,3795953152,7.172681159005151
123_common_gen_even_count_kna_t3,123,2,even_count,,3,2,64,11,678,436255659,common_gen,123,0,common_gen:validation:238,0,9dee9194d38243b99dd05e2380f9a50c69cf315352c5c8b69cf493d5ffec9478,8bb95a5ca062f76d462d41c1aacd1a7481fb370be714c5a04735d7589004961f,success,,256.0,256.0,256.0,False,,model_loaded,12.405486863004626,0.3472741449950263,0.17824822499824222,0.5255223699932685,0.5255223699932685,562,2934,47213,34916288,248320,"{""allowed_count"": 248068, ""expected_count"": 248068, ""missing_expected"": [], ""ok"": true, ""stop_token_ids"": [248046], ""unexpected_allowed"": []}",2.7904709159920458,xgrammar,0.6334938589861849,2.2021458779927343,12,64,"[2064, 4816, 1040, 678, 1876, 2493, 381, 31084, 0, 16018, 488, 35932, 1092, 488, 4035, 1040, 310, 4123, 466, 1144, 1438, 440, 30, 1690, 3010, 25, 2228, 12, 357, 3050, 8282, 318, 68, 1257, 2487, 7785, 11, 3712, 11, 12641, 11504, 2228, 12, 357, 3377, 310, 11290, 30, 2228, 12, 23879, 11190, 318, 68, 1257, 2487, 449, 4374, 11, 3255, 11504, 2919, 2919, 248046]","It seems like your message might be incomplete! Could you clarify what you'd like to discuss or need help with? For example:  
- A specific topic (e.g., science, history, tech)?  
- A problem to solve?  
- Something creative (e.g., an idea, story)? water water<|im_end|>",True,3795953152,6.895895581998047
124_common_gen_even_count_kna_t4,124,3,even_count,,4,2,64,14,863,650104059,common_gen,124,0,common_gen:validation:831,0,7169defeab9d8619e0877d8c2891a6a559d37aa60e527a61a19ad5eb9d87943e,806cb0a33be6548d9fdb836801d9827c856c7223230083c694463e8f37329b87,success,,256.0,256.0,256.0,False,,model_loaded,12.414608149993,0.34835181999369524,0.24912999699881766,0.5974818169925129,0.5974818169925129,748,4644,75034,66096158,248320,"{""allowed_count"": 248068, ""expected_count"": 248068, ""missing_expected"": [], ""ok"": true, ""stop_token_ids"": [248046], ""unexpected_allowed"": []}",2.716493359999731,xgrammar,0.6365224290057085,2.1917283160000807,12,64,"[2064, 5686, 1040, 678, 1876, 2493, 381, 31084, 0, 16018, 488, 4338, 35932, 1092, 488, 4035, 1040, 1438, 440, 30, 1690, 3010, 25, 2228, 12, 3054, 488, 1144, 1928, 383, 264, 8282, 30, 2228, 12, 14235, 12622, 440, 264, 3274, 318, 68, 1257, 2487, 4237, 11, 10505, 11, 6673, 11504, 2228, 12, 22528, 310, 4123, 2414, 3050, 318, 68, 1257, 2487, 944, 944, 248046]","It looks like your message might be incomplete! Could you please clarify what you'd like help with? For example:  
- Do you need information on a topic?  
- Need assistance with a task (e.g., writing, coding, math)?  
- Want to discuss something specific (e.g., work work<|im_end|>",True,3795953152,6.9059523080068175
125_common_gen_even_count_kna_t5,125,4,even_count,,5,2,64,17,1048,710421324,common_gen,125,0,common_gen:validation:538,0,9a83c43af8ba89c20c404f190736871bd2334b1ee826cf6e5c71ba49145ead2c,3a8d764aaf3e2119a9df2d3f0e9c439e7958eae267e671867c0af2f544d5c1cc,success,,256.0,256.0,256.0,False,,model_loaded,12.586687107992475,0.3599071499920683,0.3271898230013903,0.6870969729934586,0.6870969729934586,934,6720,108663,109755182,248320,"{""allowed_count"": 248068, ""expected_count"": 248068, ""missing_expected"": [], ""ok"": true, ""stop_token_ids"": [248046], ""unexpected_allowed"": []}",2.9056085639895173,xgrammar,0.6377040879888227,2.253990163007984,12,64,"[2064, 4816, 1040, 678, 1876, 2493, 381, 31084, 0, 16018, 488, 35932, 1092, 488, 4035, 1040, 310, 4123, 466, 2466, 883, 30, 1690, 3010, 25, 2228, 12, 357, 3296, 466, 3377, 310, 11290, 30, 2228, 12, 22185, 364, 26702, 11, 6859, 11, 466, 6618, 30, 2228, 12, 23879, 3050, 488, 2224, 7763, 303, 30, 2228, 9658, 1042, 728, 1366, 11, 321, 2364, 2364, 248046]","It seems like your message might be incomplete! Could you clarify what you'd like to discuss or ask about? For example:  
- A question or problem to solve?  
- Ideas for creativity, projects, or learning?  
- Something specific you're interested in?  
Just let me know, and sit sit<|im_end|>",True,3795953152,7.264374288992258
126_common_gen_even_count_kna_t6,126,5,even_count,,6,2,64,20,1233,648168075,common_gen,126,0,common_gen:validation:38,0,d465f66758bb26cc68c285f38817e36e9d7340db63d4ca7d66ae0b4bfd4eee15,5cc9f374d142e550215e5dcafe2a8e39b9ac81ad40947fba68a6d0f46a21b58d,success,,256.0,256.0,256.0,False,,model_loaded,12.83117632799258,0.3626286600047024,0.4082919510110514,0.7709206110157538,0.7709206110157538,1120,9162,148100,167518400,248320,"{""allowed_count"": 248068, ""expected_count"": 248068, ""missing_expected"": [], ""ok"": true, ""stop_token_ids"": [248046], ""unexpected_allowed"": []}",2.6542139950033743,xgrammar,0.6396519950067159,2.3943876859993907,12,64,"[2064, 4816, 1040, 678, 1876, 2493, 381, 31084, 0, 16018, 488, 4338, 35932, 1092, 488, 4035, 1040, 310, 1366, 466, 4123, 30, 1690, 3010, 25, 2228, 12, 8448, 488, 9859, 883, 264, 3050, 8282, 318, 68, 1257, 2487, 7785, 11, 3712, 11, 5269, 11504, 2228, 12, 3054, 488, 1144, 1438, 440, 264, 3377, 466, 3274, 30, 2228, 12, 18315, 488, 1040, 1375, 1375, 248046]","It seems like your message might be incomplete! Could you please clarify what you'd like to know or discuss? For example:  
- Are you asking about a specific topic (e.g., science, history, technology)?  
- Do you need help with a problem or task?  
- Would you like hand hand<|im_end|>",True,3795953152,7.21902848299942
127_common_gen_even_count_kna_t7,127,6,even_count,,7,2,64,23,1418,2103500988,common_gen,127,0,common_gen:validation:947,0,2b16f48b6d1659c54f94db23fa6261e9e5de98bfeee89a85cb8375b218d531c9,e55d30a56e788d76b4fa8a0b713153f688908900c33928a73a1a3d7a8fb08fa8,success,,256.0,256.0,256.0,False,,model_loaded,13.026183152003796,0.344639613002073,0.49967961900983937,0.8443192320119124,0.8443192320119124,1306,11970,193345,241010852,248320,"{""allowed_count"": 248068, ""expected_count"": 248068, ""missing_expected"": [], ""ok"": true, ""stop_token_ids"": [248046], ""unexpected_allowed"": []}",2.902612587000476,xgrammar,0.5907521780027309,2.2286587830021745,12,64,"[2064, 4816, 678, 1876, 2493, 381, 31084, 0, 16018, 488, 35932, 1092, 488, 4035, 1040, 310, 4123, 466, 11290, 30, 1690, 3010, 25, 2228, 12, 3054, 488, 1144, 1438, 440, 264, 3050, 8282, 318, 68, 1257, 2487, 7785, 11, 10505, 11, 4237, 11504, 2228, 12, 8448, 488, 3133, 383, 264, 2313, 466, 3377, 30, 2228, 12, 18315, 488, 1040, 4802, 11, 3799, 3799, 248046]","It seems your message might be incomplete! Could you clarify what you'd like to discuss or solve? For example:  
- Do you need help with a specific topic (e.g., science, coding, writing)?  
- Are you working on a project or problem?  
- Would you like resources, cut cut<|im_end|>",True,3795953152,7.2906610049976734
128_common_gen_even_count_kna_t8,128,7,even_count,,8,2,64,26,1603,1373261919,common_gen,128,0,common_gen:validation:670,0,236173c45491596e01e7a63978ffdf6917df32fb9c31a985849e9d3e9c23f18d,adb7df09eb4ddaed9e3bb28b4f5ab887be289fd122a0f09f318b5b0366adb1bf,success,,256.0,256.0,256.0,False,,model_loaded,13.220110964000924,0.3715651090024039,0.5980829749896657,0.9696480839920696,0.9696480839920696,1492,15144,244398,331857578,248320,"{""allowed_count"": 248068, ""expected_count"": 248068, ""missing_expected"": [], ""ok"": true, ""stop_token_ids"": [248046], ""unexpected_allowed"": []}",2.97724084201036,xgrammar,0.630574003997026,2.2179221539990976,12,64,"[2064, 4816, 678, 1876, 2493, 381, 31084, 0, 16018, 488, 35932, 1092, 488, 4035, 1040, 1438, 440, 30, 1690, 3010, 25, 2228, 12, 357, 3296, 466, 3377, 310, 11290, 30, 2228, 12, 7831, 883, 264, 8282, 318, 68, 1257, 2487, 3712, 11, 7785, 11, 12641, 11504, 2228, 12, 44241, 440, 4237, 11, 10505, 11, 466, 11190, 6498, 30, 2228, 12, 23879, 32313, 32313, 248046]","It seems your message might be incomplete! Could you clarify what you'd like help with? For example:  
- A question or problem to solve?  
- Information about a topic (e.g., history, science, tech)?  
- Assistance with writing, coding, or creative ideas?  
- Something rope rope<|im_end|>",True,3795953152,7.549033835995942
129_common_gen_even_count_kna_t9,129,8,even_count,,9,2,64,29,1788,938784664,common_gen,129,0,common_gen:validation:434,0,9a73261fbd0545550d8ac1e80a1757fd780719c0b7d8dc78985dd8c21a6b9d9e,b36bcc74b457ed289fe3e3b8ae65c4f7a3493e3d9d3c5f93b8895e4412d8a9e8,success,,256.0,256.0,256.0,False,,model_loaded,13.429120337998029,0.3744527630042285,0.7047099530027481,1.0791627160069766,1.0791627160069766,1678,18684,302907,441683618,248320,"{""allowed_count"": 248068, ""expected_count"": 248068, ""missing_expected"": [], ""ok"": true, ""stop_token_ids"": [248046], ""unexpected_allowed"": []}",2.983446094003739,xgrammar,0.6366934969992144,2.2211508859909372,12,64,"[2064, 4816, 1040, 678, 1876, 2493, 381, 31084, 0, 16018, 488, 35932, 1092, 488, 4035, 1040, 310, 4123, 466, 2466, 883, 30, 1690, 3010, 25, 2228, 12, 8448, 488, 3221, 364, 1438, 440, 264, 3050, 3274, 318, 68, 1257, 2487, 10505, 11, 4237, 11, 3302, 11504, 2228, 12, 3054, 488, 1144, 1928, 383, 264, 8282, 318, 68, 1257, 2487, 3712, 11, 6265, 6265, 248046]","It seems like your message might be incomplete! Could you clarify what you'd like to discuss or ask about? For example:  
- Are you looking for help with a specific task (e.g., coding, writing, research)?  
- Do you need information on a topic (e.g., history, books books<|im_end|>",True,3795953152,7.717226113003562
130_common_gen_even_count_kna_t10,130,9,even_count,,10,2,64,32,1973,1129217176,common_gen,130,0,common_gen:validation:975,0,511628eb839441dfa8dfb321329bc34f3826840f8f2e1ce9ec43dac7f3df1653,2e1931344850062f407ecec603bcc65982d978856f6e017099c1be079a3aec26,success,,256.0,256.0,256.0,False,,model_loaded,13.429016969996155,0.3993826329970034,0.8190725259919418,1.2184551589889452,1.2184551589889452,1864,22590,367590,572114012,248320,"{""allowed_count"": 248068, ""expected_count"": 248068, ""missing_expected"": [], ""ok"": true, ""stop_token_ids"": [248046], ""unexpected_allowed"": []}",2.9701687920023687,xgrammar,0.6437169240089133,2.264926335992641,12,64,"[2064, 4816, 1040, 678, 1876, 2493, 381, 31084, 0, 16018, 488, 35932, 1092, 488, 4035, 1040, 1438, 440, 30, 1690, 3010, 25, 2228, 12, 357, 3296, 11, 3377, 11, 466, 4374, 30, 2228, 12, 23146, 12622, 318, 68, 1257, 2487, 13888, 11, 22133, 11, 11190, 2144, 11504, 2228, 12, 25816, 1761, 318, 68, 1257, 2487, 10505, 11, 795, 6157, 11504, 2228, 2213, 2213, 248046]","It seems like your message might be incomplete! Could you clarify what you'd like help with? For example:  
- A question, problem, or idea?  
- Writing assistance (e.g., emails, essays, creative content)?  
- Technical support (e.g., coding, data analysis)?  
 catch catch<|im_end|>",True,3795953152,7.873246351009584
131_common_gen_even_count_kna_t11,131,10,even_count,,11,2,64,35,2158,1023589603,common_gen,131,0,common_gen:validation:860,0,c2b4193210c4e1f54e0f4648ccf87d4f9a8f77bab4a79d1142f74d88762a6171,79988fedccb6d9ada5b85d5a476dcf517fcc0f5d0500fa2df170d1582f0c1f4b,success,,256.0,256.0,256.0,False,,model_loaded,13.354804586997489,0.3755167640047148,0.9466368650028016,1.3221536290075164,1.3221536290075164,2050,26862,438448,724773800,248320,"{""allowed_count"": 248068, ""expected_count"": 248068, ""missing_expected"": [], ""ok"": true, ""stop_token_ids"": [248046], ""unexpected_allowed"": []}",2.908719603990903,xgrammar,0.587975018992438,2.2413121510035126,12,64,"[2064, 5686, 1040, 678, 1876, 2493, 381, 31084, 0, 16018, 488, 4338, 35932, 1092, 488, 4035, 1040, 310, 4123, 11, 11290, 11, 466, 12804, 30, 1690, 3010, 25, 2228, 12, 357, 6673, 3377, 30, 2228, 12, 357, 11190, 4374, 318, 25638, 11, 2790, 11, 4831, 5946, 30, 2228, 12, 23879, 10597, 466, 11991, 30, 2228, 12, 2441, 1066, 264, 3296, 883, 958, 958, 248046]","It looks like your message might be incomplete! Could you please clarify what you'd like to discuss, solve, or explore? For example:  
- A math problem?  
- A creative idea (story, design, etc.)?  
- Something technical or scientific?  
- Or just a question about use use<|im_end|>",True,3795953152,7.804638521003653
132_common_gen_even_count_kna_t12,132,11,even_count,,12,2,64,38,2343,1421284154,common_gen,132,0,common_gen:validation:559,0,0840f099bab048679ee7fadfa20163cd74661863aa7aa7e9c50b5df7b1a063e9,8025819b5d589fa102b665d8c34c2c3f431d33b6ed78c251a55563d24983c88b,success,,256.0,256.0,256.0,False,,model_loaded,13.491577205990325,0.4136462640017271,1.0952304909878876,1.5088767549896147,1.5088767549896147,2236,31500,515480,901288022,248320,"{""allowed_count"": 248068, ""expected_count"": 248068, ""missing_expected"": [], ""ok"": true, ""stop_token_ids"": [248046], ""unexpected_allowed"": []}",2.850188282012823,xgrammar,0.6291383600037079,2.2386922239966225,12,64,"[2064, 5686, 1040, 678, 1876, 2493, 381, 31084, 0, 16018, 488, 4338, 35932, 1092, 488, 4035, 1040, 1438, 440, 30, 1690, 3010, 25, 2228, 12, 357, 3296, 883, 7785, 11, 3712, 11, 466, 5269, 30, 2228, 12, 44241, 440, 264, 6673, 3377, 466, 10505, 3274, 30, 2228, 12, 22185, 364, 11190, 6859, 11, 3788, 6440, 11, 466, 24350, 10104, 30, 2228, 16540, 16540, 248046]","It looks like your message might be incomplete! Could you please clarify what you'd like help with? For example:  
- A question about science, history, or technology?  
- Assistance with a math problem or coding task?  
- Ideas for creative projects, study plans, or productivity tips?  
 pose pose<|im_end|>",True,3795953152,7.9803203379997285
133_common_gen_even_count_kna_t13,133,12,even_count,,13,2,64,41,2528,1410041463,common_gen,133,0,common_gen:validation:929,0,f194b45f7af684803404aa51aa636e7763082d83741e62454e36747cbde883ca,411b792265f5da2712f21ea1e755f590431e5a17426b146d5dc16bb52ca1b852,success,,256.0,256.0,256.0,False,,model_loaded,13.576075546996435,0.4097399810125353,1.2205686630040873,1.6303086440166226,1.6303086440166226,2422,36504,598686,1103281718,248320,"{""allowed_count"": 248068, ""expected_count"": 248068, ""missing_expected"": [], ""ok"": true, ""stop_token_ids"": [248046], ""unexpected_allowed"": []}",2.836086509996676,xgrammar,0.6308371180057293,2.264730492999661,12,64,"[2064, 4816, 678, 1876, 2493, 381, 31084, 0, 16018, 488, 4338, 35932, 1092, 488, 4035, 1040, 310, 4123, 11, 11290, 11, 466, 12804, 30, 1690, 3010, 25, 2228, 12, 357, 6673, 3377, 466, 11870, 23850, 30, 2228, 12, 23146, 1438, 318, 68, 1257, 2487, 22133, 11, 7112, 11, 13888, 11504, 2228, 12, 46472, 12622, 30, 2228, 12, 6070, 11, 7785, 11, 1637, 1637, 248046]","It seems your message might be incomplete! Could you please clarify what you'd like to discuss, solve, or explore? For example:  
- A math problem or logic puzzle?  
- Writing help (e.g., essays, stories, emails)?  
- Coding assistance?  
- Health, science, person person<|im_end|>",True,3795953152,8.150580383007764
134_common_gen_even_count_kna_t14,134,13,even_count,,14,2,64,44,2713,308012226,common_gen,134,0,common_gen:validation:682,0,787125dc97fcd9773215447c6cd200e18d73419e55652cb650b382e73ebe7bca,0f872d068354ba48c973210e396d01a635761a138d1abea9763c673655c3097f,success,,256.0,256.0,256.0,False,,model_loaded,13.800026385986712,0.4209824120043777,1.400098746002186,1.8210811580065638,1.8210811580065638,2608,41874,688066,1332379928,248320,"{""allowed_count"": 248068, ""expected_count"": 248068, ""missing_expected"": [], ""ok"": true, ""stop_token_ids"": [248046], ""unexpected_allowed"": []}",2.705712801005575,xgrammar,0.6201301519904518,2.208644374011783,12,64,"[2064, 4816, 1040, 678, 1876, 2597, 3799, 974, 0, 16018, 488, 35932, 1092, 488, 4035, 1040, 310, 4123, 466, 2466, 883, 30, 1690, 3010, 25, 2228, 12, 8448, 488, 3133, 383, 264, 2313, 466, 3377, 30, 2228, 12, 14235, 1438, 440, 4237, 11, 6157, 11, 466, 11190, 6498, 30, 2228, 12, 11893, 4602, 883, 12960, 1040, 7785, 11, 5269, 11, 7431, 11, 1438, 248046]","It seems like your message got cut off! Could you clarify what you'd like to discuss or ask about? For example:  
- Are you working on a project or problem?  
- Need help with writing, analysis, or creative ideas?  
- Have questions about topics like science, technology, culture, help<|im_end|>",True,3795953152,8.165064134998829
135_common_gen_even_count_kna_t15,135,14,even_count,,15,2,64,47,2898,1060376882,common_gen,135,0,common_gen:validation:666,0,e462b2f78ae481306913bda4cd945fb63cb64c15e7d943533cbbfc7aa47f5166,6ab9b303216c523a5cc2b886a66d9252d02338a5e9058fcd1fa58a42f88861a8,success,,256.0,256.0,256.0,False,,model_loaded,13.999040082999272,0.439772615005495,1.5752142239944078,2.014986838999903,2.014986838999903,2794,47610,783620,1590207692,248320,"{""allowed_count"": 248068, ""expected_count"": 248068, ""missing_expected"": [], ""ok"": true, ""stop_token_ids"": [248046], ""unexpected_allowed"": []}",2.7015571469964925,xgrammar,0.6122518479969585,2.283407097987947,12,64,"[2064, 4816, 678, 1876, 2493, 381, 31084, 0, 16018, 488, 35932, 1092, 488, 4035, 1040, 1438, 440, 30, 1690, 3010, 25, 2228, 12, 357, 3296, 883, 7785, 11, 5269, 11, 7431, 11, 466, 4437, 6337, 30, 2228, 12, 357, 1622, 364, 1928, 383, 264, 8282, 318, 68, 1257, 2487, 3712, 11, 15019, 11, 5640, 10104, 11504, 2228, 12, 44241, 440, 4237, 866, 866, 248046]","It seems your message might be incomplete! Could you clarify what you'd like help with? For example:  
- A question about science, technology, culture, or general knowledge?  
- A request for information on a topic (e.g., history, programming, travel tips)?  
- Assistance with writing any any<|im_end|>",True,3795953152,8.38841369500733
136_common_gen_even_count_kna_t16,136,15,even_count,,16,2,64,50,3083,2042865728,common_gen,136,0,common_gen:validation:971,0,479f45f157ff64b6d49426a8ca8ae87fb225e09b6452b9cce824f3ef44fb7fc6,0b12d0d2d4ebc39899b70f10a469625bba98fb3e1b6cbce4f5902b7ce4608caa,success,,256.0,256.0,256.0,False,,model_loaded,14.450347146004788,0.4569230869965395,1.755010446999222,2.2119335339957615,2.2119335339957615,2980,53712,885348,1878390050,248320,"{""allowed_count"": 248068, ""expected_count"": 248068, ""missing_expected"": [], ""ok"": true, ""stop_token_ids"": [248046], ""unexpected_allowed"": []}",2.6948384640127188,xgrammar,0.6195634110044921,2.236950649996288,12,64,"[2064, 4816, 678, 1876, 2597, 3799, 974, 0, 16018, 488, 35932, 1092, 488, 4035, 1040, 310, 4123, 466, 2466, 883, 30, 1690, 3010, 25, 2228, 12, 357, 3296, 883, 12688, 11, 7785, 11, 466, 5269, 30, 2228, 12, 11150, 440, 4237, 11, 10505, 11, 466, 3377, 94762, 30, 2228, 12, 69589, 383, 12960, 1040, 2730, 11, 6520, 11, 466, 7431, 30, 1245, 1245, 248046]","It seems your message got cut off! Could you clarify what you'd like to discuss or ask about? For example:  
- A question about facts, science, or technology?  
- Help with writing, coding, or problem-solving?  
- Insights on topics like health, education, or culture? right right<|im_end|>",True,3795953152,8.496008661997621
137_common_gen_odd_count_kna_t1,137,0,odd_count,,1,2,64,3,250,1129329098,common_gen,137,0,common_gen:validation:501,0,fbbb71b887ac9e421816eeecdf5bfee065362d5561144ecb1cb9eebb1a1f74e7,6bf1e26fb16ee498364ca9027cab54abf742c1570a8eaa9d0705302184c6d258,success,,256.0,256.0,256.0,False,,model_loaded,12.50424196899985,0.33046193899645004,0.03959880799811799,0.37006074699456804,0.37006074699456804,130,435,7043,1648542,248320,"{""allowed_count"": 248068, ""expected_count"": 248068, ""missing_expected"": [], ""ok"": true, ""stop_token_ids"": [248046], ""unexpected_allowed"": []}",2.9111891240027035,xgrammar,0.6305599720071768,2.2029563699907158,12,64,"[2064, 4816, 1040, 678, 1876, 2493, 381, 31084, 0, 16018, 488, 35932, 1092, 488, 4035, 1040, 1438, 440, 30, 1690, 3010, 25, 2228, 12, 14235, 9183, 383, 264, 8282, 30, 2228, 12, 22528, 310, 83783, 6498, 30, 2228, 12, 20482, 364, 1928, 30, 2228, 12, 2441, 2414, 745, 11040, 30, 18050, 9764, 728, 1366, 0, 25677, 232, 2228, 6391, 2592, 488, 8526, 77329, 248046]","It seems like your message might be incomplete! Could you clarify what you'd like help with? For example:  
- Need advice on a topic?  
- Want to brainstorm ideas?  
- Looking for information?  
- Or something else entirely?  

Let me know! 😊  
*(If you meant bathtub<|im_end|>",True,3795953152,6.878961214009905
138_common_gen_odd_count_kna_t2,138,1,odd_count,,2,2,64,6,375,373271689,common_gen,138,0,common_gen:validation:64,0,d3c0effa4c73df4dead5d4be7b5cf1fa0ef58d77be9f86e26f250bbbbad9528f,c8e4977268f53da6c5daadf37ede842383b8fe810b98c77c596b1355b77c3c35,success,,256.0,256.0,256.0,False,,model_loaded,12.513010196998948,0.3211497730080737,0.07735710000270046,0.39850687301077414,0.39850687301077414,256,1118,17703,6772309,248320,"{""allowed_count"": 248068, ""expected_count"": 248068, ""missing_expected"": [], ""ok"": true, ""stop_token_ids"": [248046], ""unexpected_allowed"": []}",2.7981266869901447,xgrammar,0.6275156839983538,2.2864972520037554,12,64,"[2064, 4816, 1040, 678, 1876, 2493, 381, 31084, 0, 16018, 488, 35932, 1092, 488, 4035, 1040, 310, 4123, 466, 2466, 883, 30, 1690, 3010, 25, 2228, 12, 357, 3050, 8282, 318, 68, 1257, 2487, 7785, 11, 5269, 11, 3712, 11504, 2228, 12, 357, 3296, 466, 3377, 488, 1144, 1438, 440, 30, 2228, 12, 23879, 745, 11040, 30, 18050, 9764, 728, 1366, 1204, 10017, 248046]","It seems like your message might be incomplete! Could you clarify what you'd like to discuss or ask about? For example:  
- A specific topic (e.g., science, technology, history)?  
- A question or problem you need help with?  
- Something else entirely?  

Let me know how kick<|im_end|>",True,3795953152,6.869746171010775
139_common_gen_odd_count_kna_t3,139,2,odd_count,,3,2,64,8,500,2089540959,common_gen,139,0,common_gen:validation:644,0,afc52e92ec0680370b9cb0c0dcc50f5a00f112723fa22aa1e1245d7fe939fe2a,4efac9593c7693b82479d7807ca947d0a3ff5153e9e85492ae4d29f03aaab5fc,success,,256.0,256.0,256.0,False,,model_loaded,12.372050297999522,0.3280317390017444,0.1202678650006419,0.44829960400238633,0.44829960400238633,382,2049,32049,16116503,248320,"{""allowed_count"": 248068, ""expected_count"": 248068, ""missing_expected"": [], ""ok"": true, ""stop_token_ids"": [248046], ""unexpected_allowed"": []}",2.814319550001528,xgrammar,0.6184682949970011,2.2752773679967504,12,64,"[2064, 4816, 1040, 678, 1876, 2597, 3799, 974, 0, 16018, 488, 4338, 35932, 1092, 488, 4035, 1040, 310, 4123, 466, 4191, 30, 1690, 3010, 25, 2228, 12, 357, 3050, 8282, 318, 68, 1257, 2487, 7785, 11, 3712, 11, 5269, 11504, 2228, 12, 357, 3296, 488, 1144, 1438, 34579, 30, 2228, 12, 23879, 488, 1318, 310, 12804, 89110, 30, 2228, 9764, 728, 1366, 6365, 248046]","It seems like your message got cut off! Could you please clarify what you'd like to discuss or share? For example:  
- A specific topic (e.g., science, history, technology)?  
- A question you need help answering?  
- Something you want to explore creatively?  
Let me know piece<|im_end|>",True,3795953152,6.949430388995097
140_common_gen_odd_count_kna_t4,140,3,odd_count,,4,2,64,10,625,1446895034,common_gen,140,0,common_gen:validation:513,0,9bdb41f76249c6f59fd385bdec629936e49553bf35432e20a0311cfde164c52d,fea22efd022ad78c8ecd54fbd584470ab95f0d25c1b477d4cc9aeca5eb9a7ca8,success,,256.0,256.0,256.0,False,,model_loaded,14.975443746996461,0.36912627999845427,0.16599757700168993,0.5351238570001442,0.5351238570001442,508,3228,50081,30425124,248320,"{""allowed_count"": 248068, ""expected_count"": 248068, ""missing_expected"": [], ""ok"": true, ""stop_token_ids"": [248046], ""unexpected_allowed"": []}",3.001366221011267,xgrammar,0.6480748550093267,2.2181203560030553,12,64,"[2064, 4816, 1040, 678, 1876, 2493, 381, 31084, 0, 16018, 488, 35932, 1092, 488, 4035, 1040, 310, 4123, 466, 1144, 1438, 440, 30, 1690, 3010, 25, 2228, 12, 357, 3050, 8282, 318, 68, 1257, 2487, 7785, 11, 3712, 11, 12641, 11504, 2228, 12, 357, 3296, 466, 3377, 310, 11290, 30, 2228, 12, 23879, 11190, 318, 68, 1257, 2487, 4237, 11, 6498, 11, 5388, 248046]","It seems like your message might be incomplete! Could you clarify what you'd like to discuss or need help with? For example:  
- A specific topic (e.g., science, history, tech)?  
- A question or problem to solve?  
- Something creative (e.g., writing, ideas, dog<|im_end|>",True,3795953152,7.161630201997468
141_common_gen_odd_count_kna_t5,141,4,odd_count,,5,2,64,12,750,1077562839,common_gen,141,0,common_gen:validation:97,0,e2c59d33097854d3a306bf4f2f3648dbb9fdd1bb8a6fead1e8b7f652d0c9c2ca,e88923213b5d4401b3d2668f4f48de8bfb5cfc276fe09dd9f9e9f31da036aa8b,success,,256.0,256.0,256.0,False,,model_loaded,14.484828012005892,0.37284877499041613,0.21444701000291388,0.58729578499333,0.58729578499333,634,4655,72792,50442172,248320,"{""allowed_count"": 248068, ""expected_count"": 248068, ""missing_expected"": [], ""ok"": true, ""stop_token_ids"": [248046], ""unexpected_allowed"": []}",2.8090575249952963,xgrammar,0.7430587720009498,2.205693413998233,12,64,"[2064, 4816, 1040, 678, 1876, 2597, 3799, 974, 0, 16018, 488, 4338, 35932, 1092, 488, 4035, 1040, 1438, 440, 30, 1690, 3010, 25, 2228, 12, 357, 3296, 466, 8282, 314, 2647, 30, 2228, 12, 44241, 440, 4237, 11, 6157, 11, 466, 11190, 944, 30, 2228, 12, 23879, 745, 11040, 30, 18050, 9764, 728, 1366, 1204, 353, 628, 1761, 488, 0, 25677, 232, 3626, 248046]","It seems like your message got cut off! Could you please clarify what you'd like help with? For example:  
- A question or topic of interest?  
- Assistance with writing, analysis, or creative work?  
- Something else entirely?  

Let me know how I can support you! 😊 house<|im_end|>",True,3795953152,7.2003096920088865
142_common_gen_odd_count_kna_t6,142,5,odd_count,,6,2,64,14,875,393881581,common_gen,142,0,common_gen:validation:43,0,fdfc26098473f267fc2d8aaa4bbb4d92602ed894f1c7995c5c89d84980100410,b6289e2bcef4006d79522374a9781c957b5f51a92c6ff23d6c8230f0daff765c,success,,256.0,256.0,256.0,False,,model_loaded,13.36317718900682,0.35520069500489626,0.2674740750080673,0.6226747700129636,0.6226747700129636,760,6330,99437,76911647,248320,"{""allowed_count"": 248068, ""expected_count"": 248068, ""missing_expected"": [], ""ok"": true, ""stop_token_ids"": [248046], ""unexpected_allowed"": []}",2.78180731300381,xgrammar,0.6342709120071959,1.8798663300112821,12,48,"[2064, 4816, 678, 1876, 2597, 3799, 974, 0, 16018, 488, 35932, 1092, 488, 4035, 1040, 310, 4123, 466, 1144, 1438, 440, 30, 12757, 424, 579, 264, 3296, 11, 4374, 11, 3377, 94762, 11, 466, 1066, 264, 15855, 10125, 11, 353, 2688, 1532, 310, 7543, 0, 25677, 232, 248046]","It seems your message got cut off! Could you clarify what you'd like to discuss or need help with? Whether it's a question, idea, problem-solving, or just a casual conversation, I'm here to assist! 😊<|im_end|>",True,3795754496,6.737572400990757
143_common_gen_odd_count_kna_t7,143,6,odd_count,,7,2,64,16,1000,1407680420,common_gen,143,0,common_gen:validation:187,0,7238eda6c3a7c5747da4abae0428d59d7c2bef32d9f4569b1a357d742bc5dfc9,faf672cf94005558a6642944d0a8c63953e67a0b9a4687b152a2673ccd5cf4e4,success,,256.0,256.0,256.0,False,,model_loaded,13.134635349997552,0.3797905969986459,0.32424570599687286,0.7040363029955188,0.7040363029955188,886,8253,130016,110577549,248320,"{""allowed_count"": 248068, ""expected_count"": 248068, ""missing_expected"": [], ""ok"": true, ""stop_token_ids"": [248046], ""unexpected_allowed"": []}",2.7838873129949206,xgrammar,0.6457078970124712,2.40480815799674,12,64,"[2064, 4816, 1040, 678, 1876, 2597, 3799, 974, 0, 16018, 488, 4338, 35932, 1092, 488, 4035, 1040, 310, 1366, 466, 4123, 30, 1690, 3010, 25, 2228, 12, 357, 3050, 8282, 318, 68, 1257, 2487, 7785, 11, 3712, 11, 5269, 11504, 2228, 12, 357, 3296, 466, 3377, 488, 2224, 3133, 383, 30, 2228, 12, 23879, 11190, 318, 68, 1257, 2487, 4237, 11, 6498, 5448, 248046]","It seems like your message got cut off! Could you please clarify what you'd like to know or discuss? For example:  
- A specific topic (e.g., science, history, technology)?  
- A question or problem you're working on?  
- Something creative (e.g., writing, ideas couple<|im_end|>",True,3795953152,7.398082714003976
144_common_gen_odd_count_kna_t8,144,7,odd_count,,8,2,64,18,1125,646014346,common_gen,144,0,common_gen:validation:277,0,fdf1e8bca1eed708fb1c7562fbaddefa1491cfe4892359aa0ab98a1718e7a3e7,dfd8b55deaec66be54737cb2aa2bc2d06253f53f3039cee1723b80064fc17c9f,success,,256.0,256.0,256.0,False,,model_loaded,12.530574350006646,0.36681627099460457,0.38448722299654037,0.7513034939911449,0.7513034939911449,1012,10424,164529,152183878,248320,"{""allowed_count"": 248068, ""expected_count"": 248068, ""missing_expected"": [], ""ok"": true, ""stop_token_ids"": [248046], ""unexpected_allowed"": []}",2.8349722050043056,xgrammar,0.6428187989949947,2.2446732069947757,12,64,"[9419, 0, 1049, 4816, 678, 1876, 2597, 3799, 974, 13, 16018, 488, 4338, 3300, 777, 3447, 466, 4434, 678, 3272, 30, 1690, 3010, 25, 2228, 12, 8448, 488, 9859, 264, 3296, 30, 2228, 12, 3054, 488, 1144, 1438, 440, 264, 3274, 318, 68, 1257, 2487, 4237, 11, 10505, 11, 39664, 11504, 2228, 12, 2441, 369, 1017, 2414, 3050, 488, 4035, 1040, 310, 5091, 248046]","Hello! It seems your message got cut off. Could you please provide more details or complete your thought? For example:  
- Are you asking a question?  
- Do you need help with a task (e.g., writing, coding, analyzing)?  
- Or is there something specific you'd like to receive<|im_end|>",True,3795953152,7.221657229005359
145_common_gen_odd_count_kna_t9,145,8,odd_count,,9,2,64,20,1250,1614181515,common_gen,145,0,common_gen:validation:768,0,ecb2462605df499abc3aefb6fad354edb0a02ba11ae563a3e64369c2b9081cf5,57d200b4400f67b4daeb268423322a2fa283d2dad5a09c7e72a8b0ddb8552769,success,,256.0,256.0,256.0,False,,model_loaded,13.01820205799595,0.37483137600065675,0.451001292996807,0.8258326689974638,0.8258326689974638,1138,12843,204093,202474634,248320,"{""allowed_count"": 248068, ""expected_count"": 248068, ""missing_expected"": [], ""ok"": true, ""stop_token_ids"": [248046], ""unexpected_allowed"": []}",3.1711582010029815,xgrammar,0.6445112150104251,2.2027931659977185,12,64,"[2064, 4816, 678, 1876, 2597, 3799, 974, 0, 16018, 488, 35932, 1092, 488, 4035, 1040, 310, 1366, 466, 4123, 30, 25677, 232, 1690, 3010, 25, 2228, 12, 357, 3050, 8282, 318, 68, 1257, 2487, 7785, 11, 3712, 11, 12641, 11504, 2228, 12, 357, 3296, 488, 2224, 9859, 30, 2228, 12, 23879, 11190, 318, 68, 1257, 2487, 264, 3255, 11, 4374, 11, 466, 3487, 248046]","It seems your message got cut off! Could you clarify what you'd like to know or discuss? 😊 For example:  
- A specific topic (e.g., science, history, tech)?  
- A question you're asking?  
- Something creative (e.g., a story, idea, or food<|im_end|>",True,3795953152,7.59914750099415
146_common_gen_odd_count_kna_t10,146,9,odd_count,,10,2,64,22,1375,1871991577,common_gen,146,0,common_gen:validation:262,0,96f61e2586d48d3991c58ee152445cd06314ed42468d98463eafcc5cd7f337d4,9bd8d20abf5368e7f0a840072c6ae39f3a3eb9b2492ded56b5c32c98ba95078c,success,,256.0,256.0,256.0,False,,model_loaded,13.038689932000125,0.37339265999617055,0.5214745910052443,0.8948672510014148,0.8948672510014148,1264,15510,247839,262193817,248320,"{""allowed_count"": 248068, ""expected_count"": 248068, ""missing_expected"": [], ""ok"": true, ""stop_token_ids"": [248046], ""unexpected_allowed"": []}",3.070174374995986,xgrammar,0.6451196120033273,2.2133934529992985,12,64,"[2064, 4816, 1040, 678, 1876, 2493, 381, 31084, 0, 16018, 488, 4338, 35932, 1092, 488, 4035, 1040, 310, 4123, 466, 2466, 883, 30, 1690, 3010, 25, 2228, 12, 357, 3050, 8282, 318, 68, 1257, 2487, 5269, 11, 3712, 11, 7785, 11504, 2228, 12, 357, 3377, 488, 2224, 4313, 310, 11290, 30, 2228, 12, 357, 3296, 488, 1144, 1438, 440, 30, 2228, 12, 14810, 248046]","It seems like your message might be incomplete! Could you please clarify what you'd like to discuss or ask about? For example:  
- A specific topic (e.g., technology, history, science)?  
- A problem you're trying to solve?  
- A question you need help with?  
- dance<|im_end|>",True,3795953152,7.584250006999355
147_common_gen_odd_count_kna_t11,147,10,odd_count,,11,2,64,24,1500,1936735672,common_gen,147,0,common_gen:validation:804,0,98287824a084857d3d8404e0593b52a9e4da3bfdc9267266081e241223fd0831,6c9e07518b0324da5e05d7b0e358cbbf2612beab246fd9533d328c5c40cdd1b6,success,,256.0,256.0,256.0,False,,model_loaded,13.062794501005556,0.3740860940015409,0.5949604049965274,0.9690464989980683,0.9690464989980683,1390,18425,295767,332085427,248320,"{""allowed_count"": 248068, ""expected_count"": 248068, ""missing_expected"": [], ""ok"": true, ""stop_token_ids"": [248046], ""unexpected_allowed"": []}",2.8983330960036255,xgrammar,0.6475289829977555,2.1991251449944684,12,64,"[2064, 5686, 1040, 678, 1876, 2493, 381, 31084, 0, 16018, 488, 35932, 1092, 488, 4035, 1040, 1438, 440, 30, 1690, 3010, 25, 2228, 12, 357, 3296, 466, 3377, 310, 11290, 30, 2228, 12, 7831, 883, 264, 8282, 318, 68, 1257, 2487, 3712, 11, 7785, 11, 12641, 11504, 2228, 12, 44241, 440, 4237, 11, 10505, 11, 6157, 11, 466, 3977, 745, 30, 2228, 5888, 248046]","It looks like your message might be incomplete! Could you clarify what you'd like help with? For example:  
- A question or problem to solve?  
- Information about a topic (e.g., history, science, tech)?  
- Assistance with writing, coding, analysis, or anything else?  
 hands<|im_end|>",True,3795953152,7.461385339003755
148_common_gen_odd_count_kna_t12,148,11,odd_count,,12,2,64,26,1625,136770606,common_gen,148,0,common_gen:validation:400,0,ef918d9ca402eec43bd2f387eb719b541c84db0cdecd9187a2a6eba82fd57473,97fa6e0a825ee7aac777b37884fbfe1d4f1614f9b0be53af5fcae213c2d54fe2,success,,256.0,256.0,256.0,False,,model_loaded,13.282398523006123,0.38367973000276834,0.677816335009993,1.0614960650127614,1.0614960650127614,1516,21588,347877,412893464,248320,"{""allowed_count"": 248068, ""expected_count"": 248068, ""missing_expected"": [], ""ok"": true, ""stop_token_ids"": [248046], ""unexpected_allowed"": []}",2.883922339999117,xgrammar,0.6235724029975245,2.2352155420085182,12,64,"[2064, 4816, 1040, 678, 1876, 2493, 381, 31084, 0, 16018, 488, 4338, 35932, 1092, 488, 4035, 1040, 1438, 440, 30, 1690, 3010, 25, 2228, 12, 3054, 488, 599, 264, 3296, 11, 3274, 11, 466, 3377, 488, 1144, 12622, 440, 30, 2228, 12, 8448, 488, 3221, 364, 1928, 11, 6498, 11, 466, 18252, 383, 264, 3050, 8282, 30, 2228, 12, 14149, 488, 31315, 2364, 248046]","It seems like your message might be incomplete! Could you please clarify what you'd like help with? For example:  
- Do you have a question, task, or problem you need assistance with?  
- Are you looking for information, ideas, or guidance on a specific topic?  
- Did you accidentally sit<|im_end|>",True,3795953152,7.56814864599437
149_common_gen_odd_count_kna_t13,149,12,odd_count,,13,2,64,28,1750,2070989985,common_gen,149,0,common_gen:validation:782,0,c8564b73ec0df13173a98ee4e15f38dc8e6f0aa9192002891504d8a2d7d80366,d841fcd11a097f1a39a5e288f73bd9065459e37a1594f3c5247788b41df257a2,success,,256.0,256.0,256.0,False,,model_loaded,13.086494371003937,0.39351036700827535,0.7587486550037283,1.1522590220120037,1.1522590220120037,1642,24999,404169,505361928,248320,"{""allowed_count"": 248068, ""expected_count"": 248068, ""missing_expected"": [], ""ok"": true, ""stop_token_ids"": [248046], ""unexpected_allowed"": []}",2.815243676988757,xgrammar,0.6366548090009019,2.2211780509969685,12,64,"[2064, 4816, 1040, 678, 1876, 2597, 3799, 974, 0, 16018, 488, 4338, 35932, 1092, 488, 4035, 1040, 1438, 440, 30, 1690, 3010, 25, 2228, 12, 357, 3296, 883, 7785, 11, 3712, 11, 466, 7431, 30, 2228, 12, 14235, 264, 3255, 11, 31708, 11, 466, 11190, 4237, 4374, 30, 2228, 12, 22528, 10104, 383, 24350, 11, 6618, 264, 9653, 11, 466, 70438, 11182, 3929, 248046]","It seems like your message got cut off! Could you please clarify what you'd like help with? For example:  
- A question about science, history, or culture?  
- Need a story, poem, or creative writing idea?  
- Want tips on productivity, learning a skill, or overcoming challenges front<|im_end|>",True,3795953152,7.5829450440069195
000_common_gen_kth_last_k1_t1_rep1,150,0,kth_last,1,1,2,64,3,250,1605197905,common_gen,0,1,common_gen:validation:157,0,c1b30ae65a8ad710e0bdcc7f458892ee71470c89148333196e1f8276c5ce8673,d558570fc051b342aa6bd9523bae570229f45bbbf660897776b104818482218e,success,,256.0,256.0,256.0,False,,model_loaded,12.039045671990607,0.33292572500067763,0.022062641000957228,0.35498836600163486,0.35498836600163486,130,312,5213,944740,248320,"{""allowed_count"": 248068, ""expected_count"": 248068, ""missing_expected"": [], ""ok"": true, ""stop_token_ids"": [248046], ""unexpected_allowed"": []}",2.876769124006387,xgrammar,0.6473199860047316,2.2010116309975274,12,64,"[40, 2688, 5354, 310, 1438, 0, 3437, 1000, 488, 1040, 310, 1366, 466, 4123, 30, 25677, 232, 271, 2381, 3010, 11, 353, 628, 25, 198, 12, 21134, 4602, 198, 12, 9357, 7112, 466, 22133, 198, 12, 61148, 6673, 5154, 198, 12, 79091, 18369, 198, 12, 11150, 440, 10505, 198, 12, 2441, 1066, 6040, 883, 3977, 488, 2224, 7763, 303, 271, 3710, 1000, 3008, 248046]","I'm ready to help! What would you like to know or discuss? 😊

For example, I can:
- Answer questions
- Write stories or essays
- Solve math problems
- Explain concepts
- Help with coding
- Or just chat about anything you're interested in

What would side<|im_end|>",True,3795953152,6.823494970987667
001_common_gen_kth_last_k3_t1_rep1,151,1,kth_last,3,1,2,64,5,364,1449557853,common_gen,1,1,common_gen:validation:82,0,80b93559f0b003e56cfeead7c2cd5b858ccb08f0ab8cd63295de7f09fafc5a77,9077b241076bd48d9c76657c3f90110d448ba2cc094ae06f1c96d9b767a9eb5b,success,,256.0,256.0,256.0,False,,model_loaded,12.020017711998662,0.34223535799537785,0.05783757100289222,0.40007292899827007,0.40007292899827007,248,668,11575,4302259,248320,"{""allowed_count"": 248068, ""expected_count"": 248068, ""missing_expected"": [], ""ok"": true, ""stop_token_ids"": [248046], ""unexpected_allowed"": []}",2.764160120001179,xgrammar,0.644823227004963,2.254822791001061,12,64,"[9419, 0, 2500, 628, 353, 7543, 488, 3242, 30, 25677, 232, 12757, 488, 1144, 1438, 440, 264, 3296, 11, 1144, 310, 9665, 264, 1876, 11, 1318, 310, 83783, 6498, 11, 466, 1066, 1144, 264, 10125, 11, 2579, 1845, 310, 1042, 728, 1366, 1092, 488, 4035, 1040, 310, 635, 0, 271, 3710, 579, 383, 678, 3838, 30, 10838, 234, 253, 169379, 26405, 74, 198, 248046]","Hello! How can I assist you today? 😊 Whether you need help with a question, need to draft a message, want to brainstorm ideas, or just need a conversation, feel free to let me know what you'd like to do!

What's on your mind? 🌟✨ tirek
<|im_end|>",True,3795953152,6.829433767998125
002_common_gen_kth_last_k4_t1_rep1,152,2,kth_last,4,1,2,64,6,418,400397256,common_gen,2,1,common_gen:validation:988,0,997440c05fc0aa89e848ea86c95501938163529db31d1c96f9d6990177c27e9e,b9bd809ad7667c8f65c6de7ebc8721d7a6a2b94811d50f5980a08c26423d9b7c,success,,256.0,256.0,256.0,False,,model_loaded,12.66232912200212,0.33325673500075936,0.07365384200238623,0.4069105770031456,0.4069105770031456,304,837,14600,6715423,248320,"{""allowed_count"": 248068, ""expected_count"": 248068, ""missing_expected"": [], ""ok"": true, ""stop_token_ids"": [248046], ""unexpected_allowed"": []}",3.199694253009511,xgrammar,0.6280454360094154,2.211464830004843,12,64,"[2064, 4816, 678, 1876, 2597, 3799, 974, 0, 16018, 488, 35932, 1092, 488, 4035, 1040, 310, 4123, 466, 1438, 440, 30, 1690, 3010, 25, 2228, 12, 357, 3050, 8282, 318, 68, 1257, 2487, 7785, 11, 3712, 11, 12641, 11504, 2228, 12, 357, 3296, 466, 3377, 488, 2224, 3133, 383, 30, 2228, 12, 23502, 6498, 318, 65928, 11, 6859, 11, 3222, 11336, 11504, 2228, 248046]","It seems your message got cut off! Could you clarify what you'd like to discuss or help with? For example:  
- A specific topic (e.g., science, history, tech)?  
- A question or problem you're working on?  
- Creative ideas (stories, projects, holdouts)?  
<|im_end|>",True,3795953152,7.206956512993202
003_common_gen_kth_last_k6_t1_rep1,153,3,kth_last,6,1,2,64,8,520,246062452,common_gen,3,1,common_gen:validation:410,0,8712cb7426ec9205071fe041542e54eeef34177f4eaa86009b0df6c8c9c38666,935d79c1c31b94b42b4914a5f7048429aa2a7c3d087cb62c32a753fc4f844a24,success,,256.0,256.0,256.0,False,,model_loaded,12.469749477997539,0.33475060199270956,0.10552635599742644,0.440276957990136,0.440276957990136,410,1157,20338,12729820,248320,"{""allowed_count"": 248068, ""expected_count"": 248068, ""missing_expected"": [], ""ok"": true, ""stop_token_ids"": [248046], ""unexpected_allowed"": []}",2.9658255820104387,xgrammar,0.629606981005054,2.2145785040047485,12,64,"[2064, 4816, 678, 1876, 2493, 381, 31084, 0, 16018, 488, 4338, 35932, 1092, 488, 4035, 1040, 310, 1366, 466, 4123, 30, 1690, 3010, 25, 2228, 12, 8448, 488, 3221, 364, 1438, 440, 264, 3050, 8282, 318, 68, 1257, 2487, 7785, 11, 5269, 11, 7431, 11504, 2228, 12, 3054, 488, 1144, 61535, 383, 264, 3555, 10125, 30, 2228, 2418, 539, 364, 678, 1727, 3134, 248046]","It seems your message might be incomplete! Could you please clarify what you'd like to know or discuss? For example:  
- Are you looking for help with a specific topic (e.g., science, technology, culture)?  
- Do you need clarification on a previous conversation?  
 stand by for your next query<|im_end|>",True,3795953152,7.0258539089991245
004_common_gen_kth_last_k7_t1_rep1,154,4,kth_last,7,1,2,64,9,568,1987945104,common_gen,4,1,common_gen:validation:699,0,73308990a339f1f6d713a37b0fbee01e6e9556067197d975aa3cd16abe954ff4,cebf87340eb1a838bd06c682b35e0c78909ba540a7c33dbd9c89807dd90e9144,success,,256.0,256.0,256.0,False,,model_loaded,12.5517546540068,0.33414965799602214,0.12117738601227757,0.4553270440082997,0.4553270440082997,460,1308,23051,16224733,248320,"{""allowed_count"": 248068, ""expected_count"": 248068, ""missing_expected"": [], ""ok"": true, ""stop_token_ids"": [248046], ""unexpected_allowed"": []}",2.8310732539976016,xgrammar,0.6368346710078185,2.1727124499884667,12,64,"[2064, 4816, 1040, 678, 1876, 2597, 3799, 974, 0, 16018, 488, 4338, 3300, 777, 3447, 466, 35932, 1092, 488, 4035, 1040, 1438, 440, 30, 12757, 424, 579, 264, 3296, 11, 264, 1622, 364, 1928, 11, 466, 1066, 264, 15855, 10125, 11, 353, 2688, 1532, 310, 7543, 0, 25677, 232, 9008, 239, 229, 271, 2381, 3010, 25, 2100, 10335, 369, 364, 279, 4437, 569, 248046]","It seems like your message got cut off! Could you please provide more details or clarify what you'd like help with? Whether it's a question, a request for information, or just a casual conversation, I'm here to assist! 😊👇

For example: target audience is for the general public<|im_end|>",True,3795953152,6.913175846013473
005_common_gen_kth_last_k9_t1_rep1,155,5,kth_last,9,1,2,64,11,658,798250124,common_gen,5,1,common_gen:validation:18,0,43372443c774a512ea805a9ba98004bd3218162e93885c18cdf6d7895a90ac7d,73d4b80ef979c2b3683336e4579700df26a2787662c9c9225f185ea2c7438137,success,,256.0,256.0,256.0,False,,model_loaded,12.5228713050019,0.32943386799888685,0.1502980390068842,0.47973190700577106,0.47973190700577106,554,1592,28385,23939128,248320,"{""allowed_count"": 248068, ""expected_count"": 248068, ""missing_expected"": [], ""ok"": true, ""stop_token_ids"": [248046], ""unexpected_allowed"": []}",2.9094245989981573,xgrammar,0.6195929259993136,2.270302952005295,12,64,"[2064, 4816, 1040, 678, 1876, 2493, 381, 31084, 0, 16018, 488, 4338, 35932, 1092, 488, 4035, 1040, 310, 4123, 466, 2466, 883, 30, 1690, 3010, 25, 2228, 12, 357, 3050, 8282, 318, 68, 1257, 2487, 5269, 11, 7785, 11, 7431, 11504, 2228, 12, 357, 3296, 488, 2224, 3133, 383, 30, 2228, 12, 23879, 745, 1375, 3309, 23641, 30, 18050, 9764, 728, 1366, 1204, 248046]","It seems like your message might be incomplete! Could you please clarify what you'd like to discuss or ask about? For example:  
- A specific topic (e.g., technology, science, culture)?  
- A question you're working on?  
- Something else hand-in-hand?  

Let me know how<|im_end|>",True,3795953152,7.028738307999447
006_common_gen_kth_last_k11_t1_rep1,156,6,kth_last,11,1,2,64,13,740,382860176,common_gen,6,1,common_gen:validation:529,0,62c69db64f242950b080e97a5e82cfaf962f56b751c7b04a684e80fa5539155a,634707dd57c75af1f9769d0c93f016429037ab51ce06126cb87c2e09651dcabb,success,,256.0,256.0,256.0,False,,model_loaded,12.358579565989203,0.32895380799891427,0.17781196998839732,0.5067657779873116,0.5067657779873116,640,1852,33495,32308375,248320,"{""allowed_count"": 248068, ""expected_count"": 248068, ""missing_expected"": [], ""ok"": true, ""stop_token_ids"": [248046], ""unexpected_allowed"": []}",2.7838429850089597,xgrammar,0.6307418579963269,2.198948938996182,12,64,"[2064, 4816, 1040, 678, 1876, 2597, 3799, 974, 0, 16018, 488, 4338, 35932, 1092, 488, 4035, 1040, 310, 4123, 466, 2466, 883, 30, 1690, 3010, 25, 2228, 12, 357, 3296, 883, 7785, 11, 3712, 11, 466, 5269, 30, 2228, 12, 357, 1622, 364, 1438, 440, 264, 3274, 318, 68, 1257, 2487, 6673, 2015, 5072, 11, 11190, 4237, 11504, 2228, 12, 23879, 745, 11040, 248046]","It seems like your message got cut off! Could you please clarify what you'd like to discuss or ask about? For example:  
- A question about science, history, or technology?  
- A request for help with a task (e.g., math team-up, creative writing)?  
- Something else entirely<|im_end|>",True,3795953152,6.888129059996572
007_common_gen_kth_last_k12_t1_rep1,157,7,kth_last,12,1,2,64,14,778,590025292,common_gen,7,1,common_gen:validation:695,0,76c1cebf3025e290b27c7f2c9815a1ea4add53d14147f8cb80f7286e57903013,21ecfd8efe9953b5f8ea0805f52a2d97dd8f807b435e214d714d48701d723d89,success,,256.0,256.0,256.0,False,,model_loaded,12.47762867900019,0.3472735920076957,0.1904410820134217,0.5377146740211174,0.5377146740211174,680,1973,35876,36629323,248320,"{""allowed_count"": 248068, ""expected_count"": 248068, ""missing_expected"": [], ""ok"": true, ""stop_token_ids"": [248046], ""unexpected_allowed"": []}",2.7904678050108487,xgrammar,0.6369916420080699,2.191576690005604,12,64,"[2064, 4816, 1040, 678, 1876, 2493, 381, 31084, 0, 16018, 488, 35932, 1092, 488, 4035, 1040, 310, 4123, 466, 11290, 30, 1690, 3010, 25, 2228, 12, 357, 6673, 3377, 30, 2228, 12, 357, 11190, 4237, 4374, 30, 2228, 12, 46472, 1438, 30, 2228, 12, 23879, 745, 11040, 30, 18050, 9658, 1042, 8329, 0, 25677, 232, 9008, 248, 222, 2228, 7, 2126, 11, 413, 248046]","It seems like your message might be incomplete! Could you clarify what you'd like to discuss or solve? For example:  
- A math problem?  
- A creative writing idea?  
- Coding help?  
- Something else entirely?  

Just let street! 😊🚀  
(Or, if<|im_end|>",True,3795953152,6.965060693997657
008_common_gen_kth_last_k14_t1_rep1,158,8,kth_last,14,1,2,64,16,848,395266010,common_gen,8,1,common_gen:validation:700,0,c6d90ae7f7cdf2a54e5e1d59e452426fea8cbb0efc5768fe9270fb38868c2f9a,23b458e8308fe8879bdf3807e5018f708c7477af9ff55edad3c32e2c7e8bab6e,success,,256.0,256.0,256.0,False,,model_loaded,12.341666366002755,0.34793028100102674,0.21342505699431058,0.5613553379953373,0.5613553379953373,754,2197,40290,45342808,248320,"{""allowed_count"": 248068, ""expected_count"": 248068, ""missing_expected"": [], ""ok"": true, ""stop_token_ids"": [248046], ""unexpected_allowed"": []}",2.8579081909992965,xgrammar,0.6310868139989907,2.179032191997976,12,64,"[2064, 4816, 1040, 678, 1876, 2597, 3799, 974, 0, 16018, 488, 4338, 35932, 1092, 488, 4035, 1040, 310, 4123, 466, 4434, 30, 1690, 3010, 25, 2228, 12, 357, 3296, 883, 7785, 11, 5269, 11, 7431, 11, 466, 3712, 30, 2228, 12, 11150, 440, 264, 6673, 3377, 466, 19214, 23850, 62649, 30, 2228, 12, 84595, 364, 5640, 11, 61169, 11, 466, 6618, 30, 2228, 248046]","It seems like your message got cut off! Could you please clarify what you'd like to discuss or complete? For example:  
- A question about science, technology, culture, or history?  
- Help with a math problem or logical puzzle graffiti?  
- Suggestions for travel, hobbies, or learning?  
<|im_end|>",True,3795953152,7.064110299004824
009_common_gen_kth_last_k16_t1_rep1,159,9,kth_last,16,1,2,64,18,910,1088972404,common_gen,9,1,common_gen:validation:631,0,641e1bc688c3f347a2cb31118f45115eb4720bebb807bffe047dadc373cd5291,aaaf63911757a56a67ea7d6eb044bb1927e07fd4fd3c2e1adfa45d43d51463ee,success,,256.0,256.0,256.0,False,,model_loaded,12.42133921101049,0.31672183200134896,0.2362361349951243,0.5529579669964733,0.5529579669964733,820,2397,44240,53906905,248320,"{""allowed_count"": 248068, ""expected_count"": 248068, ""missing_expected"": [], ""ok"": true, ""stop_token_ids"": [248046], ""unexpected_allowed"": []}",2.765814597005374,xgrammar,0.6342125000082888,2.263599346988485,12,64,"[2064, 4816, 1040, 678, 1876, 2597, 3799, 974, 0, 16018, 488, 4338, 35932, 1092, 488, 4035, 1040, 310, 1366, 466, 4123, 30, 1690, 3010, 25, 2228, 12, 357, 3050, 8282, 318, 68, 1257, 2487, 7785, 11, 5269, 11, 3712, 11504, 2228, 12, 357, 3296, 883, 2414, 3820, 28992, 37214, 303, 2972, 42, 48299, 193260, 2228, 12, 23879, 745, 11040, 30, 18050, 9764, 728, 248046]","It seems like your message got cut off! Could you please clarify what you'd like to know or discuss? For example:  
- A specific topic (e.g., science, technology, history)?  
- A question about something particular tourist attractions in **Kerala**?  
- Something else entirely?  

Let me<|im_end|>",True,3795953152,6.98024098300084
010_common_gen_kth_last_k17_t1_rep1,160,10,kth_last,17,1,2,64,19,938,1028610638,common_gen,10,1,common_gen:validation:502,0,7e8334b8a3f0fc9739a9f733c75614b7bb10e5e414110b0937cf313f69f3af45,29c4d9915de7642ffa4f961d390af529f1aeb3bd125ecbadb594f5af62235435,success,,256.0,256.0,256.0,False,,model_loaded,14.67214654700365,0.3842522740014829,0.24726053699851036,0.6315128109999932,0.6315128109999932,850,2488,46041,58048588,248320,"{""allowed_count"": 248068, ""expected_count"": 248068, ""missing_expected"": [], ""ok"": true, ""stop_token_ids"": [248046], ""unexpected_allowed"": []}",3.0710843919951003,xgrammar,0.656083308000234,2.1882088109996403,12,64,"[2064, 5686, 1040, 678, 1876, 2493, 381, 31084, 0, 16018, 488, 35932, 1092, 488, 4035, 1040, 310, 4123, 466, 2466, 883, 30, 1690, 3010, 25, 2228, 12, 357, 3296, 11, 3377, 11, 466, 3274, 30, 2228, 12, 22185, 364, 26702, 11, 6618, 11, 466, 944, 30, 4062, 728, 440, 678, 10976, 0, 25677, 232, 2228, 12, 4450, 2579, 1845, 310, 4191, 777, 13, 248046]","It looks like your message might be incomplete! Could you clarify what you'd like to discuss or ask about? For example:  
- A question, problem, or task?  
- Ideas for creativity, learning, or work? hit me with your thoughts! 😊  
- Just feel free to share more.<|im_end|>",True,3795953152,7.506844729010481
011_common_gen_kth_last_k19_t1_rep1,161,11,kth_last,19,1,2,64,21,988,1170513678,common_gen,11,1,common_gen:validation:964,0,936028cedee07c68ba412dbcd12ecb9874d7ee5019436053f4342a98399387aa,1c5982106d26d6548a4b9abc4b55005745927b50f2b832fcb952058610c4ec98,success,,256.0,256.0,256.0,False,,model_loaded,14.557437187002506,0.37832275799883064,0.2668878800031962,0.6452106380020268,0.6452106380020268,904,2652,49295,65899963,248320,"{""allowed_count"": 248068, ""expected_count"": 248068, ""missing_expected"": [], ""ok"": true, ""stop_token_ids"": [248046], ""unexpected_allowed"": []}",3.074583049994544,xgrammar,0.6497840099909808,2.2436868229997344,12,64,"[2064, 4816, 1040, 678, 1876, 2597, 3799, 974, 0, 16018, 488, 4338, 3300, 777, 3447, 466, 4434, 678, 3272, 30, 1690, 3010, 25, 2228, 12, 8448, 488, 9859, 264, 3296, 30, 2228, 12, 3054, 488, 1144, 1438, 440, 264, 3050, 8282, 318, 68, 1257, 3609, 12368, 11, 10505, 11, 5640, 11504, 2228, 12, 2091, 1017, 449, 1412, 466, 23644, 919, 488, 4035, 1040, 248046]","It seems like your message got cut off! Could you please provide more details or complete your thought? For example:  
- Are you asking a question?  
- Do you need help with a specific topic (e.g watch repair, coding, travel)?  
- Is there an error or unclear part you'd like<|im_end|>",True,3795953152,7.545440091998898
012_common_gen_kth_last_k20_t1_rep1,162,12,kth_last,20,1,2,64,22,1010,1698868490,common_gen,12,1,common_gen:validation:792,0,301d902963ab6ce3377c9f13be940e057d2e86e396f45ad1268ca7db50719334,418ee5494d788dd570216f1423de1eb28e5c8d1d22f32f61c8eee1e475683420,success,,256.0,256.0,256.0,False,,model_loaded,14.513037935990724,0.3806694250088185,0.276672702995711,0.6573421280045295,0.6573421280045295,928,2725,50748,69555127,248320,"{""allowed_count"": 248068, ""expected_count"": 248068, ""missing_expected"": [], ""ok"": true, ""stop_token_ids"": [248046], ""unexpected_allowed"": []}",3.053077584991115,xgrammar,0.6516146030044183,2.204478857005597,12,64,"[2064, 4816, 678, 1876, 2493, 381, 31084, 0, 16018, 488, 4338, 35932, 1092, 488, 4035, 1040, 310, 4123, 466, 2466, 883, 30, 1690, 3010, 25, 2228, 12, 357, 3050, 8282, 318, 68, 1257, 2487, 7785, 11, 3712, 11, 5269, 11504, 2228, 12, 357, 8941, 1223, 3296, 466, 3377, 30, 2228, 12, 23879, 11190, 318, 68, 1257, 2487, 4237, 11, 83783, 286, 11504, 2228, 248046]","It seems your message might be incomplete! Could you please clarify what you'd like to discuss or ask about? For example:  
- A specific topic (e.g., science, history, technology)?  
- A stickier question or problem?  
- Something creative (e.g., writing, brainstorming)?  
<|im_end|>",True,3795953152,7.504661721992306
013_common_gen_kth_last_k22_t1_rep1,163,13,kth_last,22,1,2,64,24,1048,264401576,common_gen,13,1,common_gen:validation:164,0,bb05afc120e17615c053976639e8a85af88947682ccd63e2d90574f78f6c268c,5b8378fa25e25bceaabfa86e3a2706f1a4790db35cfabbfed061b918b17254d6,success,,256.0,256.0,256.0,False,,model_loaded,13.812407855992205,0.376303472003201,0.29020691200275905,0.6665103840059601,0.6665103840059601,970,2853,53306,76203028,248320,"{""allowed_count"": 248068, ""expected_count"": 248068, ""missing_expected"": [], ""ok"": true, ""stop_token_ids"": [248046], ""unexpected_allowed"": []}",3.0627015420031967,xgrammar,0.6488197120052064,2.19319256900053,12,64,"[2064, 4816, 678, 1876, 2597, 3799, 974, 0, 16018, 488, 4338, 35932, 1092, 488, 4035, 1040, 310, 4123, 466, 2466, 883, 30, 1690, 3010, 25, 2228, 12, 357, 3296, 466, 8282, 488, 2224, 21520, 883, 30, 2228, 12, 11150, 440, 264, 7538, 1151, 11, 1740, 11, 466, 1740, 12368, 30, 2228, 12, 23879, 745, 11040, 30, 18050, 9764, 728, 1366, 11, 321, 353, 248046]","It seems your message got cut off! Could you please clarify what you'd like to discuss or ask about? For example:  
- A question or topic you're curious about?  
- Help with a jump start, car, or car repair?  
- Something else entirely?  

Let me know, and I<|im_end|>",True,3795953152,7.508131015987601
014_common_gen_kth_last_k24_t1_rep1,164,14,kth_last,24,1,2,64,26,1078,1709182379,common_gen,14,1,common_gen:validation:878,0,81e2891b3bd698e11dc0d4f1009dcf2d6084984706b2c752065acff580863e16,c802ad96bfe1365266016df3db2b95b1e2fda2ae4c89b5253362fbc716b3ccc3,success,,256.0,256.0,256.0,False,,model_loaded,12.622290547005832,0.3498982739984058,0.2986322659999132,0.648530539998319,0.648530539998319,1004,2957,55400,81829093,248320,"{""allowed_count"": 248068, ""expected_count"": 248068, ""missing_expected"": [], ""ok"": true, ""stop_token_ids"": [248046], ""unexpected_allowed"": []}",2.847398476995295,xgrammar,0.6480866119964048,2.1993014229956316,12,64,"[2064, 4816, 1040, 678, 1876, 2597, 3799, 974, 0, 16018, 488, 4338, 3300, 777, 3447, 466, 4434, 678, 3272, 30, 1690, 3010, 25, 2228, 12, 3437, 8282, 1000, 488, 1040, 310, 4123, 30, 2228, 12, 8448, 488, 3221, 364, 55201, 470, 67344, 18066, 11, 13383, 31393, 6498, 11, 466, 2414, 745, 30, 2228, 12, 2441, 369, 1017, 264, 3050, 3296, 488, 1144, 1438, 248046]","It seems like your message got cut off! Could you please provide more details or complete your thought? For example:  
- What topic would you like to discuss?  
- Are you looking for peelable popcorn recipes, fruit salad ideas, or something else?  
- Or is there a specific question you need help<|im_end|>",True,3795953152,7.104647158004809
015_common_gen_kth_last_k25_t1_rep1,165,15,kth_last,25,1,2,64,27,1090,1638486433,common_gen,15,1,common_gen:validation:591,0,fd7ee7789cb3f04c6ffb105c37a0a22fe3701eeedf93ac187613d092564710fd,70232079df9bc65ae6bb527ec74bdfb521c6a445de4679195131e613cefa84b9,success,,256.0,256.0,256.0,False,,model_loaded,12.635943526998744,0.363635225003236,0.3048961699969368,0.6685313950001728,0.6685313950001728,1018,3000,56273,84214432,248320,"{""allowed_count"": 248068, ""expected_count"": 248068, ""missing_expected"": [], ""ok"": true, ""stop_token_ids"": [248046], ""unexpected_allowed"": []}",2.8806476530007785,xgrammar,0.6459619820088847,2.256975919008255,12,64,"[2064, 4816, 1040, 678, 1876, 2493, 381, 31084, 0, 16018, 488, 35932, 1092, 488, 4035, 1040, 310, 1366, 466, 4123, 30, 1690, 3010, 25, 2228, 12, 357, 3296, 883, 12960, 1040, 7785, 11, 5269, 11, 7431, 11, 466, 5484, 6618, 30, 2228, 12, 11150, 440, 264, 6673, 3377, 11, 10505, 8381, 11, 466, 11870, 23850, 30, 2228, 12, 84595, 364, 6618, 11, 24350, 248046]","It seems like your message might be incomplete! Could you clarify what you'd like to know or discuss? For example:  
- A question about topics like science, technology, culture, or machine learning?  
- Help with a math problem, coding challenge, or logic puzzle?  
- Suggestions for learning, productivity<|im_end|>",True,3795953152,7.23065096999926
016_common_gen_kth_last_k27_t1_rep1,166,16,kth_last,27,1,2,64,29,1108,1674613536,common_gen,16,1,common_gen:validation:405,0,3bddc70afcb966b2b3b9350ae8cf5206c7645f76fa29fda16cde4ba0d5608ed1,839510ac44bf46f6aae9916f27d756e0b662f4d04d3afd80ac3e52065d27cb14,success,,256.0,256.0,256.0,False,,model_loaded,12.681344238997553,0.3378331689891638,0.31247184799576644,0.6503050169849303,0.6503050169849303,1040,3068,57671,88058143,248320,"{""allowed_count"": 248068, ""expected_count"": 248068, ""missing_expected"": [], ""ok"": true, ""stop_token_ids"": [248046], ""unexpected_allowed"": []}",2.9613732930010883,xgrammar,0.6331633780064294,2.236799582999083,12,64,"[2064, 5686, 1040, 678, 1876, 2493, 381, 31084, 0, 16018, 488, 35932, 1092, 488, 4035, 1040, 310, 4123, 466, 2466, 883, 30, 12757, 424, 579, 264, 3296, 11, 264, 1622, 364, 1438, 11, 466, 2414, 745, 9558, 2579, 1845, 310, 1042, 728, 1366, 0, 25677, 232, 9008, 239, 233, 271, 2381, 3010, 25, 2228, 12, 14235, 12622, 440, 264, 3274, 30, 2228, 12, 248046]","It looks like your message might be incomplete! Could you clarify what you'd like to discuss or ask about? Whether it's a question, a request for help, or something else wear feel free to let me know! 😊👋

For example:  
- Need assistance with a task?  
-<|im_end|>",True,3795953152,7.249450738003361
017_common_gen_kth_last_k29_t1_rep1,167,17,kth_last,29,1,2,64,31,1118,1658722375,common_gen,17,1,common_gen:validation:414,0,b36c0d97bcd7f6b806a22aed8a0094fbec8d4b08c2572d9e876bbdf272e1450d,f6fad3cfc329546759468d75e63180d91a29372eba144e29032af5d01f2e1057,success,,256.0,256.0,256.0,False,,model_loaded,12.518071400001645,0.3512967089918675,0.32715435700083617,0.6784510659927037,0.6784510659927037,1054,3112,58605,90593698,248320,"{""allowed_count"": 248068, ""expected_count"": 248068, ""missing_expected"": [], ""ok"": true, ""stop_token_ids"": [248046], ""unexpected_allowed"": []}",2.821634980995441,xgrammar,0.643253376998473,2.173978053004248,12,64,"[2064, 4816, 1040, 678, 1876, 2493, 381, 31084, 0, 16018, 488, 35932, 1092, 488, 4035, 1040, 1438, 440, 30, 1690, 3010, 25, 2228, 12, 3054, 488, 1144, 1438, 440, 264, 3050, 8282, 318, 68, 34793, 2631, 11, 5269, 11, 4831, 5946, 30, 2228, 12, 8448, 488, 9859, 264, 3296, 11, 31733, 449, 15673, 11, 466, 2414, 745, 30, 2228, 12, 2091, 1017, 264, 248046]","It seems like your message might be incomplete! Could you clarify what you'd like help with? For example:  
- Do you need help with a specific topic (e duckling, technology, etc.)?  
- Are you asking a question, needing an explanation, or something else?  
- Is there a<|im_end|>",True,3795953152,7.0907025299966335
018_common_gen_kth_last_k30_t1_rep1,168,18,kth_last,30,1,2,64,32,1120,1745670586,common_gen,18,1,common_gen:validation:210,0,f4472b1cf6da6dacecebd041f25519026169dfdfb6ae436e2052af90fdff0406,82f288ceb8edd89be1a24c48e16be11a89f6bd2b557f0a40804fd31d7c49187f,success,,256.0,256.0,256.0,False,,model_loaded,12.561027740986901,0.3459005180047825,0.31877874900237657,0.6646792670071591,0.6646792670071591,1058,3125,58898,91351312,248320,"{""allowed_count"": 248068, ""expected_count"": 248068, ""missing_expected"": [], ""ok"": true, ""stop_token_ids"": [248046], ""unexpected_allowed"": []}",2.8798152409872273,xgrammar,0.642296706995694,2.1980760360020213,12,64,"[2064, 4816, 1040, 678, 1876, 2493, 381, 31084, 0, 16018, 488, 35932, 1092, 488, 4035, 1040, 1438, 440, 30, 1690, 3010, 25, 2228, 12, 357, 3296, 466, 3377, 310, 11290, 30, 2228, 12, 1353, 364, 1928, 466, 4802, 30, 2228, 12, 12622, 440, 4237, 11, 10505, 11, 6157, 11, 466, 2414, 745, 30, 18050, 9658, 1042, 728, 1366, 0, 25677, 232, 169379, 2228, 248046]","It seems like your message might be incomplete! Could you clarify what you'd like help with? For example:  
- A question or problem to solve?  
- look for information or resources?  
- assistance with writing, coding, analysis, or something else?  

Just let me know! 😊✨  
<|im_end|>",True,3795953152,7.159420055992086
019_common_gen_kth_last_k32_t1_rep1,169,19,kth_last,32,1,2,64,34,1118,794528412,common_gen,19,1,common_gen:validation:905,0,9416d6b810db18f8add0ac9fea8b85692b93adae4568b5696a2315bacf290b81,9d6634a3ffd241f47a07c0571be19f504f50bf36d3baa0ab5af8e0b225117505,success,,256.0,256.0,256.0,False,,model_loaded,12.636894568990101,0.35678096099582035,0.3202394539985107,0.6770204149943311,0.6770204149943311,1060,3133,59136,91824434,248320,"{""allowed_count"": 248068, ""expected_count"": 248068, ""missing_expected"": [], ""ok"": true, ""stop_token_ids"": [248046], ""unexpected_allowed"": []}",2.8274583829916082,xgrammar,0.6407784479961265,2.1763573919888586,12,64,"[2064, 4816, 1040, 678, 1876, 2597, 3799, 974, 0, 16018, 488, 4338, 35932, 1092, 488, 4035, 1040, 310, 1366, 466, 4123, 30, 1690, 3010, 25, 2228, 12, 357, 3050, 8282, 318, 8697, 1943, 11, 15019, 11, 3712, 11, 4831, 5946, 2228, 12, 357, 3296, 466, 3377, 488, 1144, 1438, 440, 2228, 12, 357, 3274, 318, 24501, 11, 10505, 11, 6157, 11, 4831, 5946, 248046]","It seems like your message got cut off! Could you please clarify what you'd like to know or discuss? For example:  
- A specific topic ( bagels, programming, history, etc.)  
- A question or problem you need help with  
- A task (writing, coding, analysis, etc.)<|im_end|>",True,3795953152,7.101260955008911
020_common_gen_kth_last_k33_t1_rep1,170,20,kth_last,33,1,2,64,35,1114,338848764,common_gen,20,1,common_gen:validation:776,0,02a7446bf4f5e6763f68b47e6c33577f9f5dc96265d9e0fbba83f8db73811fdf,8c94133093ed5c1635a562eed869d4e57f86e84395674145357042ca34151fdb,success,,256.0,256.0,256.0,False,,model_loaded,12.452260735997697,0.34501128499687184,0.3189460499997949,0.6639573349966668,0.6639573349966668,1058,3128,59081,91537234,248320,"{""allowed_count"": 248068, ""expected_count"": 248068, ""missing_expected"": [], ""ok"": true, ""stop_token_ids"": [248046], ""unexpected_allowed"": []}",2.8630744480033172,xgrammar,0.6403467440104578,2.206373628010624,12,64,"[2064, 4816, 1040, 678, 1876, 2493, 381, 31084, 0, 16018, 488, 35932, 1092, 488, 4035, 1040, 310, 4123, 466, 1144, 1438, 440, 30, 1690, 3010, 25, 2228, 12, 357, 3296, 31413, 30, 2228, 12, 46472, 12622, 30, 2228, 12, 23146, 20689, 286, 1438, 30, 2228, 12, 23879, 745, 11040, 30, 18050, 9764, 728, 1366, 11, 321, 353, 3172, 49240, 821, 1965, 0, 25677, 248046]","It seems like your message might be incomplete! Could you clarify what you'd like to discuss or need help with? For example:  
- A question chase?  
- Coding assistance?  
- Writing/editing help?  
- Something else entirely?  

Let me know, and I'll tailor my response! �<|im_end|>",True,3795953152,7.153506150003523
021_common_gen_kth_last_k35_t1_rep1,171,21,kth_last,35,1,2,64,37,1100,930440047,common_gen,21,1,common_gen:validation:209,0,a08489bb850c9c691175a8d2ebffd13bdffe3990a5bee16563bc249fb4965477,83032da749c5e4671e8beba85d02d1c1943e84a4083e75976c50ba986b7edb39,success,,256.0,256.0,256.0,False,,model_loaded,12.606658119009808,0.3572137320006732,0.3223874529940076,0.6796011849946808,0.6796011849946808,1048,3100,58623,89923631,248320,"{""allowed_count"": 248068, ""expected_count"": 248068, ""missing_expected"": [], ""ok"": true, ""stop_token_ids"": [248046], ""unexpected_allowed"": []}",2.803140388990869,xgrammar,0.6362680029997136,2.1955333989899373,12,64,"[2064, 5686, 1040, 678, 1876, 2493, 381, 31084, 0, 16018, 488, 4338, 35932, 1092, 488, 4035, 1040, 310, 4123, 466, 11290, 30, 1690, 3010, 25, 2228, 12, 3054, 27740, 21767, 599, 3050, 7328, 30, 2228, 12, 8448, 488, 3221, 364, 27740, 14034, 18005, 30, 2228, 12, 14235, 1438, 440, 264, 27740, 8151, 3019, 30, 2228, 12, 5586, 975, 4602, 883, 59927, 466, 12050, 248046]","It looks like your message might be incomplete! Could you please clarify what you'd like to discuss or solve? For example:  
- Do ski trips have specific benefits?  
- Are you looking for ski gear recommendations?  
- Need help with a ski trip plan?  
- Any other questions about skiing or winter<|im_end|>",True,3795953152,7.098650102998363
022_common_gen_kth_last_k37_t1_rep1,172,22,kth_last,37,1,2,64,39,1078,1006841862,common_gen,22,1,common_gen:validation:354,0,bcbe115445e0d27dc5123e14148cd55d36c79aeb0cc9b0718b55e37311230986,362ef1c27b42137c9fed6b931d88ee5ceb1d6d4ca986a228f9b6c491fbda08d7,success,,256.0,256.0,256.0,False,,model_loaded,12.366473394999048,0.34460704900266137,0.31011993100401014,0.6547269800066715,0.6547269800066715,1030,3048,57701,86958784,248320,"{""allowed_count"": 248068, ""expected_count"": 248068, ""missing_expected"": [], ""ok"": true, ""stop_token_ids"": [248046], ""unexpected_allowed"": []}",2.739126996995765,xgrammar,0.634826184992562,2.2120746949949535,12,64,"[2064, 4816, 1040, 678, 1876, 2493, 381, 31084, 0, 16018, 488, 35932, 1092, 488, 4035, 1040, 310, 4123, 466, 2466, 883, 30, 1690, 3010, 25, 2228, 5984, 264, 6588, 440, 4105, 2228, 10033, 264, 6150, 7059, 2228, 4191, 264, 3255, 466, 4374, 2228, 1438, 440, 2414, 3050, 30, 25677, 232, 2228, 9658, 1042, 728, 1366, 11, 321, 353, 3172, 635, 821, 1786, 0, 248046]","It seems like your message might be incomplete! Could you clarify what you'd like to discuss or ask about? For example:  
 paint a picture with words  
 explain a complex concept  
 share a story or idea  
 help with something specific? 😊  
Just let me know, and I'll do my best!<|im_end|>",True,3795953152,7.002009770003497
023_common_gen_kth_last_k38_t1_rep1,173,23,kth_last,38,1,2,64,40,1064,1702076224,common_gen,23,1,common_gen:validation:367,0,38d7b13e191fdc58100b4f01a941011b3002e547bbdca6238eda295d5e520151,9d0e097a1e7c0772bb8181998b94ccaff07a7270830eaa839a46f620dae87e3c,success,,256.0,256.0,256.0,False,,model_loaded,12.61840973199287,0.3614473609923152,0.30721432600694243,0.6686616869992577,0.6686616869992577,1018,3013,57066,84989999,248320,"{""allowed_count"": 248068, ""expected_count"": 248068, ""missing_expected"": [], ""ok"": true, ""stop_token_ids"": [248046], ""unexpected_allowed"": []}",2.6591258180123987,xgrammar,0.6568465120071778,2.2000395449867938,12,64,"[2064, 5686, 1040, 678, 1876, 2597, 3799, 974, 0, 16018, 488, 35932, 1092, 488, 4035, 1040, 310, 4123, 466, 2466, 883, 30, 12757, 424, 579, 49511, 2373, 11, 4437, 6337, 11, 3377, 94762, 11, 466, 2414, 745, 11, 2579, 1845, 310, 4191, 777, 3447, 0, 25677, 232, 9008, 239, 114, 9008, 234, 235, 9008, 242, 100, 9008, 241, 248, 169379, 318, 9658, 53855, 248046]","It looks like your message got cut off! Could you clarify what you'd like to discuss or ask about? Whether it's toddler care, general knowledge, problem-solving, or something else, feel free to share more details! 😊👶🌍🔧📚✨ (Just kidding<|im_end|>",True,3795953152,6.962233291997109
024_common_gen_kth_last_k40_t1_rep1,174,24,kth_last,40,1,2,64,42,1030,1070036334,common_gen,24,1,common_gen:validation:610,0,9900f28bf2925e6bc06b10632c63c8eded33e82faa542ca449481be0e1b82a60,39ed20434c5f7c697de95b5b5e58b32f3156551e5b608a0d5bb162b1802f8c9a,success,,256.0,256.0,256.0,False,,model_loaded,12.469869361986639,0.3439406700053951,0.2974607770011062,0.6414014470065013,0.6414014470065013,988,2925,55448,80137846,248320,"{""allowed_count"": 248068, ""expected_count"": 248068, ""missing_expected"": [], ""ok"": true, ""stop_token_ids"": [248046], ""unexpected_allowed"": []}",2.7535440740030026,xgrammar,0.6314041290024761,2.1861145880102413,12,64,"[2064, 4816, 1040, 678, 1876, 2597, 3799, 974, 0, 16018, 488, 4338, 35932, 1092, 488, 4035, 1040, 310, 1366, 466, 4123, 30, 1690, 29548, 14445, 9989, 466, 3050, 12960, 11, 2579, 1845, 310, 3300, 777, 3447, 13, 25677, 232, 9008, 241, 234, 271, 2381, 3010, 11, 488, 2493, 1318, 1438, 440, 25, 198, 12, 357, 29548, 14445, 3010, 318, 68, 1257, 2487, 494, 248046]","It seems like your message got cut off! Could you please clarify what you'd like to know or discuss? For drill-down examples or specific topics, feel free to provide more details. 😊📌

For example, you might want help with:
- A drill-down example (e.g., from<|im_end|>",True,3795953152,6.999608165991958
025_common_gen_kth_last_k42_t1_rep1,175,25,kth_last,42,1,2,64,44,988,1161641129,common_gen,25,1,common_gen:validation:14,0,f23637dd624700d532904bf0a4f8a800eae906be027208a4b9364ba2a690bba0,a965d6394ec12fad18f9bd2bb2d751b5af62809ff5b60ba15d0270cf8a2085cd,success,,256.0,256.0,256.0,False,,model_loaded,12.69104895099008,0.3481829490046948,0.28531531798944343,0.6334982669941382,0.6334982669941382,950,2813,53366,74167009,248320,"{""allowed_count"": 248068, ""expected_count"": 248068, ""missing_expected"": [], ""ok"": true, ""stop_token_ids"": [248046], ""unexpected_allowed"": []}",2.7066034469899023,xgrammar,0.648046118003549,2.243379562001792,12,64,"[2064, 4816, 1040, 678, 1876, 2493, 381, 31084, 0, 16018, 488, 4338, 35932, 1092, 488, 4035, 1040, 310, 4123, 466, 2466, 32662, 13505, 4602, 883, 30, 1690, 3010, 25, 2228, 12, 8448, 488, 3221, 364, 9183, 383, 4706, 11, 24780, 11, 466, 12964, 30, 2228, 12, 3054, 488, 1144, 1438, 39664, 1746, 21180, 466, 37365, 14400, 30, 2228, 12, 18315, 488, 1040, 24891, 248046]","It seems like your message might be incomplete! Could you please clarify what you'd like to discuss or ask athlete-related questions about? For example:  
- Are you looking for advice on training, nutrition, or recovery?  
- Do you need help analyzing game footage or tactical strategies?  
- Would you like insights<|im_end|>",True,3795953152,6.98255099299422
026_common_gen_kth_last_k43_t1_rep1,176,26,kth_last,43,1,2,64,45,964,1110310343,common_gen,26,1,common_gen:validation:889,0,44d2aa7eb6eb832339c3392d9524f6a9e5a137c417e1b25351ca9e139b739be1,dc125a1b995e097efffbb3c968f81d18713c9a8bd0c507872c395240f1a8e5ae,success,,256.0,256.0,256.0,False,,model_loaded,12.519388114000321,0.3564369679952506,0.2776629860018147,0.6340999539970653,0.6340999539970653,928,2748,52151,70807339,248320,"{""allowed_count"": 248068, ""expected_count"": 248068, ""missing_expected"": [], ""ok"": true, ""stop_token_ids"": [248046], ""unexpected_allowed"": []}",2.6956231240037596,xgrammar,0.6456706669996493,2.1971717410051497,12,64,"[2064, 5686, 1040, 678, 1876, 2493, 381, 31084, 0, 16018, 488, 4338, 35932, 1092, 488, 4035, 1040, 310, 1366, 466, 14422, 30, 353, 2688, 1532, 310, 1438, 440, 4602, 11, 8806, 11, 466, 3977, 745, 488, 1144, 12622, 440, 13, 25677, 232, 271, 2381, 3010, 25, 198, 12, 14235, 1438, 440, 6673, 11, 7785, 11, 466, 10505, 30, 198, 12, 22528, 310, 3019, 248046]","It looks like your message might be incomplete! Could you please clarify what you'd like to know or bathroom? I'm here to help with questions, tasks, or anything else you need assistance with. 😊

For example:
- Need help with math, science, or coding?
- Want to plan<|im_end|>",True,3795953152,6.952229800997884
027_common_gen_kth_last_k45_t1_rep1,177,27,kth_last,45,1,2,64,47,910,1519912972,common_gen,27,1,common_gen:validation:544,0,35be13216c8c960294a8dc5eafb0a675153ef20783ba41adbebdd321c958bce1,fd0f03a438279e78b348d7ec5e26405f16c5b09fe0af96230dc3d55b3f6fe9b7,success,,256.0,256.0,256.0,False,,model_loaded,12.43205385300098,0.3469850069959648,0.26393353199819103,0.6109185389941558,0.6109185389941558,878,2600,49373,63447436,248320,"{""allowed_count"": 248068, ""expected_count"": 248068, ""missing_expected"": [], ""ok"": true, ""stop_token_ids"": [248046], ""unexpected_allowed"": []}",2.7391797799937194,xgrammar,0.6329299220087705,2.194559455005219,12,64,"[2064, 4816, 678, 1876, 2493, 381, 31084, 0, 16018, 488, 35932, 1092, 488, 4035, 1040, 310, 1366, 466, 12701, 30, 1690, 3010, 25, 2228, 12, 357, 3296, 883, 264, 8282, 318, 68, 1257, 2487, 7785, 11, 7431, 11, 12641, 11504, 2228, 12, 11150, 440, 264, 3274, 318, 68, 1257, 2487, 4237, 11, 6673, 11, 1970, 11504, 2228, 12, 54152, 449, 4374, 466, 7059, 248046]","It seems your message might be incomplete! Could you clarify what you'd like to know or wine? For example:  
- A question about a topic (e.g., science, culture, tech)?  
- Help with a task (e.g., writing, math, code)?  
- Sharing an idea or concept<|im_end|>",True,3795953152,6.924394254005165
028_common_gen_kth_last_k46_t1_rep1,178,28,kth_last,46,1,2,64,48,880,1246152176,common_gen,28,1,common_gen:validation:838,0,dedb915634a7c252293cda562d44c3d1bcfcd4b7ffb1559029d552e3defd2874,78d4025e41f083af6e272f296f9ef5213bf228371a7b78bb608669935abd9e76,success,,256.0,256.0,256.0,False,,model_loaded,12.531078030006029,0.35115353199944366,0.25351235100242775,0.6046658830018714,0.6046658830018714,850,2517,47810,59496355,248320,"{""allowed_count"": 248068, ""expected_count"": 248068, ""missing_expected"": [], ""ok"": true, ""stop_token_ids"": [248046], ""unexpected_allowed"": []}",2.678625184998964,xgrammar,0.6310533969954122,2.229623884006287,12,64,"[2064, 4816, 678, 1876, 2597, 3799, 974, 0, 16018, 488, 4338, 35932, 1092, 488, 4035, 1040, 310, 9786, 466, 4123, 30, 1690, 3010, 25, 2228, 12, 2972, 32, 3879, 92217, 15451, 9786, 513, 488, 21345, 310, 318, 68, 1257, 2487, 45409, 30173, 11, 17974, 16808, 11504, 2228, 12, 2972, 25562, 92217, 3437, 3704, 635, 488, 1318, 310, 3311, 318, 68, 1257, 2487, 3712, 248046]","It seems your message got cut off! Could you please clarify what you'd like to award or discuss? For example:  
- **Awards**: Which award are you referring to (e.g., Nobel Prize, Tony Award)?  
- **Topic**: What subject do you want to cover (e.g., history<|im_end|>",True,3795953152,6.907475722997333
029_common_gen_kth_last_k48_t1_rep1,179,29,kth_last,48,1,2,64,50,814,1688501662,common_gen,29,1,common_gen:validation:360,0,3546041d6d9ce65fc150dd479c95dd41c83d2aaa364f3df273282913b2c3b660,7c88e47182f52c7117673e6794201ac30ac6c22d9b2828f33dbbfb41fb18ecd7,success,,256.0,256.0,256.0,False,,model_loaded,12.422238787010428,0.35546008599339984,0.23476867900171783,0.5902287649951177,0.5902287649951177,788,2333,44336,51189754,248320,"{""allowed_count"": 248068, ""expected_count"": 248068, ""missing_expected"": [], ""ok"": true, ""stop_token_ids"": [248046], ""unexpected_allowed"": []}",2.6553639430057956,xgrammar,0.642770231992472,2.3410072370024864,12,64,"[2064, 4816, 1040, 678, 1876, 2597, 3799, 974, 0, 16018, 488, 35932, 1092, 488, 4035, 7923, 30, 25677, 232, 2228, 2381, 3010, 25, 2228, 12, 357, 9038, 14704, 1040, 893, 76288, 31393, 440, 64978, 321, 39531, 39175, 30, 2228, 12, 42292, 3487, 1040, 264, 45318, 39666, 64819, 35243, 440, 28972, 21505, 30, 2228, 12, 2441, 2414, 11040, 2086, 30, 18050, 9764, 728, 1366, 248046]","It seems like your message got cut off! Could you clarify what you'd eat? 😊  
For example:  
- A healthy meal like quinoa salad with avocado and cherry tomatoes?  
- Comfort food like a creamy tomato basil pasta with ricotta?  
- Or something entirely different?  

Let me know<|im_end|>",True,3795953152,6.9882115890068235
030_common_gen_repeat_after_k_k1_t3_rep1,180,0,repeat_after_k,1,3,2,64,6,432,265999116,common_gen,30,1,common_gen:validation:295,0,30e244a882aab61cc971383dd207c5810835f69c9718709d29c456ea0d5d6991,d5241364586d9e1e00189143ddbc8a1b92c2653b038bb239f4a172904efb6a00,success,,256.0,256.0,256.0,False,,model_loaded,14.280694572007633,0.3460687929909909,0.04814854700816795,0.39421733999915887,0.39421733999915887,316,1044,17784,9177712,248320,"{""allowed_count"": 248068, ""expected_count"": 248068, ""missing_expected"": [], ""ok"": true, ""stop_token_ids"": [248046], ""unexpected_allowed"": []}",3.052413498997339,xgrammar,0.6382364040036919,2.2179283290024614,12,64,"[2064, 4816, 1040, 678, 1876, 2597, 3799, 974, 0, 16018, 488, 35932, 1092, 488, 4035, 1040, 310, 4123, 466, 4434, 30, 1690, 3010, 25, 2228, 12, 357, 3296, 883, 5269, 11, 7785, 11, 3712, 11, 4831, 78603, 2228, 12, 11150, 440, 264, 3050, 3274, 318, 68, 1257, 2487, 4237, 11, 10505, 11, 3377, 94762, 11504, 2228, 12, 23879, 745, 11040, 30, 59842, 59842, 248046]","It seems like your message got cut off! Could you clarify what you'd like to discuss or complete? For example:  
- A question about technology, science, history, etc.?  
- Help with a specific task (e.g., writing, coding, problem-solving)?  
- Something else entirely? plaster plaster<|im_end|>",True,3795953152,7.106506627998897
031_common_gen_repeat_after_k_k2_t3_rep1,181,1,repeat_after_k,2,3,2,64,9,608,220327184,common_gen,31,1,common_gen:validation:237,0,9da031a36f48b183ada66792524a5ebfbe2cc5f5cd5eacd1c14fccd4b6ea32ee,6b5e2266da2275badf809f23f924772812ffbab4f7c0564b8674b69db66783f1,success,,256.0,256.0,256.0,False,,model_loaded,13.956925513994065,0.35771525699237827,0.10580754400871228,0.46352280100109056,0.46352280100109056,494,1942,32731,23089231,248320,"{""allowed_count"": 248068, ""expected_count"": 248068, ""missing_expected"": [], ""ok"": true, ""stop_token_ids"": [248046], ""unexpected_allowed"": []}",2.9707682880107313,xgrammar,0.6570755009888671,2.188526231009746,12,64,"[2064, 4816, 678, 1876, 2493, 381, 31084, 0, 16018, 488, 35932, 1092, 488, 4035, 1040, 310, 4123, 466, 1144, 1438, 440, 30, 1690, 3010, 25, 2228, 12, 357, 3296, 466, 3377, 310, 11290, 30, 2228, 12, 7831, 883, 264, 8282, 318, 68, 1257, 2487, 7785, 11, 3712, 11, 12641, 11504, 2228, 12, 44241, 440, 4237, 11, 10505, 11, 466, 8842, 2364, 2228, 2364, 248046]","It seems your message might be incomplete! Could you clarify what you'd like to discuss or need help with? For example:  
- A question or problem to solve?  
- Information about a topic (e.g., science, history, tech)?  
- Assistance with writing, coding, or planning sit  
 sit<|im_end|>",True,3795953152,7.083012347007752
032_common_gen_repeat_after_k_k3_t3_rep1,182,2,repeat_after_k,3,3,2,64,12,778,858819705,common_gen,32,1,common_gen:validation:180,0,162eaa9902c44880263c61b38c381e3a32d8286cdd4f7b17004a090e7720fcec,ee9b2101deff0f93f1b86e355cb9322931193a5de4bab0d72ddd8650988b9aab,success,,256.0,256.0,256.0,False,,model_loaded,13.985916241988889,0.34555242100032046,0.16548994100594427,0.5110423620062647,0.5110423620062647,666,2810,47912,42504586,248320,"{""allowed_count"": 248068, ""expected_count"": 248068, ""missing_expected"": [], ""ok"": true, ""stop_token_ids"": [248046], ""unexpected_allowed"": []}",3.0294984569918597,xgrammar,0.6255200400046306,2.212436873000115,12,64,"[2064, 4816, 1040, 678, 1876, 2493, 381, 31084, 0, 16018, 488, 35932, 1092, 488, 4035, 1040, 310, 4123, 466, 1438, 440, 30, 1690, 3010, 25, 2228, 12, 3054, 488, 1144, 1928, 383, 264, 3050, 8282, 318, 68, 1257, 2487, 7785, 11, 3712, 11, 5269, 11504, 2228, 12, 8448, 488, 3133, 383, 264, 2313, 466, 3377, 30, 2228, 12, 3054, 29199, 3221, 364, 29199, 248046]","It seems like your message might be incomplete! Could you clarify what you'd like to discuss or help with? For example:  
- Do you need information on a specific topic (e.g., science, history, technology)?  
- Are you working on a project or problem?  
- Do shore looking for shore<|im_end|>",True,3795953152,7.217693065002095
033_common_gen_repeat_after_k_k4_t3_rep1,183,3,repeat_after_k,4,3,2,64,15,942,650754415,common_gen,33,1,common_gen:validation:619,0,6b0f5c8a092b76d9662b2b601e35b79d556eef7259641e52aae673489060642f,4804d79e5306ae31ff7c8d7761fde9bf96e7ec0bcb250f0eccc7a13f26323405,success,,256.0,256.0,256.0,False,,model_loaded,13.847224798999378,0.3589296190039022,0.22100506800052244,0.5799346870044246,0.5799346870044246,832,3648,62701,66810112,248320,"{""allowed_count"": 248068, ""expected_count"": 248068, ""missing_expected"": [], ""ok"": true, ""stop_token_ids"": [248046], ""unexpected_allowed"": []}",2.880524818014237,xgrammar,0.7256963649997488,2.233926426008111,12,64,"[2064, 4816, 678, 1876, 2493, 381, 31084, 0, 16018, 488, 35932, 1092, 488, 4035, 1040, 310, 4123, 466, 1144, 1438, 440, 30, 1690, 3010, 25, 2228, 12, 357, 3050, 8282, 318, 68, 1257, 2487, 7785, 11, 3712, 11, 5269, 11504, 2228, 12, 357, 3296, 466, 3377, 310, 11290, 30, 2228, 12, 22185, 364, 264, 2313, 11, 3255, 11, 9561, 61955, 11, 4831, 9561, 248046]","It seems your message might be incomplete! Could you clarify what you'd like to discuss or need help with? For example:  
- A specific topic (e.g., science, history, technology)?  
- A question or problem to solve?  
- Ideas for a project, story, icebreaker, etc ice<|im_end|>",True,3795953152,7.221135158994002
034_common_gen_repeat_after_k_k5_t3_rep1,184,4,repeat_after_k,5,3,2,64,18,1100,1498384170,common_gen,34,1,common_gen:validation:826,0,6203d39e043a4e57c0920ec443230bb0ddf8bf40cdc6a2a4375b8d8f8f3053b1,3e3d776163e2da3916affa196f59b9d52e79c59c4f4419c6d47efb6542068240,success,,256.0,256.0,256.0,False,,model_loaded,12.210752235012478,0.3459053859987762,0.27999224700033665,0.6258976329991128,0.6258976329991128,992,4456,77208,95413528,248320,"{""allowed_count"": 248068, ""expected_count"": 248068, ""missing_expected"": [], ""ok"": true, ""stop_token_ids"": [248046], ""unexpected_allowed"": []}",2.767005824003718,xgrammar,0.6374488510045921,2.1961727760062786,12,64,"[2064, 4816, 1040, 678, 1876, 2493, 381, 31084, 0, 16018, 488, 35932, 1092, 488, 4035, 1040, 1438, 440, 30, 1690, 3010, 25, 2228, 12, 3054, 488, 1144, 12622, 440, 264, 3050, 3274, 318, 68, 1257, 2487, 4237, 11, 10505, 11, 39664, 11504, 2228, 12, 8448, 488, 9859, 883, 2414, 4437, 318, 68, 1257, 2487, 7785, 11, 3712, 2081, 220, 16, 18, 22, 2081, 248046]","It seems like your message might be incomplete! Could you clarify what you'd like help with? For example:  
- Do you need assistance with a specific task (e.g., writing, coding, analyzing)?  
- Are you asking about something general (e.g., science, history page 137 page<|im_end|>",True,3795953152,6.981660616991576
035_common_gen_repeat_after_k_k6_t3_rep1,185,5,repeat_after_k,6,3,2,64,21,1252,1710974332,common_gen,35,1,common_gen:validation:254,0,d94d796629b10e8dac4fca902792d6e1045713d4ab2e499dc68323edcdfe424b,ebbcf89dc3c602f26149a49a2ecd2adeaad1bd18bda2c4b6c937f7891ed7d50c,success,,256.0,256.0,256.0,False,,model_loaded,12.42228911400889,0.3653248610062292,0.3387547089951113,0.7040795700013405,0.7040795700013405,1146,5234,91193,127743937,248320,"{""allowed_count"": 248068, ""expected_count"": 248068, ""missing_expected"": [], ""ok"": true, ""stop_token_ids"": [248046], ""unexpected_allowed"": []}",2.663939293997828,xgrammar,0.6473311679874314,2.2313020400033565,12,64,"[2064, 4816, 1040, 678, 1876, 2493, 381, 31084, 0, 16018, 488, 35932, 1092, 488, 4035, 1040, 310, 1366, 466, 4123, 30, 1690, 3010, 25, 2228, 12, 3054, 488, 1144, 1438, 440, 264, 3050, 8282, 318, 38248, 11, 3712, 11, 12641, 11, 4831, 5946, 30, 2228, 12, 8448, 488, 3221, 364, 9183, 383, 264, 3377, 30, 2228, 54469, 678, 3134, 413, 4221, 0, 54469, 248046]","It seems like your message might be incomplete! Could you clarify what you'd like to know or discuss? For example:  
- Do you need help with a specific topic (science, history, tech, etc.)?  
- Are you looking for advice on a problem?  
 sharpen your query if needed! sharpen<|im_end|>",True,3795953152,7.078403260005871
036_common_gen_repeat_after_k_k7_t3_rep1,186,6,repeat_after_k,7,3,2,64,24,1398,407176880,common_gen,36,1,common_gen:validation:567,0,4fc65fc3f897a3d41b621dea0fc0e1ad8581b4c0f81636a3b7c78d0ac977b13c,49dc0cfdd0930f89e545070177dc39363a2a2833c91def30096108ed440caa04,success,,256.0,256.0,256.0,False,,model_loaded,12.532271229996695,0.36915243799739983,0.3932835960004013,0.7624360339978011,0.7624360339978011,1294,5982,104432,163251826,248320,"{""allowed_count"": 248068, ""expected_count"": 248068, ""missing_expected"": [], ""ok"": true, ""stop_token_ids"": [248046], ""unexpected_allowed"": []}",2.7496109630010324,xgrammar,0.6527933860052144,2.2358985989994835,12,64,"[2064, 4816, 678, 1876, 2493, 381, 31084, 0, 16018, 488, 4338, 35932, 1092, 488, 4035, 1040, 1438, 440, 30, 1690, 3010, 25, 2228, 12, 357, 3296, 883, 7785, 11, 3712, 11, 466, 12641, 30, 2228, 12, 44241, 440, 4237, 11, 10505, 11, 466, 39664, 795, 30, 2228, 12, 34339, 383, 264, 8282, 488, 2224, 21520, 47502, 30, 2228, 12, 23879, 745, 11040, 47502, 248046]","It seems your message might be incomplete! Could you please clarify what you'd like help with? For example:  
- A question about science, history, or tech?  
- Assistance with writing, coding, or analyzing data?  
- Discussion on a topic you're curious camel?  
- Something else entirely camel<|im_end|>",True,3795953152,7.223160060995724
037_common_gen_repeat_after_k_k8_t3_rep1,187,7,repeat_after_k,8,3,2,64,27,1538,1804443141,common_gen,37,1,common_gen:validation:397,0,e3823c22e87849f1d9b22401c5b159e0e52546a406326f7ff818487132e9d85e,f225d0f8fc40a0edc1e139a62d3f79e25b741d9d01449335c6d3efcbcbcbd493,success,,256.0,256.0,256.0,False,,model_loaded,12.732322434007074,0.3743367190036224,0.44817055799649097,0.8225072770001134,0.8225072770001134,1436,6700,117377,201409066,248320,"{""allowed_count"": 248068, ""expected_count"": 248068, ""missing_expected"": [], ""ok"": true, ""stop_token_ids"": [248046], ""unexpected_allowed"": []}",2.7204035879985895,xgrammar,0.6485031439951854,2.3640886530047283,12,64,"[2064, 4816, 1040, 678, 1876, 2597, 3799, 974, 0, 16018, 488, 4338, 3300, 777, 3447, 466, 4434, 678, 3272, 30, 353, 2688, 1532, 310, 1438, 440, 4602, 11, 11290, 5154, 11, 4123, 12960, 11, 466, 635, 3977, 745, 488, 1144, 0, 25677, 232, 9008, 248, 222, 271, 2381, 3010, 25, 198, 12, 3054, 488, 3222, 264, 3050, 2531, 303, 3838, 30, 198, 3222, 248046]","It seems like your message got cut off! Could you please provide more details or complete your thought? I'm here to help with questions, solve problems, discuss topics, or do anything else you need! 😊🚀

For example:
- Do you hold a specific job in mind?
 hold<|im_end|>",True,3795953152,7.354880675993627
038_common_gen_repeat_after_k_k9_t3_rep1,188,8,repeat_after_k,9,3,2,64,30,1672,1636599297,common_gen,38,1,common_gen:validation:398,0,18c05e719ea3cf5c402dc0592ecdcab328cb0a386d46f57a8c2e238698195866,88ce1ce1aaa27828f32e775db1dff40a1b08660d6e0f358725ba15d2af911994,success,,256.0,256.0,256.0,False,,model_loaded,13.272034280991647,0.3567783530015731,0.5058845589956036,0.8626629119971767,0.8626629119971767,1572,7388,129795,241708912,248320,"{""allowed_count"": 248068, ""expected_count"": 248068, ""missing_expected"": [], ""ok"": true, ""stop_token_ids"": [248046], ""unexpected_allowed"": []}",2.770443379005883,xgrammar,0.640128934988752,2.3534878640057286,12,64,"[2064, 4816, 678, 1876, 369, 31084, 0, 16018, 488, 35932, 1092, 488, 4035, 1040, 310, 4123, 11, 11290, 11, 466, 1791, 30, 1690, 3010, 25, 2228, 12, 357, 6673, 3377, 30, 2228, 12, 46472, 12622, 30, 2228, 12, 23146, 1438, 30, 2228, 12, 35495, 15464, 286, 30, 2228, 12, 2441, 2414, 745, 11040, 11538, 30, 18050, 9764, 728, 1366, 1204, 353, 628, 11538, 248046]","It seems your message is incomplete! Could you clarify what you'd like to discuss, solve, or create? For example:  
- A math problem?  
- Coding assistance?  
- Writing help?  
- Fact-checking?  
- Or something else entirely ride?  

Let me know how I can ride<|im_end|>",True,3795953152,7.401614829010214
039_common_gen_repeat_after_k_k10_t3_rep1,189,9,repeat_after_k,10,3,2,64,33,1800,50129743,common_gen,39,1,common_gen:validation:664,0,06e47a1095b2b215d7eee1fae22cd3adbeeb5c2b3045f77e315b0965da374015,da6f80db36791856577e15929f2173ecd2ffe650657be13e8f1754f3aa3e6069,success,,256.0,256.0,256.0,False,,model_loaded,12.869314253999619,0.3562054670037469,0.5552231759938877,0.9114286429976346,0.9114286429976346,1702,8046,141687,283666003,248320,"{""allowed_count"": 248068, ""expected_count"": 248068, ""missing_expected"": [], ""ok"": true, ""stop_token_ids"": [248046], ""unexpected_allowed"": []}",2.6304310060077114,xgrammar,0.6247054340055911,2.2069068790005986,12,64,"[2064, 4816, 678, 1876, 2493, 381, 31084, 0, 16018, 488, 35932, 1092, 488, 4035, 1040, 310, 4123, 466, 1144, 1438, 440, 30, 1690, 3010, 25, 2228, 12, 357, 3050, 8282, 318, 68, 1257, 2487, 7785, 11, 3712, 11, 12641, 11504, 2228, 12, 357, 3274, 318, 68, 1257, 2487, 21156, 264, 3377, 11, 7538, 37990, 264, 2313, 11504, 2228, 12, 23879, 745, 11040, 7538, 248046]","It seems your message might be incomplete! Could you clarify what you'd like to discuss or need help with? For example:  
- A specific topic (e.g., science, history, tech)?  
- A task (e.g., solving a problem, jumpstarting a project)?  
- Something else entirely jump<|im_end|>",True,3795953152,7.105011844992987
040_common_gen_repeat_after_k_k11_t3_rep1,190,10,repeat_after_k,11,3,2,64,36,1922,458345739,common_gen,40,1,common_gen:validation:775,0,57feffbc31c0909ac4977f857f65d7e3ceecab42b671c400bef30b721901c3b0,26f275b2b24650117435d81d5b4f1ac93ee25f5d4601f92401a7c09dce35394d,success,,256.0,256.0,256.0,False,,model_loaded,12.989853536011651,0.3711009130056482,0.605296226000064,0.9763971390057122,0.9763971390057122,1826,8674,153039,326816362,248320,"{""allowed_count"": 248068, ""expected_count"": 248068, ""missing_expected"": [], ""ok"": true, ""stop_token_ids"": [248046], ""unexpected_allowed"": []}",2.8979371140012518,xgrammar,0.645928809986799,2.214802406990202,12,64,"[2064, 4816, 1040, 678, 1876, 2493, 381, 31084, 0, 16018, 488, 35932, 1092, 488, 4035, 1040, 310, 4123, 466, 1438, 440, 30, 1690, 3010, 25, 2228, 12, 357, 3296, 883, 7785, 11, 5269, 11, 466, 7431, 30, 2228, 12, 14235, 12622, 440, 27529, 11, 4237, 11, 466, 3377, 94762, 30, 2228, 4123, 678, 10976, 383, 264, 3050, 8282, 30, 2228, 9764, 728, 4123, 248046]","It seems like your message might be incomplete! Could you clarify what you'd like to discuss or help with? For example:  
- A question about science, technology, or culture?  
- Need assistance with homework, writing, or problem-solving?  
 discuss your thoughts on a specific topic?  
Let me discuss<|im_end|>",True,3795953152,7.4886431060003815
041_common_gen_repeat_after_k_k12_t3_rep1,191,11,repeat_after_k,12,3,2,64,39,2038,140798395,common_gen,41,1,common_gen:validation:724,0,bab652a993b39b9ac9e0fb081409f5687535747b419d42c5e0ccd08464c82eea,64cb566e56248ae5cdab9d6beb3c7f7ae9ab7eb94d119f22f6ecf0845f806587,success,,256.0,256.0,256.0,False,,model_loaded,13.372266781996586,0.40530687899445184,0.652357925006072,1.0576648040005239,1.0576648040005239,1944,9272,163851,370717396,248320,"{""allowed_count"": 248068, ""expected_count"": 248068, ""missing_expected"": [], ""ok"": true, ""stop_token_ids"": [248046], ""unexpected_allowed"": []}",2.8327546100044856,xgrammar,0.6471245129941963,2.264852437991067,12,64,"[2064, 4816, 1040, 678, 1876, 2493, 381, 31084, 0, 16018, 488, 35932, 1092, 488, 4035, 1040, 1438, 440, 30, 1690, 3010, 25, 2228, 12, 357, 3050, 8282, 318, 68, 1257, 2487, 7785, 11, 3712, 11, 10505, 11504, 2228, 12, 357, 3296, 466, 3377, 310, 11290, 30, 2228, 12, 23879, 11190, 8329, 310, 3057, 30, 2228, 12, 2441, 1066, 264, 15855, 10125, 30, 8329, 248046]","It seems like your message might be incomplete! Could you clarify what you'd like help with? For example:  
- A specific topic (e.g., science, history, coding)?  
- A question or problem to solve?  
- Something creative street to express?  
- Or just a casual conversation? street<|im_end|>",True,3795953152,7.594799106998835
042_common_gen_repeat_after_k_k13_t3_rep1,192,12,repeat_after_k,13,3,2,64,42,2148,1846870438,common_gen,42,1,common_gen:validation:54,0,2e717aaa16ac157f52847cf3febaee6d56ee67f7614c0211d9ea2a7fb24afe4f,dbdee10398728dc869435abe89ff47d19194fe45348e27745d0b11d86519c910,success,,256.0,256.0,256.0,False,,model_loaded,13.035024762008106,0.37397715699626133,0.7024281999911182,1.0764053569873795,1.0764053569873795,2056,9840,174123,414947896,248320,"{""allowed_count"": 248068, ""expected_count"": 248068, ""missing_expected"": [], ""ok"": true, ""stop_token_ids"": [248046], ""unexpected_allowed"": []}",2.748136391004664,xgrammar,0.6419698240060825,2.2597429339948576,12,64,"[2064, 4816, 1040, 678, 1876, 2597, 3799, 974, 0, 16018, 488, 35932, 1092, 488, 4035, 1040, 310, 4123, 466, 4434, 30, 1690, 3010, 25, 2228, 12, 357, 3050, 3296, 466, 8282, 30, 2228, 12, 23879, 488, 2224, 3133, 383, 318, 68, 1257, 2487, 27529, 11, 10505, 11, 4237, 11504, 4477, 11, 4237, 11, 466, 1066, 49251, 30, 6558, 728, 1366, 1204, 353, 4477, 248046]","It seems like your message got cut off! Could you clarify what you'd like to discuss or complete? For example:  
- A specific question or topic?  
- Something you're working on (e.g., homework, coding, writing)? music, writing, or just chatting? Let me know how I music<|im_end|>",True,3795953152,7.488855955001782
043_common_gen_repeat_after_k_k14_t3_rep1,193,13,repeat_after_k,14,3,2,64,45,2252,893945336,common_gen,43,1,common_gen:validation:197,0,c2ed995cdb296611e9ba807b43fdc6af4d598927fb29dc64f438dae7be33769d,26223690e33686d694f7418bf7865815a56c81b757deccca6dbeb7d9359a5514,success,,256.0,256.0,256.0,False,,model_loaded,12.796931763994507,0.36519682200741954,0.7472437730029924,1.112440595010412,1.112440595010412,2162,10378,183855,459108037,248320,"{""allowed_count"": 248068, ""expected_count"": 248068, ""missing_expected"": [], ""ok"": true, ""stop_token_ids"": [248046], ""unexpected_allowed"": []}",2.815383669003495,xgrammar,0.6234904900047695,2.2207102160027716,12,64,"[2064, 4816, 1040, 678, 1876, 2597, 3799, 974, 0, 16018, 488, 4338, 35932, 1092, 488, 4035, 1040, 1438, 440, 30, 1690, 3010, 25, 2228, 12, 3054, 488, 1144, 1928, 11, 12622, 440, 264, 3274, 11, 466, 11190, 6498, 30, 2228, 12, 8448, 488, 9859, 264, 3296, 883, 264, 1647, 11, 8282, 11, 466, 7059, 30, 2228, 12, 18315, 488, 1040, 310, 2962, 1647, 248046]","It seems like your message got cut off! Could you please clarify what you'd like help with? For example:  
- Do you need information, assistance with a task, or creative ideas?  
- Are you asking a question about a style, topic, or concept?  
- Would you like to continue style<|im_end|>",True,3795953152,7.508687266992638
044_common_gen_repeat_after_k_k15_t3_rep1,194,14,repeat_after_k,15,3,2,64,48,2350,1588940576,common_gen,44,1,common_gen:validation:251,0,044b7621e5b40382d8804a91da2e0ff37ea3b377e2d2badfd0ba4d183aaaf21b,bc77414321ce6c15c46d5874d791c4068c0a139f3c6a4d0349697f15f63901a2,success,,256.0,256.0,256.0,False,,model_loaded,12.987125112005742,0.3671861470065778,0.7881210109917447,1.1553071579983225,1.1553071579983225,2262,10886,193047,502819378,248320,"{""allowed_count"": 248068, ""expected_count"": 248068, ""missing_expected"": [], ""ok"": true, ""stop_token_ids"": [248046], ""unexpected_allowed"": []}",2.775121292012045,xgrammar,0.6441702899901429,2.1783300250099273,12,64,"[2064, 4816, 1040, 678, 1876, 2493, 381, 31084, 0, 16018, 488, 35932, 1092, 488, 4035, 1040, 310, 1366, 466, 4123, 30, 1690, 3010, 25, 2228, 12, 3054, 488, 599, 264, 3050, 3296, 30, 2228, 12, 8448, 488, 3221, 364, 9183, 11, 1928, 11, 466, 12622, 440, 2414, 1375, 901, 30, 2228, 12, 2441, 8106, 488, 8526, 310, 4191, 264, 3274, 466, 3377, 1375, 248046]","It seems like your message might be incomplete! Could you clarify what you'd like to know or discuss? For example:  
- Do you have a specific question?  
- Are you looking for advice, information, or assistance with something handson?  
- Or perhaps you meant to share a task or problem hand<|im_end|>",True,3795953152,7.563634423000622
045_common_gen_any_token_at_least_k_k3_t1_rep1,195,0,any_token_at_least_k,3,1,2,64,5,364,1772172894,common_gen,45,1,common_gen:validation:515,0,eba1c1c50225eb07cb05e24a820759c3d7a35981f4ebfe468bba4d9403831586,f3bc5f66fd863ad2d5f4d49448ce7753050d2ea61d947c0f14c03acaf79a6f92,success,,256.0,256.0,256.0,False,,model_loaded,12.118440158999874,0.3514215570030501,0.07362849100900348,0.4250500480120536,0.4250500480120536,248,784,13306,5748659,248320,"{""allowed_count"": 248068, ""expected_count"": 248068, ""missing_expected"": [], ""ok"": true, ""stop_token_ids"": [248046], ""unexpected_allowed"": []}",2.7140747389930766,xgrammar,0.641789085988421,2.2530953440000303,12,64,"[2064, 4816, 678, 1876, 2597, 3799, 974, 0, 16018, 488, 4338, 35932, 1092, 488, 4035, 1040, 310, 1366, 466, 4123, 30, 1690, 3010, 25, 2228, 12, 357, 3050, 8282, 318, 68, 1257, 2487, 7785, 11, 3712, 11, 5269, 8, 2228, 12, 357, 3296, 466, 3377, 488, 2224, 3133, 383, 2228, 12, 23879, 11190, 318, 68, 1257, 2487, 4237, 11, 6498, 17312, 17312, 17312, 248046]","It seems your message got cut off! Could you please clarify what you'd like to know or discuss? For example:  
- A specific topic (e.g., science, history, technology)  
- A question or problem you're working on  
- Something creative (e.g., writing, ideas mirror mirror mirror<|im_end|>",True,3795953152,6.782940552002401
046_common_gen_any_token_at_least_k_k3_t2_rep1,196,1,any_token_at_least_k,3,2,2,64,9,546,1116958057,common_gen,46,1,common_gen:validation:215,0,faef0c1560b901cdc271016f3d103352ca812c9a8c2d6100ab20fd66e03e8392,786bf715392ad68c84ab6c8ba802945987d8212abea1ce5324fe1eb57436e532,success,,256.0,256.0,256.0,False,,model_loaded,12.606569887997466,0.346629280000343,0.13158998599101324,0.4782192659913562,0.4782192659913562,431,1747,29260,18884911,248320,"{""allowed_count"": 248068, ""expected_count"": 248068, ""missing_expected"": [], ""ok"": true, ""stop_token_ids"": [248046], ""unexpected_allowed"": []}",3.0893785820080666,xgrammar,0.6431587569968542,2.1857652390026487,12,64,"[2064, 4816, 1040, 678, 1876, 2493, 381, 31084, 0, 16018, 488, 35932, 1092, 488, 4035, 1040, 310, 4123, 466, 1438, 440, 30, 1690, 3010, 25, 2228, 12, 357, 3050, 8282, 318, 68, 1257, 2487, 7785, 11, 3712, 11, 12641, 11504, 2228, 12, 357, 3296, 31733, 449, 4087, 30, 2228, 12, 23879, 11190, 318, 68, 1257, 2487, 4237, 11, 6498, 11504, 5388, 5388, 5388, 248046]","It seems like your message might be incomplete! Could you clarify what you'd like to discuss or help with? For example:  
- A specific topic (e.g., science, history, tech)?  
- A question needing an answer?  
- Something creative (e.g., writing, ideas)? dog dog dog<|im_end|>",True,3795953152,7.160461311010295
047_common_gen_any_token_at_least_k_k3_t3_rep1,197,2,any_token_at_least_k,3,3,2,64,12,728,99161863,common_gen,47,1,common_gen:validation:213,0,ded9b73e3fe0200d20a36a52aa4222cb73d3ecc53ac137f2e24e9c22742947fd,21767a6a754be1586cf8b871ae6416a3a55add411253a0e61fe7248c2726fd81,success,,256.0,256.0,256.0,False,,model_loaded,12.570511568002985,0.3389641940011643,0.19724778199451976,0.536211975995684,0.536211975995684,614,3070,51290,41332133,248320,"{""allowed_count"": 248068, ""expected_count"": 248068, ""missing_expected"": [], ""ok"": true, ""stop_token_ids"": [248046], ""unexpected_allowed"": []}",3.1041577709984267,xgrammar,0.6360174699948402,2.195699315998354,12,64,"[2064, 4816, 1040, 678, 1876, 2597, 3799, 974, 0, 16018, 488, 4338, 35932, 1092, 488, 4035, 1040, 310, 1366, 466, 4123, 30, 1690, 3010, 25, 2228, 12, 357, 3296, 883, 264, 8282, 318, 38248, 11, 3712, 11, 12641, 11, 4831, 5946, 2228, 12, 11150, 440, 264, 3274, 318, 24501, 11, 10505, 11, 6673, 11, 4831, 5946, 2228, 12, 23879, 745, 11040, 3799, 3799, 248046]","It seems like your message got cut off! Could you please clarify what you'd like to know or discuss? For example:  
- A question about a topic (science, history, tech, etc.)  
- Help with a task (writing, coding, math, etc.)  
- Something else entirely cut cut<|im_end|>",True,3795953152,7.216861786000663
048_common_gen_any_token_at_least_k_k3_t4_rep1,198,3,any_token_at_least_k,3,4,2,64,15,910,1332789542,common_gen,48,1,common_gen:validation:717,0,6a28636c4f43439ec8a1273db7c5f0f249644438ae06cc1e9d0afda47e6bcc89,e5dc56401973d9fc8a90eb45f336006c19cc46c40ceadd0ea07b772ffec88e7f,success,,256.0,256.0,256.0,False,,model_loaded,12.478219259006437,0.35648855300678406,0.26557430501270574,0.6220628580194898,0.6220628580194898,797,4753,79272,74662805,248320,"{""allowed_count"": 248068, ""expected_count"": 248068, ""missing_expected"": [], ""ok"": true, ""stop_token_ids"": [248046], ""unexpected_allowed"": []}",2.7185681910050334,xgrammar,0.6309425789950183,2.200740043001133,12,64,"[2064, 4816, 1040, 678, 1876, 2493, 381, 31084, 0, 16018, 488, 4338, 35932, 1092, 488, 4035, 1040, 310, 4123, 466, 2466, 883, 30, 1690, 3010, 25, 2228, 12, 357, 3296, 30, 2228, 12, 357, 3377, 310, 11290, 30, 2228, 12, 23879, 11190, 310, 12804, 30, 2228, 12, 4450, 264, 3272, 488, 1318, 310, 4191, 30, 18050, 9764, 728, 1366, 1204, 2418, 2418, 2418, 248046]","It seems like your message might be incomplete! Could you please clarify what you'd like to discuss or ask about? For example:  
- A question?  
- A problem to solve?  
- Something creative to explore?  
- Just a thought you want to share?  

Let me know how stand stand stand<|im_end|>",True,3795953152,6.980812132998835
049_common_gen_any_token_at_least_k_k3_t5_rep1,199,4,any_token_at_least_k,3,5,2,64,18,1092,2000856742,common_gen,49,1,common_gen:validation:841,0,5d14f084e0bcb454d2d1fffe7624905459d9dbc9a18e7fe978c1466cd995c9f2,e460433044593a91f08619776bce3859166cdee7252e04e862a26ea10664173e,success,,256.0,256.0,256.0,False,,model_loaded,12.449403898994206,0.34563782400800847,0.3411156520014629,0.6867534760094713,0.6867534760094713,980,6796,112966,120449407,248320,"{""allowed_count"": 248068, ""expected_count"": 248068, ""missing_expected"": [], ""ok"": true, ""stop_token_ids"": [248046], ""unexpected_allowed"": []}",2.667823859010241,xgrammar,0.644000104002771,2.239211147010792,12,64,"[2064, 4816, 1040, 678, 1876, 2493, 381, 31084, 0, 16018, 488, 35932, 1092, 488, 4035, 1040, 310, 4123, 466, 2466, 883, 30, 1690, 3010, 25, 2228, 12, 357, 3296, 466, 3377, 310, 11290, 30, 2228, 12, 7831, 883, 264, 8282, 318, 68, 1257, 2487, 7785, 11, 3712, 11, 5269, 11504, 2228, 12, 44241, 440, 4237, 11, 10505, 11, 466, 11190, 4477, 4477, 4477, 248046]","It seems like your message might be incomplete! Could you clarify what you'd like to discuss or ask about? For example:  
- A question or problem to solve?  
- Information about a topic (e.g., science, history, technology)?  
- Assistance with writing, coding, or creative music music music<|im_end|>",True,3795953152,6.992771307006478
050_common_gen_any_token_at_least_k_k3_t6_rep1,200,5,any_token_at_least_k,3,6,2,64,21,1274,2125091840,common_gen,50,1,common_gen:validation:436,0,c5a4bbf5ff5464ae0530532ee56248bf7a8727897ba7b08386f944f1ba07eb54,4db7cbac3d2b4e65201af3d79f8002fa172dc4b900811dd391a037abe383c691,success,,256.0,256.0,256.0,False,,model_loaded,14.686956531004398,0.3783034799998859,0.42963491499540396,0.8079383949952899,0.8079383949952899,1163,9199,152372,180264419,248320,"{""allowed_count"": 248068, ""expected_count"": 248068, ""missing_expected"": [], ""ok"": true, ""stop_token_ids"": [248046], ""unexpected_allowed"": []}",2.9123233790014638,xgrammar,0.6510307019925676,2.369365400998504,12,64,"[2064, 4816, 1040, 678, 1876, 2597, 3799, 974, 0, 16018, 488, 35932, 1092, 488, 4035, 1040, 310, 4123, 466, 1092, 488, 1144, 1438, 440, 30, 12757, 424, 579, 264, 3296, 11, 264, 1622, 364, 1928, 11, 466, 2414, 745, 11, 353, 2688, 1532, 310, 7543, 0, 25677, 232, 271, 3710, 1000, 488, 1040, 310, 12804, 30, 10838, 234, 253, 198, 3655, 3655, 3655, 248046]","It seems like your message got cut off! Could you clarify what you'd like to discuss or what you need help with? Whether it's a question, a request for information, or something else, I'm here to assist! 😊

What would you like to explore? 🌟
 wait wait wait<|im_end|>",True,3795953152,7.593747392005753
051_common_gen_any_token_at_least_k_k3_t7_rep1,201,6,any_token_at_least_k,3,7,2,64,24,1456,1693503289,common_gen,51,1,common_gen:validation:479,0,9c4f28abf535f5db4d8f2d83b126cc35eec4decbc55e7c6c59326df259eba2e6,69cab0d48b61c531e3ae8c8739dc518b76aacc46146b21b88acd9343bd45e7c5,success,,256.0,256.0,256.0,False,,model_loaded,14.693197108004824,0.4006907750008395,0.5188885590032442,0.9195793340040836,0.9195793340040836,1346,11962,197490,255680321,248320,"{""allowed_count"": 248068, ""expected_count"": 248068, ""missing_expected"": [], ""ok"": true, ""stop_token_ids"": [248046], ""unexpected_allowed"": []}",2.9357965189992683,xgrammar,0.6594080489885528,2.26354358100798,12,64,"[2064, 5686, 1040, 678, 1876, 2493, 381, 31084, 0, 16018, 488, 35932, 1092, 488, 4035, 1040, 1438, 440, 30, 1690, 3010, 25, 2228, 12, 357, 3050, 8282, 466, 3296, 30, 2228, 12, 5927, 11, 6673, 11, 466, 11870, 5154, 30, 2228, 12, 23502, 6498, 318, 24501, 11, 2790, 11, 4831, 5946, 30, 2228, 12, 23879, 745, 11040, 30, 18050, 9764, 4088, 4088, 4088, 248046]","It looks like your message might be incomplete! Could you clarify what you'd like help with? For example:  
- A specific topic or question?  
- Code, math, or logic problems?  
- Creative ideas (writing, design, etc.)?  
- Something else entirely?  

Let walk walk walk<|im_end|>",True,3795953152,7.66394823200244
052_common_gen_any_token_at_least_k_k3_t8_rep1,202,7,any_token_at_least_k,3,8,2,64,27,1638,860196141,common_gen,52,1,common_gen:validation:512,0,9312845a272695bf2e1c2a62953a7f995dd9e94885ec5a100b92a54cddd508e2,5c84865bee7069cd70a99221bf2c9d3c23079ef3ed455bf30b51edc7764730ca,success,,256.0,256.0,256.0,False,,model_loaded,14.63767490099417,0.3911620569997467,0.6169134189985925,1.0080754759983392,1.0080754759983392,1529,15085,248320,348269593,248320,"{""allowed_count"": 248068, ""expected_count"": 248068, ""missing_expected"": [], ""ok"": true, ""stop_token_ids"": [248046], ""unexpected_allowed"": []}",2.8902958239923464,xgrammar,0.6444135349884164,2.243137678000494,12,64,"[2064, 4816, 1040, 678, 1876, 2597, 3799, 974, 0, 16018, 488, 4338, 35932, 1092, 488, 4035, 1040, 310, 4123, 466, 2466, 883, 30, 1690, 3010, 25, 2228, 12, 357, 3050, 8282, 318, 68, 1257, 2487, 7785, 11, 3712, 11, 12641, 11504, 2228, 12, 357, 3296, 466, 3377, 310, 11290, 30, 2228, 12, 11150, 440, 4237, 11, 10505, 11, 466, 11190, 1208, 1208, 1208, 248046]","It seems like your message got cut off! Could you please clarify what you'd like to discuss or ask about? For example:  
- A specific topic (e.g., science, history, tech)?  
- A question or problem to solve?  
- Help with writing, coding, or creative people people people<|im_end|>",True,3795953152,7.636002059007296
053_common_gen_any_token_at_least_k_k3_t9_rep1,203,8,any_token_at_least_k,3,9,2,64,30,1820,1994459732,common_gen,53,1,common_gen:validation:452,0,a177ce7dfc1303379741f9b11e4b9589ba7c00c65cf705249e730fb153d70714,1b80512455378a70ce5fcad58db6dbeb5c3cfafa74a285d9f25eb7cee2a48998,success,,256.0,256.0,256.0,False,,model_loaded,14.574385505009559,0.41297207899333443,0.717995298007736,1.1309673770010704,1.1309673770010704,1712,18568,306543,459604715,248320,"{""allowed_count"": 248068, ""expected_count"": 248068, ""missing_expected"": [], ""ok"": true, ""stop_token_ids"": [248046], ""unexpected_allowed"": []}",2.7678647260036087,xgrammar,0.6522464290028438,2.2379697550059063,12,64,"[2064, 4816, 1040, 678, 1876, 2597, 3799, 974, 0, 16018, 488, 4338, 35932, 1092, 488, 4035, 1040, 310, 4123, 466, 4191, 30, 353, 2688, 1532, 310, 1438, 440, 4602, 11, 6498, 11, 5154, 11, 466, 3977, 745, 383, 678, 3838, 13, 25677, 232, 169379, 271, 2381, 3010, 25, 198, 12, 3054, 488, 1144, 1438, 440, 264, 3050, 3274, 318, 68, 5614, 5614, 5614, 248046]","It seems like your message got cut off! Could you please clarify what you'd like to discuss or share? I'm here to help with questions, ideas, problems, or anything else on your mind. 😊✨

For example:
- Do you need help with a specific task (e goal goal goal<|im_end|>",True,3795953152,7.678676737006754
054_common_gen_any_token_at_least_k_k3_t10_rep1,204,9,any_token_at_least_k,3,10,2,64,33,2002,1522346293,common_gen,54,1,common_gen:validation:723,0,8591d69dc92a49a27cc21191e342071a1d235c6680c76fc7ce60a3d9a61285bb,6b9f32c92d9d25b3ee9615ca26f36e8ca616017eb7c80a9ceaccacfff575ce60,success,,256.0,256.0,256.0,False,,model_loaded,12.984921031995327,0.3895900900097331,0.8281735979981022,1.2177636880078353,1.2177636880078353,1895,22411,370838,591258167,248320,"{""allowed_count"": 248068, ""expected_count"": 248068, ""missing_expected"": [], ""ok"": true, ""stop_token_ids"": [248046], ""unexpected_allowed"": []}",2.8170020340039628,xgrammar,0.6290272750047734,2.261126625002362,12,64,"[2064, 5686, 1040, 678, 1876, 2493, 381, 31084, 0, 16018, 488, 4338, 35932, 1092, 488, 4035, 1040, 1438, 440, 30, 1690, 3010, 25, 2228, 12, 3054, 488, 1144, 1928, 11, 12622, 440, 264, 3274, 11, 466, 61535, 383, 2414, 3050, 30, 2228, 12, 6558, 728, 1366, 678, 5077, 2982, 11, 321, 353, 3172, 49240, 821, 1965, 310, 678, 3749, 0, 3000, 3000, 3000, 248046]","It looks like your message might be incomplete! Could you please clarify what you'd like help with? For example:  
- Do you need information, assistance with a task, or clarification on something specific?  
- Let me know your focus area, and I'll tailor my response to your needs! light light light<|im_end|>",True,3795953152,7.679938107001362
055_common_gen_any_token_at_least_k_k3_t11_rep1,205,10,any_token_at_least_k,3,11,2,64,36,2184,1077294807,common_gen,55,1,common_gen:validation:894,0,3c858121c4ff3df53faa670548012e797b7f364fc4f15435f72f9a9c84059120,1e286437eb429a6fec80b83323232c7f963a71a67aca22a37c94fe14d97fe746,success,,256.0,256.0,256.0,False,,model_loaded,13.385634092002874,0.41851306799799204,0.9543398859968875,1.3728529539948795,1.3728529539948795,2078,26614,441208,744802429,248320,"{""allowed_count"": 248068, ""expected_count"": 248068, ""missing_expected"": [], ""ok"": true, ""stop_token_ids"": [248046], ""unexpected_allowed"": []}",2.832143407998956,xgrammar,0.6553749140002765,2.246492282996769,12,64,"[2064, 4816, 1040, 678, 1876, 2493, 381, 31084, 0, 16018, 488, 35932, 1092, 488, 4035, 1040, 1438, 440, 30, 1690, 3010, 25, 2228, 12, 14235, 1438, 440, 264, 3050, 8282, 318, 38248, 11, 3712, 11, 12641, 11, 4831, 5946, 30, 2228, 12, 4361, 59846, 440, 264, 6673, 3377, 466, 10505, 8381, 30, 2228, 12, 20482, 364, 11190, 6498, 318, 24501, 14850, 14850, 14850, 248046]","It seems like your message might be incomplete! Could you clarify what you'd like help with? For example:  
- Need help with a specific topic (science, history, tech, etc.)?  
- Struggling with a math problem or coding challenge?  
- Looking for creative ideas (writing shoes shoes shoes<|im_end|>",True,3795953152,7.92863741000474
056_common_gen_any_token_at_least_k_k3_t12_rep1,206,11,any_token_at_least_k,3,12,2,64,39,2366,808116444,common_gen,56,1,common_gen:validation:876,0,6c86328db44c1308d4167bde0f4279449cefd6cb0a515953bed799b1567b880e,a4ef1f2e7d19c52720e630625187046bc95d47b5d9fe9fab797c14c8f7fdccd2,success,,256.0,256.0,256.0,False,,model_loaded,13.496513522986788,0.4178829379961826,1.1112769640021725,1.529159901998355,1.529159901998355,2261,31177,517650,921809981,248320,"{""allowed_count"": 248068, ""expected_count"": 248068, ""missing_expected"": [], ""ok"": true, ""stop_token_ids"": [248046], ""unexpected_allowed"": []}",2.759998692999943,xgrammar,0.6418471119977767,2.2171731010021176,12,64,"[2064, 4816, 678, 1876, 2493, 381, 31084, 0, 16018, 488, 35932, 1092, 488, 4035, 1040, 1438, 440, 30, 1690, 3010, 25, 2228, 12, 3054, 488, 1144, 12622, 440, 264, 3050, 3274, 318, 68, 1257, 2487, 4237, 11, 10505, 11, 3377, 94762, 11504, 2228, 12, 8448, 488, 9859, 264, 3296, 883, 264, 8282, 318, 68, 1257, 2487, 7785, 11, 3712, 11, 2015, 2015, 2015, 248046]","It seems your message might be incomplete! Could you clarify what you'd like help with? For example:  
- Do you need assistance with a specific task (e.g., writing, coding, problem-solving)?  
- Are you asking a question about a topic (e.g., science, history, team team team<|im_end|>",True,3795953152,7.928403380006785
057_common_gen_any_token_at_least_k_k3_t13_rep1,207,12,any_token_at_least_k,3,13,2,64,42,2548,833341984,common_gen,57,1,common_gen:validation:564,0,115c5ce4bfa228bbbf1716d28c7e4230eed6fbb97809fb64cc4df59cffbc54e6,da05330f10dccae796ffe3b63353dc5db654dd5acae567d9cffe389f75073e61,success,,256.0,256.0,256.0,False,,model_loaded,13.46771460599848,0.4291942290001316,1.2235215859982418,1.6527158149983734,1.6527158149983734,2444,36100,600164,1123853303,248320,"{""allowed_count"": 248068, ""expected_count"": 248068, ""missing_expected"": [], ""ok"": true, ""stop_token_ids"": [248046], ""unexpected_allowed"": []}",2.713619928996195,xgrammar,0.6431066500081215,2.266836996001075,12,64,"[2064, 4816, 1040, 678, 1876, 2597, 3799, 974, 0, 16018, 488, 4338, 35932, 1092, 488, 4035, 1040, 310, 4123, 466, 2466, 883, 30, 12757, 424, 579, 264, 3296, 11, 264, 1622, 364, 1438, 11, 466, 2414, 745, 11, 353, 2688, 1532, 310, 7543, 0, 25677, 232, 9008, 239, 229, 271, 2381, 3010, 25, 2228, 12, 3054, 488, 1144, 9183, 383, 2919, 2919, 2919, 248046]","It seems like your message got cut off! Could you please clarify what you'd like to discuss or ask about? Whether it's a question, a request for help, or something else, I'm here to assist! 😊👇

For example:  
- Do you need advice on water water water<|im_end|>",True,3795953152,8.083371068001725
058_common_gen_any_token_at_least_k_k3_t14_rep1,208,13,any_token_at_least_k,3,14,2,64,45,2730,1406280043,common_gen,58,1,common_gen:validation:266,0,7dee4a04003bf4436e7b97b2c9feba6bc078c7c95d32235d76135401d1ccb90a,17e3b3e8daab1641c0e2fa939d08839daf233b03050340942d5c1e4ec804de32,success,,256.0,256.0,256.0,False,,model_loaded,13.687690420993022,0.42793877399526536,1.3668670119950548,1.7948057859903201,1.7948057859903201,2627,41383,688750,1352504875,248320,"{""allowed_count"": 248068, ""expected_count"": 248068, ""missing_expected"": [], ""ok"": true, ""stop_token_ids"": [248046], ""unexpected_allowed"": []}",2.820507754004211,xgrammar,0.627440109004965,2.192831585998647,12,64,"[2064, 4816, 1040, 678, 1876, 2493, 381, 31084, 0, 16018, 488, 35932, 1092, 488, 4035, 1040, 310, 4123, 466, 1092, 488, 1144, 1438, 440, 30, 1690, 3010, 25, 2228, 12, 357, 3296, 466, 3377, 310, 11290, 30, 2228, 12, 22185, 364, 264, 2313, 466, 11190, 3274, 30, 2228, 12, 7831, 883, 264, 8282, 318, 68, 1257, 2487, 5269, 11, 3712, 25611, 25611, 25611, 248046]","It seems like your message might be incomplete! Could you clarify what you'd like to discuss or what you need help with? For example:  
- A question or problem to solve?  
- Ideas for a project or creative task?  
- Information about a topic (e.g., technology, history fancy fancy fancy<|im_end|>",True,3795953152,8.259279740988859
059_common_gen_any_token_at_least_k_k3_t15_rep1,209,14,any_token_at_least_k,3,15,2,64,48,2912,2061637626,common_gen,59,1,common_gen:validation:578,0,8e37f6ab3be83da5e516d5a610db8e81c09149838e5706fabebba043f6eeab9b,26846ffdaf5f0e76b0c6cbaa8584f5e57bf8b053ead446c3fb3b4b35f293c0af,success,,256.0,256.0,256.0,False,,model_loaded,13.90599848300917,0.45256713998969644,1.5381240200076718,1.9906911599973682,1.9906911599973682,2810,47026,783408,1609337177,248320,"{""allowed_count"": 248068, ""expected_count"": 248068, ""missing_expected"": [], ""ok"": true, ""stop_token_ids"": [248046], ""unexpected_allowed"": []}",2.6634615450020647,xgrammar,0.6346202840068145,2.2146097179938806,12,64,"[2064, 4816, 1040, 678, 1876, 2493, 381, 31084, 0, 16018, 488, 35932, 1092, 488, 4035, 1040, 1438, 440, 30, 1690, 3010, 25, 2228, 12, 3054, 488, 1144, 1928, 383, 264, 8282, 30, 2228, 12, 44241, 440, 264, 3274, 466, 3377, 30, 2228, 12, 84595, 11, 6498, 11, 466, 11190, 2144, 30, 2228, 12, 23879, 745, 11040, 30, 18050, 9764, 728, 3921, 3921, 3921, 248046]","It seems like your message might be incomplete! Could you clarify what you'd like help with? For example:  
- Do you need information on a topic?  
- Assistance with a task or problem?  
- Suggestions, ideas, or creative content?  
- Something else entirely?  

Let me remove remove remove<|im_end|>",True,3795953152,8.32462074200157
060_common_gen_exactly_once_kna_t1_rep1,210,0,exactly_once,,1,2,64,3,250,1322616585,common_gen,60,1,common_gen:validation:217,0,94ef7759a226d86db40b9e7f96ed6a3b7ba813bb29c5c780f49c47d898cde36c,452e0c2e1b51fe32499dfdd7347a56ee1db39a989737436b959095f3a6341ebf,success,,256.0,256.0,256.0,False,,model_loaded,12.573063215008005,0.3453313049976714,0.038789411992183886,0.3841207169898553,0.3841207169898553,130,374,6136,1484574,248320,"{""allowed_count"": 248068, ""expected_count"": 248068, ""missing_expected"": [], ""ok"": true, ""stop_token_ids"": [248046], ""unexpected_allowed"": []}",3.005859168988536,xgrammar,0.6477354230009951,2.2166917959984858,12,64,"[2064, 4816, 678, 1876, 2493, 381, 31084, 0, 16018, 488, 35932, 1092, 488, 4035, 1040, 310, 4123, 466, 1092, 488, 1144, 1438, 440, 30, 1690, 3010, 25, 2228, 12, 357, 3050, 8282, 318, 68, 1257, 2487, 7785, 11, 3712, 11, 5269, 8, 2228, 12, 357, 3377, 310, 11290, 2228, 12, 357, 11190, 4374, 318, 68, 1257, 2487, 3255, 11, 2313, 3019, 8, 3222, 248046]","It seems your message might be incomplete! Could you clarify what you'd like to discuss or what you need help with? For example:  
- A specific topic (e.g., science, history, technology)  
- A problem to solve  
- A creative idea (e.g., story, project plan) hold<|im_end|>",True,3795953152,7.146346622001147
061_common_gen_exactly_once_kna_t2_rep1,211,1,exactly_once,,2,2,64,6,375,702934379,common_gen,61,1,common_gen:validation:934,0,d56b9c36d55aa82fcb8920101872a32c9b45cbba674af4c4f4182fb6d13af063,8fab7c98dd82c727a387c897f88975e0b2fa8ea1e8f94519a5a7d940a16bf1f4,success,,256.0,256.0,256.0,False,,model_loaded,12.512252459011506,0.3516762820072472,0.07629333599470556,0.42796961800195277,0.42796961800195277,256,996,15889,6131565,248320,"{""allowed_count"": 248068, ""expected_count"": 248068, ""missing_expected"": [], ""ok"": true, ""stop_token_ids"": [248046], ""unexpected_allowed"": []}",3.0044356239959598,xgrammar,0.647257142001763,2.228215426002862,12,64,"[2064, 4816, 678, 1876, 2597, 3799, 974, 0, 16018, 488, 4338, 35932, 1092, 488, 4035, 1040, 310, 4123, 466, 2466, 883, 30, 1690, 3010, 25, 2228, 12, 357, 3050, 8282, 318, 68, 1257, 2487, 7785, 11, 3712, 11, 12641, 11504, 2228, 12, 357, 3377, 488, 2224, 4313, 310, 11290, 30, 2228, 12, 23502, 6498, 318, 68, 1257, 2487, 7112, 11, 6859, 11504, 31508, 248046]","It seems your message got cut off! Could you please clarify what you'd like to discuss or ask about? For example:  
- A specific topic (e.g., science, history, tech)?  
- A problem you're trying to solve?  
- Creative ideas (e.g., stories, projects)? castle<|im_end|>",True,3795953152,7.171331774996361
062_common_gen_exactly_once_kna_t3_rep1,212,2,exactly_once,,3,2,64,8,500,788091110,common_gen,62,1,common_gen:validation:312,0,9ec3b15f481b8ce7f042d22721a67f90f8fa4e9250d0c5c374ffb094c09e811a,bb4178bec4ac4334a121dcf5e39ee4a183921e14217414ee9be2f3172d6cbed1,success,,256.0,256.0,256.0,False,,model_loaded,12.307245326999691,0.33544854799401946,0.11782018298981711,0.4532687309838366,0.4532687309838366,382,1866,29328,14686175,248320,"{""allowed_count"": 248068, ""expected_count"": 248068, ""missing_expected"": [], ""ok"": true, ""stop_token_ids"": [248046], ""unexpected_allowed"": []}",2.977848869006266,xgrammar,0.6252907500020228,2.2071039089933038,12,64,"[2064, 4816, 1040, 678, 1876, 2597, 3799, 974, 0, 16018, 488, 4338, 35932, 1092, 488, 4035, 1040, 310, 4123, 466, 2466, 883, 30, 353, 2688, 1532, 310, 1438, 440, 4602, 11, 6498, 11, 8806, 11, 466, 3977, 745, 488, 1144, 0, 25677, 232, 9008, 239, 229, 271, 2381, 3010, 11, 513, 488, 9859, 883, 25, 198, 12, 11453, 466, 15019, 30, 198, 3460, 248046]","It seems like your message got cut off! Could you please clarify what you'd like to discuss or ask about? I'm here to help with questions, ideas, tasks, or anything else you need! 😊👇

For example, are you asking about:
- Technology or programming?
 face<|im_end|>",True,3795953152,7.016853482011356
063_common_gen_exactly_once_kna_t4_rep1,213,3,exactly_once,,4,2,64,10,625,2067861125,common_gen,63,1,common_gen:validation:706,0,98e27486484d260bcab9ab57b80107b6e97ff62e42fa3a8d9b30615582297af0,c4b4fd332b8db09be6394a85c27977cdf7b597b9b7e69179e5417ed02718faf7,success,,256.0,256.0,256.0,False,,model_loaded,12.335442611001781,0.33821103000082076,0.16224542999407277,0.5004564599948935,0.5004564599948935,508,2984,46453,27892404,248320,"{""allowed_count"": 248068, ""expected_count"": 248068, ""missing_expected"": [], ""ok"": true, ""stop_token_ids"": [248046], ""unexpected_allowed"": []}",3.0474482699937653,xgrammar,0.622148015012499,2.267266249997192,12,64,"[2064, 4816, 678, 1876, 2493, 381, 31084, 0, 16018, 488, 35932, 1092, 488, 4035, 1040, 310, 4123, 466, 2466, 883, 30, 1690, 3010, 25, 2228, 12, 357, 3050, 8282, 318, 68, 1257, 2487, 7785, 11, 3712, 11, 5269, 11504, 2228, 12, 357, 3296, 466, 3377, 488, 2224, 3133, 383, 30, 2228, 12, 23879, 745, 11040, 30, 18050, 9764, 728, 1366, 1204, 353, 6784, 248046]","It seems your message might be incomplete! Could you clarify what you'd like to discuss or ask about? For example:  
- A specific topic (e.g., science, history, technology)?  
- A question or problem you're working on?  
- Something else entirely?  

Let me know how I wall<|im_end|>",True,3795953152,7.177239019001718
064_common_gen_exactly_once_kna_t5_rep1,214,4,exactly_once,,5,2,64,12,750,1618482338,common_gen,64,1,common_gen:validation:691,0,5e0ab646dd521363fa9205623d2bd9599581bd4344cd6711d886bdb5e9b3426f,37bbb869e6de94e4b23ccfba9a7a50ee027af5c399b0fb8097f48c0478ab5260,success,,256.0,256.0,256.0,False,,model_loaded,12.306607984995935,0.33151833499141503,0.21132694800326135,0.5428452829946764,0.5428452829946764,634,4350,68196,46494252,248320,"{""allowed_count"": 248068, ""expected_count"": 248068, ""missing_expected"": [], ""ok"": true, ""stop_token_ids"": [248046], ""unexpected_allowed"": []}",2.6934266129974276,xgrammar,0.7588466880115448,2.2031663410016336,12,64,"[2064, 4816, 678, 1876, 2597, 3799, 974, 0, 16018, 488, 4338, 35932, 1092, 488, 4035, 1040, 310, 1366, 466, 4123, 30, 12757, 424, 579, 883, 5269, 11, 7785, 11, 3712, 11, 26702, 11, 466, 3977, 745, 11, 353, 2688, 1532, 310, 1438, 0, 25677, 232, 9008, 239, 229, 271, 2381, 3010, 25, 198, 12, 328, 3710, 513, 279, 5362, 79835, 303, 14791, 2503, 248046]","It seems your message got cut off! Could you please clarify what you'd like to know or discuss? Whether it's about technology, science, history, creativity, or anything else, I'm here to help! 😊👇

For example:
- ""What are the latest advancements in AI hard<|im_end|>",True,3795953152,6.9475379069917835
065_common_gen_exactly_once_kna_t6_rep1,215,5,exactly_once,,6,2,64,14,875,1440361350,common_gen,65,1,common_gen:validation:401,0,4de9fec2cddf7d9d1dfed50ec820b3388426fa810d8914167334904c52952fe5,afc738f23308c63157d1e58dcbddb9afa4f9c02643628dfc45432fea209c3442,success,,256.0,256.0,256.0,False,,model_loaded,12.114209505001782,0.34863984599360265,0.26337875399622135,0.612018599989824,0.612018599989824,760,5964,93873,71235719,248320,"{""allowed_count"": 248068, ""expected_count"": 248068, ""missing_expected"": [], ""ok"": true, ""stop_token_ids"": [248046], ""unexpected_allowed"": []}",2.6702820530044846,xgrammar,0.6237180070020258,2.2277136759948917,12,64,"[2064, 4816, 1040, 678, 1876, 2597, 3799, 974, 0, 16018, 488, 4338, 35932, 1092, 488, 4035, 1040, 310, 1366, 466, 2466, 883, 30, 1690, 3010, 25, 2228, 12, 357, 3050, 8282, 318, 38248, 11, 3712, 11, 5269, 11, 4831, 5946, 30, 2228, 12, 357, 3296, 466, 3377, 488, 2224, 3133, 383, 30, 2228, 12, 23879, 745, 11040, 30, 18050, 9764, 728, 1366, 4439, 248046]","It seems like your message got cut off! Could you please clarify what you'd like to know or ask about? For example:  
- A specific topic (science, history, technology, etc.)?  
- A question or problem you're working on?  
- Something else entirely?  

Let me know asked<|im_end|>",True,3795953152,6.872028940997552
066_common_gen_exactly_once_kna_t7_rep1,216,6,exactly_once,,7,2,64,16,1000,1910766821,common_gen,66,1,common_gen:validation:385,0,85d9a0547d86877c6e44ce57a7ed67f098ce32bc9abf1e71b565f2eb309dae84,d086cc5970b87cc213786c7bcf55b92a7768896fc4f56759834edef682fcd2b1,success,,256.0,256.0,256.0,False,,model_loaded,12.923950924989185,0.3587413280038163,0.3197863929963205,0.6785277210001368,0.6785277210001368,886,7826,123484,102860805,248320,"{""allowed_count"": 248068, ""expected_count"": 248068, ""missing_expected"": [], ""ok"": true, ""stop_token_ids"": [248046], ""unexpected_allowed"": []}",2.8266155930032255,xgrammar,0.6352775800041854,2.2855032110091997,12,64,"[2064, 4816, 1040, 678, 1876, 2493, 381, 31084, 0, 16018, 488, 35932, 1092, 488, 4035, 1040, 310, 4123, 466, 2466, 883, 30, 1690, 3010, 25, 2228, 12, 3054, 488, 1144, 1438, 440, 264, 3050, 8282, 318, 68, 1257, 2487, 7785, 11, 5269, 11, 18001, 11504, 2228, 12, 8448, 488, 3221, 364, 1928, 11, 9183, 11, 466, 1066, 7262, 821, 16432, 30, 2228, 2364, 248046]","It seems like your message might be incomplete! Could you clarify what you'd like to discuss or ask about? For example:  
- Do you need help with a specific topic (e.g., science, technology, arts)?  
- Are you looking for information, advice, or just testing my capabilities?  
 sit<|im_end|>",True,3795953152,7.214652715003467
067_common_gen_exactly_once_kna_t8_rep1,217,7,exactly_once,,8,2,64,18,1125,2116306382,common_gen,67,1,common_gen:validation:52,0,4c7fc1c3aa5c84fbf729b0d6a7faeab14e6c42662544f6d7a40c618016f20de8,fd0f84560b50995465432982263dfa2e8a360ff5646f376418d85e2c231cefde,success,,256.0,256.0,256.0,False,,model_loaded,12.973661499010632,0.35453536100976635,0.3810112169885542,0.7355465779983206,0.7355465779983206,1012,9936,157029,142113510,248320,"{""allowed_count"": 248068, ""expected_count"": 248068, ""missing_expected"": [], ""ok"": true, ""stop_token_ids"": [248046], ""unexpected_allowed"": []}",2.879001387991593,xgrammar,0.6215878980001435,2.389993991004303,12,64,"[2064, 5686, 1040, 678, 1876, 2493, 381, 31084, 0, 16018, 488, 35932, 1092, 488, 4035, 1040, 310, 1366, 466, 4123, 30, 1690, 3010, 25, 2228, 12, 357, 3296, 883, 264, 8282, 318, 68, 1257, 2487, 7785, 11, 3712, 11, 12641, 11504, 2228, 12, 11150, 440, 264, 3274, 318, 68, 1257, 2487, 4237, 11, 10505, 11, 6673, 11504, 2228, 12, 23879, 745, 11040, 1777, 248046]","It looks like your message might be incomplete! Could you clarify what you'd like to know or discuss? For example:  
- A question about a topic (e.g., science, history, tech)?  
- Help with a task (e.g., writing, coding, math)?  
- Something else entirely sign<|im_end|>",True,3795953152,7.432937941994169
068_common_gen_exactly_once_kna_t9_rep1,218,8,exactly_once,,9,2,64,20,1250,217189670,common_gen,68,1,common_gen:validation:743,0,2980bef37b3f86b196eca35e45725e9363706e5c89311b131c4aecea6736c02b,f25cd71a25309628f224a373856f4954438b4eacfb5de6e5cee4d5085a87ebf3,success,,256.0,256.0,256.0,False,,model_loaded,12.824128959997324,0.37705885799368843,0.44442008101032116,0.8214789390040096,0.8214789390040096,1138,12294,195625,189737834,248320,"{""allowed_count"": 248068, ""expected_count"": 248068, ""missing_expected"": [], ""ok"": true, ""stop_token_ids"": [248046], ""unexpected_allowed"": []}",2.9517339099984383,xgrammar,0.6526585689862259,2.242823014006717,12,64,"[2064, 4816, 1040, 678, 1876, 2597, 3799, 974, 0, 16018, 488, 4338, 35932, 1092, 488, 4035, 1040, 1438, 440, 30, 1690, 3010, 25, 2228, 12, 357, 3296, 883, 264, 8282, 318, 38248, 11, 3712, 11, 12641, 11, 4831, 5946, 30, 2228, 12, 44241, 440, 4237, 11, 15205, 11, 466, 3377, 94762, 30, 2228, 12, 23879, 745, 11040, 30, 18050, 9658, 1042, 728, 8712, 248046]","It seems like your message got cut off! Could you please clarify what you'd like help with? For example:  
- A question about a topic (science, history, tech, etc.)?  
- Assistance with writing, editing, or problem-solving?  
- Something else entirely?  

Just let me pin<|im_end|>",True,3795953152,7.428989959007595
069_common_gen_exactly_once_kna_t10_rep1,219,9,exactly_once,,10,2,64,22,1375,709817803,common_gen,69,1,common_gen:validation:423,0,a92bda195d8ac07dcdaa251d141210a5908feb6cf596616274b1defcbc506603,09a3a90ef1ec23093321e0b357d342db0ccc2734058beb648f98f4a2167c84d8,success,,256.0,256.0,256.0,False,,model_loaded,12.92233451899665,0.350146530996426,0.5123782299924642,0.8625247609888902,0.8625247609888902,1264,14900,238403,246477777,248320,"{""allowed_count"": 248068, ""expected_count"": 248068, ""missing_expected"": [], ""ok"": true, ""stop_token_ids"": [248046], ""unexpected_allowed"": []}",2.9317227830033517,xgrammar,0.6481989739986602,2.2498858600010863,12,64,"[2064, 4816, 678, 1876, 2493, 381, 31084, 0, 16018, 488, 35932, 1092, 488, 4035, 1040, 1438, 440, 30, 1690, 3010, 25, 2228, 12, 14235, 1928, 11, 264, 6093, 11, 11190, 6498, 11, 466, 12622, 440, 264, 3274, 30, 2228, 12, 11893, 264, 3296, 883, 264, 3050, 8282, 318, 38248, 11, 12641, 11, 3712, 11, 4831, 5946, 30, 2228, 12, 22528, 310, 83783, 3808, 248046]","It seems your message might be incomplete! Could you clarify what you'd like help with? For example:  
- Need information, a solution, creative ideas, or assistance with a task?  
- Have a question about a specific topic (science, tech, history, etc.)?  
- Want to brainstorm across<|im_end|>",True,3795953152,7.452432131001842
070_common_gen_exactly_once_kna_t11_rep1,220,10,exactly_once,,11,2,64,24,1500,262170999,common_gen,70,1,common_gen:validation:733,0,1ca924b23d0c4d3e0ec8a737936f7db5eca0261a5126600b00e1d5f6e930ae23,e7d9b5f335fd5167dc3a13163f7d2f22c9434cf566718dd8fabe0805d2170287,success,,256.0,256.0,256.0,False,,model_loaded,15.711918222004897,0.41068192599050235,0.5902597829990555,1.0009417089895578,1.0009417089895578,1390,17754,285302,313077339,248320,"{""allowed_count"": 248068, ""expected_count"": 248068, ""missing_expected"": [], ""ok"": true, ""stop_token_ids"": [248046], ""unexpected_allowed"": []}",3.2098121249873657,xgrammar,0.6566710509941913,2.263662174998899,12,64,"[2064, 4816, 1040, 678, 1876, 2597, 3799, 974, 0, 16018, 488, 4338, 35932, 1092, 488, 4035, 1040, 310, 1366, 466, 4123, 30, 1690, 3010, 25, 2228, 12, 8448, 488, 9859, 883, 264, 8282, 318, 68, 1257, 2487, 7785, 11, 5269, 11, 3712, 11504, 2228, 12, 3054, 488, 1144, 1438, 440, 264, 3050, 3377, 466, 3274, 30, 2228, 12, 8448, 488, 3221, 364, 1732, 248046]","It seems like your message got cut off! Could you please clarify what you'd like to know or discuss? For example:  
- Are you asking about a topic (e.g., science, technology, history)?  
- Do you need help with a specific problem or task?  
- Are you looking for follow<|im_end|>",True,3795953152,8.01110649399925
071_common_gen_exactly_once_kna_t12_rep1,221,11,exactly_once,,12,2,64,26,1625,2069645348,common_gen,71,1,common_gen:validation:882,0,cbf063b78cb2c765deb51a48db3cafa3fb1f35399c90b811aef6970236090418,3d1f6027f188ed44d741884c5872983f4cd484480f45e086fb21302727f6909a,success,,256.0,256.0,256.0,False,,model_loaded,15.431884480000008,0.4072581250075018,0.667852780999965,1.0751109060074668,1.0751109060074668,1516,20856,336383,390280520,248320,"{""allowed_count"": 248068, ""expected_count"": 248068, ""missing_expected"": [], ""ok"": true, ""stop_token_ids"": [248046], ""unexpected_allowed"": []}",3.1971351700049127,xgrammar,0.6448260009929072,2.1893601399933686,12,64,"[9419, 0, 1049, 5686, 1040, 678, 1876, 2493, 381, 31084, 13, 2500, 628, 353, 7543, 488, 3242, 30, 12757, 488, 1144, 1438, 440, 264, 3296, 11, 1144, 1928, 11, 1318, 310, 83783, 6498, 11, 466, 1066, 1144, 4184, 310, 6040, 11, 2579, 1845, 310, 1042, 728, 1366, 0, 25677, 232, 271, 2381, 3010, 25, 198, 12, 3054, 488, 599, 264, 3050, 8282, 2393, 248046]","Hello! It looks like your message might be incomplete. How can I assist you today? Whether you need help with a question, need information, want to brainstorm ideas, or just need someone to chat, feel free to let me know! 😊

For example:
- Do you have a specific topic service<|im_end|>",True,3795953152,7.950727012997959
072_common_gen_exactly_once_kna_t13_rep1,222,12,exactly_once,,13,2,64,28,1750,453241435,common_gen,72,1,common_gen:validation:824,0,13b938d1adc4cd5dd23ab1e8dc8d109792a00d019a2a6e368e73a275f6ad6f4d,fd9464cabb7464476a0f6f17a616a4be62b0a900105e807a7bfc4adebaca3c66,success,,256.0,256.0,256.0,False,,model_loaded,15.153539035003632,0.41317366099974606,0.750556218001293,1.163729879001039,1.163729879001039,1642,24206,391646,478831320,248320,"{""allowed_count"": 248068, ""expected_count"": 248068, ""missing_expected"": [], ""ok"": true, ""stop_token_ids"": [248046], ""unexpected_allowed"": []}",3.071887632992002,xgrammar,0.6442329290002817,2.1761262719955994,12,64,"[2064, 4816, 1040, 678, 1876, 2493, 381, 31084, 0, 16018, 488, 35932, 1092, 488, 4035, 1040, 310, 4123, 466, 1144, 1438, 440, 30, 1690, 3010, 25, 2228, 12, 357, 3050, 8282, 318, 68, 1257, 2487, 7785, 11, 3712, 11, 5269, 11504, 2228, 12, 357, 3377, 310, 11290, 466, 264, 3296, 310, 4087, 30, 2228, 12, 23502, 6498, 318, 24501, 11, 83783, 286, 4477, 248046]","It seems like your message might be incomplete! Could you clarify what you'd like to discuss or need help with? For example:  
- A specific topic (e.g., science, history, technology)?  
- A problem to solve or a question to answer?  
- Creative ideas (writing, brainstorming music<|im_end|>",True,3795953152,7.928209120000247
073_common_gen_exactly_once_kna_t14_rep1,223,13,exactly_once,,14,2,64,30,1875,1581391601,common_gen,73,1,common_gen:validation:968,0,29c4f80d29cab8bf99397de638c8a21f6a3883d097270d3556390049783bee17,4cdb69e01ea75060d8579bb425fd766c9418f6b4333087bb8041335b02346a8a,success,,256.0,256.0,256.0,False,,model_loaded,14.604791859004763,0.4256237010122277,0.841217526991386,1.2668412280036137,1.2668412280036137,1768,27804,451091,579473739,248320,"{""allowed_count"": 248068, ""expected_count"": 248068, ""missing_expected"": [], ""ok"": true, ""stop_token_ids"": [248046], ""unexpected_allowed"": []}",2.928984975995263,xgrammar,0.6436597590072779,2.23824514199805,12,64,"[2064, 5686, 1040, 678, 1876, 2493, 381, 31084, 0, 16018, 488, 4338, 35932, 1092, 488, 4035, 1040, 1438, 440, 30, 1690, 3010, 25, 2228, 12, 3054, 488, 1144, 12622, 440, 264, 3050, 8282, 318, 38248, 11, 3712, 11, 10505, 11, 4831, 5946, 30, 2228, 12, 8448, 488, 3133, 383, 264, 3377, 466, 2313, 30, 2228, 12, 3054, 488, 599, 4602, 883, 2414, 2418, 248046]","It looks like your message might be incomplete! Could you please clarify what you'd like help with? For example:  
- Do you need assistance with a specific topic (science, history, coding, etc.)?  
- Are you working on a problem or project?  
- Do you have questions about something stand<|im_end|>",True,3795953152,7.941675654001301
074_common_gen_exactly_once_kna_t15_rep1,224,14,exactly_once,,15,2,64,32,2000,106098731,common_gen,74,1,common_gen:validation:504,0,765ce7a2b7ff637c042e1137cf06ef0a3b16ddd56b90b9a00b8cec5807ff034f,75434f34caefa2ac8ac72f1d26e48bc19c820d414b3cc38ab6d9d09d1c5eec37,success,,256.0,256.0,256.0,False,,model_loaded,13.51298783501261,0.4087695740017807,0.9342384720075643,1.343008046009345,1.343008046009345,1894,31650,514718,692951777,248320,"{""allowed_count"": 248068, ""expected_count"": 248068, ""missing_expected"": [], ""ok"": true, ""stop_token_ids"": [248046], ""unexpected_allowed"": []}",2.9395958479872206,xgrammar,0.6349518970091594,2.24409058400488,12,64,"[2064, 5686, 1040, 678, 1876, 2597, 3799, 974, 0, 16018, 488, 4338, 35932, 1092, 488, 4035, 1040, 310, 4123, 466, 2466, 883, 30, 1690, 3010, 25, 2228, 12, 357, 3050, 8282, 318, 68, 1257, 2487, 7785, 11, 3712, 11, 5269, 11504, 2228, 12, 357, 3296, 488, 1144, 1438, 440, 30, 2228, 12, 23879, 488, 2224, 21520, 883, 30, 18050, 9658, 1042, 728, 7538, 248046]","It looks like your message got cut off! Could you please clarify what you'd like to discuss or ask about? For example:  
- A specific topic (e.g., science, history, technology)?  
- A question you need help with?  
- Something you're curious about?  

Just let me jump<|im_end|>",True,3795953152,7.902351083990652
075_common_gen_exactly_once_kna_t16_rep1,225,15,exactly_once,,16,2,64,34,2125,1437087856,common_gen,75,1,common_gen:validation:780,0,393d0c045e4ac2130c3809462fcb440268b29777786be54546792c5d77e9393a,e08adb3834f584397a8fb3cdcf5e3d8b7cba4ab4b3fc24b359d198c12af969c1,success,,256.0,256.0,256.0,False,,model_loaded,13.236545508989366,0.41948392099584453,1.0404940440057544,1.459977965001599,1.459977965001599,2020,35744,582527,820009434,248320,"{""allowed_count"": 248068, ""expected_count"": 248068, ""missing_expected"": [], ""ok"": true, ""stop_token_ids"": [248046], ""unexpected_allowed"": []}",2.8826799879898317,xgrammar,0.643341914008488,1.868797089002328,12,47,"[2064, 4816, 1040, 678, 1876, 2597, 3799, 974, 0, 16018, 488, 4338, 35932, 1092, 488, 4035, 1040, 310, 4123, 466, 2466, 883, 30, 12757, 424, 579, 264, 3296, 11, 264, 1622, 364, 1438, 11, 466, 2414, 745, 11, 353, 2688, 1532, 310, 7543, 0, 25677, 232, 248046]","It seems like your message got cut off! Could you please clarify what you'd like to discuss or ask about? Whether it's a question, a request for help, or something else, I'm here to assist! 😊<|im_end|>",True,3795742208,7.608595767000224
076_common_gen_exactly_once_kna_t17_rep1,226,16,exactly_once,,17,2,64,36,2250,104058370,common_gen,76,1,common_gen:validation:958,0,12bf7011b8ff50f76359e123f22c77a830ef1affb19c799c4188047d452d4ac5,43dfcff2c6fe69d8ab7c1472ed354292d1bf67bb45553b3c9a3d144a5d1d1ca2,success,,256.0,256.0,256.0,False,,model_loaded,13.752155030990252,0.4368311579892179,1.1420108629972674,1.5788420209864853,1.5788420209864853,2146,40086,654518,961390710,248320,"{""allowed_count"": 248068, ""expected_count"": 248068, ""missing_expected"": [], ""ok"": true, ""stop_token_ids"": [248046], ""unexpected_allowed"": []}",3.0286510420119157,xgrammar,0.643219339006464,2.222740582001279,12,64,"[2064, 4816, 1040, 678, 1876, 2493, 381, 31084, 0, 16018, 488, 35932, 1092, 488, 4035, 1040, 310, 1366, 466, 4123, 30, 1690, 3010, 25, 2228, 12, 8448, 488, 3221, 364, 1438, 440, 264, 3050, 8282, 318, 38248, 11, 12641, 11, 3712, 11, 4831, 5946, 30, 2228, 12, 3054, 488, 1144, 61535, 383, 2414, 488, 2224, 20316, 466, 3133, 383, 30, 2228, 12, 14034, 248046]","It seems like your message might be incomplete! Could you clarify what you'd like to know or discuss? For example:  
- Are you looking for help with a specific topic (science, tech, history, etc.)?  
- Do you need clarification on something you're studying or working on?  
- gear<|im_end|>",True,3795953152,8.237570612007403
077_common_gen_exactly_once_kna_t18_rep1,227,17,exactly_once,,18,2,64,38,2375,1692465237,common_gen,77,1,common_gen:validation:881,0,bbbc2de21af4d05997550d0ad56c3decb5d95f56731f65ea88b18534532a8988,967ca111999cce1646336b57741c916b3c59fe3ed1ec3aa8d4a4b128e78dba2e,success,,256.0,256.0,256.0,False,,model_loaded,13.762907118987641,0.45341780700255185,1.2580275689979317,1.7114453760004835,1.7114453760004835,2272,44676,730691,1117839605,248320,"{""allowed_count"": 248068, ""expected_count"": 248068, ""missing_expected"": [], ""ok"": true, ""stop_token_ids"": [248046], ""unexpected_allowed"": []}",2.7696135279984446,xgrammar,0.6507148439995944,2.2748061629972653,12,64,"[2064, 4816, 1040, 678, 1876, 2493, 381, 31084, 0, 16018, 488, 35932, 1092, 488, 4035, 1040, 310, 4123, 466, 1144, 1438, 440, 30, 1690, 3010, 25, 2228, 12, 3054, 488, 599, 264, 3296, 11, 3377, 310, 11290, 11, 466, 11190, 4374, 488, 4035, 1040, 310, 12804, 30, 2228, 12, 8448, 488, 3221, 364, 1928, 383, 264, 3050, 8282, 318, 68, 1257, 2487, 7785, 248046]","It seems like your message might be incomplete! Could you clarify what you'd like to discuss or need help with? For example:  
- Do you have a question, problem to solve, or creative idea you'd like to explore?  
- Are you looking for information on a specific topic (e.g., science<|im_end|>",True,3795953152,8.18023122100567
078_common_gen_exactly_once_kna_t19_rep1,228,18,exactly_once,,19,2,64,40,2500,589495907,common_gen,78,1,common_gen:validation:545,0,4bf28f95a32a88f061dc18649ce929cf5e4e3bc66993d742b74f55e48011c37f,a7d626d80412bdde2578189f17c7942cbbdee64e3a354b215548c176f4b8922b,success,,256.0,256.0,256.0,False,,model_loaded,13.755907211001613,0.4532901420025155,1.3698397900006967,1.8231299320032122,1.8231299320032122,2398,49514,811046,1290100119,248320,"{""allowed_count"": 248068, ""expected_count"": 248068, ""missing_expected"": [], ""ok"": true, ""stop_token_ids"": [248046], ""unexpected_allowed"": []}",2.7436516559973825,xgrammar,0.6384577429998899,2.2247838279872667,12,64,"[2064, 4816, 678, 1876, 2597, 3799, 974, 0, 16018, 488, 4338, 35932, 1092, 488, 4035, 1040, 310, 1366, 466, 4123, 30, 1690, 3010, 25, 2228, 12, 357, 3050, 8282, 318, 68, 1257, 2487, 7785, 11, 3712, 11, 12641, 11504, 2228, 12, 357, 3296, 466, 3377, 310, 11290, 30, 2228, 12, 23879, 11190, 318, 68, 1257, 2487, 3255, 6498, 11, 2313, 1438, 11504, 4221, 248046]","It seems your message got cut off! Could you please clarify what you'd like to know or discuss? For example:  
- A specific topic (e.g., science, history, tech)?  
- A question or problem to solve?  
- Something creative (e.g., story ideas, project help)? needed<|im_end|>",True,3795953152,8.188523311997415
079_common_gen_odd_count_kna_t14_rep1,229,13,odd_count,,14,2,64,30,1875,1907035134,common_gen,79,1,common_gen:validation:798,0,3dfa4d9c0def3d6b7becba8721e29b3c5e5282835a821f5d575d8091b3f1aba0,050b25853dd84a59ce737c259b63e81e80140fcbfe900f290ec6abefe92db5bd,success,,256.0,256.0,256.0,False,,model_loaded,13.239190392996534,0.4032373679947341,0.8523937569989357,1.2556311249936698,1.2556311249936698,1768,28658,464643,610234819,248320,"{""allowed_count"": 248068, ""expected_count"": 248068, ""missing_expected"": [], ""ok"": true, ""stop_token_ids"": [248046], ""unexpected_allowed"": []}",2.7825807359913597,xgrammar,0.7275852510065306,2.283866839003167,12,64,"[2064, 4816, 1040, 678, 1876, 2493, 381, 31084, 0, 16018, 488, 35932, 1092, 488, 4035, 1040, 310, 4123, 466, 11290, 30, 1690, 3010, 25, 2228, 12, 14235, 1438, 440, 264, 3050, 3377, 318, 10065, 11, 7785, 11, 10505, 11, 4831, 5946, 30, 2228, 12, 20482, 364, 1928, 383, 264, 8282, 318, 18274, 11, 5269, 11, 7431, 11504, 2228, 12, 22528, 310, 83783, 4829, 248046]","It seems like your message might be incomplete! Could you clarify what you'd like to discuss or solve? For example:  
- Need help with a specific problem (math, science, coding, etc.)?  
- Looking for information on a topic (history, technology, culture)?  
- Want to brainstorm takes<|im_end|>",True,3795953152,7.818451073995675
080_common_gen_left_not_right_kna_t1_rep1,230,0,left_not_right,,1,2,64,5,308,29123731,common_gen,80,1,common_gen:validation:640,0,63ac83affd4139eeb25a8c88d6cce7a31ccad16a35a9c9d6620cfc02fa92fec1,090c3cde15b98dc62b102c11a2cfc6ac722f3c5df91579c49a22748145b55235,success,,256.0,256.0,256.0,False,,model_loaded,12.081450885991217,0.33486445200105663,0.056774774988298304,0.39163922698935494,0.39163922698935494,190,491,8420,3163212,248320,"{""allowed_count"": 248067, ""expected_count"": 248067, ""missing_expected"": [], ""ok"": true, ""stop_token_ids"": [248046], ""unexpected_allowed"": []}",2.8171194290043786,xgrammar,0.6337214340019273,2.2281216830015182,12,64,"[2064, 4816, 1040, 678, 1876, 2597, 3799, 974, 0, 16018, 488, 4338, 35932, 1092, 488, 4035, 1040, 310, 4123, 466, 2466, 883, 30, 1690, 3010, 25, 2228, 12, 357, 3296, 883, 264, 8282, 318, 68, 1257, 2487, 7785, 11, 3712, 11, 12641, 11504, 2228, 12, 11150, 440, 264, 3274, 318, 68, 1257, 2487, 4237, 11, 10505, 11, 6673, 11504, 2228, 12, 19144, 321, 248046]","It seems like your message got cut off! Could you please clarify what you'd like to discuss or ask about? For example:  
- A question about a topic (e.g., science, history, tech)?  
- Help with a task (e.g., writing, coding, math)?  
- sle and<|im_end|>",True,3795953152,6.8317921869893325
081_common_gen_left_not_right_kna_t2_rep1,231,1,left_not_right,,2,2,64,9,493,971566100,common_gen,81,1,common_gen:validation:627,0,f879e6d49e4f2b8dbf7e8f82aca93361457864decd58fc8bf0b28dd0e42eb857,5defe319c54ca000bc4afa3bef022d57ee0d04ae72a5f1c4f8f0f1afe9b2e69f,success,,256.0,256.0,256.0,False,,model_loaded,12.329854620009428,0.3224904009985039,0.11164720500528347,0.43413760600378737,0.43413760600378737,376,1348,22213,13296516,248320,"{""allowed_count"": 248067, ""expected_count"": 248067, ""missing_expected"": [], ""ok"": true, ""stop_token_ids"": [248046], ""unexpected_allowed"": []}",2.861435511003947,xgrammar,0.6420730999961961,2.2034908200002974,12,64,"[2064, 4816, 1040, 678, 1876, 2597, 3799, 974, 0, 16018, 488, 4338, 35932, 1092, 488, 4035, 1040, 1438, 440, 30, 1690, 3010, 25, 2228, 12, 357, 3296, 883, 264, 8282, 318, 38248, 11, 3712, 11, 12641, 11, 4831, 5946, 2228, 12, 357, 1622, 364, 264, 6093, 11, 15673, 11, 466, 4374, 2228, 12, 23879, 745, 11040, 18050, 9658, 1042, 728, 1366, 5388, 321, 248046]","It seems like your message got cut off! Could you please clarify what you'd like help with? For example:  
- A question about a topic (science, history, tech, etc.)  
- A request for a solution, explanation, or idea  
- Something else entirely  

Just let me know dog and<|im_end|>",True,3795953152,6.905653372989036
082_common_gen_left_not_right_kna_t3_rep1,232,2,left_not_right,,3,2,64,12,678,646258239,common_gen,82,1,common_gen:validation:55,0,9a752b84af372eac6fe7d4f185c570f2892da68b72f6ac242957fba386298dec,2bb9efe1e6802bb06f2272045b02884b5bbd95835a7dd6da2c8211c5a7c70918,success,,256.0,256.0,256.0,False,,model_loaded,12.66508786099439,0.3411189780017594,0.1746077760035405,0.5157267540052999,0.5157267540052999,562,2571,42184,32026134,248320,"{""allowed_count"": 248067, ""expected_count"": 248067, ""missing_expected"": [], ""ok"": true, ""stop_token_ids"": [248046], ""unexpected_allowed"": []}",2.9608984219958074,xgrammar,0.6290123700018739,2.2203804519958794,12,64,"[2064, 4816, 1040, 678, 1876, 2493, 381, 31084, 0, 16018, 488, 35932, 1092, 488, 4035, 1040, 310, 4123, 466, 2466, 883, 30, 1690, 3010, 25, 2228, 12, 3054, 488, 1144, 1438, 440, 264, 3050, 3274, 318, 68, 1257, 2487, 4237, 11, 10505, 11, 3377, 94762, 11504, 2228, 12, 8448, 488, 21520, 883, 264, 8282, 318, 68, 1257, 2487, 7785, 11, 3712, 4088, 321, 248046]","It seems like your message might be incomplete! Could you clarify what you'd like to discuss or ask about? For example:  
- Do you need help with a specific task (e.g., writing, coding, problem-solving)?  
- Are you curious about a topic (e.g., science, history walk and<|im_end|>",True,3795953152,7.09505265399639
083_common_gen_left_not_right_kna_t4_rep1,233,3,left_not_right,,4,2,64,15,863,716425670,common_gen,83,1,common_gen:validation:829,0,baa5466e9689d7bd1fbb631dd53cd88907b721d47e6fb36da1b4d1b03456134c,b8e86262a18e6f688db8f5cd7cb3d8d72e9c94fb1735daa95b751093a2173a11,success,,256.0,256.0,256.0,False,,model_loaded,12.302857767994283,0.35453732099267654,0.243918580992613,0.5984559019852895,0.5984559019852895,748,4160,68146,60977106,248320,"{""allowed_count"": 248067, ""expected_count"": 248067, ""missing_expected"": [], ""ok"": true, ""stop_token_ids"": [248046], ""unexpected_allowed"": []}",2.755752572003985,xgrammar,0.6445389639993664,2.2309562640002696,12,64,"[2064, 4816, 1040, 678, 1876, 2493, 381, 31084, 0, 16018, 488, 35932, 1092, 488, 4035, 1040, 310, 4123, 466, 2466, 883, 30, 1690, 3010, 25, 2228, 12, 357, 3050, 8282, 318, 68, 1257, 2487, 5269, 11, 7785, 11, 7431, 11504, 2228, 12, 357, 3296, 466, 3377, 488, 1144, 1438, 440, 30, 2228, 12, 23879, 745, 11040, 30, 18050, 9764, 728, 1366, 1204, 321, 248046]","It seems like your message might be incomplete! Could you clarify what you'd like to discuss or ask about? For example:  
- A specific topic (e.g., technology, science, culture)?  
- A question or problem you need help with?  
- Something else entirely?  

Let me know how and<|im_end|>",True,3795953152,7.015746688004583
084_common_gen_left_not_right_kna_t5_rep1,234,4,left_not_right,,5,2,64,18,1048,866639243,common_gen,84,1,common_gen:validation:690,0,5cdb8e9db87db4331b2d0ef85c72bd6a762dac236cd6a7360de1a58a19dbb191,1f3b0789050d692a21a53340df5e8bdbfb681c2b48ced8710122831a6dd4afc6,success,,256.0,256.0,256.0,False,,model_loaded,12.33975600800477,0.3491114899952663,0.31857753299118485,0.6676890229864512,0.6676890229864512,934,6115,99916,101774472,248320,"{""allowed_count"": 248067, ""expected_count"": 248067, ""missing_expected"": [], ""ok"": true, ""stop_token_ids"": [248046], ""unexpected_allowed"": []}",2.748869372997433,xgrammar,0.6515806390088983,2.265746446006233,12,64,"[2064, 4816, 1040, 678, 1876, 2493, 381, 31084, 0, 16018, 488, 4338, 35932, 1092, 488, 4035, 1040, 310, 4123, 466, 1144, 1438, 440, 30, 1690, 3010, 25, 2228, 12, 357, 3296, 883, 7785, 11, 3712, 11, 466, 5269, 30, 2228, 12, 52879, 383, 264, 4204, 8282, 318, 68, 1257, 2487, 2730, 11, 6520, 11, 6715, 11504, 2228, 12, 44241, 440, 4237, 1844, 321, 248046]","It seems like your message might be incomplete! Could you please clarify what you'd like to discuss or need help with? For example:  
- A question about science, history, or technology?  
- Advice on a personal topic (e.g., health, education, career)?  
- Assistance with writing top and<|im_end|>",True,3795953152,7.081707990000723
085_common_gen_left_not_right_kna_t6_rep1,235,5,left_not_right,,6,2,64,21,1233,279069166,common_gen,85,1,common_gen:validation:483,0,fb723fba872d0ec9aca0e77076bbb5c7347b908bcbf4184cf221003de9db1260,08930d26e5f61a0bf62669588e657c007368c87ee7b562826de7569992c276c7,success,,256.0,256.0,256.0,False,,model_loaded,12.375949652996496,0.3419012219965225,0.40337988700775895,0.7452811090042815,0.7452811090042815,1120,8436,137494,156043272,248320,"{""allowed_count"": 248067, ""expected_count"": 248067, ""missing_expected"": [], ""ok"": true, ""stop_token_ids"": [248046], ""unexpected_allowed"": []}",2.618668944996898,xgrammar,0.6381883099966217,2.337245033995714,12,64,"[2064, 5686, 1040, 678, 1876, 2493, 381, 31084, 0, 16018, 488, 4338, 35932, 1092, 488, 4035, 1040, 310, 4123, 466, 2466, 883, 30, 1690, 3010, 25, 2228, 12, 357, 3050, 8282, 318, 68, 1257, 2487, 7785, 11, 3712, 11, 5269, 11504, 2228, 12, 357, 3296, 488, 1144, 1438, 440, 30, 2228, 12, 23879, 488, 4035, 1040, 310, 4191, 466, 83783, 30, 1375, 321, 248046]","It looks like your message might be incomplete! Could you please clarify what you'd like to discuss or ask about? For example:  
- A specific topic (e.g., science, history, technology)?  
- A question you need help with?  
- Something you'd like to share or brainstorm? hand and<|im_end|>",True,3795953152,7.095128230008413
086_common_gen_left_not_right_kna_t7_rep1,236,6,left_not_right,,7,2,64,24,1418,268707133,common_gen,86,1,common_gen:validation:532,0,3fee7a6f5a117c5763d9053b99c104f2cc0be58e84d4f55753f215bf2b0dfb56,b17807fcc54fb1cab23bc174dc1d51c57ec12024e70b420b79cdeec15d7f3457,success,,256.0,256.0,256.0,False,,model_loaded,12.805034873003024,0.3662913600128377,0.49052805099927355,0.8568194110121112,0.8568194110121112,1306,11123,180880,225408546,248320,"{""allowed_count"": 248067, ""expected_count"": 248067, ""missing_expected"": [], ""ok"": true, ""stop_token_ids"": [248046], ""unexpected_allowed"": []}",2.8293180870095966,xgrammar,0.6270632020023186,2.1904700529994443,12,64,"[2064, 5686, 1040, 678, 1876, 2493, 381, 31084, 0, 25677, 232, 2500, 628, 353, 7543, 488, 3242, 30, 12757, 488, 1144, 1438, 440, 264, 3296, 11, 264, 3274, 11, 11190, 6498, 11, 466, 1066, 1318, 310, 6040, 11, 353, 2688, 1532, 310, 1438, 0, 18050, 2381, 3010, 25, 2228, 12, 14235, 264, 3255, 11, 1970, 11, 466, 15673, 30, 2228, 12, 11362, 321, 248046]","It looks like your message might be incomplete! 😊 How can I assist you today? Whether you need help with a question, a task, creative ideas, or just want to chat, I'm here to help!  

For example:  
- Need a story, code, or explanation?  
- sitting and<|im_end|>",True,3795953152,7.269557722000172
087_common_gen_left_not_right_kna_t8_rep1,237,7,left_not_right,,8,2,64,27,1603,1209309093,common_gen,87,1,common_gen:validation:92,0,b03cd1c4e6bd90d98248f4b1fc18bf8134e31999d74498bfa6a7259119f6c24c,8dd0b2a8da0c1b019dfbb4ec27fc462b47e4fd1c346c9477a81fcc6705793445,success,,256.0,256.0,256.0,False,,model_loaded,12.79493186000036,0.36653107100573834,0.5884517819940811,0.9549828529998194,0.9549828529998194,1492,14176,230074,311495334,248320,"{""allowed_count"": 248067, ""expected_count"": 248067, ""missing_expected"": [], ""ok"": true, ""stop_token_ids"": [248046], ""unexpected_allowed"": []}",2.9675288669968722,xgrammar,0.6254802179901162,2.2081960159994196,12,64,"[2064, 5686, 1040, 678, 1876, 2493, 381, 31084, 0, 16018, 488, 4338, 35932, 1092, 488, 4035, 1040, 1438, 440, 30, 1690, 3010, 25, 2228, 12, 357, 3050, 8282, 318, 68, 1257, 2487, 7785, 11, 3712, 11, 5269, 11504, 2228, 12, 357, 3296, 466, 3377, 310, 11290, 30, 2228, 12, 357, 3274, 1040, 4237, 11, 10505, 11, 466, 39664, 795, 30, 2228, 12, 321, 248046]","It looks like your message might be incomplete! Could you please clarify what you'd like help with? For example:  
- A specific topic (e.g., science, history, technology)?  
- A question or problem to solve?  
- A task like writing, coding, or analyzing data?  
- and<|im_end|>",True,3795953152,7.52268010599073
088_common_gen_left_not_right_kna_t9_rep1,238,8,left_not_right,,9,2,64,30,1788,392196689,common_gen,88,1,common_gen:validation:712,0,3a11ec50fe2dab47041c3c59f5bfb9469e19132bda878da90770b58f6eed972f,13b7daed30f7338a9ac7755bf94a43cd1017f31e7c4aa92cf7944fa24def7424,success,,256.0,256.0,256.0,False,,model_loaded,12.759327758001746,0.38260536499728914,0.6934297400002833,1.0760351049975725,1.0760351049975725,1678,17595,286724,415928676,248320,"{""allowed_count"": 248067, ""expected_count"": 248067, ""missing_expected"": [], ""ok"": true, ""stop_token_ids"": [248046], ""unexpected_allowed"": []}",2.749269740001182,xgrammar,0.6395383089984534,2.2034401949931635,12,64,"[2064, 4816, 1040, 678, 1876, 2493, 381, 31084, 0, 16018, 488, 35932, 1092, 488, 4035, 1040, 310, 4123, 466, 2466, 883, 30, 1690, 3010, 25, 2228, 12, 3054, 488, 1144, 1438, 440, 264, 3050, 8282, 318, 68, 1257, 2487, 7785, 11, 5269, 11, 3712, 11504, 2228, 12, 8448, 488, 3133, 383, 264, 3377, 466, 2313, 30, 2228, 12, 3054, 488, 1318, 5614, 321, 248046]","It seems like your message might be incomplete! Could you clarify what you'd like to discuss or ask about? For example:  
- Do you need help with a specific topic (e.g., science, technology, history)?  
- Are you working on a problem or project?  
- Do you want goal and<|im_end|>",True,3795953152,7.428186970006209
089_common_gen_left_not_right_kna_t10_rep1,239,9,left_not_right,,10,2,64,33,1973,462965526,common_gen,89,1,common_gen:validation:503,0,4baf02f7aca807ae9ee5de232614e015279df0617e17bc947862823c479f204e,ec0e30ee20a48b105666ab6260b0e8394a18978ce6524197759b658452e417e9,success,,256.0,256.0,256.0,False,,model_loaded,13.129785836994415,0.36517421501048375,0.8100806449947413,1.175254860005225,1.175254860005225,1864,21380,348948,540333612,248320,"{""allowed_count"": 248067, ""expected_count"": 248067, ""missing_expected"": [], ""ok"": true, ""stop_token_ids"": [248046], ""unexpected_allowed"": []}",2.7925257599999895,xgrammar,0.6348465379996924,2.2100074870104436,12,64,"[2064, 4816, 1040, 678, 1876, 2597, 3799, 974, 0, 16018, 488, 4338, 35932, 1092, 488, 4035, 1040, 1438, 440, 30, 1690, 3010, 25, 2228, 12, 357, 3296, 883, 264, 8282, 318, 38248, 11, 3712, 11, 12641, 11, 4831, 5946, 30, 2228, 12, 44241, 440, 264, 3274, 318, 24501, 11, 10505, 11, 3377, 94762, 11504, 2228, 12, 23879, 745, 11040, 30, 18050, 48220, 321, 248046]","It seems like your message got cut off! Could you please clarify what you'd like help with? For example:  
- A question about a topic (science, history, tech, etc.)?  
- Assistance with a task (writing, coding, problem-solving)?  
- Something else entirely?  

 freshly and<|im_end|>",True,3795953152,7.56784129999869
090_common_gen_left_not_right_kna_t11_rep1,240,10,left_not_right,,11,2,64,36,2158,706675733,common_gen,90,1,common_gen:validation:990,0,e4d13ba606bd7b69728e82f1794cef5ec8d0a65c1f6e808b1f8cd50726644439,73b68f12fb0793fa861ec369d5ee3bd86388a3c29ec50c850ad7c8bd7f17b863,success,,256.0,256.0,256.0,False,,model_loaded,15.766175707001821,0.43206156099040527,0.9272267839987762,1.3592883449891815,1.3592883449891815,2050,25531,417826,686335182,248320,"{""allowed_count"": 248067, ""expected_count"": 248067, ""missing_expected"": [], ""ok"": true, ""stop_token_ids"": [248046], ""unexpected_allowed"": []}",3.2473055150039727,xgrammar,0.6583430180035066,2.1953790440020384,12,64,"[2064, 4816, 678, 1876, 2493, 381, 31084, 0, 16018, 488, 35932, 1092, 488, 4035, 1040, 1438, 440, 30, 1690, 3010, 25, 2228, 12, 3054, 488, 1144, 1928, 11, 264, 6093, 310, 264, 3377, 11, 11190, 6498, 11, 466, 2414, 745, 30, 2228, 12, 6558, 728, 1366, 678, 5614, 11, 8282, 11, 466, 3296, 11, 466, 4191, 279, 2193, 488, 2224, 3133, 14810, 321, 248046]","It seems your message might be incomplete! Could you clarify what you'd like help with? For example:  
- Do you need information, a solution to a problem, creative ideas, or something else?  
- Let me know your goal, topic, or question, or share the context you're working dance and<|im_end|>",True,3795953152,8.386821392996353
091_common_gen_left_not_right_kna_t12_rep1,241,11,left_not_right,,12,2,64,39,2343,61336099,common_gen,91,1,common_gen:validation:439,0,e779981d50a278126864cf079e1c52eb6bf83222cc5e7fbf2ca0d49670e10546,1bd6c71d2054614959d4b6f4d3ae0ebae956c58e7b13821a7af9c95951f855ee,success,,256.0,256.0,256.0,False,,model_loaded,15.758811670006253,0.4395491229952313,1.0624108969932422,1.5019600199884735,1.5019600199884735,2236,30048,492878,855558426,248320,"{""allowed_count"": 248067, ""expected_count"": 248067, ""missing_expected"": [], ""ok"": true, ""stop_token_ids"": [248046], ""unexpected_allowed"": []}",3.076875642000232,xgrammar,0.6429467749985633,2.244727088007494,12,64,"[2064, 5686, 1040, 678, 1876, 2493, 381, 31084, 0, 16018, 488, 35932, 1092, 488, 4035, 1040, 1438, 440, 30, 1690, 3010, 25, 2228, 12, 357, 3296, 466, 8282, 488, 2224, 21520, 883, 30, 2228, 12, 357, 3274, 310, 4434, 318, 68, 1257, 2487, 6673, 3377, 11, 1970, 11, 4237, 11, 6157, 11504, 2228, 12, 23879, 745, 11040, 30, 18050, 9658, 1042, 4392, 321, 248046]","It looks like your message might be incomplete! Could you clarify what you'd like help with? For example:  
- A question or topic you're curious about?  
- A task to complete (e.g., math problem, code, writing, analysis)?  
- Something else entirely?  

Just let phone and<|im_end|>",True,3795953152,8.42736962500203
092_common_gen_left_not_right_kna_t13_rep1,242,12,left_not_right,,13,2,64,42,2528,19469142,common_gen,92,1,common_gen:validation:654,0,8fc63599d6621cddbdb32797bbaf7b89351d11fbbeb78fa0c61b3866e7c190c7,7ff3d4cd29a7a85c6dcd104b9a2d815680f09ea133e78b904ce62c1c599752f0,success,,256.0,256.0,256.0,False,,model_loaded,15.307047759008128,0.4495767680054996,1.2126177530008135,1.6621945210063132,1.6621945210063132,2422,34931,574104,1049628384,248320,"{""allowed_count"": 248067, ""expected_count"": 248067, ""missing_expected"": [], ""ok"": true, ""stop_token_ids"": [248046], ""unexpected_allowed"": []}",2.927370534001966,xgrammar,0.6432904160028556,2.2202310789871262,12,64,"[2064, 4816, 1040, 678, 1876, 2493, 381, 31084, 0, 16018, 488, 35932, 1092, 488, 4035, 1040, 310, 4123, 466, 1438, 440, 30, 1690, 3010, 25, 2228, 12, 3054, 488, 599, 264, 3050, 3296, 30, 2228, 12, 14235, 12622, 440, 264, 3274, 318, 68, 1257, 2487, 4237, 11, 6157, 11, 1970, 11504, 2228, 12, 22528, 310, 12804, 264, 8282, 1040, 7785, 11, 1208, 321, 248046]","It seems like your message might be incomplete! Could you clarify what you'd like to discuss or help with? For example:  
- Do you have a specific question?  
- Need assistance with a task (e.g., writing, analysis, code)?  
- Want to explore a topic like science, people and<|im_end|>",True,3795953152,8.366275096996105
093_common_gen_left_not_right_kna_t14_rep1,243,13,left_not_right,,14,2,64,45,2713,777169582,common_gen,93,1,common_gen:validation:637,0,9d42a7886ab03069e9b859d0c74acfa2888221ed1b58b5d54c547386c7bf7b5c,69f55d55e99f6210dbdee6b1e836dae6da708f865ac2e794e97282f9524081a6,success,,256.0,256.0,256.0,False,,model_loaded,14.433724661008455,0.4536228249926353,1.3643922629998997,1.818015087992535,1.818015087992535,2608,40180,661504,1270170096,248320,"{""allowed_count"": 248067, ""expected_count"": 248067, ""missing_expected"": [], ""ok"": true, ""stop_token_ids"": [248046], ""unexpected_allowed"": []}",2.785689750002348,xgrammar,0.6435519189981278,2.1840140760032227,12,64,"[2064, 5686, 1040, 678, 1876, 2493, 381, 31084, 0, 16018, 488, 35932, 1092, 488, 4035, 1040, 1438, 440, 30, 1690, 3010, 25, 2228, 12, 357, 3050, 3296, 466, 8282, 30, 2228, 12, 44241, 440, 4237, 11, 10505, 11, 6673, 11, 466, 2414, 745, 30, 2228, 12, 35636, 383, 2414, 488, 3354, 30, 18050, 9658, 1042, 728, 1366, 1204, 353, 628, 7543, 3583, 321, 248046]","It looks like your message might be incomplete! Could you clarify what you'd like help with? For example:  
- A specific question or topic?  
- Assistance with writing, coding, math, or something else?  
- Feedback on something you created?  

Just let me know how I can assist getting and<|im_end|>",True,3795953152,8.231068113993388
094_common_gen_left_not_right_kna_t15_rep1,244,14,left_not_right,,15,2,64,48,2898,1050385076,common_gen,94,1,common_gen:validation:601,0,26dfc02265e8b08102433261ed92855003acad98154909647fb86f861a73e105,53bfec14d9f39f93b6d17422f69454b53d7b2c082f549d8a0fe7318d84ea8144,success,,256.0,256.0,256.0,False,,model_loaded,14.046614163002232,0.4570255230064504,1.5130440439970698,1.9700695670035202,1.9700695670035202,2794,45795,755078,1518808602,248320,"{""allowed_count"": 248067, ""expected_count"": 248067, ""missing_expected"": [], ""ok"": true, ""stop_token_ids"": [248046], ""unexpected_allowed"": []}",2.761955915004364,xgrammar,0.6522846989973914,2.2820890349976253,12,64,"[2064, 4816, 678, 1876, 369, 31084, 0, 16018, 488, 35932, 1092, 488, 4035, 1040, 1438, 440, 30, 1690, 3010, 25, 2228, 12, 357, 3296, 466, 3377, 310, 11290, 30, 2228, 12, 7831, 383, 264, 8282, 318, 68, 1257, 2487, 7785, 11, 3712, 11, 12641, 11504, 2228, 12, 44241, 440, 4237, 11, 10505, 11, 466, 6157, 30, 2228, 12, 23879, 745, 11040, 883, 321, 248046]","It seems your message is incomplete! Could you clarify what you'd like help with? For example:  
- A question or problem to solve?  
- Information on a topic (e.g., science, history, tech)?  
- Assistance with writing, coding, or analysis?  
- Something else entirely about and<|im_end|>",True,3795953152,8.414558707008837
095_common_gen_left_not_right_kna_t16_rep1,245,15,left_not_right,,16,2,64,51,3083,1914667170,common_gen,95,1,common_gen:validation:667,0,7bdbce274e2b10f1fe5d49c78f7bba222ec8d31c875a709acac643380a519bb3,e16ff72d3632e2b67757f92d9f29eb6324e120cae193b7e491ba7f49dcf0107e,success,,256.0,256.0,256.0,False,,model_loaded,14.38297713600332,0.4501653180050198,1.687979237001855,2.1381445550068747,2.1381445550068747,2980,51776,854826,1797168942,248320,"{""allowed_count"": 248067, ""expected_count"": 248067, ""missing_expected"": [], ""ok"": true, ""stop_token_ids"": [248046], ""unexpected_allowed"": []}",2.78125896200072,xgrammar,0.7516819889860926,2.1946117549960036,12,64,"[2064, 4816, 1040, 678, 1876, 2493, 381, 31084, 0, 16018, 488, 35932, 1092, 488, 4035, 1040, 310, 4123, 466, 1144, 1438, 440, 30, 1690, 3010, 25, 2228, 12, 357, 3296, 466, 3377, 310, 11290, 30, 2228, 12, 7831, 883, 264, 8282, 318, 68, 1257, 2487, 7785, 11, 3712, 11, 12641, 11504, 2228, 12, 23502, 6498, 11, 4237, 12622, 11, 466, 2144, 14704, 321, 248046]","It seems like your message might be incomplete! Could you clarify what you'd like to discuss or need help with? For example:  
- A question or problem to solve?  
- Information about a topic (e.g., science, history, tech)?  
- Creative ideas, writing assistance, or content meal and<|im_end|>",True,3795953152,8.614090399001725
096_common_gen_sets_differ_kna_t1_rep1,246,0,sets_differ,,1,2,64,7,432,1573874806,common_gen,96,1,common_gen:validation:370,0,70d873dd53d902e44f576c2a304feeceaca0a6ade84dbafa4145d89d654279a6,ed1f9db7e94cfbd965f4f7e31cc0490fcfd0560e7d7a464433cbb3d369216c7b,success,,256.0,256.0,256.0,False,,model_loaded,12.311972248004167,0.34610952000366524,0.09298086100898217,0.4390903810126474,0.4390903810126474,314,982,16210,9077791,248320,"{""allowed_count"": 248068, ""expected_count"": 248068, ""missing_expected"": [], ""ok"": true, ""stop_token_ids"": [248046], ""unexpected_allowed"": []}",2.7529067889990984,xgrammar,0.6474718389945338,2.1913785409997217,12,64,"[2064, 4816, 1040, 678, 1876, 2597, 3799, 974, 0, 16018, 488, 4338, 35932, 1092, 488, 4035, 1040, 310, 1366, 466, 4123, 30, 1690, 3010, 25, 2228, 12, 357, 3050, 8282, 318, 68, 1257, 2487, 7785, 11, 3712, 11, 5269, 11504, 2228, 12, 357, 3296, 466, 3377, 488, 2224, 3133, 383, 30, 2228, 12, 23879, 11190, 318, 68, 1257, 2487, 449, 4374, 321, 6560, 248046]","It seems like your message got cut off! Could you please clarify what you'd like to know or discuss? For example:  
- A specific topic (e.g., science, history, technology)?  
- A question or problem you're working on?  
- Something creative (e.g., an idea and arm<|im_end|>",True,3795953152,6.8260650930023985
097_common_gen_sets_differ_kna_t2_rep1,247,1,sets_differ,,2,2,64,12,679,1624475109,common_gen,97,1,common_gen:validation:778,0,0bdb36ac15e38dadae0954705fb7d9efab3d5926d10b5c744745460ebf1d5242,1c2fd4f04b9732424441bd0eae09ea4eafa06ece1c690be9f592e9255d9839b9,success,,256.0,256.0,256.0,False,,model_loaded,12.260581736001768,0.35218499299662653,0.17143110600591172,0.5236160990025382,0.5236160990025382,562,2268,37545,31599860,248320,"{""allowed_count"": 248068, ""expected_count"": 248068, ""missing_expected"": [], ""ok"": true, ""stop_token_ids"": [248046], ""unexpected_allowed"": []}",2.8137895679974463,xgrammar,0.6544595750019653,2.253328519000206,12,64,"[2064, 5686, 1040, 678, 1876, 2493, 381, 31084, 0, 16018, 488, 35932, 1092, 488, 4035, 1040, 1438, 440, 30, 1690, 3010, 25, 2228, 12, 3054, 488, 1144, 12622, 440, 264, 3050, 8282, 318, 68, 1257, 2487, 7785, 11, 6673, 11, 10505, 11504, 2228, 12, 8448, 488, 3221, 364, 6498, 11, 1928, 11, 466, 9611, 310, 264, 3377, 30, 2228, 12, 2441, 321, 3222, 248046]","It looks like your message might be incomplete! Could you clarify what you'd like help with? For example:  
- Do you need assistance with a specific topic (e.g., science, math, coding)?  
- Are you looking for ideas, information, or solutions to a problem?  
- Or and hold<|im_end|>",True,3795953152,7.017457909008954
098_common_gen_sets_differ_kna_t3_rep1,248,2,sets_differ,,3,2,64,16,926,420724794,common_gen,98,1,common_gen:validation:761,0,cd9a8f3bca18880b1942cb92686174913f32c45e4de6a09012f937fa21e1363e,d218123ac0df3123630756f046b9206c6e1b763a4d0151ee7249d4036929be5c,success,,256.0,256.0,256.0,False,,model_loaded,12.463983424007893,0.348280631005764,0.26090498799749184,0.6091856190032559,0.6091856190032559,810,4042,66992,70820752,248320,"{""allowed_count"": 248068, ""expected_count"": 248068, ""missing_expected"": [], ""ok"": true, ""stop_token_ids"": [248046], ""unexpected_allowed"": []}",2.8605030740000075,xgrammar,0.6285032029991271,2.1843444269907195,12,64,"[2064, 5686, 1040, 678, 1876, 2493, 381, 31084, 0, 16018, 488, 35932, 1092, 488, 4035, 1040, 310, 4123, 466, 2466, 883, 30, 1690, 3010, 25, 2228, 12, 357, 3050, 8282, 318, 68, 1257, 2487, 7785, 11, 3712, 11, 5269, 11504, 2228, 12, 357, 3296, 466, 3377, 310, 11290, 30, 2228, 12, 23879, 745, 11040, 30, 18050, 9764, 728, 1366, 1204, 353, 321, 39617, 248046]","It looks like your message might be incomplete! Could you clarify what you'd like to discuss or ask about? For example:  
- A specific topic (e.g., science, history, technology)?  
- A question or problem to solve?  
- Something else entirely?  

Let me know how I and pitcher<|im_end|>",True,3795953152,7.066352124995319
099_common_gen_sets_differ_kna_t4_rep1,249,3,sets_differ,,4,2,64,20,1173,36424983,common_gen,99,1,common_gen:validation:260,0,5f53c103b04cb84c7659c425d670c8fb57b69e093f8911d5bb5287fe9e14fb41,b2a2da1df2fe95547bfe888e50f99652a0c8a288ad9339161aacda00151df178,success,,256.0,256.0,256.0,False,,model_loaded,12.569928674012772,0.3570692909997888,0.3624091200035764,0.7194784110033652,0.7194784110033652,1058,6304,104183,129633331,248320,"{""allowed_count"": 248068, ""expected_count"": 248068, ""missing_expected"": [], ""ok"": true, ""stop_token_ids"": [248046], ""unexpected_allowed"": []}",2.754636658995878,xgrammar,0.6184856280015083,2.2494477779982844,12,64,"[2064, 4816, 1040, 678, 1876, 2493, 381, 31084, 0, 16018, 488, 4338, 35932, 1092, 488, 4035, 1040, 310, 4123, 466, 2466, 883, 30, 12757, 424, 579, 264, 3296, 11, 264, 1622, 364, 1928, 11, 466, 2414, 745, 11, 353, 2688, 1532, 310, 1438, 0, 25677, 232, 271, 2381, 3010, 25, 198, 12, 14235, 1438, 440, 264, 3377, 30, 198, 12, 22528, 5319, 321, 248046]","It seems like your message might be incomplete! Could you please clarify what you'd like to discuss or ask about? Whether it's a question, a request for information, or something else, I'm here to help! 😊

For example:
- Need help with a problem?
- Want song and<|im_end|>",True,3795953152,7.137211936991662
100_common_gen_sets_differ_kna_t5_rep1,250,4,sets_differ,,5,2,64,24,1420,127974346,common_gen,100,1,common_gen:validation:441,0,7ea2da43795119657710ab3bacb43d85692ccfca881db75e95cc3f7ac421accd,d748608d4346ded3cefd71bd5e56d0ef212d4d033de993ffcbc1fa0fb8e02bde,success,,256.0,256.0,256.0,False,,model_loaded,12.724380545987515,0.35923603099945467,0.4760285259981174,0.8352645569975721,0.8352645569975721,1306,9054,149118,210930461,248320,"{""allowed_count"": 248068, ""expected_count"": 248068, ""missing_expected"": [], ""ok"": true, ""stop_token_ids"": [248046], ""unexpected_allowed"": []}",2.651590149005642,xgrammar,0.6307214770058636,2.2524969859950943,12,64,"[2064, 4816, 1040, 678, 1876, 2493, 381, 31084, 0, 16018, 488, 35932, 1092, 488, 4035, 1040, 310, 4123, 466, 1438, 440, 30, 1690, 3010, 25, 2228, 12, 3054, 488, 1144, 12622, 440, 264, 3050, 8282, 318, 68, 1257, 2487, 7785, 11, 5269, 11, 3712, 11504, 2228, 12, 8448, 488, 3221, 364, 1970, 11, 4237, 1438, 11, 6157, 11, 466, 2414, 745, 321, 2019, 248046]","It seems like your message might be incomplete! Could you clarify what you'd like to discuss or help with? For example:  
- Do you need assistance with a specific topic (e.g., science, technology, history)?  
- Are you looking for code, writing help, analysis, or something else and going<|im_end|>",True,3795953152,7.11611602800258
101_common_gen_sets_differ_kna_t6_rep1,251,5,sets_differ,,6,2,64,28,1667,2015136905,common_gen,101,1,common_gen:validation:232,0,52aab265c3b05469df6b5a95d8e755247a0850a0301b0557defbcd297c5cc89b,5db60a6fcea5d846ccfb577e778d8324bfa03ca1b88e981ac771b06c759b3b93,success,,256.0,256.0,256.0,False,,model_loaded,12.672691917003249,0.35906236300070304,0.5898740270058624,0.9489363900065655,0.9489363900065655,1554,12292,201797,317605006,248320,"{""allowed_count"": 248068, ""expected_count"": 248068, ""missing_expected"": [], ""ok"": true, ""stop_token_ids"": [248046], ""unexpected_allowed"": []}",2.8206538279919187,xgrammar,0.6100944880017778,2.3110664270061534,12,64,"[2064, 4816, 1040, 678, 1876, 2493, 381, 31084, 0, 16018, 488, 35932, 1092, 488, 4035, 1040, 1438, 440, 30, 1690, 3010, 25, 2228, 12, 357, 3296, 466, 3377, 310, 11290, 30, 2228, 12, 1473, 15673, 314, 264, 7059, 318, 68, 1257, 2487, 7785, 11, 3712, 11, 12641, 11504, 2228, 12, 23502, 6498, 318, 24501, 11, 83783, 286, 11504, 2228, 12, 23879, 321, 958, 248046]","It seems like your message might be incomplete! Could you clarify what you'd like help with? For example:  
- A question or problem to solve?  
- An explanation of a concept (e.g., science, history, tech)?  
- Creative ideas (writing, brainstorming)?  
- Something and use<|im_end|>",True,3795953152,7.413140264005051
102_common_gen_sets_differ_kna_t7_rep1,252,6,sets_differ,,7,2,64,32,1914,2016303339,common_gen,102,1,common_gen:validation:880,0,9c834dc315310366393b206674766e1a5aafc24cf1a54ca05ebfcc5fca4d9e79,0baa3a0fe3db0aa790bafa3406c8ab68afa55979b4cfb798e5f82a0ac0a18328,success,,256.0,256.0,256.0,False,,model_loaded,12.932281912988401,0.3736336849979125,0.7188660569954664,1.0924997419933788,1.0924997419933788,1802,16018,262220,452549830,248320,"{""allowed_count"": 248068, ""expected_count"": 248068, ""missing_expected"": [], ""ok"": true, ""stop_token_ids"": [248046], ""unexpected_allowed"": []}",2.837221669004066,xgrammar,0.613566127998638,2.2046705140091944,12,64,"[2064, 5686, 1040, 678, 1876, 2597, 3799, 974, 0, 16018, 488, 35932, 1092, 488, 4035, 1040, 1438, 440, 30, 1690, 3010, 25, 2228, 12, 3054, 488, 1144, 1928, 11, 449, 4087, 310, 264, 3296, 11, 466, 12622, 440, 264, 3274, 30, 2228, 12, 8448, 488, 3133, 383, 264, 3050, 8282, 318, 68, 1257, 2487, 7785, 11, 10505, 11, 4237, 11504, 2228, 2418, 321, 248046]","It looks like your message got cut off! Could you clarify what you'd like help with? For example:  
- Do you need information, an answer to a question, or assistance with a task?  
- Are you working on a specific topic (e.g., science, coding, writing)?  
 stand and<|im_end|>",True,3795953152,7.504848590993788
103_common_gen_sets_differ_kna_t8_rep1,253,7,sets_differ,,8,2,64,36,2161,947823129,common_gen,103,1,common_gen:validation:350,0,f414c160676244f08099aafef78d528e4777b0e527d8c9ffb7853adfc36d7a93,6886066973895cb5c575423071e9ca0751ca091af168b5bbab72b24aa228d81e,success,,256.0,256.0,256.0,False,,model_loaded,13.05004149400338,0.38153862400213256,0.8815879220055649,1.2631265460076975,1.2631265460076975,2050,20232,330387,618657797,248320,"{""allowed_count"": 248068, ""expected_count"": 248068, ""missing_expected"": [], ""ok"": true, ""stop_token_ids"": [248046], ""unexpected_allowed"": []}",2.8053997499955585,xgrammar,0.6099220710020745,2.1587785500014434,12,64,"[2064, 4816, 1040, 678, 1876, 2493, 381, 31084, 0, 16018, 488, 4338, 35932, 1092, 488, 4035, 1040, 1438, 440, 30, 1690, 3010, 25, 2228, 12, 357, 3296, 466, 3377, 310, 11290, 30, 2228, 12, 7831, 883, 264, 8282, 318, 68, 1257, 2487, 3712, 11, 7785, 11, 5269, 11504, 2228, 12, 44241, 440, 4237, 11, 6157, 11, 466, 11190, 6498, 30, 2228, 34082, 321, 248046]","It seems like your message might be incomplete! Could you please clarify what you'd like help with? For example:  
- A question or problem to solve?  
- Information about a topic (e.g., history, science, technology)?  
- Assistance with writing, analysis, or creative ideas?  
 fixing and<|im_end|>",True,3795953152,7.607955594998202
104_common_gen_sets_differ_kna_t9_rep1,254,8,sets_differ,,9,2,64,40,2408,212369143,common_gen,104,1,common_gen:validation:421,0,2ada423b6c29e199f3f7265fbde4b4af13496dd84f4fa630a99a58968edbbca8,f13b7a072ea222be19279dde2995eb8c660589bae7c0118050a51f1ed0efe89b,success,,256.0,256.0,256.0,False,,model_loaded,13.321461826999439,0.39029486299841665,1.0372336160071427,1.4275284790055593,1.4275284790055593,2298,24934,408556,818821771,248320,"{""allowed_count"": 248068, ""expected_count"": 248068, ""missing_expected"": [], ""ok"": true, ""stop_token_ids"": [248046], ""unexpected_allowed"": []}",2.7851063800044358,xgrammar,0.6072634779993678,2.266565089012147,12,64,"[2064, 4816, 1040, 678, 1876, 2493, 381, 31084, 0, 16018, 488, 35932, 1092, 488, 4035, 1040, 1438, 440, 30, 1690, 3010, 25, 2228, 12, 14235, 12622, 440, 264, 3274, 318, 68, 1257, 2487, 6673, 11, 10505, 11, 4237, 11504, 2228, 12, 11893, 264, 3296, 883, 264, 3050, 8282, 318, 68, 1257, 2487, 7785, 11, 3712, 11, 12641, 11504, 2228, 12, 22528, 14756, 321, 248046]","It seems like your message might be incomplete! Could you clarify what you'd like help with? For example:  
- Need assistance with a task (e.g., math, coding, writing)?  
- Have a question about a specific topic (e.g., science, history, tech)?  
- Want birthday and<|im_end|>",True,3795953152,7.857228624998243
105_common_gen_sets_differ_kna_t10_rep1,255,9,sets_differ,,10,2,64,44,2655,2009446120,common_gen,105,1,common_gen:validation:265,0,800fe8ecc3bfe181eac7f501f17607ce0f09d1d54ad2b4e8fb8c056e7336e3b7,d79a69342a25bb644e0adf0f69884ad7cc944e41de5a9383539a48d099c7f1b6,success,,256.0,256.0,256.0,False,,model_loaded,13.090963862006902,0.3993188390013529,1.2125274819991319,1.6118463210004847,1.6118463210004847,2546,30124,494977,1055934616,248320,"{""allowed_count"": 248068, ""expected_count"": 248068, ""missing_expected"": [], ""ok"": true, ""stop_token_ids"": [248046], ""unexpected_allowed"": []}",2.7431607780017657,xgrammar,0.6078630970005179,2.2021490199986147,12,64,"[2064, 4816, 1040, 678, 1876, 2493, 381, 31084, 0, 16018, 488, 35932, 1092, 488, 4035, 1040, 310, 1366, 466, 4123, 30, 1690, 3010, 25, 2228, 12, 357, 3050, 8282, 318, 68, 1257, 2487, 7785, 11, 3712, 11, 5269, 11504, 2228, 12, 357, 3296, 488, 2224, 3133, 383, 30, 2228, 12, 23879, 488, 2224, 21520, 883, 30, 18050, 9764, 728, 1366, 1204, 321, 16166, 248046]","It seems like your message might be incomplete! Could you clarify what you'd like to know or discuss? For example:  
- A specific topic (e.g., science, history, technology)?  
- A question you're working on?  
- Something you're curious about?  

Let me know how and pleasure<|im_end|>",True,3795953152,7.894099063007161
106_common_gen_both_sides_kna_t1_rep1,256,0,both_sides,,1,2,64,6,364,1149509973,common_gen,106,1,common_gen:validation:493,0,c47fabb90878994f66734852bb4dc5a0eb28b744805fa4c3b01ce0e51253fe2a,8cfde1334748d6295203c1ac92e5b582a7e833e842044cb3705a07daa3ab7c74,success,,256.0,256.0,256.0,False,,model_loaded,12.359622567004408,0.32866498100338504,0.07215992201236077,0.4008249030157458,0.4008249030157458,248,724,12415,5626739,248320,"{""allowed_count"": 248067, ""expected_count"": 248067, ""missing_expected"": [], ""ok"": true, ""stop_token_ids"": [248046], ""unexpected_allowed"": []}",2.7756255809945287,xgrammar,0.6102243859932059,2.236733348996495,12,64,"[2064, 4816, 1040, 678, 1876, 2493, 381, 31084, 0, 16018, 488, 35932, 1092, 488, 4035, 1040, 1438, 440, 30, 1690, 3010, 25, 2228, 12, 357, 3296, 883, 7785, 11, 3712, 11, 466, 5269, 30, 2228, 12, 357, 1622, 364, 1970, 11, 39492, 11, 466, 11190, 6498, 30, 2228, 12, 23879, 745, 11040, 30, 18050, 9658, 1042, 728, 1366, 1204, 353, 46299, 321, 46299, 248046]","It seems like your message might be incomplete! Could you clarify what you'd like help with? For example:  
- A question about science, history, or technology?  
- A request for code, explanations, or creative ideas?  
- Something else entirely?  

Just let me know how I umbrella and umbrella<|im_end|>",True,3795953152,6.819181593993562
107_common_gen_both_sides_kna_t2_rep1,257,1,both_sides,,2,2,64,10,546,1929646399,common_gen,107,1,common_gen:validation:643,0,675ac543caf5df6571f250ea6adaf932ca31557297e1876b1f0caaf71f293b2f,12a7c8f54bb18c518db69ae438ea63695622934418b3636e0d317926a1098d9d,success,,256.0,256.0,256.0,False,,model_loaded,12.418100118011353,0.33292140600678977,0.13021776899404358,0.46313917500083335,0.46313917500083335,431,1627,27478,18469771,248320,"{""allowed_count"": 248067, ""expected_count"": 248067, ""missing_expected"": [], ""ok"": true, ""stop_token_ids"": [248046], ""unexpected_allowed"": []}",2.7897022380057024,xgrammar,0.6177756010001758,2.1869324509898433,12,64,"[2064, 4816, 1040, 678, 1876, 2597, 3799, 974, 0, 16018, 488, 4338, 3300, 777, 3447, 466, 35932, 1092, 488, 4035, 1040, 310, 1366, 466, 4123, 30, 353, 2688, 1532, 310, 1438, 0, 25677, 232, 271, 2381, 3010, 25, 198, 12, 3054, 488, 1144, 1438, 440, 264, 3050, 3274, 318, 24501, 11, 10505, 11, 6673, 11, 4831, 5946, 30, 198, 12, 6784, 321, 6784, 248046]","It seems like your message got cut off! Could you please provide more details or clarify what you'd like to know or discuss? I'm here to help! 😊

For example:
- Do you need help with a specific task (writing, coding, math, etc.)?
- wall and wall<|im_end|>",True,3795953152,6.814909004009678
108_common_gen_both_sides_kna_t3_rep1,258,2,both_sides,,3,2,64,13,728,1516654347,common_gen,108,1,common_gen:validation:63,0,b67881766976e6760bbaece19835d0044a81453116ac62cd31c7d4ffcd28ed1a,9c7a1f54b71385a3e1b1224886c53d26f772a4685686cbc17c00344dd8962fae,success,,256.0,256.0,256.0,False,,model_loaded,12.415917819002061,0.3391409509931691,0.1942735310003627,0.5334144819935318,0.5334144819935318,614,2890,48857,40451965,248320,"{""allowed_count"": 248067, ""expected_count"": 248067, ""missing_expected"": [], ""ok"": true, ""stop_token_ids"": [248046], ""unexpected_allowed"": []}",2.8179401729867095,xgrammar,0.6099230209947564,2.2875855799939018,12,64,"[2064, 4816, 1040, 678, 1876, 2493, 381, 31084, 0, 16018, 488, 35932, 1092, 488, 4035, 1040, 310, 4123, 466, 1092, 488, 1144, 1438, 440, 30, 12757, 424, 579, 264, 3296, 11, 264, 3274, 11, 466, 1066, 2414, 488, 4035, 1040, 310, 2963, 883, 11, 353, 2688, 1532, 310, 7543, 0, 25677, 232, 271, 2381, 3010, 25, 198, 12, 3054, 488, 8250, 321, 8250, 248046]","It seems like your message might be incomplete! Could you clarify what you'd like to discuss or what you need help with? Whether it's a question, a task, or just something you'd like to talk about, I'm here to assist! 😊

For example:
- Do you dress and dress<|im_end|>",True,3795953152,6.982734948003781
109_common_gen_both_sides_kna_t4_rep1,259,3,both_sides,,4,2,64,16,910,1752666085,common_gen,109,1,common_gen:validation:500,0,4264d5de5b7bc3eabbef410254b81f290a27000e277080400ac5e1128d672c6a,9d03c56afd4d452c314727b0b0c30dbcf06c3081290889c34e836dfbd47ee2e0,success,,256.0,256.0,256.0,False,,model_loaded,12.759900189994369,0.32670767899253406,0.2653066079947166,0.5920142869872507,0.5920142869872507,797,4513,75948,73145801,248320,"{""allowed_count"": 248067, ""expected_count"": 248067, ""missing_expected"": [], ""ok"": true, ""stop_token_ids"": [248046], ""unexpected_allowed"": []}",2.6585909849964082,xgrammar,0.6279109960014466,2.248966275001294,12,64,"[2064, 4816, 1040, 678, 1876, 2493, 381, 31084, 0, 16018, 488, 35932, 1092, 488, 4035, 1040, 1438, 440, 30, 1690, 3010, 25, 2228, 12, 3054, 488, 1144, 1928, 11, 12622, 440, 264, 3274, 11, 466, 11190, 6498, 30, 2228, 12, 8448, 488, 3221, 364, 9183, 383, 2414, 3050, 30, 2228, 12, 14235, 1438, 440, 264, 3377, 11, 2313, 11, 466, 4088, 321, 4088, 248046]","It seems like your message might be incomplete! Could you clarify what you'd like help with? For example:  
- Do you need information, assistance with a task, or creative ideas?  
- Are you looking for advice on something specific?  
- Need help with a problem, project, or walk and walk<|im_end|>",True,3795953152,6.8985950789938215
110_common_gen_both_sides_kna_t5_rep1,260,4,both_sides,,5,2,64,19,1092,1043104087,common_gen,110,1,common_gen:validation:29,0,1747a6b92be5adefeea9c52744097d6a5364b8909c40f926f5ffffe8b5bc24d2,d778396793600fb1ba25801687db494705950b5fdf523c968a555afce070f71b,success,,256.0,256.0,256.0,False,,model_loaded,15.449595026002498,0.3722651410062099,0.34281027600809466,0.7150754170143045,0.7150754170143045,980,6496,108751,118123759,248320,"{""allowed_count"": 248067, ""expected_count"": 248067, ""missing_expected"": [], ""ok"": true, ""stop_token_ids"": [248046], ""unexpected_allowed"": []}",3.123936103991582,xgrammar,0.6559716379997553,2.214828257012414,12,64,"[2064, 4816, 678, 1876, 2493, 381, 31084, 0, 16018, 488, 35932, 1092, 488, 4035, 1040, 1438, 440, 30, 1690, 3010, 25, 2228, 12, 3054, 488, 1144, 1928, 383, 264, 8282, 30, 2228, 12, 14235, 12622, 440, 264, 3274, 318, 68, 1257, 2487, 4237, 11, 10505, 11, 6673, 11504, 2228, 12, 22528, 310, 4123, 2414, 3050, 30, 18050, 9764, 728, 1366, 6220, 321, 6220, 248046]","It seems your message might be incomplete! Could you clarify what you'd like help with? For example:  
- Do you need information on a topic?  
- Need assistance with a task (e.g., writing, coding, math)?  
- Want to discuss something specific?  

Let me know floor and floor<|im_end|>",True,3795953152,7.5312544260086725
111_common_gen_both_sides_kna_t6_rep1,261,5,both_sides,,6,2,64,22,1274,713882624,common_gen,111,1,common_gen:validation:660,0,a1488b8230d426fa50ae341b9dd077c1375a518a4b2563ed2f883008c21f0b6c,eff4aec51fdd50c0fc720f5782346e014fd6f5fbf0741a5bf3717428b3c795ea,success,,256.0,256.0,256.0,False,,model_loaded,15.142293527998845,0.3636400169925764,0.4225399830029346,0.786179999995511,0.786179999995511,1163,8839,147266,176958319,248320,"{""allowed_count"": 248067, ""expected_count"": 248067, ""missing_expected"": [], ""ok"": true, ""stop_token_ids"": [248046], ""unexpected_allowed"": []}",3.029229277992272,xgrammar,0.6418196080048801,2.2171616409905255,12,64,"[2064, 4816, 1040, 678, 1876, 2597, 3799, 974, 0, 16018, 488, 4338, 3300, 777, 3447, 466, 35932, 1092, 488, 4035, 1040, 310, 1366, 466, 4123, 30, 1690, 3010, 25, 2228, 12, 357, 3296, 30, 2228, 12, 1473, 4374, 466, 3377, 488, 2224, 3133, 383, 30, 2228, 12, 23879, 488, 1144, 1438, 440, 318, 68, 1257, 2487, 6673, 11, 4237, 11, 1732, 321, 1732, 248046]","It seems like your message got cut off! Could you please provide more details or clarify what you'd like to know or discuss? For example:  
- A question?  
- An idea or problem you're working on?  
- Something you need help with (e.g., math, writing, follow and follow<|im_end|>",True,3795953152,7.4985235030035255
112_common_gen_both_sides_kna_t7_rep1,262,6,both_sides,,7,2,64,25,1456,1223924724,common_gen,112,1,common_gen:validation:402,0,bcd93e0b1f82f84337c5e89ebc9a7f279991a0a02e1f4c30fe65fb8910944d38,4926661d54ea2941b7b545cb984613dda48ecb3d6216d1a7ffe0ef4bf717aad8,success,,256.0,256.0,256.0,False,,model_loaded,12.967382125003496,0.3715065010037506,0.5127888830029406,0.8842953840066912,0.8842953840066912,1346,11542,191493,251221961,248320,"{""allowed_count"": 248067, ""expected_count"": 248067, ""missing_expected"": [], ""ok"": true, ""stop_token_ids"": [248046], ""unexpected_allowed"": []}",2.9376766300119925,xgrammar,0.6383478869975079,2.194873001004453,12,64,"[2064, 4816, 678, 1876, 2597, 3799, 974, 0, 16018, 488, 4338, 35932, 1092, 488, 4035, 1040, 310, 4123, 466, 2466, 883, 30, 12757, 424, 579, 264, 3296, 11, 264, 1622, 364, 1928, 11, 466, 1066, 264, 15855, 6040, 11, 2579, 1845, 310, 4191, 777, 3447, 748, 353, 628, 7543, 488, 13057, 0, 25677, 232, 9008, 239, 235, 271, 3710, 1000, 9558, 321, 9558, 248046]","It seems your message got cut off! Could you please clarify what you'd like to discuss or ask about? Whether it's a question, a request for information, or just a casual chat, feel free to share more details so I can assist you effectively! 😊👍

What would wear and wear<|im_end|>",True,3795953152,7.486169361000066
113_common_gen_both_sides_kna_t8_rep1,263,7,both_sides,,8,2,64,28,1638,197853841,common_gen,113,1,common_gen:validation:857,0,8cbeac663be101443ff4a9b9b0b96dde8f9102fb3ec2acec4ba9b78430691767,c1dfafe8d180b1a170590fc6dde9bb2308343a6f252eb7466fa072d3904ae029,success,,256.0,256.0,256.0,False,,model_loaded,13.314829994007596,0.37954311599605717,0.6164360849943478,0.9959792009904049,0.9959792009904049,1529,14605,241432,342487165,248320,"{""allowed_count"": 248067, ""expected_count"": 248067, ""missing_expected"": [], ""ok"": true, ""stop_token_ids"": [248046], ""unexpected_allowed"": []}",3.0251698499923805,xgrammar,0.6388687879953068,2.2689779290085426,12,64,"[2064, 5686, 1040, 678, 1876, 2493, 381, 31084, 0, 16018, 488, 35932, 1092, 488, 4035, 1040, 1438, 440, 30, 1690, 3010, 25, 2228, 12, 357, 3296, 883, 264, 8282, 318, 38248, 11, 3712, 11, 12641, 11, 4831, 5946, 30, 2228, 12, 44241, 440, 264, 3377, 318, 10065, 11, 10505, 11, 4237, 11, 4831, 5946, 30, 2228, 12, 23879, 745, 11040, 1777, 321, 1777, 248046]","It looks like your message might be incomplete! Could you clarify what you'd like help with? For example:  
- A question about a topic (science, history, tech, etc.)?  
- Assistance with a problem (math, coding, writing, etc.)?  
- Something else entirely sign and sign<|im_end|>",True,3795953152,7.741542325005867
114_common_gen_both_sides_kna_t9_rep1,264,8,both_sides,,9,2,64,31,1820,1247722251,common_gen,114,1,common_gen:validation:873,0,72c8867306e61452cc070970cc0cccbc925335c4b336d6ce82a643e776fae700,5484aa833586dd733209f7468787d71acdd2fe3244ad37d5235956ed997509fd,success,,256.0,256.0,256.0,False,,model_loaded,13.282635062001646,0.39107578599941917,0.7179589970037341,1.1090347830031533,1.1090347830031533,1712,18028,298764,452326411,248320,"{""allowed_count"": 248067, ""expected_count"": 248067, ""missing_expected"": [], ""ok"": true, ""stop_token_ids"": [248046], ""unexpected_allowed"": []}",2.8708485450042645,xgrammar,0.6308559769968269,2.2096081280033104,12,64,"[2064, 4816, 678, 1876, 2493, 381, 31084, 0, 16018, 488, 35932, 1092, 488, 4035, 1040, 1438, 440, 30, 1690, 3010, 25, 2228, 12, 357, 3296, 466, 3377, 310, 11290, 30, 2228, 12, 7831, 883, 264, 8282, 318, 68, 1257, 2487, 7785, 11, 12641, 11, 3712, 11504, 2228, 12, 44241, 440, 4237, 11, 10505, 11, 466, 6157, 30, 2228, 12, 23879, 2418, 321, 2418, 248046]","It seems your message might be incomplete! Could you clarify what you'd like help with? For example:  
- A question or problem to solve?  
- Information about a topic (e.g., science, tech, history)?  
- Assistance with writing, coding, or analysis?  
- Something stand and stand<|im_end|>",True,3795953152,7.66268782899715
115_common_gen_both_sides_kna_t10_rep1,265,9,both_sides,,10,2,64,34,2002,1116949497,common_gen,115,1,common_gen:validation:885,0,1ed331e823eafd155eb84eef344ba0d692ef35ac0c05b5e0e1c6b85dddc4ead0,bbfdafc2b32c26523bda675320eea4928f7b3ae6855eee0e78c073550bbd2da3,success,,256.0,256.0,256.0,False,,model_loaded,13.074419249998755,0.3939500179985771,0.8409257530001923,1.2348757709987694,1.2348757709987694,1895,21811,361578,582312179,248320,"{""allowed_count"": 248067, ""expected_count"": 248067, ""missing_expected"": [], ""ok"": true, ""stop_token_ids"": [248046], ""unexpected_allowed"": []}",2.730736354002147,xgrammar,0.6315255649969913,2.20305772399297,12,64,"[2064, 5686, 1040, 678, 1876, 2493, 381, 31084, 0, 16018, 488, 35932, 1092, 488, 4035, 1040, 1438, 440, 30, 1690, 3010, 25, 2228, 12, 3054, 488, 1144, 1928, 383, 264, 3050, 8282, 318, 68, 1257, 2487, 7785, 11, 3712, 11, 12641, 11504, 2228, 12, 8448, 488, 3133, 383, 264, 2313, 466, 1144, 12622, 440, 264, 3274, 30, 2228, 12, 3054, 22035, 321, 22035, 248046]","It looks like your message might be incomplete! Could you clarify what you'd like help with? For example:  
- Do you need information on a specific topic (e.g., science, history, tech)?  
- Are you working on a project or need assistance with a task?  
- Do athletes and athletes<|im_end|>",True,3795953152,7.551649320012075
116_common_gen_both_sides_kna_t11_rep1,266,10,both_sides,,11,2,64,37,2184,264973824,common_gen,116,1,common_gen:validation:341,0,4dcd8679643a7dbd9f921a16a123742555c1acf0353a675ce334e59651765f10,8d6b7cb2366b0817f0dc88d404c84429146180b698ef011780c2d44ddbe4729d,success,,256.0,256.0,256.0,False,,model_loaded,13.376399036991643,0.4006638910068432,0.9766547709878068,1.37731866199465,1.37731866199465,2078,25954,430997,734016949,248320,"{""allowed_count"": 248067, ""expected_count"": 248067, ""missing_expected"": [], ""ok"": true, ""stop_token_ids"": [248046], ""unexpected_allowed"": []}",2.7963173200114397,xgrammar,0.6297651549975853,2.245276178000495,12,64,"[2064, 4816, 1040, 678, 1876, 2493, 381, 31084, 0, 16018, 488, 35932, 1092, 488, 4035, 1040, 1438, 440, 30, 1690, 3010, 25, 2228, 12, 14235, 9183, 383, 264, 8282, 30, 2228, 12, 22528, 310, 6380, 264, 3992, 30, 2228, 12, 20482, 364, 1928, 466, 4802, 30, 2228, 12, 11893, 264, 3296, 883, 2414, 3050, 30, 18050, 9658, 1042, 728, 1366, 25174, 321, 25174, 248046]","It seems like your message might be incomplete! Could you clarify what you'd like help with? For example:  
- Need advice on a topic?  
- Want to practice a language?  
- Looking for information or resources?  
- Have a question about something specific?  

Just let me know jumped and jumped<|im_end|>",True,3795953152,7.821081326008425
117_common_gen_both_sides_kna_t12_rep1,267,11,both_sides,,12,2,64,40,2366,1005176426,common_gen,117,1,common_gen:validation:399,0,5388f4d7412fdffe2b1d7c5e62eb9aef6bd5fb103979e842a28b1eb241161c81,e1b12cbc0d2d2d216c9acbbd4e152a47bb93cc884ea109c2641442a6c6b41fc0,success,,256.0,256.0,256.0,False,,model_loaded,13.582011859994964,0.4263152159983292,1.1019053670024732,1.5282205830008024,1.5282205830008024,2261,30457,506488,909013201,248320,"{""allowed_count"": 248067, ""expected_count"": 248067, ""missing_expected"": [], ""ok"": true, ""stop_token_ids"": [248046], ""unexpected_allowed"": []}",2.766128147006384,xgrammar,0.6169012540049152,2.211912824001047,12,64,"[2064, 4816, 1040, 678, 1876, 2493, 381, 31084, 0, 16018, 488, 35932, 1092, 488, 4035, 1040, 310, 4123, 466, 1092, 488, 1144, 1438, 440, 30, 25677, 232, 1690, 3010, 25, 2228, 12, 357, 3296, 883, 7785, 11, 3712, 11, 12641, 11, 466, 7431, 30, 2228, 12, 44241, 440, 4237, 11, 10505, 11, 466, 6157, 30, 2228, 12, 23879, 745, 11040, 30, 321, 883, 248046]","It seems like your message might be incomplete! Could you clarify what you'd like to discuss or what you need help with? 😊 For example:  
- A question about science, history, tech, or culture?  
- Assistance with writing, coding, or analysis?  
- Something else entirely? and about<|im_end|>",True,3795953152,7.903341622004518
118_common_gen_both_sides_kna_t13_rep1,268,12,both_sides,,13,2,64,43,2548,664912240,common_gen,118,1,common_gen:validation:887,0,f94dac282589bc09e37d0c12029be362d3874f15c90ae47c7e64242974bfbfc8,b39e6651236d8652fc9a4415cc43eec5a3566b202331fd3c94e9ccd36f616a53,success,,256.0,256.0,256.0,False,,model_loaded,14.063498785995762,0.42133678699610755,1.2596614319918444,1.680998218987952,1.680998218987952,2444,35320,588051,1108873415,248320,"{""allowed_count"": 248067, ""expected_count"": 248067, ""missing_expected"": [], ""ok"": true, ""stop_token_ids"": [248046], ""unexpected_allowed"": []}",2.8752336210018257,xgrammar,0.6384592750109732,2.269230947000324,12,64,"[2064, 4816, 1040, 678, 1876, 2597, 3799, 974, 0, 16018, 488, 35932, 1092, 488, 4035, 1040, 1438, 440, 30, 1690, 3010, 25, 2228, 12, 3054, 488, 1144, 1928, 11, 9183, 11, 466, 12622, 440, 264, 3050, 8282, 30, 2228, 12, 8448, 488, 3133, 383, 264, 2313, 11, 4237, 11, 466, 21156, 264, 3377, 30, 2228, 12, 2091, 1017, 2414, 745, 42726, 321, 42726, 248046]","It seems like your message got cut off! Could you clarify what you'd like help with? For example:  
- Do you need information, advice, or assistance with a specific topic?  
- Are you working on a project, writing, or solving a problem?  
- Is there something else demonstrating and demonstrating<|im_end|>",True,3795953152,8.259508699004073
119_common_gen_both_sides_kna_t14_rep1,269,13,both_sides,,14,2,64,46,2730,496641802,common_gen,119,1,common_gen:validation:721,0,90c6d995e617c898e580d584bf39d25281cb65e65d7f64558533e47fcd6fb11a,904bd18f79b68a257c77c6a85180e316e19fbf21398e8c255486766211446a28,success,,256.0,256.0,256.0,False,,model_loaded,13.746042367987684,0.4374735630117357,1.3984231840004213,1.835896747012157,1.835896747012157,2627,40543,675686,1335170071,248320,"{""allowed_count"": 248067, ""expected_count"": 248067, ""missing_expected"": [], ""ok"": true, ""stop_token_ids"": [248046], ""unexpected_allowed"": []}",2.752733007000643,xgrammar,0.6346244260057574,2.1905949560023146,12,64,"[2064, 4816, 1040, 678, 1876, 2493, 381, 31084, 0, 16018, 488, 35932, 1092, 488, 4035, 1040, 1438, 440, 30, 1690, 3010, 25, 2228, 12, 3054, 488, 1144, 1928, 11, 264, 6093, 11, 466, 12622, 440, 264, 3274, 30, 2228, 12, 8448, 488, 9859, 883, 264, 3050, 8282, 318, 68, 1257, 2487, 7785, 11, 5269, 11, 7431, 11504, 2228, 12, 18315, 1608, 321, 1608, 248046]","It seems like your message might be incomplete! Could you clarify what you'd like help with? For example:  
- Do you need information, a solution, or assistance with a task?  
- Are you asking about a specific topic (e.g., science, technology, culture)?  
- Would using and using<|im_end|>",True,3795953152,8.225276715005748
120_common_gen_both_sides_kna_t15_rep1,270,14,both_sides,,15,2,64,49,2912,1122654281,common_gen,120,1,common_gen:validation:161,0,87021c64d33fc7c3e9de0441b613d688ad5fd0f4f8a46a389ccb4d05eeab1cff,321b9e0fccc9e246dbffab6261916432fcb2e113758bb904574d9e60d6726def,success,,256.0,256.0,256.0,False,,model_loaded,14.159103126992704,0.4371225070062792,1.5590061639959458,1.996128671002225,1.996128671002225,2810,46126,769393,1589475649,248320,"{""allowed_count"": 248067, ""expected_count"": 248067, ""missing_expected"": [], ""ok"": true, ""stop_token_ids"": [248046], ""unexpected_allowed"": []}",2.6803765169897815,xgrammar,0.628344950004248,2.191721837996738,12,64,"[2064, 4816, 1040, 678, 1876, 2493, 381, 31084, 0, 16018, 488, 4338, 35932, 1092, 488, 4035, 1040, 1438, 440, 30, 1690, 3010, 25, 2228, 12, 3054, 488, 599, 264, 3296, 883, 264, 3050, 8282, 318, 68, 1257, 2487, 7785, 11, 5269, 11, 3712, 11504, 2228, 12, 14235, 12622, 440, 4237, 11, 10505, 11, 466, 21156, 264, 6673, 3377, 30, 2228, 13087, 321, 13087, 248046]","It seems like your message might be incomplete! Could you please clarify what you'd like help with? For example:  
- Do you have a question about a specific topic (e.g., science, technology, history)?  
- Need assistance with writing, coding, or solving a math problem?  
 usual and usual<|im_end|>",True,3795953152,8.262811976004741
121_common_gen_even_count_kna_t1_rep1,271,0,even_count,,1,2,64,4,308,855419905,common_gen,121,1,common_gen:validation:392,0,83936bea70591026fb2cb611571bcb8c899cf996ecc9a3aad5af4deabc46f40d,6f521ef63d199bf921036f7c3ac196f48ca94981d133b132daec0bfc327a6a48,success,,256.0,256.0,256.0,False,,model_loaded,12.511276891003945,0.33775346299808007,0.05747506000625435,0.3952285230043344,0.3952285230043344,190,612,10219,3493850,248320,"{""allowed_count"": 248068, ""expected_count"": 248068, ""missing_expected"": [], ""ok"": true, ""stop_token_ids"": [248046], ""unexpected_allowed"": []}",2.9725360259908484,xgrammar,0.6257760050066281,2.2580434950068593,12,64,"[2064, 4816, 1040, 678, 1876, 2493, 381, 31084, 0, 16018, 488, 4338, 35932, 1092, 488, 4035, 1040, 310, 4123, 466, 2466, 883, 30, 1690, 3010, 25, 2228, 12, 357, 3296, 883, 7785, 11, 5269, 11, 3712, 11, 4831, 78603, 2228, 12, 14235, 1438, 440, 264, 3274, 318, 68, 1257, 2487, 6673, 11, 10505, 11, 4237, 11504, 2228, 12, 22528, 18005, 11, 3487, 3487, 248046]","It seems like your message might be incomplete! Could you please clarify what you'd like to discuss or ask about? For example:  
- A question about science, technology, history, etc.?  
- Need help with a task (e.g., math, coding, writing)?  
- Want recommendations, food food<|im_end|>",True,3795953152,7.0146557109983405
122_common_gen_even_count_kna_t2_rep1,272,1,even_count,,2,2,64,8,493,1365899619,common_gen,122,1,common_gen:validation:592,0,b3f08c93e18955bf193abdec19b0011ea6d018eea930c3d524c3f6a9824bd355,8f59d3b2927430e2c95f3272e5bd67bdce8d5773ae077b3929020571c8efe668,success,,256.0,256.0,256.0,False,,model_loaded,12.223907937004697,0.3419704629923217,0.11437264100823086,0.45634310400055256,0.45634310400055256,376,1590,25811,14590532,248320,"{""allowed_count"": 248068, ""expected_count"": 248068, ""missing_expected"": [], ""ok"": true, ""stop_token_ids"": [248046], ""unexpected_allowed"": []}",2.800119363993872,xgrammar,0.6361014930007514,2.224994094998692,12,64,"[2064, 4816, 678, 1876, 369, 31084, 0, 16018, 488, 4338, 35932, 1092, 488, 4035, 1040, 1438, 440, 30, 1690, 3010, 25, 2228, 12, 3054, 488, 1144, 1928, 11, 12622, 440, 264, 3274, 11, 6157, 11, 466, 2414, 745, 30, 2228, 12, 2091, 411, 5265, 310, 264, 3050, 8282, 318, 68, 1257, 2487, 7785, 11, 10505, 11, 3712, 11504, 2228, 12, 18315, 5388, 5388, 248046]","It seems your message is incomplete! Could you please clarify what you'd like help with? For example:  
- Do you need information, assistance with a task, analysis, or something else?  
- Is this related to a specific topic (e.g., science, coding, history)?  
- Would dog dog<|im_end|>",True,3795953152,6.866240710005513
123_common_gen_even_count_kna_t3_rep1,273,2,even_count,,3,2,64,11,678,1997518064,common_gen,123,1,common_gen:validation:871,0,c08a01d368f9ae4d4db62add8b22ade04169176597cf37f36246e73c63bc2128,f5f67957fa41b93c350dce7913c7bd4da1baf3aa780243ef6c96a9b9a963ba0f,success,,256.0,256.0,256.0,False,,model_loaded,12.474805047997506,0.34026797699334566,0.17990417999681085,0.5201721569901565,0.5201721569901565,562,2934,47213,34916288,248320,"{""allowed_count"": 248068, ""expected_count"": 248068, ""missing_expected"": [], ""ok"": true, ""stop_token_ids"": [248046], ""unexpected_allowed"": []}",2.8730411540018395,xgrammar,0.6275255719956476,2.2314958649949403,12,64,"[2064, 4816, 1040, 678, 1876, 2597, 3799, 974, 0, 16018, 488, 4338, 35932, 1092, 488, 4035, 1040, 310, 1366, 466, 4123, 30, 25677, 232, 1690, 3010, 25, 2228, 12, 357, 3296, 883, 12960, 1040, 7785, 11, 3712, 11, 5269, 11, 466, 61169, 30, 2228, 12, 11150, 440, 264, 6673, 3377, 11, 10505, 8381, 11, 466, 11190, 4374, 30, 2228, 12, 14235, 809, 809, 248046]","It seems like your message got cut off! Could you please clarify what you'd like to know or discuss? 😊 For example:  
- A question about topics like science, history, technology, or hobbies?  
- Help with a math problem, coding challenge, or creative idea?  
- Need end end<|im_end|>",True,3795953152,7.004686177009717
124_common_gen_even_count_kna_t4_rep1,274,3,even_count,,4,2,64,14,863,1386824628,common_gen,124,1,common_gen:validation:580,0,f2af945fa7fcdf2cd38bd8c2cc5414efcc2b9e9735e522d8a38c0e377e68d3c8,02697872be03e20e9e8f92fbaae8927d5546a11878d9db615b6cf1577495beed,success,,256.0,256.0,256.0,False,,model_loaded,12.340382616006536,0.34946246100298595,0.2489203300065128,0.5983827910094988,0.5983827910094988,748,4644,75034,66096158,248320,"{""allowed_count"": 248068, ""expected_count"": 248068, ""missing_expected"": [], ""ok"": true, ""stop_token_ids"": [248046], ""unexpected_allowed"": []}",2.7345861790090567,xgrammar,0.6402976039971691,2.242631988003268,12,64,"[40, 2688, 5354, 310, 1438, 0, 16018, 488, 35932, 1092, 488, 4035, 1040, 310, 944, 383, 466, 4123, 30, 1690, 3010, 25, 2228, 12, 357, 11190, 2313, 318, 25638, 11, 31708, 11, 2790, 4374, 11504, 2228, 12, 7831, 466, 6157, 318, 68, 1257, 2487, 7785, 11, 3712, 11, 12641, 11504, 2228, 12, 21397, 94762, 318, 23464, 11, 6673, 11, 10505, 11504, 20619, 20619, 248046]","I'm ready to help! Could you clarify what you'd like to work on or discuss? For example:  
- A creative project (story, poem, design idea)?  
- Information or analysis (e.g., science, history, tech)?  
- Problem-solving (logic, math, coding)? lane lane<|im_end|>",True,3795953152,6.978607634999207
125_common_gen_even_count_kna_t5_rep1,275,4,even_count,,5,2,64,17,1048,1030408,common_gen,125,1,common_gen:validation:356,0,fb936e4216b52e97589d9903d898d774dbc4e7619bb455a24b54186f1936a3e6,f543afea43f002d643815066743009bfa56052a34e6acf6032c5c4e47b96e67f,success,,256.0,256.0,256.0,False,,model_loaded,12.521862305002287,0.33637437599827535,0.32720327300194185,0.6635776490002172,0.6635776490002172,934,6720,108663,109755182,248320,"{""allowed_count"": 248068, ""expected_count"": 248068, ""missing_expected"": [], ""ok"": true, ""stop_token_ids"": [248046], ""unexpected_allowed"": []}",2.802634259001934,xgrammar,0.6381599450105568,2.2223832000017865,12,64,"[40, 2688, 5354, 310, 1438, 0, 4213, 11, 678, 1876, 4816, 31084, 13, 16018, 488, 4338, 35932, 1092, 488, 4035, 1040, 310, 4123, 466, 944, 383, 30, 1690, 3010, 25, 2228, 12, 3054, 488, 1144, 1438, 440, 264, 3050, 8282, 318, 68, 1257, 2487, 7785, 11, 10505, 11, 3712, 11504, 2228, 12, 8448, 488, 3221, 364, 9611, 310, 264, 3377, 30, 9163, 9163, 248046]","I'm ready to help! However, your message seems incomplete. Could you please clarify what you'd like to discuss or work on? For example:  
- Do you need help with a specific topic (e.g., science, coding, history)?  
- Are you looking for solutions to a problem? traffic traffic<|im_end|>",True,3795953152,7.109714297010214
126_common_gen_even_count_kna_t6_rep1,276,5,even_count,,6,2,64,20,1233,1292144660,common_gen,126,1,common_gen:validation:832,0,81657beaf1ebcf9aed6b0fe4b5acd6fac88a6605869f29a09d7c9cf2bb0c1f28,b20f91257f65111b5735e152066549986152921690ba1f3b186dba6ad50a8d74,success,,256.0,256.0,256.0,False,,model_loaded,13.320985310012475,0.36227301000326406,0.4082955220073927,0.7705685320106568,0.7705685320106568,1120,9162,148100,167518400,248320,"{""allowed_count"": 248068, ""expected_count"": 248068, ""missing_expected"": [], ""ok"": true, ""stop_token_ids"": [248046], ""unexpected_allowed"": []}",2.696940525987884,xgrammar,0.6361505380045855,2.4577949800004717,12,64,"[2064, 4816, 678, 1876, 2493, 381, 31084, 0, 16018, 488, 35932, 1092, 488, 4035, 1040, 310, 4123, 466, 2466, 883, 30, 1690, 3010, 25, 2228, 12, 8448, 488, 3221, 364, 1438, 440, 264, 3050, 8282, 318, 68, 1257, 2487, 7785, 11, 5269, 11, 3712, 11504, 2228, 12, 3054, 488, 1144, 12622, 440, 264, 3377, 11, 11190, 4374, 11, 466, 3788, 3558, 1375, 1375, 248046]","It seems your message might be incomplete! Could you clarify what you'd like to discuss or ask about? For example:  
- Are you looking for help with a specific topic (e.g., science, technology, history)?  
- Do you need assistance with a problem, creative idea, or study material hand hand<|im_end|>",True,3795953152,7.35469481900509
127_common_gen_even_count_kna_t7_rep1,277,6,even_count,,7,2,64,23,1418,1930332039,common_gen,127,1,common_gen:validation:293,0,fcb2df1e6ba8c7f0f2aa9e6c914c569c7fee944710906777393077e0876b7feb,c26a09793976dc18043ed224d514c0dc1ac27cef1f45c116c39bd4de82bfd81c,success,,256.0,256.0,256.0,False,,model_loaded,12.92569714700221,0.36891930300043896,0.5014861069939798,0.8704054099944187,0.8704054099944187,1306,11970,193345,241010852,248320,"{""allowed_count"": 248068, ""expected_count"": 248068, ""missing_expected"": [], ""ok"": true, ""stop_token_ids"": [248046], ""unexpected_allowed"": []}",2.8157318429875886,xgrammar,0.6305996830051299,2.236293164998642,12,64,"[2064, 4816, 1040, 678, 1876, 2493, 381, 31084, 0, 16018, 488, 35932, 1092, 488, 4035, 1040, 1438, 440, 30, 1690, 3010, 25, 2228, 12, 3054, 488, 1144, 1928, 11, 9183, 11, 466, 12622, 440, 264, 3050, 8282, 30, 2228, 12, 8448, 488, 9859, 264, 3296, 11, 11227, 264, 3377, 11, 466, 18631, 310, 6380, 2414, 30, 2228, 9764, 728, 1366, 1204, 2919, 2919, 248046]","It seems like your message might be incomplete! Could you clarify what you'd like help with? For example:  
- Do you need information, advice, or assistance with a specific topic?  
- Are you asking a question, sharing a problem, or wanting to practice something?  
Let me know how water water<|im_end|>",True,3795953152,7.323980114000733
128_common_gen_even_count_kna_t8_rep1,278,7,even_count,,8,2,64,26,1603,1266376776,common_gen,128,1,common_gen:validation:911,0,6cd3a3bfa445c7c7ca6bc3bc7f029cd9372d458ce09363b5f46e19220848d540,2452933c97c1cac54d0284258adaa9b6863b407e98fce77330265013b30c3225,success,,256.0,256.0,256.0,False,,model_loaded,13.298024319999968,0.3789216790028149,0.5989741270022932,0.9778958060051082,0.9778958060051082,1492,15144,244398,331857578,248320,"{""allowed_count"": 248068, ""expected_count"": 248068, ""missing_expected"": [], ""ok"": true, ""stop_token_ids"": [248046], ""unexpected_allowed"": []}",2.808293544992921,xgrammar,0.6481616770033725,2.2117768010066357,12,64,"[2064, 4816, 1040, 678, 1876, 2597, 3799, 974, 0, 16018, 488, 4338, 35932, 1092, 488, 4035, 1040, 310, 4123, 466, 2466, 883, 30, 1690, 3010, 25, 2228, 12, 357, 3296, 466, 3377, 310, 11290, 30, 2228, 12, 7831, 883, 264, 8282, 318, 68, 1257, 2487, 7785, 11, 3712, 11, 12641, 11504, 2228, 12, 11150, 440, 4237, 11, 10505, 11, 466, 8842, 5388, 5388, 248046]","It seems like your message got cut off! Could you please clarify what you'd like to discuss or ask about? For example:  
- A question or problem to solve?  
- Information about a topic (e.g., science, history, tech)?  
- Help with writing, coding, or planning dog dog<|im_end|>",True,3795953152,7.415889281008276
129_common_gen_even_count_kna_t9_rep1,279,8,even_count,,9,2,64,29,1788,1241627802,common_gen,129,1,common_gen:validation:943,0,5569f5f58c461b7d130fe9d657bb4e6c00b3cb48c8600ef04f7abf06f76087e1,f9a4b6044e5a1a68440df6af6eaef3014dd34e15137065889005c7787511fe45,success,,256.0,256.0,256.0,False,,model_loaded,13.234999897991656,0.37769927899353206,0.7057010669959709,1.083400345989503,1.083400345989503,1678,18684,302907,441683618,248320,"{""allowed_count"": 248068, ""expected_count"": 248068, ""missing_expected"": [], ""ok"": true, ""stop_token_ids"": [248046], ""unexpected_allowed"": []}",2.837653936003335,xgrammar,0.6408501060068374,2.247662477006088,12,64,"[2064, 4816, 1040, 678, 1876, 2493, 381, 31084, 0, 16018, 488, 35932, 1092, 488, 4035, 1040, 1438, 440, 30, 1690, 3010, 25, 2228, 12, 3054, 488, 1144, 1928, 11, 12622, 440, 264, 3274, 11, 466, 11190, 6498, 30, 2228, 12, 8448, 488, 3221, 310, 4123, 264, 8282, 11, 11290, 264, 3377, 11, 466, 12804, 264, 7059, 30, 2228, 9764, 728, 1366, 15166, 15166, 248046]","It seems like your message might be incomplete! Could you clarify what you'd like help with? For example:  
- Do you need information, assistance with a task, or creative ideas?  
- Are you looking to discuss a topic, solve a problem, or explore a concept?  
Let me know brush brush<|im_end|>",True,3795953152,7.575606426005834
130_common_gen_even_count_kna_t10_rep1,280,9,even_count,,10,2,64,32,1973,670725564,common_gen,130,1,common_gen:validation:796,0,a1d178eb89fd57fea296c7f92562dbe7332e870533dd7cf8a2f6f6fa50e2ba9c,98c13a8a8365af899207131d859090f4c9f33a07bc61245814823fe4ccd64c99,success,,256.0,256.0,256.0,False,,model_loaded,15.580394935997901,0.4090770529874135,0.8287532840040512,1.2378303369914647,1.2378303369914647,1864,22590,367590,572114012,248320,"{""allowed_count"": 248068, ""expected_count"": 248068, ""missing_expected"": [], ""ok"": true, ""stop_token_ids"": [248046], ""unexpected_allowed"": []}",3.212728052996681,xgrammar,0.6377083970000967,2.223145576994284,12,64,"[2064, 4816, 678, 1876, 369, 31084, 0, 16018, 488, 4338, 35932, 1092, 488, 4035, 1040, 310, 4123, 466, 2466, 883, 30, 1690, 3010, 25, 2228, 12, 357, 3296, 466, 3377, 310, 11290, 30, 2228, 12, 7831, 883, 264, 8282, 318, 68, 1257, 2487, 7785, 11, 3712, 11, 12641, 11504, 2228, 12, 44241, 440, 4237, 11, 10505, 11, 466, 11190, 6498, 30, 1716, 1716, 248046]","It seems your message is incomplete! Could you please clarify what you'd like to discuss or ask about? For example:  
- A question or problem to solve?  
- Information about a topic (e.g., science, history, tech)?  
- Assistance with writing, coding, or creative ideas? check check<|im_end|>",True,3795953152,8.220525394994183
131_common_gen_even_count_kna_t11_rep1,281,10,even_count,,11,2,64,35,2158,1158573297,common_gen,131,1,common_gen:validation:805,0,3ea6e0f8c99a0896d34f4615ced577e6d051b5d1c6245279c2dfd0eadcc4c2df,d208187f7f89347b090f4e0f50356cef08b4ef69938359872267b8274cfa33a9,success,,256.0,256.0,256.0,False,,model_loaded,15.492780928994762,0.435175172999152,0.9625049159949413,1.3976800889940932,1.3976800889940932,2050,26862,438448,724773800,248320,"{""allowed_count"": 248068, ""expected_count"": 248068, ""missing_expected"": [], ""ok"": true, ""stop_token_ids"": [248046], ""unexpected_allowed"": []}",3.000948408996919,xgrammar,0.6507838360121241,2.200615756009938,12,64,"[2064, 4816, 1040, 678, 1876, 2597, 3799, 974, 0, 16018, 488, 4338, 35932, 1092, 488, 4035, 1040, 310, 4123, 466, 4434, 30, 1690, 3010, 25, 2228, 12, 8448, 488, 3133, 383, 264, 2313, 11, 27529, 11, 466, 3302, 30, 2228, 12, 3054, 488, 1144, 1438, 440, 4237, 11, 10505, 11, 466, 3377, 94762, 30, 2228, 12, 8448, 488, 9859, 883, 264, 5224, 5224, 248046]","It seems like your message got cut off! Could you please clarify what you'd like to discuss or complete? For example:  
- Are you working on a project, homework, or research?  
- Do you need help with writing, coding, or problem-solving?  
- Are you asking about a tool tool<|im_end|>",True,3795953152,8.184132323993254
132_common_gen_even_count_kna_t12_rep1,282,11,even_count,,12,2,64,38,2343,2076435895,common_gen,132,1,common_gen:validation:520,0,7c0f6ebdb7a832ab74fbe8df5f45f2dfc857625b7c74e7f4122069b3bf9bdd46,c1923f48712bd495886d0151357ea259670c2d3d9b41306d8767f30160745a96,success,,256.0,256.0,256.0,False,,model_loaded,14.985643765001441,0.42896055699384306,1.0913851660006912,1.5203457229945343,1.5203457229945343,2236,31500,515480,901288022,248320,"{""allowed_count"": 248068, ""expected_count"": 248068, ""missing_expected"": [], ""ok"": true, ""stop_token_ids"": [248046], ""unexpected_allowed"": []}",2.821032224004739,xgrammar,0.6450309840001864,2.2096018839947646,12,64,"[2064, 4816, 1040, 678, 1876, 2493, 381, 31084, 0, 16018, 488, 35932, 1092, 488, 4035, 1040, 1438, 440, 30, 1690, 3010, 25, 2228, 12, 3054, 488, 1144, 12622, 440, 264, 2972, 7945, 93868, 2972, 33441, 93868, 466, 2972, 49975, 4374, 193260, 2228, 12, 8448, 488, 3221, 364, 1928, 383, 264, 2972, 15930, 193260, 2228, 12, 14235, 1438, 2972, 24501, 93868, 2972, 9561, 9561, 248046]","It seems like your message might be incomplete! Could you clarify what you'd like help with? For example:  
- Do you need assistance with a **task**, **problem**, or **creative idea**?  
- Are you looking for information on a **topic**?  
- Need help **writing**, ** ice ice<|im_end|>",True,3795953152,8.043803309992654
133_common_gen_even_count_kna_t13_rep1,283,12,even_count,,13,2,64,41,2528,1102610059,common_gen,133,1,common_gen:validation:901,0,02c98e499de28408c3e914996826707224706cf20e03aa3975b18ef58ad70aab,49ddaf0cf4abcf29e02294d57e8ce51f4e7bd0c495fe2bc0e4fee3afda923588,success,,256.0,256.0,256.0,False,,model_loaded,14.48995821599965,0.4406351430079667,1.2337848680035677,1.6744200110115344,1.6744200110115344,2422,36504,598686,1103281718,248320,"{""allowed_count"": 248068, ""expected_count"": 248068, ""missing_expected"": [], ""ok"": true, ""stop_token_ids"": [248046], ""unexpected_allowed"": []}",2.7444973689998733,xgrammar,0.6410819599987008,2.1591087129927473,12,64,"[2064, 4816, 678, 1876, 2493, 381, 31084, 0, 16018, 488, 35932, 1092, 488, 4035, 1040, 1438, 440, 30, 1690, 3010, 25, 2228, 12, 357, 3050, 8282, 318, 68, 1257, 2487, 7785, 11, 3712, 11, 10505, 11504, 2228, 12, 357, 3296, 466, 3377, 310, 11290, 30, 2228, 12, 23146, 12622, 318, 65928, 11, 13888, 11, 22133, 11504, 2228, 12, 23879, 745, 11040, 1429, 1429, 248046]","It seems your message might be incomplete! Could you clarify what you'd like help with? For example:  
- A specific topic (e.g., science, history, coding)?  
- A question or problem to solve?  
- Writing assistance (stories, emails, essays)?  
- Something else entirely used used<|im_end|>",True,3795953152,8.133678842001245
134_common_gen_even_count_kna_t14_rep1,284,13,even_count,,14,2,64,44,2713,1639697217,common_gen,134,1,common_gen:validation:657,0,f5a02410e7d9c406e9abca6848604401863d5783d0eb22edf85e9f8c94be278c,deeef747d5188ad4b7adeef25bf0ec955829cac11a7083f5f2633246203cd6cf,success,,256.0,256.0,256.0,False,,model_loaded,14.013079466007184,0.4363807600020664,1.4019786349963397,1.838359394998406,1.838359394998406,2608,41874,688066,1332379928,248320,"{""allowed_count"": 248068, ""expected_count"": 248068, ""missing_expected"": [], ""ok"": true, ""stop_token_ids"": [248046], ""unexpected_allowed"": []}",2.7045425300020725,xgrammar,0.6518434990139212,2.232769892012584,12,64,"[2064, 4816, 678, 1876, 2493, 381, 31084, 0, 16018, 488, 35932, 1092, 488, 4035, 1040, 310, 4123, 466, 1438, 440, 30, 1690, 3010, 25, 2228, 12, 357, 3296, 466, 3377, 310, 11290, 30, 2228, 12, 7831, 883, 264, 8282, 318, 68, 1257, 2487, 7785, 11, 3712, 11, 12641, 11504, 2228, 12, 44241, 440, 4237, 11, 10505, 11, 466, 11190, 6498, 30, 1746, 1746, 248046]","It seems your message might be incomplete! Could you clarify what you'd like to discuss or help with? For example:  
- A question or problem to solve?  
- Information about a topic (e.g., science, history, tech)?  
- Assistance with writing, coding, or creative ideas? game game<|im_end|>",True,3795953152,8.192890781996539
135_common_gen_even_count_kna_t15_rep1,285,14,even_count,,15,2,64,47,2898,2069139287,common_gen,135,1,common_gen:validation:510,0,614ef632a12d84746c75d6e1e4ca9000569312f52c164660e06abca63d26de0f,6a89cae0a8daef73759ec1cc0ea5264c9a5c3450e95ad75a43d7b3758402837a,success,,256.0,256.0,256.0,False,,model_loaded,13.83764238000731,0.4547230150055839,1.571458847989561,2.026181862995145,2.026181862995145,2794,47610,783620,1590207692,248320,"{""allowed_count"": 248068, ""expected_count"": 248068, ""missing_expected"": [], ""ok"": true, ""stop_token_ids"": [248046], ""unexpected_allowed"": []}",2.70796627899108,xgrammar,0.64189373399131,2.2296412860014243,12,64,"[2064, 4816, 1040, 678, 1876, 2597, 3799, 974, 0, 16018, 488, 35932, 1092, 488, 4035, 1040, 310, 1366, 466, 4123, 30, 1690, 3010, 25, 2228, 12, 357, 3296, 883, 264, 8282, 318, 68, 1257, 2487, 7785, 11, 3712, 11, 12641, 11504, 2228, 12, 11150, 440, 264, 3274, 318, 68, 1257, 2487, 4237, 11, 6673, 11, 10505, 11504, 2228, 12, 23879, 745, 8981, 8981, 248046]","It seems like your message got cut off! Could you clarify what you'd like to know or discuss? For example:  
- A question about a topic (e.g., science, history, tech)?  
- Help with a task (e.g., writing, math, coding)?  
- Something else cold cold<|im_end|>",True,3795953152,8.35037340701092
136_common_gen_even_count_kna_t16_rep1,286,15,even_count,,16,2,64,50,3083,1127096830,common_gen,136,1,common_gen:validation:424,0,9063305aaa924d0cb40fa6334da776841d35364211597f67638c532244e6abc1,69da4c7e206b0488b27c9a5aebc3029e16b74c555bf9b2919b697d20438d62ac,success,,256.0,256.0,256.0,False,,model_loaded,14.272620126997936,0.449145206992398,1.7493038160027936,2.1984490229951916,2.1984490229951916,2980,53712,885348,1878390050,248320,"{""allowed_count"": 248068, ""expected_count"": 248068, ""missing_expected"": [], ""ok"": true, ""stop_token_ids"": [248046], ""unexpected_allowed"": []}",2.6662198529957095,xgrammar,0.6487475839967374,2.194416785001522,12,64,"[2064, 4816, 1040, 678, 1876, 2493, 381, 31084, 0, 16018, 488, 4338, 35932, 1092, 488, 4035, 1040, 1438, 440, 30, 1690, 3010, 25, 2228, 12, 3054, 488, 1144, 1928, 383, 264, 3050, 8282, 318, 68, 1257, 2487, 7785, 11, 3712, 11, 12641, 11504, 2228, 12, 8448, 488, 3133, 383, 264, 2313, 466, 3377, 30, 2228, 12, 14235, 12622, 440, 4237, 11, 1746, 1746, 248046]","It seems like your message might be incomplete! Could you please clarify what you'd like help with? For example:  
- Do you need information on a specific topic (e.g., science, history, tech)?  
- Are you working on a project or problem?  
- Need assistance with writing, game game<|im_end|>",True,3795953152,8.440747715998441
137_common_gen_odd_count_kna_t1_rep1,287,0,odd_count,,1,2,64,3,250,1507178887,common_gen,137,1,common_gen:validation:595,0,abaf1a7e8e5424bc4bf4fcc29bcaef6383865c3bc28369c5011775b89cd66d82,48f8ddc8168779f311991017b975864c0786fe34e62926c9a45f4f3004d3c93a,success,,256.0,256.0,256.0,False,,model_loaded,12.116094843993778,0.3396682169986889,0.039689969999017194,0.37935818699770607,0.37935818699770607,130,435,7043,1648542,248320,"{""allowed_count"": 248068, ""expected_count"": 248068, ""missing_expected"": [], ""ok"": true, ""stop_token_ids"": [248046], ""unexpected_allowed"": []}",2.78054758500366,xgrammar,0.6459736310061999,2.248119529001997,12,64,"[2064, 4816, 1040, 678, 1876, 2597, 3799, 974, 0, 16018, 488, 4338, 35932, 1092, 488, 4035, 1040, 310, 1366, 466, 2466, 883, 30, 1690, 3010, 25, 2228, 12, 3054, 488, 599, 264, 3296, 11, 264, 3274, 11, 466, 264, 8282, 488, 4035, 1040, 1438, 440, 30, 2228, 12, 8448, 488, 3221, 364, 9183, 11, 1928, 11, 466, 12622, 440, 2414, 3050, 30, 15714, 248046]","It seems like your message got cut off! Could you please clarify what you'd like to know or ask about? For example:  
- Do you have a question, a task, or a topic you'd like help with?  
- Are you looking for advice, information, or assistance with something specific? swim<|im_end|>",True,3795953152,6.825227266992442
138_common_gen_odd_count_kna_t2_rep1,288,1,odd_count,,2,2,64,6,375,1124355968,common_gen,138,1,common_gen:validation:614,0,74aac98e62ebe98312404493abfaa4fb471b2cbaaed410c7f1aa04c243b086ce,867dbabcdd50f9f1788dc033ae9b3752b522f1e674006e160c433cc453664e2b,success,,256.0,256.0,256.0,False,,model_loaded,12.261925818995223,0.32158225499733817,0.07783345400821418,0.39941570900555234,0.39941570900555234,256,1118,17703,6772309,248320,"{""allowed_count"": 248068, ""expected_count"": 248068, ""missing_expected"": [], ""ok"": true, ""stop_token_ids"": [248046], ""unexpected_allowed"": []}",2.8101840379968053,xgrammar,0.5875911809998797,2.1715620619943365,12,64,"[2064, 4816, 1040, 678, 1876, 2493, 381, 31084, 0, 16018, 488, 4338, 35932, 1092, 488, 4035, 1040, 310, 4123, 466, 2466, 883, 30, 1690, 3010, 25, 2228, 12, 3054, 488, 599, 264, 3296, 11, 1144, 1438, 440, 264, 3274, 11, 466, 1318, 310, 12804, 449, 4374, 30, 2228, 12, 8448, 488, 3221, 364, 1928, 383, 264, 3050, 8282, 318, 68, 1257, 2487, 22873, 248046]","It seems like your message might be incomplete! Could you please clarify what you'd like to discuss or ask about? For example:  
- Do you have a question, need help with a task, or want to explore an idea?  
- Are you looking for information on a specific topic (e.g., bubble<|im_end|>",True,3795953152,6.726706473011291
139_common_gen_odd_count_kna_t3_rep1,289,2,odd_count,,3,2,64,8,500,929137731,common_gen,139,1,common_gen:validation:652,0,d3e48d9cc091fbeaa25fe738d8af1eb72756585ed3fb2e59d1d0bb47d09da0b1,016441c7731d726f03d5785cd249718c9a4ecfa77349d0f1a2767f352f0907c3,success,,256.0,256.0,256.0,False,,model_loaded,12.467118293992826,0.33715975600352976,0.11955729000328574,0.4567170460068155,0.4567170460068155,382,2049,32049,16116503,248320,"{""allowed_count"": 248068, ""expected_count"": 248068, ""missing_expected"": [], ""ok"": true, ""stop_token_ids"": [248046], ""unexpected_allowed"": []}",2.871326702996157,xgrammar,0.6143306090089027,2.221923955992679,12,64,"[2064, 4816, 1040, 678, 1876, 2493, 381, 31084, 0, 16018, 488, 4338, 35932, 1092, 488, 4035, 1040, 310, 1366, 466, 4123, 30, 1690, 3010, 25, 2228, 12, 8448, 488, 9859, 264, 3296, 30, 2228, 12, 3054, 488, 1144, 1438, 440, 264, 3274, 318, 68, 1257, 2487, 6673, 11, 4237, 11, 10505, 11504, 2228, 12, 8448, 488, 11227, 449, 4374, 466, 8008, 30, 14810, 248046]","It seems like your message might be incomplete! Could you please clarify what you'd like to know or discuss? For example:  
- Are you asking a question?  
- Do you need help with a task (e.g., math, writing, coding)?  
- Are you sharing an idea or feeling? dance<|im_end|>",True,3795953152,6.968845601004432
140_common_gen_odd_count_kna_t4_rep1,290,3,odd_count,,4,2,64,10,625,1096446327,common_gen,140,1,common_gen:validation:902,0,3bae17252715f2ab1ce37063f30ac5e85d1bda6e367a4dd1e5000ebc97b873fb,34517886b4647d27cad980c33f71c94736651aab8585808bbafbbfd0a20e000f,success,,256.0,256.0,256.0,False,,model_loaded,12.556804063991876,0.349274657011847,0.1650553020008374,0.5143299590126844,0.5143299590126844,508,3228,50081,30425124,248320,"{""allowed_count"": 248068, ""expected_count"": 248068, ""missing_expected"": [], ""ok"": true, ""stop_token_ids"": [248046], ""unexpected_allowed"": []}",2.828913035991718,xgrammar,0.6333551179995993,2.246131175008486,12,64,"[2064, 5686, 1040, 678, 1876, 2493, 381, 31084, 0, 16018, 488, 35932, 1092, 488, 4035, 1040, 1438, 440, 30, 1690, 3010, 25, 2228, 12, 357, 3296, 466, 8282, 310, 4123, 30, 2228, 12, 357, 3274, 310, 7543, 440, 318, 68, 1257, 2487, 4237, 11, 10505, 11, 6157, 11504, 2228, 12, 23879, 745, 11040, 30, 18050, 9658, 1042, 728, 1366, 1204, 353, 628, 3942, 248046]","It looks like your message might be incomplete! Could you clarify what you'd like help with? For example:  
- A question or topic to discuss?  
- A task to assist with (e.g., writing, coding, analysis)?  
- Something else entirely?  

Just let me know how I can dig<|im_end|>",True,3795953152,6.981203667004593
141_common_gen_odd_count_kna_t5_rep1,291,4,odd_count,,5,2,64,12,750,102972841,common_gen,141,1,common_gen:validation:31,0,b208e3342f9caeb944d2511a6e02f0af4a1cbbb9e67fdc45e27612d55f4f8092,371c6fd773d00834e747c0a3bdf019ffaf26883ac3ce3b34fbc1d884d3892f72,success,,256.0,256.0,256.0,False,,model_loaded,12.529629686003318,0.3327053840039298,0.21417245299380738,0.5468778369977372,0.5468778369977372,634,4655,72792,50442172,248320,"{""allowed_count"": 248068, ""expected_count"": 248068, ""missing_expected"": [], ""ok"": true, ""stop_token_ids"": [248046], ""unexpected_allowed"": []}",2.660031619001529,xgrammar,0.7332863230112707,2.280229328011046,12,64,"[2064, 5686, 1040, 678, 1876, 2597, 3799, 974, 0, 16018, 488, 35932, 1092, 488, 4035, 1040, 310, 4123, 466, 2466, 883, 30, 12757, 424, 579, 264, 3296, 11, 264, 3274, 11, 466, 2414, 11190, 11, 353, 2688, 1532, 310, 1438, 13, 25677, 232, 2228, 2381, 3010, 25, 2228, 12, 14235, 1438, 440, 264, 6673, 3377, 30, 2228, 12, 20482, 364, 1970, 11, 1973, 248046]","It looks like your message got cut off! Could you clarify what you'd like to discuss or ask about? Whether it's a question, a task, or something creative, I'm here to help. 😊  
For example:  
- Need help with a math problem?  
- Looking for code, without<|im_end|>",True,3795953152,7.052254959009588
142_common_gen_odd_count_kna_t6_rep1,292,5,odd_count,,6,2,64,14,875,464074219,common_gen,142,1,common_gen:validation:541,0,de98d56b0c8e90c47e6188d49bf10966df1aaf9c02ce31c08abed825ed1b5ea6,82082dc99f37197ceca7b375e11d1d199b9342ef378bb4bf4a40e5dc804b4c85,success,,256.0,256.0,256.0,False,,model_loaded,12.306521527003497,0.3359269229986239,0.26792362800915726,0.6038505510077812,0.6038505510077812,760,6330,99437,76911647,248320,"{""allowed_count"": 248068, ""expected_count"": 248068, ""missing_expected"": [], ""ok"": true, ""stop_token_ids"": [248046], ""unexpected_allowed"": []}",2.745495490002213,xgrammar,0.5817748859990388,2.1867144599964377,12,64,"[2064, 4816, 1040, 678, 1876, 2493, 381, 31084, 0, 16018, 488, 35932, 1092, 488, 4035, 1040, 310, 4123, 466, 2466, 883, 30, 1690, 3010, 25, 2228, 12, 357, 3050, 8282, 318, 68, 1257, 2487, 7785, 11, 3712, 11, 5269, 8, 2228, 12, 357, 3296, 466, 3377, 488, 2224, 3133, 383, 2228, 12, 23879, 745, 488, 1144, 1438, 440, 18050, 9764, 728, 1366, 70073, 248046]","It seems like your message might be incomplete! Could you clarify what you'd like to discuss or ask about? For example:  
- A specific topic (e.g., science, history, technology)  
- A question or problem you're working on  
- Something else you need help with  

Let me know hurdles<|im_end|>",True,3795953152,6.8669673379918095
143_common_gen_odd_count_kna_t7_rep1,293,6,odd_count,,7,2,64,16,1000,842167547,common_gen,143,1,common_gen:validation:509,0,7774770a7768743fdaa49c53d048ee2901bc7c6aa017dd953e2af01ff9eab37e,109fcdbe3ff5a4aee3b014c24dc9dbe9e553c866cfb1d39984f8058e192212ad,success,,256.0,256.0,256.0,False,,model_loaded,12.632768196999677,0.355716403995757,0.3254320940031903,0.6811484979989473,0.6811484979989473,886,8253,130016,110577549,248320,"{""allowed_count"": 248068, ""expected_count"": 248068, ""missing_expected"": [], ""ok"": true, ""stop_token_ids"": [248046], ""unexpected_allowed"": []}",2.710396018999745,xgrammar,0.621430743005476,2.382351967986324,12,64,"[2064, 4816, 678, 1876, 2493, 381, 31084, 0, 16018, 488, 4338, 35932, 1092, 488, 4035, 1040, 310, 4123, 466, 2466, 883, 30, 1690, 3010, 25, 2228, 12, 357, 3050, 8282, 318, 68, 1257, 2487, 7785, 11, 3712, 11, 12641, 8, 2228, 12, 357, 3296, 466, 3377, 488, 2224, 3133, 383, 2228, 12, 23879, 11190, 318, 68, 1257, 2487, 449, 4374, 11, 3255, 8941, 248046]","It seems your message might be incomplete! Could you please clarify what you'd like to discuss or ask about? For example:  
- A specific topic (e.g., science, history, tech)  
- A question or problem you're working on  
- Something creative (e.g., an idea, story stick<|im_end|>",True,3795953152,7.231512332989951
144_common_gen_odd_count_kna_t8_rep1,294,7,odd_count,,8,2,64,18,1125,1051017677,common_gen,144,1,common_gen:validation:585,0,4880ba431e2daefc721265e6c505fe5a064d29fff6fb824edbd70fd5b9aa8e57,47bf88e1b59d97e45cc08a807391ba0862e4cff331c36466a233f1a271d2779d,success,,256.0,256.0,256.0,False,,model_loaded,12.372234199006925,0.36951583600603044,0.3857203460065648,0.7552361820125952,0.7552361820125952,1012,10424,164529,152183878,248320,"{""allowed_count"": 248068, ""expected_count"": 248068, ""missing_expected"": [], ""ok"": true, ""stop_token_ids"": [248046], ""unexpected_allowed"": []}",2.670318115997361,xgrammar,0.6165149429871235,2.267768028003047,12,64,"[2064, 4816, 678, 1876, 2493, 381, 31084, 0, 16018, 488, 35932, 1092, 488, 4035, 1040, 310, 4123, 466, 1438, 440, 30, 1690, 3010, 25, 2228, 12, 357, 3296, 466, 3377, 310, 11290, 30, 2228, 12, 22185, 364, 264, 2313, 466, 3019, 30, 2228, 12, 7831, 883, 264, 8282, 318, 68, 1257, 2487, 5269, 11, 7785, 11, 3712, 11504, 2228, 12, 44241, 440, 6623, 248046]","It seems your message might be incomplete! Could you clarify what you'd like to discuss or help with? For example:  
- A question or problem to solve?  
- Ideas for a project or plan?  
- Information about a topic (e.g., technology, science, history)?  
- Assistance with kids<|im_end|>",True,3795953152,7.119569417991443
145_common_gen_odd_count_kna_t9_rep1,295,8,odd_count,,9,2,64,20,1250,352748346,common_gen,145,1,common_gen:validation:669,0,e6098eb39c93c58c6d3d5ee067517d59175a90ed4ba6d6ce2c69ea634cebb8af,c1f933ccd5f815864100ed99d23a203acd7cd17c88902a2cf9ab849fd2062b99,success,,256.0,256.0,256.0,False,,model_loaded,12.790735148999374,0.3506474129972048,0.4503389879973838,0.8009864009945886,0.8009864009945886,1138,12843,204093,202474634,248320,"{""allowed_count"": 248068, ""expected_count"": 248068, ""missing_expected"": [], ""ok"": true, ""stop_token_ids"": [248046], ""unexpected_allowed"": []}",2.8348377750080545,xgrammar,0.6337496490014018,2.2925775769981556,12,64,"[2064, 4816, 1040, 678, 1876, 2493, 381, 31084, 0, 16018, 488, 35932, 1092, 488, 4035, 1040, 310, 4123, 466, 2466, 883, 30, 1690, 3010, 25, 2228, 12, 3054, 488, 1144, 1438, 440, 264, 3050, 8282, 318, 68, 1257, 2487, 7785, 11, 3712, 11, 10505, 11504, 2228, 12, 8448, 488, 3221, 364, 17683, 11, 39492, 11, 466, 1066, 83783, 286, 6498, 30, 2228, 7338, 248046]","It seems like your message might be incomplete! Could you clarify what you'd like to discuss or ask about? For example:  
- Do you need help with a specific topic (e.g., science, history, coding)?  
- Are you looking for suggestions, explanations, or just brainstorming ideas?  
 sat<|im_end|>",True,3795953152,7.319039652007632
146_common_gen_odd_count_kna_t10_rep1,296,9,odd_count,,10,2,64,22,1375,593454006,common_gen,146,1,common_gen:validation:22,0,9f861f486439c5b04234de39a784b532ab2183a41a5813c2a8e9db2115afde05,b48faa2ce8266c1a37a875708a8c82c6ea4d54db18afba0cba15ff63e847b9a7,success,,256.0,256.0,256.0,False,,model_loaded,12.973124192998512,0.35597233699809294,0.5182621240091976,0.8742344610072905,0.8742344610072905,1264,15510,247839,262193817,248320,"{""allowed_count"": 248068, ""expected_count"": 248068, ""missing_expected"": [], ""ok"": true, ""stop_token_ids"": [248046], ""unexpected_allowed"": []}",2.871887126006186,xgrammar,0.5976237669965485,2.1688556389999576,12,64,"[40, 2688, 5354, 310, 1438, 0, 3437, 1000, 488, 1040, 310, 1366, 466, 4123, 30, 12757, 424, 579, 264, 3296, 11, 264, 11190, 2313, 11, 466, 1066, 2414, 383, 678, 3838, 11, 2579, 1845, 310, 4191, 0, 25677, 232, 271, 2381, 3010, 25, 198, 12, 3054, 488, 599, 264, 3050, 3274, 488, 4035, 1040, 728, 310, 7543, 440, 30, 198, 12, 8448, 11362, 248046]","I'm ready to help! What would you like to know or discuss? Whether it's a question, a creative project, or just something on your mind, feel free to share! 😊

For example:
- Do you have a specific task you'd like me to assist with?
- Are sitting<|im_end|>",True,3795953152,7.360768169994117
147_common_gen_odd_count_kna_t11_rep1,297,10,odd_count,,11,2,64,24,1500,1373591884,common_gen,147,1,common_gen:validation:625,0,2c568c1a5cba39ac94f56e2b89eda282f1ce07addab131152455105d2c384687,ec43176a459e53abe4fb7e71bcedd1d22f042d7825e87a59abb06b3a32f8055b,success,,256.0,256.0,256.0,False,,model_loaded,12.98529116800637,0.3859152460063342,0.6022895299975062,0.9882047760038404,0.9882047760038404,1390,18425,295767,332085427,248320,"{""allowed_count"": 248068, ""expected_count"": 248068, ""missing_expected"": [], ""ok"": true, ""stop_token_ids"": [248046], ""unexpected_allowed"": []}",2.8979430820036214,xgrammar,0.6319091059995117,2.2639875860040775,12,64,"[2064, 4816, 1040, 678, 1876, 2493, 381, 31084, 0, 16018, 488, 4338, 35932, 1092, 488, 4035, 1040, 1438, 440, 30, 1690, 3010, 25, 2228, 12, 3054, 488, 1144, 1928, 383, 264, 3050, 8282, 30, 2228, 12, 8448, 488, 3133, 383, 264, 3377, 466, 2313, 30, 2228, 12, 14235, 12622, 440, 4237, 11, 6157, 11, 466, 2414, 745, 30, 18050, 9658, 1042, 728, 2677, 248046]","It seems like your message might be incomplete! Could you please clarify what you'd like help with? For example:  
- Do you need information on a specific topic?  
- Are you working on a problem or project?  
- Need assistance with writing, analysis, or something else?  

Just let me won<|im_end|>",True,3795953152,7.5363905359990895
148_common_gen_odd_count_kna_t12_rep1,298,11,odd_count,,12,2,64,26,1625,671196295,common_gen,148,1,common_gen:validation:507,0,fd8c435ae53e4e273e929e085d909b04b339c8197e4f1cf8f96af329c251869f,73296b19431c42be0e69750f94dffa2c939504a4c977aeda3eacd972451fdd1d,success,,256.0,256.0,256.0,False,,model_loaded,13.041161750006722,0.380046799997217,0.6781538130016997,1.0582006129989168,1.0582006129989168,1516,21588,347877,412893464,248320,"{""allowed_count"": 248068, ""expected_count"": 248068, ""missing_expected"": [], ""ok"": true, ""stop_token_ids"": [248046], ""unexpected_allowed"": []}",2.7750365840038285,xgrammar,0.6316155599924969,2.2588628029916435,12,64,"[2064, 4816, 1040, 678, 1876, 2493, 381, 31084, 0, 16018, 488, 4338, 35932, 1092, 488, 4035, 1040, 310, 4123, 466, 1144, 1438, 440, 30, 1690, 3010, 25, 2228, 12, 357, 3296, 883, 5269, 11, 7785, 11, 466, 6520, 30, 2228, 12, 357, 11190, 4374, 318, 25638, 11, 1880, 11, 1970, 11504, 2228, 12, 23879, 14542, 318, 82, 19588, 11, 9183, 11, 8842, 4732, 248046]","It seems like your message might be incomplete! Could you please clarify what you'd like to discuss or need help with? For example:  
- A question about technology, science, or education?  
- A creative idea (story, art, code)?  
- Something practical (solutions, advice, planning outside<|im_end|>",True,3795953152,7.507183529000031
149_common_gen_odd_count_kna_t13_rep1,299,12,odd_count,,13,2,64,28,1750,1827736485,common_gen,149,1,common_gen:validation:715,0,4078c3f1cad5a3b3e41e38fadf2c75deea14128c3806adeba6f7ca7280bddf77,1bc739881664169e5f5822f231acc517a287bf1c9c403a8392922aa5dff15f28,success,,256.0,256.0,256.0,False,,model_loaded,12.979875338001875,0.39224478699907195,0.7622850309999194,1.1545298179989913,1.1545298179989913,1642,24999,404169,505361928,248320,"{""allowed_count"": 248068, ""expected_count"": 248068, ""missing_expected"": [], ""ok"": true, ""stop_token_ids"": [248046], ""unexpected_allowed"": []}",2.866357827995671,xgrammar,0.6349876180029241,2.238042012992082,12,64,"[2064, 4816, 678, 1876, 2493, 381, 31084, 0, 16018, 488, 35932, 1092, 488, 4035, 1040, 310, 4123, 466, 2466, 883, 30, 1690, 3010, 25, 2228, 12, 357, 3050, 8282, 318, 68, 1257, 2487, 7785, 11, 3712, 11, 5269, 11504, 2228, 12, 357, 3296, 488, 1144, 18018, 30, 2228, 12, 357, 11190, 4374, 466, 3255, 30, 2228, 12, 23879, 745, 11040, 30, 18050, 2364, 248046]","It seems your message might be incomplete! Could you clarify what you'd like to discuss or ask about? For example:  
- A specific topic (e.g., science, history, technology)?  
- A question you need answered?  
- A creative idea or story?  
- Something else entirely?  

 sit<|im_end|>",True,3795953152,7.70825415100262
000_common_gen_kth_last_k1_t1_rep2,300,0,kth_last,1,1,2,64,3,250,2023557366,common_gen,0,2,common_gen:validation:116,0,f169abfa303879dcaac37f7ad4826a61b6bf63987ebf2f30a739df888ff18fbd,3eace48a8ba2697292182efffabfc99d751c7b2ddce889032ffd8ad7c0d44bd2,success,,256.0,256.0,256.0,False,,model_loaded,15.038153507004608,0.3461461389961187,0.0220427739986917,0.3681889129948104,0.3681889129948104,130,312,5213,944740,248320,"{""allowed_count"": 248068, ""expected_count"": 248068, ""missing_expected"": [], ""ok"": true, ""stop_token_ids"": [248046], ""unexpected_allowed"": []}",3.1257931779982755,xgrammar,0.6506177300034324,2.2152350209944416,12,64,"[2064, 4816, 678, 1876, 2493, 381, 31084, 0, 16018, 488, 35932, 1092, 488, 4035, 1040, 1438, 440, 30, 1690, 3010, 25, 2228, 12, 357, 3296, 883, 7785, 11, 3712, 11, 466, 5269, 30, 2228, 12, 44241, 440, 4237, 11, 10505, 11, 466, 6673, 5154, 30, 2228, 12, 22185, 364, 264, 2313, 11, 3019, 11, 466, 11190, 944, 30, 2228, 12, 23879, 745, 5144, 248046]","It seems your message might be incomplete! Could you clarify what you'd like help with? For example:  
- A question about science, history, or technology?  
- Assistance with writing, coding, or math problems?  
- Ideas for a project, plan, or creative work?  
- Something else cross<|im_end|>",True,3795953152,7.180607772999792
001_common_gen_kth_last_k3_t1_rep2,301,1,kth_last,3,1,2,64,5,364,1645294196,common_gen,1,2,common_gen:validation:153,0,a985fb2d036b034915c8607559300d8cb24354ef0f43340006cab319dfdada56,7775ea3181536d1285bb2d1cf4b347e6c8a5ba0a0857296c43c3506af5508714,success,,256.0,256.0,256.0,False,,model_loaded,12.83040926499234,0.3481798290013103,0.05672576399229001,0.4049055929936003,0.4049055929936003,248,668,11575,4302259,248320,"{""allowed_count"": 248068, ""expected_count"": 248068, ""missing_expected"": [], ""ok"": true, ""stop_token_ids"": [248046], ""unexpected_allowed"": []}",3.0221816249977564,xgrammar,0.6474107800022466,2.2138442620052956,12,64,"[2064, 4816, 678, 1876, 2493, 381, 31084, 0, 16018, 488, 35932, 1092, 488, 4035, 1040, 1438, 440, 30, 1690, 3010, 25, 2228, 12, 357, 3050, 8282, 466, 3296, 30, 2228, 12, 14235, 364, 12622, 440, 264, 3274, 318, 68, 1257, 2487, 4237, 11, 6157, 11, 1970, 11504, 2228, 12, 23879, 745, 11040, 30, 18050, 9764, 728, 1366, 11, 321, 353, 4331, 685, 0, 248046]","It seems your message might be incomplete! Could you clarify what you'd like help with? For example:  
- A specific topic or question?  
- Need for assistance with a task (e.g., writing, analysis, code)?  
- Something else entirely?  

Let me know, and I board up!<|im_end|>",True,3795953152,7.1354212049918715
002_common_gen_kth_last_k4_t1_rep2,302,2,kth_last,4,1,2,64,6,418,1727643257,common_gen,2,2,common_gen:validation:960,0,0d83ff81ad2b40a932d557346cb0f8a443fcc67f1ea4b68884686f311fde3ae6,f56ab485a827404248e5ba6d630cd95a60ffd2f091a183588ecb18d9d96b45fd,success,,256.0,256.0,256.0,False,,model_loaded,12.551693121989956,0.3456042170000728,0.07405758499226067,0.4196618019923335,0.4196618019923335,304,837,14600,6715423,248320,"{""allowed_count"": 248068, ""expected_count"": 248068, ""missing_expected"": [], ""ok"": true, ""stop_token_ids"": [248046], ""unexpected_allowed"": []}",2.905506170995068,xgrammar,0.6463111960038077,2.197358712001005,12,64,"[2064, 4816, 1040, 678, 1876, 2493, 381, 31084, 0, 16018, 488, 35932, 1092, 488, 4035, 1040, 310, 4123, 466, 1438, 440, 30, 1690, 3010, 25, 2228, 12, 3054, 488, 599, 264, 3296, 883, 264, 8282, 318, 38248, 11, 12641, 11, 3712, 11, 4831, 5946, 30, 2228, 12, 14235, 12622, 440, 264, 3274, 318, 24501, 11, 10505, 11, 6673, 11, 11525, 19252, 11, 4831, 248046]","It seems like your message might be incomplete! Could you clarify what you'd like to discuss or help with? For example:  
- Do you have a question about a topic (science, tech, history, etc.)?  
- Need assistance with a task (writing, coding, math, worker compensation, etc<|im_end|>",True,3795953152,6.996570433999295
003_common_gen_kth_last_k6_t1_rep2,303,3,kth_last,6,1,2,64,8,520,651331240,common_gen,3,2,common_gen:validation:848,0,a0c855f9f3c5da1f0dcd9c032c5ecdee8456c057bbc291601cc22f2be6404f23,8724881c6ddb658799288c3230b4604080d44c4404b7ba8a04d09d848f70b7b6,success,,256.0,256.0,256.0,False,,model_loaded,12.153902398000355,0.340550805995008,0.1052666479954496,0.4458174539904576,0.4458174539904576,410,1157,20338,12729820,248320,"{""allowed_count"": 248068, ""expected_count"": 248068, ""missing_expected"": [], ""ok"": true, ""stop_token_ids"": [248046], ""unexpected_allowed"": []}",2.73473469199962,xgrammar,0.6437241500098025,2.214455879991874,12,64,"[2064, 4816, 678, 1876, 369, 31084, 0, 16018, 488, 4338, 35932, 1092, 488, 4035, 1040, 1438, 440, 30, 1690, 3010, 25, 2228, 12, 357, 3050, 3296, 466, 8282, 30, 2228, 12, 44241, 440, 4237, 11, 10505, 11, 6673, 11, 466, 264, 2313, 30, 2228, 12, 23879, 745, 11040, 30, 18050, 9764, 728, 1366, 1204, 353, 628, 1761, 2364, 0, 25677, 232, 9008, 239, 248046]","It seems your message is incomplete! Could you please clarify what you'd like help with? For example:  
- A specific question or topic?  
- Assistance with writing, coding, math, or a project?  
- Something else entirely?  

Let me know how I can support sit! 😊�<|im_end|>",True,3795953152,6.795472247002181
004_common_gen_kth_last_k7_t1_rep2,304,4,kth_last,7,1,2,64,9,568,1672724734,common_gen,4,2,common_gen:validation:677,0,5bc13cfc1deab764597537d0d368f6477a68bf91a6d167109797693a17074211,a2555c0a63d17b163ec6eef89c3d36ac95b0d4a185021bc1e64386727af04fed,success,,256.0,256.0,256.0,False,,model_loaded,12.460566606998327,0.34210745099699125,0.1236252050002804,0.46573265599727165,0.46573265599727165,460,1308,23051,16224733,248320,"{""allowed_count"": 248068, ""expected_count"": 248068, ""missing_expected"": [], ""ok"": true, ""stop_token_ids"": [248046], ""unexpected_allowed"": []}",2.9199053949996596,xgrammar,0.6410683790018084,2.2130219359969487,12,64,"[2064, 5686, 1040, 678, 1876, 2493, 381, 31084, 0, 16018, 488, 35932, 1092, 488, 4035, 1040, 1438, 440, 30, 1690, 3010, 25, 2228, 12, 14235, 9183, 383, 264, 8282, 318, 91270, 11, 3788, 11, 2199, 11, 4831, 5946, 30, 2228, 12, 22528, 310, 12804, 264, 7059, 466, 4374, 30, 2228, 12, 11893, 264, 3296, 883, 2414, 2430, 13362, 30, 2228, 12, 2441, 2414, 248046]","It looks like your message might be incomplete! Could you clarify what you'd like help with? For example:  
- Need advice on a topic (career, study, life, etc.)?  
- Want to explore a concept or idea?  
- Have a question about something throwaway?  
- Or something<|im_end|>",True,3795953152,7.056550473003881
005_common_gen_kth_last_k9_t1_rep2,305,5,kth_last,9,1,2,64,11,658,1166548901,common_gen,5,2,common_gen:validation:59,0,9b039a26044722e584b092f82e43559eb604ccbcf5604fa07ca6dfdfa7e891ce,f5bfc5fe089cb487ec00aec604f9fa7640021a2718d79d7ffbb9d2d3f7c2d01b,success,,256.0,256.0,256.0,False,,model_loaded,12.48632930900203,0.3520701709931018,0.15146576100960374,0.5035359320027055,0.5035359320027055,554,1592,28385,23939128,248320,"{""allowed_count"": 248068, ""expected_count"": 248068, ""missing_expected"": [], ""ok"": true, ""stop_token_ids"": [248046], ""unexpected_allowed"": []}",2.8427285049983766,xgrammar,0.6449240780057153,2.2260110690112924,12,64,"[2064, 4816, 1040, 678, 1876, 2597, 3799, 974, 0, 16018, 488, 4338, 35932, 1092, 488, 4035, 1040, 310, 4123, 466, 2466, 883, 30, 1690, 3010, 25, 2228, 12, 3054, 488, 1144, 1438, 440, 264, 3050, 8282, 318, 68, 1257, 2487, 7785, 11, 5269, 11, 7071, 8806, 11504, 2228, 12, 8448, 488, 3221, 364, 1928, 5849, 77, 318, 39737, 681, 11190, 4237, 11, 466, 248046]","It seems like your message got cut off! Could you please clarify what you'd like to discuss or ask about? For example:  
- Do you need help with a specific topic (e.g., science, technology, daily tasks)?  
- Are you looking for information gunn (grammar), creative writing, or<|im_end|>",True,3795953152,7.034795700004906
006_common_gen_kth_last_k11_t1_rep2,306,6,kth_last,11,1,2,64,13,740,1478633376,common_gen,6,2,common_gen:validation:797,0,f19a33a1d85cca62fcb09f8c6495e006f308c0e3ff16d83ff6f15e99fc604945,b1f34954ffe3e21e21ac97623ad3c08ec40c9bbfe4309f68de8fc20822b56dbf,success,,256.0,256.0,256.0,False,,model_loaded,12.639485262989183,0.3575223820080282,0.17692353900929447,0.5344459210173227,0.5344459210173227,640,1852,33495,32308375,248320,"{""allowed_count"": 248068, ""expected_count"": 248068, ""missing_expected"": [], ""ok"": true, ""stop_token_ids"": [248046], ""unexpected_allowed"": []}",3.0021376450022217,xgrammar,0.6489235420012847,2.252078271994833,12,64,"[2064, 4816, 1040, 678, 1876, 2493, 381, 31084, 0, 16018, 488, 35932, 1092, 488, 4035, 1040, 310, 4123, 466, 11290, 30, 12757, 424, 579, 264, 3296, 11, 264, 3274, 11, 466, 2414, 11190, 11, 353, 2688, 1532, 310, 1438, 0, 25677, 232, 3437, 1000, 488, 1040, 310, 944, 383, 30, 271, 2381, 8697, 1943, 11, 424, 579, 5621, 25464, 421, 2972, 20598, 1943, 248046]","It seems like your message might be incomplete! Could you clarify what you'd like to discuss or solve? Whether it's a question, a task, or something creative, I'm here to help! 😊 What would you like to work on?

For bagels, it's worth noting that **bagels<|im_end|>",True,3795953152,7.248977755996748
007_common_gen_kth_last_k12_t1_rep2,307,7,kth_last,12,1,2,64,14,778,839306281,common_gen,7,2,common_gen:validation:914,0,b1bb15d804b623873798079aa36907fbc7e0d4c109b3d88108ec72c86e3a0096,1d71102ecc24296d14bbb5e8b426532318f948df39244d45da327b13cda3a221,success,,256.0,256.0,256.0,False,,model_loaded,12.55046207200212,0.36733011600153986,0.19028374399931636,0.5576138600008562,0.5576138600008562,680,1973,35876,36629323,248320,"{""allowed_count"": 248068, ""expected_count"": 248068, ""missing_expected"": [], ""ok"": true, ""stop_token_ids"": [248046], ""unexpected_allowed"": []}",3.0263107369974023,xgrammar,0.6566018570010783,2.2177359579945914,12,64,"[2064, 4816, 1040, 678, 1876, 2493, 381, 31084, 0, 16018, 488, 4338, 35932, 1092, 488, 4035, 1040, 310, 4123, 466, 1092, 488, 1144, 1438, 440, 30, 1690, 3010, 25, 2228, 12, 357, 3050, 3296, 466, 8282, 30, 2228, 12, 44241, 440, 264, 3274, 318, 68, 1257, 2487, 4237, 11, 10505, 11, 18244, 28535, 11504, 2228, 12, 69589, 383, 2414, 488, 2224, 21520, 883, 248046]","It seems like your message might be incomplete! Could you please clarify what you'd like to discuss or what you need help with? For example:  
- A specific question or topic?  
- Assistance with a task (e.g., writing, coding, gym routines)?  
- Insights on something you're curious about<|im_end|>",True,3795953152,7.247612421997474
008_common_gen_kth_last_k14_t1_rep2,308,8,kth_last,14,1,2,64,16,848,1668076455,common_gen,8,2,common_gen:validation:972,0,c6ae4d35bca1a73f7fc90fb5d0d4e6d4c7f64f9fcabc056fe3c333fafa5c20e9,2e8cece1ed6dbac86c44a36daed519b1c1aaed9b351209f4d7820d3f9f6dbdf0,success,,256.0,256.0,256.0,False,,model_loaded,12.329309588996693,0.33803222799906507,0.21478478900098708,0.5528170170000521,0.5528170170000521,754,2197,40290,45342808,248320,"{""allowed_count"": 248068, ""expected_count"": 248068, ""missing_expected"": [], ""ok"": true, ""stop_token_ids"": [248046], ""unexpected_allowed"": []}",2.9146662620041752,xgrammar,0.6180830930097727,2.193950982997194,12,64,"[2064, 4816, 1040, 678, 1876, 2493, 381, 31084, 0, 16018, 488, 4338, 35932, 1092, 488, 4035, 1040, 310, 4123, 466, 2466, 883, 30, 1690, 3010, 25, 2228, 12, 357, 3050, 8282, 318, 68, 1257, 2487, 7785, 11, 3712, 11, 5269, 11504, 2228, 12, 357, 3296, 466, 3377, 488, 2224, 1576, 286, 310, 30, 2228, 12, 23879, 488, 1144, 1438, 440, 30, 18050, 9764, 248046]","It seems like your message might be incomplete! Could you please clarify what you'd like to discuss or ask about? For example:  
- A specific topic (e.g., science, history, technology)?  
- A question or problem you're objecting to?  
- Something you need help with?  

Let<|im_end|>",True,3795953152,7.081790819007438
009_common_gen_kth_last_k16_t1_rep2,309,9,kth_last,16,1,2,64,18,910,1784310185,common_gen,9,2,common_gen:validation:171,0,91c993dff3e271e5341637c8cb5ef611858124032ddccbc2f5e3437cda03b5fa,26acd3f74f92e86ef6bbc5f5c43dd4c195b17836a3e86ed39702f68e9d613a3d,success,,256.0,256.0,256.0,False,,model_loaded,12.169152189002489,0.3449481499992544,0.23575644599623047,0.5807045959954849,0.5807045959954849,820,2397,44240,53906905,248320,"{""allowed_count"": 248068, ""expected_count"": 248068, ""missing_expected"": [], ""ok"": true, ""stop_token_ids"": [248046], ""unexpected_allowed"": []}",2.8304424029920483,xgrammar,0.6349247430043761,2.2063432940049097,12,64,"[2064, 4816, 678, 1876, 2493, 381, 31084, 0, 16018, 488, 35932, 1092, 488, 4035, 1040, 310, 1366, 466, 4123, 30, 1690, 3010, 25, 2228, 12, 357, 3296, 883, 7785, 11, 3712, 11, 466, 5269, 30, 2228, 12, 11150, 440, 264, 6673, 3377, 466, 10505, 3274, 30, 2228, 3460, 4534, 28137, 10125, 466, 11190, 6498, 30, 2228, 12, 23879, 745, 30, 18050, 9764, 728, 248046]","It seems your message might be incomplete! Could you clarify what you'd like to know or discuss? For example:  
- A question about science, history, or technology?  
- Help with a math problem or coding task?  
 face-to-face conversation or creative ideas?  
- Something else?  

Let me<|im_end|>",True,3795953152,7.008193831003155
010_common_gen_kth_last_k17_t1_rep2,310,10,kth_last,17,1,2,64,19,938,1547818814,common_gen,10,2,common_gen:validation:126,0,45a69f3d809cdafd0b9832c26e2598c496b7f4773cf33ed228a9cf2998b49e0d,fde21ea19d110ed8009254feefacc671724a2f4d4db304d1f59b58d72e3f4f53,success,,256.0,256.0,256.0,False,,model_loaded,12.366836927001714,0.3634066889935639,0.2467223279963946,0.6101290169899585,0.6101290169899585,850,2488,46041,58048588,248320,"{""allowed_count"": 248068, ""expected_count"": 248068, ""missing_expected"": [], ""ok"": true, ""stop_token_ids"": [248046], ""unexpected_allowed"": []}",2.7961543569981586,xgrammar,0.6610876819904661,2.18644402299833,12,64,"[2064, 4816, 1040, 678, 1876, 2493, 381, 31084, 0, 16018, 488, 35932, 1092, 488, 4035, 1040, 310, 4123, 466, 1144, 1438, 440, 30, 1690, 3010, 25, 2228, 12, 357, 3296, 466, 3377, 310, 11290, 30, 2228, 12, 7831, 383, 264, 3050, 8282, 318, 68, 1257, 2487, 2430, 13362, 10885, 11, 14791, 6925, 11, 3992, 4275, 11504, 2228, 12, 23879, 745, 11040, 30, 18050, 248046]","It seems like your message might be incomplete! Could you clarify what you'd like to discuss or need help with? For example:  
- A question or problem to solve?  
- Information on a specific topic (e.g., throwaway tokens, AI safety, language features)?  
- Something else entirely?  

<|im_end|>",True,3795953152,7.101775289003854
011_common_gen_kth_last_k19_t1_rep2,311,11,kth_last,19,1,2,64,21,988,729600490,common_gen,11,2,common_gen:validation:361,0,79c801b212ab528cfde0aa8d80401f64134af5731b4bfbae3f2d5bce539b03b6,a359bae540b37aa723f234de93fb82cd1595ac3e125c8061dd74e88328a6d934,success,,256.0,256.0,256.0,False,,model_loaded,12.355856426001992,0.34617246700508986,0.2638503390044207,0.6100228060095105,0.6100228060095105,904,2652,49295,65899963,248320,"{""allowed_count"": 248068, ""expected_count"": 248068, ""missing_expected"": [], ""ok"": true, ""stop_token_ids"": [248046], ""unexpected_allowed"": []}",2.8100898699922254,xgrammar,0.6528939499985427,2.1972599050059216,12,64,"[2064, 4816, 1040, 678, 1876, 2493, 381, 31084, 0, 16018, 488, 4338, 35932, 1092, 488, 4035, 1040, 310, 1366, 466, 4123, 30, 1690, 3010, 25, 2228, 12, 357, 3050, 8282, 318, 68, 1257, 2487, 7785, 11, 5269, 11, 7431, 11504, 2228, 12, 357, 3296, 2842, 30, 2228, 12, 357, 1622, 364, 1438, 318, 68, 1257, 2487, 4237, 11, 6673, 11, 10505, 11504, 2228, 248046]","It seems like your message might be incomplete! Could you please clarify what you'd like to know or discuss? For example:  
- A specific topic (e.g., science, technology, culture)?  
- A question stop?  
- A request for help (e.g., writing, math, coding)?  
<|im_end|>",True,3795953152,7.111318287003087
012_common_gen_kth_last_k20_t1_rep2,312,12,kth_last,20,1,2,64,22,1010,1929346766,common_gen,12,2,common_gen:validation:835,0,da1979b4ada0d394da3de44f0d0ce5d8e112d70c47299a4c9fb231b27f0d755f,6e0ab10543cf11af8dee40c7363b2be9cb6f6c9e293939613ec1699685ccc680,success,,256.0,256.0,256.0,False,,model_loaded,12.328709301000345,0.3431063590105623,0.2737021120119607,0.616808471022523,0.616808471022523,928,2725,50748,69555127,248320,"{""allowed_count"": 248068, ""expected_count"": 248068, ""missing_expected"": [], ""ok"": true, ""stop_token_ids"": [248046], ""unexpected_allowed"": []}",2.731509407007252,xgrammar,0.6424883349973243,2.179739333005273,12,64,"[2064, 4816, 678, 1876, 2597, 3799, 974, 0, 16018, 488, 4338, 35932, 1092, 488, 4035, 1040, 310, 1366, 466, 2466, 883, 30, 1690, 3010, 25, 2228, 12, 357, 3050, 8282, 318, 68, 1257, 2487, 7785, 11, 3712, 11, 12641, 11504, 2228, 12, 357, 6365, 314, 1414, 310, 22903, 466, 14260, 30, 2228, 12, 11150, 440, 264, 6673, 3377, 11, 1970, 11, 466, 11190, 248046]","It seems your message got cut off! Could you please clarify what you'd like to know or ask about? For example:  
- A specific topic (e.g., science, history, tech)?  
- A piece of text to analyze or translate?  
- Help with a math problem, code, or creative<|im_end|>",True,3795953152,6.925032593004289
013_common_gen_kth_last_k22_t1_rep2,313,13,kth_last,22,1,2,64,24,1048,1576972858,common_gen,13,2,common_gen:validation:141,0,ece63aef8a57e6ca6037c632168ef33bf6cab5258fab537d7fcd17671188705c,e55b13b4392abf5a811877026e353a68934794e961f48f85de527b74bebf36a3,success,,256.0,256.0,256.0,False,,model_loaded,12.326970662004896,0.3432482509961119,0.2875453220040072,0.6307935730001191,0.6307935730001191,970,2853,53306,76203028,248320,"{""allowed_count"": 248068, ""expected_count"": 248068, ""missing_expected"": [], ""ok"": true, ""stop_token_ids"": [248046], ""unexpected_allowed"": []}",2.8158771110029193,xgrammar,0.6361360800074181,2.2397697730048094,12,64,"[9419, 0, 1049, 4816, 1040, 678, 1876, 2597, 3799, 974, 13, 16018, 488, 4338, 35932, 466, 3300, 777, 3447, 748, 353, 628, 7543, 488, 2577, 30, 25677, 232, 2228, 2381, 3010, 25, 2228, 12, 3054, 488, 599, 264, 3296, 11, 1144, 3460, 4534, 28137, 18252, 11, 466, 1325, 264, 3050, 3274, 30, 2228, 12, 6558, 728, 1366, 1092, 488, 4035, 1040, 310, 12804, 248046]","Hello! It seems like your message got cut off. Could you please clarify or provide more details so I can assist you better? 😊  
For example:  
- Do you have a question, need face-to-face guidance, or require a specific task?  
- Let me know what you'd like to explore<|im_end|>",True,3795953152,7.089562617009506
014_common_gen_kth_last_k24_t1_rep2,314,14,kth_last,24,1,2,64,26,1078,641986217,common_gen,14,2,common_gen:validation:150,0,d60098cc62d34a40280144f9a5aa72501ea64bfc9e9edf2de2ad08364bc5eeef,acded65de3ea5d8480cbc34562d93820dc50fc4e7ae4b714daaf187603712066,success,,256.0,256.0,256.0,False,,model_loaded,12.518291015003342,0.35469644200929906,0.29828586500661913,0.6529823070159182,0.6529823070159182,1004,2957,55400,81829093,248320,"{""allowed_count"": 248068, ""expected_count"": 248068, ""missing_expected"": [], ""ok"": true, ""stop_token_ids"": [248046], ""unexpected_allowed"": []}",2.862191170002916,xgrammar,0.6495545040088473,2.2402527049998753,12,64,"[2064, 5686, 1040, 678, 1876, 2493, 381, 31084, 0, 16018, 488, 4338, 35932, 1092, 488, 4035, 1040, 310, 4123, 466, 1092, 488, 1144, 1438, 440, 30, 1690, 3010, 25, 2228, 12, 357, 3050, 8282, 318, 68, 1257, 2487, 7785, 11456, 3826, 2376, 11, 6739, 17793, 11, 12387, 18456, 11504, 2228, 12, 357, 3296, 883, 264, 3820, 7059, 318, 68, 1257, 2487, 328, 3710, 248046]","It looks like your message might be incomplete! Could you please clarify what you'd like to discuss or what you need help with? For example:  
- A specific topic (e.g., science snowball effect, economic trends, cultural movements)?  
- A question about a particular concept (e.g., ""What<|im_end|>",True,3795953152,7.176180474998546
015_common_gen_kth_last_k25_t1_rep2,315,15,kth_last,25,1,2,64,27,1090,364483986,common_gen,15,2,common_gen:validation:4,0,98cd9fb87cefb1e2120e399d8f06ab92e34477f33cf6a04f030bd8d112c51865,8a7c1dad6cb910b2da2b690ee0baa605e56317730e61019bb865a050f696f434,success,,256.0,256.0,256.0,False,,model_loaded,12.460451000006287,0.3516902309929719,0.30330197598959785,0.6549922069825698,0.6549922069825698,1018,3000,56273,84214432,248320,"{""allowed_count"": 248068, ""expected_count"": 248068, ""missing_expected"": [], ""ok"": true, ""stop_token_ids"": [248046], ""unexpected_allowed"": []}",2.819556372007355,xgrammar,0.6439964739984134,2.194296433997806,12,64,"[2064, 4816, 1040, 678, 1876, 2493, 381, 31084, 0, 16018, 488, 35932, 1092, 488, 4035, 1040, 310, 1366, 466, 4123, 30, 1690, 3010, 25, 2228, 12, 3054, 488, 599, 264, 3296, 883, 264, 8282, 318, 68, 1257, 2487, 24562, 11, 7141, 11, 3712, 11504, 2228, 12, 14235, 1438, 440, 449, 4374, 11, 3377, 94762, 11, 466, 11190, 4237, 30, 2228, 12, 22528, 310, 248046]","It seems like your message might be incomplete! Could you clarify what you'd like to know or discuss? For example:  
- Do you have a question about a topic (e.g., climb, tools, history)?  
- Need help with an idea, problem-solving, or creative writing?  
- Want to<|im_end|>",True,3795953152,7.081749101009336
016_common_gen_kth_last_k27_t1_rep2,316,16,kth_last,27,1,2,64,29,1108,2143483223,common_gen,16,2,common_gen:validation:561,0,9c219dd1b2aa2ba70419038850b76b84bd1a04773ed368075ec00d77e4ed9d8d,2b87c1c9b1af4493e132b01d7853de9eb29eef5bbc8b86173748f93c3a6faabe,success,,256.0,256.0,256.0,False,,model_loaded,12.26264354000159,0.3469273850059835,0.3125540469918633,0.6594814319978468,0.6594814319978468,1040,3068,57671,88058143,248320,"{""allowed_count"": 248068, ""expected_count"": 248068, ""missing_expected"": [], ""ok"": true, ""stop_token_ids"": [248046], ""unexpected_allowed"": []}",2.6748984000005294,xgrammar,0.6344725060043857,2.1837945759907598,12,64,"[2064, 4816, 1040, 678, 1876, 2597, 3799, 974, 0, 16018, 488, 4338, 35932, 1092, 488, 4035, 1040, 310, 4123, 466, 2466, 883, 30, 1690, 3010, 25, 2228, 12, 357, 3050, 8282, 318, 68, 1257, 2487, 7785, 10061, 21221, 12688, 11, 3712, 11, 5269, 11504, 2228, 12, 357, 3296, 488, 1144, 1438, 34579, 30, 2228, 12, 23879, 745, 11040, 30, 18050, 9764, 728, 1366, 248046]","It seems like your message got cut off! Could you please clarify what you'd like to discuss or ask about? For example:  
- A specific topic (e.g., science kid-friendly facts, history, technology)?  
- A question you need help answering?  
- Something else entirely?  

Let me know<|im_end|>",True,3795953152,6.94496714399429
017_common_gen_kth_last_k29_t1_rep2,317,17,kth_last,29,1,2,64,31,1118,1757643343,common_gen,17,2,common_gen:validation:313,0,dcab29023fd68001013cb371a20082695413c19e628606633bd45979882a22c8,c8f6586ff1394a2a26098add6bd3789dd73e8882bbbd5c655db1dc13276a0273,success,,256.0,256.0,256.0,False,,model_loaded,12.426895980999689,0.3512819600000512,0.31716808599594515,0.6684500459959963,0.6684500459959963,1054,3112,58605,90593698,248320,"{""allowed_count"": 248068, ""expected_count"": 248068, ""missing_expected"": [], ""ok"": true, ""stop_token_ids"": [248046], ""unexpected_allowed"": []}",2.760389795002993,xgrammar,0.6292782860109583,2.2182960280042607,12,64,"[2064, 4816, 1040, 678, 1876, 2493, 381, 31084, 0, 16018, 488, 4338, 35932, 1092, 488, 4035, 1040, 1438, 440, 30, 1690, 3010, 25, 2228, 12, 357, 3296, 883, 264, 8282, 318, 38248, 11, 3712, 26089, 11, 4831, 5946, 2228, 12, 11150, 440, 264, 3377, 466, 6673, 3274, 2228, 12, 23879, 11190, 318, 24501, 11, 10505, 11, 6498, 8, 2228, 12, 2441, 1066, 264, 248046]","It seems like your message might be incomplete! Could you please clarify what you'd like help with? For example:  
- A question about a topic (science, history hockey, etc.)  
- Help with a problem or math task  
- Something creative (writing, coding, ideas)  
- Or just a<|im_end|>",True,3795953152,7.08667170201079
018_common_gen_kth_last_k30_t1_rep2,318,18,kth_last,30,1,2,64,32,1120,979905621,common_gen,18,2,common_gen:validation:23,0,6f6785ff6de15a37ead81b52fdaf6e305dcfc573d5bb33dc3d5fcbf515057ab8,14c09b622641523438e0e67bbb4ff63ab2059b126347ddb7c646a0af7e517c43,success,,256.0,256.0,256.0,False,,model_loaded,12.472922084998572,0.341210956001305,0.3182586720067775,0.6594696280080825,0.6594696280080825,1058,3125,58898,91351312,248320,"{""allowed_count"": 248068, ""expected_count"": 248068, ""missing_expected"": [], ""ok"": true, ""stop_token_ids"": [248046], ""unexpected_allowed"": []}",2.821224524988793,xgrammar,0.6350296890013851,2.219230589995277,12,64,"[2064, 4816, 678, 1876, 2493, 381, 31084, 0, 16018, 488, 35932, 1092, 488, 4035, 1040, 1438, 440, 30, 1690, 3010, 25, 2228, 12, 357, 3050, 8282, 466, 3296, 30, 2228, 12, 44241, 440, 2364, 286, 11, 8842, 11, 466, 29234, 264, 2313, 30, 2228, 12, 11956, 883, 264, 3274, 11, 4374, 11, 466, 8381, 488, 2224, 3133, 383, 30, 18050, 9764, 728, 1366, 248046]","It seems your message might be incomplete! Could you clarify what you'd like help with? For example:  
- A specific topic or question?  
- Assistance with siting, planning, or executing a project?  
- Details about a task, idea, or challenge you're working on?  

Let me know<|im_end|>",True,3795953152,7.0939030930021545
019_common_gen_kth_last_k32_t1_rep2,319,19,kth_last,32,1,2,64,34,1118,1919803765,common_gen,19,2,common_gen:validation:920,0,4987b6ed279a83321c51eb08f1a6919797c78df386869c718944933cf9cdabde,a7951f43d084effc864090a25c9221f7f70c65bbb843a6c12543e7ee54a98ca6,success,,256.0,256.0,256.0,False,,model_loaded,12.742885958999977,0.3267992309993133,0.31990790501004085,0.6467071360093541,0.6467071360093541,1060,3133,59136,91824434,248320,"{""allowed_count"": 248068, ""expected_count"": 248068, ""missing_expected"": [], ""ok"": true, ""stop_token_ids"": [248046], ""unexpected_allowed"": []}",2.7500585679954384,xgrammar,0.6358264589944156,2.2170653569919523,12,64,"[2064, 4816, 1040, 678, 1876, 2493, 381, 31084, 0, 16018, 488, 35932, 1092, 488, 4035, 1040, 310, 1366, 466, 4123, 30, 1690, 3010, 25, 2228, 12, 357, 3050, 8282, 318, 68, 14845, 11, 3712, 11, 7785, 11, 4831, 5946, 2228, 12, 357, 3296, 466, 3377, 310, 11290, 2228, 12, 357, 1622, 364, 1438, 440, 4237, 11, 10505, 11, 466, 3977, 745, 18050, 9764, 248046]","It seems like your message might be incomplete! Could you clarify what you'd like to know or discuss? For example:  
- A specific topic (e smile, history, science, etc.)  
- A question or problem to solve  
- A request for help with writing, coding, or anything else  

Let<|im_end|>",True,3795953152,7.001355871994747
020_common_gen_kth_last_k33_t1_rep2,320,20,kth_last,33,1,2,64,35,1114,991485594,common_gen,20,2,common_gen:validation:748,0,ae2f6b8c2e09c3e421ea480e2dfaa8cc9e1407c41aef7a9645cc447f2e27bf74,c39fc7899e63c675bba62e5ef4f889d2cde387ee41bb5f4d36fb8116ad523aa8,success,,256.0,256.0,256.0,False,,model_loaded,14.32637395200436,0.37108274101046845,0.32228206501167733,0.6933648060221458,0.6933648060221458,1058,3128,59081,91537234,248320,"{""allowed_count"": 248068, ""expected_count"": 248068, ""missing_expected"": [], ""ok"": true, ""stop_token_ids"": [248046], ""unexpected_allowed"": []}",2.888355376999243,xgrammar,0.6571136660058983,2.2221364739962155,12,64,"[2064, 4816, 1040, 678, 1876, 2597, 3799, 974, 0, 16018, 488, 35932, 1092, 488, 4035, 1040, 310, 1366, 466, 4123, 30, 1690, 3010, 25, 2228, 12, 357, 3050, 8282, 318, 7923, 382, 11, 7923, 382, 11, 4831, 5946, 2228, 12, 357, 3296, 466, 3377, 2228, 12, 357, 1622, 364, 1438, 440, 2414, 2228, 12, 4450, 38896, 883, 2414, 18050, 9764, 728, 1366, 11, 248046]","It seems like your message got cut off! Could you clarify what you'd like to know or discuss? For example:  
- A specific topic ( eaters, eaters, etc.)  
- A question or problem  
- A request for help with something  
- Just curiosity about something  

Let me know,<|im_end|>",True,3795953152,7.321106523013441
021_common_gen_kth_last_k35_t1_rep2,321,21,kth_last,35,1,2,64,37,1100,657660878,common_gen,21,2,common_gen:validation:945,0,24f82b8973a118ca923eea50605201cf373f9036aabedf4845091998dfdcf03c,7d621322bc35d7108cdcd1f1a88d5fa1cbee28787f2f612bb8d2d25ae8e77643,success,,256.0,256.0,256.0,False,,model_loaded,14.117485223992844,0.3685551640082849,0.32034706699778326,0.6889022310060682,0.6889022310060682,1048,3100,58623,89923631,248320,"{""allowed_count"": 248068, ""expected_count"": 248068, ""missing_expected"": [], ""ok"": true, ""stop_token_ids"": [248046], ""unexpected_allowed"": []}",2.8469201090047136,xgrammar,0.6401598450029269,2.2154294820065843,12,64,"[2064, 4816, 1040, 678, 1876, 2493, 381, 31084, 0, 16018, 488, 35932, 1092, 488, 4035, 1040, 310, 4123, 466, 1092, 488, 1144, 1438, 440, 30, 1690, 3010, 25, 12668, 2519, 11, 7786, 21221, 20329, 11, 16725, 10104, 11, 10793, 6498, 11, 466, 3977, 745, 30, 6558, 728, 1366, 1204, 353, 628, 7543, 0, 25677, 232, 9008, 235, 121, 29545, 9008, 242, 98, 9008, 248046]","It seems like your message might be incomplete! Could you clarify what you'd like to discuss or what you need help with? For example: meat options, budget-friendly meals, cooking tips, recipe ideas, or anything else? Let me know how I can assist! 😊🍽️🔥�<|im_end|>",True,3795953152,7.270983060006984
022_common_gen_kth_last_k37_t1_rep2,322,22,kth_last,37,1,2,64,39,1078,189588838,common_gen,22,2,common_gen:validation:309,0,886f0eaa33a6a7c7b44b94fb2c7dc5279a7b68d1d28281c3daaafdd453774b9c,f52165f884a5a37fb8af584b34698e1bacb9e4140edaf48c33e72b289443b35f,success,,256.0,256.0,256.0,False,,model_loaded,13.417086917994311,0.36357577799935825,0.31525109299400356,0.6788268709933618,0.6788268709933618,1030,3048,57701,86958784,248320,"{""allowed_count"": 248068, ""expected_count"": 248068, ""missing_expected"": [], ""ok"": true, ""stop_token_ids"": [248046], ""unexpected_allowed"": []}",2.918627912993543,xgrammar,0.6539135960047133,2.187530513998354,12,64,"[2064, 4816, 1040, 678, 1876, 2493, 381, 31084, 0, 16018, 488, 4338, 35932, 1092, 488, 4035, 1040, 1438, 440, 30, 1690, 3010, 25, 2228, 12, 14235, 2693, 14, 18610, 10159, 30, 2228, 12, 22528, 310, 22903, 264, 3377, 30, 2228, 12, 73653, 303, 264, 1746, 8024, 466, 32390, 1870, 30, 2228, 12, 20482, 364, 264, 3255, 4374, 466, 11190, 4237, 30, 2228, 12, 248046]","It seems like your message might be incomplete! Could you please clarify what you'd like help with? For example:  
- Need player/character stats?  
- Want to analyze a problem?  
- Interested in a game strategy or RPG build?  
- Looking for a story idea or creative writing?  
-<|im_end|>",True,3795953152,7.288436543007265
023_common_gen_kth_last_k38_t1_rep2,323,23,kth_last,38,1,2,64,40,1064,1384715305,common_gen,23,2,common_gen:validation:76,0,f81ba7d5ec5cd14124a2738971c94efc0796d108e23b957f6b5bf277d44e14e8,f6ed97d4928721e3ba92475eba490b3ad150e64877fc2ea0d8d1cd5f863d67ef,success,,256.0,256.0,256.0,False,,model_loaded,13.276163350994466,0.356968155989307,0.309886640010518,0.666854795999825,0.666854795999825,1018,3013,57066,84989999,248320,"{""allowed_count"": 248068, ""expected_count"": 248068, ""missing_expected"": [], ""ok"": true, ""stop_token_ids"": [248046], ""unexpected_allowed"": []}",2.9609920360089745,xgrammar,0.6514587619894883,2.1851465460058535,12,64,"[2064, 4816, 1040, 678, 1876, 2493, 381, 31084, 0, 16018, 488, 35932, 1092, 488, 4035, 1040, 310, 4123, 466, 1144, 1438, 440, 30, 1690, 3010, 523, 12960, 11, 1970, 11, 4237, 12622, 11, 466, 2414, 745, 30, 25677, 232, 9008, 239, 229, 271, 9764, 728, 1366, 1204, 353, 628, 7543, 0, 10838, 234, 253, 198, 248069, 271, 2064, 4816, 1040, 678, 1876, 2493, 248046]","It seems like your message might be incomplete! Could you clarify what you'd like to discuss or need help with? For example class topics, code, writing assistance, or something else? 😊👇

Let me know how I can assist! 🌟
</think>

It seems like your message might<|im_end|>",True,3795953152,7.291843617989798
024_common_gen_kth_last_k40_t1_rep2,324,24,kth_last,40,1,2,64,42,1030,174690424,common_gen,24,2,common_gen:validation:460,0,55dd02d3b7b8ca3254e4b729492cf623b140954668b698f48f3cb7fc162b810a,3eec0450ac7578c19f8f375ef8dba8eda9200120d23c9b475d26e5c664220744,success,,256.0,256.0,256.0,False,,model_loaded,12.742584959996748,0.3630660509952577,0.2985231820057379,0.6615892330009956,0.6615892330009956,988,2925,55448,80137846,248320,"{""allowed_count"": 248068, ""expected_count"": 248068, ""missing_expected"": [], ""ok"": true, ""stop_token_ids"": [248046], ""unexpected_allowed"": []}",2.7875515790074132,xgrammar,0.6357717880018754,2.2582965170004172,12,64,"[2064, 4816, 1040, 678, 1876, 2493, 381, 31084, 0, 16018, 488, 4338, 35932, 1092, 488, 4035, 1040, 310, 4123, 466, 2466, 883, 30, 4776, 3739, 513, 2172, 364, 2384, 321, 60956, 11, 3315, 424, 579, 264, 15855, 2353, 466, 264, 10391, 13, 6558, 728, 1366, 1204, 353, 628, 1438, 0, 10838, 237, 222, 9008, 237, 230, 9008, 236, 122, 271, 2592, 488, 8526, 248046]","It seems like your message might be incomplete! Could you please clarify what you'd like to discuss or ask about? ball games are great for fun and bonding, whether it's a casual match or a competition. Let me know how I can help! 🏀🏈🎾

If you meant<|im_end|>",True,3795953152,7.1750630469905445
025_common_gen_kth_last_k42_t1_rep2,325,25,kth_last,42,1,2,64,44,988,767023149,common_gen,25,2,common_gen:validation:466,0,d8de7440b86f6951ce6b54482697f86070e7c5ab5d2228f62c4ddfce16d280ed,4b11e9b9d75415a5ed3639e74f21c8d6f892af087203bf94210945776ba18d81,success,,256.0,256.0,256.0,False,,model_loaded,12.828812362000463,0.35879575699800625,0.2875244559982093,0.6463202129962156,0.6463202129962156,950,2813,53366,74167009,248320,"{""allowed_count"": 248068, ""expected_count"": 248068, ""missing_expected"": [], ""ok"": true, ""stop_token_ids"": [248046], ""unexpected_allowed"": []}",2.894640865008114,xgrammar,0.6469859729986638,2.196851771994261,12,64,"[2064, 4816, 1040, 678, 1876, 2597, 3799, 974, 0, 16018, 488, 4338, 35932, 1092, 488, 4035, 1040, 310, 4123, 466, 2466, 4088, 728, 1472, 2414, 30, 25677, 232, 1690, 3010, 25, 2228, 12, 357, 6673, 3377, 30, 2228, 12, 46472, 1438, 30, 2228, 12, 23146, 6498, 30, 2228, 12, 3146, 6337, 30, 2228, 12, 2441, 2414, 745, 11040, 30, 18050, 9658, 1042, 728, 248046]","It seems like your message got cut off! Could you please clarify what you'd like to discuss or ask walk me through something? 😊 For example:  
- A math problem?  
- Coding help?  
- Writing ideas?  
- General knowledge?  
- Or something else entirely?  

Just let me<|im_end|>",True,3795953152,7.212490247009555
026_common_gen_kth_last_k43_t1_rep2,326,26,kth_last,43,1,2,64,45,964,1718174226,common_gen,26,2,common_gen:validation:57,0,83b0a1a35f19422b42ad5b5cf7ae40318f34b06959037bf9ee82174a7ca710a5,ddbd106c25ad2c80903f48026fc5276ffc418965308332855e070944c5b688b4,success,,256.0,256.0,256.0,False,,model_loaded,13.000172419007868,0.36765517501044087,0.2806385419971775,0.6482937170076184,0.6482937170076184,928,2748,52151,70807339,248320,"{""allowed_count"": 248068, ""expected_count"": 248068, ""missing_expected"": [], ""ok"": true, ""stop_token_ids"": [248046], ""unexpected_allowed"": []}",2.9123042980063474,xgrammar,0.6569733869982883,2.371191999001894,12,64,"[2064, 4816, 1040, 678, 1876, 2597, 3799, 974, 0, 16018, 488, 35932, 1092, 488, 4035, 1040, 1438, 440, 30, 1690, 4776, 5414, 27204, 11, 353, 628, 7543, 440, 25, 198, 12, 80718, 11051, 318, 68393, 11, 3594, 13250, 8, 198, 12, 30768, 33534, 318, 2818, 2768, 25111, 11, 71538, 8, 198, 12, 15955, 3336, 3792, 39842, 198, 12, 12468, 4384, 1898, 1353, 8339, 248046]","It seems like your message got cut off! Could you clarify what you'd like help with? For ballistics calculations, I can assist with:
- Projectile motion (gravity, air resistance)
- Bullet trajectory (optimal angles, velocities)
- Range/distance estimation
- Ballistic table lookups<|im_end|>",True,3795953152,7.384468582007685
027_common_gen_kth_last_k45_t1_rep2,327,27,kth_last,45,1,2,64,47,910,506425993,common_gen,27,2,common_gen:validation:90,0,67165d5c09ef07c40e43102a544e9b01f8e1dbdf5881ef75ded35bbf0d6bf627,924fdfbb7f7b2bd5b4aac7512e56ba80b66268a55843780266d6004c9e54489b,success,,256.0,256.0,256.0,False,,model_loaded,12.295326792998821,0.34278714800893795,0.2647471050004242,0.6075342530093621,0.6075342530093621,878,2600,49373,63447436,248320,"{""allowed_count"": 248068, ""expected_count"": 248068, ""missing_expected"": [], ""ok"": true, ""stop_token_ids"": [248046], ""unexpected_allowed"": []}",2.727808012001333,xgrammar,0.6388474429986672,2.3572190909908386,12,64,"[2064, 4816, 1040, 678, 1876, 2493, 381, 31084, 0, 16018, 488, 4338, 35932, 1092, 488, 4035, 1040, 310, 22873, 685, 30, 353, 2688, 5354, 310, 1438, 440, 25, 271, 12, 2972, 45930, 4602, 332, 318, 68, 1257, 2487, 7785, 11, 3712, 11, 12641, 8, 198, 12, 2972, 60824, 8806, 332, 318, 65928, 11, 42749, 11, 1970, 11, 14018, 8, 198, 12, 2972, 30177, 248046]","It seems like your message might be incomplete! Could you please clarify what you'd like to bubble up? I'm ready to help with:

- **Specific questions** (e.g., science, history, tech)
- **Creative tasks** (stories, poems, code, designs)
- **Problem<|im_end|>",True,3795953152,7.071355877007591
028_common_gen_kth_last_k46_t1_rep2,328,28,kth_last,46,1,2,64,48,880,1114962707,common_gen,28,2,common_gen:validation:86,0,76d3a4c1b379b0131acc26c7cc6e9ec7a4725a33301d54a76dd2cfff7990b700,e83dd3de73248312182d1a9b4aa0416ea024f1c0e2a86383ce0d50d717ba994c,success,,256.0,256.0,256.0,False,,model_loaded,12.367647450009827,0.34133297999505885,0.25349831899802666,0.5948312989930855,0.5948312989930855,850,2517,47810,59496355,248320,"{""allowed_count"": 248068, ""expected_count"": 248068, ""missing_expected"": [], ""ok"": true, ""stop_token_ids"": [248046], ""unexpected_allowed"": []}",2.7001562460063724,xgrammar,0.6248542289977195,2.240772659992217,12,64,"[2064, 4816, 678, 1876, 2493, 381, 31084, 0, 16018, 488, 35932, 1092, 488, 4035, 1040, 310, 1366, 8250, 30, 25677, 232, 1690, 3010, 25, 2228, 12, 357, 2972, 65927, 332, 364, 264, 3050, 12723, 318, 68, 1257, 2487, 12635, 11, 4464, 11, 15440, 1484, 11504, 2228, 12, 6765, 6498, 11, 50207, 11, 466, 39962, 10104, 30, 2228, 12, 38712, 466, 12387, 2193, 30, 248046]","It seems your message might be incomplete! Could you clarify what you'd like to know dress? 😊 For example:  
- A **dress** for a specific occasion (e.g., wedding, party, formal event)?  
- Design ideas, fabrics, or styling tips?  
- Historical or cultural context?<|im_end|>",True,3795953152,6.928879264989519
029_common_gen_kth_last_k48_t1_rep2,329,29,kth_last,48,1,2,64,50,814,1257315079,common_gen,29,2,common_gen:validation:734,0,d1f892c47e1a7454e44c4ae0c6f555120af6c0a4a25b4167e8e53d6e6b433f41,600f4a84959aebe8b7ce1669c83199a13c20960ac2b560617fad69ca7879869f,success,,256.0,256.0,256.0,False,,model_loaded,12.473371261003194,0.350946695994935,0.2346648179955082,0.5856115139904432,0.5856115139904432,788,2333,44336,51189754,248320,"{""allowed_count"": 248068, ""expected_count"": 248068, ""missing_expected"": [], ""ok"": true, ""stop_token_ids"": [248046], ""unexpected_allowed"": []}",2.6430985540064285,xgrammar,0.6430760250077583,2.3563429710047785,12,64,"[2064, 4816, 1040, 678, 1876, 2493, 381, 31084, 0, 16018, 488, 4338, 35932, 1092, 488, 4062, 440, 30, 1690, 3010, 25, 2228, 12, 8448, 488, 9859, 264, 3296, 30, 2228, 12, 3054, 488, 1144, 1438, 440, 2414, 3050, 30, 2228, 12, 2091, 1017, 1414, 488, 4035, 1040, 728, 310, 22903, 466, 2962, 30, 18050, 9764, 728, 1366, 1204, 353, 628, 7543, 0, 25677, 248046]","It seems like your message might be incomplete! Could you please clarify what you hit with? For example:  
- Are you asking a question?  
- Do you need help with something specific?  
- Is there text you'd like me to analyze or continue?  

Let me know how I can assist! �<|im_end|>",True,3795953152,6.9887577860063175
030_common_gen_repeat_after_k_k1_t3_rep2,330,0,repeat_after_k,1,3,2,64,6,432,628534398,common_gen,30,2,common_gen:validation:983,0,9cb9fcdb47ac9874938eaaefc708854289b208c4d961fbcfc4829e126b7728fc,36f5e399d059a821f7d7a6fddad0c24c774172b08591acc9d8e347f5f7e41816,success,,256.0,256.0,256.0,False,,model_loaded,12.066253404991585,0.3493071100092493,0.04822587899980135,0.39753298900905065,0.39753298900905065,316,1044,17784,9177712,248320,"{""allowed_count"": 248068, ""expected_count"": 248068, ""missing_expected"": [], ""ok"": true, ""stop_token_ids"": [248046], ""unexpected_allowed"": []}",2.760388843002147,xgrammar,0.6523232750041643,2.1659094839997124,12,64,"[40, 2688, 5354, 310, 1438, 0, 3437, 1000, 488, 1040, 310, 1366, 466, 944, 383, 30, 25677, 232, 318, 9658, 1042, 728, 1366, 678, 8282, 466, 3296, 15836, 2228, 6391, 8839, 25, 1368, 488, 8526, 310, 15043, 2414, 466, 3300, 777, 2193, 11, 2579, 1845, 310, 4191, 424, 0, 4653, 271, 9, 12929, 49219, 353, 628, 7543, 440, 51595, 2228, 12, 2418, 2418, 248046]","I'm ready to help! What would you like to know or work on? 😊 (Just let me know your topic or question!)  
*(Note: If you meant to attach something or provide more context, feel free to share it!)*

*Example prompts I can assist with:*  
- stand stand<|im_end|>",True,3795953152,6.7229264409979805
031_common_gen_repeat_after_k_k2_t3_rep2,331,1,repeat_after_k,2,3,2,64,9,608,1048564142,common_gen,31,2,common_gen:validation:437,0,1df389e91423e77356f4df78e9acbc821e6e7f068bb422d59755ed9bed991d84,b3129319d5dce42f3a94a7e08efc6c56a72966286fabbcb01d2a0ff14192c6b1,success,,256.0,256.0,256.0,False,,model_loaded,12.239097804995254,0.3390232209931128,0.10599208799249027,0.44501530898560304,0.44501530898560304,494,1942,32731,23089231,248320,"{""allowed_count"": 248068, ""expected_count"": 248068, ""missing_expected"": [], ""ok"": true, ""stop_token_ids"": [248046], ""unexpected_allowed"": []}",2.713439486004063,xgrammar,0.6437521810003091,2.2089716359914746,12,64,"[9419, 0, 1049, 4816, 1040, 678, 1876, 2597, 3799, 974, 13, 2500, 628, 353, 7543, 488, 3242, 30, 12757, 488, 1144, 1438, 440, 264, 3296, 11, 1144, 11190, 6498, 11, 1144, 1928, 11, 466, 1066, 1318, 310, 6040, 11, 2579, 1845, 310, 1042, 728, 1366, 1092, 488, 4035, 1040, 310, 12804, 0, 25677, 232, 9008, 239, 229, 271, 2381, 3010, 9558, 264, 9558, 248046]","Hello! It seems like your message got cut off. How can I assist you today? Whether you need help with a question, need creative ideas, need information, or just want to chat, feel free to let me know what you'd like to explore! 😊👇

For example wear a wear<|im_end|>",True,3795953152,6.831795908001368
032_common_gen_repeat_after_k_k3_t3_rep2,332,2,repeat_after_k,3,3,2,64,12,778,1029870272,common_gen,32,2,common_gen:validation:697,0,1bb5059c6b156586b2f4c2bcdd5f031c6905cd7b8d61cc1220b6abff2db4bfe5,0fcdaa566505ae70a56bed4fee599f8d87a92f152a9c20b1349b54946e9dc5de,success,,256.0,256.0,256.0,False,,model_loaded,12.114064797991887,0.34112833900144324,0.16423322098853532,0.5053615599899786,0.5053615599899786,666,2810,47912,42504586,248320,"{""allowed_count"": 248068, ""expected_count"": 248068, ""missing_expected"": [], ""ok"": true, ""stop_token_ids"": [248046], ""unexpected_allowed"": []}",2.7147806269931607,xgrammar,0.6309425100043882,2.235631983989151,12,64,"[2064, 4816, 1040, 678, 1876, 2493, 381, 31084, 0, 16018, 488, 4338, 35932, 1092, 488, 4035, 1040, 1438, 440, 30, 1690, 3010, 25, 2228, 12, 14235, 9183, 383, 264, 3050, 8282, 30, 2228, 12, 20482, 364, 1928, 466, 4802, 30, 2228, 12, 21463, 383, 264, 2313, 466, 4374, 30, 2228, 12, 91865, 264, 3296, 466, 21156, 264, 3377, 30, 2002, 466, 2193, 2002, 248046]","It seems like your message might be incomplete! Could you please clarify what you'd like help with? For example:  
- Need advice on a specific topic?  
- Looking for information or resources?  
- Working on a project or idea?  
- Asking a question or solving a problem? field or context field<|im_end|>",True,3795953152,6.831069290012238
033_common_gen_repeat_after_k_k4_t3_rep2,333,3,repeat_after_k,4,3,2,64,15,942,163741365,common_gen,33,2,common_gen:validation:65,0,ca43a01594ae51f0c2093996d44d49c1e2f18e152dc121754955328ca8ee75f0,2b7e7725d349b75544ce2e13f21d4cdda8bf45ba4e6e88d0d2ae41e09c17ca5f,success,,256.0,256.0,256.0,False,,model_loaded,12.421033014994464,0.3447984770027688,0.2220033159974264,0.5668017930001952,0.5668017930001952,832,3648,62701,66810112,248320,"{""allowed_count"": 248068, ""expected_count"": 248068, ""missing_expected"": [], ""ok"": true, ""stop_token_ids"": [248046], ""unexpected_allowed"": []}",2.7015252230048645,xgrammar,0.7168378979986301,2.244837374004419,12,64,"[2064, 4816, 678, 1876, 2493, 381, 31084, 0, 16018, 488, 35932, 1092, 488, 4035, 1040, 310, 4123, 466, 11290, 30, 1690, 3010, 25, 2228, 12, 3054, 488, 599, 264, 3050, 3377, 318, 68, 1257, 2487, 6673, 11, 7785, 11, 10505, 8, 31733, 1438, 30, 2228, 12, 8448, 488, 3221, 364, 1928, 383, 264, 8282, 30, 2228, 12, 14235, 1746, 14400, 11, 11190, 1746, 248046]","It seems your message might be incomplete! Could you clarify what you'd like to discuss or solve? For example:  
- Do you have a specific problem (e.g., math, science, coding) needing help?  
- Are you looking for information on a topic?  
- Need game strategies, creative game<|im_end|>",True,3795953152,6.984256648007431
034_common_gen_repeat_after_k_k5_t3_rep2,334,4,repeat_after_k,5,3,2,64,18,1100,465351110,common_gen,34,2,common_gen:validation:245,0,8b643fa0dfc1097deb5cfd319e44427b42539c89787b27475f9062f2f391af77,96345d467b166f3bd7944bd2794fb4e56864a671f2301e11eab019701ed81a3d,success,,256.0,256.0,256.0,False,,model_loaded,12.28410888700455,0.3492092169908574,0.278498773011961,0.6277079900028184,0.6277079900028184,992,4456,77208,95413528,248320,"{""allowed_count"": 248068, ""expected_count"": 248068, ""missing_expected"": [], ""ok"": true, ""stop_token_ids"": [248046], ""unexpected_allowed"": []}",2.624998585000867,xgrammar,0.6391076269937912,2.2420500379957957,12,64,"[2064, 4816, 678, 1876, 2493, 381, 31084, 0, 16018, 488, 4338, 35932, 1092, 488, 4035, 1040, 310, 1366, 466, 4123, 30, 1690, 3010, 25, 2228, 12, 357, 3296, 883, 7785, 11, 3712, 11, 466, 5269, 30, 2228, 12, 11150, 440, 264, 6673, 3377, 466, 10505, 3274, 30, 2228, 12, 69589, 383, 264, 8282, 1040, 2730, 11, 7431, 38003, 11, 466, 4204, 6310, 38003, 248046]","It seems your message might be incomplete! Could you please clarify what you'd like to know or discuss? For example:  
- A question about science, history, or technology?  
- Help with a math problem or coding task?  
- Insights on a topic like health, culture paddle, or personal growth paddle<|im_end|>",True,3795953152,6.893588656006614
035_common_gen_repeat_after_k_k6_t3_rep2,335,5,repeat_after_k,6,3,2,64,21,1252,1243592523,common_gen,35,2,common_gen:validation:142,0,3b1cdaedd142da18f833db4e0e752972c06cc16e3170aacef07083a73c146653,4408f61cf2ca55b14a9f3df21f92cd88d85da996b4033dcbc342ed76a5aba88f,success,,256.0,256.0,256.0,False,,model_loaded,12.428071464993991,0.33843352300755214,0.3364615890022833,0.6748951120098354,0.6748951120098354,1146,5234,91193,127743937,248320,"{""allowed_count"": 248068, ""expected_count"": 248068, ""missing_expected"": [], ""ok"": true, ""stop_token_ids"": [248046], ""unexpected_allowed"": []}",2.6544490739906905,xgrammar,0.6372564360062825,2.1951937659905525,12,64,"[2064, 5686, 1040, 678, 1876, 2493, 599, 978, 3799, 974, 0, 16018, 488, 35932, 1092, 488, 4035, 1040, 310, 4123, 466, 1144, 1438, 440, 30, 1690, 3010, 25, 2228, 12, 357, 3050, 3296, 466, 3377, 30, 2228, 12, 22185, 364, 264, 2313, 11, 3255, 11, 466, 3019, 30, 2228, 12, 24886, 383, 6618, 264, 9653, 466, 4392, 10121, 30, 2228, 12, 23879, 4392, 248046]","It looks like your message might have been cut off! Could you clarify what you'd like to discuss or need help with? For example:  
- A specific question or problem?  
- Ideas for a project, story, or plan?  
- Tips on learning a skill or phone usage?  
- Something phone<|im_end|>",True,3795953152,6.938843940995866
036_common_gen_repeat_after_k_k7_t3_rep2,336,6,repeat_after_k,7,3,2,64,24,1398,1188701661,common_gen,36,2,common_gen:validation:263,0,45e84f1d4225c91bd4ba72f109bcd9324f1838e1b6ff97f865dac5bb84d8f7e2,9b0ad58eedcda537378317c64fb287aef334dc537d78efe449450c25abd01d6f,success,,256.0,256.0,256.0,False,,model_loaded,12.549900306010386,0.34608375100651756,0.39231996299349703,0.7384037140000146,0.7384037140000146,1294,5982,104432,163251826,248320,"{""allowed_count"": 248068, ""expected_count"": 248068, ""missing_expected"": [], ""ok"": true, ""stop_token_ids"": [248046], ""unexpected_allowed"": []}",2.708908066008007,xgrammar,0.6297580809914507,2.223637528004474,12,64,"[2064, 4816, 678, 1876, 369, 31084, 0, 16018, 488, 4338, 35932, 1092, 488, 4035, 1040, 310, 4123, 466, 4434, 30, 1690, 3010, 25, 2228, 12, 3054, 488, 599, 264, 3296, 883, 264, 3050, 8282, 318, 68, 1257, 2487, 7785, 11, 5269, 11, 7431, 11504, 2228, 12, 8448, 488, 3133, 383, 264, 2313, 466, 1144, 1438, 2716, 5830, 14, 4126, 11853, 1414, 30, 2716, 248046]","It seems your message is incomplete! Could you please clarify what you'd like to discuss or complete? For example:  
- Do you have a question about a specific topic (e.g., science, technology, culture)?  
- Are you working on a project or need help shortening/rewriting text? short<|im_end|>",True,3795953152,7.0890117840026505
037_common_gen_repeat_after_k_k8_t3_rep2,337,7,repeat_after_k,8,3,2,64,27,1538,1974812883,common_gen,37,2,common_gen:validation:487,0,e6f5a876dcd38a5d46c2456b737f0a2f125ad9d46f6c590321c416ae12247e5e,38b677f7b890f8528a6a29c88d7ca20feae0481d9c1c51f27bc779a26b774401,success,,256.0,256.0,256.0,False,,model_loaded,12.764936558989575,0.36315447599918116,0.44716339799924754,0.8103178739984287,0.8103178739984287,1436,6700,117377,201409066,248320,"{""allowed_count"": 248068, ""expected_count"": 248068, ""missing_expected"": [], ""ok"": true, ""stop_token_ids"": [248046], ""unexpected_allowed"": []}",2.6522237669996684,xgrammar,0.6451971080095973,2.3634279959951527,12,64,"[2064, 4816, 1040, 678, 1876, 2493, 381, 31084, 0, 16018, 488, 35932, 1092, 488, 4035, 1040, 310, 4123, 466, 944, 383, 30, 1690, 3010, 25, 2228, 12, 357, 3050, 8282, 318, 68, 1257, 2487, 7785, 11, 3712, 11, 12641, 11, 11190, 4237, 11504, 2228, 12, 357, 3274, 318, 68, 1257, 2487, 21156, 264, 3377, 5484, 6618, 11, 39664, 795, 11, 55956, 449, 5484, 248046]","It seems like your message might be incomplete! Could you clarify what you'd like to discuss or work on? For example:  
- A specific topic (e.g., science, history, tech, creative writing)?  
- A task (e.g., solving a problem machine learning, analyzing data, drafting an machine<|im_end|>",True,3795953152,7.241913571007899
038_common_gen_repeat_after_k_k9_t3_rep2,338,8,repeat_after_k,9,3,2,64,30,1672,1055991902,common_gen,38,2,common_gen:validation:156,0,93ca4dced3714c1affb37ada9c101fd0ab6a36ae218917266304056285134d0b,2508279d853de73f5cfbedcf7c48ae08191e3d1fa3798adc5ccaef8aef8a338f,success,,256.0,256.0,256.0,False,,model_loaded,12.839674103001016,0.36595020499953534,0.5004507139965426,0.866400918996078,0.866400918996078,1572,7388,129795,241708912,248320,"{""allowed_count"": 248068, ""expected_count"": 248068, ""missing_expected"": [], ""ok"": true, ""stop_token_ids"": [248046], ""unexpected_allowed"": []}",2.63271970700589,xgrammar,0.6429748539958382,2.432944333006162,12,64,"[2064, 4816, 678, 1876, 2493, 381, 31084, 0, 16018, 488, 35932, 1092, 488, 4035, 1040, 310, 4123, 466, 11290, 30, 1690, 3010, 25, 2228, 12, 3054, 488, 1144, 1438, 440, 264, 3050, 8282, 318, 68, 1257, 2487, 6673, 11, 7785, 11, 10505, 11504, 2228, 12, 8448, 488, 3221, 364, 264, 6093, 310, 264, 2956, 17513, 6331, 30, 2228, 12, 2441, 8106, 488, 2956, 248046]","It seems your message might be incomplete! Could you clarify what you'd like to discuss or solve? For example:  
- Do you need help with a specific topic (e.g., math, science, coding)?  
- Are you looking for a solution to a roommate situation?  
- Or perhaps you room<|im_end|>",True,3795953152,7.331896396994125
039_common_gen_repeat_after_k_k10_t3_rep2,339,9,repeat_after_k,10,3,2,64,33,1800,1167190548,common_gen,39,2,common_gen:validation:514,0,9453e84066f473bc552d4f7ad739754ff5eae0d712489e3ae3eb591194cf50f5,6cc9e2d015b177b058eca018835c543cc5ffd888867943a8258f845069a8e9fb,success,,256.0,256.0,256.0,False,,model_loaded,12.735198219001177,0.3491730639943853,0.5522665110038361,0.9014395749982214,0.9014395749982214,1702,8046,141687,283666003,248320,"{""allowed_count"": 248068, ""expected_count"": 248068, ""missing_expected"": [], ""ok"": true, ""stop_token_ids"": [248046], ""unexpected_allowed"": []}",2.6471870240056887,xgrammar,0.644213737003156,2.2370632819947787,12,64,"[2064, 4816, 1040, 678, 1876, 2493, 381, 31084, 0, 16018, 488, 35932, 1092, 488, 4035, 1040, 1438, 440, 30, 1690, 3010, 25, 2228, 12, 357, 3050, 8282, 318, 68, 1257, 2487, 7785, 11, 3712, 11, 12641, 11504, 2228, 12, 357, 3296, 466, 3377, 310, 11290, 30, 2228, 12, 44241, 440, 4237, 11, 2002, 286, 11, 466, 3977, 745, 30, 18050, 9658, 1042, 2002, 248046]","It seems like your message might be incomplete! Could you clarify what you'd like help with? For example:  
- A specific topic (e.g., science, history, tech)?  
- A question or problem to solve?  
- Assistance with writing, fielding, or anything else?  

Just let field<|im_end|>",True,3795953152,7.193433764012298
040_common_gen_repeat_after_k_k11_t3_rep2,340,10,repeat_after_k,11,3,2,64,36,1922,52861089,common_gen,40,2,common_gen:validation:534,0,ce4a1dfb247d020755d3f856a11a30d183d7dff756b4d59a1af8c123174fc03f,f04908ae181cc0cbd863cdd5e2970c0b1dbf13a8f08b3dd3a8489cc45fb66bd2,success,,256.0,256.0,256.0,False,,model_loaded,15.420782091998262,0.39102231699507684,0.6190460950019769,1.0100684119970538,1.0100684119970538,1826,8674,153039,326816362,248320,"{""allowed_count"": 248068, ""expected_count"": 248068, ""missing_expected"": [], ""ok"": true, ""stop_token_ids"": [248046], ""unexpected_allowed"": []}",3.0405737169930944,xgrammar,0.6496337669959757,2.195270310010528,12,64,"[2064, 4816, 1040, 678, 1876, 2597, 3799, 974, 0, 16018, 488, 4338, 35932, 1092, 488, 4035, 1040, 310, 4123, 466, 4434, 30, 1690, 3010, 25, 2228, 12, 357, 3296, 30, 2228, 12, 1473, 4374, 466, 11190, 2313, 30, 2228, 12, 7831, 488, 1144, 1438, 440, 30, 2228, 12, 23879, 745, 30, 9558, 678, 4593, 321, 2895, 383, 11, 364, 279, 1786, 2961, 9558, 248046]","It seems like your message got cut off! Could you please clarify what you'd like to discuss or complete? For example:  
- A question?  
- An idea or creative project?  
- Information you need help with?  
- Something else? wear your heart and lead on, for the best results wear<|im_end|>",True,3795953152,7.7953904530004365
041_common_gen_repeat_after_k_k12_t3_rep2,341,11,repeat_after_k,12,3,2,64,39,2038,1933704178,common_gen,41,2,common_gen:validation:168,0,e330f48b1f362c84bfbec8995415d95fc675de698505aaab48599f50be058154,4d2808a83ef5828177147d463d50c65594b168c681c82e86c28d81f8c3704266,success,,256.0,256.0,256.0,False,,model_loaded,14.817139398001018,0.39802747999783605,0.6588006670062896,1.0568281470041256,1.0568281470041256,1944,9272,163851,370717396,248320,"{""allowed_count"": 248068, ""expected_count"": 248068, ""missing_expected"": [], ""ok"": true, ""stop_token_ids"": [248046], ""unexpected_allowed"": []}",2.9569056819891557,xgrammar,0.6464622920029797,2.1802318330010166,12,64,"[2064, 4816, 1040, 678, 1876, 2493, 381, 31084, 0, 16018, 488, 4338, 35932, 1092, 488, 4035, 1040, 310, 4123, 466, 2466, 883, 30, 1690, 3010, 25, 2228, 12, 357, 3296, 466, 3377, 310, 11290, 30, 2228, 12, 22185, 364, 6859, 11, 7112, 11, 466, 2144, 30, 2228, 12, 7831, 883, 1898, 11516, 11, 795, 39692, 11, 466, 975, 12960, 30, 2228, 12, 1898, 248046]","It seems like your message might be incomplete! Could you please clarify what you'd like to discuss or ask about? For example:  
- A question or problem to solve?  
- Ideas for projects, stories, or content?  
- Information about tableaus, data visualization, or other topics?  
- table<|im_end|>",True,3795953152,7.750851256001624
042_common_gen_repeat_after_k_k13_t3_rep2,342,12,repeat_after_k,13,3,2,64,42,2148,1540994113,common_gen,42,2,common_gen:validation:184,0,9200e7e06797331d23222d22fe02867d91065d6e8713d4ae9d7267c3036a4a4e,6802ce3f78da99e53fedc97dd8f3ea897a644d872ed4ca4414a4be0d2e85700d,success,,256.0,256.0,256.0,False,,model_loaded,14.736873678004486,0.3989720809913706,0.706561740997131,1.1055338219885016,1.1055338219885016,2056,9840,174123,414947896,248320,"{""allowed_count"": 248068, ""expected_count"": 248068, ""missing_expected"": [], ""ok"": true, ""stop_token_ids"": [248046], ""unexpected_allowed"": []}",3.0099573680054164,xgrammar,0.6539669159974437,2.2267918870056747,12,64,"[2064, 4816, 1040, 678, 1876, 2493, 381, 31084, 0, 16018, 488, 4338, 35932, 1092, 488, 4035, 1040, 310, 4123, 466, 1144, 1438, 440, 30, 1690, 3010, 25, 2228, 12, 357, 3296, 883, 264, 8282, 318, 68, 1257, 2487, 7785, 11, 5269, 11, 3712, 11504, 2228, 12, 44241, 440, 264, 1500, 314, 1970, 11, 6673, 3377, 11, 466, 11190, 4374, 30, 2228, 12, 1500, 248046]","It seems like your message might be incomplete! Could you please clarify what you'd like to discuss or need help with? For example:  
- A question about a topic (e.g., science, technology, history)?  
- Assistance with a line of code, math problem, or creative idea?  
- line<|im_end|>",True,3795953152,7.906482460995903
043_common_gen_repeat_after_k_k14_t3_rep2,343,13,repeat_after_k,14,3,2,64,45,2252,1533466906,common_gen,43,2,common_gen:validation:363,0,29461fbc7fa35a56bf1410d0bae37690df26618db8d9c459d476cd7931c7a997,775df905752e9821ec8e6ad883a37ceaedb31bb4aefdcae2ce969e63aae11996,success,,256.0,256.0,256.0,False,,model_loaded,14.478606110991677,0.43428046799090225,0.7513921729987487,1.185672640989651,1.185672640989651,2162,10378,183855,459108037,248320,"{""allowed_count"": 248068, ""expected_count"": 248068, ""missing_expected"": [], ""ok"": true, ""stop_token_ids"": [248046], ""unexpected_allowed"": []}",2.863544128005742,xgrammar,0.6503295269940281,2.18560216401238,12,64,"[2064, 4816, 678, 1876, 2493, 381, 31084, 0, 16018, 488, 35932, 1092, 488, 4035, 1040, 1438, 440, 30, 1690, 3010, 25, 2228, 12, 357, 3296, 466, 3377, 310, 11290, 30, 2228, 12, 7831, 883, 264, 8282, 318, 68, 1257, 2487, 7785, 11, 3712, 11, 5269, 11504, 2228, 12, 13618, 8806, 318, 68, 1257, 2487, 4237, 11, 8842, 11, 6157, 11504, 2228, 12, 13618, 248046]","It seems your message might be incomplete! Could you clarify what you'd like help with? For example:  
- A question or problem to solve?  
- Information about a topic (e.g., science, history, technology)?  
- routine tasks (e.g., writing, planning, analysis)?  
- routine<|im_end|>",True,3795953152,7.831242688000202
044_common_gen_repeat_after_k_k15_t3_rep2,344,14,repeat_after_k,15,3,2,64,48,2350,1561444631,common_gen,44,2,common_gen:validation:383,0,b470447c9b6ac6dd56d242acccfa4848b9e5c620d724b85b2a8054e86c59c5e5,3541ca67334258e6d5307d0aec304913cd8e4a33d02d1d0f1a574e357690cec1,success,,256.0,256.0,256.0,False,,model_loaded,13.059965057997033,0.3781923749920679,0.7913987150095636,1.1695910900016315,1.1695910900016315,2262,10886,193047,502819378,248320,"{""allowed_count"": 248068, ""expected_count"": 248068, ""missing_expected"": [], ""ok"": true, ""stop_token_ids"": [248046], ""unexpected_allowed"": []}",2.7999270870059263,xgrammar,0.635571766004432,2.229926358006196,12,64,"[2064, 5686, 1040, 678, 1876, 2493, 381, 31084, 0, 16018, 488, 35932, 1092, 488, 4035, 1040, 310, 1366, 466, 4123, 30, 1690, 3010, 25, 2228, 12, 357, 3050, 8282, 318, 68, 1257, 2487, 7785, 11, 3712, 11, 12641, 11504, 2228, 12, 357, 3296, 466, 3377, 488, 2224, 6365, 286, 3658, 30, 2228, 12, 23879, 11190, 318, 68, 1257, 2487, 264, 3255, 11, 6365, 248046]","It looks like your message might be incomplete! Could you clarify what you'd like to know or discuss? For example:  
- A specific topic (e.g., science, history, tech)?  
- A question or problem you're pieceing together?  
- Something creative (e.g., a story, piece<|im_end|>",True,3795953152,7.627514444990084
045_common_gen_any_token_at_least_k_k3_t1_rep2,345,0,any_token_at_least_k,3,1,2,64,5,364,1795768787,common_gen,45,2,common_gen:validation:576,0,bbf2d747c2d8eac1570be9bf2e87647bcb207ce4c0e4282c5046e2681ab1f3dc,3bd0b0ad7083c61852c0c0e8e5e36ac3d9d98dadf6fab1e66b75e7f0a3ba38c4,success,,256.0,256.0,256.0,False,,model_loaded,12.527242202006164,0.3390689909865614,0.07416800899954978,0.4132369999861112,0.4132369999861112,248,784,13306,5748659,248320,"{""allowed_count"": 248068, ""expected_count"": 248068, ""missing_expected"": [], ""ok"": true, ""stop_token_ids"": [248046], ""unexpected_allowed"": []}",2.948107340998831,xgrammar,0.638626492000185,2.2057977669901447,12,64,"[2064, 4816, 678, 1876, 2597, 3799, 974, 0, 16018, 488, 4338, 35932, 1092, 488, 4035, 1040, 310, 4123, 466, 2466, 883, 30, 12757, 424, 579, 5265, 310, 944, 11, 6618, 11, 4204, 4602, 11, 466, 2414, 745, 11, 353, 2688, 1532, 310, 1438, 13, 25677, 232, 271, 2381, 3010, 25, 198, 12, 2972, 22916, 1438, 440, 264, 3274, 170286, 318, 3222, 3222, 3222, 248046]","It seems your message got cut off! Could you please clarify what you'd like to discuss or ask about? Whether it's related to work, learning, personal questions, or something else, I'm here to help. 😊

For example:
- **Need help with a task?** ( hold hold hold<|im_end|>",True,3795953152,6.98954397100897
046_common_gen_any_token_at_least_k_k3_t2_rep2,346,1,any_token_at_least_k,3,2,2,64,9,546,949640223,common_gen,46,2,common_gen:validation:979,0,963b767f569fbd5bc695b45fb73c184a9aa5346fa84f6f644260589279be9434,1fe888b46c927f293ec9df10232345e869fd57a3c4bc4c44ed2279c58f308f66,success,,256.0,256.0,256.0,False,,model_loaded,12.414510003000032,0.33705626300070435,0.13122366099560168,0.468279923996306,0.468279923996306,431,1747,29260,18884911,248320,"{""allowed_count"": 248068, ""expected_count"": 248068, ""missing_expected"": [], ""ok"": true, ""stop_token_ids"": [248046], ""unexpected_allowed"": []}",3.0154634050122695,xgrammar,0.6342621689982479,2.2133913389989175,12,64,"[2064, 4816, 1040, 678, 1876, 2493, 381, 31084, 0, 16018, 488, 35932, 1092, 488, 4035, 1040, 310, 1366, 466, 4123, 30, 1690, 3010, 25, 2228, 12, 357, 3296, 883, 5269, 11, 7785, 11, 466, 7431, 30, 2228, 12, 11150, 440, 4237, 11, 10505, 11, 466, 3377, 94762, 30, 2228, 12, 23879, 745, 11040, 30, 18050, 9764, 728, 1366, 11, 321, 2790, 2790, 2790, 248046]","It seems like your message might be incomplete! Could you clarify what you'd like to know or discuss? For example:  
- A question about technology, science, or culture?  
- Help with writing, coding, or problem-solving?  
- Something else entirely?  

Let me know, and design design design<|im_end|>",True,3795953152,7.073875881003914
047_common_gen_any_token_at_least_k_k3_t3_rep2,347,2,any_token_at_least_k,3,3,2,64,12,728,2001366225,common_gen,47,2,common_gen:validation:208,0,063c140160589d5843f4795a20b8681af91d7800127409664f347bfbd6e0b264,20cb3f133c3893854bd3348532c0e7fac6d4a3e24e7a3aec64dd49d68b4ec354,success,,256.0,256.0,256.0,False,,model_loaded,12.372384567992412,0.36227053799666464,0.1954076889960561,0.5576782269927207,0.5576782269927207,614,3070,51290,41332133,248320,"{""allowed_count"": 248068, ""expected_count"": 248068, ""missing_expected"": [], ""ok"": true, ""stop_token_ids"": [248046], ""unexpected_allowed"": []}",2.7505126759933773,xgrammar,0.6483894979901379,2.1865763240057277,12,64,"[2064, 4816, 1040, 678, 1876, 2597, 3799, 974, 0, 16018, 488, 4338, 35932, 1092, 488, 4035, 1040, 310, 4123, 466, 4191, 30, 1690, 3010, 25, 2228, 12, 357, 3296, 466, 3377, 488, 2224, 3133, 383, 30, 2228, 12, 357, 11190, 4374, 466, 3255, 4374, 30, 2228, 12, 23879, 310, 3827, 883, 30, 2228, 12, 2441, 1066, 264, 3272, 488, 4035, 2418, 2418, 2418, 248046]","It seems like your message got cut off! Could you please clarify what you'd like to discuss or share? For example:  
- A question or problem you're working on?  
- A creative idea or story idea?  
- Something to learn about?  
- Or just a thought you'd stand stand stand<|im_end|>",True,3795953152,6.908769757006667
048_common_gen_any_token_at_least_k_k3_t4_rep2,348,3,any_token_at_least_k,3,4,2,64,15,910,615849880,common_gen,48,2,common_gen:validation:575,0,cee876b8cd445e9b1a210e5ee0c6bb728bddbfe0dd46f07cd933cb1698c5345f,f0afe19771a72ac253c569d7041f9de41e2ea6fefc76d8448d92349b65e6bcc2,success,,256.0,256.0,256.0,False,,model_loaded,12.22197376000986,0.336585886994726,0.2646375269978307,0.6012234139925567,0.6012234139925567,797,4753,79272,74662805,248320,"{""allowed_count"": 248068, ""expected_count"": 248068, ""missing_expected"": [], ""ok"": true, ""stop_token_ids"": [248046], ""unexpected_allowed"": []}",2.686741166995489,xgrammar,0.6264345350064104,2.244018905010307,12,64,"[2064, 5686, 1040, 678, 1876, 2493, 381, 31084, 0, 16018, 488, 35932, 1092, 488, 4035, 1040, 310, 1366, 466, 4123, 30, 1690, 3010, 25, 2228, 12, 8448, 488, 9859, 883, 264, 3050, 8282, 318, 68, 1257, 2487, 7785, 11, 5269, 11, 7431, 11504, 2228, 12, 14235, 1438, 440, 264, 3377, 466, 4374, 30, 2228, 12, 22528, 310, 6380, 264, 3992, 11538, 11538, 11538, 248046]","It looks like your message might be incomplete! Could you clarify what you'd like to know or discuss? For example:  
- Are you asking about a specific topic (e.g., science, technology, culture)?  
- Need help with a problem or idea?  
- Want to practice a language ride ride ride<|im_end|>",True,3795953152,6.907825526999659
049_common_gen_any_token_at_least_k_k3_t5_rep2,349,4,any_token_at_least_k,3,5,2,64,18,1092,2058249495,common_gen,49,2,common_gen:validation:508,0,5f3589f00d4b1af37cff0496a38a3a45b2c70fdd0fba3f8ed52158106c94951c,438fd8797755a902a8910ff4e76d6b2a685ba9e9e00c70cf528a3d6d3a75645f,success,,256.0,256.0,256.0,False,,model_loaded,12.307485739002004,0.3567315910040634,0.3435085349919973,0.7002401259960607,0.7002401259960607,980,6796,112966,120449407,248320,"{""allowed_count"": 248068, ""expected_count"": 248068, ""missing_expected"": [], ""ok"": true, ""stop_token_ids"": [248046], ""unexpected_allowed"": []}",2.6034816930041416,xgrammar,0.6391350420017261,2.203359391001868,12,64,"[2064, 4816, 1040, 678, 1876, 2597, 3799, 974, 0, 16018, 488, 4338, 3300, 777, 3447, 466, 4434, 678, 3296, 30, 1690, 3010, 25, 2228, 12, 8448, 488, 3221, 364, 1438, 440, 264, 3050, 8282, 30, 2228, 12, 3054, 488, 1144, 61535, 383, 2414, 30, 2228, 12, 2091, 411, 264, 1622, 364, 1928, 11, 449, 4374, 11, 466, 12622, 440, 264, 11659, 11659, 11659, 248046]","It seems like your message got cut off! Could you please provide more details or complete your question? For example:  
- Are you looking for help with a specific topic?  
- Do you need clarification on something?  
- Is this a request for information, an idea, or assistance with a dish dish dish<|im_end|>",True,3795953152,6.9204835099953925
050_common_gen_any_token_at_least_k_k3_t6_rep2,350,5,any_token_at_least_k,3,6,2,64,21,1274,2086866059,common_gen,50,2,common_gen:validation:827,0,a2f317eecfb0b593086671d9870ed96c861ce260c08429d1bc7fdce9be553676,c0388a62472acacf203e66b37cabd1362da5be483c3262635569445c8154d2aa,success,,256.0,256.0,256.0,False,,model_loaded,12.564427945995703,0.36412070800724905,0.42459444000269286,0.7887151480099419,0.7887151480099419,1163,9199,152372,180264419,248320,"{""allowed_count"": 248068, ""expected_count"": 248068, ""missing_expected"": [], ""ok"": true, ""stop_token_ids"": [248046], ""unexpected_allowed"": []}",2.630660743001499,xgrammar,0.6423865060060052,2.3809120490041096,12,64,"[2064, 4816, 678, 1876, 2493, 381, 31084, 0, 16018, 488, 4338, 35932, 1092, 488, 4035, 1040, 310, 1366, 466, 4123, 30, 1690, 3010, 25, 2228, 12, 357, 3050, 8282, 318, 68, 1257, 2487, 7785, 11, 3712, 11, 5269, 11504, 2228, 12, 357, 3296, 488, 1144, 1438, 440, 30, 2228, 12, 23879, 745, 11040, 30, 18050, 9658, 1042, 728, 1366, 11, 3609, 3609, 3609, 248046]","It seems your message might be incomplete! Could you please clarify what you'd like to know or discuss? For example:  
- A specific topic (e.g., science, history, technology)?  
- A question you need help with?  
- Something else entirely?  

Just let me know, watch watch watch<|im_end|>",True,3795953152,7.247860039991792
051_common_gen_any_token_at_least_k_k3_t7_rep2,351,6,any_token_at_least_k,3,7,2,64,24,1456,176816165,common_gen,51,2,common_gen:validation:191,0,752d306ed25771e945c379ef64e0f104b3972ce2d778aae6b461d2a236dac557,ac76ca6c81a4496a28187a61ee2aec79e3b8db993a367769b215bce76b9dd0bd,success,,256.0,256.0,256.0,False,,model_loaded,12.886284929001704,0.3600839230057318,0.5202031310036546,0.8802870540093863,0.8802870540093863,1346,11962,197490,255680321,248320,"{""allowed_count"": 248068, ""expected_count"": 248068, ""missing_expected"": [], ""ok"": true, ""stop_token_ids"": [248046], ""unexpected_allowed"": []}",2.830188702995656,xgrammar,0.6479670940025244,2.2167669640039094,12,64,"[2064, 4816, 1040, 678, 1876, 2493, 381, 31084, 0, 16018, 488, 35932, 1092, 488, 4035, 1040, 1438, 440, 30, 1690, 3010, 25, 2228, 12, 357, 3296, 466, 3377, 310, 11290, 30, 2228, 12, 7831, 383, 264, 8282, 318, 68, 1257, 2487, 7785, 11, 3712, 11, 12641, 11504, 2228, 12, 23502, 6498, 318, 24501, 11, 6859, 11, 7112, 11504, 2228, 12, 2407, 2407, 2407, 248046]","It seems like your message might be incomplete! Could you clarify what you'd like help with? For example:  
- A question or problem to solve?  
- Information on a topic (e.g., science, history, tech)?  
- Creative ideas (writing, projects, stories)?  
- body body body<|im_end|>",True,3795953152,7.343335530007607
052_common_gen_any_token_at_least_k_k3_t8_rep2,352,7,any_token_at_least_k,3,8,2,64,27,1638,1906890849,common_gen,52,2,common_gen:validation:324,0,3c4ec88a6fb15264308d58344c433aef144523fc3dbae4f7b9144a45623035ab,6dbe15e0914fb37c12784265a9eae655b3a2a1a550498c2c9e5c5011cf245d6a,success,,256.0,256.0,256.0,False,,model_loaded,13.066977993003093,0.37790744499943685,0.613032162989839,0.9909396079892758,0.9909396079892758,1529,15085,248320,348269593,248320,"{""allowed_count"": 248068, ""expected_count"": 248068, ""missing_expected"": [], ""ok"": true, ""stop_token_ids"": [248046], ""unexpected_allowed"": []}",2.7575653529929696,xgrammar,0.6369041379948612,2.23552930499136,12,64,"[2064, 4816, 678, 1876, 2597, 3799, 974, 0, 16018, 488, 4338, 35932, 1092, 488, 4035, 1040, 310, 4123, 466, 4434, 30, 353, 2688, 1532, 310, 1438, 440, 4602, 11, 8806, 11, 11190, 6498, 11, 466, 3977, 745, 488, 1144, 0, 25677, 232, 169379, 271, 2381, 3010, 25, 2228, 12, 3054, 488, 1318, 310, 83783, 264, 2313, 4374, 30, 2228, 12, 9856, 9856, 9856, 248046]","It seems your message got cut off! Could you please clarify what you'd like to discuss or complete? I'm here to help with questions, tasks, creative ideas, or anything else you need! 😊✨

For example:  
- Do you want to brainstorm a project idea?  
- exercise exercise exercise<|im_end|>",True,3795953152,7.418088946011267
053_common_gen_any_token_at_least_k_k3_t9_rep2,353,8,any_token_at_least_k,3,9,2,64,30,1820,1555676554,common_gen,53,2,common_gen:validation:817,0,8768fb446f26477b02d6997bf4cb5aa67feca3f9d6c9389784eec3cbe20ea0d0,43134753fef1f0e801075d4752219f4b636ac9f3bf25a5474fed25f0d8c887cf,success,,256.0,256.0,256.0,False,,model_loaded,13.0555096869939,0.3886309759982396,0.7154160210047849,1.1040469970030244,1.1040469970030244,1712,18568,306543,459604715,248320,"{""allowed_count"": 248068, ""expected_count"": 248068, ""missing_expected"": [], ""ok"": true, ""stop_token_ids"": [248046], ""unexpected_allowed"": []}",2.7344820459984476,xgrammar,0.6406026519980514,2.222428958993987,12,64,"[2064, 4816, 1040, 678, 1876, 2493, 381, 31084, 0, 16018, 488, 4338, 35932, 1092, 488, 4035, 1040, 1438, 440, 30, 1690, 3010, 25, 2228, 12, 357, 3296, 883, 264, 3050, 8282, 318, 38248, 11, 12641, 11, 3712, 11, 4831, 5946, 30, 2228, 12, 44241, 440, 4237, 11, 10505, 11, 466, 6157, 30, 2228, 12, 23879, 745, 11040, 30, 18050, 9764, 4755, 4755, 4755, 248046]","It seems like your message might be incomplete! Could you please clarify what you'd like help with? For example:  
- A question about a specific topic (science, tech, history, etc.)?  
- Assistance with writing, coding, or analysis?  
- Something else entirely?  

Let pour pour pour<|im_end|>",True,3795953152,7.49209508599597
054_common_gen_any_token_at_least_k_k3_t10_rep2,354,9,any_token_at_least_k,3,10,2,64,33,2002,1781890543,common_gen,54,2,common_gen:validation:647,0,b03c8b51960a7ce2c1d357bc8382b86c4da64c929937d795f2c026e61d209a65,5d525685155c2cf8a815fc7c06ce962f11c7dd08f97ee8a4ae836be10cd217c6,success,,256.0,256.0,256.0,False,,model_loaded,13.067866719997255,0.38591817900305614,0.828850361998775,1.2147685410018312,1.2147685410018312,1895,22411,370838,591258167,248320,"{""allowed_count"": 248068, ""expected_count"": 248068, ""missing_expected"": [], ""ok"": true, ""stop_token_ids"": [248046], ""unexpected_allowed"": []}",2.7348504019901156,xgrammar,0.6351226659899112,2.1898478399962187,12,64,"[2064, 4816, 1040, 678, 1876, 2493, 381, 31084, 0, 16018, 488, 35932, 1092, 488, 4035, 1040, 1438, 440, 30, 1690, 3010, 25, 2228, 12, 3054, 488, 1144, 1928, 383, 264, 8282, 30, 2228, 12, 8448, 488, 3133, 383, 264, 3274, 466, 2313, 30, 2228, 12, 3054, 488, 599, 4602, 883, 2414, 3050, 318, 68, 1257, 2487, 5269, 11, 7785, 11, 6623, 6623, 6623, 248046]","It seems like your message might be incomplete! Could you clarify what you'd like help with? For example:  
- Do you need information on a topic?  
- Are you working on a task or project?  
- Do you have questions about something specific (e.g., technology, science, kids kids kids<|im_end|>",True,3795953152,7.531470567002543
055_common_gen_any_token_at_least_k_k3_t11_rep2,355,10,any_token_at_least_k,3,11,2,64,36,2184,463344614,common_gen,55,2,common_gen:validation:406,0,67d9d55a2d8e150ad71f0e67c74c15d5cc9e25dd88d7463ad97b8af881e906a0,034e1370e1542f1a535a20340313d22839f0de7f3fb6cca98d462b290efdda27,success,,256.0,256.0,256.0,False,,model_loaded,13.28321948600933,0.3964512480015401,0.9520328159997007,1.3484840640012408,1.3484840640012408,2078,26614,441208,744802429,248320,"{""allowed_count"": 248068, ""expected_count"": 248068, ""missing_expected"": [], ""ok"": true, ""stop_token_ids"": [248046], ""unexpected_allowed"": []}",2.76742959600233,xgrammar,0.6399999440036481,2.21211368200602,12,64,"[2064, 5686, 1040, 678, 1876, 2493, 381, 31084, 0, 16018, 488, 4338, 35932, 1092, 488, 4035, 1040, 1438, 440, 30, 1690, 3010, 25, 2228, 12, 357, 3296, 883, 264, 8282, 318, 68, 1257, 2487, 7785, 11, 3712, 11, 5269, 11504, 2228, 12, 44241, 440, 264, 3274, 318, 68, 1257, 2487, 4237, 11, 10505, 11, 6157, 11504, 2228, 12, 34339, 383, 30129, 30129, 30129, 248046]","It looks like your message might be incomplete! Could you please clarify what you'd like help with? For example:  
- A question about a topic (e.g., science, history, technology)?  
- Assistance with a task (e.g., writing, coding, analysis)?  
- Discussion on stairs stairs stairs<|im_end|>",True,3795953152,7.763287572000991
056_common_gen_any_token_at_least_k_k3_t12_rep2,356,11,any_token_at_least_k,3,12,2,64,39,2366,385744462,common_gen,56,2,common_gen:validation:984,0,7f12441d22e9309e688800ff19376a1a489b42fe1da70f45cfbf1618a59dbd13,1494fd0d3bdd42d6b6e2c706ab1446992bca0a0c92c325a5af000bf002aa96cc,success,,256.0,256.0,256.0,False,,model_loaded,13.493478634001804,0.40586653699574526,1.1109337100060657,1.516800247001811,1.516800247001811,2261,31177,517650,921809981,248320,"{""allowed_count"": 248068, ""expected_count"": 248068, ""missing_expected"": [], ""ok"": true, ""stop_token_ids"": [248046], ""unexpected_allowed"": []}",2.762085020993254,xgrammar,0.632183082998381,2.228978326995275,12,64,"[40, 2688, 5354, 310, 1438, 0, 3437, 1000, 488, 1040, 310, 1366, 466, 944, 383, 30, 25677, 232, 2228, 7, 2381, 3010, 25, 264, 3296, 11, 264, 3274, 11, 11190, 6498, 11, 466, 2414, 745, 9868, 2228, 9658, 1042, 728, 1366, 0, 10838, 248, 222, 271, 6391, 2592, 488, 10287, 310, 4191, 2414, 3050, 694, 279, 1414, 2597, 3799, 974, 11, 2579, 1366, 248046]","I'm ready to help! What would you like to know or work on? 😊  
(For example: a question, a task, creative ideas, or something else?)  
Just let me know! 🚀

*(If you intended to share something specific but the text got cut off, feel know<|im_end|>",True,3795953152,7.89154703701206
057_common_gen_any_token_at_least_k_k3_t13_rep2,357,12,any_token_at_least_k,3,13,2,64,42,2548,908054129,common_gen,57,2,common_gen:validation:192,0,30198a6029f919edd209532db42c2bd93e2afb730fc2c3df55143d22a8a9654a,50df434beaaa8a98d845311646ed9dff492ae5faae749038953ff8202792390e,success,,256.0,256.0,256.0,False,,model_loaded,13.579013869006303,0.41688046300259884,1.2249142689979635,1.6417947320005624,1.6417947320005624,2444,36100,600164,1123853303,248320,"{""allowed_count"": 248068, ""expected_count"": 248068, ""missing_expected"": [], ""ok"": true, ""stop_token_ids"": [248046], ""unexpected_allowed"": []}",2.691596376011148,xgrammar,0.6332746599946404,2.269465985998977,12,64,"[2064, 4816, 1040, 678, 1876, 2493, 381, 31084, 0, 16018, 488, 35932, 1092, 488, 4035, 1040, 1438, 440, 30, 1690, 3010, 25, 2228, 12, 3054, 488, 599, 264, 3296, 466, 1144, 12622, 440, 264, 3274, 30, 2228, 12, 8448, 488, 3221, 364, 1928, 383, 264, 3050, 8282, 318, 68, 1257, 2487, 7785, 11, 3712, 11, 12641, 11504, 2228, 12, 3054, 1608, 1608, 1608, 248046]","It seems like your message might be incomplete! Could you clarify what you'd like help with? For example:  
- Do you have a question or need assistance with a task?  
- Are you looking for information on a specific topic (e.g., science, history, tech)?  
- Do using using using<|im_end|>",True,3795953152,7.973629708008957
058_common_gen_any_token_at_least_k_k3_t14_rep2,358,13,any_token_at_least_k,3,14,2,64,45,2730,176478806,common_gen,58,2,common_gen:validation:886,0,3e4722c83737e7901ae5233eec4ba740823d85cdd082d277e362f3f7161e3a11,eebb7baba0dd72748002d39469e9f8583037b82fca4d6d1656a7496c32a9d1b6,success,,256.0,256.0,256.0,False,,model_loaded,14.135490647007828,0.4279685039946344,1.3783951889927266,1.806363692987361,1.806363692987361,2627,41383,688750,1352504875,248320,"{""allowed_count"": 248068, ""expected_count"": 248068, ""missing_expected"": [], ""ok"": true, ""stop_token_ids"": [248046], ""unexpected_allowed"": []}",2.921377988997847,xgrammar,0.6462361799931386,2.2780468280107016,12,64,"[2064, 4816, 1040, 678, 1876, 2597, 3799, 974, 0, 16018, 488, 4338, 35932, 1092, 488, 4035, 1040, 310, 4123, 466, 2466, 883, 30, 1690, 3010, 25, 2228, 12, 357, 3050, 8282, 318, 68, 1257, 2487, 7785, 11, 3712, 11, 5269, 8, 2228, 12, 357, 3296, 488, 1144, 1438, 440, 2228, 12, 357, 11190, 4374, 466, 2313, 4374, 2228, 12, 2441, 1724, 1724, 1724, 248046]","It seems like your message got cut off! Could you please clarify what you'd like to discuss or ask about? For example:  
- A specific topic (e.g., science, history, technology)  
- A question you need help with  
- A creative idea or project idea  
- Or open open open<|im_end|>",True,3795953152,8.406077270992682
059_common_gen_any_token_at_least_k_k3_t15_rep2,359,14,any_token_at_least_k,3,15,2,64,48,2912,1242587590,common_gen,59,2,common_gen:validation:404,0,6b09cb5b33c47e90dfca3dfcd5b9c0012ba800a21c113af2addd3265fc6df8bf,36aa7e1a802aa6815a21872c98062376873e42f9cf2a6d22d8a7a3bfe921b579,success,,256.0,256.0,256.0,False,,model_loaded,13.894127644001856,0.44309119100216776,1.5348769609990995,1.9779681520012673,1.9779681520012673,2810,47026,783408,1609337177,248320,"{""allowed_count"": 248068, ""expected_count"": 248068, ""missing_expected"": [], ""ok"": true, ""stop_token_ids"": [248046], ""unexpected_allowed"": []}",2.7531320020061685,xgrammar,0.624596861001919,2.2047874990093987,12,64,"[2064, 4816, 1040, 678, 1876, 2597, 3799, 974, 0, 16018, 488, 4338, 35932, 1092, 488, 4035, 1040, 310, 2466, 466, 4123, 30, 353, 2688, 1532, 310, 1438, 440, 4602, 11, 39492, 11, 5154, 11, 466, 1066, 264, 11321, 6040, 0, 25677, 232, 3437, 579, 383, 678, 3838, 30, 10838, 234, 253, 169379, 271, 2381, 3010, 25, 198, 12, 14235, 1438, 8318, 8318, 8318, 248046]","It seems like your message got cut off! Could you please clarify what you'd like to ask or discuss? I'm here to help with questions, explanations, problems, or just a friendly chat! 😊 What's on your mind? 🌟✨

For example:
- Need help waiting waiting waiting<|im_end|>",True,3795953152,8.303682447003666
060_common_gen_exactly_once_kna_t1_rep2,360,0,exactly_once,,1,2,64,3,250,282243418,common_gen,60,2,common_gen:validation:811,0,daafd9da027c8df409d62b3d2895babb2e648dc60c339801ef98607c20779c80,607c6b1bb37ac16b86b2f80417fac87057ec4dcab1b4ffed4c990626682250c5,success,,256.0,256.0,256.0,False,,model_loaded,14.471262114995625,0.34599222999531776,0.03906979999737814,0.3850620299926959,0.3850620299926959,130,374,6136,1484574,248320,"{""allowed_count"": 248068, ""expected_count"": 248068, ""missing_expected"": [], ""ok"": true, ""stop_token_ids"": [248046], ""unexpected_allowed"": []}",3.101029894009116,xgrammar,0.6360499790025642,2.167754080001032,12,64,"[2064, 4816, 678, 1876, 2597, 3799, 974, 0, 16018, 488, 35932, 1092, 488, 4035, 1040, 310, 1366, 466, 4123, 30, 1690, 3010, 25, 2228, 12, 8448, 488, 9859, 883, 264, 8282, 11, 3296, 11, 466, 3377, 30, 2228, 12, 3054, 488, 1144, 1438, 440, 2414, 3050, 318, 68, 1257, 2487, 4237, 11, 6673, 11, 1970, 11, 11870, 11504, 2228, 12, 2441, 369, 78701, 248046]","It seems your message got cut off! Could you clarify what you'd like to know or discuss? For example:  
- Are you asking about a topic, question, or problem?  
- Do you need help with something specific (e.g., writing, math, code, logic)?  
- Or is racket<|im_end|>",True,3795953152,7.155553507996956
061_common_gen_exactly_once_kna_t2_rep2,361,1,exactly_once,,2,2,64,6,375,656331716,common_gen,61,2,common_gen:validation:956,0,e241f711e8d862be9bf28f6003058be8926ca3ec118d453a4a6926a93662d0f0,6e27bbd299ef8b809148e74352116f5a296c31937bab0a3d0dc48efdd56c2ac6,success,,256.0,256.0,256.0,False,,model_loaded,14.35794932799763,0.3576823249895824,0.0784874730015872,0.4361697979911696,0.4361697979911696,256,996,15889,6131565,248320,"{""allowed_count"": 248068, ""expected_count"": 248068, ""missing_expected"": [], ""ok"": true, ""stop_token_ids"": [248046], ""unexpected_allowed"": []}",3.0808819020021474,xgrammar,0.6430023970024195,2.2012157080025645,12,64,"[2064, 4816, 1040, 678, 1876, 2597, 3799, 974, 0, 16018, 488, 4338, 35932, 1092, 488, 4035, 1040, 310, 4123, 466, 2466, 883, 30, 12757, 424, 579, 883, 7785, 11, 5269, 11, 7431, 11, 466, 3977, 745, 11, 353, 2688, 1532, 310, 1438, 0, 25677, 232, 169379, 271, 2381, 3010, 25, 198, 12, 3054, 488, 1144, 12688, 466, 39492, 383, 264, 8282, 30, 7397, 248046]","It seems like your message got cut off! Could you please clarify what you'd like to discuss or ask about? Whether it's about science, technology, culture, or anything else, I'm here to help! 😊✨

For example:
- Do you need facts or explanations on a topic? fish<|im_end|>",True,3795953152,7.2517015890043695
062_common_gen_exactly_once_kna_t3_rep2,362,2,exactly_once,,3,2,64,8,500,722300856,common_gen,62,2,common_gen:validation:307,0,deb8f3bd1464371f242f7e6c6584c3b0845d15a2ec5fe9289cc04219f3074f6d,48e650a3a7ad41519a3d1ff387f44e0219c96a6eb634fe75843dd2a1814256d1,success,,256.0,256.0,256.0,False,,model_loaded,13.525912792989402,0.3710178789915517,0.1184681989980163,0.489486077989568,0.489486077989568,382,1866,29328,14686175,248320,"{""allowed_count"": 248068, ""expected_count"": 248068, ""missing_expected"": [], ""ok"": true, ""stop_token_ids"": [248046], ""unexpected_allowed"": []}",3.0236836390104145,xgrammar,0.6455714240000816,2.281753782997839,12,64,"[2064, 4816, 1040, 678, 1876, 2493, 381, 31084, 0, 16018, 488, 35932, 1092, 488, 4035, 1040, 310, 1366, 466, 4123, 30, 1690, 3010, 25, 2228, 12, 357, 3050, 8282, 318, 68, 1257, 2487, 7785, 11, 3712, 11, 5269, 11504, 2228, 12, 357, 3296, 883, 2414, 488, 2224, 21520, 883, 30, 2228, 12, 11150, 440, 264, 3274, 318, 68, 1257, 2487, 4237, 11, 7560, 248046]","It seems like your message might be incomplete! Could you clarify what you'd like to know or discuss? For example:  
- A specific topic (e.g., science, history, technology)?  
- A question about something you're curious about?  
- Help with a task (e.g., writing, fetch<|im_end|>",True,3795953152,7.358638382007484
063_common_gen_exactly_once_kna_t4_rep2,363,3,exactly_once,,4,2,64,10,625,181118886,common_gen,63,2,common_gen:validation:32,0,8c870127f322ca997315cf9fab5f0dda741f99b6e092171be13ae4443a6ef889,db0e6903813d64efec20df07fcd9a0349411cdfe9f1911be9b186a06f8a24dd9,success,,256.0,256.0,256.0,False,,model_loaded,12.723963256998104,0.3637414069962688,0.16419474899885245,0.5279361559951212,0.5279361559951212,508,2984,46453,27892404,248320,"{""allowed_count"": 248068, ""expected_count"": 248068, ""missing_expected"": [], ""ok"": true, ""stop_token_ids"": [248046], ""unexpected_allowed"": []}",3.062037889001658,xgrammar,0.6393696289887885,2.2122666469949763,12,64,"[2064, 4816, 678, 1876, 2597, 3799, 974, 0, 16018, 488, 4338, 3300, 279, 4434, 3296, 11, 8282, 11, 466, 2193, 488, 4035, 1040, 728, 310, 1438, 440, 30, 1690, 3010, 25, 2228, 12, 357, 6673, 3377, 30, 2228, 12, 357, 7785, 3296, 30, 2228, 12, 46472, 11870, 30, 2228, 12, 23502, 4237, 466, 6157, 30, 2228, 12, 23879, 745, 30, 18050, 9658, 2418, 248046]","It seems your message got cut off! Could you please provide the complete question, topic, or context you'd like me to help with? For example:  
- A math problem?  
- A science question?  
- Coding logic?  
- Creative writing or analysis?  
- Something else?  

Just stand<|im_end|>",True,3795953152,7.304733525001211
064_common_gen_exactly_once_kna_t5_rep2,364,4,exactly_once,,5,2,64,12,750,365506664,common_gen,64,2,common_gen:validation:602,0,fb7a9aa504fa35cb9d98ce0b09eaca2741d07d5f4121b5d0d6238426f1dd82f7,5146186f8536658524df8da6a3745c66c7388cdabe4d6bfd162f6e21afbcafef,success,,256.0,256.0,256.0,False,,model_loaded,12.209972992000985,0.3523510810045991,0.21243640400643926,0.5647874850110384,0.5647874850110384,634,4350,68196,46494252,248320,"{""allowed_count"": 248068, ""expected_count"": 248068, ""missing_expected"": [], ""ok"": true, ""stop_token_ids"": [248046], ""unexpected_allowed"": []}",2.692430905997753,xgrammar,0.7429774560005171,2.2324997969990363,12,64,"[2064, 4816, 678, 1876, 2493, 381, 31084, 0, 16018, 488, 35932, 1092, 488, 4035, 1040, 310, 4123, 466, 4434, 30, 1690, 3010, 25, 2228, 12, 357, 3050, 3296, 466, 8282, 30, 2228, 12, 357, 3274, 488, 1144, 1438, 440, 318, 68, 1257, 2487, 4237, 11, 6673, 11, 10505, 11504, 2228, 12, 23879, 745, 11040, 30, 18050, 9764, 728, 1366, 11, 321, 353, 3627, 248046]","It seems your message might be incomplete! Could you clarify what you'd like to discuss or complete? For example:  
- A specific question or topic?  
- A task you need help with (e.g., writing, math, coding)?  
- Something else entirely?  

Let me know, and I track<|im_end|>",True,3795953152,6.997462354003801
065_common_gen_exactly_once_kna_t6_rep2,365,5,exactly_once,,6,2,64,14,875,611466864,common_gen,65,2,common_gen:validation:99,0,c9558983c7376bbef9b7f8d43f4bd7260847b21f5040ff81fb6a39168e245187,a488925937830b32d256beef2703f379e1740d64334936cf1e8003ee9e3f06ea,success,,256.0,256.0,256.0,False,,model_loaded,12.557242616996518,0.35702222200052347,0.2643204479973065,0.6213426699978299,0.6213426699978299,760,5964,93873,71235719,248320,"{""allowed_count"": 248068, ""expected_count"": 248068, ""missing_expected"": [], ""ok"": true, ""stop_token_ids"": [248046], ""unexpected_allowed"": []}",2.8217655540065607,xgrammar,0.6468789729988202,2.1776525220047915,12,64,"[2064, 4816, 1040, 678, 1876, 2493, 381, 31084, 0, 16018, 488, 4338, 35932, 1092, 488, 4035, 1040, 310, 1366, 466, 4123, 30, 1690, 3010, 25, 2228, 12, 8448, 488, 9859, 883, 264, 3050, 8282, 318, 68, 1257, 2487, 7785, 11, 3712, 11, 5269, 11504, 2228, 12, 3054, 488, 1144, 1438, 440, 264, 3377, 11, 4374, 11, 466, 11190, 2313, 30, 2228, 12, 10386, 248046]","It seems like your message might be incomplete! Could you please clarify what you'd like to know or discuss? For example:  
- Are you asking about a specific topic (e.g., science, history, technology)?  
- Do you need help with a problem, idea, or creative project?  
- prefer<|im_end|>",True,3795953152,7.055622594998567
066_common_gen_exactly_once_kna_t7_rep2,366,6,exactly_once,,7,2,64,16,1000,1209463343,common_gen,66,2,common_gen:validation:109,0,0ea6a39ead11f071dcf089f88d30850c84fda36a316d8658fbb708d438aff229,e0b86a4c662bbf3df71bf8eb3b3b0ecded3ebbaf82d4b1750302806c61496ccd,success,,256.0,256.0,256.0,False,,model_loaded,12.314299653997296,0.36134438299632166,0.32064035200164653,0.6819847349979682,0.6819847349979682,886,7826,123484,102860805,248320,"{""allowed_count"": 248068, ""expected_count"": 248068, ""missing_expected"": [], ""ok"": true, ""stop_token_ids"": [248046], ""unexpected_allowed"": []}",2.6566574269963894,xgrammar,0.6472411709983135,2.219900140000391,12,64,"[2064, 4816, 1040, 678, 1876, 2493, 381, 31084, 0, 16018, 488, 35932, 1092, 488, 4035, 1040, 310, 4123, 466, 1092, 1438, 488, 1144, 30, 1690, 3010, 25, 2228, 12, 3054, 488, 1318, 1928, 383, 264, 8282, 318, 68, 1257, 2487, 7785, 11, 3712, 11, 12641, 11504, 2228, 12, 14235, 12622, 440, 264, 3274, 318, 68, 1257, 2487, 4237, 11, 10505, 11, 6157, 7538, 248046]","It seems like your message might be incomplete! Could you clarify what you'd like to discuss or what help you need? For example:  
- Do you want information on a topic (e.g., science, history, tech)?  
- Need assistance with a task (e.g., writing, coding, analysis jump<|im_end|>",True,3795953152,6.969622659002198
067_common_gen_exactly_once_kna_t8_rep2,367,7,exactly_once,,8,2,64,18,1125,1229890557,common_gen,67,2,common_gen:validation:650,0,42e000ff71d3ee3bc178798eb2331b572f337df90dfc500131f35b751a9a9698,cadb390160c08ffec028c118722e26d8230d3a1f24a1ea3bc3d7a422e60d7894,success,,256.0,256.0,256.0,False,,model_loaded,12.698655453001265,0.37304495301214047,0.3826221900089877,0.7556671430211281,0.7556671430211281,1012,9936,157029,142113510,248320,"{""allowed_count"": 248068, ""expected_count"": 248068, ""missing_expected"": [], ""ok"": true, ""stop_token_ids"": [248046], ""unexpected_allowed"": []}",2.8267194960062625,xgrammar,0.6479337329947157,2.3587719799979823,12,64,"[2064, 5686, 1040, 678, 1876, 2493, 599, 978, 3799, 974, 0, 16018, 488, 4338, 35932, 1092, 488, 4035, 1040, 1438, 440, 30, 1690, 3010, 25, 2228, 12, 357, 3296, 466, 3377, 310, 11290, 30, 2228, 12, 22185, 364, 6859, 11, 6618, 11, 466, 61169, 30, 2228, 12, 23879, 745, 11040, 30, 18050, 9764, 728, 1366, 11, 321, 353, 3172, 635, 821, 1786, 11884, 248046]","It looks like your message might have been cut off! Could you please clarify what you'd like help with? For example:  
- A question or problem to solve?  
- Ideas for projects, learning, or hobbies?  
- Something else entirely?  

Let me know, and I'll do my best wearing<|im_end|>",True,3795953152,7.364537030996871
068_common_gen_exactly_once_kna_t9_rep2,368,8,exactly_once,,9,2,64,20,1250,282671048,common_gen,68,2,common_gen:validation:579,0,e99bf37439972e341a08a66c04d3db2815b82ddca20c9303bfd927db8aec760a,b8201693313397255f63ff6e96a7c71cf4e1edfe8dc8a873e1be2c598d0ba358,success,,256.0,256.0,256.0,False,,model_loaded,13.363881514989771,0.3686600609944435,0.4455392209929414,0.8141992819873849,0.8141992819873849,1138,12294,195625,189737834,248320,"{""allowed_count"": 248068, ""expected_count"": 248068, ""missing_expected"": [], ""ok"": true, ""stop_token_ids"": [248046], ""unexpected_allowed"": []}",3.1392012030119076,xgrammar,0.6515566960006254,2.237027544993907,12,64,"[2064, 4816, 1040, 678, 1876, 2597, 3799, 974, 0, 16018, 488, 4338, 35932, 1092, 488, 4035, 1040, 310, 4123, 466, 2466, 883, 30, 1690, 3010, 25, 2228, 12, 357, 3050, 8282, 318, 68, 1257, 2487, 7785, 11, 3712, 11, 5269, 11504, 2228, 12, 357, 3377, 488, 2224, 3133, 383, 30, 2228, 12, 357, 11190, 4374, 466, 3296, 30, 2228, 12, 23879, 745, 7303, 248046]","It seems like your message got cut off! Could you please clarify what you'd like to discuss or ask about? For example:  
- A specific topic (e.g., science, history, technology)?  
- A problem you're working on?  
- A creative idea or question?  
- Something else feet<|im_end|>",True,3795953152,7.611814942007186
069_common_gen_exactly_once_kna_t10_rep2,369,9,exactly_once,,10,2,64,22,1375,1008574528,common_gen,69,2,common_gen:validation:253,0,770b6d7f58b2d24b725c6dec87f1976396f37aabe9801e56b5ac9f497e1ffcb0,b345f2fcf4c5e192b416cad337621c39fd6078b00f01e1a27fe0cbaee44c9c7a,success,,256.0,256.0,256.0,False,,model_loaded,13.066326881002169,0.3716014130041003,0.5131732809968526,0.8847746940009529,0.8847746940009529,1264,14900,238403,246477777,248320,"{""allowed_count"": 248068, ""expected_count"": 248068, ""missing_expected"": [], ""ok"": true, ""stop_token_ids"": [248046], ""unexpected_allowed"": []}",3.0573422239976935,xgrammar,0.6314863559964579,2.198645406999276,12,64,"[2064, 4816, 1040, 678, 1876, 2597, 3799, 974, 0, 16018, 488, 4338, 35932, 1092, 488, 4035, 1040, 310, 1366, 466, 4123, 30, 1690, 3010, 25, 2228, 12, 357, 3050, 8282, 318, 68, 1257, 2487, 7785, 11, 3712, 11, 5269, 11504, 2228, 12, 357, 3296, 318, 68, 1257, 2487, 6673, 3377, 11, 10505, 1438, 11, 11190, 4237, 11504, 2228, 12, 23879, 745, 30, 9558, 248046]","It seems like your message got cut off! Could you please clarify what you'd like to know or discuss? For example:  
- A specific topic (e.g., science, history, technology)?  
- A question (e.g., math problem, coding help, creative writing)?  
- Something else? wear<|im_end|>",True,3795953152,7.531661419998272
070_common_gen_exactly_once_kna_t11_rep2,370,10,exactly_once,,11,2,64,24,1500,244599645,common_gen,70,2,common_gen:validation:590,0,e03c0dece305ebeb1ea9e5211178a58d63bd8db23ac4521bf1d067b3c1f1656a,df5bbca2e51b5382fe4184ae34c8ea3b3a5cf33a708395ef8c986b1d3010eabf,success,,256.0,256.0,256.0,False,,model_loaded,12.985167299004388,0.3818234429927543,0.5879334060009569,0.9697568489937112,0.9697568489937112,1390,17754,285302,313077339,248320,"{""allowed_count"": 248068, ""expected_count"": 248068, ""missing_expected"": [], ""ok"": true, ""stop_token_ids"": [248046], ""unexpected_allowed"": []}",2.89413403000799,xgrammar,0.6371494749910198,2.20618111899239,12,64,"[2064, 4816, 1040, 678, 1876, 2493, 381, 31084, 0, 16018, 488, 35932, 1092, 488, 4035, 1040, 1438, 440, 30, 1690, 3010, 25, 2228, 12, 3054, 488, 1144, 1928, 11, 12622, 440, 264, 3274, 11, 466, 61535, 383, 2414, 30, 2228, 12, 2091, 1017, 264, 3050, 8282, 11, 3296, 11, 466, 3377, 488, 2224, 3133, 383, 30, 2228, 12, 18315, 488, 1040, 17683, 5144, 248046]","It seems like your message might be incomplete! Could you clarify what you'd like help with? For example:  
- Do you need information, assistance with a task, or clarification on something?  
- Is there a specific topic, question, or problem you're working on?  
- Would you like suggestions cross<|im_end|>",True,3795953152,7.466106119012693
071_common_gen_exactly_once_kna_t12_rep2,371,11,exactly_once,,12,2,64,26,1625,981889957,common_gen,71,2,common_gen:validation:931,0,b3037809df76edab31933cd12e657346b83918435eea37b99ceecf08911fb354,7b255eee1a0b0bbb8af3669f5d8c4e194e6d873546d4a1e7adf8555e20590381,success,,256.0,256.0,256.0,False,,model_loaded,13.078038297011517,0.4081687529978808,0.6630988980032271,1.0712676510011079,1.0712676510011079,1516,20856,336383,390280520,248320,"{""allowed_count"": 248068, ""expected_count"": 248068, ""missing_expected"": [], ""ok"": true, ""stop_token_ids"": [248046], ""unexpected_allowed"": []}",2.829054907997488,xgrammar,0.637047761993017,2.2235946110013174,12,64,"[2064, 4816, 678, 1876, 369, 31084, 0, 16018, 488, 4338, 35932, 1092, 488, 4035, 1040, 310, 4123, 466, 4434, 30, 1690, 3010, 25, 2228, 12, 357, 3050, 8282, 318, 68, 1257, 2487, 7785, 11, 3712, 11, 12641, 11504, 2228, 12, 357, 3296, 466, 3377, 488, 2224, 3133, 383, 30, 2228, 12, 23879, 11190, 318, 68, 1257, 2487, 449, 4374, 11, 3255, 11, 2418, 248046]","It seems your message is incomplete! Could you please clarify what you'd like to discuss or complete? For example:  
- A specific topic (e.g., science, history, tech)?  
- A question or problem you're working on?  
- Something creative (e.g., an idea, story, stand<|im_end|>",True,3795953152,7.51968312500685
072_common_gen_exactly_once_kna_t13_rep2,372,12,exactly_once,,13,2,64,28,1750,887125123,common_gen,72,2,common_gen:validation:671,0,97404e5e7fc9d748f9f187ec54067f17c463255f40b134f6f8b7d29299cacb9e,bfc8fc7f638e18eb5a8dcc3b12bfaaf0c2a097d859e73f7d76ed5865a6515a2a,success,,256.0,256.0,256.0,False,,model_loaded,13.544260763010243,0.3942442590050632,0.750818590997369,1.1450628500024322,1.1450628500024322,1642,24206,391646,478831320,248320,"{""allowed_count"": 248068, ""expected_count"": 248068, ""missing_expected"": [], ""ok"": true, ""stop_token_ids"": [248046], ""unexpected_allowed"": []}",3.083873093011789,xgrammar,0.6450467980030226,2.1919254649983486,12,64,"[2064, 5686, 1040, 678, 1876, 2493, 381, 31084, 0, 16018, 488, 35932, 1092, 488, 4035, 1040, 310, 4123, 466, 4434, 30, 1690, 3010, 25, 2228, 12, 357, 3296, 883, 264, 8282, 318, 38248, 11, 12641, 11, 3712, 11, 4831, 5946, 30, 2228, 12, 11150, 440, 264, 3274, 318, 24501, 11, 10505, 11, 6673, 11, 4831, 5946, 30, 2228, 12, 23879, 745, 11040, 8318, 248046]","It looks like your message might be incomplete! Could you clarify what you'd like to discuss or complete? For example:  
- A question about a topic (science, tech, history, etc.)?  
- Help with a task (writing, coding, math, etc.)?  
- Something else entirely waiting<|im_end|>",True,3795953152,7.802879324997775
073_common_gen_exactly_once_kna_t14_rep2,373,13,exactly_once,,14,2,64,30,1875,2042561789,common_gen,73,2,common_gen:validation:763,0,b2d89d9e1e15c162c256ff3d50019ad1edeaa8a81931b0565d22bfd485246415,ba36b3bf4588e7e9eecedc92544d4dc5c1526003e022c9c83ca200ecb84c0e72,success,,256.0,256.0,256.0,False,,model_loaded,13.245287782992818,0.4013884690066334,0.8390138329996262,1.2404023020062596,1.2404023020062596,1768,27804,451091,579473739,248320,"{""allowed_count"": 248068, ""expected_count"": 248068, ""missing_expected"": [], ""ok"": true, ""stop_token_ids"": [248046], ""unexpected_allowed"": []}",2.986531735994504,xgrammar,0.6361572010064265,2.2141400079999585,12,64,"[2064, 4816, 1040, 678, 1876, 2493, 381, 31084, 0, 16018, 488, 35932, 1092, 488, 4035, 1040, 1438, 440, 30, 1690, 3010, 25, 2228, 12, 3054, 488, 1144, 1928, 383, 264, 3050, 8282, 318, 68, 1257, 2487, 7785, 11, 3712, 11, 12641, 11504, 2228, 12, 14235, 12622, 440, 264, 3377, 318, 10065, 11, 10505, 11, 4237, 11, 4831, 5946, 30, 2228, 12, 22528, 4283, 248046]","It seems like your message might be incomplete! Could you clarify what you'd like help with? For example:  
- Do you need information on a specific topic (e.g., science, history, tech)?  
- Need assistance with a problem (math, coding, writing, etc.)?  
- Want similar<|im_end|>",True,3795953152,7.838795866991859
074_common_gen_exactly_once_kna_t15_rep2,374,14,exactly_once,,15,2,64,32,2000,1009687096,common_gen,74,2,common_gen:validation:305,0,aab4a4962e2e3120deef682764ddc0874bd0b923499f6ddec55cb949b4820712,2bf4f3d339883b89e0e4ee9e68c70b3265417677a5de2bd4d1a9fc598e6610f3,success,,256.0,256.0,256.0,False,,model_loaded,13.473100678995252,0.4135374640027294,0.9324243050068617,1.345961769009591,1.345961769009591,1894,31650,514718,692951777,248320,"{""allowed_count"": 248068, ""expected_count"": 248068, ""missing_expected"": [], ""ok"": true, ""stop_token_ids"": [248046], ""unexpected_allowed"": []}",2.992961505005951,xgrammar,0.6385195900074905,2.187761045002844,12,64,"[2064, 4816, 1040, 678, 1876, 2493, 381, 31084, 0, 16018, 488, 4338, 35932, 1092, 488, 4035, 1040, 310, 1366, 466, 4123, 30, 1690, 3010, 25, 2228, 12, 357, 3296, 466, 8282, 488, 2224, 21520, 883, 30, 2228, 12, 11150, 440, 264, 3274, 318, 24501, 11, 6673, 11, 1970, 11, 4831, 5946, 30, 2228, 12, 23879, 745, 11040, 30, 18050, 9764, 728, 1366, 1575, 248046]","It seems like your message might be incomplete! Could you please clarify what you'd like to know or discuss? For example:  
- A question or topic you're curious about?  
- Help with a task (writing, math, code, etc.)?  
- Something else entirely?  

Let me know well<|im_end|>",True,3795953152,7.928885094006546
075_common_gen_exactly_once_kna_t16_rep2,375,15,exactly_once,,16,2,64,34,2125,2106063584,common_gen,75,2,common_gen:validation:806,0,e4207019d57a1295677a1074398c8548e4a5a0455f04c41e41dbd7b9cbbdda8b,75cd57bf2cb114b0abebf7542c6e50cc9846c59b4c26ece2aa00911bff53f069,success,,256.0,256.0,256.0,False,,model_loaded,13.57063768999069,0.41237292300502304,1.0514376619976247,1.4638105850026477,1.4638105850026477,2020,35744,582527,820009434,248320,"{""allowed_count"": 248068, ""expected_count"": 248068, ""missing_expected"": [], ""ok"": true, ""stop_token_ids"": [248046], ""unexpected_allowed"": []}",2.847979657992255,xgrammar,0.6706631289998768,2.2492251689982368,12,64,"[2064, 4816, 1040, 678, 1876, 2597, 3799, 974, 0, 16018, 488, 4338, 3300, 777, 3447, 466, 4434, 678, 3272, 30, 1690, 3010, 25, 2228, 12, 8448, 488, 9859, 264, 3296, 30, 2228, 12, 3054, 488, 1144, 1438, 440, 2414, 3050, 318, 68, 1257, 2487, 4237, 11, 10505, 11, 3377, 94762, 11504, 2228, 12, 2091, 1017, 2193, 466, 264, 8282, 488, 4035, 1040, 7789, 248046]","It seems like your message got cut off! Could you please provide more details or complete your thought? For example:  
- Are you asking a question?  
- Do you need help with something specific (e.g., writing, coding, problem-solving)?  
- Is there context or a topic you'd like flags<|im_end|>",True,3795953152,8.08314034200157
076_common_gen_exactly_once_kna_t17_rep2,376,16,exactly_once,,17,2,64,36,2250,114612613,common_gen,76,2,common_gen:validation:787,0,ac68c617d4cf0482a3925b4c417a034953850c93902a327a8e587b1b2fcb467a,aeefc4fb8031e54d949b25e3e14141f3ae3d079a47c08a48cc1750c9e12e91f3,success,,256.0,256.0,256.0,False,,model_loaded,13.609752413991373,0.4302043530042283,1.1390675040020142,1.5692718570062425,1.5692718570062425,2146,40086,654518,961390710,248320,"{""allowed_count"": 248068, ""expected_count"": 248068, ""missing_expected"": [], ""ok"": true, ""stop_token_ids"": [248046], ""unexpected_allowed"": []}",2.8528788190014893,xgrammar,0.6433634630084271,2.227990706000128,12,64,"[2064, 4816, 678, 1876, 369, 31084, 0, 16018, 488, 4338, 35932, 1092, 488, 4035, 1040, 1438, 440, 30, 1690, 3010, 25, 2228, 12, 3054, 488, 1144, 1928, 883, 264, 3050, 8282, 30, 2228, 12, 8448, 488, 3133, 383, 264, 3274, 11, 3377, 11, 466, 2313, 30, 2228, 12, 14235, 12622, 440, 4237, 11, 10505, 11, 6157, 11, 466, 2414, 745, 30, 18050, 35747, 248046]","It seems your message is incomplete! Could you please clarify what you'd like help with? For example:  
- Do you need information about a specific topic?  
- Are you working on a task, problem, or project?  
- Need assistance with writing, coding, analysis, or something else?  

 sticking<|im_end|>",True,3795953152,8.030384705998586
077_common_gen_exactly_once_kna_t18_rep2,377,17,exactly_once,,18,2,64,38,2375,1938070736,common_gen,77,2,common_gen:validation:777,0,6686d8340926332e7b1ad6576e59faedb59a99003e0d64d26b2110967a8de1c4,ebfacfa8da3623f51e4381765ab387573eba2050b46f44449d51116ad64f0401,success,,256.0,256.0,256.0,False,,model_loaded,13.859905149991391,0.4410857899929397,1.250380369994673,1.6914661599876126,1.6914661599876126,2272,44676,730691,1117839605,248320,"{""allowed_count"": 248068, ""expected_count"": 248068, ""missing_expected"": [], ""ok"": true, ""stop_token_ids"": [248046], ""unexpected_allowed"": []}",2.8657057670061477,xgrammar,0.6396514689986361,2.188594146995456,12,64,"[40, 2688, 5354, 310, 1438, 0, 3437, 1000, 488, 1040, 310, 1366, 466, 944, 383, 30, 25677, 232, 271, 9658, 1042, 728, 1366, 678, 3296, 11, 3274, 11, 466, 8282, 11, 321, 353, 3172, 635, 821, 1786, 310, 7543, 0, 10838, 248, 222, 271, 3710, 579, 383, 678, 3838, 30, 10838, 97, 242, 169379, 198, 12, 3054, 488, 599, 264, 3050, 3296, 1441, 248046]","I'm ready to help! What would you like to know or work on? 😊

Just let me know your question, task, or topic, and I'll do my best to assist! 🚀

What's on your mind? 🤔✨
- Do you have a specific question down<|im_end|>",True,3795953152,8.157258017992717
078_common_gen_exactly_once_kna_t19_rep2,378,18,exactly_once,,19,2,64,40,2500,868239826,common_gen,78,2,common_gen:validation:308,0,b9085298a610da8233db12e7f289d62fe9ccc163cf5290b6bb6dbb5085414223,d9578a238afb33f6a6aea068e6a7d5c324ee1f203c99e9c06464a0af1f2e952b,success,,256.0,256.0,256.0,False,,model_loaded,13.88426010000694,0.4450517229997786,1.3693199230037862,1.8143716460035648,1.8143716460035648,2398,49514,811046,1290100119,248320,"{""allowed_count"": 248068, ""expected_count"": 248068, ""missing_expected"": [], ""ok"": true, ""stop_token_ids"": [248046], ""unexpected_allowed"": []}",2.623232548008673,xgrammar,0.64283396700921,2.225188700002036,12,64,"[2064, 4816, 1040, 678, 1876, 2493, 381, 31084, 0, 16018, 488, 4338, 35932, 1092, 488, 4035, 1040, 310, 1366, 466, 4123, 30, 1690, 3010, 25, 2228, 12, 8448, 488, 9859, 264, 3296, 30, 2228, 12, 14235, 1438, 440, 264, 3274, 318, 68, 1257, 2487, 4237, 11, 6673, 11, 10505, 11504, 2228, 12, 22528, 310, 12804, 264, 8282, 318, 68, 1257, 2487, 3712, 30386, 248046]","It seems like your message might be incomplete! Could you please clarify what you'd like to know or discuss? For example:  
- Are you asking a question?  
- Need help with a task (e.g., writing, math, coding)?  
- Want to explore a topic (e.g., history jokes<|im_end|>",True,3795953152,8.052147509995848
079_common_gen_odd_count_kna_t14_rep2,379,13,odd_count,,14,2,64,30,1875,2010497757,common_gen,79,2,common_gen:validation:807,0,ad5e169c280f862fe62c5eafd6af4be88eb1a7554885ef8bf2bdf74a45e5a10a,931336f999a46000fc494bdeb13a78c1ebdcb05464d37ed55972c4fe0e0dbdb1,success,,256.0,256.0,256.0,False,,model_loaded,13.31900935700105,0.38643722599954344,0.8511332070047501,1.2375704330042936,1.2375704330042936,1768,28658,464643,610234819,248320,"{""allowed_count"": 248068, ""expected_count"": 248068, ""missing_expected"": [], ""ok"": true, ""stop_token_ids"": [248046], ""unexpected_allowed"": []}",2.8924897109973244,xgrammar,0.7504783129988937,2.2068751050101127,12,64,"[2064, 4816, 1040, 678, 1876, 2493, 381, 31084, 0, 16018, 488, 4338, 35932, 1092, 488, 4035, 1040, 1438, 440, 30, 1690, 3010, 25, 2228, 12, 3054, 488, 1144, 1928, 383, 264, 8282, 30, 2228, 12, 8448, 488, 3133, 383, 264, 2313, 466, 3377, 30, 2228, 12, 3054, 488, 1318, 17683, 11, 6157, 11, 466, 2414, 745, 30, 18050, 9764, 728, 1366, 1204, 2503, 248046]","It seems like your message might be incomplete! Could you please clarify what you'd like help with? For example:  
- Do you need information on a topic?  
- Are you working on a project or problem?  
- Do you want suggestions, analysis, or something else?  

Let me know how hard<|im_end|>",True,3795953152,7.839955033996375
080_common_gen_left_not_right_kna_t1_rep2,380,0,left_not_right,,1,2,64,5,308,2133090076,common_gen,80,2,common_gen:validation:527,0,70e24c8ea92fba070f10107f6995fe6730cf8b9535e26dd9081dc25d0dbe77c0,6512a8781f2f34d7ebdb49392287299ad8db77e90fa393a355423cd0b57579c4,success,,256.0,256.0,256.0,False,,model_loaded,14.823587883991422,0.34097557300992776,0.05478442300227471,0.39575999601220246,0.39575999601220246,190,491,8420,3163212,248320,"{""allowed_count"": 248067, ""expected_count"": 248067, ""missing_expected"": [], ""ok"": true, ""stop_token_ids"": [248046], ""unexpected_allowed"": []}",3.2202689940022537,xgrammar,0.6384749569988344,2.194411852004123,12,64,"[2064, 4816, 1040, 678, 1876, 2493, 381, 31084, 0, 16018, 488, 35932, 1092, 488, 4035, 1040, 1438, 440, 30, 1690, 3010, 25, 2228, 12, 3054, 488, 1144, 1928, 383, 264, 8282, 318, 68, 1257, 2487, 7785, 11, 3712, 11, 12641, 11504, 2228, 12, 14235, 12622, 440, 264, 3377, 318, 68, 1257, 2487, 6673, 11, 4237, 11, 10505, 11504, 2228, 12, 22528, 2407, 321, 248046]","It seems like your message might be incomplete! Could you clarify what you'd like help with? For example:  
- Do you need information on a topic (e.g., science, history, tech)?  
- Need assistance with a problem (e.g., math, writing, coding)?  
- Want body and<|im_end|>",True,3795953152,7.232138377003139
081_common_gen_left_not_right_kna_t2_rep2,381,1,left_not_right,,2,2,64,9,493,1651005495,common_gen,81,2,common_gen:validation:845,0,351947d54123cea22fe00a55c27ca453657f1db28453d8d130b25303c399eee0,808ad54ef8569d771f810cdd446a9212d59194188256a9cc64df82caa4b89030,success,,256.0,256.0,256.0,False,,model_loaded,14.443710063002072,0.34688368999923114,0.11190275500121061,0.45878644500044174,0.45878644500044174,376,1348,22213,13296516,248320,"{""allowed_count"": 248067, ""expected_count"": 248067, ""missing_expected"": [], ""ok"": true, ""stop_token_ids"": [248046], ""unexpected_allowed"": []}",3.0683724819973577,xgrammar,0.6378031189960893,2.221547453009407,12,64,"[2064, 5686, 1040, 678, 1876, 2493, 381, 31084, 0, 16018, 488, 35932, 1092, 488, 4035, 1040, 1438, 440, 30, 1690, 3010, 25, 2228, 12, 357, 3296, 883, 7785, 11, 3712, 11, 5269, 11, 4831, 78603, 2228, 12, 14235, 18005, 11, 39492, 11, 466, 2923, 13909, 28253, 9611, 30, 2228, 12, 22528, 310, 83783, 6498, 11, 3165, 2414, 11, 466, 22903, 264, 25703, 321, 248046]","It looks like your message might be incomplete! Could you clarify what you'd like help with? For example:  
- A question about science, history, technology, etc.?  
- Need recommendations, explanations, or step-by-step solutions?  
- Want to brainstorm ideas, write something, or analyze a makeup and<|im_end|>",True,3795953152,7.149616202004836
082_common_gen_left_not_right_kna_t3_rep2,382,2,left_not_right,,3,2,64,12,678,473415857,common_gen,82,2,common_gen:validation:600,0,d326e61db5a88d9b0c9f20dd447c7fafd260d30178ae6bd592dd5735f8cc13cf,37d1071127e6fb817245bfe5fdc70e85ba6003c3157fe5c2dca7380af352fa77,success,,256.0,256.0,256.0,False,,model_loaded,14.298983864995535,0.34357574000023305,0.1747532500012312,0.5183289900014643,0.5183289900014643,562,2571,42184,32026134,248320,"{""allowed_count"": 248067, ""expected_count"": 248067, ""missing_expected"": [], ""ok"": true, ""stop_token_ids"": [248046], ""unexpected_allowed"": []}",3.0939920320088277,xgrammar,0.6294826270022895,2.197301359003177,12,64,"[2064, 4816, 678, 1876, 2597, 3799, 974, 0, 16018, 488, 4338, 35932, 1092, 488, 4035, 1040, 1438, 440, 30, 1690, 3010, 25, 2228, 12, 357, 3050, 8282, 318, 68, 1257, 2487, 7785, 11, 3712, 11, 5269, 11504, 2228, 12, 357, 3377, 310, 11290, 30, 2228, 12, 23502, 6498, 318, 65928, 11, 18066, 11, 6859, 11504, 2228, 12, 2441, 2414, 745, 30, 1375, 321, 248046]","It seems your message got cut off! Could you please clarify what you'd like help with? For example:  
- A specific topic (e.g., science, history, technology)?  
- A problem to solve?  
- Creative ideas (stories, recipes, projects)?  
- Or something else? hand and<|im_end|>",True,3795953152,7.227087780003785
083_common_gen_left_not_right_kna_t4_rep2,383,3,left_not_right,,4,2,64,15,863,245898394,common_gen,83,2,common_gen:validation:442,0,c6ac6e2352b5229f991e98fd3b757f7cf0f1ece6d906f745ccb772c75a260355,d5a769437b5bb43bd826db7f408f6dbdf7eda953cc7b7d093451dc43f853dd48,success,,256.0,256.0,256.0,False,,model_loaded,14.161034604010638,0.3592424380040029,0.243101337007829,0.6023437750118319,0.6023437750118319,748,4160,68146,60977106,248320,"{""allowed_count"": 248067, ""expected_count"": 248067, ""missing_expected"": [], ""ok"": true, ""stop_token_ids"": [248046], ""unexpected_allowed"": []}",2.869362388009904,xgrammar,0.6547372560016811,2.2319792329944903,12,64,"[2064, 4816, 1040, 678, 1876, 2597, 3799, 974, 0, 16018, 488, 4338, 35932, 1092, 488, 4035, 1040, 1438, 440, 30, 1690, 3010, 25, 2228, 12, 357, 3296, 466, 8282, 488, 2224, 21520, 883, 30, 2228, 12, 11150, 440, 264, 3274, 318, 68, 1257, 2487, 4237, 11, 10505, 11, 6673, 11, 3302, 11504, 2228, 12, 35636, 383, 2414, 3050, 30, 2228, 12, 3942, 321, 248046]","It seems like your message got cut off! Could you please clarify what you'd like help with? For example:  
- A question or topic you're curious about?  
- Help with a task (e.g., writing, coding, math, research)?  
- Feedback on something specific?  
- dig and<|im_end|>",True,3795953152,7.1547574720025295
084_common_gen_left_not_right_kna_t5_rep2,384,4,left_not_right,,5,2,64,18,1048,1222662817,common_gen,84,2,common_gen:validation:283,0,bc620ad323ff19db326b4ca6f06295b5a476e959eddb535ff3b8beb9f2e2f033,d58339b91dea3124f4cca4dc60ccc4d72ce492aa238056a0da8009915e6a5908,success,,256.0,256.0,256.0,False,,model_loaded,12.61493286100449,0.3491007660049945,0.32089725699916016,0.6699980230041547,0.6699980230041547,934,6115,99916,101774472,248320,"{""allowed_count"": 248067, ""expected_count"": 248067, ""missing_expected"": [], ""ok"": true, ""stop_token_ids"": [248046], ""unexpected_allowed"": []}",2.783019348993548,xgrammar,0.6281073489953997,2.187090626001009,12,64,"[2064, 4816, 1040, 678, 1876, 2493, 381, 31084, 0, 16018, 488, 4338, 35932, 1092, 488, 4035, 1040, 310, 4123, 466, 2466, 883, 30, 1690, 3010, 25, 2228, 12, 8448, 488, 3221, 364, 1438, 440, 264, 3274, 466, 3377, 30, 2228, 12, 3054, 488, 1318, 1928, 383, 264, 3050, 8282, 318, 68, 1257, 2487, 7785, 11, 5269, 11, 7431, 11504, 2228, 12, 24239, 321, 248046]","It seems like your message might be incomplete! Could you please clarify what you'd like to discuss or ask about? For example:  
- Are you looking for help with a task or problem?  
- Do you want information on a specific topic (e.g., science, technology, culture)?  
- cheer and<|im_end|>",True,3795953152,7.003240502002882
085_common_gen_left_not_right_kna_t6_rep2,385,5,left_not_right,,6,2,64,21,1233,200412175,common_gen,85,2,common_gen:validation:491,0,29a0ae92c9387739cc11dbe6cdcb07af3d072d3329f5cd16572f344e780a3562,4786ef49a551a6217073b99571ed3ce323091cb1a04aabfb37ee3d811d42dfc0,success,,256.0,256.0,256.0,False,,model_loaded,12.775613727004384,0.3601551079918863,0.4031859910028288,0.7633410989947151,0.7633410989947151,1120,8436,137494,156043272,248320,"{""allowed_count"": 248067, ""expected_count"": 248067, ""missing_expected"": [], ""ok"": true, ""stop_token_ids"": [248046], ""unexpected_allowed"": []}",2.864068265989772,xgrammar,0.6394978090102086,2.343550844991114,12,64,"[2064, 4816, 678, 1876, 2493, 381, 31084, 0, 16018, 488, 35932, 1092, 488, 4035, 1040, 310, 4123, 466, 1144, 1438, 440, 30, 1690, 3010, 25, 2228, 12, 357, 3296, 466, 3377, 310, 11290, 30, 2228, 12, 22185, 364, 264, 2313, 466, 11190, 944, 30, 2228, 12, 7831, 383, 264, 8282, 318, 68, 1257, 2487, 7785, 11, 5269, 11, 7431, 11504, 2228, 9281, 321, 248046]","It seems your message might be incomplete! Could you clarify what you'd like to discuss or need help with? For example:  
- A question or problem to solve?  
- Ideas for a project or creative work?  
- Information on a topic (e.g., science, technology, culture)?  
 neighbor and<|im_end|>",True,3795953152,7.383402172010392
086_common_gen_left_not_right_kna_t7_rep2,386,6,left_not_right,,7,2,64,24,1418,817763088,common_gen,86,2,common_gen:validation:147,0,a8b03771935f875809cd82b7034b45d3b71feed77ab4c75ca8f19d77a466a46c,140eeddc6509db5d02a19084a5aec0417f06c878ee9f67e0cb9f1b453d6ad4b7,success,,256.0,256.0,256.0,False,,model_loaded,13.05659642899991,0.3615964759956114,0.49016883700096514,0.8517653129965765,0.8517653129965765,1306,11123,180880,225408546,248320,"{""allowed_count"": 248067, ""expected_count"": 248067, ""missing_expected"": [], ""ok"": true, ""stop_token_ids"": [248046], ""unexpected_allowed"": []}",2.8423113499884494,xgrammar,0.651272194008925,2.237641664003604,12,64,"[2064, 4816, 1040, 678, 1876, 2597, 3799, 974, 0, 16018, 488, 35932, 1092, 488, 4035, 1040, 310, 1366, 466, 4123, 30, 1690, 3010, 25, 2228, 12, 357, 3050, 8282, 318, 68, 1257, 2487, 7785, 11, 3712, 11, 5269, 11504, 2228, 12, 357, 3296, 466, 3377, 488, 2224, 3133, 383, 30, 2228, 12, 23879, 745, 11040, 30, 18050, 9658, 1042, 728, 1366, 2942, 321, 248046]","It seems like your message got cut off! Could you clarify what you'd like to know or discuss? For example:  
- A specific topic (e.g., science, history, technology)?  
- A question or problem you're working on?  
- Something else entirely?  

Just let me know times and<|im_end|>",True,3795953152,7.34868154200376
087_common_gen_left_not_right_kna_t8_rep2,387,7,left_not_right,,8,2,64,27,1603,1928741190,common_gen,87,2,common_gen:validation:791,0,a03fd87155c575fca84a55f27532dacffeadfb8d11b0ff2ae2557ebff2a1127d,c784a93ec5f1fb13e719c000d9d59613cfc51b4bc0e72ee8928450bc4d217f41,success,,256.0,256.0,256.0,False,,model_loaded,12.776840587990591,0.37356798599648755,0.5901325039885705,0.9637004899850581,0.9637004899850581,1492,14176,230074,311495334,248320,"{""allowed_count"": 248067, ""expected_count"": 248067, ""missing_expected"": [], ""ok"": true, ""stop_token_ids"": [248046], ""unexpected_allowed"": []}",2.794901599001605,xgrammar,0.6409411729982821,2.196751433002646,12,64,"[2064, 4816, 1040, 678, 1876, 2597, 3799, 974, 0, 16018, 488, 4338, 35932, 1092, 488, 4035, 1040, 310, 4123, 466, 2466, 883, 30, 1690, 3010, 25, 2228, 12, 357, 3050, 8282, 318, 68, 1257, 2487, 7785, 11, 3712, 11, 5269, 11504, 2228, 12, 357, 3296, 466, 3377, 488, 1144, 1438, 440, 30, 2228, 12, 23879, 11190, 318, 68, 1257, 2487, 6498, 6784, 321, 248046]","It seems like your message got cut off! Could you please clarify what you'd like to discuss or ask about? For example:  
- A specific topic (e.g., science, history, technology)?  
- A question or problem you need help with?  
- Something creative (e.g., ideas wall and<|im_end|>",True,3795953152,7.358323729989934
088_common_gen_left_not_right_kna_t9_rep2,388,8,left_not_right,,9,2,64,30,1788,1858096094,common_gen,88,2,common_gen:validation:554,0,46ad975e5b76913db19415378f04ce0e8cc26b12ffdb4ff2a306fadde837a1ae,fd70bd466b76a2d6ae92e264804edb2fd78aa18966843368bd742f2b26d44432,success,,256.0,256.0,256.0,False,,model_loaded,12.985783416996128,0.38073533499846235,0.6935970150079811,1.0743323500064434,1.0743323500064434,1678,17595,286724,415928676,248320,"{""allowed_count"": 248067, ""expected_count"": 248067, ""missing_expected"": [], ""ok"": true, ""stop_token_ids"": [248046], ""unexpected_allowed"": []}",2.824674314004369,xgrammar,0.6354924369952641,2.243159557998297,12,64,"[2064, 4816, 678, 1876, 2597, 3799, 974, 0, 16018, 488, 4338, 35932, 1092, 488, 4035, 1040, 1438, 440, 30, 1690, 3010, 25, 2228, 12, 14235, 1438, 440, 264, 3274, 318, 24501, 11, 6673, 11, 10505, 11, 4831, 5946, 30, 2228, 12, 91865, 264, 3296, 883, 264, 8282, 318, 38248, 11, 3712, 11, 5269, 11, 4831, 5946, 30, 2228, 12, 22528, 310, 6380, 321, 248046]","It seems your message got cut off! Could you please clarify what you'd like help with? For example:  
- Need help with a task (writing, math, coding, etc.)?  
- Asking a question about a topic (science, history, technology, etc.)?  
- Want to practice and<|im_end|>",True,3795953152,7.526657235997845
089_common_gen_left_not_right_kna_t10_rep2,389,9,left_not_right,,10,2,64,33,1973,674314899,common_gen,89,2,common_gen:validation:555,0,56b646fd5bf0264c61daec53519f3bd3ab319b53352afb3243d659180b4d49ab,a0c1a727aa056c1ba495bcbc4f969755f0c1b75f6a207ce7f0718ca91a322ccd,success,,256.0,256.0,256.0,False,,model_loaded,13.949290999007644,0.4060970700083999,0.8094662579969736,1.2155633280053735,1.2155633280053735,1864,21380,348948,540333612,248320,"{""allowed_count"": 248067, ""expected_count"": 248067, ""missing_expected"": [], ""ok"": true, ""stop_token_ids"": [248046], ""unexpected_allowed"": []}",3.0756235510052647,xgrammar,0.65121952300251,2.238709679004387,12,64,"[2064, 4816, 1040, 678, 1876, 2493, 381, 31084, 0, 16018, 488, 35932, 1092, 488, 4035, 1040, 310, 1366, 466, 4123, 30, 1690, 3010, 25, 2228, 12, 357, 3296, 883, 7785, 11, 3712, 11, 5269, 11, 4831, 78603, 2228, 12, 11150, 440, 264, 6673, 3377, 466, 11870, 23850, 30, 2228, 12, 14235, 9183, 383, 264, 8282, 1040, 2730, 11, 6520, 11, 466, 1208, 321, 248046]","It seems like your message might be incomplete! Could you clarify what you'd like to know or discuss? For example:  
- A question about science, history, technology, etc.?  
- Help with a math problem or logic puzzle?  
- Need advice on a topic like health, education, or people and<|im_end|>",True,3795953152,8.025896681996528
090_common_gen_left_not_right_kna_t11_rep2,390,10,left_not_right,,11,2,64,36,2158,824147810,common_gen,90,2,common_gen:validation:246,0,2409d11ed91c172510bcceb189e5001642c3aad3af8cc4a12c68afa9042c52c4,c79f4754e4e103057294eaadde5d9f0ffbccdba1aabab282a24087149d480e69,success,,256.0,256.0,256.0,False,,model_loaded,13.821396672996343,0.4082115210039774,0.9270831360045122,1.3352946570084896,1.3352946570084896,2050,25531,417826,686335182,248320,"{""allowed_count"": 248067, ""expected_count"": 248067, ""missing_expected"": [], ""ok"": true, ""stop_token_ids"": [248046], ""unexpected_allowed"": []}",3.0072614009986864,xgrammar,0.6376335649983957,2.209045364012127,12,64,"[2064, 4816, 1040, 678, 1876, 2493, 381, 31084, 0, 16018, 488, 35932, 1092, 488, 4035, 1040, 1438, 440, 30, 1690, 3010, 25, 2228, 12, 14235, 264, 6093, 310, 264, 3377, 30, 2228, 12, 22528, 6498, 364, 26702, 11, 24350, 11, 466, 6618, 30, 2228, 12, 20482, 364, 1928, 383, 264, 8282, 30, 2228, 12, 14235, 12622, 440, 2414, 3050, 318, 68, 2404, 321, 248046]","It seems like your message might be incomplete! Could you clarify what you'd like help with? For example:  
- Need a solution to a problem?  
- Want ideas for creativity, productivity, or learning?  
- Looking for information on a topic?  
- Need assistance with something specific (e turn and<|im_end|>",True,3795953152,7.980745512002613
091_common_gen_left_not_right_kna_t12_rep2,391,11,left_not_right,,12,2,64,39,2343,172984755,common_gen,91,2,common_gen:validation:684,0,2d0a6b7b3f4ed99cf5a00100c5d323adda9d20537edbf1a269169e07c002064f,4bd3e933f272ae1e197e2783f68296bbac55d3f8a628d8bbd5f4f3aadd70cc7e,success,,256.0,256.0,256.0,False,,model_loaded,13.816540861007525,0.40591663398663513,1.061796420995961,1.467713054982596,1.467713054982596,2236,30048,492878,855558426,248320,"{""allowed_count"": 248067, ""expected_count"": 248067, ""missing_expected"": [], ""ok"": true, ""stop_token_ids"": [248046], ""unexpected_allowed"": []}",2.806035235989839,xgrammar,0.6368886779964669,2.220826248987578,12,64,"[2064, 4816, 1040, 678, 1876, 2493, 381, 31084, 0, 16018, 488, 35932, 1092, 488, 4035, 1040, 310, 4123, 466, 11290, 30, 1690, 3010, 25, 2228, 12, 357, 3296, 883, 7785, 11, 6673, 11, 3712, 11, 466, 5269, 30, 2228, 12, 11150, 440, 264, 3377, 466, 27529, 15840, 30, 2228, 12, 22185, 364, 26702, 11, 10505, 11, 466, 6618, 30, 2228, 12, 2364, 321, 248046]","It seems like your message might be incomplete! Could you clarify what you'd like to discuss or solve? For example:  
- A question about science, math, history, or technology?  
- Help with a problem or homework assignment?  
- Ideas for creativity, coding, or learning?  
- sit and<|im_end|>",True,3795953152,7.902760403987486
092_common_gen_left_not_right_kna_t13_rep2,392,12,left_not_right,,13,2,64,42,2528,1006175999,common_gen,92,2,common_gen:validation:908,0,ca13d1f8478ae7d40e82cbb94a82ab861ab3b38bccb96117884cf2319a609bd1,a5a18e739ba7a2850996ec75536afc4fbe82b12bf8024e858bace0121fd9020a,success,,256.0,256.0,256.0,False,,model_loaded,13.740986236007302,0.41231727799458895,1.2156327669945313,1.6279500449891202,1.6279500449891202,2422,34931,574104,1049628384,248320,"{""allowed_count"": 248067, ""expected_count"": 248067, ""missing_expected"": [], ""ok"": true, ""stop_token_ids"": [248046], ""unexpected_allowed"": []}",2.8488008370040916,xgrammar,0.6283211230038432,2.212612387011177,12,64,"[2064, 4816, 1040, 678, 1876, 2493, 381, 31084, 0, 16018, 488, 35932, 1092, 488, 4035, 1040, 310, 4123, 466, 1438, 440, 30, 1690, 3010, 25, 2228, 12, 357, 3296, 883, 264, 8282, 318, 38248, 11, 5269, 11, 3712, 11, 4831, 5946, 30, 2228, 12, 14235, 1438, 21156, 264, 3377, 466, 6673, 14, 88466, 3274, 30, 2228, 12, 22528, 310, 12804, 264, 2418, 321, 248046]","It seems like your message might be incomplete! Could you clarify what you'd like to discuss or help with? For example:  
- A question about a topic (science, technology, history, etc.)?  
- Need help solving a problem or math/programming task?  
- Want to explore a stand and<|im_end|>",True,3795953152,8.098009665991412
093_common_gen_left_not_right_kna_t14_rep2,393,13,left_not_right,,14,2,64,45,2713,1019939731,common_gen,93,2,common_gen:validation:537,0,c6f0cdd78fbb0932883ae682ab39b90471a676564bf6eec04f75042c9f6c58dd,3b642cffdfbc1fb32805c0d9618a8098cbf27c98ca961c12e72ebfeec584c97b,success,,256.0,256.0,256.0,False,,model_loaded,14.259262173000025,0.4309923230030108,1.351287161000073,1.7822794840030838,1.7822794840030838,2608,40180,661504,1270170096,248320,"{""allowed_count"": 248067, ""expected_count"": 248067, ""missing_expected"": [], ""ok"": true, ""stop_token_ids"": [248046], ""unexpected_allowed"": []}",2.7909225369949127,xgrammar,0.6391749819886172,2.2262850380066084,12,64,"[2064, 4816, 1040, 678, 1876, 2493, 381, 31084, 0, 16018, 488, 35932, 1092, 488, 4035, 1040, 310, 4123, 466, 1144, 1438, 440, 30, 12757, 424, 579, 264, 3296, 11, 264, 3274, 11, 466, 1066, 2414, 383, 678, 3838, 11, 353, 2688, 1532, 310, 7543, 0, 25677, 232, 2228, 3710, 1000, 488, 1040, 310, 12804, 30, 10838, 234, 253, 9008, 97, 242, 3384, 321, 248046]","It seems like your message might be incomplete! Could you clarify what you'd like to discuss or need help with? Whether it's a question, a task, or just something on your mind, I'm here to assist! 😊  
What would you like to explore? 🌟🤔 though and<|im_end|>",True,3795953152,8.212315167998895
094_common_gen_left_not_right_kna_t15_rep2,394,14,left_not_right,,15,2,64,48,2898,227435103,common_gen,94,2,common_gen:validation:48,0,0f4edaa8bf2d341e85fabdddc0a75ded4344f2b5903a4a6258123ba1aa6970b0,71b7a21927b478e91dfd8d9616c4b3147973ee2b44debb864880bb488d41d848,success,,256.0,256.0,256.0,False,,model_loaded,14.145398449007189,0.4633751140063396,1.5121574600052554,1.975532574011595,1.975532574011595,2794,45795,755078,1518808602,248320,"{""allowed_count"": 248067, ""expected_count"": 248067, ""missing_expected"": [], ""ok"": true, ""stop_token_ids"": [248046], ""unexpected_allowed"": []}",2.8171828749909764,xgrammar,0.6359261739999056,2.228503649996128,12,64,"[2064, 4816, 1040, 678, 1876, 2493, 381, 31084, 0, 16018, 488, 4338, 35932, 1092, 488, 4035, 1040, 310, 4123, 466, 2466, 883, 30, 1690, 3010, 25, 2228, 12, 3054, 488, 1144, 1438, 440, 264, 3050, 8282, 318, 68, 1257, 2487, 7785, 11, 5269, 11, 3712, 11504, 2228, 12, 8448, 488, 3221, 364, 1970, 11, 39492, 11, 466, 3377, 94762, 12622, 30, 2430, 321, 248046]","It seems like your message might be incomplete! Could you please clarify what you'd like to discuss or ask about? For example:  
- Do you need help with a specific topic (e.g., science, technology, history)?  
- Are you looking for code, explanations, or problem-solving assistance? throw and<|im_end|>",True,3795953152,8.400729999004398
095_common_gen_left_not_right_kna_t16_rep2,395,15,left_not_right,,16,2,64,51,3083,1634804747,common_gen,95,2,common_gen:validation:812,0,69db1365591751a939c2cb66c14bf13aec4a7c9394bf96e5856eb86ba5a86b00,5dc91c295633ce81d525e742d2a8b0e5e9b971754f21bfe21d78c4cf7ed4da93,success,,256.0,256.0,256.0,False,,model_loaded,14.61405114500667,0.4376009670086205,1.689550027003861,2.1271509940124815,2.1271509940124815,2980,51776,854826,1797168942,248320,"{""allowed_count"": 248067, ""expected_count"": 248067, ""missing_expected"": [], ""ok"": true, ""stop_token_ids"": [248046], ""unexpected_allowed"": []}",2.6914955160027603,xgrammar,0.7427955049934098,2.213350802005152,12,64,"[2064, 4816, 1040, 678, 1876, 2597, 3799, 974, 0, 16018, 488, 4338, 35932, 1092, 488, 4035, 1040, 310, 4123, 466, 2466, 883, 30, 1690, 3010, 25, 2228, 12, 357, 3296, 466, 3274, 488, 1144, 1438, 440, 30, 2228, 12, 7831, 488, 1318, 310, 3827, 30, 2228, 12, 23879, 745, 11040, 30, 18050, 9764, 728, 1366, 1204, 353, 628, 7543, 0, 25677, 1229, 321, 248046]","It seems like your message got cut off! Could you please clarify what you'd like to discuss or ask about? For example:  
- A question or task you need help with?  
- Information you want to learn?  
- Something else entirely?  

Let me know how I can assist! � bet and<|im_end|>",True,3795953152,8.597380530991359
096_common_gen_sets_differ_kna_t1_rep2,396,0,sets_differ,,1,2,64,7,432,1859123528,common_gen,96,2,common_gen:validation:907,0,70ab43bb730dde7edaba4b1c4596c2e130780ca843fa4e3202c85ece7bb85ff2,35a47e8d1aac8f9275908776d8a310ad1959e8ea6965415383dca2d18c4d0fc6,success,,256.0,256.0,256.0,False,,model_loaded,12.51729813500424,0.3381040579988621,0.09248925199790392,0.43059330999676604,0.43059330999676604,314,982,16210,9077791,248320,"{""allowed_count"": 248068, ""expected_count"": 248068, ""missing_expected"": [], ""ok"": true, ""stop_token_ids"": [248046], ""unexpected_allowed"": []}",2.8270802769984584,xgrammar,0.6221937309892382,2.2426067469932605,12,64,"[2064, 4816, 678, 1876, 2597, 3799, 974, 0, 16018, 488, 4338, 35932, 1092, 488, 4035, 1040, 310, 4123, 466, 2466, 883, 30, 353, 2688, 1532, 310, 1438, 440, 25, 271, 12, 2972, 34080, 92217, 5586, 12960, 488, 2224, 21520, 883, 318, 38248, 11, 7431, 11, 3712, 11, 12641, 11, 4831, 5946, 198, 12, 2972, 50, 19588, 92217, 14235, 1438, 440, 27529, 321, 4599, 248046]","It seems your message got cut off! Could you please clarify what you'd like to discuss or ask about? I'm here to help with:

- **Questions**: Any topics you're curious about (science, culture, history, tech, etc.)
- **Solutions**: Need help with homework and building<|im_end|>",True,3795953152,6.909503754999605
097_common_gen_sets_differ_kna_t2_rep2,397,1,sets_differ,,2,2,64,12,679,1673063274,common_gen,97,2,common_gen:validation:110,0,09db4adc94baaa9c675867717a93947065c57c7936ae986692c18ba3dd4422c0,52e300e2a5d030834fb385c696759cbdbd8b8818bd742f5489b31f6306ebfbef,success,,256.0,256.0,256.0,False,,model_loaded,12.172697155998321,0.3427878759976011,0.17146181499992963,0.5142496909975307,0.5142496909975307,562,2268,37545,31599860,248320,"{""allowed_count"": 248068, ""expected_count"": 248068, ""missing_expected"": [], ""ok"": true, ""stop_token_ids"": [248046], ""unexpected_allowed"": []}",2.794665980996797,xgrammar,0.621952950998093,2.253878771007294,12,64,"[2064, 4816, 1040, 678, 1876, 2597, 3799, 974, 0, 16018, 488, 35932, 1092, 488, 4035, 1040, 310, 4123, 466, 2466, 883, 30, 1690, 3010, 25, 2228, 12, 357, 3050, 8282, 318, 68, 1257, 2487, 7785, 11, 12641, 11, 3712, 11, 18001, 11504, 2228, 12, 357, 3296, 488, 1144, 1438, 34579, 30, 2228, 12, 23879, 488, 1318, 310, 12804, 4473, 30, 18050, 321, 4088, 248046]","It seems like your message got cut off! Could you clarify what you'd like to discuss or ask about? For example:  
- A specific topic (e.g., science, tech, history, arts)?  
- A question you need help answering?  
- Something you want to explore further?  

 and walk<|im_end|>",True,3795953152,7.003610940999351
098_common_gen_sets_differ_kna_t3_rep2,398,2,sets_differ,,3,2,64,16,926,976309744,common_gen,98,2,common_gen:validation:864,0,dbe837b23455dd8b2f07bdd00876832dc680c0a587ceab09b303e6a71e746f3c,23b78b3c5f2f7611fba4c57617c0d86b1f91a9f765723511cc8892c057573fa5,success,,256.0,256.0,256.0,False,,model_loaded,12.186488191000535,0.3429801070014946,0.2622840849944623,0.6052641919959569,0.6052641919959569,810,4042,66992,70820752,248320,"{""allowed_count"": 248068, ""expected_count"": 248068, ""missing_expected"": [], ""ok"": true, ""stop_token_ids"": [248046], ""unexpected_allowed"": []}",2.6696012939937646,xgrammar,0.619822637992911,2.243120758997975,12,64,"[2064, 4816, 1040, 678, 1876, 2493, 381, 31084, 0, 16018, 488, 35932, 1092, 488, 4035, 1040, 310, 4123, 466, 2466, 883, 30, 1690, 3010, 25, 2228, 12, 357, 3296, 11, 3377, 11, 466, 4374, 488, 2224, 3133, 383, 30, 2228, 12, 11150, 440, 4237, 11, 6618, 11, 466, 8396, 264, 7059, 30, 2228, 12, 23879, 745, 11040, 30, 18050, 9764, 728, 321, 9856, 248046]","It seems like your message might be incomplete! Could you clarify what you'd like to discuss or ask about? For example:  
- A question, problem, or idea you're working on?  
- Help with writing, learning, or understanding a concept?  
- Something else entirely?  

Let me and exercise<|im_end|>",True,3795953152,6.890493963990593
099_common_gen_sets_differ_kna_t4_rep2,399,3,sets_differ,,4,2,64,20,1173,938168580,common_gen,99,2,common_gen:validation:380,0,33c6c782b58cfdee27bc67e3bc70a891d0d16fae5f1d4203cb72dd6d2e1042f0,d7465100031817825e8e45f07a2c8bacf45cfe50c097b4338239144621df9334,success,,256.0,256.0,256.0,False,,model_loaded,12.217506978995516,0.3331020229961723,0.3602076639945153,0.6933096869906876,0.6933096869906876,1058,6304,104183,129633331,248320,"{""allowed_count"": 248068, ""expected_count"": 248068, ""missing_expected"": [], ""ok"": true, ""stop_token_ids"": [248046], ""unexpected_allowed"": []}",2.6829820690036286,xgrammar,0.6222965860069962,2.2217183399916394,12,64,"[2064, 4816, 678, 1876, 2493, 381, 31084, 0, 16018, 488, 4338, 35932, 1092, 488, 4035, 1040, 310, 1366, 466, 4123, 30, 1690, 3010, 25, 2228, 12, 357, 3296, 466, 3377, 488, 2224, 3133, 383, 30, 2228, 12, 1473, 4374, 488, 1318, 310, 12804, 30, 2228, 12, 23879, 488, 1144, 1438, 440, 318, 68, 1257, 2487, 4237, 11, 6157, 11, 10505, 11504, 321, 1353, 248046]","It seems your message might be incomplete! Could you please clarify what you'd like to know or discuss? For example:  
- A question or problem you're working on?  
- An idea you want to explore?  
- Something you need help with (e.g., writing, analysis, coding)? and look<|im_end|>",True,3795953152,6.951865661991178
100_common_gen_sets_differ_kna_t5_rep2,400,4,sets_differ,,5,2,64,24,1420,1828469491,common_gen,100,2,common_gen:validation:453,0,01f401415a20bc3cd599c87fca09bb51b368cbd4466c83cd1d248c20a211dedf,bccfb74a7a176aaa2c2307db4e3976f67f5c46dfb944c82db569efc0a89c86df,success,,256.0,256.0,256.0,False,,model_loaded,14.36984012099856,0.37039955299405847,0.47337705799145624,0.8437766109855147,0.8437766109855147,1306,9054,149118,210930461,248320,"{""allowed_count"": 248068, ""expected_count"": 248068, ""missing_expected"": [], ""ok"": true, ""stop_token_ids"": [248046], ""unexpected_allowed"": []}",2.830441099999007,xgrammar,0.6481283559987787,2.2343286920076935,12,64,"[2064, 4816, 678, 1876, 369, 31084, 0, 16018, 488, 4338, 35932, 1092, 488, 4035, 1040, 310, 4123, 466, 2466, 883, 30, 1690, 3010, 25, 2228, 12, 357, 3050, 8282, 318, 68, 1257, 2487, 7785, 11, 3712, 11, 5269, 8, 2228, 12, 357, 3296, 466, 3377, 310, 11290, 2228, 12, 357, 1622, 364, 1438, 440, 4237, 11, 10505, 11, 466, 6157, 2228, 321, 3222, 248046]","It seems your message is incomplete! Could you please clarify what you'd like to discuss or ask about? For example:  
- A specific topic (e.g., science, history, technology)  
- A question or problem to solve  
- A request for help with writing, coding, or analysis  
 and hold<|im_end|>",True,3795953152,7.383352560005733
101_common_gen_sets_differ_kna_t6_rep2,401,5,sets_differ,,6,2,64,28,1667,48054248,common_gen,101,2,common_gen:validation:673,0,532970d61e3f02cd6880c805ea27f351af1c4721167d585f47dc99ad88a24e00,cfe88db3c886fd0edd62c0a85a333759d964771a7d9276c7b316d00ab0ed60bb,success,,256.0,256.0,256.0,False,,model_loaded,13.449343774991576,0.3783394889906049,0.5942752319970168,0.9726147209876217,0.9726147209876217,1554,12292,201797,317605006,248320,"{""allowed_count"": 248068, ""expected_count"": 248068, ""missing_expected"": [], ""ok"": true, ""stop_token_ids"": [248046], ""unexpected_allowed"": []}",2.8529326190036954,xgrammar,0.6473865360021591,2.2341290520125767,12,64,"[2064, 4816, 1040, 678, 1876, 2597, 3799, 974, 0, 16018, 488, 4338, 35932, 1092, 488, 4035, 1040, 310, 1366, 466, 4123, 30, 1690, 3010, 25, 2228, 12, 357, 3050, 8282, 318, 68, 1257, 2487, 7785, 11, 3712, 11, 5269, 11504, 2228, 12, 357, 3296, 466, 3377, 488, 1144, 1438, 440, 30, 2228, 12, 23879, 11190, 318, 68, 1257, 2487, 449, 4374, 321, 3609, 248046]","It seems like your message got cut off! Could you please clarify what you'd like to know or discuss? For example:  
- A specific topic (e.g., science, history, technology)?  
- A question or problem you need help with?  
- Something creative (e.g., an idea and watch<|im_end|>",True,3795953152,7.573992512989207
102_common_gen_sets_differ_kna_t7_rep2,402,6,sets_differ,,7,2,64,32,1914,572630654,common_gen,102,2,common_gen:validation:888,0,bbf69224446a57a526b6689512c9557139afca42d1aeed99857b17c4358a4601,d3555ec524f629c190326fac3f982b006376e3b85f65cba545a0c81a5f8f529e,success,,256.0,256.0,256.0,False,,model_loaded,13.33280254699639,0.3882981679926161,0.7226535530062392,1.1109517209988553,1.1109517209988553,1802,16018,262220,452549830,248320,"{""allowed_count"": 248068, ""expected_count"": 248068, ""missing_expected"": [], ""ok"": true, ""stop_token_ids"": [248046], ""unexpected_allowed"": []}",2.8052422369946726,xgrammar,0.6404450510017341,2.189282915991498,12,64,"[2064, 4816, 1040, 678, 1876, 2493, 381, 31084, 0, 16018, 488, 35932, 1092, 488, 4035, 1040, 1438, 440, 30, 1690, 3010, 25, 2228, 12, 3054, 488, 1144, 1928, 11, 9183, 11, 466, 12622, 440, 264, 3050, 8282, 30, 2228, 12, 8448, 488, 9859, 264, 3296, 11, 21156, 264, 3377, 11, 466, 1066, 3322, 264, 15855, 6040, 30, 2228, 9764, 728, 1366, 321, 3165, 248046]","It seems like your message might be incomplete! Could you clarify what you'd like help with? For example:  
- Do you need information, advice, or assistance with a specific topic?  
- Are you asking a question, solving a problem, or just having a casual chat?  
Let me know and write<|im_end|>",True,3795953152,7.57081382299657
103_common_gen_sets_differ_kna_t8_rep2,403,7,sets_differ,,8,2,64,36,2161,1365137604,common_gen,103,2,common_gen:validation:240,0,77eb1090476c828eb70de6e6090310b7188b506a1464696e5d2b8b8f2a175c68,2e272b0d9ccf5f156ed6b398a8f5eafc7ab6c2f352a62105b906f110af4f144c,success,,256.0,256.0,256.0,False,,model_loaded,13.04251398400811,0.3799815719976323,0.8821634999912931,1.2621450719889253,1.2621450719889253,2050,20232,330387,618657797,248320,"{""allowed_count"": 248068, ""expected_count"": 248068, ""missing_expected"": [], ""ok"": true, ""stop_token_ids"": [248046], ""unexpected_allowed"": []}",2.7986961679998785,xgrammar,0.6288364570064005,2.1768772210052703,12,64,"[2064, 4816, 678, 1876, 2493, 381, 31084, 0, 16018, 488, 35932, 1092, 488, 4035, 1040, 310, 4123, 466, 2466, 883, 30, 12757, 424, 579, 5265, 310, 5269, 11, 7785, 11, 7431, 11, 466, 3977, 745, 11, 353, 2688, 1532, 310, 1438, 0, 25677, 232, 3437, 579, 383, 678, 3838, 30, 271, 2381, 3010, 25, 198, 12, 3054, 488, 1144, 1438, 440, 9668, 321, 248046]","It seems your message might be incomplete! Could you clarify what you'd like to discuss or ask about? Whether it's related to technology, science, culture, or anything else, I'm here to help! 😊 What's on your mind?

For example:
- Do you need help with holding and<|im_end|>",True,3795953152,7.633041391993174
104_common_gen_sets_differ_kna_t9_rep2,404,8,sets_differ,,9,2,64,40,2408,1526593342,common_gen,104,2,common_gen:validation:976,0,407b0e72e94fac01cccb470fa9062a3f036df99e108af991c4204b83be177cd7,2df641b47ca6ad1d929fbf0b195234c260c9102f00d09d4330dd1b86bbb98df7,success,,256.0,256.0,256.0,False,,model_loaded,13.50990703899879,0.3982627479999792,1.0380588229891146,1.4363215709890937,1.4363215709890937,2298,24934,408556,818821771,248320,"{""allowed_count"": 248068, ""expected_count"": 248068, ""missing_expected"": [], ""ok"": true, ""stop_token_ids"": [248046], ""unexpected_allowed"": []}",2.704451263998635,xgrammar,0.6387484509905335,2.227333114002249,12,64,"[2064, 4816, 678, 1876, 2493, 381, 31084, 0, 16018, 488, 35932, 1092, 488, 4035, 1040, 310, 1366, 466, 4123, 30, 1690, 3010, 25, 2228, 12, 357, 3050, 8282, 318, 68, 1257, 2487, 7785, 11, 5269, 11, 3712, 11504, 2228, 12, 357, 3296, 466, 3377, 310, 11290, 30, 2228, 12, 23879, 11190, 318, 68, 1257, 2487, 449, 4374, 11, 3255, 11, 466, 3627, 321, 248046]","It seems your message might be incomplete! Could you clarify what you'd like to know or discuss? For example:  
- A specific topic (e.g., science, technology, history)?  
- A question or problem to solve?  
- Something creative (e.g., an idea, story, or track and<|im_end|>",True,3795953152,7.811516717993072
105_common_gen_sets_differ_kna_t10_rep2,405,9,sets_differ,,10,2,64,44,2655,1739885609,common_gen,105,2,common_gen:validation:818,0,70a85c77da24c2b0d36622fb8f35f5a7e3f8af33f720e9b56031cd65c705f094,ba9893af10f372042a7a9f3fb027e84c7ae8d850a1b5914e2751adea2cad2c5c,success,,256.0,256.0,256.0,False,,model_loaded,13.502187965001212,0.4201723689911887,1.2135223259974737,1.6336946949886624,1.6336946949886624,2546,30124,494977,1055934616,248320,"{""allowed_count"": 248068, ""expected_count"": 248068, ""missing_expected"": [], ""ok"": true, ""stop_token_ids"": [248046], ""unexpected_allowed"": []}",2.7540373069932684,xgrammar,0.6418872210051632,2.208206233990495,12,64,"[2064, 4816, 678, 1876, 369, 31084, 0, 16018, 488, 35932, 1092, 488, 4035, 1040, 310, 1366, 466, 4123, 30, 1690, 3010, 25, 2228, 12, 357, 3050, 8282, 318, 68, 1257, 2487, 7785, 11, 3712, 11, 12641, 11, 11190, 4237, 11504, 2228, 12, 357, 3296, 466, 3377, 488, 2224, 3133, 383, 30, 2228, 12, 23879, 745, 11040, 30, 18050, 9764, 728, 1366, 321, 2213, 248046]","It seems your message is incomplete! Could you clarify what you'd like to know or discuss? For example:  
- A specific topic (e.g., science, history, tech, creative writing)?  
- A question or problem you're working on?  
- Something else entirely?  

Let me know and catch<|im_end|>",True,3795953152,8.042340112006059
106_common_gen_both_sides_kna_t1_rep2,406,0,both_sides,,1,2,64,6,364,51305430,common_gen,106,2,common_gen:validation:69,0,ebff3d8139ea90f320b1b5cc984d71a43155c682037b7ffbd94c82350fa7641f,58fb531c1ab2026a26ac53a9027db059e1669c9512be36a3775c37979d11f83c,success,,256.0,256.0,256.0,False,,model_loaded,12.256712956004776,0.34890542599896435,0.07296316399879288,0.4218685899977572,0.4218685899977572,248,724,12415,5626739,248320,"{""allowed_count"": 248067, ""expected_count"": 248067, ""missing_expected"": [], ""ok"": true, ""stop_token_ids"": [248046], ""unexpected_allowed"": []}",2.7362616970058298,xgrammar,0.6390425760037033,2.2649966739991214,12,64,"[2064, 4816, 1040, 678, 1876, 2597, 3799, 974, 0, 16018, 488, 4338, 35932, 1092, 488, 4035, 1040, 310, 4123, 466, 2466, 883, 30, 1690, 3010, 25, 2228, 12, 357, 3050, 8282, 318, 68, 1257, 2487, 7785, 11, 3712, 11, 12641, 11504, 2228, 12, 357, 3296, 488, 1144, 1438, 440, 30, 2228, 12, 23879, 745, 11040, 30, 18050, 9764, 728, 1366, 24562, 321, 24562, 248046]","It seems like your message got cut off! Could you please clarify what you'd like to discuss or ask about? For example:  
- A specific topic (e.g., science, history, tech)?  
- A question you need help with?  
- Something else entirely?  

Let me know climb and climb<|im_end|>",True,3795953152,6.903428160992917
107_common_gen_both_sides_kna_t2_rep2,407,1,both_sides,,2,2,64,10,546,871591343,common_gen,107,2,common_gen:validation:556,0,d2f355e7ca7c909e68e25ddae41e9a890a5f97fef8c21e6a825744845fcdd4fb,4dcac93d09924c4c928a3b8412e801ae0f4078dccda0d7aa965aaa4d6a3bce07,success,,256.0,256.0,256.0,False,,model_loaded,12.360206389988889,0.31841107699438,0.1301926580053987,0.4486037349997787,0.4486037349997787,431,1627,27478,18469771,248320,"{""allowed_count"": 248067, ""expected_count"": 248067, ""missing_expected"": [], ""ok"": true, ""stop_token_ids"": [248046], ""unexpected_allowed"": []}",2.738129299992579,xgrammar,0.6442971639917232,2.2226636060077,12,64,"[2064, 5686, 1040, 678, 1876, 2493, 381, 31084, 0, 16018, 488, 35932, 1092, 488, 4035, 1040, 310, 1366, 466, 4123, 30, 1690, 3010, 25, 2228, 12, 8448, 488, 9859, 883, 264, 3050, 8282, 318, 68, 1257, 2487, 5269, 11, 7785, 11, 7431, 11504, 2228, 12, 3054, 488, 1144, 1438, 440, 264, 3274, 318, 68, 1257, 2487, 4237, 11, 21156, 5154, 2919, 321, 2919, 248046]","It looks like your message might be incomplete! Could you clarify what you'd like to know or discuss? For example:  
- Are you asking about a specific topic (e.g., technology, science, culture)?  
- Do you need help with a task (e.g., writing, solving problems water and water<|im_end|>",True,3795953152,6.803835190003156
108_common_gen_both_sides_kna_t3_rep2,408,2,both_sides,,3,2,64,13,728,173730257,common_gen,108,2,common_gen:validation:154,0,f1b4c13702b76160ce176916d8aa30413c1ea68db70464e489a093d654eae6e5,7909f42fa649f720c9ea003e401df038d29138cd1af8b6a6868ff97d493e16f2,success,,256.0,256.0,256.0,False,,model_loaded,12.304603053999017,0.3410113699937938,0.19472729299741331,0.5357386629912071,0.5357386629912071,614,2890,48857,40451965,248320,"{""allowed_count"": 248067, ""expected_count"": 248067, ""missing_expected"": [], ""ok"": true, ""stop_token_ids"": [248046], ""unexpected_allowed"": []}",2.81223854298878,xgrammar,0.6312017449963605,2.2427550319989678,12,64,"[2064, 4816, 678, 1876, 2493, 381, 31084, 0, 16018, 488, 4338, 35932, 1092, 488, 4035, 1040, 310, 4123, 466, 2466, 883, 30, 1690, 3010, 25, 2228, 12, 357, 3296, 883, 7785, 11, 5269, 11, 3712, 11, 466, 7431, 30, 2228, 12, 11150, 440, 264, 3377, 466, 3274, 318, 68, 1257, 2487, 6673, 11, 10505, 11, 4237, 11504, 2228, 12, 54152, 6560, 321, 6560, 248046]","It seems your message might be incomplete! Could you please clarify what you'd like to discuss or ask about? For example:  
- A question about science, technology, history, or culture?  
- Help with a problem or task (e.g., math, coding, writing)?  
- Sharing arm and arm<|im_end|>",True,3795953152,6.957358706000377
109_common_gen_both_sides_kna_t4_rep2,409,3,both_sides,,4,2,64,16,910,1605160701,common_gen,109,2,common_gen:validation:552,0,198908bdaff99c8a01113d047a6657a580758210a184cdf9aedd00c73d37e198,4cbe62e575f9b36cb0d2aff475c49eafa19ce1de8162f4a215636f69a0f6ebe3,success,,256.0,256.0,256.0,False,,model_loaded,12.28134936899005,0.34189795098791365,0.2641010099905543,0.605998960978468,0.605998960978468,797,4513,75948,73145801,248320,"{""allowed_count"": 248067, ""expected_count"": 248067, ""missing_expected"": [], ""ok"": true, ""stop_token_ids"": [248046], ""unexpected_allowed"": []}",2.7677087019983446,xgrammar,0.6328011890000198,2.219435892009642,12,64,"[2064, 4816, 678, 1876, 2493, 381, 31084, 0, 16018, 488, 4338, 35932, 1092, 488, 4035, 1040, 310, 1366, 466, 4123, 30, 1690, 3010, 25, 2228, 12, 357, 3050, 8282, 318, 68, 1257, 2487, 7785, 11, 3712, 11, 12641, 11504, 2228, 12, 357, 3296, 466, 3377, 488, 1144, 1438, 440, 30, 2228, 12, 23879, 745, 11040, 30, 18050, 9658, 1042, 728, 9558, 321, 9558, 248046]","It seems your message might be incomplete! Could you please clarify what you'd like to know or discuss? For example:  
- A specific topic (e.g., science, history, tech)?  
- A question or problem you need help with?  
- Something else entirely?  

Just let me wear and wear<|im_end|>",True,3795953152,7.002100514000631
110_common_gen_both_sides_kna_t5_rep2,410,4,both_sides,,5,2,64,19,1092,1614795441,common_gen,110,2,common_gen:validation:859,0,303a7efa0d38b6b8da2139191773c8f77241985a77d4b62b488387f83e58430b,6366ba2aeaa608db3ce49e5da9aabd09483c62da76acf00dabe6bef1e09df34b,success,,256.0,256.0,256.0,False,,model_loaded,12.737099566002144,0.35415991699846927,0.3418963400035864,0.6960562570020556,0.6960562570020556,980,6496,108751,118123759,248320,"{""allowed_count"": 248067, ""expected_count"": 248067, ""missing_expected"": [], ""ok"": true, ""stop_token_ids"": [248046], ""unexpected_allowed"": []}",2.756415247989935,xgrammar,0.629410869005369,2.2058864580030786,12,64,"[2064, 4816, 1040, 678, 1876, 2597, 3799, 974, 0, 16018, 488, 4338, 35932, 1092, 488, 4035, 1040, 310, 4123, 466, 4191, 30, 12757, 424, 579, 264, 3296, 11, 264, 11190, 4374, 11, 264, 3377, 94762, 5313, 11, 466, 1066, 264, 15855, 10125, 11, 353, 2688, 1532, 310, 1438, 0, 25677, 232, 3437, 1000, 488, 1040, 310, 12804, 30, 18050, 6391, 59560, 321, 59560, 248046]","It seems like your message got cut off! Could you please clarify what you'd like to discuss or share? Whether it's a question, a creative idea, a problem-solving approach, or just a casual conversation, I'm here to help! 😊 What would you like to explore?  

*( guitarist and guitarist<|im_end|>",True,3795953152,7.064782446002937
111_common_gen_both_sides_kna_t6_rep2,411,5,both_sides,,6,2,64,22,1274,1848551698,common_gen,111,2,common_gen:validation:98,0,7efefadf0fba388475efe4e1d866f5b60dfdeac1ed7953a99d7ee9d6f69462f8,6825df15b8ea3249711020cb6e61a2ca09c8dcb60983c6b6715fbaf3ea193c30,success,,256.0,256.0,256.0,False,,model_loaded,12.690648357005557,0.3465963150083553,0.42488995600433555,0.7714862710126908,0.7714862710126908,1163,8839,147266,176958319,248320,"{""allowed_count"": 248067, ""expected_count"": 248067, ""missing_expected"": [], ""ok"": true, ""stop_token_ids"": [248046], ""unexpected_allowed"": []}",2.725749147008173,xgrammar,0.6149551639973652,2.198962049995316,12,64,"[2064, 4816, 678, 1876, 2493, 381, 31084, 0, 16018, 488, 4338, 35932, 1092, 488, 4035, 1040, 310, 1366, 466, 4123, 30, 1690, 3010, 25, 2228, 12, 3054, 488, 599, 264, 3296, 883, 264, 8282, 30, 2228, 12, 8448, 488, 3221, 364, 1438, 440, 264, 3274, 30, 2228, 12, 3054, 488, 1144, 18005, 11, 39492, 11, 466, 2414, 745, 30, 18050, 58445, 321, 58445, 248046]","It seems your message might be incomplete! Could you please clarify what you'd like to know or discuss? For example:  
- Do you have a question about a topic?  
- Are you looking for help with a task?  
- Do you need recommendations, explanations, or something else?  

 dancers and dancers<|im_end|>",True,3795953152,7.0745655659993645
112_common_gen_both_sides_kna_t7_rep2,412,6,both_sides,,7,2,64,25,1456,352329145,common_gen,112,2,common_gen:validation:298,0,8563cf1f29ffcacabed6b68752b2a044f3ac7b3c691ce6d283addd7993449dde,eeb6231be4d091981d36251473ccf767c432f6b52ab79810e0243f0bc092452e,success,,256.0,256.0,256.0,False,,model_loaded,12.924385228994652,0.3614475020003738,0.5123281459964346,0.8737756479968084,0.8737756479968084,1346,11542,191493,251221961,248320,"{""allowed_count"": 248067, ""expected_count"": 248067, ""missing_expected"": [], ""ok"": true, ""stop_token_ids"": [248046], ""unexpected_allowed"": []}",2.9897562749974895,xgrammar,0.6260527510021348,2.2071061780006858,12,64,"[2064, 4816, 1040, 678, 1876, 2493, 381, 31084, 0, 16018, 488, 4338, 35932, 1092, 488, 4035, 1040, 1438, 440, 30, 1690, 3010, 25, 2228, 12, 3054, 488, 599, 264, 3296, 883, 264, 8282, 30, 2228, 12, 14235, 12622, 440, 264, 3274, 318, 68, 1257, 2487, 4237, 11, 10505, 11, 6673, 11504, 2228, 12, 22528, 310, 4123, 2414, 3050, 30, 18050, 16328, 321, 16328, 248046]","It seems like your message might be incomplete! Could you please clarify what you'd like help with? For example:  
- Do you have a question about a topic?  
- Need assistance with a task (e.g., writing, coding, math)?  
- Want to discuss something specific?  

 lady and lady<|im_end|>",True,3795953152,7.440249299994321
113_common_gen_both_sides_kna_t8_rep2,413,7,both_sides,,8,2,64,28,1638,1962849389,common_gen,113,2,common_gen:validation:284,0,62917da5f1405f2c8a92319fbc2f02184040a48ddefb4c9a5d536ab144585b57,b9b4d5cc7b69772c86eb09cd16cdccfb7f170ac273a0796e0cd6799f5a8a4c45,success,,256.0,256.0,256.0,False,,model_loaded,13.13630757998908,0.36858017499616835,0.6126058469963027,0.9811860219924711,0.9811860219924711,1529,14605,241432,342487165,248320,"{""allowed_count"": 248067, ""expected_count"": 248067, ""missing_expected"": [], ""ok"": true, ""stop_token_ids"": [248046], ""unexpected_allowed"": []}",3.0389607710094424,xgrammar,0.6432292130048154,2.237384234991623,12,64,"[2064, 4816, 1040, 678, 1876, 2493, 381, 31084, 0, 16018, 488, 35932, 1092, 488, 4035, 1040, 310, 4123, 466, 2466, 883, 30, 1690, 3010, 25, 2228, 12, 3054, 488, 1144, 1438, 440, 264, 3050, 8282, 318, 68, 1257, 2487, 7785, 11, 3712, 11, 12641, 11504, 2228, 12, 8448, 488, 3133, 383, 264, 2313, 466, 3377, 30, 2228, 12, 18315, 488, 1637, 321, 1637, 248046]","It seems like your message might be incomplete! Could you clarify what you'd like to discuss or ask about? For example:  
- Do you need help with a specific topic (e.g., science, history, tech)?  
- Are you working on a project or problem?  
- Would you person and person<|im_end|>",True,3795953152,7.658407586000976
114_common_gen_both_sides_kna_t9_rep2,414,8,both_sides,,9,2,64,31,1820,1187597341,common_gen,114,2,common_gen:validation:281,0,ebeddc89719f7278af3b25cbfab544911360db7bd0c54eaeac8b07f2658ad4d8,1257eaa6329f13bf1f9019b43f0f827a69a9d7d2092b05545137c0f39f85d25e,success,,256.0,256.0,256.0,False,,model_loaded,13.483473014988704,0.37327409799036104,0.71575908199884,1.089033179989201,1.089033179989201,1712,18028,298764,452326411,248320,"{""allowed_count"": 248067, ""expected_count"": 248067, ""missing_expected"": [], ""ok"": true, ""stop_token_ids"": [248046], ""unexpected_allowed"": []}",2.9818074500071816,xgrammar,0.6168298959964886,2.1850391309999395,12,64,"[2064, 4816, 1040, 678, 1876, 2493, 381, 31084, 0, 16018, 488, 35932, 1092, 488, 4035, 1040, 1438, 440, 30, 1690, 3010, 25, 2228, 12, 14235, 18005, 364, 6265, 11, 9228, 11, 466, 5640, 32007, 30, 2228, 12, 4361, 59846, 440, 264, 6673, 3377, 466, 10505, 8381, 30, 2228, 12, 22528, 310, 83783, 6498, 364, 449, 1484, 11, 2313, 11, 466, 2418, 321, 2418, 248046]","It seems like your message might be incomplete! Could you clarify what you'd like help with? For example:  
- Need recommendations for books, movies, or travel destinations?  
- Struggling with a math problem or coding challenge?  
- Want to brainstorm ideas for an event, project, or stand and stand<|im_end|>",True,3795953152,7.635071990007418
115_common_gen_both_sides_kna_t10_rep2,415,9,both_sides,,10,2,64,34,2002,1971654649,common_gen,115,2,common_gen:validation:736,0,b3c7eaaac347d7a53c3f88c2be1af03781264c0ec9b99bd95a3c8bd426308bfe,e17c65382fb8f83863b5b53c6336d67534b93d7f100d610a8fec980e7800b86e,success,,256.0,256.0,256.0,False,,model_loaded,13.478454520998639,0.38628512699506246,0.8379377879900858,1.2242229149851482,1.2242229149851482,1895,21811,361578,582312179,248320,"{""allowed_count"": 248067, ""expected_count"": 248067, ""missing_expected"": [], ""ok"": true, ""stop_token_ids"": [248046], ""unexpected_allowed"": []}",2.889036335996934,xgrammar,0.6218900739913806,2.2402014559920644,12,64,"[2064, 4816, 1040, 678, 1876, 2597, 3799, 974, 0, 16018, 488, 4338, 35932, 1092, 488, 4035, 1040, 1438, 440, 30, 1690, 3010, 25, 2228, 12, 357, 3296, 883, 7785, 11, 3712, 11, 466, 7431, 30, 2228, 12, 357, 1622, 364, 4237, 11, 10505, 11, 466, 2790, 12622, 30, 2228, 12, 357, 9915, 383, 264, 3050, 8282, 30, 2228, 12, 23879, 7359, 321, 7359, 248046]","It seems like your message got cut off! Could you please clarify what you'd like help with? For example:  
- A question about science, history, or culture?  
- A request for writing, coding, or design assistance?  
- A discussion on a specific topic?  
- Something instruction and instruction<|im_end|>",True,3795953152,7.720388859001105
116_common_gen_both_sides_kna_t11_rep2,416,10,both_sides,,11,2,64,37,2184,1939924676,common_gen,116,2,common_gen:validation:446,0,d6e469922815b6e8137196e29b82449a732b32b10bc3cf39eef624bd74bc7b14,8ff9701d7ff84c23157c9b4cbd93b1a19c46792152e4a3c79e79785ef2f15af2,success,,256.0,256.0,256.0,False,,model_loaded,13.315661829998135,0.3888474720006343,0.9715183170046657,1.3603657890053,1.3603657890053,2078,25954,430997,734016949,248320,"{""allowed_count"": 248067, ""expected_count"": 248067, ""missing_expected"": [], ""ok"": true, ""stop_token_ids"": [248046], ""unexpected_allowed"": []}",2.860211184990476,xgrammar,0.5912769659917103,2.2106798849999905,12,64,"[2064, 4816, 1040, 678, 1876, 2493, 381, 31084, 0, 16018, 488, 35932, 1092, 488, 4035, 1040, 310, 4123, 466, 2466, 883, 30, 1690, 3010, 25, 2228, 12, 357, 3296, 883, 5269, 11, 7785, 11, 3712, 11, 466, 2414, 745, 30, 2228, 12, 44241, 440, 264, 3274, 318, 68, 1257, 2487, 4237, 11, 10505, 11, 6673, 11, 11870, 44969, 11504, 2228, 17230, 321, 17230, 248046]","It seems like your message might be incomplete! Could you clarify what you'd like to discuss or ask about? For example:  
- A question about technology, science, history, or something else?  
- Assistance with a task (e.g., writing, coding, math, logic puzzles)?  
 dad and dad<|im_end|>",True,3795953152,7.778255650002393
117_common_gen_both_sides_kna_t12_rep2,417,11,both_sides,,12,2,64,40,2366,659770294,common_gen,117,2,common_gen:validation:740,0,de5d57961afd04d72f84084b86f2c5304469b172036f0a0df85396492f3bddee,54b8637b7fce72e264cfbe737c127ff116dc727fb75c8855f22b7cf0d5cee4ac,success,,256.0,256.0,256.0,False,,model_loaded,13.53957639800501,0.40166306699393317,1.0998784999974305,1.5015415669913637,1.5015415669913637,2261,30457,506488,909013201,248320,"{""allowed_count"": 248067, ""expected_count"": 248067, ""missing_expected"": [], ""ok"": true, ""stop_token_ids"": [248046], ""unexpected_allowed"": []}",2.777763991005486,xgrammar,0.6181527080043452,2.1884506450005574,12,64,"[2064, 4816, 1040, 678, 1876, 2493, 381, 31084, 0, 16018, 488, 35932, 1092, 488, 4035, 1040, 1438, 440, 30, 1690, 3010, 25, 2228, 12, 357, 3296, 883, 7785, 11, 3712, 11, 466, 5269, 30, 2228, 12, 357, 1622, 364, 18005, 318, 11766, 11, 9228, 11, 18066, 11504, 2228, 12, 14235, 12622, 440, 10505, 11, 6673, 11, 466, 4237, 30, 2228, 8941, 321, 8941, 248046]","It seems like your message might be incomplete! Could you clarify what you'd like help with? For example:  
- A question about science, history, or technology?  
- A request for recommendations (books, movies, recipes)?  
- Need assistance with coding, math, or writing?  
 stick and stick<|im_end|>",True,3795953152,7.9056848239997635
118_common_gen_both_sides_kna_t13_rep2,418,12,both_sides,,13,2,64,43,2548,1160402031,common_gen,118,2,common_gen:validation:531,0,7f1e7ef8b1ab958827a67ad429f1f7e79da558a80362a666067ca0a941a64c54,f49d7e3928151c085a53ead0ed211c99768058769965d23f9a8820e7d837d3dc,success,,256.0,256.0,256.0,False,,model_loaded,13.53572637400066,0.42132384999422356,1.2526448240096215,1.673968674003845,1.673968674003845,2444,35320,588051,1108873415,248320,"{""allowed_count"": 248067, ""expected_count"": 248067, ""missing_expected"": [], ""ok"": true, ""stop_token_ids"": [248046], ""unexpected_allowed"": []}",2.807147758998326,xgrammar,0.6203031889890553,2.194003402997623,12,64,"[2064, 4816, 1040, 678, 1876, 2493, 381, 31084, 0, 16018, 488, 35932, 1092, 488, 4035, 1040, 310, 4123, 466, 1144, 1438, 440, 30, 1690, 3010, 25, 2228, 12, 357, 3050, 8282, 318, 68, 1257, 2487, 7785, 11, 3712, 11, 5269, 11504, 2228, 12, 357, 3377, 488, 2224, 3133, 383, 30, 2228, 12, 23879, 745, 11040, 30, 18050, 9764, 728, 1366, 6365, 321, 6365, 248046]","It seems like your message might be incomplete! Could you clarify what you'd like to discuss or need help with? For example:  
- A specific topic (e.g., science, history, technology)?  
- A problem you're working on?  
- Something else entirely?  

Let me know piece and piece<|im_end|>",True,3795953152,8.036290974996518
119_common_gen_both_sides_kna_t14_rep2,419,13,both_sides,,14,2,64,46,2730,1487259393,common_gen,119,2,common_gen:validation:686,0,6ea99a8ba3f8ac7a5995c8d6f339a4b813f9b4424442654ed907e2acdbb92f52,3dff60d8815e3aabf0e9230c9d1354ab93430de0cb1df3d9c9d1106116f5d20c,success,,256.0,256.0,256.0,False,,model_loaded,13.800891834005597,0.4273260900081368,1.3954918779927539,1.8228179680008907,1.8228179680008907,2627,40543,675686,1335170071,248320,"{""allowed_count"": 248067, ""expected_count"": 248067, ""missing_expected"": [], ""ok"": true, ""stop_token_ids"": [248046], ""unexpected_allowed"": []}",2.678173976994003,xgrammar,0.6339723249984672,2.2330500560055953,12,64,"[2064, 4816, 678, 1876, 369, 31084, 0, 16018, 488, 35932, 1092, 488, 4035, 1040, 1438, 440, 30, 1690, 3010, 25, 2228, 12, 3054, 488, 1144, 1928, 383, 264, 8282, 318, 38248, 11, 3712, 11, 12641, 11, 4831, 5946, 30, 2228, 12, 8448, 488, 3133, 383, 264, 2313, 466, 21156, 264, 3377, 30, 2228, 12, 3054, 488, 599, 264, 3296, 883, 2002, 321, 2002, 248046]","It seems your message is incomplete! Could you clarify what you'd like help with? For example:  
- Do you need information on a topic (science, history, tech, etc.)?  
- Are you working on a project or solving a problem?  
- Do you have a question about field and field<|im_end|>",True,3795953152,8.130983473995002
120_common_gen_both_sides_kna_t15_rep2,420,14,both_sides,,15,2,64,49,2912,863296311,common_gen,120,2,common_gen:validation:572,0,f78690ee535a48f871d872726770ec76f10762bffbedc5da4d0bc1fc839501ea,781517664bc2a6ab56cf69c48509d684821de3778680e695e8bcdbec76a8ab0e,success,,256.0,256.0,256.0,False,,model_loaded,15.594311451000976,0.4595898920088075,1.567427781992592,2.0270176740013994,2.0270176740013994,2810,46126,769393,1589475649,248320,"{""allowed_count"": 248067, ""expected_count"": 248067, ""missing_expected"": [], ""ok"": true, ""stop_token_ids"": [248046], ""unexpected_allowed"": []}",2.7306237349985167,xgrammar,0.6352363080077339,2.2094237620040076,12,64,"[2064, 4816, 678, 1876, 2597, 3799, 974, 0, 16018, 488, 4338, 3300, 777, 3447, 466, 4434, 678, 3296, 30, 1690, 3010, 25, 2228, 12, 3437, 8282, 1000, 488, 1040, 310, 4123, 30, 2228, 12, 3437, 3050, 1438, 635, 488, 1144, 30, 2228, 12, 3437, 2193, 466, 3447, 1220, 353, 2830, 30, 18050, 9764, 728, 1366, 1204, 353, 628, 7543, 0, 7914, 321, 7914, 248046]","It seems your message got cut off! Could you please provide more details or complete your question? For example:  
- What topic would you like to discuss?  
- What specific help do you need?  
- What context or details should I include?  

Let me know how I can assist! boy and boy<|im_end|>",True,3795953152,8.374434626995935
121_common_gen_even_count_kna_t1_rep2,421,0,even_count,,1,2,64,4,308,1484544343,common_gen,121,2,common_gen:validation:632,0,66be72d2aafdaf30c3a875e1c166215640d405692e6a42661d5d76bff85dbb1f,4e402962d2d52df052adfea4241f924247acc3fe5943d5f095e6b3708e013063,success,,256.0,256.0,256.0,False,,model_loaded,13.153327163992799,0.33432488299149554,0.05722941599378828,0.3915542989852838,0.3915542989852838,190,612,10219,3493850,248320,"{""allowed_count"": 248068, ""expected_count"": 248068, ""missing_expected"": [], ""ok"": true, ""stop_token_ids"": [248046], ""unexpected_allowed"": []}",2.859305434001726,xgrammar,0.6310556870012078,2.2809903439920163,12,64,"[9419, 0, 1049, 4816, 1040, 678, 1876, 2597, 3799, 974, 13, 16018, 488, 4338, 3300, 777, 3447, 466, 4434, 678, 3272, 30, 1690, 3010, 11, 513, 488, 3221, 364, 1438, 440, 2414, 3050, 11, 9859, 264, 3296, 11, 466, 1066, 5732, 264, 10125, 30, 353, 2688, 1532, 310, 7543, 0, 25677, 232, 271, 3710, 1000, 488, 1040, 310, 12804, 466, 4123, 6365, 6365, 248046]","Hello! It seems like your message got cut off. Could you please provide more details or complete your thought? For example, are you looking for help with something specific, asking a question, or just starting a conversation? I'm here to assist! 😊

What would you like to explore or discuss piece piece<|im_end|>",True,3795953152,6.909023517000605
122_common_gen_even_count_kna_t2_rep2,422,1,even_count,,2,2,64,8,493,38642501,common_gen,122,2,common_gen:validation:202,0,d05282531c865fc77d8ffdb700b20a23dbf3676dba3a78319896aa1d0099e073,d0b2c18f5b313f690df4acf6262231a003997e6ebdd8152c2f61b884abb26b65,success,,256.0,256.0,256.0,False,,model_loaded,12.071012927000993,0.34219246699649375,0.11496694901143201,0.45715941600792576,0.45715941600792576,376,1590,25811,14590532,248320,"{""allowed_count"": 248068, ""expected_count"": 248068, ""missing_expected"": [], ""ok"": true, ""stop_token_ids"": [248046], ""unexpected_allowed"": []}",2.721365468998556,xgrammar,0.637777690004441,2.2038915260054637,12,64,"[2064, 4816, 1040, 678, 1876, 2597, 3799, 974, 0, 16018, 488, 35932, 1092, 488, 4035, 1040, 1438, 440, 30, 1690, 3010, 25, 2228, 12, 3054, 488, 1144, 1438, 440, 264, 2972, 49516, 8282, 332, 318, 68, 1257, 2487, 7785, 11, 3712, 11, 5269, 11504, 2228, 12, 8448, 488, 3221, 364, 2972, 82, 19588, 310, 264, 3377, 193260, 2228, 12, 3054, 488, 1898, 1898, 248046]","It seems like your message got cut off! Could you clarify what you'd like help with? For example:  
- Do you need help with a **specific topic** (e.g., science, history, technology)?  
- Are you looking for **solutions to a problem**?  
- Do you table table<|im_end|>",True,3795953152,6.886410971012083
123_common_gen_even_count_kna_t3_rep2,423,2,even_count,,3,2,64,11,678,1786006800,common_gen,123,2,common_gen:validation:30,0,9b262715af1cdd862dde3482ee4b571420027cfe556527368d98548310034921,1975a489bcc0f521ada4c0a746c36cd35e39700cb0e9836e79f6b3d7797bbbd0,success,,256.0,256.0,256.0,False,,model_loaded,12.043612566005322,0.32685873200534843,0.17834744800347835,0.5052061800088268,0.5052061800088268,562,2934,47213,34916288,248320,"{""allowed_count"": 248068, ""expected_count"": 248068, ""missing_expected"": [], ""ok"": true, ""stop_token_ids"": [248046], ""unexpected_allowed"": []}",2.757862696002121,xgrammar,0.642975031005335,2.223348455008818,12,64,"[2064, 4816, 1040, 678, 1876, 2597, 3799, 974, 0, 16018, 488, 35932, 1092, 488, 4035, 1040, 310, 4123, 466, 2466, 883, 30, 1690, 3010, 25, 2228, 12, 357, 3050, 8282, 318, 68, 1257, 2487, 7785, 11, 3712, 11, 5269, 11504, 2228, 12, 357, 3296, 488, 1144, 1438, 34579, 30, 2228, 12, 23879, 11190, 318, 68, 1257, 2487, 4237, 11, 6498, 11, 14084, 14084, 248046]","It seems like your message got cut off! Could you clarify what you'd like to discuss or ask about? For example:  
- A specific topic (e.g., science, history, technology)?  
- A question you need help answering?  
- Something creative (e.g., writing, ideas, stretch stretch<|im_end|>",True,3795953152,6.8970701419893885
124_common_gen_even_count_kna_t4_rep2,424,3,even_count,,4,2,64,14,863,1263411190,common_gen,124,2,common_gen:validation:89,0,74e5e4af49aa8d42ce6bf9617629e642341a3a2c22ba6c07db09d9299ea8f854,c08f3604fb5173fba06f57a8faf01e907b75eacf61f7c8b5da3098248d4ce087,success,,256.0,256.0,256.0,False,,model_loaded,12.460702002004837,0.3441970740095712,0.2492830349947326,0.5934801090043038,0.5934801090043038,748,4644,75034,66096158,248320,"{""allowed_count"": 248068, ""expected_count"": 248068, ""missing_expected"": [], ""ok"": true, ""stop_token_ids"": [248046], ""unexpected_allowed"": []}",2.7555641069920966,xgrammar,0.6309863140049856,2.1718027720053215,12,64,"[2064, 4816, 1040, 678, 1876, 2493, 381, 31084, 0, 16018, 488, 4338, 35932, 1092, 488, 4035, 1040, 1438, 440, 30, 1690, 3010, 25, 2228, 12, 3054, 488, 599, 264, 3296, 11, 1144, 449, 15673, 11, 466, 1318, 310, 83783, 6498, 30, 2228, 12, 8448, 488, 3221, 364, 12622, 440, 264, 3050, 8282, 318, 68, 1257, 2487, 6618, 11, 944, 11, 26702, 4088, 4088, 248046]","It seems like your message might be incomplete! Could you please clarify what you'd like help with? For example:  
- Do you have a question, need an explanation, or want to brainstorm ideas?  
- Are you looking for assistance with a specific topic (e.g., learning, work, creativity walk walk<|im_end|>",True,3795953152,6.942511494999053
125_common_gen_even_count_kna_t5_rep2,425,4,even_count,,5,2,64,17,1048,1756175381,common_gen,125,2,common_gen:validation:765,0,3b062a66dabcca0975093b9a72e5bd7903515ce17b8129f0601694f72ed3a193,f799f1d4dec5350231d7af1480804dd97b31ef10ae80d22e1358154ec08ca5c9,success,,256.0,256.0,256.0,False,,model_loaded,12.526519689999986,0.3488034160109237,0.3247264539968455,0.6735298700077692,0.6735298700077692,934,6720,108663,109755182,248320,"{""allowed_count"": 248068, ""expected_count"": 248068, ""missing_expected"": [], ""ok"": true, ""stop_token_ids"": [248046], ""unexpected_allowed"": []}",2.838300606003031,xgrammar,0.6302934830018785,2.1760118899983354,12,64,"[2064, 4816, 1040, 678, 1876, 2597, 3799, 974, 0, 16018, 488, 4338, 35932, 1092, 488, 4035, 1040, 310, 1366, 466, 4123, 30, 1690, 3010, 25, 2228, 12, 3054, 488, 1144, 1438, 440, 264, 3050, 3274, 318, 68, 1257, 2487, 4237, 11, 6157, 11, 10505, 11504, 2228, 12, 8448, 488, 9859, 883, 264, 8282, 1040, 5269, 11, 7785, 11, 7431, 11, 4831, 3929, 3929, 248046]","It seems like your message got cut off! Could you please clarify what you'd like to know or discuss? For example:  
- Do you need help with a specific task (e.g., writing, analysis, coding)?  
- Are you asking about a topic like technology, science, culture, etc front front<|im_end|>",True,3795953152,7.088432364995242
126_common_gen_even_count_kna_t6_rep2,426,5,even_count,,6,2,64,20,1233,661951391,common_gen,126,2,common_gen:validation:128,0,4928ceeeb843c2d7a4bc0a4de87f0e5afed73903fa7118120eca3d2a023c26b4,38d423dbbac98077468e023c6fe1deba0a299f0f4bb81d6b6c04e1fbb67db8e9,success,,256.0,256.0,256.0,False,,model_loaded,12.662493712996366,0.3485436420014594,0.4078188749990659,0.7563625170005253,0.7563625170005253,1120,9162,148100,167518400,248320,"{""allowed_count"": 248068, ""expected_count"": 248068, ""missing_expected"": [], ""ok"": true, ""stop_token_ids"": [248046], ""unexpected_allowed"": []}",2.63352410600055,xgrammar,0.6360363599960692,2.429803727005492,12,64,"[2064, 4816, 1040, 678, 1876, 2493, 381, 31084, 0, 16018, 488, 35932, 1092, 488, 4035, 1040, 310, 4123, 466, 11290, 30, 1690, 3010, 25, 2228, 12, 357, 6673, 3377, 30, 2228, 12, 46472, 1438, 30, 2228, 12, 23146, 12622, 30, 2228, 12, 357, 4437, 3296, 30, 18050, 9764, 728, 1366, 678, 5614, 11, 321, 353, 3172, 49240, 821, 1965, 0, 25677, 18659, 18659, 248046]","It seems like your message might be incomplete! Could you clarify what you'd like to discuss or solve? For example:  
- A math problem?  
- Coding help?  
- Writing assistance?  
- A general question?  

Let me know your goal, and I'll tailor my response! � basketball basketball<|im_end|>",True,3795953152,7.200956259999657
127_common_gen_even_count_kna_t7_rep2,427,6,even_count,,7,2,64,23,1418,1733346817,common_gen,127,2,common_gen:validation:236,0,88b7f07fb6afe7746543c19babc2034a00c8e485e51bbc988214882b5a5817cc,abe7aa33eebf2887cf3025cff8e543f3ee1c7b21ed7dbd417e485fafd49631bd,success,,256.0,256.0,256.0,False,,model_loaded,12.932989749999251,0.3471208060072968,0.49974312499398366,0.8468639310012804,0.8468639310012804,1306,11970,193345,241010852,248320,"{""allowed_count"": 248068, ""expected_count"": 248068, ""missing_expected"": [], ""ok"": true, ""stop_token_ids"": [248046], ""unexpected_allowed"": []}",2.8539002040051855,xgrammar,0.5990332439978374,2.2696352469938574,12,64,"[2064, 4816, 678, 1876, 2493, 381, 31084, 0, 16018, 488, 4338, 35932, 1092, 488, 4035, 1040, 1438, 440, 30, 1690, 3010, 25, 2228, 12, 3054, 488, 1144, 12622, 440, 264, 3050, 8282, 318, 38248, 11, 3712, 11, 12641, 11, 4831, 5946, 30, 2228, 12, 14235, 1438, 21156, 264, 6673, 3377, 466, 10505, 264, 5148, 30, 2228, 12, 22528, 310, 4123, 264, 4860, 4860, 248046]","It seems your message might be incomplete! Could you please clarify what you'd like help with? For example:  
- Do you need assistance with a specific topic (science, history, tech, etc.)?  
- Need help solving a math problem or coding a script?  
- Want to discuss a longer longer<|im_end|>",True,3795953152,7.329403452997212
128_common_gen_even_count_kna_t8_rep2,428,7,even_count,,8,2,64,26,1603,1204271954,common_gen,128,2,common_gen:validation:865,0,c5fe448067d9d468b2fc0bdccccb3427742fc6d82cdcbf5ac173c6d06e6fc014,54bcc3959af447ff088a1e18a2eeb9a57d59edaa412eff5022d39055444b8ab7,success,,256.0,256.0,256.0,False,,model_loaded,12.869429187994683,0.36943756400432903,0.5983444589946885,0.9677820229990175,0.9677820229990175,1492,15144,244398,331857578,248320,"{""allowed_count"": 248068, ""expected_count"": 248068, ""missing_expected"": [], ""ok"": true, ""stop_token_ids"": [248046], ""unexpected_allowed"": []}",2.8589774489955744,xgrammar,0.6217415659921244,2.20329567999579,12,64,"[2064, 4816, 1040, 678, 1876, 2597, 3799, 974, 0, 16018, 488, 4338, 35932, 1092, 488, 4035, 1040, 310, 1366, 466, 4123, 30, 1690, 3010, 25, 2228, 12, 357, 3296, 883, 5269, 11, 7785, 11, 3712, 11, 4831, 78603, 2228, 12, 11150, 440, 264, 3274, 11, 4374, 11, 466, 3377, 30, 2228, 12, 23879, 745, 11040, 30, 18050, 9764, 728, 1366, 1204, 22105, 22105, 248046]","It seems like your message got cut off! Could you please clarify what you'd like to know or discuss? For example:  
- A question about technology, science, history, etc.?  
- Help with a task, idea, or problem?  
- Something else entirely?  

Let me know how juice juice<|im_end|>",True,3795953152,7.394208701007301
129_common_gen_even_count_kna_t9_rep2,429,8,even_count,,9,2,64,29,1788,1931760024,common_gen,129,2,common_gen:validation:505,0,3f3afb7d0d4aed9562da66a963618de56b5cb757f553437babc53d28212789c8,303b993bc6e7f3f87c37db00d72ff57bf1a397e07dcc9757514d91542f7a2b85,success,,256.0,256.0,256.0,False,,model_loaded,13.177851503991405,0.3691172760009067,0.7084635810024338,1.0775808570033405,1.0775808570033405,1678,18684,302907,441683618,248320,"{""allowed_count"": 248068, ""expected_count"": 248068, ""missing_expected"": [], ""ok"": true, ""stop_token_ids"": [248046], ""unexpected_allowed"": []}",2.877214284002548,xgrammar,0.6279648080089828,2.2359420919965487,12,64,"[2064, 4816, 1040, 678, 1876, 2493, 381, 31084, 0, 16018, 488, 4338, 35932, 1092, 488, 4035, 1040, 1438, 440, 30, 1690, 3010, 25, 2228, 12, 357, 3296, 883, 264, 8282, 318, 68, 1257, 2487, 7785, 11, 3712, 11, 12641, 11504, 2228, 12, 44241, 440, 264, 3274, 318, 68, 1257, 2487, 4237, 11, 10505, 11, 6673, 11504, 2228, 12, 23879, 745, 11040, 20592, 20592, 248046]","It seems like your message might be incomplete! Could you please clarify what you'd like help with? For example:  
- A question about a topic (e.g., science, history, tech)?  
- Assistance with a task (e.g., writing, coding, math)?  
- Something else entirely throwing throwing<|im_end|>",True,3795953152,7.650351435004268
130_common_gen_even_count_kna_t10_rep2,430,9,even_count,,10,2,64,32,1973,342282746,common_gen,130,2,common_gen:validation:329,0,03f06b6108c03f78b17bceace48c468297e9c301183e571d2838a0cec0c9c215,f6b9be44aa6457da00fc8c21d6719e5558430a649eeca8d3bfb31ba0f627e0e0,success,,256.0,256.0,256.0,False,,model_loaded,13.22382708400255,0.3817065490002278,0.8206505480047781,1.202357097005006,1.202357097005006,1864,22590,367590,572114012,248320,"{""allowed_count"": 248068, ""expected_count"": 248068, ""missing_expected"": [], ""ok"": true, ""stop_token_ids"": [248046], ""unexpected_allowed"": []}",2.828960227998323,xgrammar,0.6375304250104818,2.272972065999056,12,64,"[2064, 4816, 1040, 678, 1876, 2493, 381, 31084, 0, 16018, 488, 35932, 1092, 488, 4035, 1040, 310, 4123, 466, 1144, 1438, 440, 30, 1690, 3010, 25, 2228, 12, 3054, 488, 1144, 12622, 440, 264, 3050, 3274, 318, 68, 1257, 2487, 4237, 11, 3377, 94762, 11, 10505, 11504, 2228, 12, 8448, 488, 3221, 364, 1928, 383, 264, 8282, 30, 2228, 12, 2441, 1902, 1902, 248046]","It seems like your message might be incomplete! Could you clarify what you'd like to discuss or need help with? For example:  
- Do you need assistance with a specific task (e.g., writing, problem-solving, coding)?  
- Are you looking for information on a topic?  
- Or must must<|im_end|>",True,3795953152,7.747630116995424
131_common_gen_even_count_kna_t11_rep2,431,10,even_count,,11,2,64,35,2158,2092919450,common_gen,131,2,common_gen:validation:714,0,4a960c7d8241d1b1165c3662c901aaf8e0d41ee637d147b63049d3d91f8d1b4e,1ab38b338a2ca4b89d8e8ba7f276f2048bebd537be40c906f1d0a6b8375e98c0,success,,256.0,256.0,256.0,False,,model_loaded,13.335423746990273,0.3797928849962773,0.9435698890010826,1.32336277399736,1.32336277399736,2050,26862,438448,724773800,248320,"{""allowed_count"": 248068, ""expected_count"": 248068, ""missing_expected"": [], ""ok"": true, ""stop_token_ids"": [248046], ""unexpected_allowed"": []}",2.8366670870018424,xgrammar,0.605445317007252,2.2148962569917785,12,64,"[2064, 4816, 1040, 678, 1876, 2493, 381, 31084, 0, 16018, 488, 4338, 35932, 1092, 488, 4035, 1040, 310, 1366, 466, 4123, 30, 1690, 3010, 25, 2228, 12, 3054, 488, 1144, 1438, 440, 264, 3050, 8282, 318, 68, 1257, 2487, 7785, 11, 3712, 11, 10505, 11504, 2228, 12, 8448, 488, 3221, 364, 264, 6093, 310, 264, 3377, 30, 2228, 12, 3054, 488, 8785, 8785, 248046]","It seems like your message might be incomplete! Could you please clarify what you'd like to know or discuss? For example:  
- Do you need help with a specific topic (e.g., science, history, coding)?  
- Are you looking for a solution to a problem?  
- Do you dry dry<|im_end|>",True,3795953152,7.732433197001228
132_common_gen_even_count_kna_t12_rep2,432,11,even_count,,12,2,64,38,2343,397082772,common_gen,132,2,common_gen:validation:731,0,75f92dc8768cab6fb4c953ad06e857a53032338ebdfd8b0e1953223216542ea4,83997a22f320ea1c0e79d21236cf0fcd96b3836504fb5cb94ec6b3bde1de5efd,success,,256.0,256.0,256.0,False,,model_loaded,13.499412923003547,0.4080768659914611,1.0919889130018419,1.500065778993303,1.500065778993303,2236,31500,515480,901288022,248320,"{""allowed_count"": 248068, ""expected_count"": 248068, ""missing_expected"": [], ""ok"": true, ""stop_token_ids"": [248046], ""unexpected_allowed"": []}",2.7654128949943697,xgrammar,0.6359608759958064,2.23010889699799,12,64,"[2064, 4816, 678, 1876, 2493, 381, 31084, 0, 16018, 488, 35932, 1092, 488, 4035, 1040, 1438, 440, 30, 1690, 3010, 25, 2228, 12, 3054, 488, 599, 264, 3296, 883, 264, 8282, 318, 68, 1257, 2487, 7785, 11, 3712, 11, 12641, 11504, 2228, 12, 14235, 12622, 440, 264, 3274, 318, 68, 1257, 2487, 4237, 11, 6157, 11, 1970, 11504, 2228, 12, 22528, 5888, 5888, 248046]","It seems your message might be incomplete! Could you clarify what you'd like help with? For example:  
- Do you have a question about a topic (e.g., science, history, tech)?  
- Need assistance with a task (e.g., writing, analysis, code)?  
- Want hands hands<|im_end|>",True,3795953152,7.880268566994346
133_common_gen_even_count_kna_t13_rep2,433,12,even_count,,13,2,64,41,2528,2125877062,common_gen,133,2,common_gen:validation:965,0,b37bf8dd20a12f82c51809c2541c0ba86476e6856119c1000d3e415f732e1342,31cfd99a421c0ae951c7540c5fd23e6dd19a01a5802f6777ece8b7391eda6f9c,success,,256.0,256.0,256.0,False,,model_loaded,13.89778427600686,0.41524243699677754,1.2205938280094415,1.635836265006219,1.635836265006219,2422,36504,598686,1103281718,248320,"{""allowed_count"": 248068, ""expected_count"": 248068, ""missing_expected"": [], ""ok"": true, ""stop_token_ids"": [248046], ""unexpected_allowed"": []}",2.8460883289953927,xgrammar,0.6043116209912114,2.203279859997565,12,64,"[2064, 4816, 678, 1876, 2493, 381, 31084, 0, 16018, 488, 35932, 1092, 488, 4035, 1040, 1438, 440, 30, 1690, 3010, 25, 2228, 12, 14235, 12622, 440, 264, 3050, 8282, 318, 38248, 11, 12641, 11, 3712, 11, 4831, 5946, 30, 2228, 12, 20482, 364, 449, 15673, 314, 264, 7059, 30, 2228, 12, 21463, 383, 264, 2313, 11, 3377, 94762, 11, 466, 11190, 33433, 33433, 248046]","It seems your message might be incomplete! Could you clarify what you'd like help with? For example:  
- Need assistance with a specific topic (science, tech, history, etc.)?  
- Looking for an explanation of a concept?  
- Working on a project, problem-solving, or creative flame flame<|im_end|>",True,3795953152,8.15199816999666
134_common_gen_even_count_kna_t14_rep2,434,13,even_count,,14,2,64,44,2713,401422673,common_gen,134,2,common_gen:validation:463,0,76d51a5a1bf04444af23348d49e2b5499203ec2b4e2b6db7bb2eabb9e0ef3f8c,1d2a0c95cdcbb2b4a5ab1397f48f849cd8cc7818f8672d49122edb6bff156807,success,,256.0,256.0,256.0,False,,model_loaded,14.143594339999254,0.41353000201343093,1.39887092000572,1.812400922019151,1.812400922019151,2608,41874,688066,1332379928,248320,"{""allowed_count"": 248068, ""expected_count"": 248068, ""missing_expected"": [], ""ok"": true, ""stop_token_ids"": [248046], ""unexpected_allowed"": []}",2.70638539599895,xgrammar,0.613965227996232,2.2553552640019916,12,64,"[2064, 4816, 1040, 678, 1876, 2493, 381, 31084, 0, 16018, 488, 35932, 1092, 488, 4035, 1040, 310, 4123, 466, 2466, 883, 30, 1690, 3010, 25, 2228, 12, 357, 3050, 8282, 318, 68, 1257, 2487, 7785, 11, 3712, 11, 12641, 11, 18001, 11504, 2228, 12, 357, 3296, 466, 3377, 488, 2224, 3133, 383, 30, 2228, 12, 23879, 745, 11040, 30, 18050, 9764, 6338, 6338, 248046]","It seems like your message might be incomplete! Could you clarify what you'd like to discuss or ask about? For example:  
- A specific topic (e.g., science, history, tech, arts)?  
- A question or problem you're working on?  
- Something else entirely?  

Let drive drive<|im_end|>",True,3795953152,8.123634386007325
135_common_gen_even_count_kna_t15_rep2,435,14,even_count,,15,2,64,47,2898,934690135,common_gen,135,2,common_gen:validation:645,0,4928f56077eeffa229c8b2ae92ab13def218b727ca02fad22ce54e871ee2ceb7,c9f034c819ddb4d79647b8effbf931083012d74cc114e6bcfa8c2e90381b298a,success,,256.0,256.0,256.0,False,,model_loaded,14.301077968993923,0.4344229109992739,1.5704466969909845,2.0048696079902584,2.0048696079902584,2794,47610,783620,1590207692,248320,"{""allowed_count"": 248068, ""expected_count"": 248068, ""missing_expected"": [], ""ok"": true, ""stop_token_ids"": [248046], ""unexpected_allowed"": []}",2.8579372609965503,xgrammar,0.6028330920089502,2.2425811760040233,12,64,"[2064, 4816, 1040, 678, 1876, 2493, 381, 31084, 0, 16018, 488, 4338, 35932, 1092, 488, 4035, 1040, 1438, 440, 30, 1690, 3010, 25, 2228, 12, 3054, 488, 1144, 1928, 11, 6157, 11, 466, 12622, 440, 264, 3050, 8282, 30, 2228, 12, 8448, 488, 3133, 383, 264, 2313, 11, 21156, 264, 3377, 11, 466, 1144, 11190, 6498, 30, 2228, 12, 14149, 488, 5614, 5614, 248046]","It seems like your message might be incomplete! Could you please clarify what you'd like help with? For example:  
- Do you need information, analysis, or assistance with a specific topic?  
- Are you working on a project, solving a problem, or need creative ideas?  
- Did you goal goal<|im_end|>",True,3795953152,8.465662493996206
136_common_gen_even_count_kna_t16_rep2,436,15,even_count,,16,2,64,50,3083,1263600558,common_gen,136,2,common_gen:validation:12,0,c3a91d0a5c731d040e46ef8cba82c95b814274df5378d816765fabd1043dd5bd,ccb9be329b1fd697ca90d806f63249d6dc93bb5c2dcb6fda7039892784faa216,success,,256.0,256.0,256.0,False,,model_loaded,14.467595067995717,0.4606505760020809,1.7541533559997333,2.2148039320018142,2.2148039320018142,2980,53712,885348,1878390050,248320,"{""allowed_count"": 248068, ""expected_count"": 248068, ""missing_expected"": [], ""ok"": true, ""stop_token_ids"": [248046], ""unexpected_allowed"": []}",2.6995527550025145,xgrammar,0.6099178609874798,2.236679264999111,12,64,"[2064, 4816, 678, 1876, 2493, 381, 31084, 0, 16018, 488, 35932, 1092, 488, 4035, 1040, 310, 4123, 466, 1438, 440, 30, 1690, 3010, 25, 2228, 12, 357, 3050, 3296, 466, 3377, 30, 2228, 12, 22185, 364, 264, 2313, 11, 11190, 944, 11, 466, 3788, 30, 2228, 12, 23879, 5265, 310, 5269, 11, 7785, 11, 466, 7071, 2199, 30, 18050, 9658, 1042, 10480, 10480, 248046]","It seems your message might be incomplete! Could you clarify what you'd like to discuss or help with? For example:  
- A specific question or problem?  
- Ideas for a project, creative work, or study?  
- Something related to technology, science, or daily life?  

Just let moves moves<|im_end|>",True,3795953152,8.512072904995875
137_common_gen_odd_count_kna_t1_rep2,437,0,odd_count,,1,2,64,3,250,582900007,common_gen,137,2,common_gen:validation:320,0,ad4583cadb5bb81f95a1c8a6edd615968c3028f70e8ef724f7e5303e3e3d9b3a,53c2e54ade37b89817af0ad7dcfe90e3f481b259261267d74b3a5bc75bdbb464,success,,256.0,256.0,256.0,False,,model_loaded,12.293776406004326,0.3244522280001547,0.040096728000207804,0.3645489560003625,0.3645489560003625,130,435,7043,1648542,248320,"{""allowed_count"": 248068, ""expected_count"": 248068, ""missing_expected"": [], ""ok"": true, ""stop_token_ids"": [248046], ""unexpected_allowed"": []}",2.836693363991799,xgrammar,0.6323326650017407,2.22824001799745,12,64,"[2064, 5686, 1040, 678, 1876, 2597, 3799, 974, 0, 16018, 488, 35932, 1092, 488, 4035, 1040, 310, 4123, 466, 2466, 883, 30, 12757, 424, 579, 264, 3296, 11, 264, 1622, 364, 1438, 11, 466, 2414, 745, 11, 353, 2688, 1532, 310, 7543, 0, 25677, 232, 9008, 241, 248, 169379, 271, 2381, 3010, 11, 635, 488, 1144, 25, 198, 12, 7831, 383, 264, 3929, 248046]","It looks like your message got cut off! Could you clarify what you'd like to discuss or ask about? Whether it's a question, a request for help, or something else, I'm here to assist! 😊📚✨

For example, do you need:
- Information on a front<|im_end|>",True,3795953152,6.823367753007915
138_common_gen_odd_count_kna_t2_rep2,438,1,odd_count,,2,2,64,6,375,1648646265,common_gen,138,2,common_gen:validation:779,0,03f7979fa3ed4607f166467b670c30cc0946dc078d5b3e1ee93476337e57fcd7,472be09f1a2614d015c1ee83049d5f2a8f127869833718ecb36c61151a2e7e53,success,,256.0,256.0,256.0,False,,model_loaded,12.11508730398782,0.32481635399744846,0.07773915599682368,0.40255550999427214,0.40255550999427214,256,1118,17703,6772309,248320,"{""allowed_count"": 248068, ""expected_count"": 248068, ""missing_expected"": [], ""ok"": true, ""stop_token_ids"": [248046], ""unexpected_allowed"": []}",2.764329251003801,xgrammar,0.6083738909946987,2.244120318995556,12,64,"[2064, 4816, 678, 1876, 2493, 381, 31084, 0, 16018, 488, 35932, 1092, 488, 4035, 1040, 1438, 440, 30, 1690, 3010, 25, 2228, 12, 3054, 488, 1144, 1928, 383, 264, 3050, 8282, 318, 68, 1257, 2487, 7785, 11, 3712, 11, 5269, 11504, 2228, 12, 8448, 488, 3133, 383, 264, 2313, 11, 4237, 11, 466, 21156, 264, 3377, 30, 2228, 12, 3054, 488, 599, 958, 248046]","It seems your message might be incomplete! Could you clarify what you'd like help with? For example:  
- Do you need information on a specific topic (e.g., science, history, technology)?  
- Are you working on a project, writing, or solving a problem?  
- Do you have use<|im_end|>",True,3795953152,6.785244311002316
139_common_gen_odd_count_kna_t3_rep2,439,2,odd_count,,3,2,64,8,500,1576209688,common_gen,139,2,common_gen:validation:47,0,142ebf1b15f0d42256bc6ece53f3a8f855cb2823b40c1ac7880a93734c554907,d36fcc43aa7e7829d3cc3b2b4d8fb941135309d1888acf145a91c8be3d861d40,success,,256.0,256.0,256.0,False,,model_loaded,12.125505650998093,0.32167996700445656,0.1194779139914317,0.44115788099588826,0.44115788099588826,382,2049,32049,16116503,248320,"{""allowed_count"": 248068, ""expected_count"": 248068, ""missing_expected"": [], ""ok"": true, ""stop_token_ids"": [248046], ""unexpected_allowed"": []}",2.8116238429938676,xgrammar,0.6004170680098468,2.2448963159986306,12,64,"[2064, 4816, 678, 1876, 2493, 381, 31084, 0, 16018, 488, 35932, 1092, 488, 4035, 1040, 1438, 440, 30, 1690, 3010, 25, 2228, 12, 357, 3050, 8282, 318, 68, 1257, 2487, 7785, 11, 3712, 11, 5269, 11504, 2228, 12, 357, 3296, 466, 3377, 488, 2224, 3133, 383, 30, 2228, 12, 23879, 488, 1318, 310, 3827, 883, 30, 2228, 12, 2441, 8106, 488, 2224, 2418, 248046]","It seems your message might be incomplete! Could you clarify what you'd like help with? For example:  
- A specific topic (e.g., science, history, technology)?  
- A question or problem you're working on?  
- Something you want to learn about?  
- Or perhaps you're stand<|im_end|>",True,3795953152,6.839280312997289
140_common_gen_odd_count_kna_t4_rep2,440,3,odd_count,,4,2,64,10,625,607940089,common_gen,140,2,common_gen:validation:944,0,136b1bd6f28b35cdc123c145c49f7d2697ecdefedb68195fc97f99e26a54fcf2,34fa3c6fb41bde87678a3051ea23eebda690d36d0180e11624f4a824cf15a369,success,,256.0,256.0,256.0,False,,model_loaded,15.01320926900371,0.37200808800116647,0.1677365049981745,0.539744592999341,0.539744592999341,508,3228,50081,30425124,248320,"{""allowed_count"": 248068, ""expected_count"": 248068, ""missing_expected"": [], ""ok"": true, ""stop_token_ids"": [248046], ""unexpected_allowed"": []}",2.971791520991246,xgrammar,0.6450847860105569,2.1949627379945014,12,64,"[2064, 5686, 1040, 678, 1876, 2493, 599, 978, 3799, 974, 0, 16018, 488, 4338, 35932, 1092, 488, 4035, 1040, 310, 4123, 466, 2466, 883, 30, 1690, 3010, 25, 2228, 12, 357, 3050, 8282, 318, 68, 1257, 2487, 7785, 11, 3712, 11, 5269, 11504, 2228, 12, 357, 3296, 488, 1144, 1438, 34579, 30, 2228, 12, 23879, 488, 1318, 310, 12804, 89110, 30, 18050, 8941, 248046]","It looks like your message might have been cut off! Could you please clarify what you'd like to discuss or ask about? For example:  
- A specific topic (e.g., science, history, technology)?  
- A question you need help answering?  
- Something you want to explore creatively?  

 stick<|im_end|>",True,3795953152,7.3228128220071085
141_common_gen_odd_count_kna_t5_rep2,441,4,odd_count,,5,2,64,12,750,2034089868,common_gen,141,2,common_gen:validation:198,0,c94c34c3231a620c121cad61041e79bc487c936f808e53fc21de7c2b63e66e3e,2d23396e2d3a65f773e5b9c2f8153cfc466a28633599bba04ddcd9440b736d4b,success,,256.0,256.0,256.0,False,,model_loaded,14.416870626999298,0.3798585960030323,0.2153866430016933,0.5952452390047256,0.5952452390047256,634,4655,72792,50442172,248320,"{""allowed_count"": 248068, ""expected_count"": 248068, ""missing_expected"": [], ""ok"": true, ""stop_token_ids"": [248046], ""unexpected_allowed"": []}",2.968073292999179,xgrammar,0.7337257750041317,2.259952506996342,12,64,"[2064, 4816, 1040, 678, 1876, 2493, 381, 31084, 0, 16018, 488, 35932, 1092, 488, 4035, 1040, 310, 4123, 466, 2466, 883, 30, 1690, 3010, 25, 2228, 12, 357, 3296, 466, 3377, 310, 11290, 30, 2228, 12, 22185, 364, 26702, 11, 6618, 11, 466, 944, 30, 2228, 12, 23879, 3050, 488, 2224, 21520, 883, 30, 18050, 9764, 728, 1366, 1204, 353, 628, 1438, 24387, 248046]","It seems like your message might be incomplete! Could you clarify what you'd like to discuss or ask about? For example:  
- A question or problem to solve?  
- Ideas for creativity, learning, or work?  
- Something specific you're curious about?  

Let me know how I can help toss<|im_end|>",True,3795953152,7.485518033994595
142_common_gen_odd_count_kna_t6_rep2,442,5,odd_count,,6,2,64,14,875,606851912,common_gen,142,2,common_gen:validation:783,0,dc1313f22cd91617d5d16e236274aa6fe27f6ae48d705f6b463fa9e3ec87407c,5872bdfe2142752738d80e5c47fcbc5efecaec6a1b84f0b73cc9fd621f5a7062,success,,256.0,256.0,256.0,False,,model_loaded,14.050040931993863,0.36511246500595007,0.269508188997861,0.6346206540038111,0.6346206540038111,760,6330,99437,76911647,248320,"{""allowed_count"": 248068, ""expected_count"": 248068, ""missing_expected"": [], ""ok"": true, ""stop_token_ids"": [248046], ""unexpected_allowed"": []}",3.037158935010666,xgrammar,0.6347170890076086,2.177851204003673,12,64,"[2064, 4816, 1040, 678, 1876, 2493, 381, 31084, 0, 16018, 488, 4338, 35932, 1092, 488, 4035, 1040, 1438, 440, 30, 1690, 3010, 25, 2228, 12, 3054, 488, 1144, 12622, 440, 264, 3050, 3274, 318, 68, 1257, 2487, 4237, 11, 10505, 11, 6157, 11504, 2228, 12, 8448, 488, 9859, 883, 264, 7059, 466, 8282, 30, 2228, 12, 3054, 488, 599, 264, 3296, 466, 2364, 248046]","It seems like your message might be incomplete! Could you please clarify what you'd like help with? For example:  
- Do you need assistance with a specific task (e.g., writing, coding, analysis)?  
- Are you asking about a concept or topic?  
- Do you have a question or sit<|im_end|>",True,3795953152,7.384418456000276
143_common_gen_odd_count_kna_t7_rep2,443,6,odd_count,,7,2,64,16,1000,1159581501,common_gen,143,2,common_gen:validation:704,0,47b787ce18deb8e3624f769f782ebc014e326f86ee15351e70fdc0c0251224f1,7700dc7d54aca831e2f791abf07d3d8ea06669dc4e6ad067dcc323b80291d265,success,,256.0,256.0,256.0,False,,model_loaded,13.063571203005267,0.38004213699605316,0.33316911799192894,0.7132112549879821,0.7132112549879821,886,8253,130016,110577549,248320,"{""allowed_count"": 248068, ""expected_count"": 248068, ""missing_expected"": [], ""ok"": true, ""stop_token_ids"": [248046], ""unexpected_allowed"": []}",3.005872730995179,xgrammar,0.6458151749975514,2.2092628290120047,12,64,"[9419, 0, 1049, 5686, 1040, 678, 1876, 2493, 381, 31084, 13, 2500, 628, 353, 7543, 488, 3242, 30, 12757, 488, 1144, 1438, 440, 264, 3296, 11, 1144, 1928, 11, 466, 1066, 1318, 310, 6040, 11, 2579, 1845, 310, 1042, 728, 1366, 0, 25677, 232, 9008, 241, 248, 88995, 119, 9008, 234, 235, 271, 3710, 1000, 488, 1040, 310, 12804, 466, 944, 383, 12037, 248046]","Hello! It looks like your message might be incomplete. How can I assist you today? Whether you need help with a question, need information, or just want to chat, feel free to let me know! 😊📚💻🌍

What would you like to explore or work on attached<|im_end|>",True,3795953152,7.519053331008763
144_common_gen_odd_count_kna_t8_rep2,444,7,odd_count,,8,2,64,18,1125,196679307,common_gen,144,2,common_gen:validation:353,0,d9a309dcd7c97543392b0f2e7053c5ba1e6ea507eb4ed9a6956f31a22cc7cef0,6431faca026f7b9ce0c0c93df6575de4258277b5970acde4997cf2f7c242e89f,success,,256.0,256.0,256.0,False,,model_loaded,12.417044916001032,0.36201440599688794,0.38586361099442,0.747878016991308,0.747878016991308,1012,10424,164529,152183878,248320,"{""allowed_count"": 248068, ""expected_count"": 248068, ""missing_expected"": [], ""ok"": true, ""stop_token_ids"": [248046], ""unexpected_allowed"": []}",2.749574560992187,xgrammar,0.6414227250061231,2.2021587870112853,12,64,"[2064, 4816, 1040, 678, 1876, 2493, 381, 31084, 0, 16018, 488, 4338, 35932, 1092, 488, 4035, 1040, 310, 4123, 466, 2466, 883, 30, 1690, 3010, 25, 2228, 12, 357, 3296, 883, 264, 8282, 318, 68, 1257, 2487, 7785, 11, 3712, 11, 5269, 11504, 2228, 12, 11150, 440, 264, 3274, 318, 68, 1257, 2487, 4237, 11, 10505, 11, 6673, 11504, 2228, 12, 22185, 3929, 248046]","It seems like your message might be incomplete! Could you please clarify what you'd like to discuss or ask about? For example:  
- A question about a topic (e.g., science, history, technology)?  
- Help with a task (e.g., writing, coding, math)?  
- Ideas front<|im_end|>",True,3795953152,7.104407457009074
145_common_gen_odd_count_kna_t9_rep2,445,8,odd_count,,9,2,64,20,1250,1557827992,common_gen,145,2,common_gen:validation:21,0,de845fa065bf85a9db6c5b916e1fe5fd1d260ebbebdeeac9ed8f79cfef5c7aaf,07f5e627000613085c028932c9dcf25d12bf47823c3dcfe424cde3e99109ce13,success,,256.0,256.0,256.0,False,,model_loaded,13.140002062005806,0.3733213049999904,0.4533501219993923,0.8266714269993827,0.8266714269993827,1138,12843,204093,202474634,248320,"{""allowed_count"": 248068, ""expected_count"": 248068, ""missing_expected"": [], ""ok"": true, ""stop_token_ids"": [248046], ""unexpected_allowed"": []}",2.944008065998787,xgrammar,0.6678333559975727,2.2565683299908414,12,64,"[2064, 4816, 1040, 678, 1876, 2493, 381, 31084, 0, 16018, 488, 35932, 1092, 488, 4035, 1040, 310, 4123, 466, 2466, 883, 30, 1690, 3010, 25, 2228, 12, 357, 3050, 8282, 318, 68, 1257, 2487, 7785, 11, 5269, 11, 3712, 11, 7431, 11504, 2228, 12, 357, 3296, 488, 1144, 1438, 440, 30, 2228, 12, 23879, 745, 11040, 30, 18050, 9764, 728, 1366, 11, 14811, 248046]","It seems like your message might be incomplete! Could you clarify what you'd like to discuss or ask about? For example:  
- A specific topic (e.g., science, technology, history, culture)?  
- A question you need help with?  
- Something else entirely?  

Let me know, visitors<|im_end|>",True,3795953152,7.551225666000391
146_common_gen_odd_count_kna_t10_rep2,446,9,odd_count,,10,2,64,22,1375,127712770,common_gen,146,2,common_gen:validation:165,0,e1c60783517e659a7a3d6bbdaea64ae315f8f93c716b2d95736790d3f293257f,49243b5fc2c90212f5760d8f13593fd1d22822e1874b46d1437301686437a00c,success,,256.0,256.0,256.0,False,,model_loaded,12.963470556001994,0.375180974995601,0.5213254429982044,0.8965064179938054,0.8965064179938054,1264,15510,247839,262193817,248320,"{""allowed_count"": 248068, ""expected_count"": 248068, ""missing_expected"": [], ""ok"": true, ""stop_token_ids"": [248046], ""unexpected_allowed"": []}",2.916807367000729,xgrammar,0.6368928249867167,2.194920927999192,12,64,"[2064, 4816, 1040, 678, 1876, 2597, 3799, 974, 0, 16018, 488, 35932, 1092, 488, 4035, 1040, 310, 4123, 466, 2466, 883, 30, 1690, 3010, 25, 2228, 12, 357, 3050, 8282, 318, 38248, 11, 3712, 11, 5269, 11, 4831, 5946, 30, 2228, 12, 357, 3296, 466, 3377, 488, 1144, 1438, 440, 30, 2228, 12, 23879, 745, 11040, 30, 18050, 9764, 728, 1366, 1204, 6560, 248046]","It seems like your message got cut off! Could you clarify what you'd like to discuss or ask about? For example:  
- A specific topic (science, history, technology, etc.)?  
- A question or problem you need help with?  
- Something else entirely?  

Let me know how arm<|im_end|>",True,3795953152,7.469225409993669
147_common_gen_odd_count_kna_t11_rep2,447,10,odd_count,,11,2,64,24,1500,1471650866,common_gen,147,2,common_gen:validation:840,0,8056e9cf0c31fd23a9f16d636d639e986033c56e916e24ce240a20c2f3a62b52,20a43db20c9c94ed974e543be9c3051acec8b4f6c5ecb656b0e04393cb0689f0,success,,256.0,256.0,256.0,False,,model_loaded,12.827543188992422,0.3774144419876393,0.6009622429992305,0.9783766849868698,0.9783766849868698,1390,18425,295767,332085427,248320,"{""allowed_count"": 248068, ""expected_count"": 248068, ""missing_expected"": [], ""ok"": true, ""stop_token_ids"": [248046], ""unexpected_allowed"": []}",2.8884810549934627,xgrammar,0.6407718929986004,2.261352623012499,12,64,"[2064, 4816, 1040, 678, 1876, 2597, 3799, 974, 0, 16018, 488, 35932, 1092, 488, 4035, 1040, 310, 1366, 466, 4123, 30, 1690, 3010, 25, 2228, 12, 357, 3050, 8282, 318, 68, 1257, 2487, 7785, 11, 3712, 11, 12641, 11504, 2228, 12, 357, 3296, 488, 599, 30, 2228, 12, 11150, 440, 2414, 318, 24501, 11, 10505, 11, 3377, 94762, 11504, 2228, 9658, 1042, 4776, 248046]","It seems like your message got cut off! Could you clarify what you'd like to know or discuss? For example:  
- A specific topic (e.g., science, history, tech)?  
- A question you have?  
- Help with something (writing, coding, problem-solving)?  
Just let ball<|im_end|>",True,3795953152,7.524698427005205
148_common_gen_odd_count_kna_t12_rep2,448,11,odd_count,,12,2,64,26,1625,1910866874,common_gen,148,2,common_gen:validation:662,0,0a3573a7d4faa227694fde686e5ebb7a313f8dc14ef0badd8175d4b2e6cf3d59,b1d5dae5a1af3e06515779fdfcaf19603582c2e85601242b84916a377fe2b40e,success,,256.0,256.0,256.0,False,,model_loaded,13.20129936900048,0.3800615479995031,0.678810250989045,1.058871798988548,1.058871798988548,1516,21588,347877,412893464,248320,"{""allowed_count"": 248068, ""expected_count"": 248068, ""missing_expected"": [], ""ok"": true, ""stop_token_ids"": [248046], ""unexpected_allowed"": []}",2.814623254002072,xgrammar,0.6289064089942258,2.1806216120021418,12,64,"[2064, 4816, 1040, 678, 1876, 2493, 381, 31084, 0, 16018, 488, 35932, 1092, 488, 4035, 1040, 1438, 440, 30, 1690, 3010, 25, 2228, 12, 357, 3296, 466, 3377, 310, 11290, 30, 2228, 12, 7831, 883, 264, 8282, 318, 68, 1257, 2487, 7785, 11, 3712, 11, 12641, 11504, 2228, 12, 44241, 440, 4237, 11, 15205, 11, 466, 11190, 6498, 30, 2228, 12, 23879, 1786, 248046]","It seems like your message might be incomplete! Could you clarify what you'd like help with? For example:  
- A question or problem to solve?  
- Information about a topic (e.g., science, history, tech)?  
- Assistance with writing, editing, or creative ideas?  
- Something best<|im_end|>",True,3795953152,7.439131968989386
149_common_gen_odd_count_kna_t13_rep2,449,12,odd_count,,13,2,64,28,1750,1398258987,common_gen,149,2,common_gen:validation:678,0,9aae081322712b44084ef7603ffce6b62da5c46f9833cc50adad77e551189680,8e949cea624f755a570fa76bd24f7ef00aa5bda6e549330ac23e49c2f9efe54b,success,,256.0,256.0,256.0,False,,model_loaded,13.011445470008766,0.3930647870001849,0.7594352570013143,1.1525000440014992,1.1525000440014992,1642,24999,404169,505361928,248320,"{""allowed_count"": 248068, ""expected_count"": 248068, ""missing_expected"": [], ""ok"": true, ""stop_token_ids"": [248046], ""unexpected_allowed"": []}",2.820887156005483,xgrammar,0.6439195019920589,2.2147076839901274,12,64,"[2064, 4816, 1040, 678, 1876, 2493, 381, 31084, 0, 16018, 488, 35932, 1092, 488, 4035, 1040, 310, 4123, 466, 1144, 1438, 440, 30, 1690, 3010, 25, 2228, 12, 357, 3296, 883, 7785, 11, 6673, 11, 466, 11870, 30, 2228, 12, 78749, 383, 264, 3274, 318, 68, 1257, 2487, 4237, 11, 10505, 11, 8842, 11504, 2228, 12, 69589, 383, 264, 8282, 318, 68, 15338, 248046]","It seems like your message might be incomplete! Could you clarify what you'd like to discuss or need help with? For example:  
- A question about science, math, or logic?  
- Guidance on a task (e.g., writing, coding, planning)?  
- Insights on a topic (e loves<|im_end|>",True,3795953152,7.6415149940003175
150_common_gen_right_not_left_kna_t1,450,0,right_not_left,,1,2,64,4,308,370030228,common_gen,150,0,common_gen:validation:61,0,71aa000404cf350adcdbc2a39708018194e64f22841041baf1a38112a17a30d8,46119b67e379e4fee01556274a196de0039f9a6ac66cbdb7d2c0ee9075d3e96a,success,,256.0,256.0,256.0,False,,model_loaded,12.332402546002413,0.33691851199546363,0.055728075007209554,0.3926465870026732,0.3926465870026732,190,552,9328,3258860,248320,"{""allowed_count"": 248067, ""expected_count"": 248067, ""missing_expected"": [], ""ok"": true, ""stop_token_ids"": [248046], ""unexpected_allowed"": []}",2.964411756998743,xgrammar,0.6443514479906298,2.2070267380040605,12,64,"[2064, 5686, 1040, 678, 1876, 2493, 599, 978, 3799, 974, 0, 16018, 488, 35932, 1092, 488, 4035, 1040, 310, 4123, 466, 4434, 30, 353, 2688, 1532, 310, 1438, 440, 4602, 11, 6498, 11, 5154, 11, 466, 3977, 745, 488, 2224, 7763, 303, 0, 25677, 232, 3437, 579, 383, 678, 3838, 30, 271, 9, 2592, 488, 2224, 21345, 310, 264, 3555, 10125, 321, 40987, 248046]","It looks like your message might have been cut off! Could you clarify what you'd like to discuss or complete? I'm here to help with questions, ideas, problems, or anything else you're interested in! 😊 What's on your mind?

*If you're referring to a previous conversation and microphone<|im_end|>",True,3795953152,7.0235967519984115
151_common_gen_right_not_left_kna_t2,451,1,right_not_left,,2,2,64,7,431,1117270615,common_gen,151,0,common_gen:validation:431,0,27cc5c2bb8f575f6c0d60767b6ba2b754ae2811e297de580fa6cca892d9e1a19,48ca2a91ac9adc25a9e8a8f25a0c79c3f195b6fef34e677e70ba32eb20d43756,success,,256.0,256.0,256.0,False,,model_loaded,12.39282080400153,0.3372711940028239,0.09466345100372564,0.43193464500654954,0.43193464500654954,314,1164,19537,9669659,248320,"{""allowed_count"": 248068, ""expected_count"": 248068, ""missing_expected"": [], ""ok"": true, ""stop_token_ids"": [248046], ""unexpected_allowed"": []}",3.0088274370064028,xgrammar,0.6432073970063357,2.2066667629987933,12,64,"[2064, 4816, 1040, 678, 1876, 2493, 381, 31084, 0, 16018, 488, 35932, 1092, 488, 4035, 1040, 1438, 440, 30, 1690, 3010, 25, 2228, 12, 14235, 1438, 440, 264, 3050, 8282, 318, 68, 1257, 2487, 7785, 11, 3712, 11, 10505, 11504, 2228, 12, 11893, 264, 3296, 466, 1144, 9183, 30, 2228, 12, 22528, 310, 6380, 2414, 318, 4650, 264, 6673, 3377, 466, 321, 14845, 248046]","It seems like your message might be incomplete! Could you clarify what you'd like help with? For example:  
- Need help with a specific topic (e.g., science, history, coding)?  
- Have a question or need advice?  
- Want to practice something (like a math problem or and smile<|im_end|>",True,3795953152,7.0825959159992635
152_common_gen_right_not_left_kna_t3,452,2,right_not_left,,3,2,64,9,554,1034326056,common_gen,152,0,common_gen:validation:87,0,39965ac150f7c3f5daf4a591472858aae97cb39d914915de7a9ecf800045aed1,263eeddd64dde016acf1130d14575a940add67498d8ed4fb9eb4131de1a1e829,success,,256.0,256.0,256.0,False,,model_loaded,12.45572295600141,0.3526339289965108,0.1368316329899244,0.4894655619864352,0.4894655619864352,438,2020,33372,20306932,248320,"{""allowed_count"": 248068, ""expected_count"": 248068, ""missing_expected"": [], ""ok"": true, ""stop_token_ids"": [248046], ""unexpected_allowed"": []}",2.774751128992648,xgrammar,0.641919854999287,2.212044860003516,12,64,"[2064, 4816, 678, 1876, 2493, 381, 31084, 0, 16018, 488, 35932, 1092, 488, 4035, 1040, 1438, 440, 30, 1690, 3010, 25, 2228, 12, 3054, 488, 1144, 12622, 440, 264, 3050, 3274, 318, 68, 1257, 2487, 4237, 11, 6157, 11, 10505, 11504, 2228, 12, 8448, 488, 9859, 883, 264, 8282, 318, 68, 1257, 2487, 7785, 11, 3712, 11, 5269, 11504, 2228, 12, 321, 1740, 248046]","It seems your message might be incomplete! Could you clarify what you'd like help with? For example:  
- Do you need assistance with a specific task (e.g., writing, analysis, coding)?  
- Are you asking about a topic (e.g., science, history, technology)?  
- and car<|im_end|>",True,3795953152,6.8934087620000355
153_common_gen_right_not_left_kna_t4,453,3,right_not_left,,4,2,64,11,677,625321808,common_gen,153,0,common_gen:validation:331,0,7f28a176204ab8d009543727af48be08d05c1e8ca0e344a97b91f0b7b124bd32,0a59769110e36466a60180bf1cd6adaad68e06c9f4ffebb5eb7ed8ed6baeb8f3,success,,256.0,256.0,256.0,False,,model_loaded,12.053050799004268,0.34275627000897657,0.18298917199717835,0.5257454420061549,0.5257454420061549,562,3120,51262,35893405,248320,"{""allowed_count"": 248068, ""expected_count"": 248068, ""missing_expected"": [], ""ok"": true, ""stop_token_ids"": [248046], ""unexpected_allowed"": []}",2.7663215329957893,xgrammar,0.6275029820099007,2.199856634993921,12,64,"[2064, 5686, 1040, 678, 1876, 2493, 381, 31084, 0, 16018, 488, 35932, 1092, 488, 4035, 1040, 310, 4123, 466, 1144, 1438, 440, 30, 1690, 3010, 25, 2228, 12, 357, 3050, 8282, 318, 68, 1257, 2487, 7785, 11, 3712, 11, 12641, 11504, 2228, 12, 357, 3274, 318, 68, 1257, 2487, 21156, 264, 3377, 11, 4237, 264, 3255, 11, 39664, 795, 11504, 2228, 321, 944, 248046]","It looks like your message might be incomplete! Could you clarify what you'd like to discuss or need help with? For example:  
- A specific topic (e.g., science, history, tech)?  
- A task (e.g., solving a problem, writing a story, analyzing data)?  
 and work<|im_end|>",True,3795953152,6.857542858997476
154_common_gen_right_not_left_kna_t5,454,4,right_not_left,,5,2,64,13,800,1604733787,common_gen,154,0,common_gen:validation:330,0,e8a516360966b4d1dd54d0a1480d49deb5b9a03842f495e39deb54ba19d4bbe5,a397f115d471848c44b78616fcd29a5f663fb5bde8a693b0b31396485941bddf,success,,256.0,256.0,256.0,False,,model_loaded,12.239731113004382,0.3592149320029421,0.23132259599515237,0.5905375279980944,0.5905375279980944,686,4464,73266,57149366,248320,"{""allowed_count"": 248068, ""expected_count"": 248068, ""missing_expected"": [], ""ok"": true, ""stop_token_ids"": [248046], ""unexpected_allowed"": []}",2.653188701995532,xgrammar,0.6441434980079066,2.216874542005826,12,64,"[2064, 4816, 678, 1876, 2493, 381, 31084, 0, 16018, 488, 35932, 1092, 488, 4035, 1040, 310, 4123, 11, 11290, 11, 466, 1791, 30, 1690, 3010, 25, 2228, 12, 14235, 1438, 440, 264, 2972, 10065, 3377, 93868, 2972, 1787, 93868, 466, 2972, 23464, 23850, 193260, 2228, 12, 22528, 6498, 364, 2972, 49975, 6859, 93868, 2972, 48181, 93868, 466, 2972, 46894, 6440, 193260, 321, 2213, 248046]","It seems your message might be incomplete! Could you clarify what you'd like to discuss, solve, or create? For example:  
- Need help with a **math problem**, **code**, or **logic puzzle**?  
- Want ideas for **creative projects**, **recipes**, or **travel plans**? and catch<|im_end|>",True,3795953152,6.906273101994884
155_common_gen_right_not_left_kna_t6,455,5,right_not_left,,6,2,64,15,923,1851511355,common_gen,155,0,common_gen:validation:235,0,6a2f5f0445d20942b2a6613fcf6af29807bd40657c89bc794aaabfd25b43a86c,eb338bd93459de43a7a2bf3f1af4164f9b1a60c1e5c5f7147785a43d51932733,success,,256.0,256.0,256.0,False,,model_loaded,12.300533314992208,0.33089013799326494,0.28330932500830386,0.6141994630015688,0.6141994630015688,810,6052,99140,84795103,248320,"{""allowed_count"": 248068, ""expected_count"": 248068, ""missing_expected"": [], ""ok"": true, ""stop_token_ids"": [248046], ""unexpected_allowed"": []}",2.641076845000498,xgrammar,0.6503573849913664,2.2042842020018725,12,64,"[2064, 4816, 1040, 678, 1876, 2493, 381, 31084, 0, 16018, 488, 35932, 1092, 488, 4035, 1040, 310, 4123, 466, 2466, 883, 30, 12757, 424, 579, 264, 3296, 11, 264, 1622, 364, 1438, 11, 466, 1066, 264, 3272, 488, 2224, 46189, 286, 48952, 2688, 1532, 310, 7543, 0, 25677, 232, 2228, 9, 2381, 3010, 51595, 2228, 12, 3054, 488, 1144, 9183, 383, 321, 6655, 248046]","It seems like your message might be incomplete! Could you clarify what you'd like to discuss or ask about? Whether it's a question, a request for help, or just a thought you're pondering—I'm here to assist! 😊  
*For example:*  
- Do you need advice on and hair<|im_end|>",True,3795953152,6.954267362001701
156_common_gen_right_not_left_kna_t7,456,6,right_not_left,,7,2,64,17,1046,1366285325,common_gen,156,0,common_gen:validation:13,0,5fed145b327f02ac6d8610fe54bd6da1170b71ac1fe87887b96c5cd5105ec771,c2d5904319cb26f8555f915a54c9aaae177355062a9301433a616b812186422a,success,,256.0,256.0,256.0,False,,model_loaded,12.309270697995089,0.3625438460003352,0.3403257189929718,0.702869564993307,0.702869564993307,934,7884,128884,119550904,248320,"{""allowed_count"": 248068, ""expected_count"": 248068, ""missing_expected"": [], ""ok"": true, ""stop_token_ids"": [248046], ""unexpected_allowed"": []}",2.6984631099912804,xgrammar,0.6489389650087105,2.1746677740011364,12,64,"[2064, 4816, 1040, 678, 1876, 2493, 381, 31084, 0, 16018, 488, 4338, 35932, 1092, 488, 4035, 1040, 1438, 440, 30, 1690, 3010, 25, 2228, 12, 357, 3050, 8282, 318, 68, 1257, 2487, 7785, 11, 3712, 11, 5269, 11504, 2228, 12, 357, 3296, 466, 3377, 310, 11290, 30, 2228, 12, 23879, 11190, 318, 68, 1257, 2487, 4237, 11, 83783, 286, 11, 8842, 321, 1353, 248046]","It seems like your message might be incomplete! Could you please clarify what you'd like help with? For example:  
- A specific topic (e.g., science, history, technology)?  
- A question or problem to solve?  
- Something creative (e.g., writing, brainstorming, planning and look<|im_end|>",True,3795953152,6.970658920996357
157_common_gen_right_not_left_kna_t8,457,7,right_not_left,,8,2,64,19,1169,867788967,common_gen,157,0,common_gen:validation:344,0,fa3a582b743beb592e9d5179becf7ef0d2d6db6518d241ab7b2d8b562436aa07,d7c4f5e051748f4b07ab78a7a39f79d97311b9a346052b60ca805c0c859ce4da,success,,256.0,256.0,256.0,False,,model_loaded,12.594325197002036,0.3657869379967451,0.4024015379982302,0.7681884759949753,0.7681884759949753,1058,9960,162498,162137057,248320,"{""allowed_count"": 248068, ""expected_count"": 248068, ""missing_expected"": [], ""ok"": true, ""stop_token_ids"": [248046], ""unexpected_allowed"": []}",2.667979103993275,xgrammar,0.6384193300036713,2.246249705000082,12,64,"[2064, 4816, 1040, 678, 1876, 2493, 381, 31084, 0, 16018, 488, 4338, 35932, 1092, 488, 4035, 1040, 310, 1366, 466, 4123, 30, 1690, 3010, 25, 2228, 12, 357, 3296, 883, 7785, 11, 3712, 11, 12641, 11, 466, 6520, 30, 2228, 12, 11150, 440, 27529, 11, 4237, 11, 466, 3377, 94762, 30, 2228, 12, 52879, 383, 264, 4204, 8282, 318, 68, 1257, 321, 18659, 248046]","It seems like your message might be incomplete! Could you please clarify what you'd like to know or discuss? For example:  
- A question about science, history, tech, or education?  
- Help with homework, writing, or problem-solving?  
- Advice on a personal topic (e.g and basketball<|im_end|>",True,3795953152,7.078719098994043
158_common_gen_right_not_left_kna_t9,458,8,right_not_left,,9,2,64,21,1292,1994658488,common_gen,158,0,common_gen:validation:193,0,8acced9b2837f0d7ac4e5fc7c1c9d8998d85d714556623a2c9359981b8258f1e,ff4bbb5f852f56326b2a2b0de33f1cdcd7bab804591131ec10fd9fb58033adcb,success,,256.0,256.0,256.0,False,,model_loaded,12.575236076998408,0.36378949700156227,0.46932151399960276,0.833111011001165,0.833111011001165,1182,12280,201142,213273850,248320,"{""allowed_count"": 248068, ""expected_count"": 248068, ""missing_expected"": [], ""ok"": true, ""stop_token_ids"": [248046], ""unexpected_allowed"": []}",2.852122109004995,xgrammar,0.6361446029914077,2.178709207000793,12,64,"[2064, 4816, 1040, 678, 1876, 2493, 381, 31084, 0, 16018, 488, 4338, 35932, 1092, 488, 4035, 1040, 310, 1366, 466, 4123, 30, 1690, 3010, 25, 2228, 12, 357, 3050, 8282, 318, 68, 1257, 2487, 7785, 11, 3712, 11, 12641, 11504, 2228, 12, 357, 3296, 466, 3377, 488, 2224, 3133, 383, 30, 2228, 12, 23879, 488, 4035, 1040, 1438, 440, 89110, 30, 321, 3672, 248046]","It seems like your message might be incomplete! Could you please clarify what you'd like to know or discuss? For example:  
- A specific topic (e.g., science, history, tech)?  
- A question or problem you're working on?  
- Something you'd like help with creatively? and others<|im_end|>",True,3795953152,7.246988634011359
159_common_gen_right_not_left_kna_t10,459,9,right_not_left,,10,2,64,23,1415,463148287,common_gen,159,0,common_gen:validation:834,0,d5f3a6c6618235fddf94877a3bf5a472037ed1fe3208a147cfd26956e476ed28,3c9d19678a631150537a5282f5de7b633aaba86be6efaea3f0d632553c7a4b93,success,,256.0,256.0,256.0,False,,model_loaded,12.709179441008018,0.36945201399794314,0.5342690209945431,0.9037210349924862,0.9037210349924862,1306,14844,243910,273681571,248320,"{""allowed_count"": 248068, ""expected_count"": 248068, ""missing_expected"": [], ""ok"": true, ""stop_token_ids"": [248046], ""unexpected_allowed"": []}",2.810371067011147,xgrammar,0.6453442290076055,2.21831938700052,12,64,"[40, 2688, 5354, 310, 1438, 0, 3437, 1000, 488, 1040, 310, 1366, 466, 944, 383, 30, 12757, 424, 579, 34579, 4602, 11, 21156, 5154, 11, 4237, 2144, 11, 466, 1066, 3322, 264, 10125, 11, 2579, 1845, 310, 4191, 1092, 488, 1144, 0, 25677, 232, 271, 3710, 579, 383, 678, 3838, 30, 10838, 234, 253, 9008, 241, 251, 169379, 2228, 7, 2126, 321, 2430, 248046]","I'm ready to help! What would you like to know or work on? Whether it's answering questions, solving problems, writing content, or just having a conversation, feel free to share what you need! 😊

What's on your mind? 🌟📝✨  
(Or and throw<|im_end|>",True,3795953152,7.402056605002144
160_common_gen_right_not_left_kna_t11,460,10,right_not_left,,11,2,64,25,1538,520143440,common_gen,160,0,common_gen:validation:516,0,45dafc71485b29f791f7590f3c91665f838e4cfc739da8ee3899d154307a6d69,d28754d6ef9130d5dd5be7f45922e707bb7721dfd6df5258c4adb53174bf6497,success,,256.0,256.0,256.0,False,,model_loaded,15.291466237002169,0.3877069379959721,0.6127450200001476,1.0004519579961197,1.0004519579961197,1430,17652,290723,344080508,248320,"{""allowed_count"": 248068, ""expected_count"": 248068, ""missing_expected"": [], ""ok"": true, ""stop_token_ids"": [248046], ""unexpected_allowed"": []}",2.9214393820002442,xgrammar,0.6230794559960486,2.220176975999493,12,64,"[2064, 5686, 1040, 678, 1876, 2493, 381, 31084, 0, 16018, 488, 35932, 1092, 488, 4035, 1040, 310, 4123, 11, 11290, 11, 466, 1791, 30, 1690, 3010, 25, 2228, 12, 14235, 1438, 440, 264, 3050, 8282, 318, 68, 1257, 2487, 6673, 11, 7785, 11, 10505, 11504, 2228, 12, 22528, 310, 83783, 6498, 11, 3019, 264, 2313, 11, 466, 29249, 1928, 30, 2228, 321, 3428, 248046]","It looks like your message might be incomplete! Could you clarify what you'd like to discuss, solve, or create? For example:  
- Need help with a specific topic (e.g., math, science, coding)?  
- Want to brainstorm ideas, plan a project, or organize information?  
 and often<|im_end|>",True,3795953152,7.506547087992658
161_common_gen_right_not_left_kna_t12,461,11,right_not_left,,12,2,64,27,1661,964103042,common_gen,161,0,common_gen:validation:56,0,63a29db26c7cb684f450482fd5d088e74fdd84e740e48c91d69d16af0bb3bbbe,3c3325a2807b3731d7c28cf026c5db252e1940347ecb3bd70e27f3d748334b9e,success,,256.0,256.0,256.0,False,,model_loaded,14.86731943799532,0.3936535189859569,0.6926127320039086,1.0862662509898655,1.0862662509898655,1554,20704,341650,425190949,248320,"{""allowed_count"": 248068, ""expected_count"": 248068, ""missing_expected"": [], ""ok"": true, ""stop_token_ids"": [248046], ""unexpected_allowed"": []}",2.947134489004384,xgrammar,0.6300499790086178,2.197511470003519,12,64,"[40, 2688, 5354, 310, 1438, 0, 3437, 1000, 488, 1040, 310, 4123, 466, 944, 383, 30, 12757, 424, 579, 34579, 4602, 11, 21156, 5154, 11, 6611, 2144, 11, 466, 1066, 3322, 264, 10125, 11, 2579, 1845, 310, 1042, 728, 1366, 1092, 488, 1144, 0, 25677, 232, 271, 6391, 8839, 25, 4465, 3555, 1876, 557, 4147, 11, 748, 353, 3172, 3655, 364, 321, 3222, 248046]","I'm ready to help! What would you like to discuss or work on? Whether it's answering questions, solving problems, creating content, or just having a conversation, feel free to let me know what you need! 😊

*(Note: Your previous message was empty, so I'll wait for and hold<|im_end|>",True,3795953152,7.655596697994042
162_common_gen_right_not_left_kna_t13,462,12,right_not_left,,13,2,64,29,1784,1708088686,common_gen,162,0,common_gen:validation:649,0,320156f8cf62a51c4b942c01dfb6f408755305c5bd157a46d562d2394fe616ca,9be98548bbc631601bf41a8423fb76088ff3bbb425e0887b55a5fcb9886fd8c5,success,,256.0,256.0,256.0,False,,model_loaded,14.90438064400223,0.42348728301294614,0.786399447999429,1.209886731012375,1.209886731012375,1678,24000,396691,517733182,248320,"{""allowed_count"": 248068, ""expected_count"": 248068, ""missing_expected"": [], ""ok"": true, ""stop_token_ids"": [248046], ""unexpected_allowed"": []}",2.8304709779913537,xgrammar,0.6520795170072233,2.247095212995191,12,64,"[2064, 4816, 1040, 678, 1876, 2493, 381, 31084, 0, 16018, 488, 35932, 1092, 488, 4035, 1040, 1438, 440, 30, 1690, 3010, 25, 2228, 12, 14235, 12622, 440, 264, 3050, 8282, 318, 38248, 11, 3712, 11, 5269, 11, 4831, 5946, 30, 2228, 12, 20482, 364, 11190, 6498, 318, 24501, 11, 6859, 11, 7112, 11504, 2228, 12, 92027, 264, 3377, 488, 4035, 1040, 321, 19581, 248046]","It seems like your message might be incomplete! Could you clarify what you'd like help with? For example:  
- Need assistance with a specific topic (science, history, technology, etc.)?  
- Looking for creative ideas (writing, projects, stories)?  
- Facing a problem you'd like and letting<|im_end|>",True,3795953152,7.841391990004922
163_common_gen_right_not_left_kna_t14,463,13,right_not_left,,14,2,64,31,1907,246571988,common_gen,163,0,common_gen:validation:639,0,534312eb1438bad6e612a552e11f0eb9e545ff1b6abb849f20c2faf5554793d3,a4cdedc4a6635a7e17654841a2668326f04ede62ceb676d99dcf1bc6cdb75e8f,success,,256.0,256.0,256.0,False,,model_loaded,14.415139215998352,0.4327769559895387,0.883415142990998,1.3161920989805367,1.3161920989805367,1802,27540,455846,622427495,248320,"{""allowed_count"": 248068, ""expected_count"": 248068, ""missing_expected"": [], ""ok"": true, ""stop_token_ids"": [248046], ""unexpected_allowed"": []}",2.767336475997581,xgrammar,0.6453077390033286,2.216465698002139,12,64,"[2064, 4816, 678, 1876, 2493, 381, 31084, 0, 16018, 488, 4338, 35932, 1092, 488, 4035, 1040, 1438, 440, 30, 1690, 3010, 25, 2228, 12, 357, 3050, 8282, 318, 68, 1257, 2487, 7785, 11, 3712, 11, 12641, 11504, 2228, 12, 357, 3296, 466, 3377, 310, 11290, 30, 2228, 12, 44241, 440, 4237, 11, 10505, 11, 6157, 11, 466, 2414, 745, 30, 18050, 321, 2418, 248046]","It seems your message might be incomplete! Could you please clarify what you'd like help with? For example:  
- A specific topic (e.g., science, history, tech)?  
- A question or problem to solve?  
- Assistance with writing, coding, analysis, or something else?  

 and stand<|im_end|>",True,3795953152,7.890720623006928
164_common_gen_right_not_left_kna_t15,464,14,right_not_left,,15,2,64,33,2030,1259191692,common_gen,164,0,common_gen:validation:928,0,ea6e5c2c5a01e793ef08222f52f38df29ac899aa5fc706492d81f8cf28f18f09,94b7cc07561fbeb0d8d042ad32dedbd6824cf59ffeeeb20dec1d23df21ae010c,success,,256.0,256.0,256.0,False,,model_loaded,13.359182062995387,0.419919731997652,0.9638669520063559,1.3837866840040078,1.3837866840040078,1926,31324,519115,739994176,248320,"{""allowed_count"": 248068, ""expected_count"": 248068, ""missing_expected"": [], ""ok"": true, ""stop_token_ids"": [248046], ""unexpected_allowed"": []}",2.867785210997681,xgrammar,0.6395373520063004,2.1798765560088214,12,64,"[2064, 4816, 678, 1876, 2493, 381, 31084, 0, 16018, 488, 35932, 1092, 488, 4035, 1040, 310, 1366, 466, 4123, 30, 1690, 3010, 25, 2228, 12, 357, 3050, 8282, 318, 68, 1257, 2487, 7785, 11, 3712, 11, 5269, 11504, 2228, 12, 357, 3296, 466, 3377, 488, 2224, 3133, 383, 30, 2228, 12, 23879, 11190, 318, 68, 1257, 2487, 4237, 11, 6498, 11, 321, 5533, 248046]","It seems your message might be incomplete! Could you clarify what you'd like to know or discuss? For example:  
- A specific topic (e.g., science, history, technology)?  
- A question or problem you're working on?  
- Something creative (e.g., writing, ideas, and uses<|im_end|>",True,3795953152,7.936175800990895
165_common_gen_right_not_left_kna_t16,465,15,right_not_left,,16,2,64,35,2153,35710196,common_gen,165,0,common_gen:validation:799,0,1dbe6d656bfe996768fcf6bbc75a2a3075d8541df4dca51979e06b2cf520332c,bea8da1f578f0fc8769b62b5259c0084535098cf6e414c7f99e88d038a5ef0ea,success,,256.0,256.0,256.0,False,,model_loaded,13.507070687002852,0.4294628619973082,1.0618955769896274,1.4913584389869357,1.4913584389869357,2050,35352,586498,871153513,248320,"{""allowed_count"": 248068, ""expected_count"": 248068, ""missing_expected"": [], ""ok"": true, ""stop_token_ids"": [248046], ""unexpected_allowed"": []}",2.9236273790011182,xgrammar,0.6430488110054284,2.2375269809999736,12,64,"[2064, 4816, 1040, 678, 1876, 2493, 381, 31084, 0, 16018, 488, 35932, 1092, 488, 4035, 1040, 1438, 440, 30, 1690, 3010, 25, 2228, 12, 357, 3296, 466, 8282, 488, 1318, 310, 12804, 30, 2228, 12, 5927, 310, 7156, 466, 1791, 30, 2228, 12, 357, 3377, 94762, 5313, 30, 2228, 12, 23879, 745, 30, 18050, 9658, 1042, 728, 1366, 11, 321, 353, 3172, 1732, 248046]","It seems like your message might be incomplete! Could you clarify what you'd like help with? For example:  
- A question or topic you want to explore?  
- Code to debug or create?  
- A problem-solving approach?  
- Something else?  

Just let me know, and I'll follow<|im_end|>",True,3795953152,8.17203472899564
150_common_gen_right_not_left_kna_t1_rep1,466,0,right_not_left,,1,2,64,4,308,806123932,common_gen,150,1,common_gen:validation:103,0,86ba2ae048e36a72217d638b9df31088224d63f57e1ebdc001d68360a0320a5b,df79265aabeb48985a82e0946b44acc6148830207a4c9b5e41a40af9700dc42b,success,,256.0,256.0,256.0,False,,model_loaded,11.7792084459943,0.3237261549948016,0.056672929000342265,0.3803990839951439,0.3803990839951439,190,552,9328,3258860,248320,"{""allowed_count"": 248067, ""expected_count"": 248067, ""missing_expected"": [], ""ok"": true, ""stop_token_ids"": [248046], ""unexpected_allowed"": []}",2.821024598000804,xgrammar,0.6260979539947584,2.187685925004189,12,64,"[2064, 5686, 1040, 678, 1876, 2493, 381, 31084, 0, 16018, 488, 35932, 1092, 488, 4035, 1040, 1438, 440, 30, 1690, 3010, 25, 2228, 12, 357, 3296, 466, 3377, 310, 11290, 30, 2228, 12, 7831, 383, 264, 8282, 318, 68, 1257, 2487, 7785, 11, 3712, 11, 5269, 11504, 2228, 12, 357, 11190, 4374, 318, 25638, 11, 1970, 11, 2790, 11504, 2228, 12, 321, 1375, 248046]","It looks like your message might be incomplete! Could you clarify what you'd like help with? For example:  
- A question or problem to solve?  
- Information on a topic (e.g., science, history, technology)?  
- A creative idea (story, code, design)?  
- and hand<|im_end|>",True,3795953152,6.760094187993673
151_common_gen_right_not_left_kna_t2_rep1,467,1,right_not_left,,2,2,64,7,431,1806795738,common_gen,151,1,common_gen:validation:986,0,9ed280a31344af2be34566cdd295f5146e33da4f77c59b18581ec3e3fa48993f,9495abcec177e7752c43dd68eb6a5e0005d16afbf596a051ee33ff147c7ff28a,success,,256.0,256.0,256.0,False,,model_loaded,12.260433857009048,0.35337724699638784,0.09446141200896818,0.447838659005356,0.447838659005356,314,1164,19537,9669659,248320,"{""allowed_count"": 248068, ""expected_count"": 248068, ""missing_expected"": [], ""ok"": true, ""stop_token_ids"": [248046], ""unexpected_allowed"": []}",2.8583684740005992,xgrammar,0.638644506005221,2.271452558998135,12,64,"[2064, 4816, 1040, 678, 1876, 2493, 381, 31084, 0, 16018, 488, 35932, 1092, 488, 4035, 1040, 1438, 440, 30, 1690, 3010, 25, 2228, 12, 357, 3296, 883, 264, 8282, 30, 2228, 12, 44241, 440, 264, 3274, 466, 3377, 30, 2228, 12, 7831, 383, 264, 3050, 3704, 30, 2228, 12, 23879, 745, 30, 18050, 9764, 728, 1366, 1204, 353, 628, 7543, 0, 321, 1844, 248046]","It seems like your message might be incomplete! Could you clarify what you'd like help with? For example:  
- A question about a topic?  
- Assistance with a task or problem?  
- Information on a specific subject?  
- Something else?  

Let me know how I can assist! and top<|im_end|>",True,3795953152,7.142091254994739
152_common_gen_right_not_left_kna_t3_rep1,468,2,right_not_left,,3,2,64,9,554,1715798320,common_gen,152,1,common_gen:validation:966,0,c97be51db0f6bff5e097fd20ae401ca3acfc2ccc8bd224bc79a20c60d3b12010,ba0dbfb286e43090c85fe1e1e43edd130322fe3e8eaaa12324746a966c13b04d,success,,256.0,256.0,256.0,False,,model_loaded,12.280399462004425,0.3577585269958945,0.13615716899221297,0.4939156959881075,0.4939156959881075,438,2020,33372,20306932,248320,"{""allowed_count"": 248068, ""expected_count"": 248068, ""missing_expected"": [], ""ok"": true, ""stop_token_ids"": [248046], ""unexpected_allowed"": []}",2.8195085780025693,xgrammar,0.6214611210016301,2.193515209000907,12,64,"[2064, 5686, 1040, 678, 1876, 2493, 381, 31084, 0, 25677, 232, 16018, 488, 35932, 1092, 488, 4035, 1040, 1438, 440, 30, 1690, 3010, 25, 2228, 12, 357, 3296, 466, 8282, 488, 1318, 310, 12804, 30, 2228, 12, 357, 3274, 318, 68, 1257, 2487, 4237, 11, 10505, 11, 6673, 11, 11870, 44969, 11504, 2228, 12, 23879, 3050, 488, 2224, 21520, 883, 30, 321, 1814, 248046]","It looks like your message might be incomplete! 😊 Could you clarify what you'd like help with? For example:  
- A question or topic you want to explore?  
- A task (e.g., writing, coding, math, logic puzzles)?  
- Something specific you're curious about? and world<|im_end|>",True,3795953152,6.878347131991177
153_common_gen_right_not_left_kna_t4_rep1,469,3,right_not_left,,4,2,64,11,677,1810150347,common_gen,153,1,common_gen:validation:861,0,e0b78c6b51fc3b0a29cc40824c45a1cb5d96b6de287edc2cc2aec9943cacb81e,f7b9deb871b0670878cc6e1f7cd35cb032d6f9326a85c769544333dc1436063d,success,,256.0,256.0,256.0,False,,model_loaded,12.217697967993445,0.32798720699793193,0.18274499599647243,0.5107322029944044,0.5107322029944044,562,3120,51262,35893405,248320,"{""allowed_count"": 248068, ""expected_count"": 248068, ""missing_expected"": [], ""ok"": true, ""stop_token_ids"": [248046], ""unexpected_allowed"": []}",2.7297205929935444,xgrammar,0.6254247149918228,2.226268840007833,12,64,"[2064, 4816, 1040, 678, 1876, 2493, 381, 31084, 0, 16018, 488, 35932, 1092, 488, 4035, 1040, 1438, 440, 30, 1690, 3010, 25, 2228, 12, 357, 3050, 8282, 318, 68, 1257, 2487, 7785, 11, 3712, 11, 5269, 11504, 2228, 12, 357, 3296, 488, 1144, 18018, 30, 2228, 12, 357, 3274, 488, 2224, 3133, 383, 318, 68, 1257, 2487, 10505, 11, 4237, 11, 321, 4088, 248046]","It seems like your message might be incomplete! Could you clarify what you'd like help with? For example:  
- A specific topic (e.g., science, history, technology)?  
- A question you need answered?  
- A task you're working on (e.g., coding, writing, and walk<|im_end|>",True,3795953152,6.8635439240024425
154_common_gen_right_not_left_kna_t5_rep1,470,4,right_not_left,,5,2,64,13,800,1725636772,common_gen,154,1,common_gen:validation:222,0,305fde0c680b23a76c6bba0c2e79e4058b1b40fb3e48d0da31c2b8440b1807ce,5b4ce7a5df188183a5eb749aca2e3ac3c95e950bb96096817707ea881ea7f626,success,,256.0,256.0,256.0,False,,model_loaded,12.322070137000992,0.3327541909966385,0.23126890399726108,0.5640230949938996,0.5640230949938996,686,4464,73266,57149366,248320,"{""allowed_count"": 248068, ""expected_count"": 248068, ""missing_expected"": [], ""ok"": true, ""stop_token_ids"": [248046], ""unexpected_allowed"": []}",2.8042984869971406,xgrammar,0.6116426689986838,2.2183660279988544,12,64,"[2064, 4816, 1040, 678, 1876, 2597, 3799, 974, 0, 16018, 488, 4338, 35932, 1092, 488, 4035, 1040, 310, 1366, 466, 2466, 883, 30, 1690, 3010, 25, 2228, 12, 357, 3050, 8282, 318, 68, 1257, 2487, 7785, 11, 3712, 11, 12641, 11504, 2228, 12, 357, 3296, 883, 264, 7059, 30, 2228, 12, 11150, 440, 2414, 14542, 318, 68, 1257, 2487, 4237, 11, 321, 1834, 248046]","It seems like your message got cut off! Could you please clarify what you'd like to know or ask about? For example:  
- A specific topic (e.g., science, history, tech)?  
- A question about a concept?  
- Help with something practical (e.g., writing, and day<|im_end|>",True,3795953152,6.951303669004119
155_common_gen_right_not_left_kna_t6_rep1,471,5,right_not_left,,6,2,64,15,923,1304672721,common_gen,155,1,common_gen:validation:381,0,14f7aaecdf0af9bac40a6e63aafa88c896a79cd2fc529b80d3ff9586a3481923,294cec7571e4e9213a1a92ea3ad7879a8679d8926c8d39702686490282099f19,success,,256.0,256.0,256.0,False,,model_loaded,12.482099469008972,0.34921843600750435,0.2835260949941585,0.6327445310016628,0.6327445310016628,810,6052,99140,84795103,248320,"{""allowed_count"": 248068, ""expected_count"": 248068, ""missing_expected"": [], ""ok"": true, ""stop_token_ids"": [248046], ""unexpected_allowed"": []}",2.673981140003889,xgrammar,0.6271313780016499,2.2708779240056174,12,64,"[2064, 4816, 678, 1876, 2493, 381, 31084, 0, 16018, 488, 35932, 1092, 488, 4035, 1040, 310, 4123, 11, 2466, 264, 3296, 11, 466, 1144, 1438, 440, 30, 25677, 232, 1690, 3010, 25, 2228, 12, 14235, 10104, 383, 264, 3050, 8282, 30, 2228, 12, 22528, 310, 11290, 264, 3377, 30, 2228, 12, 20482, 364, 1928, 466, 6498, 30, 2228, 9658, 1042, 728, 321, 2113, 248046]","It seems your message might be incomplete! Could you clarify what you'd like to discuss, ask a question, or need help with? 😊 For example:  
- Need tips on a specific topic?  
- Want to solve a problem?  
- Looking for information or ideas?  
Just let me and put<|im_end|>",True,3795953152,7.02334921900183
156_common_gen_right_not_left_kna_t7_rep1,472,6,right_not_left,,7,2,64,17,1046,1847576502,common_gen,156,1,common_gen:validation:467,0,c7f46f3d3be0e7c85529bd6a8f08d2a7bbf848084709d293de5ff713f30cd23f,3c877839735edf3a9b2aeae4eb9135c112996ef3b9bc668f44cce85941e01a27,success,,256.0,256.0,256.0,False,,model_loaded,12.413051537994761,0.3444980569911422,0.34005870499822777,0.68455676198937,0.68455676198937,934,7884,128884,119550904,248320,"{""allowed_count"": 248068, ""expected_count"": 248068, ""missing_expected"": [], ""ok"": true, ""stop_token_ids"": [248046], ""unexpected_allowed"": []}",2.657984977005981,xgrammar,0.6157676019938663,2.181209186994238,12,64,"[2064, 4816, 1040, 678, 1876, 2597, 3799, 974, 0, 16018, 488, 4338, 35932, 1092, 488, 4035, 1040, 310, 4123, 466, 2466, 883, 30, 353, 2688, 1532, 310, 1438, 440, 4602, 11, 6498, 11, 8806, 11, 466, 3977, 745, 488, 1144, 0, 25677, 232, 169379, 271, 2381, 3010, 25, 198, 12, 3054, 488, 1318, 1438, 440, 264, 3050, 8282, 318, 38248, 11, 321, 17248, 248046]","It seems like your message got cut off! Could you please clarify what you'd like to discuss or ask about? I'm here to help with questions, ideas, tasks, or anything else you need! 😊✨

For example:
- Do you want help with a specific topic (science, and everyday<|im_end|>",True,3795953152,6.8782449629943585
157_common_gen_right_not_left_kna_t8_rep1,473,7,right_not_left,,8,2,64,19,1169,323622681,common_gen,157,1,common_gen:validation:377,0,e4604cd485af1db8bdcc12d3f5b8be207b59e00d0d239c5459b502b46b5cf790,c3522967b65f4d8b4ad73cacd30ad9f12ddb5a1ea3704ee484bb7d1f98527b6c,success,,256.0,256.0,256.0,False,,model_loaded,12.554253634007182,0.3600880729936762,0.4030824509973172,0.7631705239909934,0.7631705239909934,1058,9960,162498,162137057,248320,"{""allowed_count"": 248068, ""expected_count"": 248068, ""missing_expected"": [], ""ok"": true, ""stop_token_ids"": [248046], ""unexpected_allowed"": []}",2.6232090139965294,xgrammar,0.6311620710039278,2.2449168489984004,12,64,"[2064, 4816, 1040, 678, 1876, 2493, 381, 31084, 0, 16018, 488, 4338, 35932, 1092, 488, 4035, 1040, 310, 1366, 466, 4123, 30, 1690, 3010, 25, 2228, 12, 3054, 488, 1144, 1438, 440, 264, 3050, 3274, 318, 68, 1257, 2487, 10505, 11, 4237, 11, 21156, 264, 3377, 11504, 2228, 12, 8448, 488, 9859, 883, 264, 8282, 1040, 7785, 11, 3712, 11, 5269, 321, 5354, 248046]","It seems like your message might be incomplete! Could you please clarify what you'd like to know or discuss? For example:  
- Do you need help with a specific task (e.g., coding, writing, solving a problem)?  
- Are you asking about a topic like science, history, technology and ready<|im_end|>",True,3795953152,7.018885933997808
158_common_gen_right_not_left_kna_t9_rep1,474,8,right_not_left,,9,2,64,21,1292,1427472718,common_gen,158,1,common_gen:validation:88,0,8c60ac1843ea9bbe36965658fa5624c400acb3195748c72177c71f4e958e6d37,ff60ae0557334d088d09e4b76de7242e517d6db74e1ae956806539a78cc47721,success,,256.0,256.0,256.0,False,,model_loaded,12.730827334002242,0.3641434110031696,0.4669330679898849,0.8310764789930545,0.8310764789930545,1182,12280,201142,213273850,248320,"{""allowed_count"": 248068, ""expected_count"": 248068, ""missing_expected"": [], ""ok"": true, ""stop_token_ids"": [248046], ""unexpected_allowed"": []}",2.803518633998465,xgrammar,0.627949311005068,2.2696258450014284,12,64,"[2064, 4816, 1040, 678, 1876, 2493, 381, 31084, 0, 16018, 488, 4338, 35932, 1092, 488, 4035, 1040, 310, 4123, 466, 2466, 883, 30, 1690, 3010, 25, 2228, 12, 357, 3296, 466, 3377, 310, 11290, 30, 2228, 12, 1473, 4374, 310, 12804, 30, 2228, 12, 23879, 745, 11040, 30, 18050, 9764, 728, 1366, 1204, 353, 628, 7543, 0, 25677, 232, 9008, 247, 321, 2094, 248046]","It seems like your message might be incomplete! Could you please clarify what you'd like to discuss or ask about? For example:  
- A question or problem to solve?  
- An idea to explore?  
- Something else entirely?  

Let me know how I can assist! 😊� and around<|im_end|>",True,3795953152,7.290263959002914
159_common_gen_right_not_left_kna_t10_rep1,475,9,right_not_left,,10,2,64,23,1415,280967001,common_gen,159,1,common_gen:validation:705,0,2217ffe2485391aa637172223009227491e585565578d08318ee8c1fd4bd7149,76a29537478a53401ffc7c440332c17c9808a9917bb4f60c26f4182c5d5930bd,success,,256.0,256.0,256.0,False,,model_loaded,12.843529010002385,0.3544480270065833,0.541286207997473,0.8957342350040562,0.8957342350040562,1306,14844,243910,273681571,248320,"{""allowed_count"": 248068, ""expected_count"": 248068, ""missing_expected"": [], ""ok"": true, ""stop_token_ids"": [248046], ""unexpected_allowed"": []}",2.804299246010487,xgrammar,0.6249631020036759,2.2681982979993336,12,64,"[2064, 4816, 1040, 678, 1876, 2493, 381, 31084, 0, 16018, 488, 35932, 1092, 488, 4035, 1040, 310, 4123, 466, 2466, 883, 30, 1690, 3010, 25, 2228, 12, 357, 3050, 8282, 318, 68, 1257, 2487, 7785, 11, 3712, 11, 12641, 11, 7431, 11504, 2228, 12, 357, 3296, 466, 3377, 488, 2224, 3133, 383, 30, 2228, 12, 357, 1622, 364, 18005, 11, 39492, 321, 1831, 248046]","It seems like your message might be incomplete! Could you clarify what you'd like to discuss or ask about? For example:  
- A specific topic (e.g., science, history, tech, culture)?  
- A question or problem you're working on?  
- A request for recommendations, explanations and take<|im_end|>",True,3795953152,7.389049030010938
160_common_gen_right_not_left_kna_t11_rep1,476,10,right_not_left,,11,2,64,25,1538,119820211,common_gen,160,1,common_gen:validation:371,0,4ea359bf6d09c8f490063fa4789eaa356b6cb4f383e6b03a1341fe122be2b2fe,b808192286972ca872e8322cc0d4a5a39460bfcda26e05e177624ce26522c33b,success,,256.0,256.0,256.0,False,,model_loaded,13.034416572001646,0.36827131900645327,0.610650425995118,0.9789217450015713,0.9789217450015713,1430,17652,290723,344080508,248320,"{""allowed_count"": 248068, ""expected_count"": 248068, ""missing_expected"": [], ""ok"": true, ""stop_token_ids"": [248046], ""unexpected_allowed"": []}",2.853437063997262,xgrammar,0.6070198020024691,2.1882118759967852,12,64,"[40, 2688, 5354, 310, 1438, 0, 3437, 1000, 488, 1040, 310, 1366, 466, 4123, 30, 25677, 232, 2228, 7, 9658, 1042, 728, 1366, 678, 8282, 11, 3296, 11, 466, 3274, 48952, 3172, 635, 821, 1786, 310, 7543, 15836, 2228, 9, 8839, 25, 1368, 488, 8526, 310, 4191, 2414, 3050, 6575, 694, 279, 1876, 2597, 3799, 974, 11, 2579, 1845, 310, 2962, 321, 14744, 248046]","I'm ready to help! What would you like to know or discuss? 😊  
(Just let me know your topic, question, or task—I'll do my best to assist!)  
*Note: If you meant to share something specific earlier but the message got cut off, feel free to continue and spark<|im_end|>",True,3795953152,7.407571856994764
161_common_gen_right_not_left_kna_t12_rep1,477,11,right_not_left,,12,2,64,27,1661,817578808,common_gen,161,1,common_gen:validation:772,0,f8e080470a93a53a8521a0a26513bceafceaf850f380f8db5732c5b6d28e4cdf,0f48c38c2001647b8c6d48c984a4c439a1623a29c86cab58c37afab75d1ba6fb,success,,256.0,256.0,256.0,False,,model_loaded,13.13539948700054,0.38345522100280505,0.69145387300523,1.074909094008035,1.074909094008035,1554,20704,341650,425190949,248320,"{""allowed_count"": 248068, ""expected_count"": 248068, ""missing_expected"": [], ""ok"": true, ""stop_token_ids"": [248046], ""unexpected_allowed"": []}",2.8178235160012264,xgrammar,0.6127883820008719,2.264192227012245,12,64,"[40, 2688, 5354, 310, 1438, 0, 3437, 1000, 488, 1040, 310, 1366, 466, 944, 383, 30, 30691, 1845, 310, 4191, 678, 3296, 11, 3274, 11, 466, 8282, 11, 321, 353, 3172, 635, 821, 1786, 310, 7543, 488, 13, 25677, 232, 271, 6391, 2592, 488, 8526, 310, 2962, 264, 3555, 10125, 694, 678, 1879, 557, 1066, 328, 20564, 1892, 4338, 3300, 777, 3447, 3808, 248046]","I'm ready to help! What would you like to know or work on? Feel free to share your question, task, or topic, and I'll do my best to assist you. 😊

*(If you meant to continue a previous conversation but your input was just ""..."" — please provide more details across<|im_end|>",True,3795953152,7.513991722997162
162_common_gen_right_not_left_kna_t13_rep1,478,12,right_not_left,,13,2,64,29,1784,1303865603,common_gen,162,1,common_gen:validation:123,0,15266b58fca7335daec853024b7e2f09533e282d3746724072cadcde0512889a,62a0e4d34ac3039c94be532e880dc2e6c8e7d38652e622deac913b2fcac40d62,success,,256.0,256.0,256.0,False,,model_loaded,13.13652128900867,0.3893564210011391,0.7825256000069203,1.1718820210080594,1.1718820210080594,1678,24000,396691,517733182,248320,"{""allowed_count"": 248068, ""expected_count"": 248068, ""missing_expected"": [], ""ok"": true, ""stop_token_ids"": [248046], ""unexpected_allowed"": []}",2.8417039699997986,xgrammar,0.6215925919968868,2.2612312979908893,12,64,"[2064, 5686, 1040, 678, 1876, 2493, 381, 31084, 0, 16018, 488, 4338, 35932, 1092, 488, 4035, 1040, 310, 4123, 466, 2466, 883, 30, 1690, 3010, 25, 2228, 12, 3054, 488, 1144, 1438, 440, 264, 3050, 8282, 318, 68, 1257, 2487, 7785, 11, 5269, 11, 3712, 11504, 2228, 12, 8448, 488, 3221, 364, 9183, 383, 264, 3274, 466, 3377, 30, 2228, 12, 321, 2645, 248046]","It looks like your message might be incomplete! Could you please clarify what you'd like to discuss or ask about? For example:  
- Do you need help with a specific topic (e.g., science, technology, history)?  
- Are you looking for advice on a task or problem?  
- and rest<|im_end|>",True,3795953152,7.636635695991572
163_common_gen_right_not_left_kna_t14_rep1,479,13,right_not_left,,14,2,64,31,1907,1012729022,common_gen,163,1,common_gen:validation:234,0,f3cf0a760729108ed89ccd884d52f12d01076933ae0f7c1aeedded3cd3d6a504,7e53b17c2b8134630e5ad2afe26d10b62bf7b3deb91eddf44baa75ed31712e3b,success,,256.0,256.0,256.0,False,,model_loaded,13.06464610499097,0.37827155500417575,0.863031751010567,1.2413033060147427,1.2413033060147427,1802,27540,455846,622427495,248320,"{""allowed_count"": 248068, ""expected_count"": 248068, ""missing_expected"": [], ""ok"": true, ""stop_token_ids"": [248046], ""unexpected_allowed"": []}",2.762501043995144,xgrammar,0.6302770789916394,2.2646342540101614,12,64,"[2064, 5686, 1040, 678, 1876, 2493, 381, 31084, 0, 16018, 488, 35932, 1092, 488, 4035, 1040, 310, 4123, 466, 2466, 883, 30, 1690, 3010, 25, 2228, 12, 357, 3050, 8282, 318, 68, 1257, 2487, 7785, 11, 3712, 11, 5269, 8, 2228, 12, 357, 3296, 466, 3377, 488, 2224, 3133, 383, 2228, 12, 23879, 11190, 318, 68, 1257, 2487, 6498, 11, 7112, 321, 1208, 248046]","It looks like your message might be incomplete! Could you clarify what you'd like to discuss or ask about? For example:  
- A specific topic (e.g., science, history, technology)  
- A question or problem you're working on  
- Something creative (e.g., ideas, stories and people<|im_end|>",True,3795953152,7.619637899988447
164_common_gen_right_not_left_kna_t15_rep1,480,14,right_not_left,,15,2,64,33,2030,429832398,common_gen,164,1,common_gen:validation:581,0,f00b88c1dbf416d0abd122e4c997db33c194ced71adda3e3f321b6bb1cc135c8,b37c6fdfb259f11b4203dd522f37415229dbfb95f980ad4a438a1d784cf2695f,success,,256.0,256.0,256.0,False,,model_loaded,15.203811915009283,0.4327810319955461,0.9646408060070826,1.3974218380026286,1.3974218380026286,1926,31324,519115,739994176,248320,"{""allowed_count"": 248068, ""expected_count"": 248068, ""missing_expected"": [], ""ok"": true, ""stop_token_ids"": [248046], ""unexpected_allowed"": []}",2.783375460989191,xgrammar,0.6431168980052462,2.199281287001213,12,64,"[2064, 4816, 1040, 678, 1876, 2597, 3799, 974, 0, 16018, 488, 4338, 3300, 777, 3447, 748, 353, 628, 1438, 488, 2577, 30, 1690, 3010, 25, 2228, 12, 3437, 8282, 513, 488, 7763, 303, 30, 2228, 12, 3054, 488, 1144, 1438, 440, 264, 3050, 3377, 11, 4374, 11, 466, 3274, 30, 2228, 12, 3437, 579, 678, 5614, 30, 18050, 9764, 728, 1366, 321, 1347, 248046]","It seems like your message got cut off! Could you please provide more details so I can help you better? For example:  
- What topic are you interested in?  
- Do you need help with a specific problem, idea, or task?  
- What's your goal?  

Let me know and rec<|im_end|>",True,3795953152,7.869261396990623
165_common_gen_right_not_left_kna_t16_rep1,481,15,right_not_left,,16,2,64,35,2153,304188434,common_gen,165,1,common_gen:validation:760,0,8deee6bc836b0a38f9947200169450ca51cc5983e6c39e3f0ac9bf479e6a2744,f21c3e8366e9e28668137bcc0ed5371f4f3ba0f282a2df4c31dabe9a8d00fe53,success,,256.0,256.0,256.0,False,,model_loaded,14.747134878998622,0.43327524499909487,1.0632665070006624,1.4965417519997573,1.4965417519997573,2050,35352,586498,871153513,248320,"{""allowed_count"": 248068, ""expected_count"": 248068, ""missing_expected"": [], ""ok"": true, ""stop_token_ids"": [248046], ""unexpected_allowed"": []}",2.852650647997507,xgrammar,0.6467778160003945,2.2520796559983864,12,64,"[2064, 4816, 678, 1876, 2493, 381, 31084, 0, 16018, 488, 35932, 1092, 488, 4035, 1040, 310, 4123, 466, 1438, 440, 30, 1690, 3010, 25, 2228, 12, 3054, 488, 599, 264, 3050, 3296, 30, 2228, 12, 14235, 9183, 383, 264, 8282, 318, 68, 1257, 2487, 5269, 11, 2730, 11, 6520, 11504, 2228, 12, 22528, 310, 83783, 6498, 466, 11290, 264, 3377, 30, 321, 6601, 248046]","It seems your message might be incomplete! Could you clarify what you'd like to discuss or help with? For example:  
- Do you have a specific question?  
- Need advice on a topic (e.g., technology, health, education)?  
- Want to brainstorm ideas or solve a problem? and pull<|im_end|>",True,3795953152,8.10191874600423
150_common_gen_right_not_left_kna_t1_rep2,482,0,right_not_left,,1,2,64,4,308,899577775,common_gen,150,2,common_gen:validation:212,0,00a48a7e4ee6bf30dc26732242fde3167d39a31483f7009724f8ea43e07ad530,096b8ac074a2e6fb221ec1de3b9f759d50ea93edac0e41433932222b0b0a5a65,success,,256.0,256.0,256.0,False,,model_loaded,12.043574159004493,0.3322487419936806,0.05528999799571466,0.38753873998939525,0.38753873998939525,190,552,9328,3258860,248320,"{""allowed_count"": 248067, ""expected_count"": 248067, ""missing_expected"": [], ""ok"": true, ""stop_token_ids"": [248046], ""unexpected_allowed"": []}",2.888489243006916,xgrammar,0.6330950780102285,2.2206198810017668,12,64,"[2064, 4816, 1040, 678, 1876, 2493, 381, 31084, 0, 16018, 488, 35932, 1092, 488, 4035, 1040, 310, 4123, 466, 1092, 488, 1144, 1438, 440, 30, 1690, 3010, 25, 2228, 12, 3054, 488, 1144, 1928, 11, 449, 4087, 310, 264, 3296, 11, 466, 12622, 440, 264, 3274, 30, 2228, 12, 8448, 488, 4237, 2414, 318, 68, 1257, 2487, 264, 3255, 11, 2469, 321, 13232, 248046]","It seems like your message might be incomplete! Could you clarify what you'd like to discuss or what you need help with? For example:  
- Do you need information, an answer to a question, or assistance with a task?  
- Are you writing something (e.g., a story, email and keyboard<|im_end|>",True,3795953152,6.863611212000251
151_common_gen_right_not_left_kna_t2_rep2,483,1,right_not_left,,2,2,64,7,431,755169484,common_gen,151,2,common_gen:validation:769,0,d102a86b08d5218d09867cab826b555ef35d8084fbad325074fb3f4c89e028e3,a8a1d9af4028d27b2f13611ed8dda6f65ccd7fdc9fa3c3799d195adc2576e374,success,,256.0,256.0,256.0,False,,model_loaded,12.033445622000727,0.3443715839966899,0.09348483600479085,0.43785642000148073,0.43785642000148073,314,1164,19537,9669659,248320,"{""allowed_count"": 248068, ""expected_count"": 248068, ""missing_expected"": [], ""ok"": true, ""stop_token_ids"": [248046], ""unexpected_allowed"": []}",2.7483169969927985,xgrammar,0.6469434769969666,2.2669027100055246,12,64,"[2064, 4816, 1040, 678, 1876, 2597, 3799, 974, 0, 16018, 488, 4338, 35932, 1092, 488, 4035, 1040, 310, 4123, 466, 2466, 883, 30, 12757, 424, 579, 264, 3296, 11, 264, 1622, 364, 1438, 11, 466, 2414, 745, 11, 2579, 1845, 310, 3300, 777, 3447, 748, 353, 628, 7543, 488, 2577, 0, 25677, 232, 9008, 239, 235, 271, 2381, 3010, 25, 198, 321, 2963, 248046]","It seems like your message got cut off! Could you please clarify what you'd like to discuss or ask about? Whether it's a question, a request for help, or something else, feel free to provide more details so I can assist you better! 😊👍

For example:
 and talk<|im_end|>",True,3795953152,6.9106043570063775
152_common_gen_right_not_left_kna_t3_rep2,484,2,right_not_left,,3,2,64,9,554,717281809,common_gen,152,2,common_gen:validation:535,0,296b7187a3107964f12c70334e4129234ac585cfbe64971acef6b70b549d3678,9cb66eb51e4cedccdf8b90961f14648575c5ed26295a2a1d362c5cb6bfcfd022,success,,256.0,256.0,256.0,False,,model_loaded,12.425666297000134,0.33329761899949517,0.13649797700054478,0.46979559600003995,0.46979559600003995,438,2020,33372,20306932,248320,"{""allowed_count"": 248068, ""expected_count"": 248068, ""missing_expected"": [], ""ok"": true, ""stop_token_ids"": [248046], ""unexpected_allowed"": []}",2.7882462479901733,xgrammar,0.6156471120048082,2.210715622000862,12,64,"[2064, 4816, 1040, 678, 1876, 2597, 3799, 974, 0, 16018, 488, 4338, 35932, 1092, 488, 4035, 1040, 310, 4123, 466, 2466, 883, 30, 1690, 3010, 25, 2228, 12, 357, 3296, 466, 3377, 488, 2224, 3133, 383, 30, 2228, 12, 7831, 883, 264, 8282, 318, 68, 1257, 2487, 7785, 11, 3712, 11, 5269, 11504, 2228, 12, 11150, 440, 4237, 11, 10505, 11, 321, 3008, 248046]","It seems like your message got cut off! Could you please clarify what you'd like to discuss or ask about? For example:  
- A question or problem you're working on?  
- Information about a topic (e.g., science, history, technology)?  
- Help with writing, coding, and side<|im_end|>",True,3795953152,6.820111660999828
153_common_gen_right_not_left_kna_t4_rep2,485,3,right_not_left,,4,2,64,11,677,62059944,common_gen,153,2,common_gen:validation:132,0,8142a554fcda158dadb96535bf7231ab9627fa907b19f8a7ddefb5f8ade87456,06651f5fdb6119901ce848a55c4bd20f9dce3c94986f191dd978992850a1e0da,success,,256.0,256.0,256.0,False,,model_loaded,12.367725638003321,0.3469193760101916,0.18286376100149937,0.529783137011691,0.529783137011691,562,3120,51262,35893405,248320,"{""allowed_count"": 248068, ""expected_count"": 248068, ""missing_expected"": [], ""ok"": true, ""stop_token_ids"": [248046], ""unexpected_allowed"": []}",2.8066833129996667,xgrammar,0.6369764679984655,2.278812452001148,12,64,"[2064, 4816, 678, 1876, 2597, 3799, 974, 0, 16018, 488, 4338, 3300, 777, 3447, 748, 353, 628, 7543, 488, 2577, 30, 1690, 3010, 25, 2228, 12, 3437, 3050, 8282, 513, 488, 7763, 303, 30, 2228, 12, 3054, 488, 1144, 1438, 440, 264, 3377, 11, 3274, 11, 466, 11190, 4374, 30, 2228, 12, 3437, 3992, 466, 2193, 513, 567, 23620, 30, 18050, 321, 4062, 248046]","It seems your message got cut off! Could you please provide more details so I can assist you better? For example:  
- What specific topic are you interested in?  
- Do you need help with a problem, task, or creative idea?  
- What language or context are we discussing?  

 and hit<|im_end|>",True,3795953152,7.017837021005107
154_common_gen_right_not_left_kna_t5_rep2,486,4,right_not_left,,5,2,64,13,800,990332911,common_gen,154,2,common_gen:validation:403,0,9616646e1aca4a585ce3b50fd4c1fa5794cee3255eddc934b749b55c6e761616,4655fbf633673f58c45ead9860d72b00e97532fbce109efb6409e084cad1b18a,success,,256.0,256.0,256.0,False,,model_loaded,12.274580775003415,0.33916138199856505,0.2309641420142725,0.5701255240128376,0.5701255240128376,686,4464,73266,57149366,248320,"{""allowed_count"": 248068, ""expected_count"": 248068, ""missing_expected"": [], ""ok"": true, ""stop_token_ids"": [248046], ""unexpected_allowed"": []}",2.7338616049964912,xgrammar,0.6176280329964356,2.2449068989953957,12,64,"[2064, 4816, 678, 1876, 2493, 381, 31084, 0, 16018, 488, 35932, 1092, 488, 4035, 1040, 1438, 440, 30, 1690, 3010, 25, 2228, 12, 357, 3296, 883, 7785, 11, 3712, 11, 466, 5269, 30, 2228, 12, 44241, 440, 264, 6673, 3377, 466, 10505, 3274, 30, 2228, 12, 22185, 364, 4237, 11, 6618, 264, 3992, 11, 466, 8842, 30, 2228, 12, 23879, 745, 321, 7923, 248046]","It seems your message might be incomplete! Could you clarify what you'd like help with? For example:  
- A question about science, history, or technology?  
- Assistance with a math problem or coding task?  
- Ideas for writing, learning a language, or planning?  
- Something else and eat<|im_end|>",True,3795953152,6.922151746999589
155_common_gen_right_not_left_kna_t6_rep2,487,5,right_not_left,,6,2,64,15,923,879180340,common_gen,155,2,common_gen:validation:916,0,4db3212f45a40a3bc6fc3e4a361fea000736b2e67a82d6efb5ed2aebcc195b67,77c29bc6d37df61d1c3749dca135777bdfff99dcd1e39d11ad742fb87a56ad33,success,,256.0,256.0,256.0,False,,model_loaded,12.598369939994882,0.33302843300043605,0.282925283012446,0.6159537160128821,0.6159537160128821,810,6052,99140,84795103,248320,"{""allowed_count"": 248068, ""expected_count"": 248068, ""missing_expected"": [], ""ok"": true, ""stop_token_ids"": [248046], ""unexpected_allowed"": []}",2.765182550996542,xgrammar,0.6265444250020664,2.2333040079975035,12,64,"[9419, 0, 1049, 4816, 1040, 678, 1876, 2493, 381, 31084, 13, 16018, 488, 4338, 35932, 1092, 488, 4035, 1040, 310, 1366, 466, 4123, 30, 1690, 3010, 25, 2228, 12, 8448, 488, 9859, 883, 264, 3050, 8282, 318, 68, 1257, 2487, 7785, 11, 5269, 11, 7431, 11504, 2228, 12, 14235, 1438, 440, 264, 3274, 318, 68, 1257, 2487, 4237, 11, 21156, 264, 321, 7915, 248046]","Hello! It seems like your message might be incomplete. Could you please clarify what you'd like to know or discuss? For example:  
- Are you asking about a specific topic (e.g., science, technology, culture)?  
- Need help with a task (e.g., writing, solving a and balance<|im_end|>",True,3795953152,6.997655938990647
156_common_gen_right_not_left_kna_t7_rep2,488,6,right_not_left,,7,2,64,17,1046,1320651895,common_gen,156,2,common_gen:validation:0,0,0fc2ceaef084e5bf64400b7467be54ed8f36453f4fd228f0d665aa1b263a6bc6,01b44b650fa902cf684550de4ab1f72ce2d3504788fa673ad96bfc81b028aeae,success,,256.0,256.0,256.0,False,,model_loaded,12.717936361004831,0.34828198300965596,0.3394158840092132,0.6876978670188691,0.6876978670188691,934,7884,128884,119550904,248320,"{""allowed_count"": 248068, ""expected_count"": 248068, ""missing_expected"": [], ""ok"": true, ""stop_token_ids"": [248046], ""unexpected_allowed"": []}",2.691457109001931,xgrammar,0.6192654680053238,2.2192282270116266,12,64,"[2064, 4816, 1040, 678, 1876, 2493, 381, 31084, 0, 16018, 488, 35932, 1092, 488, 4035, 1040, 310, 4123, 466, 1144, 1438, 440, 30, 1690, 3010, 25, 2228, 12, 357, 3296, 883, 5269, 11, 7785, 11, 466, 3712, 30, 2228, 12, 44241, 440, 264, 3274, 11, 2313, 11, 466, 3377, 94762, 30, 2228, 12, 85376, 364, 6265, 11, 9228, 11, 466, 7141, 321, 2002, 248046]","It seems like your message might be incomplete! Could you clarify what you'd like to discuss or need help with? For example:  
- A question about technology, science, or history?  
- Assistance with a task, project, or problem-solving?  
- Recommendations for books, movies, or tools and field<|im_end|>",True,3795953152,6.983335697994335
157_common_gen_right_not_left_kna_t8_rep2,489,7,right_not_left,,8,2,64,19,1169,590011412,common_gen,157,2,common_gen:validation:961,0,4a9dfb1ca75de533e1e021c974fa2e4f6aa2d023f0c0f8866c81669393fdf8f3,d2988e5cc92e0d8eb921d07df75833b836d5f830b874887804f37800c32c6032,success,,256.0,256.0,256.0,False,,model_loaded,12.690637653999147,0.3503742820030311,0.4018300299940165,0.7522043119970476,0.7522043119970476,1058,9960,162498,162137057,248320,"{""allowed_count"": 248068, ""expected_count"": 248068, ""missing_expected"": [], ""ok"": true, ""stop_token_ids"": [248046], ""unexpected_allowed"": []}",2.620719194994308,xgrammar,0.6337358660093741,2.224292475002585,12,64,"[9419, 0, 1049, 4816, 1040, 678, 1876, 2493, 381, 31084, 13, 16018, 488, 4338, 3300, 777, 3447, 466, 35932, 1092, 488, 4035, 1040, 1438, 440, 30, 1690, 3010, 25, 2228, 12, 3054, 488, 1144, 12622, 440, 264, 3050, 3274, 318, 68, 1257, 2487, 4237, 11, 10505, 11, 6157, 11504, 2228, 12, 8448, 488, 9859, 264, 3296, 11, 11227, 449, 4374, 11, 321, 6784, 248046]","Hello! It seems like your message might be incomplete. Could you please provide more details or clarify what you'd like help with? For example:  
- Do you need assistance with a specific task (e.g., writing, coding, analysis)?  
- Are you asking a question, sharing an idea, and wall<|im_end|>",True,3795953152,6.994847148002009
158_common_gen_right_not_left_kna_t9_rep2,490,8,right_not_left,,9,2,64,21,1292,142799686,common_gen,158,2,common_gen:validation:259,0,e40be5f293a29166155183f3c7c06598ec54b7508575817377d5d4858a5804a8,533ab85fd9110916811d7cc694fd783454fc633605077f37a7047c00feef1985,success,,256.0,256.0,256.0,False,,model_loaded,12.66925805999199,0.36279977900267113,0.46576745000493247,0.8285672290076036,0.8285672290076036,1182,12280,201142,213273850,248320,"{""allowed_count"": 248068, ""expected_count"": 248068, ""missing_expected"": [], ""ok"": true, ""stop_token_ids"": [248046], ""unexpected_allowed"": []}",2.8370700499945087,xgrammar,0.6450964839896187,2.2153144600015366,12,64,"[2064, 5686, 1040, 678, 1876, 2493, 381, 31084, 0, 16018, 488, 4338, 35932, 1092, 488, 4035, 1040, 310, 1366, 466, 4123, 30, 1690, 3010, 25, 2228, 12, 357, 3050, 8282, 318, 68, 1257, 2487, 7785, 11, 3712, 11, 5269, 11504, 2228, 12, 357, 3296, 466, 3377, 488, 2224, 3133, 383, 30, 2228, 12, 357, 1622, 364, 1928, 11, 9989, 11, 466, 321, 8455, 248046]","It looks like your message might be incomplete! Could you please clarify what you'd like to know or discuss? For example:  
- A specific topic (e.g., science, history, technology)?  
- A question or problem you're working on?  
- A request for information, examples, or and patient<|im_end|>",True,3795953152,7.32819885200297
159_common_gen_right_not_left_kna_t10_rep2,491,9,right_not_left,,10,2,64,23,1415,891142208,common_gen,159,2,common_gen:validation:851,0,87102a3255f2ceffa58b57ee64d1ca4f4d90e3d67567cce9720b2d6fcac9ec40,1a80ac07ade912b6361ccbf4b35cd204b58a5c21ceb2ca0b21e76d433f7e2a4e,success,,256.0,256.0,256.0,False,,model_loaded,12.761932288005482,0.35699799499707296,0.5357030500017572,0.8927010449988302,0.8927010449988302,1306,14844,243910,273681571,248320,"{""allowed_count"": 248068, ""expected_count"": 248068, ""missing_expected"": [], ""ok"": true, ""stop_token_ids"": [248046], ""unexpected_allowed"": []}",2.817998496000655,xgrammar,0.5983175700093852,2.2482082130009076,12,64,"[2064, 4816, 678, 1876, 2597, 3799, 974, 0, 16018, 488, 4338, 35932, 1092, 488, 4035, 1040, 310, 1366, 466, 4123, 30, 1690, 3010, 25, 2228, 12, 357, 3050, 8282, 318, 68, 1257, 2487, 7785, 11, 3712, 11, 12641, 11504, 2228, 12, 357, 3296, 488, 2224, 3133, 383, 30, 2228, 12, 23879, 11190, 318, 65928, 11, 6498, 11, 1970, 11504, 2228, 12, 321, 4439, 248046]","It seems your message got cut off! Could you please clarify what you'd like to know or discuss? For example:  
- A specific topic (e.g., science, history, tech)?  
- A question you're working on?  
- Something creative (stories, ideas, code)?  
- and asked<|im_end|>",True,3795953152,7.3255258110002615
160_common_gen_right_not_left_kna_t11_rep2,492,10,right_not_left,,11,2,64,25,1538,423118537,common_gen,160,2,common_gen:validation:1,0,5c391595d1f9e1c5dc821deffdc3b8720d66152f7f9fea02f90fcf6474b08e19,8bcadcc5c1737cf9f91970b8718b0e9dce88fd38ba5aabbc9a25aa771eaeb17e,success,,256.0,256.0,256.0,False,,model_loaded,12.925208926011692,0.37254218899761327,0.6103463070030557,0.982888496000669,0.982888496000669,1430,17652,290723,344080508,248320,"{""allowed_count"": 248068, ""expected_count"": 248068, ""missing_expected"": [], ""ok"": true, ""stop_token_ids"": [248046], ""unexpected_allowed"": []}",2.808626287995139,xgrammar,0.6248078969947528,2.2864380789978895,12,64,"[2064, 4816, 1040, 678, 1876, 2597, 3799, 974, 0, 16018, 488, 4338, 35932, 1092, 488, 4035, 1040, 310, 4123, 466, 2466, 883, 30, 353, 2688, 1532, 310, 1438, 440, 4602, 11, 6498, 11, 3377, 94762, 11, 466, 3977, 745, 488, 1144, 0, 25677, 232, 9008, 239, 229, 271, 2381, 3010, 25, 198, 12, 14235, 1438, 440, 27529, 466, 3302, 30, 198, 321, 6623, 248046]","It seems like your message got cut off! Could you please clarify what you'd like to discuss or ask about? I'm here to help with questions, ideas, problem-solving, or anything else you need! 😊👇

For example:
- Need help with homework or research?
 and kids<|im_end|>",True,3795953152,7.457897029002197
161_common_gen_right_not_left_kna_t12_rep2,493,11,right_not_left,,12,2,64,27,1661,1286922299,common_gen,161,2,common_gen:validation:866,0,b04ad1c5d17bba81076f8d98d03f40ee750291f0c5fe3c58ed2bbab20a6ce06a,db17b4daa3ade11fbf0ec1a357a8db7bb3941b073a11efba75dc617946718211,success,,256.0,256.0,256.0,False,,model_loaded,12.798562522002612,0.38151554099749774,0.697335133998422,1.0788506749959197,1.0788506749959197,1554,20704,341650,425190949,248320,"{""allowed_count"": 248068, ""expected_count"": 248068, ""missing_expected"": [], ""ok"": true, ""stop_token_ids"": [248046], ""unexpected_allowed"": []}",2.743515705995378,xgrammar,0.619909426997765,2.2481170630053384,12,64,"[2064, 4816, 1040, 678, 1876, 2493, 381, 31084, 0, 16018, 488, 4338, 35932, 1092, 488, 4035, 1040, 1438, 440, 30, 1690, 3010, 25, 2228, 12, 357, 3296, 883, 264, 3050, 8282, 30, 2228, 12, 44241, 440, 264, 3274, 466, 3377, 30, 2228, 12, 35636, 383, 2414, 488, 9444, 6575, 30, 2228, 12, 23879, 745, 11040, 30, 18050, 9764, 728, 1366, 1204, 321, 4661, 248046]","It seems like your message might be incomplete! Could you please clarify what you'd like help with? For example:  
- A question about a specific topic?  
- Assistance with a task or problem?  
- Feedback on something you mentioned earlier?  
- Something else entirely?  

Let me know how and behind<|im_end|>",True,3795953152,7.4473941050091526
162_common_gen_right_not_left_kna_t13_rep2,494,12,right_not_left,,13,2,64,29,1784,1250834707,common_gen,162,2,common_gen:validation:570,0,741d4865721ed2712bfed31b6b9501443d417f2cc2bc6bdd970b0cba22b50d4d,e0586cd8795559c67c33a985db0eb60374b6d4d6380f4875c53011367f427310,success,,256.0,256.0,256.0,False,,model_loaded,13.238228967005853,0.3812120939983288,0.7821430990006775,1.1633551929990062,1.1633551929990062,1678,24000,396691,517733182,248320,"{""allowed_count"": 248068, ""expected_count"": 248068, ""missing_expected"": [], ""ok"": true, ""stop_token_ids"": [248046], ""unexpected_allowed"": []}",2.84905693300243,xgrammar,0.6212445730052423,2.239642189000733,12,64,"[2064, 4816, 1040, 678, 1876, 2493, 381, 31084, 0, 16018, 488, 35932, 1092, 488, 4035, 1040, 310, 4123, 466, 2466, 883, 30, 1690, 3010, 25, 2228, 12, 357, 3296, 883, 7785, 11, 5269, 11, 466, 3712, 30, 2228, 12, 11150, 440, 264, 3274, 466, 3377, 318, 68, 1257, 2487, 6673, 11, 10505, 11, 4237, 11504, 2228, 12, 23879, 5265, 310, 678, 321, 3929, 248046]","It seems like your message might be incomplete! Could you clarify what you'd like to discuss or ask about? For example:  
- A question about science, technology, or history?  
- Help with a task or problem (e.g., math, coding, writing)?  
- Something related to your and front<|im_end|>",True,3795953152,7.634539563005092
163_common_gen_right_not_left_kna_t14_rep2,495,13,right_not_left,,14,2,64,31,1907,1622041741,common_gen,163,2,common_gen:validation:651,0,8b8f0a27513963207402dde23f3e0d2be49d63ae08eee9915d0a37d311f20c5c,1d7aed4b768853bb62246b1386c3e7c7e75166d6c91fded5fec27bddc508cfc5,success,,256.0,256.0,256.0,False,,model_loaded,13.287208288995316,0.39436887099873275,0.8680766930046957,1.2624455640034284,1.2624455640034284,1802,27540,455846,622427495,248320,"{""allowed_count"": 248068, ""expected_count"": 248068, ""missing_expected"": [], ""ok"": true, ""stop_token_ids"": [248046], ""unexpected_allowed"": []}",2.803015347002656,xgrammar,0.6045024290069705,2.250695939990692,12,64,"[2064, 4816, 1040, 678, 1876, 2597, 3799, 974, 0, 16018, 488, 4338, 35932, 1092, 488, 4035, 1040, 310, 4123, 466, 2466, 883, 30, 12757, 424, 579, 264, 3296, 11, 264, 8282, 488, 2224, 21520, 883, 11, 466, 1438, 440, 2414, 3050, 11, 2579, 1845, 310, 1042, 728, 1366, 0, 25677, 232, 271, 2381, 3010, 25, 2228, 12, 3054, 488, 1144, 12622, 321, 4477, 248046]","It seems like your message got cut off! Could you please clarify what you'd like to discuss or ask about? Whether it's a question, a topic you're curious about, or help with something specific, feel free to let me know! 😊

For example:  
- Do you need assistance and music<|im_end|>",True,3795953152,7.6754802749928785
164_common_gen_right_not_left_kna_t15_rep2,496,14,right_not_left,,15,2,64,33,2030,360390010,common_gen,164,2,common_gen:validation:696,0,8ad0a92d2739dc8043efd7064fd48f30700bad0b096a759c6862827789b32711,3fc136e82771431ab97539a44b9f2612c69d8c65b0b3d8bc31de4373a7c5e089,success,,256.0,256.0,256.0,False,,model_loaded,14.001668477998464,0.4080385999986902,0.9637117300007958,1.371750329999486,1.371750329999486,1926,31324,519115,739994176,248320,"{""allowed_count"": 248068, ""expected_count"": 248068, ""missing_expected"": [], ""ok"": true, ""stop_token_ids"": [248046], ""unexpected_allowed"": []}",2.8783027210010914,xgrammar,0.6344065390003379,2.2407014990021707,12,64,"[2064, 4816, 1040, 678, 1876, 2597, 3799, 974, 0, 16018, 488, 4338, 35932, 1092, 488, 4035, 1040, 310, 4123, 466, 2466, 883, 30, 1690, 3010, 25, 2228, 12, 357, 3050, 8282, 318, 68, 1257, 2487, 7785, 11, 3712, 11, 5269, 11504, 2228, 12, 357, 3296, 318, 68, 1257, 2487, 328, 4199, 1503, 7022, 71163, 944, 30, 871, 30, 2228, 12, 357, 321, 3571, 248046]","It seems like your message got cut off! Could you please clarify what you'd like to discuss or ask about? For example:  
- A specific topic (e.g., science, history, technology)?  
- A question (e.g., ""How does photosynthesis work?"")?  
- A and came<|im_end|>",True,3795953152,7.907280618004734
165_common_gen_right_not_left_kna_t16_rep2,497,15,right_not_left,,16,2,64,35,2153,408980636,common_gen,165,2,common_gen:validation:922,0,b594410d49cb89ab87551f057c271b0cf3d9bf1080a81f5dc33891ba558705fd,dedd05ccf6324e8f99e68829fa2a3092716c228c7eb5fc418adb7bfa4d47eac2,success,,256.0,256.0,256.0,False,,model_loaded,13.687486449009157,0.41532348599866964,1.064176725994912,1.4795002119935816,1.4795002119935816,2050,35352,586498,871153513,248320,"{""allowed_count"": 248068, ""expected_count"": 248068, ""missing_expected"": [], ""ok"": true, ""stop_token_ids"": [248046], ""unexpected_allowed"": []}",2.7466654409945477,xgrammar,0.6312732129881624,2.224368538009003,12,64,"[2064, 4816, 1040, 678, 1876, 2493, 381, 31084, 0, 16018, 488, 35932, 1092, 488, 4035, 1040, 1438, 440, 30, 1690, 3010, 25, 2228, 12, 3054, 488, 1144, 1928, 11, 264, 6093, 11, 466, 12622, 440, 264, 3274, 30, 2228, 12, 8448, 488, 9859, 883, 2414, 3050, 318, 68, 1257, 2487, 7785, 11, 5269, 11, 4204, 9183, 11504, 2228, 12, 2441, 1000, 321, 1423, 248046]","It seems like your message might be incomplete! Could you clarify what you'd like help with? For example:  
- Do you need information, a solution, or assistance with a task?  
- Are you asking about something specific (e.g., science, technology, personal advice)?  
- Or would and find<|im_end|>",True,3795953152,7.856514712009812
150_common_gen_right_not_left_kna_t1_rep3,498,0,right_not_left,,1,2,64,4,308,502386995,common_gen,150,3,common_gen:validation:588,0,ec8e8dfc27d3b18eb296583c807f7b97690eb9be87a2d30cd1c293b3a72bcee0,c665c9de3b6affda0b52535e13b3f49f57bc361b4d187c098addcbf59b7c9695,success,,256.0,256.0,256.0,False,,model_loaded,12.55207937200612,0.35031708600581624,0.057064570995862596,0.40738165700167883,0.40738165700167883,190,552,9328,3258860,248320,"{""allowed_count"": 248067, ""expected_count"": 248067, ""missing_expected"": [], ""ok"": true, ""stop_token_ids"": [248046], ""unexpected_allowed"": []}",2.912587742001051,xgrammar,0.5981870990071911,2.1916225280001527,12,64,"[2064, 4816, 1040, 678, 1876, 2597, 3799, 974, 0, 16018, 488, 4338, 3300, 777, 3447, 466, 35932, 1092, 488, 4035, 1040, 310, 4123, 30, 353, 2688, 1532, 310, 1438, 440, 4602, 11, 6498, 11, 5154, 11, 466, 3977, 745, 488, 1144, 0, 25677, 232, 9008, 247, 234, 271, 2381, 3010, 25, 198, 12, 3054, 488, 599, 264, 3050, 8282, 303, 3838, 321, 5388, 248046]","It seems like your message got cut off! Could you please provide more details or clarify what you'd like to discuss? I'm here to help with questions, ideas, problems, or anything else you need! 😊🙌

For example:
- Do you have a specific topic in mind and dog<|im_end|>",True,3795953152,6.88018742800341
165_common_gen_right_not_left_kna_t16_rep3,499,15,right_not_left,,16,2,64,35,2153,1302747975,common_gen,165,3,common_gen:validation:992,0,adb34d80236d1c9007a67e435b27ecf31fdd8e2ae7f6bd43c57e28067677f56a,61f206049790e1ef40cdc2cfe77a45b47add949e961be59dabf1a5cb4729d1af,success,,256.0,256.0,256.0,False,,model_loaded,13.21006085499539,0.3880436309991637,1.0710622089973185,1.4591058399964822,1.4591058399964822,2050,35352,586498,871153513,248320,"{""allowed_count"": 248068, ""expected_count"": 248068, ""missing_expected"": [], ""ok"": true, ""stop_token_ids"": [248046], ""unexpected_allowed"": []}",2.8045214020094136,xgrammar,0.6418823850108311,2.2265641759877326,12,64,"[2064, 4816, 678, 1876, 2493, 381, 31084, 0, 16018, 488, 35932, 1092, 488, 4035, 1040, 310, 4123, 466, 1438, 440, 30, 1690, 3010, 25, 2228, 12, 357, 3050, 8282, 318, 68, 1257, 2487, 7785, 11, 3712, 11, 12641, 11504, 2228, 12, 357, 3377, 488, 2224, 3133, 383, 30, 2228, 12, 357, 11190, 4374, 488, 1144, 10732, 383, 30, 2228, 12, 23879, 321, 5802, 248046]","It seems your message might be incomplete! Could you clarify what you'd like to discuss or help with? For example:  
- A specific topic (e.g., science, history, tech)?  
- A problem you're working on?  
- A creative idea you need feedback on?  
- Something and usually<|im_end|>",True,3795953152,7.8648776470072335
