job_id,design_index,family_index,constraint,k,t,n_low,n,nfa_states,unrolled_states,seed,dataset,structural_cell_index,replicate_index,base_instance_id,multi_token_keyword_count,compiled_constraint_sha256,job_sha256
000_coauthor_kth_last_k1_t1,0,0,kth_last,1,1,2,65,3,254,1491181096,coauthor,0,0,coauthor:creative:d85ddd25fd5641a78bc996b77c55e82a,0,d30f7793308cbc1eb479b5981ba69b844943116bd3692bf74ccf6d25393c25bd,dbe174113ec5b656be980d7f90d88cad2bd10b32d18809831082c60b3b821222
001_coauthor_kth_last_k3_t1,1,1,kth_last,3,1,2,65,5,370,1899553348,coauthor,1,0,coauthor:creative:1ff18e51f2a1466f97bb3dbfbaf98ba6,0,5da9ec7682fc15606876da5d417eb30c41f9d7aa26af5a9c17227aae4fef1ce9,c0cc946d5e63a755046d8212b01548cd010cd01ab52aed3b2ffadcd23039516b
002_coauthor_kth_last_k4_t1,2,2,kth_last,4,1,2,65,6,425,1302744492,coauthor,2,0,coauthor:creative:23b998c76c784ff29f0ddedd78128722,0,9af380aadfb8b4e3574ae37915c050a529613efd554cdfd21180477266124902,6865d6d73d51a49478ab74a25a687e7ffaf02459b53dc7cc09e86b4c036e4719
003_coauthor_kth_last_k6_t1,3,3,kth_last,6,1,2,65,8,529,1308401230,coauthor,3,0,coauthor:creative:34f5ead6ffce44cfbdbd9cd0ef47f0c5,0,4e6e6476660f55db124cf40fe34e5ad8b68e6abb01e22a759405b9a6200e2ef8,6d2cb1a18927cf8f5b7af3f17123dbdd5b883eb6325c08b69c82484bd5be59e2
004_coauthor_kth_last_k7_t1,4,4,kth_last,7,1,2,65,9,578,1573029600,coauthor,4,0,coauthor:creative:c793fab594334531a25d19557c0f5ee0,0,3c08b203a30371a53478644eda63019c7a6f4ee03a7052b45c5f8ffa9046bc6b,74e92a16c86525621d57dd093bb0016f21a7d81f06450d7be7df8bcf97fb398e
005_coauthor_kth_last_k9_t1,5,5,kth_last,9,1,2,65,11,670,70697510,coauthor,5,0,coauthor:creative:b6936e96569b4b878e78370c516df55b,0,e839a50c9352b8f46d2117565d1b8591f4210ae45ea43f31dceb148374cfe444,b5f2c6083921851d471d6b36399d7fcff23e5207ccb4a7c1cb193393bc65c4df
006_coauthor_kth_last_k11_t1,6,6,kth_last,11,1,2,65,13,754,771436552,coauthor,6,0,coauthor:creative:dcb6bb7ac50740b49deae5bf9a0dc942,0,bd47d367b55f7a16cc2eea365298bcb93336cb6137f099360834ae1870284552,31d45910244aba5bde2b1352c502db2bc7fa3347108ff8e3a344a238ece8da9d
007_coauthor_kth_last_k12_t1,7,7,kth_last,12,1,2,65,14,793,1709702330,coauthor,7,0,coauthor:creative:86b1e2101c3141988dd27079e6963eb7,0,3244a13fe306aaada51e4efc7049df5a9c04a598ca8f2c8936abb971325e8707,3a354e591dbef2b1cfd4b9b6252982036667a9f12194b13a0fb4c326f0279f2c
008_coauthor_kth_last_k14_t1,8,8,kth_last,14,1,2,65,16,865,2001624439,coauthor,8,0,coauthor:creative:fe0fb4892ea749c7a67b12172793c3a4,0,d420960c0a1a637370ae2d9496fcabafd819d4596228da7f6563650f5770bf71,819618d9dee1da4766efce3d5bd48778684a7ab38684fc6cb1484f0ec474dca2
009_coauthor_kth_last_k16_t1,9,9,kth_last,16,1,2,65,18,929,928504667,coauthor,9,0,coauthor:creative:7b3266e380274b95b5a7b775dd937da6,0,c73812885adee80bb805ae9401217d3474a027bcb7bff89b529f757c027be1be,a4587dbd2018fa15315adcecb7f5156d9114626e7126c04c47be38d9ec5d4906
010_coauthor_kth_last_k17_t1,10,10,kth_last,17,1,2,65,19,958,763842738,coauthor,10,0,coauthor:creative:0ce718a22fd341feb59ef4f7aede8827,0,3f59e21efef889c0c83668b95d70c4c6719be7163a76bff874fc8a79210786c0,a45a01f20c0e570ec31d4686c88caeec5bdef16354521f956d3b66f61e8044f5
011_coauthor_kth_last_k19_t1,11,11,kth_last,19,1,2,65,21,1010,2050047378,coauthor,11,0,coauthor:creative:aa563d648ec34088a3e6d3924b53cffe,0,aec4bd59b6d9cd54df80387fe4b2b42461dc349c07d9ed62a716b87fe8a6352f,a750589eb9a559ebf744436ef0caffb6315f73e076fa29b42ac182d57a239af3
012_coauthor_kth_last_k20_t1,12,12,kth_last,20,1,2,65,22,1033,1997180275,coauthor,12,0,coauthor:creative:f02fab15925149cf9daa0f299d54f587,0,1501e7778a423229f0c22aed7b2234bf20c371f5cfe7c6aaf56c80bd654ce9c6,0e37aee19dbdd159ca605e911857d66142960e0a06d09ff18170d523194e2724
013_coauthor_kth_last_k22_t1,13,13,kth_last,22,1,2,65,24,1073,785059014,coauthor,13,0,coauthor:creative:499f9577962c4a2c98aee3f5b6098a71,0,32569dad7078dd05304d51dd0478531770ec584b8e9315d76c3d110937f0b99f,49d1cd1d3456a1bb02ba45ba5c89b3b11d9d5f57dfac798b6b1587394538bbd5
014_coauthor_kth_last_k24_t1,14,14,kth_last,24,1,2,65,26,1105,628780060,coauthor,14,0,coauthor:creative:b1eb87ade8f7495fb7167d0270816ef7,0,bdc34446525bcf164432de008a961697f8be36055b9024423dd261b31b761a49,3437706f18f7dbb0e1217a5306fc6dbe3c761f6b7f8794c0d8dc430475c13f88
015_coauthor_kth_last_k25_t1,15,15,kth_last,25,1,2,65,27,1118,590217029,coauthor,15,0,coauthor:creative:7e9c3c8fbe1f4a02bcb9940a2bf95d9f,0,a7d30412ad95581c5b2e9cbb3b0f48fe5f9522f74ea588e8c5073d5f165d99d3,8135cc35a28cac2f4d12cb7eda4aad0b42267c03806a3ad76e64e98c7cb380b3
016_coauthor_kth_last_k27_t1,16,16,kth_last,27,1,2,65,29,1138,748230345,coauthor,16,0,coauthor:creative:f44e4ed0828e40abab5892a019e11dc0,0,50e3d7706b3e3083df5ecffb7be3ab7a2a28fc2ab6fdf473ca84e007d8375b74,0f879985013f6edf0df5d5bad6fe62301d1a8c2c9ebd07c3cbf7c2552a251ce0
017_coauthor_kth_last_k29_t1,17,17,kth_last,29,1,2,65,31,1150,1276025991,coauthor,17,0,coauthor:creative:bc89dc4ac2a04f3aae685f619bb0fd24,0,919ecbde5f2f31301405d4ffe2bacf2c5036dfac3abfc31c5dbbdef5e6373c7b,a1854162a407a0b7eb0a0053aea4145707cb4573fb9b3ef1cf688ec16418935b
018_coauthor_kth_last_k30_t1,18,18,kth_last,30,1,2,65,32,1153,1435139929,coauthor,18,0,coauthor:creative:e192ae618004434e80f6d9ac86b84b05,0,021a5713d57fd6344c83af55f2195ecf1b85c1a89304f77aafc72f50bb890c73,2f8ca82c8d4cee5cd0f6be86c183cc90a454c4fa24075d66111b9de3dab55e34
019_coauthor_kth_last_k32_t1,19,19,kth_last,32,1,2,65,34,1153,1620468441,coauthor,19,0,coauthor:creative:2ce71b3ded9340529f08b8ce0bc0a2d1,0,80fff1bfd12af08e6f49ad4bbcc2b0eba78424bf744164e0d9c7e7ddc204cca7,26122c91d30a5c7b3e7702b33a3611ce8ed93ec057be18668371ee77b7e35f8c
020_coauthor_kth_last_k33_t1,20,20,kth_last,33,1,2,65,35,1150,1548175453,coauthor,20,0,coauthor:creative:4d56ca2cb8c44243a3c86dd80216c1d5,0,caec584978699e9a4c2a89a62bf2ffdc77bbbed6eb94544e1aa7f109bc86e996,cdfabb6ee17d5361c3b32e6b20d01a5b041ea41f1d8680dbddd9beff53b86a09
021_coauthor_kth_last_k35_t1,21,21,kth_last,35,1,2,65,37,1138,1349028788,coauthor,21,0,coauthor:creative:15225b481e3e4c4dab5c641b940b59b1,0,beb563cd05cd0b92b8f0d85fa2b4ec1d75c60ca14c7d47f0deb99a9ef27b6339,9ec22b44006deb486b80a94afee230ecdad4e878b57f358ad898a7999fe995e8
022_coauthor_kth_last_k37_t1,22,22,kth_last,37,1,2,65,39,1118,1398474462,coauthor,22,0,coauthor:creative:2848a799f11d4a41b15f5c91dd89eff2,0,f374d266cfe8ebfc3f8e3de121c69e983494ffe656309e245eaaaebcbf47e9b2,4ebc9ff7cdefc738fcb4a9891ef6fe3b137c6aa6f58952668ac9b706418b0254
023_coauthor_kth_last_k38_t1,23,23,kth_last,38,1,2,65,40,1105,696601385,coauthor,23,0,coauthor:creative:84b6f64b8ee84162927b65fe69374fa0,0,b1fac70a40919c6ecbe19c0e5bc22f60cad4cd390fc5b7ef94a348fee6842f76,7b36be91f3747b3649aa24b8e0c637d9e07133fcac5165d06963d4d9da279636
024_coauthor_kth_last_k40_t1,24,24,kth_last,40,1,2,65,42,1073,1964352443,coauthor,24,0,coauthor:creative:128bf2d6121a4542ba5779b2811d8c15,0,3a6bd228f83d2050a9dcaf7fd68ec2927fe7212e9bba1ca5e74fa4331cc2125d,fba5782b3338bb7a737e693648f6f362e71bccac1f09a975aec9a007ea7c0ad4
025_coauthor_kth_last_k42_t1,25,25,kth_last,42,1,2,65,44,1033,888846517,coauthor,25,0,coauthor:creative:c7d83184f9f34ae9a9d55b0ee9176856,0,260a97a97bbcbec6775d5dc64a5bd3772410246020a69b04361548f75d710f27,1aaa35ca18eed4c725368e73fadb3b9955bc017c5364ceed3a2b09864370156c
026_coauthor_kth_last_k43_t1,26,26,kth_last,43,1,2,65,45,1010,452819898,coauthor,26,0,coauthor:creative:98ec7dfa3aa04e69b9eaf765d6134943,0,cf80dbbaa700f8cde1bb241279b5e58d9e6c4665ebaf713fa039dc88b7dccda4,41c0383f3bef6a92fddc162eade8f1f734aa2f98fbd955748469f08131c42888
027_coauthor_kth_last_k45_t1,27,27,kth_last,45,1,2,65,47,958,530905720,coauthor,27,0,coauthor:creative:f3e888eebc91402e9a4b5266ea5c6389,0,265c0bfe48c0e8fa61934b6e419704196add4357c3942b97a741df013d25772a,1a1bbb052059286206ff1eb7cdcd4c2a347c7316287387480de034bea2c728a7
028_coauthor_kth_last_k46_t1,28,28,kth_last,46,1,2,65,48,929,1857979001,coauthor,28,0,coauthor:creative:aea2e89578b3408983027d4f02ac76e6,0,cfac0c3fde58bf78225b8687a951b25da6a0c14c646ed0c49f0059b9ce8d2764,2c4526a576937e5b4f07c63a544db171d0ccea73f223e3158d09d3bc21d2dabf
029_coauthor_kth_last_k48_t1,29,29,kth_last,48,1,2,65,50,865,1451756060,coauthor,29,0,coauthor:creative:d2938c7114bb4f228ae7e3e801e2165b,0,7c0dd06284da22c124c92f8ad0ddc5951fe3891181d9e870d913f2137d0592e5,5b6f03b68d4521f1f478d09c68930b050bf5f62ecca58811e308a0b555947b1d
030_coauthor_repeat_after_k_k1_t3,30,0,repeat_after_k,1,3,2,65,6,439,407670367,coauthor,30,0,coauthor:creative:67e2ebb79ef7428db8828883d135c55f,0,7ba6f396fbee881d5dafd964f78530a4082b07058336b6bc3ed9404824c41637,843c0759eb17b09dd5054ab93a5d2fa5e29555e3071ae16738babd7d94943f01
031_coauthor_repeat_after_k_k2_t3,31,1,repeat_after_k,2,3,2,65,9,618,1617572021,coauthor,31,0,coauthor:creative:93743bc8b6f94308881cff7cf90ad421,0,342883bf01a4a4cd8da5ce4ea389a43a5364cedd9ee4c640e251589cbb417d3d,604e63779b12949065e6ce4b570ea353596f749dec7eca377f39e00c48cc6b38
032_coauthor_repeat_after_k_k3_t3,32,2,repeat_after_k,3,3,2,65,12,791,118994828,coauthor,32,0,coauthor:creative:1187a14aa85d4c568e31d968b2aeadbd,0,54b7aaddf9b46dd157291968a0b914fd6f80ea2a78c39460496d1dc9b04b443f,86f0cbdf0dbbb1f577dd8c1c3e0f6cda33675372661d9a62918c8cc786667808
033_coauthor_repeat_after_k_k4_t3,33,3,repeat_after_k,4,3,2,65,15,958,852901307,coauthor,33,0,coauthor:creative:cfec8b365d874b18a765ce4afd83b125,0,f8732de7987510f35eeed15aa7af49463d0ded41c80457ad7cd44ddfa1d2bfad,3ca0f7ba5ed4bd929894827e8161756f17d407c5ec1a62b935567816d0931860
034_coauthor_repeat_after_k_k5_t3,34,4,repeat_after_k,5,3,2,65,18,1119,395872130,coauthor,34,0,coauthor:creative:fbd1b7a3b81f4efc88b0605de907aea3,0,b77f23ce2cf48678ac2418d5fce7f1786b9acd49a832050c45700ee383139209,8967e26d3b788771f7f6327ad26e9e75a3dd1eb190161b7a715a7559230ff0ef
035_coauthor_repeat_after_k_k6_t3,35,5,repeat_after_k,6,3,2,65,21,1274,679877385,coauthor,35,0,coauthor:creative:946720ae11b5468e858df027906f1063,0,a0a77e3ec2ac387e7cddc56694113b3734e791996e5fb2853d9cb8d43226db0b,917db1b5c4aff36cd2a21fb38708b38a70df2571d74759aedd0fb4a2f1cb78f4
036_coauthor_repeat_after_k_k7_t3,36,6,repeat_after_k,7,3,2,65,24,1423,865313054,coauthor,36,0,coauthor:creative:153d73ea68dc4323af5341ce6c51ea73,0,b5023de4be08474e89537aa94d694e7537e1ff89663cb4de226586075655ee78,c2286fa6a44802ce6e862b2b13730c734a74219820e968433e9592329642efc2
037_coauthor_repeat_after_k_k8_t3,37,7,repeat_after_k,8,3,2,65,27,1566,811916070,coauthor,37,0,coauthor:creative:e4de659d6e5a44eca6c88b18dc300d70,0,1ae0e3fbe7b9138159a6221394fee0f11cda438094bbb3f6d6f9d78054c8b4af,997bc8b6cebc47dd148f0d5725f557f7dbea59fce8672493474f0c41da254b85
038_coauthor_repeat_after_k_k9_t3,38,8,repeat_after_k,9,3,2,65,30,1703,2111128116,coauthor,38,0,coauthor:creative:cbbfa156a608439c999233f7b05b9821,0,34a3d4abdf1a3a42fa277e38bae5df50fc98e89e72e39c489bb51dd31e876675,14b5494c8bf551972cfe38ae0dcf2a94355cc9ed502032e624b78f01a9cf0dd0
039_coauthor_repeat_after_k_k10_t3,39,9,repeat_after_k,10,3,2,65,33,1834,1838216032,coauthor,39,0,coauthor:creative:ae05e585f42146a283168fdee429ddea,0,dd08a16d30ac4b23b3fb7a93f71368b8b4d5054d71be10b35d5133b2359c8441,eb8ecff8ea5201b6537dd5ed560fd1525454e7df7648c862eb393a19dfbc1a45
040_coauthor_repeat_after_k_k11_t3,40,10,repeat_after_k,11,3,2,65,36,1959,1408654651,coauthor,40,0,coauthor:creative:0fe679b3bb1a472bb1d375c1c58e3687,0,47c332506f59b497e3372e1eee63d84c3dd8a9b924f5f517e0fc1bdd494945b1,4d29bbd6b2060cb816debc6587371057e40e2f8ca96354dd8f49b71ffffcee01
041_coauthor_repeat_after_k_k12_t3,41,11,repeat_after_k,12,3,2,65,39,2078,58019007,coauthor,41,0,coauthor:creative:05a000131fc642f7bb20b62bb20a326e,0,4aa7b939c5f0b1f4bee92c5bcabd6a5c610a64366833c806bacc9d7e991775fc,9b01ae984d66ebd06f7ae655cdeace7726003708395b207d236c875d7d6803ca
042_coauthor_repeat_after_k_k13_t3,42,12,repeat_after_k,13,3,2,65,42,2191,1231373916,coauthor,42,0,coauthor:creative:9c8cd9880da74366ba28673147d87d34,0,8ee69f36dd6c8f161e89e8b81bcf975d2d440254f76105a74b49b1bf0b3869ca,26232647844551749c2d3b8f286ff3decc51edeba10686137d40f305b9e039ef
043_coauthor_repeat_after_k_k14_t3,43,13,repeat_after_k,14,3,2,65,45,2298,433656339,coauthor,43,0,coauthor:creative:92108d50d38647278d97f96a4364e9b1,0,b22ba798d9ff485903cc8fb6b495f6027aa7212a01257c79680f400bc6d17835,c4377217caab07ee74e393686491e8fc787f9052ab8fb74533292d8a23ae298e
044_coauthor_repeat_after_k_k15_t3,44,14,repeat_after_k,15,3,2,65,48,2399,1567105984,coauthor,44,0,coauthor:creative:642f60be7fc54530a6b80ad4bd7fb6d9,0,f030361e8c1eb59fa83253187bc1be6d4312f383dab30e33f7c7844427cb624b,c4c360d0bc4481aa69c61c2932fed280d81ab1514fb7797b1408f3f8fba7a5e0
045_coauthor_any_token_at_least_k_k3_t1,45,0,any_token_at_least_k,3,1,2,65,5,370,1291260604,coauthor,45,0,coauthor:creative:a60c272551c6418a845424432fc4cc72,0,a1df308e7538ace0de02a24d3177c5ee50abd86cbffdd220357eb78cc4877977,9cf241fc1614a49c4b14b94124f7ec96aaca5cae5de44343ad40635991ce26b9
046_coauthor_any_token_at_least_k_k3_t2,46,1,any_token_at_least_k,3,2,2,65,9,555,157253,coauthor,46,0,coauthor:creative:696c87b7fe7f4f869e84d30e9bd97823,0,baf7ecf105689282c3f7886dc3c11e746809d6f98f8571bf038f95e93b48d16c,73b272c9cd0121678d8dfdc1bac5b53055df8ac1246c2a1075c6e0a540094053
047_coauthor_any_token_at_least_k_k3_t3,47,2,any_token_at_least_k,3,3,2,65,12,740,1560797135,coauthor,47,0,coauthor:creative:9747a45190cc48ae8634b5070735c11b,0,5d1488cf12480cc9f3317e41b69c391161493450e128407708659a79e3a85636,6b9f37f245813751efc3f1f03773807842293c58ff5928b3175d9e07e91413f0
048_coauthor_any_token_at_least_k_k3_t4,48,3,any_token_at_least_k,3,4,2,65,15,925,1342984904,coauthor,48,0,coauthor:creative:1055a72721454912a8a38ea009d84a09,0,1eb5d48a4727b7d64844b7812e0366a5631eaff71ec0adfb89b11e6613095146,206abfe41603916dbc15475aff60b75a827e15b853a047ade3bc311282f7c4fa
049_coauthor_any_token_at_least_k_k3_t5,49,4,any_token_at_least_k,3,5,2,65,18,1110,1318100432,coauthor,49,0,coauthor:creative:73e1236fcc4f48d3ba4d264eb6ffe06e,0,e25e1d766f79504f4f6bdbadcedb92ee5a5309722d712213470fecaab662e70f,3c0554ad54cb28c09badc2cb40f85bd68ca430c96b68ad0bad9ebc7360789cfb
050_coauthor_any_token_at_least_k_k3_t6,50,5,any_token_at_least_k,3,6,2,65,21,1295,1821058608,coauthor,50,0,coauthor:creative:f326178e52c34b5b97911cbe8f9c58ba,0,05e4d08aeeb83ce69f11a6dd05e4dec7ef3a0906783e6712ed40c14cd4b87fc9,1b37c4647639d15acbe36355932f769fb4ff3c5a3ef1e3b3918a7008d45e3c8d
051_coauthor_any_token_at_least_k_k3_t7,51,6,any_token_at_least_k,3,7,2,65,24,1480,103343638,coauthor,51,0,coauthor:creative:8ead784ec05844608febc56ca283a595,0,f3f7db82de5cbe058ab4675be2b4e9e5f58793f62943bc6c076ee4a234019b8b,dd39ce56a4c5860c6ff96993d53c5c3e1489c9b05a1f4c0e81150da353781270
052_coauthor_any_token_at_least_k_k3_t8,52,7,any_token_at_least_k,3,8,2,65,27,1665,1558412509,coauthor,52,0,coauthor:creative:455d43b4c912498eac41138c743501aa,0,97ae1944ba41f375d329fe7a4e02d71f200313e3b0e3cce3ff0cafade1c4b585,43d7c808a408530b84f50062b03fb5712a34489ef6b1791188fae589cb09be1f
053_coauthor_any_token_at_least_k_k3_t9,53,8,any_token_at_least_k,3,9,2,65,30,1850,1852871808,coauthor,53,0,coauthor:creative:8d732ed8f2cc4bb393aab9f68c82e408,0,a13722f8365c2dc659683134d6e1272388cfba32c935aed81a2c5f057a6cdb70,00bfe61a62ef524b90937804f84c44eb7bce76b84a67b251cc812668445dd185
054_coauthor_any_token_at_least_k_k3_t10,54,9,any_token_at_least_k,3,10,2,65,33,2035,100592660,coauthor,54,0,coauthor:creative:7000c2b9328448a5b47432e3576c6b46,0,b37fd8937a9371e90a1d48e2c49757bf25ca0956b03aaa67e63eac8f136ede27,e4e88bd05226425dcbcfe45f8ced908eac2f72b72ed25bc3971f166eed5c3481
055_coauthor_any_token_at_least_k_k3_t11,55,10,any_token_at_least_k,3,11,2,65,36,2220,521157099,coauthor,55,0,coauthor:creative:f3fd58f51d4a406ba6151b630e18dbac,0,400dbf5eaffa81ffc6b1266c35d7233e5a7e59884f71dab54da9a9351def021b,0e5ec6687d83d2fa3c2a3a9e3dc18d0d043ff86e556edaa8d4cfc60f5d093251
056_coauthor_any_token_at_least_k_k3_t12,56,11,any_token_at_least_k,3,12,2,65,39,2405,1364215582,coauthor,56,0,coauthor:creative:ecb544fef0ec41789b0ca6ce942d2344,0,67f62292192775ade9df389d2fc56d73fe96d9483f554635dccb7837783abb73,95b68b69af12c142dfb548bf9feaf109eb91f9bb9cd9b1f7cec8d3dfca6119da
057_coauthor_any_token_at_least_k_k3_t13,57,12,any_token_at_least_k,3,13,2,65,42,2590,1482609388,coauthor,57,0,coauthor:creative:eb052c37796c4ae3b8b5c77c800684c6,0,d0bb87565798167d69ff5380348f0f73d1a1db6edf7ba20d7cb0f69f6f0d7b3e,592147545389264448d61e1a53c436b453f2060d9bb4c4c08d9ad04c366622b5
058_coauthor_any_token_at_least_k_k3_t14,58,13,any_token_at_least_k,3,14,2,65,45,2775,2093813981,coauthor,58,0,coauthor:creative:17aac7590a114243a031617242747722,0,7253fc1bcd8d4b4a65c4269a6da8e659164dc71ead9176bc995bb354f598d98b,8203e8a6a3413dabd1e84139b587c1ded2bb77f923395957da380c5758b4b769
059_coauthor_any_token_at_least_k_k3_t15,59,14,any_token_at_least_k,3,15,2,65,48,2960,1304479038,coauthor,59,0,coauthor:creative:00d39011efcb4533ab12076801f74f42,0,f962a14adcb4c643682fd235159ceaa768ec4d59fcf5f63adafe2e295696c0ec,46f7b517fa4dd94137437aa9087827c9a0fdcfdb6dd49095824e2f965850568b
060_coauthor_exactly_once_kna_t1,60,0,exactly_once,,1,2,65,3,254,1874497828,coauthor,60,0,coauthor:creative:6363bd9d985e41f79f3bfb8e04fa3b5e,0,c4dee4abc2d7cb5e7c414be5f0f88c67f0221fe0ecff34230b791b4ab6d9693d,133822a76c1beff621a13799cea3b4daa5933b9702c8b41405fdf4989484bd94
061_coauthor_exactly_once_kna_t2,61,1,exactly_once,,2,2,65,6,381,185568164,coauthor,61,0,coauthor:creative:c4e852c4b21b4703a485d93b618361cd,0,491b0814aa638bd0053e3d045ee9d5d84ca46e037debc95ab41ce4e5f6bb8fba,bdc35d34762540d6981ccc36888d26f9681b3338639459005f12a3dda49375ac
062_coauthor_exactly_once_kna_t3,62,2,exactly_once,,3,2,65,8,508,1068772921,coauthor,62,0,coauthor:creative:75892ecb92b4437882d1565f6169d5a5,0,9ee96eb8a01f060afafad57c036f80c15c7aafc480e0470b9ee3c214d793e16b,496c77f9fa9954c25358de72d4acffdbcef468149e230186a2cd5debf2ce485b
063_coauthor_exactly_once_kna_t4,63,3,exactly_once,,4,2,65,10,635,1831884200,coauthor,63,0,coauthor:creative:7b827c9dbe9547fbae0a89de75863527,0,8d5507bab2fb10feea8e0d3b42cdd4f0f3531c965ca9ff390075a8ccb1f12544,d9b8de21c8907b9698f6b6dd2ae25fdd1bc20432b07cc5c09d0cc9e82ce253ed
064_coauthor_exactly_once_kna_t5,64,4,exactly_once,,5,2,65,12,762,315592073,coauthor,64,0,coauthor:creative:e4611bd31b794677b02c52d5700b2e38,0,605e117c61d4850c9e01a77ffd43dfec6f0e95e920836855f74ef45b1ae278fc,61e6efcf7ffa8fa9c16f9572e91a96f54a7ac06475482259c5d04671da0d578f
065_coauthor_exactly_once_kna_t6,65,5,exactly_once,,6,2,65,14,889,490584065,coauthor,65,0,coauthor:creative:745644f53bdc47409855cc751518e25b,0,fe232c764c6caae9323f3350ef167a0b6e3e8311f7cfbe87972ad856da0fe507,e768c8a6603af141460e94f343049afcac98d459984735040c12c159de68b047
066_coauthor_exactly_once_kna_t7,66,6,exactly_once,,7,2,65,16,1016,174415837,coauthor,66,0,coauthor:creative:e5c079dbe9104da4ae1d7b8f7cd3be3d,0,9f1b0d23ff21d371ea81034b55b58b0cf606711da0cc5bfbbad7fb8bfa4a3d5e,32a19923b31012b5995b5ba56ef3d6eb73a1805b7ccdf40764ced5c2e41510c1
067_coauthor_exactly_once_kna_t8,67,7,exactly_once,,8,2,65,18,1143,1805339212,coauthor,67,0,coauthor:creative:174bb16d13624281abe2a1bc7e2a7050,0,27eb7085beee615eeed0566e5457fc8c7f8529214ba353a336c557a47e3d2636,81b82fdef7e542ea4ccac8dc391769827d403c2f550684efc89c6f8a35bb5261
068_coauthor_exactly_once_kna_t9,68,8,exactly_once,,9,2,65,20,1270,1261316448,coauthor,68,0,coauthor:creative:7b7b1b40027c4974ade1850596e6726f,0,c75eb9017c92c794ec133585680f415f2cf3673456f1de4f91cfeb371e75fef9,6bdc2c46c29a59c56c14034d5bf95f78021fcbbc6051736aacd6b8fecebaeec0
069_coauthor_exactly_once_kna_t10,69,9,exactly_once,,10,2,65,22,1397,672765597,coauthor,69,0,coauthor:creative:c72d65250b4f4c1193e2f089afe9429c,0,0cfb0a9b4d90deaeed9944d2ca252805b62db9267e5a14a53d4e6707da08d44f,3397d01c7d1c6ef5aa879e7619afce3572a501371142281cd7913b4e034df0c3
070_coauthor_exactly_once_kna_t11,70,10,exactly_once,,11,2,65,24,1524,1210095565,coauthor,70,0,coauthor:creative:6840e511d899433ea125410c709f6ed5,0,17595b12834ed2f86de988999f64d368da58b1da057721d21af7d248925c8cd6,1e9b249c1c8935ac4f1ee103dee5281e37d7c3c46019d50447c0427a57db10c6
071_coauthor_exactly_once_kna_t12,71,11,exactly_once,,12,2,65,26,1651,910864414,coauthor,71,0,coauthor:creative:5c1905e6a05c4203b624c4db10ede78a,0,6c4bb2163cb62ae029f973cd80f8d1f644c3229f0cf2ad1c3a10fc3267103ee0,a7c8f6760c431dcbe3b85ed81d39a3f5136e7e138a2ee2e365ae5975e0dde1e3
072_coauthor_exactly_once_kna_t13,72,12,exactly_once,,13,2,65,28,1778,1973036822,coauthor,72,0,coauthor:creative:36eead66360847afba6dc9ebf6d99593,0,6525909838c6a40bb1b1019b4d6a79ba732d8bf17a26b291b8100af91c3e32dd,d224b86739187b9c0b92c41eb2b46f00a716f83441f2899d529d41b5cb38e0f3
073_coauthor_exactly_once_kna_t14,73,13,exactly_once,,14,2,65,30,1905,1793892946,coauthor,73,0,coauthor:creative:5221640d7c074d4a88f42e3891135350,0,b38f575034e198ca512997ef4fba6347bcc04cac127662d7a60a12152f469434,b895bb43ed2a3131e46a7a472dd8a4d710af29bd7a001ee65fab360a00764d92
074_coauthor_exactly_once_kna_t15,74,14,exactly_once,,15,2,65,32,2032,1389738162,coauthor,74,0,coauthor:creative:734cbb77f63544e5bce5a23f35c9f601,0,9b8a60cb3f50ad56599bbb4201c0bd54b8d55a0c5bd14a752991eb5289fdfea3,5d52775a17b9cfc999d5ce4c31e27e04fe955f1b0a1b64893bca569fc82a40a8
075_coauthor_exactly_once_kna_t16,75,15,exactly_once,,16,2,65,34,2159,1931551124,coauthor,75,0,coauthor:creative:ed0280fb0f114ead8a22516a8309f982,0,2db80732f2eda3b00082714eb2d805ca0bd63f64c42d343add8344c762339570,e9a2a626c1fa1da6ced09327779700ffb1fe959359aee3a984703ba5b017ec16
076_coauthor_exactly_once_kna_t17,76,16,exactly_once,,17,2,65,36,2286,1944905089,coauthor,76,0,coauthor:creative:fbb2199fa78647cbb4eeb94c4bd04d98,0,6744f6462a3ea286c0082e36d959a970e967b56cb3c5ce437649af19b7420bb1,661236489447ec103cfca26a6d5813c416413dc689adc1459dc66137ef2a708e
077_coauthor_exactly_once_kna_t18,77,17,exactly_once,,18,2,65,38,2413,632802817,coauthor,77,0,coauthor:creative:64e545e776c1466687f0fe0dc8bb0d88,0,7ae4b114dff1b7a0ea3a2d5563f2db726d26a24adaa59c1a16c0ee44d45c65e3,c6358f672102c5d914d59b6e9f5d237669df51747c739bfbf6d34ec42dcabdcb
078_coauthor_exactly_once_kna_t19,78,18,exactly_once,,19,2,65,40,2540,49678858,coauthor,78,0,coauthor:creative:ccbcf12b87b04596848a5091118c49d9,0,59249c84f2af18bcb742637b3a505f50f284c2a8087e9d88289ad2090737f1bb,089771b39c0c29a42285406d7d678baf4700ce6663ea07f24c440d06f6f42d86
079_coauthor_odd_count_kna_t14,79,13,odd_count,,14,2,65,30,1905,468446140,coauthor,79,0,coauthor:creative:86bb1cfe839c46058dfc0e4b96f13392,0,7ffd4295259717668cf65cb3773dd8665f5bff0e4f095f1d95416538d51e3175,f62f9dc866909b7d90514422b60b80047534f48d14b78a6fd9472e094b93e88a
080_coauthor_left_not_right_kna_t1,80,0,left_not_right,,1,2,65,5,313,2853046,coauthor,80,0,coauthor:creative:9a01bc361d3c4dd09d596c716c16f5a3,0,254d64fc71763e061509912037d352c292b874f01cc8622c748a4d898261234f,3e7260d381f043842c86ff9f94228db81cbd4c84c3791324c8c94c428006d27b
081_coauthor_left_not_right_kna_t2,81,1,left_not_right,,2,2,65,9,501,946748992,coauthor,81,0,coauthor:creative:75502f7ab83b42189c79a1972db22bb0,0,70653813433aacc9f3a44ca92cc01aeca8d1d92cc98109ba5ba30db5dce3385d,4febd53c154e781102d7ab3539d90b93be8df37532a8f86dff3829e0d990e213
082_coauthor_left_not_right_kna_t3,82,2,left_not_right,,3,2,65,12,689,671504066,coauthor,82,0,coauthor:creative:25ad6925dd65422989e3659250ac9bfd,0,4eb8678ae0255ca15f5273be0ce76e672dc8899cc10dbe1c90a1084c8f9e2b3f,8a5a42c410b458258778b75cefbb4e994d396c9203c4634c259ac9583a65ad93
083_coauthor_left_not_right_kna_t4,83,3,left_not_right,,4,2,65,15,877,1686856945,coauthor,83,0,coauthor:creative:dd87568fb11649f283279a507a1c2f11,0,ef3170467e90ac9af3d971652e07d5bd71c9f39160107adbd0fb66b727e9e893,5758ced9873cbb12d8c6bdfca7c75872306315e114ad1e31e728a5ab93119d57
084_coauthor_left_not_right_kna_t5,84,4,left_not_right,,5,2,65,18,1065,1387539645,coauthor,84,0,coauthor:creative:057b11be0cbb400ea2cfda2cf75292b2,0,5d98483f5af5ad486b6afe60e21c36e4cc269bc56bdb911939131d8ddaa482c4,11b858e799d35b734a73e998acea61c0a06a79df50b275472b715e8fd6ef2074
085_coauthor_left_not_right_kna_t6,85,5,left_not_right,,6,2,65,21,1253,1180168043,coauthor,85,0,coauthor:creative:a59321f59eeb459da6a427267afefb9b,0,09687b9e7ca7a9e1ae029ee957d23169f78bd25e6346262938c6021b271ffc20,3c53dd55be5d261234ec22d95d52744ba050cad1c0940d771eca3ae9c7e4ce31
086_coauthor_left_not_right_kna_t7,86,6,left_not_right,,7,2,65,24,1441,157855351,coauthor,86,0,coauthor:creative:b6acb37208be4f3e96965f989fd6f9fb,0,3ed303ff43dab5cc4581da8a6186dd29bc5aa9c4b2d6146c53dc626cc5f8ef36,a1b680664a790f7993d31a1d2d21870b003b0a6ab8dd249227a15def4615a508
087_coauthor_left_not_right_kna_t8,87,7,left_not_right,,8,2,65,27,1629,688321707,coauthor,87,0,coauthor:creative:b8ccae873da141edbbe0dd86d2eee55c,0,71edb046717bdc3a6fa81a3960638c32b52f0e5743bda626a825238a9b02370f,ff3a34efa1650e9bde63a54fdaed6934eca39309a2a664aaa6bebaf9e2b956b7
088_coauthor_left_not_right_kna_t9,88,8,left_not_right,,9,2,65,30,1817,1761446601,coauthor,88,0,coauthor:creative:242eb23d0a2a46a789be2b41a665873d,0,242188f5eee1ac20e5bde4f3c76346d255e5c0a67110b1a067e75a557c91162d,aa92c725dcff63c22d811e7412369ea67eadb763147bc11dd28371065808a432
089_coauthor_left_not_right_kna_t10,89,9,left_not_right,,10,2,65,33,2005,1939766575,coauthor,89,0,coauthor:creative:4db95dde4eec4612b04570858ad628bf,0,6430665cca41b0ea53f3c9030b1b1923108e876e64bb9c8d98d1eb31444e263c,57a7bc169efebf492a06b706f0235799222b4fd5a3eb71333a8bb5990d339dd4
090_coauthor_left_not_right_kna_t11,90,10,left_not_right,,11,2,65,36,2193,856296695,coauthor,90,0,coauthor:creative:bd4dc28d6e1b469bb4b96239b8fcfef9,0,8ca68676413553113c9e80c525862616c7cb048ba6511ecf1de31b2c60b8612f,4fe024b838fd994d1c65715ab6d8f090633801a3d62a6ce751a8d9c10bd65891
091_coauthor_left_not_right_kna_t12,91,11,left_not_right,,12,2,65,39,2381,181537588,coauthor,91,0,coauthor:creative:2cd0471292f14be5bf1ccb9b313e1903,0,9a9be7058a75ea6d8dbc35046a762a0e687fa89baf283aaa3215da310388e935,b0dd2ee0d29db274c96d4a19e062f65e614227e60b5cede8fe2dc306339ba64d
092_coauthor_left_not_right_kna_t13,92,12,left_not_right,,13,2,65,42,2569,1408831174,coauthor,92,0,coauthor:creative:4ae07eece3a740de9b77f65ae67a10ad,0,4c2a960a5dc5ee1cd0fd836258312d363fadc0245031e4e3aa2483c57b41e474,df31835e4f8ee13df6268385e67e151843f925994df03ed074758798728d2157
093_coauthor_left_not_right_kna_t14,93,13,left_not_right,,14,2,65,45,2757,67085581,coauthor,93,0,coauthor:creative:ec3d1c0f86a04f8eaea5df982cf79284,0,4463d52b855aaaa88bdc883d414197a203551908fd9d8619908678220f9e347f,f1343c2185bf4fc32f975c524d2e2e779ba9f4d97d50d6870ae9d9782a0d0363
094_coauthor_left_not_right_kna_t15,94,14,left_not_right,,15,2,65,48,2945,624182968,coauthor,94,0,coauthor:creative:b01c3090a9204cc2a74830b611722d53,0,ab6f380119bcf3b6bebe17fc4f9f76a4303211b59bce9282f5f6c121da0bac05,97d527d5b4798c5e6c3cd7b7f688f37a5f7214bf80900c33c3b1063c36da66d2
095_coauthor_left_not_right_kna_t16,95,15,left_not_right,,16,2,65,51,3133,301296286,coauthor,95,0,coauthor:creative:f6c2fa4230df43b9b9857e71b9d68a89,0,45cf74b0e8eebf6936d9f56b6f0cf1e148207250a7e69b901305720cdc5d5129,8fccf61e3f3ada4e9f74c084edc2b766da50200a26d29d5e4f13c040b8de1f5f
096_coauthor_sets_differ_kna_t1,96,0,sets_differ,,1,2,65,7,439,337701703,coauthor,96,0,coauthor:creative:c86ee4fe34954bd7b183d8a5068255da,0,24f0fed822b26e2dc23610ea8886d832050eea19aeb6e5f3ca7810da2cf84fc9,16165bc1ada6749dc184874fbfcbc2b73edd90764b989a8ae522389dff3105bd
097_coauthor_sets_differ_kna_t2,97,1,sets_differ,,2,2,65,12,690,315805698,coauthor,97,0,coauthor:creative:8024bf1914664591abe824dd583d2d2a,0,ed739d69923ddbd416a5ed0f61662705e72c078318f8ed9e964a7ffbc542db2c,77fb00dd755c1c74f0fd87ad370e3df865b22c9b32eb52b0769772cb7a6971c6
098_coauthor_sets_differ_kna_t3,98,2,sets_differ,,3,2,65,16,941,129158734,coauthor,98,0,coauthor:creative:bc176a916d344af496f7bdbf408db4e9,0,686338fc1f2a9bbeee1904d830c952259555eab925c12705f72e2406ab85a2dc,a807702710f6fa69aa5975998e4d77e9dede9534c3621915fd50867828f0ad4d
099_coauthor_sets_differ_kna_t4,99,3,sets_differ,,4,2,65,20,1192,1920720594,coauthor,99,0,coauthor:creative:e90a5ce2d98548a997fb8c3ab2213483,0,46efa15bbe95576969cd71c5dd7bda3c4dea8a0bd6a687c5792001b9439c0c7a,d4b27dcdc5c3980f9a06245deffcba6ba14d243bb56eb954e2e121e18e52809d
100_coauthor_sets_differ_kna_t5,100,4,sets_differ,,5,2,65,24,1443,852954765,coauthor,100,0,coauthor:creative:8b458eefa9304e608322239981e4ccd1,0,cbfe2ba49d147687ce694e41d2bc626d2f75b2b7f1c14b4fe60e12efcb977a1e,d580d436328b82dae84abaa20407de32858f1d7c11106e8691c00f87e96ecc8c
101_coauthor_sets_differ_kna_t6,101,5,sets_differ,,6,2,65,28,1694,525744930,coauthor,101,0,coauthor:creative:eecd784a495648f4a5b160beba42dd0b,0,90898174a5490f9b511a5cfd889c1c5ca9837248c6d8aba25d13e8f4ed9d3ec6,59df4c2d3049e9b3941c0f4e6736d7ed1c559c920398adff93c32c92f47cd2fb
102_coauthor_sets_differ_kna_t7,102,6,sets_differ,,7,2,65,32,1945,1563697706,coauthor,102,0,coauthor:creative:c2af9e5faf164318999484aaf8b04de2,0,55227ff22204a9c0cc3055720a4e575f66052b2a799b538701b395e6e56bdc0d,e761968050e810fff155cbe6a1bbc1f0ab2e186229ebad185d9f4661da8b2e0d
103_coauthor_sets_differ_kna_t8,103,7,sets_differ,,8,2,65,36,2196,468962890,coauthor,103,0,coauthor:creative:35399d7a3a994ff2a0425b156a33b2d7,0,6f3955564f3b993f1c198c26888b696f12b975bec69893eb3d5c82a64d570b33,8b71a0848e74160bc8a716c49b57ecf29348ecf958031ba74dadc6234caff332
104_coauthor_sets_differ_kna_t9,104,8,sets_differ,,9,2,65,40,2447,882890399,coauthor,104,0,coauthor:creative:85592766aa1940778f8f71cda90305e1,0,2b7d6dacad799b574bdc1b53d7bbf358a81b9d195e2bd3de2001863cdf74e91c,a3935d068db6d4b1f5e34097bfa92a22fbebfe52a62a5d917ba6ed47128a67d9
105_coauthor_sets_differ_kna_t10,105,9,sets_differ,,10,2,65,44,2698,245101698,coauthor,105,0,coauthor:creative:1e93ad6e64e4478886b3fc31bef6a960,0,acd5cde48b59e7132415d0cd81cdb0a0cd8c80a2d8e2e856aca45dfe205eb7b6,46aa520a19ddd204cb5454ac2f3257d683aa0993866786364461905d907b61c5
106_coauthor_both_sides_kna_t1,106,0,both_sides,,1,2,65,6,370,289879039,coauthor,106,0,coauthor:creative:04382674f44c40b592c703ae0f63c2ed,0,2ab93b49a388bae8a46fe1faa6db57e819aca96ab9b5ce4e582886c9d82113ea,157fb08f49ffcccfa0d78e2ab876aa699bc885a0951531ec0ee860b637269145
107_coauthor_both_sides_kna_t2,107,1,both_sides,,2,2,65,10,555,1428681236,coauthor,107,0,coauthor:creative:90e9b5945ef5420ea02c7e982df952c2,0,ece2e236137caa88997142932a8a2547b766bf4ccd9514d37c1bd24e59143c4e,f93f614897fff8c125ec9dfaeca0f66a3daa6966da45c7982abe0af49567a1f1
108_coauthor_both_sides_kna_t3,108,2,both_sides,,3,2,65,13,740,1960082510,coauthor,108,0,coauthor:creative:b6c87b8153ce4791a449f6b80a7f438e,0,934dc8bdabb5380ec07d97ad0199766babca9e747b608cda5a0ef263e1b74d32,11a38c8ffb15d37f5e17c7ec365f66b4b01713ee4842ef31c7b36a7d679bd2e3
109_coauthor_both_sides_kna_t4,109,3,both_sides,,4,2,65,16,925,1429010261,coauthor,109,0,coauthor:creative:a155fa8cfd624d278fb8f37cc32b0565,0,fee919d5bed5f5e0cf6af149c5b7d4cfd3d75291d405bc93dc1c9f173dc593bc,a119610a00c4e2b753e7cbc69aeebd21fea41305e920dc8a41d3b1d0aa587e31
110_coauthor_both_sides_kna_t5,110,4,both_sides,,5,2,65,19,1110,532248575,coauthor,110,0,coauthor:creative:b95bdefc91d94744b375b7bcabc19d5f,0,c1b237e0ff4259fcb5047fdcbeaedc636cc52ef2b3d2ffcf0396a45945f47683,a3df819f04ba269a38ac0062e53d39ac11cc62d5047826c58785e75613d09555
111_coauthor_both_sides_kna_t6,111,5,both_sides,,6,2,65,22,1295,515395025,coauthor,111,0,coauthor:creative:87c2c42b2a80400ebcedfacc68b767ef,0,8d56f721fe43e64cc6819c0007f1b172744d14ee72f2ce985904661bf3e5e83f,4a37ee03f157e46f18c21cbcf3ffc91ef1ddf89edcd36ebf3288a3dd4db63367
112_coauthor_both_sides_kna_t7,112,6,both_sides,,7,2,65,25,1480,1211769933,coauthor,112,0,coauthor:creative:335ffea5a1a8426badc75a2fa056a1a8,0,7d0061a14e2b6246dacb9d9e43979cc7302d4fcaeaf567cb0903367f5e99c542,b3c995504aea1b1d527671cc05f5bccf246b85323de87df3b6efaf1c0d7ca1d9
113_coauthor_both_sides_kna_t8,113,7,both_sides,,8,2,65,28,1665,1219233922,coauthor,113,0,coauthor:creative:e2ccab5b997f4aa19f39ffdb86be4151,0,9f1d981481caa6ac5cdde381e0e57fda2877335dfd2579c2dbf14005c9b94841,854a8f3d5ac236f90c34b03162da2a9080bc9a1483a3c156022d1b1252eaa8b1
114_coauthor_both_sides_kna_t9,114,8,both_sides,,9,2,65,31,1850,1428967917,coauthor,114,0,coauthor:creative:dda6cf6e80e74a32b62d03db6c25859c,0,0ba89b91701ed8a9b793015105854cc96179646685c3c2c34391c526c09356dc,1fbe1e67389810d5be3205216ddf215aa21e86fdd602870b6be06d866620cead
115_coauthor_both_sides_kna_t10,115,9,both_sides,,10,2,65,34,2035,510268999,coauthor,115,0,coauthor:creative:105bf88bb4bc42688e06a54644e2989b,0,d154380850e86c6b6da7203d33693dc9a496b6bcb20d30130f3113eea3498f66,b97a4af6125e754dc597d01af37d20a855c84e5f84df65c6e0877c4782d288f4
116_coauthor_both_sides_kna_t11,116,10,both_sides,,11,2,65,37,2220,1655916229,coauthor,116,0,coauthor:creative:128bac319cb14dadaaf5c30c3a8ac5cb,0,5d5a545620018b206ab870e2acd3e09eca83ecaca76a55c927e07455e092fc0a,22b14f670a8dc35933683ef996e14afd6e5396cf2c5325c8d9aa6854a7ba21c1
117_coauthor_both_sides_kna_t12,117,11,both_sides,,12,2,65,40,2405,2139205696,coauthor,117,0,coauthor:creative:25742b852b764843b15266008afdc15d,0,196d15b8fd56597e5b2a0c1449d340d32b010f5ab2a9f708ce0442d79759b89a,49993dfc320f6b9f37a77d149ea93ad5d79fe683fc0240331dddc7e1ae76e024
118_coauthor_both_sides_kna_t13,118,12,both_sides,,13,2,65,43,2590,1079804222,coauthor,118,0,coauthor:creative:50b12e356bc94c72bec03b35dea37fb2,0,5511bf616551cc56e48fd8cfcad6467c072e1cc3979b1cfe3e8f89ae1763a9b9,1cb3160668a628fbc7bde071ddccb51fed66ca17e86cdad7446e98172a42ce2a
119_coauthor_both_sides_kna_t14,119,13,both_sides,,14,2,65,46,2775,910980403,coauthor,119,0,coauthor:creative:d301787ad1c14454943032e70f5f46f0,0,8834c4a06e4bc223881e140268ff3c9e4b4b73af2d53de69b6acc5b789cf98d4,acef31ea969587cbe3c72aab838dd859c45a1b4245975ba691faa8e60f084dbb
120_coauthor_both_sides_kna_t15,120,14,both_sides,,15,2,65,49,2960,246964563,coauthor,120,0,coauthor:creative:d79796ab007244e8abb0ff2efda4a92a,0,bd37d391ed0f484447326c754fc335bf2130f92790d30845ed056f0791751a61,e904892551bbe4693d73706093b2e63e30f89d499a1ae0c32d42e1d5dc377ae7
121_coauthor_even_count_kna_t1,121,0,even_count,,1,2,65,4,313,1867362957,coauthor,121,0,coauthor:creative:93a0f456389043b787013a489df403ad,0,f9b57c03e3feae24f5187d04b7f6059999bc76e4f09931bb482c425c7564774c,a6e7f332521ac5e93eb0454700c5de28608a816dbfdceb04700eff336de785dd
122_coauthor_even_count_kna_t2,122,1,even_count,,2,2,65,8,501,326444460,coauthor,122,0,coauthor:creative:ddb30c809dfe47f8b0d0c10147b240b4,0,ba9ffe0e7ea13c617f035c6e0ecb1579cf96b3f417a098148af72d2a6018b33b,611c6d7e48ffdd3648d72f9d3eb61d34eae546ec1c0f6ba89e882f2a0d212b05
123_coauthor_even_count_kna_t3,123,2,even_count,,3,2,65,11,689,239016924,coauthor,123,0,coauthor:creative:6fd6bb19857c4f5d9d615b349fe6087b,0,07ebcf1339ffdce16ff015b984d432c2d8b3654dce270a809de50e272b2b8665,eb145bf9131304b3bc5dc1e0e841b2a5b29bb64ce5a6928e958e858e63362511
124_coauthor_even_count_kna_t4,124,3,even_count,,4,2,65,14,877,702502129,coauthor,124,0,coauthor:creative:23b4bbf06990474a9607178c5e4c95a9,0,92826318d83f8728df67de74977084a65b9d7a0c09ca79bf5615a676651d612a,82e7834b968d58c91cc2156a81ad817f79fd375ea3725a95a2d3f4bd7c162b2c
125_coauthor_even_count_kna_t5,125,4,even_count,,5,2,65,17,1065,1301129,coauthor,125,0,coauthor:creative:8ca7402df5f646c3adb963acabde457f,0,b8d03d07a8867b1bef89f399c2b9c27fa5301e3ac6461208f967f6500a846346,d1df43eb490c7c45ead08f868ebee7c95a8ab1fafab6e8d6e19912594dd5ee6f
126_coauthor_even_count_kna_t6,126,5,even_count,,6,2,65,20,1253,579586806,coauthor,126,0,coauthor:creative:301899b1e6be4d77b5995d94546a55ed,0,884298ded06e256d223f72f244328d036f8ffe35edf5079f5fc1e0a1eedc8850,280646172417d8396887a796eb929200750ee92b04d25e514697842f72ef1fba
127_coauthor_even_count_kna_t7,127,6,even_count,,7,2,65,23,1441,363403152,coauthor,127,0,coauthor:creative:f71e0e018a534c7f821ba507de61fb7d,0,7ce8cd79ef4c6843c1cbf9ec2550fa318d210ac37e868a092a30c17a320fcc6b,a11462c6df79821c97547876982b13a3813facaa09d04b78f54bcd5fedd84769
128_coauthor_even_count_kna_t8,128,7,even_count,,8,2,65,26,1629,1103757434,coauthor,128,0,coauthor:creative:8f4fb63ec8e94e269f5a41f93e948bc5,0,f4e91f050c52ec0e8e1c7e7bf2d1f9c1cb9d2bf9112e1653125c5a898fe89dd7,51de64294761ff37087c5e7f1b53103f6358421cb30c68846d98edc4366053b8
129_coauthor_even_count_kna_t9,129,8,even_count,,9,2,65,29,1817,594885269,coauthor,129,0,coauthor:creative:409ea6cd2f8347dbb41344d1243c7e17,0,64d067193bd1b4f9709aadd193a214d0ad8f444d48f5d3971dfdbf5e23153c0f,370c2c126eb665a8d5b8ee084bd8bbd965ce19f5aed77b391a81e22f2aad3679
130_coauthor_even_count_kna_t10,130,9,even_count,,10,2,65,32,2005,2137307263,coauthor,130,0,coauthor:creative:5e72eec1e0f54fe5a74cf7e82ec67017,0,e9bffd1a50bcb649be96dc60e53e69de53221f6b82045ac41f34548ba4e34a30,9f3066d00ae848398c3dadcd1b1c6479a4aa4ce39a1440769aa3bcc39e6a71aa
131_coauthor_even_count_kna_t11,131,10,even_count,,11,2,65,35,2193,1593263615,coauthor,131,0,coauthor:creative:780dc8712eb44ac2a05c14452f14973d,0,2a964b8c4a7bfb4dbbe958e0946fb045435b2ad841ba854419adca6b50cfb9f6,5e12e3078d3ef3d4ec84469e3c925a47ec60a5bd650fa64086a6f241be858b4e
132_coauthor_even_count_kna_t12,132,11,even_count,,12,2,65,38,2381,2057210865,coauthor,132,0,coauthor:creative:94517582b37d4ce6b9aeb4a0f9b7eed6,0,e6ffb7fd5d940e9d5f43ee25f9f3ba7f6a1e5798c123a5a5c2b3c17a94fe60a6,28104c01335f81350320341a165e60268ffd495528a09d39f1a718d4650e804f
133_coauthor_even_count_kna_t13,133,12,even_count,,13,2,65,41,2569,156765421,coauthor,133,0,coauthor:creative:401511d48acd418f8e4d199782611ccc,0,c37b744839b4b1f13064b7eafa9e7a6f0b1a275db02a8cb88fc5c115c455278c,620ce148a71309de94f3161b706b9c557b2fdc11e3579091e34057f451b8d12d
134_coauthor_even_count_kna_t14,134,13,even_count,,14,2,65,44,2757,1292118837,coauthor,134,0,coauthor:creative:fe7442150cf74ed99d61e116a8a5426b,0,815e14e89e409cf2e4134ecc8d55501d7c3738708b09c760fc40538441ed9986,f347790216512f4e8d634e4d00099b35ac8661d666ddaf234cbe63747806d33d
135_coauthor_even_count_kna_t15,135,14,even_count,,15,2,65,47,2945,1546368903,coauthor,135,0,coauthor:creative:3d7f50f368ad4acdb051a9a31c886c9e,0,c3a3dee21b5bad7a9b5a4994dae273ce9b0e541c2d529b91e8b249d174872d1a,bce156ece1d54a65a6da97cca2bee0cdf707b497783f597acee58069645667d5
136_coauthor_even_count_kna_t16,136,15,even_count,,16,2,65,50,3133,435582132,coauthor,136,0,coauthor:creative:4fc8392481a44f3aa59da642529b0a07,0,21a2ff74c795f8097255a48b05fa28b40029ca93e21985388d2f4d0cc23a18ee,9c8ff971e268298c577774cec944d342801dfd8cb4c32c4ba7428feeacd89122
137_coauthor_odd_count_kna_t1,137,0,odd_count,,1,2,65,3,254,388200673,coauthor,137,0,coauthor:creative:ec682476ef21423390873e912f6006ae,0,65f038e6f0077cc208c88920dc70a8fc1a8980fab51f5e18a8360c44ef1824f2,bda8ec72e7a53f4b8e0816e14bdaea11bee30a2331bd07f5f5e4bf246f3ded9e
138_coauthor_odd_count_kna_t2,138,1,odd_count,,2,2,65,6,381,1306585941,coauthor,138,0,coauthor:creative:0554d7947d9444bc96f9a9512f4ae989,0,18f8e53892bd571cab047bf2af63d4d5c8db89744343e31e4d9217cedfd70be2,d9b16dbbbfcd0c4d9e8aba1e083d9ce0bbfef00d873d06831e86a294b2a8ae91
139_coauthor_odd_count_kna_t3,139,2,odd_count,,3,2,65,8,508,575112232,coauthor,139,0,coauthor:creative:1a05d6f6ae524b638b5e3ea491d3fc4d,0,f0aa322bb200154a4972a76ff8b54079aadcb493d6a23a2b6f5873f8408533f4,f72356f00301d24de8c1107ead18f30e264658fe4f1f3c22d6a7b28a44bb5b2a
140_coauthor_odd_count_kna_t4,140,3,odd_count,,4,2,65,10,635,796825730,coauthor,140,0,coauthor:creative:4bdb5a30d17d40d7b160d942552c190b,0,26306fa383e41f70896eb68a0e4c608d758c038c4f3417e48d464684d43d1b7d,be362a3b14f2b8408a83a5b7227734bc88bd47659bb73106c517c40761d27b86
141_coauthor_odd_count_kna_t5,141,4,odd_count,,5,2,65,12,762,147041094,coauthor,141,0,coauthor:creative:93cd61b41e0f46dd8af1468977c91ef7,0,bb982c70e90f5d8215a8576130aa8c1904dd0be5edffd686fe9fef93a34e6807,52503b00e8422e1d87a9ee7ca192318b27a9cdc3f769c04e1b65d0bc9a7a0286
142_coauthor_odd_count_kna_t6,142,5,odd_count,,6,2,65,14,889,1773433094,coauthor,142,0,coauthor:creative:6cd01768d763429a9c65131ad293b2fe,0,556ca5b1005a307d188d4d4dc60a539d481a89f6ba0450aaa28608c060a0b588,8aa77f9a515562e9914e76cd463dc3bb2e0da03c0ff35553593a209c2bd574d7
143_coauthor_odd_count_kna_t7,143,6,odd_count,,7,2,65,16,1016,320437781,coauthor,143,0,coauthor:creative:ead266bd00fd4423be98ad8176af3a17,0,984cb331df7b483ecd3d93f40c63b3da852f440e405def140eaea4ee8b515105,eec0a702d650daaa9d06ab3191b94d2d16cb2354e322dad97545611810002987
144_coauthor_odd_count_kna_t8,144,7,odd_count,,8,2,65,18,1143,88263007,coauthor,144,0,coauthor:creative:3b6e7a4c9d65411f9342254120abcde7,0,95a17c85c04b43629daa4fb6f655bd5bd5a28a6a2b0c2a7e637c15b091a9096b,4d631bbeb3bf2c326873583dea9e219ec19a80468646ed4e623c1677b37903e8
145_coauthor_odd_count_kna_t9,145,8,odd_count,,9,2,65,20,1270,1632800241,coauthor,145,0,coauthor:creative:fc1a28ed73b6450c8a4b9fe3b6349257,0,06e6b8136cdef9807e2da95a000eea650c2857343838cfbe63469ee1106a44c7,8cb4049a6acc22270ab3eb1bb29330bb886080ce17371e8e59023f09f1ffa3bd
146_coauthor_odd_count_kna_t10,146,9,odd_count,,10,2,65,22,1397,540577242,coauthor,146,0,coauthor:creative:9ed6505663e3421ea07365fe634cbe82,0,453feb6a7400a3ff39fb4b2265575b41bc512040ac9055b91fe8f1be49ee7fd5,45b5ac04f16b024baf14a8bec531b5c98174c63096db10c802b5c829cb8709c1
147_coauthor_odd_count_kna_t11,147,10,odd_count,,11,2,65,24,1524,989827863,coauthor,147,0,coauthor:creative:02ef07c642254b088b72486ce41e010c,0,ec1ac44ef58f925127cb815d97cb7657c0de4c21943a3d169235800d702e4623,853f8a05c23f83a3bbcc50a2502650580b7c90718f445c3dc3fe6a4dc37b6085
148_coauthor_odd_count_kna_t12,148,11,odd_count,,12,2,65,26,1651,347190597,coauthor,148,0,coauthor:creative:484eba21615341fab99300bfe20873fb,0,1fc3b7ec8bd8e88c9e7bf04a0ab67263845e9e1fdf26dfb15d8aec20a26abbb3,d164cd37d69fbd412f81ff21f5203e19c44df11d5d061e6a1cb75996c5d4e38d
149_coauthor_odd_count_kna_t13,149,12,odd_count,,13,2,65,28,1778,1779859864,coauthor,149,0,coauthor:creative:f13ca6a2519e4ddcaf454f11968ed676,0,aba7e3f8b6503a0a658a0304ec1cc942e2414f31851648ade743926968fe5b72,5a9f19b8750297ad072c34a51b95a780c902b67936f61fb3d4898a24d65ed24c
000_coauthor_kth_last_k1_t1_rep1,150,0,kth_last,1,1,2,65,3,254,1768257434,coauthor,0,1,coauthor:creative:12b63e9bbb204e43a40cb95aa7a44b17,0,1747ea246cfadeb99ba82c22e4f28a3efb9bba3400523a0b14fac3c112e009b7,f7374c4ff36ce9637ad6a619ed7ddb63a05f3296fbc7a029d8d33c136f345efa
001_coauthor_kth_last_k3_t1_rep1,151,1,kth_last,3,1,2,65,5,370,957646284,coauthor,1,1,coauthor:creative:22fbbbae605c469f9ee3551b6030e421,0,18c056efa83e27f0cd4567e41c931f9233570d9597dfe11a374b56e1265c05b2,6ad13d888ebaf59923ec8c7e7b7ee1aecdc80888d0f7254b6732d64dcda106a4
002_coauthor_kth_last_k4_t1_rep1,152,2,kth_last,4,1,2,65,6,425,327601760,coauthor,2,1,coauthor:creative:0cb1f752dd254646830cf016f27b9f4f,0,86933f8dfa98dbc92522215a996f60e8f825b5b420ab86db3ca092658dfeb8f9,f5a31d8107d2c6531fb4218284785a114329ef1a14fd62c303c498d55514423c
003_coauthor_kth_last_k6_t1_rep1,153,3,kth_last,6,1,2,65,8,529,789147536,coauthor,3,1,coauthor:creative:89d3dfa041f54a32ba310a2b34a4055e,0,baa2b78359f3e32b65241640f4443bc3a5e64e4d357ffae749d0c1746470ad58,606d8cdf0970f30ec7c49b71faf780f26defe78d6165b7bd954f84de0f9f6d05
004_coauthor_kth_last_k7_t1_rep1,154,4,kth_last,7,1,2,65,9,578,1774086246,coauthor,4,1,coauthor:creative:a754ad9eecca4d13954cf36eeda823b5,0,0de4718dc1a60cc83a26e789626d5500e961f5ff5636290f16b0a5c4ff52cef8,66e092ca76e4ace3eb011baa88ab99979a0425049173be3f682d60b5c930592e
005_coauthor_kth_last_k9_t1_rep1,155,5,kth_last,9,1,2,65,11,670,2111689729,coauthor,5,1,coauthor:creative:f1e80762c105424fa21955d4520b182b,0,c9e8b7d4b3db74984c3faaedcdffb3f81acb5790bcbd3275c608626b3d00b056,87de4a28eb25c5ed2d400517f1c089bc693f425ea1eefa2549d92b070ef3d29e
006_coauthor_kth_last_k11_t1_rep1,156,6,kth_last,11,1,2,65,13,754,421805065,coauthor,6,1,coauthor:creative:8231b08c98d34682b96603ad677c4806,0,b68f0bdc8db3f8b63ce351cef04d3b4e3efc988aa00383fa051e5f854ca9ef5d,6ede9a2fb76a3a4defb24c6468589c4ace0a7790d305e7e2856286cd5a1a8f0d
007_coauthor_kth_last_k12_t1_rep1,157,7,kth_last,12,1,2,65,14,793,259537431,coauthor,7,1,coauthor:creative:0676be9886614881a7c2f933ef80337e,0,be13ad9e2190e0613d253a2ca9fd51eadc7eef51b8c1e68ae0d87ecde57efb9e,459ccadb0a286abc4095f7c6bdcc997685784f9d921491267a585b135c46f8a9
008_coauthor_kth_last_k14_t1_rep1,158,8,kth_last,14,1,2,65,16,865,1480172670,coauthor,8,1,coauthor:creative:ba1b42a591f4447596e99b6c0a5164b3,0,faa79157f3e51a9bca8fa378ad18047af9e60b144750939c5fcb17907358b66b,86a81e03cd07e32f60895e101162726d95af0c55ed1734f957b0a95aa601ab5e
009_coauthor_kth_last_k16_t1_rep1,159,9,kth_last,16,1,2,65,18,929,320842591,coauthor,9,1,coauthor:creative:223f27bcebb5496a850b7ce86d50e910,0,40d69c65bb962e51a4828442ebd3561bff5298e9b8e1cd7071e1987b7aa9bc2d,0f1c084afb0758f2484ecc7240b1fefe462cd13be112231d0c9c8fb6cbe43eb8
010_coauthor_kth_last_k17_t1_rep1,160,10,kth_last,17,1,2,65,19,958,2026672059,coauthor,10,1,coauthor:creative:aa092c2e66ea48d89361cc668d7d4919,0,fded3d035cff6737380268fa735bfe3bc10af07fcd4185aa8c48e445f25140e8,8b9ac2bc5c324504be84dd7894efabe4e9612930c8eec5b1249fc565c7132adc
011_coauthor_kth_last_k19_t1_rep1,161,11,kth_last,19,1,2,65,21,1010,1648297798,coauthor,11,1,coauthor:creative:50e2383a31544349adae9a66d596cdf6,0,aa517b256bdce5ab8b948de9ba48f9b68f1db79fe155d4eca6b6b2885f1d081d,e77e522d8d9b4e6c5e1355069fb86c6b96f7313081e90943f3c84e0a590c9927
012_coauthor_kth_last_k20_t1_rep1,162,12,kth_last,20,1,2,65,22,1033,828242263,coauthor,12,1,coauthor:creative:b7687cecbf6c4c18a04b5b0b9b031cf4,0,bf3dbdb5585c9d10b585850e31fc001177b8a2119d2e61590c030351ba170fbc,7ca70173aec4515e3ad522f7888a35953158abeb7ba5021b06fcd5da62246de7
013_coauthor_kth_last_k22_t1_rep1,163,13,kth_last,22,1,2,65,24,1073,691822373,coauthor,13,1,coauthor:creative:138dd7338a0f480584ca1deddb32f6b7,0,21e42978b628e521ddc0f58f2ef9d3ea4cab5e02e53a05a2025b61c7da0b3cbf,afa0dd6e357b13d133fd6ad39b81506165e3a63becc9c7c83a85128f95ed694c
014_coauthor_kth_last_k24_t1_rep1,164,14,kth_last,24,1,2,65,26,1105,524432951,coauthor,14,1,coauthor:creative:e29599231e66474b8a524c23db775e47,0,df3ee49230d3ef46f232f6e42c1bdbbfbeabcbe62a130c838d6bd31f8ce97ed2,be8eea4a384a36cc1ea9f856a77b2eecabe776be3c504fdc981622264c13a1bc
015_coauthor_kth_last_k25_t1_rep1,165,15,kth_last,25,1,2,65,27,1118,436369910,coauthor,15,1,coauthor:creative:6a9dd4e609624942951409d15edb0ff3,0,7c5b7b233027b054948456a67f02db0fd00fdc7f2ac6f4d26d56fd43ebd2b520,4ba408e69f7e9f9dcacb07d93ce5a875a4f3e2ac5e8bbdafbd2d407ad6e0c74e
016_coauthor_kth_last_k27_t1_rep1,166,16,kth_last,27,1,2,65,29,1138,1646097257,coauthor,16,1,coauthor:creative:672cbc4dddf545218344122b24e3fd7a,0,f467b7ab84a7782d817ef74b4a7d8bba0a9fa99b3c8746e485a8c27e6323707b,c67efb8b243a5f9c4feefcf6dccda1aed13f943571fc267d0f288b277084a4eb
017_coauthor_kth_last_k29_t1_rep1,167,17,kth_last,29,1,2,65,31,1150,2130361448,coauthor,17,1,coauthor:creative:cecb749518a84dce992bdcb9c97ec242,0,8cd7f5d1c488179e2a4124586a8e6c502acf7323bd66dae526befd43da253620,cd8fd066b1094e226321e1cfe47bc4aaa7d5b3bbc73efc87f7a9c3c4a8cf04df
018_coauthor_kth_last_k30_t1_rep1,168,18,kth_last,30,1,2,65,32,1153,1876602882,coauthor,18,1,coauthor:creative:98de646c88b04772b24503cb24056236,0,366afc942d42ab7ea5decf5b7f3d89ea352157a79bd42d509b8615cb65efb9d1,5f4f044b70e78f0a4c723dc1ab7aa118440ce71a0ea715b1a914e2bda272ada2
019_coauthor_kth_last_k32_t1_rep1,169,19,kth_last,32,1,2,65,34,1153,1362364570,coauthor,19,1,coauthor:creative:f9a09da62e19479d8b2c31d3a494f11b,0,68debed709cfe066ed12270c21c15ec0886fba1d70a50d1257e1c1aa8a95cce5,0e8e8d7abe727a83ea93e9a5810a3062b6393433dc0f688610c786bf0299d122
020_coauthor_kth_last_k33_t1_rep1,170,20,kth_last,33,1,2,65,35,1150,914935066,coauthor,20,1,coauthor:creative:fd2ec09a682148418ea610817afcc79a,0,6b9de1efb67b29c290f9509cdbb57c07b9b2155e98dce5ff88ca08be751dbf9b,0dead8ce8044232eb1ce977f6d2fb4870969ba4ff140507c21cb748a3d7a378d
021_coauthor_kth_last_k35_t1_rep1,171,21,kth_last,35,1,2,65,37,1138,633951183,coauthor,21,1,coauthor:creative:7b0cd9f4cae6467ca5bcd8c5e0aed9e6,0,cde027dce126503b40d3fe2ac9d9bb3d9563816a77ce4a4ae9d1116b70a69ff1,448d2e159ab25461cce2b5483c69b0044e0874e8ac228351b5659252a6bc079f
022_coauthor_kth_last_k37_t1_rep1,172,22,kth_last,37,1,2,65,39,1118,39360620,coauthor,22,1,coauthor:creative:36bc101319da4b3590b96bce76f7c02c,0,62754e6673d980d8c8d005e3226846c1fc3fc29566901769596d5e0b952c2044,1014c090309de8458514fc9aae3bcb8e1afb5e9eba4398c0a1471a5a3a476e23
023_coauthor_kth_last_k38_t1_rep1,173,23,kth_last,38,1,2,65,40,1105,722542640,coauthor,23,1,coauthor:creative:11142ca391e749809df56da90091adb4,0,39330bdcdec597ced0bb5f63c04a6a5372b568ac04138fe9d4acfb1ce2c4eff2,c3372853f684a5eb8599ccb1ef60f934b6e26a46fae1183731c4a29a84afb5ec
024_coauthor_kth_last_k40_t1_rep1,174,24,kth_last,40,1,2,65,42,1073,459407726,coauthor,24,1,coauthor:creative:f1d6f13474954193babf52cc2eab9353,0,50db56ca4b0828d39672f063941ece045cfe66ed03a140903cf0578afafa6be1,6851fc0496f79329371ba5efd37add147a567a056e91109cb7b095fe9982d46a
025_coauthor_kth_last_k42_t1_rep1,175,25,kth_last,42,1,2,65,44,1033,1308630757,coauthor,25,1,coauthor:creative:2a078f5a483346d283b90b5df863f87d,0,84245e3a2e8fbc627e6bbc330f2055ba075516e9deb9e1dade26b83ce52218a5,23790e5a374f9c997fcbf337d78c76499a33ac25026f960274a77d931b528194
026_coauthor_kth_last_k43_t1_rep1,176,26,kth_last,43,1,2,65,45,1010,486991095,coauthor,26,1,coauthor:creative:bb4c49c8ca6d4b818262cf983e1e2a84,0,3160ed5bee2d4d4a29f661cb7102fbbb85e03cef3829ddc742387ebc6266d3a4,7af30013d8b71e48ec9e2fc585f5eb6899441d23bac9b891ef2f0e22476aa751
027_coauthor_kth_last_k45_t1_rep1,177,27,kth_last,45,1,2,65,47,958,1103925040,coauthor,27,1,coauthor:creative:6ccf934ffb284b76b9fa7e57ecabd06b,0,a386d6ecadb5f67f2238a5688099e1103b0dc32ce51aa5441e123984a818676f,1f36c765d5c816b9f5ea41a7f0a862b4055e1d8d69a284b594b72aa67c18d127
028_coauthor_kth_last_k46_t1_rep1,178,28,kth_last,46,1,2,65,48,929,554583460,coauthor,28,1,coauthor:creative:377cda39f77d4be6bc47879d076b79d0,0,72902319f0b8763c364a00098dd748e39cc177e50bedb4f3c26cd6e16e144c18,bfd77b09a9c46efcecac438c40963492193c965ceb469979158cfc44576ca971
029_coauthor_kth_last_k48_t1_rep1,179,29,kth_last,48,1,2,65,50,865,1175729428,coauthor,29,1,coauthor:creative:fe4fd11d3f6e4386bf7ec81819c5ff10,0,1a8a5dc4679adab3730c06b974432652ae28fcce01c13e24fa060b944845af78,292d30c5474d405fd052a7f910c8c870d47e267f8edcfeb2ea30b5429b8074f1
030_coauthor_repeat_after_k_k1_t3_rep1,180,0,repeat_after_k,1,3,2,65,6,439,1035163104,coauthor,30,1,coauthor:creative:5773114053f147a69bd6790843ea4fd8,0,62d377d0a1e5edff67abf4596d858259745ac2fbfddae47ac7c1994f3220fb0c,d21d547c1d9d587dd29fd9a47cb50f4103b033b6773b08f63de661173ee5d665
031_coauthor_repeat_after_k_k2_t3_rep1,181,1,repeat_after_k,2,3,2,65,9,618,1695917781,coauthor,31,1,coauthor:creative:b0a2fd2acd9f49ebabf15233e8711c0b,0,c2e10f6c2b9e130f7f7eb744704cfa9fff976a844aea94f24a274b39633739b2,e048f9197edb2bf1f2fe7049c3aa493336a653e8a9fa67190153fc07aed6d469
032_coauthor_repeat_after_k_k3_t3_rep1,182,2,repeat_after_k,3,3,2,65,12,791,100836408,coauthor,32,1,coauthor:creative:d9389125a7624e34a2fde4243f88bdd6,0,606fcf30833f5df41c8bbb8deb92ec70d03d9aaad68e7b660c6becf4caed3472,8182cd225daa3ec45bfb77735ded77f0325a340c9db7c865850b524e2a7d3cd7
033_coauthor_repeat_after_k_k4_t3_rep1,183,3,repeat_after_k,4,3,2,65,15,958,50416720,coauthor,33,1,coauthor:creative:e473b59b1628452f9d7ac68bea6d36ff,0,0e55e00d21f558f028bc4a9addec01d26c32b13e5bff537f47463d3551f9b857,7d9a4c609eef69cebd4d47ff494a2dabec6f881c59593b5b1422fb5709ba2b57
034_coauthor_repeat_after_k_k5_t3_rep1,184,4,repeat_after_k,5,3,2,65,18,1119,704020099,coauthor,34,1,coauthor:creative:961d4965c2c94d7b98223b2f3c9eb30a,0,d45312b717b9622531d9b625b5b90172c3b7eb37005230eb1e3b4c63f582c678,004a21eb82f05ccf05f709874fd1b60d32050abad831df50a052605ecf7b27fa
035_coauthor_repeat_after_k_k6_t3_rep1,185,5,repeat_after_k,6,3,2,65,21,1274,906234460,coauthor,35,1,coauthor:creative:94e6de534f4b4e2d965348fc3f4e317d,0,c774c54e76f729084785f84f1fc13c04a954f887eb4de1a678e669ef94711108,719f2fb8b8a9e9328d92b1baf6dc1ea4aaabf01b2cf9bd933a1f57fa7459247e
036_coauthor_repeat_after_k_k7_t3_rep1,186,6,repeat_after_k,7,3,2,65,24,1423,2047505644,coauthor,36,1,coauthor:creative:8485dc74018447939e7fd20e351b63c9,0,2200777967e0df4e28515b3bd8ba9b48486dae985f8d159a6c040eef75c633fc,b924106e2d006945a601d07c3d563c10174700c8d98215b8d473b2f394f240b0
037_coauthor_repeat_after_k_k8_t3_rep1,187,7,repeat_after_k,8,3,2,65,27,1566,1591393197,coauthor,37,1,coauthor:creative:050118bfac954920a524e7070132690b,0,57fdc358dbac92f303338eb57c3b69b75a25f36e3eaddd0d5a5a2cc3b9d013b1,f0439e159ac6c7e5cbdb422c7650890707d761639362ab32096e5f3b5f143c48
038_coauthor_repeat_after_k_k9_t3_rep1,188,8,repeat_after_k,9,3,2,65,30,1703,1354829003,coauthor,38,1,coauthor:creative:826e515ad8af4f68a59534c15844da37,0,601e330840eef6dbcc098964e67228dcd6383166f02afebea3c4392e4b6c1356,8fe24c174c49499e2cdb2f3d9e8836d55b35e911ca5287ddcfeb53a3cf760fc3
039_coauthor_repeat_after_k_k10_t3_rep1,189,9,repeat_after_k,10,3,2,65,33,1834,960241455,coauthor,39,1,coauthor:creative:f58ab329f0764998a66dc23a54e81abd,0,e57bbe3af9ecc87689de8ebcf02d31b30b2402165fdec24a88e268e940420267,5fcd9f470ea62a32afb76b578f60fc8b5e0f94b8fbfb649ead50567f0d733dea
040_coauthor_repeat_after_k_k11_t3_rep1,190,10,repeat_after_k,11,3,2,65,36,1959,1428620970,coauthor,40,1,coauthor:creative:b30d52ea5e7346b19568167cfd2e47c0,0,a9eff65c071f500919c7031adb99295f7e7f4717eb85a82c4d9606d0e032f814,a5017387851fc34a92a72aaac1256a0663d86a3ff747f99b2b4117ac3e837463
041_coauthor_repeat_after_k_k12_t3_rep1,191,11,repeat_after_k,12,3,2,65,39,2078,1757542323,coauthor,41,1,coauthor:creative:c3c445a6c1d34b329ec1ef4acfddd30d,0,6092524c30105f55f76d377c9bff21caf63e69f1af8641c3069984304ba42295,d7058b0144f98d7b57797e646284d3f1b6b5cced11f096d5f34f94f6d958a501
042_coauthor_repeat_after_k_k13_t3_rep1,192,12,repeat_after_k,13,3,2,65,42,2191,138572706,coauthor,42,1,coauthor:creative:f878effe792c4076a90bf4b69daf33e7,0,e53a7632362602079c9e8747ef2d98de853e8b06d2ea603dc9077192ab38e89a,bc1a145c60efc8d40f3ca9d14e621efba417e28b31235aaa0d99ea3a42d9c62e
043_coauthor_repeat_after_k_k14_t3_rep1,193,13,repeat_after_k,14,3,2,65,45,2298,1470878335,coauthor,43,1,coauthor:creative:c9c5b78df4384aac9a2e8ebd121cca65,0,9edc6721d567e4f9378d2de18cf175d73a539065615ce580a4ddfa156d1db2bb,8db71b0e062cd139a5625922dc55008f00647ee3899294ecc73196a3139d4cc6
044_coauthor_repeat_after_k_k15_t3_rep1,194,14,repeat_after_k,15,3,2,65,48,2399,827887583,coauthor,44,1,coauthor:creative:b65e8358d12a498fa442f3d1072c4bb2,0,776f166ea628759d22f8f98185b0be7f6531d8fd46e8e532f8d0826c9a963d2e,bcbd817fbe27c4f89ced442a829f6375268a7f959d26da0d62ba8c81683ff9c9
045_coauthor_any_token_at_least_k_k3_t1_rep1,195,0,any_token_at_least_k,3,1,2,65,5,370,1259986716,coauthor,45,1,coauthor:creative:1bf54732c8a34ff6bc71dcfe7357629a,0,901de4c4d09b8f32811714f92c0d960840c69abfce9e4cec0ac71b6986549f5b,248e2975cae7b708832125fe1c7272e1a5f157982bc911448529f23862920281
046_coauthor_any_token_at_least_k_k3_t2_rep1,196,1,any_token_at_least_k,3,2,2,65,9,555,971248878,coauthor,46,1,coauthor:creative:b48593a56908434488ca3c140744c642,0,3e2415ba4da644e32cf1767da1aa45d28aac182cfbe43623fd631fdaee8f9a08,a0c9f3031ff662efdbc783ae72b8e427ffa2d6090a25057967b44533c6131d83
047_coauthor_any_token_at_least_k_k3_t3_rep1,197,2,any_token_at_least_k,3,3,2,65,12,740,743599744,coauthor,47,1,coauthor:creative:ac6634d8cd064dcb84b08c0eed768c3c,0,c1ea8c6a691a6725d24a45888c9740305e2c9ce1131935542dd8822320ee3ba0,4941e326974a63cd0dfdb27eb0de3bcaeb06c18682adf78ce2d2b643fa239d4d
048_coauthor_any_token_at_least_k_k3_t4_rep1,198,3,any_token_at_least_k,3,4,2,65,15,925,1794507973,coauthor,48,1,coauthor:creative:4aadf906bfc84b4f980b65c44fe483e8,0,68266045394a772311468ff291b35165813eca8670139d11e11b082800141777,f23eff35bef91ed85e903a940a33fcea536cda184e0c5f123dc3b60c25d95ea5
049_coauthor_any_token_at_least_k_k3_t5_rep1,199,4,any_token_at_least_k,3,5,2,65,18,1110,484008016,coauthor,49,1,coauthor:creative:8c04c390a801420a9772009868a6c4f0,0,ec11ec8bb0a43544f98a1e0427913ad3f9f7d3cde5e0ad2c23892317c3727bfa,28b08231654a5e215cc653063d0805650675a1008b815ad8f24665acae3b57c0
050_coauthor_any_token_at_least_k_k3_t6_rep1,200,5,any_token_at_least_k,3,6,2,65,21,1295,1797147196,coauthor,50,1,coauthor:creative:cca8806768104c18b972db618f17a37f,0,a086680a250e3594cfc7c6d825a0d381049b83ab5963637551d0b5088de313f9,2554d91be0fd57b28079fc23bd22ea9fdc7da26a1e4af84e23d07990120c51f5
051_coauthor_any_token_at_least_k_k3_t7_rep1,201,6,any_token_at_least_k,3,7,2,65,24,1480,1772759359,coauthor,51,1,coauthor:creative:0c7bfadbd8db49b4b793e2a46e581759,0,8281c8a7225bece4ce631d9ceb187f73c906002d5538ddb1a780bc3580b6df78,e516adea5fa47961d8522218f03a631a2f17541b0cababf4b207053615d5df91
052_coauthor_any_token_at_least_k_k3_t8_rep1,202,7,any_token_at_least_k,3,8,2,65,27,1665,1168209622,coauthor,52,1,coauthor:creative:5db9af9d7eb8449482b05842af955c63,0,3ee6ad75a1b454fe19eef49837c72c1e2f7edfe534f61cf07a0a6bbaa04a09ad,268d2df46c9accbe67ba99a5db82a939c37c86d38236dc5c77fd3912921b2e24
053_coauthor_any_token_at_least_k_k3_t9_rep1,203,8,any_token_at_least_k,3,9,2,65,30,1850,1625975890,coauthor,53,1,coauthor:creative:931c030acd5e41b1bfac856da1aeb8e3,0,3a1b4f8fd400bfd6d88d94da693db244199f9ebc794ba3a75e3d6ae469385eff,73f3b20d8716920af0dfaedf8b6ecf180d474e0c112183ac811ccc6dc8243344
054_coauthor_any_token_at_least_k_k3_t10_rep1,204,9,any_token_at_least_k,3,10,2,65,33,2035,1445338103,coauthor,54,1,coauthor:creative:605b87492b46451d8a0ece93161368fc,0,df39c4a31bebc9625a4b2b9b64bbb3af734ea951bb532084ff69b2a3883eff90,6520b2a53a09ad59fd2c9db6edd09f4d9c3956c22ceec5278ab22b9059816583
055_coauthor_any_token_at_least_k_k3_t11_rep1,205,10,any_token_at_least_k,3,11,2,65,36,2220,503443445,coauthor,55,1,coauthor:creative:dc47866606824cc9bc59e54890c2ab22,0,5ea2da95f8ce76e2fbac196c985567b2348b1849c9760f367d34225802f4a385,c9ca6749e30b723f8be4c43dd6c7dcdbb4fa80240d07bf0d4eb65f1a4713e0c6
056_coauthor_any_token_at_least_k_k3_t12_rep1,206,11,any_token_at_least_k,3,12,2,65,39,2405,2051952043,coauthor,56,1,coauthor:creative:af58ab552c724ef2bff4dd8108581e1c,0,737813124ad557163cd1339abd8645440b2b7ba5b09e88e1cfeebcf32e59a92c,af3ab397d9d39901d90bfc30bd240b983bd5f26f54e1c0c15c91bab3e87ea823
057_coauthor_any_token_at_least_k_k3_t13_rep1,207,12,any_token_at_least_k,3,13,2,65,42,2590,408830517,coauthor,57,1,coauthor:creative:bbad29dc74f346269cc42a7563e4c865,0,0e8fb3392898112a7a03c3d2e562759c75bfc5e6c76b8a3076ca5ef43cc08bbd,7aee1e4df1cf61158b0b9f1730c57746042dabacac4100ac5482191ac35ef4e6
058_coauthor_any_token_at_least_k_k3_t14_rep1,208,13,any_token_at_least_k,3,14,2,65,45,2775,936863803,coauthor,58,1,coauthor:creative:6eddf840a84f4e48936eb1928eda184a,0,e1da64fdb822b477a2d842ed349ed28a0e8becb6ec42339bc7e7bc162a09d700,8fa6ff75428c4c2e62644a79fe18842d71f1cce896b9eb213c0a1817fb11287a
059_coauthor_any_token_at_least_k_k3_t15_rep1,209,14,any_token_at_least_k,3,15,2,65,48,2960,2134436321,coauthor,59,1,coauthor:creative:65db59a7705345ec88f5aafc812951ef,0,b96f01e1059a1653c633ca906cab64374bb4eb034ada9b9c6b2510f749e19f89,57551a5e58ba0d7f6b741ff8c91b16775e161d75871593698141c94136128a5c
060_coauthor_exactly_once_kna_t1_rep1,210,0,exactly_once,,1,2,65,3,254,1768087691,coauthor,60,1,coauthor:creative:c0bda7b135404137b66b5ade3bf1c8bc,0,5230c50c1707b5f2c2fc710894785ad64c3a2fecedab53afc757508d0a6fd169,515e2f1eea48eff155db943782acde2cf75b781ed0a6b16c0b7b68d755aae24e
061_coauthor_exactly_once_kna_t2_rep1,211,1,exactly_once,,2,2,65,6,381,1597078504,coauthor,61,1,coauthor:creative:13ff0c5ffe4341a8bcec84ef343a9359,0,1015e874acd0d58e8f2711af7254e0b26d0a220584a9308d3e22a46dd040152c,36703bbd4f0177f561b344ba38cb62e785fc86faa28daef184c50827d5d6e2c9
062_coauthor_exactly_once_kna_t3_rep1,212,2,exactly_once,,3,2,65,8,508,563388754,coauthor,62,1,coauthor:creative:8619af4decba4fd0b44bd0194df73038,0,277a4748d703c20bb008e437969c5d92d0746730206e13e0b649934c9a11492a,25282d96b5883c873a99503b74e5e57594f922dc9d08432ade6292efad8dc55c
063_coauthor_exactly_once_kna_t4_rep1,213,3,exactly_once,,4,2,65,10,635,1744034106,coauthor,63,1,coauthor:creative:272a45b11c944afcbf51b390caa3a6b0,0,bd1465435fa1b6d9b3657334ac17a285627212eec235a054144a7bcdbf494469,8a1c2820a06f7485411dff9141a05863dfabc3527815576033a7b8cd31b943de
064_coauthor_exactly_once_kna_t5_rep1,214,4,exactly_once,,5,2,65,12,762,2004608851,coauthor,64,1,coauthor:creative:9dc52675bffe43dd8a9359dab52e711b,0,5430c3f6345b04f51036d9c2d2a102b89752193b08ea8fe6e1a2aa1dcb7c4383,65fe0c92f16629a5c7cd1274183ed43152f413f487e2af8b885bea679ffe0c89
065_coauthor_exactly_once_kna_t6_rep1,215,5,exactly_once,,6,2,65,14,889,452716857,coauthor,65,1,coauthor:creative:ecdf98683b6641e3b99127df3ee66854,0,77f98db5eda20cab7d0f1e5cb5ec00052f1d361759a7f42fec06d19585f190e5,2ac699d46f1a29985f1fa44b97b6b95d4b98a45f38fb4c6e4e8e284452a1ebc7
066_coauthor_exactly_once_kna_t7_rep1,216,6,exactly_once,,7,2,65,16,1016,93540328,coauthor,66,1,coauthor:creative:cf3c59ec3ff64c539da0ee9633dc44cf,0,797ee7aee7d55b837f5646c24e0361b09931b2c2381fe0555800ab17c9e60738,2710e65a04487a2be68c12090fe867f4652303571eb31bf1e53a80614c4e6567
067_coauthor_exactly_once_kna_t8_rep1,217,7,exactly_once,,8,2,65,18,1143,1091413720,coauthor,67,1,coauthor:creative:8499365ffee244d39a7d7faf479fea13,0,6bb9acea48e5f941eef10239270fa8dbd8816c86c8ceb2803b45801add4da96b,0d86eaa6a9a98b625adcee1bc9add28baf45f5ad39a7dbc9da818e71a136f4c0
068_coauthor_exactly_once_kna_t9_rep1,218,8,exactly_once,,9,2,65,20,1270,1703782505,coauthor,68,1,coauthor:creative:8f7e2949da2c45e597b39ee6e3f85d84,0,99d3054fd0df29e424dd3850f9c4943be4d2ade845368c58f3bbe9e502ad50cb,54290d423964e2ffdda30f35af7b1e657cfccc8e87813411eb280f784afda517
069_coauthor_exactly_once_kna_t10_rep1,219,9,exactly_once,,10,2,65,22,1397,335723317,coauthor,69,1,coauthor:creative:5d3c9dbeb3e04c82ac88501a6668d530,0,926cdd815ced77504eef34821fe5325e07e05db91ff6d6b61264400607438a15,4bfdc5d5af7fa535b3866fe50b8421cc2de6128514ae98bc9e4e1e8decf3cb56
070_coauthor_exactly_once_kna_t11_rep1,220,10,exactly_once,,11,2,65,24,1524,1763787249,coauthor,70,1,coauthor:creative:2a907d5c4723445c9c9653cb1ba65876,0,62b3d184988b570cb7dc525b876784612a05a944eb13b0e3864e9d23ad5f5e5d,4979aa62384924b87fd77e50f0bc15955a580a42effb55c353bd09e23b7bddd4
071_coauthor_exactly_once_kna_t12_rep1,221,11,exactly_once,,12,2,65,26,1651,1910717667,coauthor,71,1,coauthor:creative:56af97b16b6d444c8f8d55c740550837,0,6cc043d5322293391e60cddef90779a9f400ec3bc3979445fe3bc6c575482248,d507b3761662a4a88896d312321dcd34f2a4413a6eac7929af6667e9e1850de9
072_coauthor_exactly_once_kna_t13_rep1,222,12,exactly_once,,13,2,65,28,1778,89215009,coauthor,72,1,coauthor:creative:e4bf8d4c04c743b39fb94f724339f642,0,66bb7d6d7e4508a20ac70f8c412899566e11b817e5b9583add12bc39ffca0cd0,68f8a3ad3eb56d3c90d225f71023127f342f4ed61049442072d0f837a3fc22bd
073_coauthor_exactly_once_kna_t14_rep1,223,13,exactly_once,,14,2,65,30,1905,1100254534,coauthor,73,1,coauthor:creative:d55f92da75db4afbbf0cb0bff4cae8c0,0,d5432c7b62bbc9098042b81935a36a7a0690a4a9c8e5471bf70f8b23b055bda2,6c368c508935d68d34bc32044c2dc3f48eb8f1af0162be6f386fb82939c78185
074_coauthor_exactly_once_kna_t15_rep1,224,14,exactly_once,,15,2,65,32,2032,1083809106,coauthor,74,1,coauthor:creative:7481e5512d9f40959eebccd763d6ff87,0,bf597dc803b9bbf8d37f704484a8cc4146d771946fa1eda7c574fbd9ddc4963c,086ca525de8585bac8341f0340b942abe92127141c4d380a10e030068aed1396
075_coauthor_exactly_once_kna_t16_rep1,225,15,exactly_once,,16,2,65,34,2159,1064513949,coauthor,75,1,coauthor:creative:e3d026e8ecb1421ca9ef198526fd4633,0,f1d655122c12c4e3120beb73a0a7a5e052b9a328e11bbdd99e8fb3c036d74e32,6b1f3f1a6f3adbebc68c4923f8ad47c1cd84bed5931da9a0695df8f0444466cd
076_coauthor_exactly_once_kna_t17_rep1,226,16,exactly_once,,17,2,65,36,2286,1374481535,coauthor,76,1,coauthor:creative:e139a4f9ea0c4ea3b7b3481eea070f29,0,4f0b7f58d106deeb302269561b72ded25a2000c9eb57083f20fe46c228d24049,7f20f0caaf7bb01131c606393c7f6b8aaa7daf6390bea08f28516f29eba6cbda
077_coauthor_exactly_once_kna_t18_rep1,227,17,exactly_once,,18,2,65,38,2413,643259441,coauthor,77,1,coauthor:creative:eb15a76230f74cf781b0ace876dec6de,0,3f8f3e3768371b772f6e7c1c681ea257d76977467e671e9653a2bb488dd88ed2,67a94764260f893a976038615e37c4eececa3e9403e10681481fad220397a6e4
078_coauthor_exactly_once_kna_t19_rep1,228,18,exactly_once,,19,2,65,40,2540,560568609,coauthor,78,1,coauthor:creative:82eec1c4618e494c88253f4e5167fc26,0,0de7681bef729186ff313b8920b0ea508325372c2d98f7662fa4fa8f6d3a15ff,0625bc4a16c5eef020b97e44731a2f0c150f76c6822beb1bf62745b22a95ae3f
079_coauthor_odd_count_kna_t14_rep1,229,13,odd_count,,14,2,65,30,1905,579724040,coauthor,79,1,coauthor:creative:23553b4984aa4e4a91326ebd9393f01c,0,3982030c04b8977c8b5d0aa965f1b68cc5da59788711c682ff1b187af591d761,609e26703b2adc7c265e8e814b9652d69ee0b5139ad62b9cf48e127a2bfc6ccc
080_coauthor_left_not_right_kna_t1_rep1,230,0,left_not_right,,1,2,65,5,313,1278300963,coauthor,80,1,coauthor:creative:85bb144c94404f85ad2931edf1bcb8ae,0,f2d0552dff583e9266297859228884993970ae9df955bb1593cb4bb7b9ea2331,b5cdc212686974342a25a05af47ed0788c640a10ba720254ef9e42de7d2bcb3c
081_coauthor_left_not_right_kna_t2_rep1,231,1,left_not_right,,2,2,65,9,501,1545974725,coauthor,81,1,coauthor:creative:f64a674b006c4fa6adaf1bba48049f6c,0,03099a0af499febb86a41e18fde6e239b228cf5403aac34329897083d1c9d309,6a618f13b8b172659b7f0fef10dfad6cd9ca67fb8e4ca3f9e2751775654ab50a
082_coauthor_left_not_right_kna_t3_rep1,232,2,left_not_right,,3,2,65,12,689,813384807,coauthor,82,1,coauthor:creative:6938b4a468aa482ba459d2fbe140cb30,0,10e9c8363639c67ec90343acf5148ce017086aec8b59748821d11fb8cebc78dc,97113d67764743ae4e072c62c8969dd2048b6f450179e0d0a755b6fd9ab55466
083_coauthor_left_not_right_kna_t4_rep1,233,3,left_not_right,,4,2,65,15,877,714953310,coauthor,83,1,coauthor:creative:543ec3b66b0c47269e9737a650da21b5,0,525f5edbc3dbb5ff7ff1d5d00127d817caf7b754406b5b31ba966c9bf58c1e7a,2d8d65d0fc059181b7617e9c1ff3ec8d7bf5047967fc64630710f6786763638b
084_coauthor_left_not_right_kna_t5_rep1,234,4,left_not_right,,5,2,65,18,1065,590089531,coauthor,84,1,coauthor:creative:0886ac6a67c34849a08ccb15134f3407,0,d568e9e4c7a89e6e05de2c7f469612680a18ff25e223f6821f1a26de2e9d3b12,aa361a4cb585c543520e344067aa2f855be7dd5a43bbfe40a2626029d08dfef8
085_coauthor_left_not_right_kna_t6_rep1,235,5,left_not_right,,6,2,65,21,1253,1810415085,coauthor,85,1,coauthor:creative:1e71cd3d266046fdaeeef386a80a0781,0,34f97a980867aeafe8863ffd62026ac014c27337bcc34ed2805b5a40ca1f0028,062487ec34c5827c7e82273e663af2187a23b559bf9c9e9a2413816affbba8c2
086_coauthor_left_not_right_kna_t7_rep1,236,6,left_not_right,,7,2,65,24,1441,2038199862,coauthor,86,1,coauthor:creative:01650a401e614c38a04a904165a5784f,0,ad408cc43818454bbabfe8b0def65798f61a7996b5ae1796b1ddf7581ff3aff0,ab97bfc7267ec09c1e3354c5e4137d60d204ce78154ae0c6221375cda9f314bb
087_coauthor_left_not_right_kna_t8_rep1,237,7,left_not_right,,8,2,65,27,1629,400805508,coauthor,87,1,coauthor:creative:a373cb5e0c8f46e5bcbdcbd8ddac8227,0,bde1c26a76af726e991f3e6b4c3b0993c956fb393ebbde99cb08afc096b22917,616cea8d10b1b1ef0ae0fdfc4215007090f28d4966c6cf53706ff652168c80ec
088_coauthor_left_not_right_kna_t9_rep1,238,8,left_not_right,,9,2,65,30,1817,1735353644,coauthor,88,1,coauthor:creative:b3a1b8cfb7d94eb3a615600d440a0bc1,0,bed17f7a8d351cab85b6ed9fc1d8d7aa9f7833063efe79d646cb9729cb842a66,17f4269ac4d497321f32a06cf838ab62cdb34394d5469620b35a1f8ec5f09f4b
089_coauthor_left_not_right_kna_t10_rep1,239,9,left_not_right,,10,2,65,33,2005,1864851287,coauthor,89,1,coauthor:creative:d99c239ccb2841f6bfe743f865126332,0,4f2a0d35b6eb267086aa0ff793611bfe673d84c03b4c5662837e0c3fbdedcd70,a6ca5bf2cb99cada8a24e0c84b6243835a80b034b3fc0fd1988daa930eede293
090_coauthor_left_not_right_kna_t11_rep1,240,10,left_not_right,,11,2,65,36,2193,1927732778,coauthor,90,1,coauthor:creative:d1aad60e3f7f4dd68721bfd157247a99,0,71ec8e8e84f798b2acfe808c70d3b3559040bdf5bd5a434b37fbcc795a506f34,d63a03be17799e5807230f40e83d675a6d563fda6dd839442ae90211fbcb6fd5
091_coauthor_left_not_right_kna_t12_rep1,241,11,left_not_right,,12,2,65,39,2381,314198940,coauthor,91,1,coauthor:creative:dc2078ed9a2d4ebd84853c014639bd1f,0,cdf91c8768c6b97f5e3e47eb5aa34ac7f784dfd6bea466f60ee750614b81b614,15bd0e5ec1b33f489c28509360ad27b4ae81fe460342cfd458afd4705b97034e
092_coauthor_left_not_right_kna_t13_rep1,242,12,left_not_right,,13,2,65,42,2569,561905364,coauthor,92,1,coauthor:creative:767134bda38047aab8a6fa3221b6880e,0,f0f0ac6849aadc60bc37339d336ff132e6926b18123c654fc147ba1a09db1295,cf82e9240bb8968c9508b666dc4eccb815880122f89917ad337fd8d864dab7b3
093_coauthor_left_not_right_kna_t14_rep1,243,13,left_not_right,,14,2,65,45,2757,2014808911,coauthor,93,1,coauthor:creative:374e55af5f8642bdb6134332a8c6bc20,0,894f62efef8802e86f684c5ce2ee6a7fde3fc615898f13a99f6282c3eef8c9e3,271005ae69821d6f1c686f302af43b41c45f86d34d967ca0feabc6b5c241b6fa
094_coauthor_left_not_right_kna_t15_rep1,244,14,left_not_right,,15,2,65,48,2945,553398889,coauthor,94,1,coauthor:creative:6e886e695d98418e9eaca62a07bcef02,0,192819da2308dec42f217e02803df0e18bcfe193d72c5ed05e1bb1a89085ae9c,692c0d56d8bc5fef1aa586c68257cfed6c2006a4020073d26cedc62e8ffabb60
095_coauthor_left_not_right_kna_t16_rep1,245,15,left_not_right,,16,2,65,51,3133,117592634,coauthor,95,1,coauthor:creative:dad69fc8dcfb4971abbe3d4013bfc6ce,0,5acea2debb4bf6b7e622c7b0a49d4d02002105f2814484e5d4fef5a7ae98bad6,e58e92a280c57ffa13f3397f908a1bfabbcce9fdfd2117bec61d7c1adc5dd3c8
096_coauthor_sets_differ_kna_t1_rep1,246,0,sets_differ,,1,2,65,7,439,1122122241,coauthor,96,1,coauthor:creative:5ff4b3f9999047f6858c878df9638bc3,0,2c64ad0b2bd9ec325ec655b86417b9ab39d6f2f7ffce5ed4fd87013558d04ff8,bcc94a5dd9c5960453c83c5343d31c3c41eab9a22e8a8789fa5aeb6b0efa754e
097_coauthor_sets_differ_kna_t2_rep1,247,1,sets_differ,,2,2,65,12,690,2048344142,coauthor,97,1,coauthor:creative:1da7eb35b68842dc9b5017abaf1359d4,0,22b80e67b139df65a14c55feb02776ad690db63539b40e13643f5dd50e793c21,4081196967b3fb50f532ce0bc84697f01bc79ddc4700f026c68af7540459e462
098_coauthor_sets_differ_kna_t3_rep1,248,2,sets_differ,,3,2,65,16,941,723810668,coauthor,98,1,coauthor:creative:a09cbbf5323a4bd2aa5a2ae775258c38,0,739fd4994f329bc02942a8573402fb123eb20564d2052461eee1f29d8ef061b0,b88758244c2e5fbe68f38df6b7dfb61ae9def28cec1636b01a38b0658524175d
099_coauthor_sets_differ_kna_t4_rep1,249,3,sets_differ,,4,2,65,20,1192,995926839,coauthor,99,1,coauthor:creative:e81d6b763cc44618a315a087b3ff155c,0,6333ed5b7c86f41045fa10d9e4c3328745509a779157e356d6a266ac41767edb,ca49f1da46b36079ba2c17bd86487caa9d6a690f4848bdaff0ba3c7a8f5b57cc
100_coauthor_sets_differ_kna_t5_rep1,250,4,sets_differ,,5,2,65,24,1443,233422806,coauthor,100,1,coauthor:creative:749e032914384e4da8f2392a19066b89,0,95ece3e14d697463d968362a8911279702e31800ff849146c7ad75f9f72da6dc,584f1a2a3312debda8805a9b29dc5e22f55aa9fdd7e1be093538e95bdffb8f6f
101_coauthor_sets_differ_kna_t6_rep1,251,5,sets_differ,,6,2,65,28,1694,31228033,coauthor,101,1,coauthor:creative:9a29f841869a4fd98cf358da50f4a340,0,8b137da4f2b5896a122eda4e5b539b8ee9cfef7bc18f9f66d897140357dde3ab,ccd3942104d16b0bfd38cda81cf724a743906267f5c6018dd0e6f356fea2b36c
102_coauthor_sets_differ_kna_t7_rep1,252,6,sets_differ,,7,2,65,32,1945,457634185,coauthor,102,1,coauthor:creative:947065accb8b402c98fb2aa62a497842,0,01c5365e0876be910a58ea618270217cc42e0f643fdd3c5183b30daf972efbba,8d00118735fe230115a5adf4de953c9231a70015d9e74133e717ac7cd31e56de
103_coauthor_sets_differ_kna_t8_rep1,253,7,sets_differ,,8,2,65,36,2196,388848176,coauthor,103,1,coauthor:creative:1e6ecfa3fa7c4fd7ad7c10470546f654,0,d0bdceca434d337cadd13dd332f18cfc315f8c4e012ce8e7a17315cba3095c35,d468cab4d8df0297f282ee77a104adea273705abb59bf73f13ec15b63db04893
104_coauthor_sets_differ_kna_t9_rep1,254,8,sets_differ,,9,2,65,40,2447,73890030,coauthor,104,1,coauthor:creative:4d44dbfbf4b34c8a9e28065b836b5893,0,24867197761e46590504c38fe6553ae01c93499f8b06be1d6c2008b3b17deeec,2e536a49966303cbdceb7a7132b92c3eef1913c105784fc674a7ccfc5f810023
105_coauthor_sets_differ_kna_t10_rep1,255,9,sets_differ,,10,2,65,44,2698,910446593,coauthor,105,1,coauthor:creative:76c3366d06584c42b5c0d1af41b63ccb,0,338ad95dab6929fcd3a0c97c14f38c59889243780d181e39261fa91aa807b33c,4aeced6d4e3654b5d7227496d1bb853396db04295a7683d5cfa54ee1148a35c1
106_coauthor_both_sides_kna_t1_rep1,256,0,both_sides,,1,2,65,6,370,1595653920,coauthor,106,1,coauthor:creative:6861c7f0f19645ffb563275d11fad363,0,040314bde1678727821db05acd4a428d1d61315289d38ee7e171de1a3e7db786,5343b2ef8317acd3183b24f9b480900da6833965500ed81d8c218641720fdf15
107_coauthor_both_sides_kna_t2_rep1,257,1,both_sides,,2,2,65,10,555,986557597,coauthor,107,1,coauthor:creative:bb89b8b76a9847f9ba0d7e67fc4fc23e,0,d80903d9ab013ebbd908d3eedbd2a5ebacb9abd639cf540f37ceac16e05111e4,b2992f99d0389ec1051aedc64e6f4bd59d63b7d923507b90f8582f002c978cdf
108_coauthor_both_sides_kna_t3_rep1,258,2,both_sides,,3,2,65,13,740,339318600,coauthor,108,1,coauthor:creative:31794aa2de5e40baba2dfa6f59e03d15,0,5f56ec48f5df50b21cb05f5bcd40c2663b78c3ade32bf24b50e37ce9c84fa1c9,91d7bb5e347c2a25f15d5c1d437d3a5058f04c96bbf5504d453e372ca59f33a5
109_coauthor_both_sides_kna_t4_rep1,259,3,both_sides,,4,2,65,16,925,466499894,coauthor,109,1,coauthor:creative:815f2133a4634d7b88b1697b1f8a5d1e,0,476ee69931d3f3ddb2ab4f0ad6e43d4c459005c6ca65b76199d9ee39f5e90311,27996f892c431f1d8781fcc339da2b70f4dc4c6329583af426fc41c8a81c3fe0
110_coauthor_both_sides_kna_t5_rep1,260,4,both_sides,,5,2,65,19,1110,1470512668,coauthor,110,1,coauthor:creative:1763bf2d3371474ab481253b7731c586,0,12fccc3d9ac3076a22efbdf32a75eacfe468e5afd107ae1a65cc0bbe57924d03,1665357ab2bdaae9fb2fc963a663c3ee7c8d45701e6fb1fed5690ac8618191a8
111_coauthor_both_sides_kna_t6_rep1,261,5,both_sides,,6,2,65,22,1295,982034088,coauthor,111,1,coauthor:creative:b821e4ee78184af086b8e229b0387500,0,71b52dde2837c3374eae98bbb163e8de4dead80e5f3dd97080ebe9cdfa9e389a,1677d8f7d39fd8385262a9e222ea943e6ed302bd3824b0f5f24a43b00619cee1
112_coauthor_both_sides_kna_t7_rep1,262,6,both_sides,,7,2,65,25,1480,1376881769,coauthor,112,1,coauthor:creative:099ea17dc4c24eba8603270c97edd468,0,4d5f7800c516a4bfe1bcc9b21f41d74769e9058d382f5b0af18b6e0f790bad22,36d64663197154a2f2f0a00263ae53dc21d47580cb97144475036eb2025b0ad5
113_coauthor_both_sides_kna_t8_rep1,263,7,both_sides,,8,2,65,28,1665,1884951767,coauthor,113,1,coauthor:creative:a345a395300d44a5862012539e015002,0,30582423f78eda429be5834778580f5f5dbaed01c812e08e711f7110b79fd4c8,38101b827e9864a229a919480315199f753742a0295492d2fc5fe8e3f3b797f4
114_coauthor_both_sides_kna_t9_rep1,264,8,both_sides,,9,2,65,31,1850,1205589085,coauthor,114,1,coauthor:creative:8911f32aab914a1f903bb76300b13949,0,05cde4d9cdbc01e6acbebc7f23d086809c14444cc8a66d238ac1485f5e8c234a,e90b9743832f82b4842bf4b5f0b50eeec13c2224eb68a93fc0fd54d5630e2c60
115_coauthor_both_sides_kna_t10_rep1,265,9,both_sides,,10,2,65,34,2035,757094947,coauthor,115,1,coauthor:creative:b22279ff63804fa6bec5c108879812dd,0,2556d970c0323be47de5912b24b860f8d2e13f8726560a2f264b77acbadb1d2d,dfabf78ca7b680046bf7a12916f76a2f01a642d2d686832c2176d2369871babf
116_coauthor_both_sides_kna_t11_rep1,266,10,both_sides,,11,2,65,37,2220,2009887760,coauthor,116,1,coauthor:creative:b73b741aa53f4dd1af35e1540ebf4af1,0,7d32586259e1e988dad0b63839fe312047d156c276837b13fe3d8dd541872dc2,06b47fd6ada48f3273811a3827e75cdbaa58c260f2526efbccebf6092fa18446
117_coauthor_both_sides_kna_t12_rep1,267,11,both_sides,,12,2,65,40,2405,738188187,coauthor,117,1,coauthor:creative:a5dee567f6554c59bb8fafd85f547c22,0,11a91e922b41f0e3b8d17a23b56fd035ecdbb230b0c232c0a7241ac34d7e1ae3,40510b78a8030f5f9cde208a8b7f94b65f3111d055ae7c0eb09db81aea9b81f7
118_coauthor_both_sides_kna_t13_rep1,268,12,both_sides,,13,2,65,43,2590,1136202749,coauthor,118,1,coauthor:creative:2d9358657a364ccab47e9a7538cb6650,0,2cde687b7e127f54004b896b4a2004ec0f35a3c275af4a02596af25b72374e24,75fe8d21bbe8da061ecd1f41f4c92a438cc32d970615f056bb67801a9e6e5a47
119_coauthor_both_sides_kna_t14_rep1,269,13,both_sides,,14,2,65,46,2775,353320562,coauthor,119,1,coauthor:creative:a87286598bc54313b39f6ce6013541bf,0,a684c83bcd74bb3da811ad978c38906e737df3051dcbf51ed742a4d404e71742,d30a21464b179478465c5a3c5f7accbb68eebecd57dd2fd5ec9fc8c1bb339fa4
120_coauthor_both_sides_kna_t15_rep1,270,14,both_sides,,15,2,65,49,2960,722759577,coauthor,120,1,coauthor:creative:f3ecf0ce872940238b0bd429a3e36322,0,0bd708e80c675e3a66c30eb96553abf6e44e5703dc77daab8e010f5accd0c56d,06df1fae268e53b0c4bc673ece5e39ee8263965e0b6b24e9b67a6fcf39cc939a
121_coauthor_even_count_kna_t1_rep1,271,0,even_count,,1,2,65,4,313,1091262367,coauthor,121,1,coauthor:creative:8bafd5acfb7343308b5195092c4c4de5,0,94e9a0609b923f61aa1d34055629adf25b95f0bd45838af3afd19386e0f31a07,04ac15e3f4067e361882bade2a604ca7f274579fa99eee7bf637a1c75f6ee217
122_coauthor_even_count_kna_t2_rep1,272,1,even_count,,2,2,65,8,501,543823507,coauthor,122,1,coauthor:creative:f1c5ca52c9754a37b10dce55cf5113e2,0,c753853f56e253ad13260630a1c8b0a6aa64d1beb9f2152c3ce85599eb18464b,ca77aa68e7149718f3b8818b0e72f46d38548f61d77901083b92984e6a5b4790
123_coauthor_even_count_kna_t3_rep1,273,2,even_count,,3,2,65,11,689,776617888,coauthor,123,1,coauthor:creative:173cae0bcc714ba29bfeab4004d7fa85,0,2028c3bd5193180787c58bcb047c95a712f3dc548c50fb946d9ee41e5fab51cd,566979a849006e7781ad610c280ef9a1314d2f714eb1d28e80ce859c0b111cfc
124_coauthor_even_count_kna_t4_rep1,274,3,even_count,,4,2,65,14,877,413999019,coauthor,124,1,coauthor:creative:ee760edb666e4f46aedee408975a9c9d,0,c4c59b3acb8e4cf6e554f43bb887f9399b6f2c58ec4863df1a31d45a9f1d60a8,1acb6b60d7c82518b4d761cfc49edecefcab62d70303061d7160f6e66a687197
125_coauthor_even_count_kna_t5_rep1,275,4,even_count,,5,2,65,17,1065,1322706250,coauthor,125,1,coauthor:creative:8d9a97731918431e8dd6560adb8cd0fa,0,47d1e9c51c46c6296a3998ecce08342d4db845dad357462dd0196acc67b11b9d,666cb149a0fcbd7a22d166d2125ddb51df9d3911b8941ae932c7218f03dcefcc
126_coauthor_even_count_kna_t6_rep1,276,5,even_count,,6,2,65,20,1253,1471983807,coauthor,126,1,coauthor:creative:f8fd4fb1d3ae456a8a5dddefc9389aa3,0,f68930e4b97ec69ef22060205fa65176c62ca576e3027ecd414cb9498c0aa0f6,813972f504249f260e2483361e1c62d6f9aaf743fdffab040a4eb5e30eefa86b
127_coauthor_even_count_kna_t7_rep1,277,6,even_count,,7,2,65,23,1441,718301472,coauthor,127,1,coauthor:creative:93468eec16324f109abec7010cd13ebd,0,51b35df7b3f899fd7dde67bbba8dda2f0b7ee6ba2b78d7a9035e2469ff26afac,bfdd750377d6e535b873d1ddc0d3051ffee105abd5b4fcc092b98afca8ab59f7
128_coauthor_even_count_kna_t8_rep1,278,7,even_count,,8,2,65,26,1629,322401037,coauthor,128,1,coauthor:creative:ed151ac677724c7fbd32f85db77710a2,0,1a7c52ca66705e05d37b53e13561454c259c0839beaeaa1cc7a67592155def14,a18d47627bb11961da71b8fe1e096c8d87c4da4facba29b631c445e442272029
129_coauthor_even_count_kna_t9_rep1,279,8,even_count,,9,2,65,29,1817,234688724,coauthor,129,1,coauthor:creative:8610d3166aea4491b673112459745fc1,0,256dff7b41e696347854fb46ca47213ebf10115c553632d5462f24b31328fe92,52d0b36efdd5e70f71623db0752cad4bf59ac156dd6be316cfc10859ab759949
130_coauthor_even_count_kna_t10_rep1,280,9,even_count,,10,2,65,32,2005,431607851,coauthor,130,1,coauthor:creative:047a25c3382c42999ceb1c78f6ebd524,0,c2d0e8b764e69e09aa01919c203c21c2014d1faccb63cb5802db7bc8ead53111,a01a0d2ef431f5cad71a13609cb4822a7f608065b66fe6300a91f3a273753b78
131_coauthor_even_count_kna_t11_rep1,281,10,even_count,,11,2,65,35,2193,1298677665,coauthor,131,1,coauthor:creative:72b49bf3c2434ea498475566e09690fb,0,5271b990188dcdfbdff199a7da761665dced69689f09f29095e900d82fd3a71e,53e36a02a38827a00008dbec45b603984074530296535e1572335c1e00eb7c63
132_coauthor_even_count_kna_t12_rep1,282,11,even_count,,12,2,65,38,2381,785394720,coauthor,132,1,coauthor:creative:8a66ba50d4e241f2aebb17e5af82c68a,0,b0f03aef3a6c426dc2ca3cbc1c5c42697d50e2872e4f5bb5b518a094140603fb,f6cb020c329bc7bcbbce091988ecb127428012d5db1db06d0d369b214eaf1e0e
133_coauthor_even_count_kna_t13_rep1,283,12,even_count,,13,2,65,41,2569,802208098,coauthor,133,1,coauthor:creative:4b1397f42c2b436c994db077de5d54c4,0,3e55b7375b75b658f300a471a0d30e03ddc7ad423067ddfec68117af0ead028c,8b1a1c75da3c2351dfdf41e258adb19fb47b6ff2accfc7746166a62f0ca01983
134_coauthor_even_count_kna_t14_rep1,284,13,even_count,,14,2,65,44,2757,246109509,coauthor,134,1,coauthor:creative:a935819289a042269dc6f7e419b0608e,0,fa483db606446e8a0698dd603cd30200ec07b9c512f2988e90fa0cb6d10811c1,b4ce0f901af370856c5784a4f7a2d89722fbb37efbd0517d23c00507c290aa81
135_coauthor_even_count_kna_t15_rep1,285,14,even_count,,15,2,65,47,2945,852370662,coauthor,135,1,coauthor:creative:5d9be2dad6584ff4b2ab1c6f701f64cb,0,aa1734d7cee5f9e1a7e552c3e65435c07fcd5d6d80ebadba955e3a36f9d5f271,d3de60f1833230842c70a5d8bc59928a2eef4ba0b4ae6ccd2aa854410fc24421
136_coauthor_even_count_kna_t16_rep1,286,15,even_count,,16,2,65,50,3133,1436738001,coauthor,136,1,coauthor:creative:83abfb13942f491b9de32bfcc1c3dc47,0,0c5930fe95cdce1c62e7748c926e8338752a23fd3cc50f2913cf3b3cf7cb2ae3,bccc22a10e84e48beaa20cc6fc794b41bbfe8e68e9d3d8cdfca09fe95c047e8b
137_coauthor_odd_count_kna_t1_rep1,287,0,odd_count,,1,2,65,3,254,962466428,coauthor,137,1,coauthor:creative:e3152d380e13471a91d31ab07f01255c,0,5a418a6dd10a84d51eed099d81d7d7cd3d3585bacbb32369f9167ca6d21136dd,bcf50a724adfb57206d592315a39f7fe980c2e8b9129f2f5e97f1e842142e4be
138_coauthor_odd_count_kna_t2_rep1,288,1,odd_count,,2,2,65,6,381,1395920934,coauthor,138,1,coauthor:creative:29001da80acb414d8683c660e2e091f2,0,889961b7d23a13a82b4abb7ce77c35c05b543993144faca8892afa707331d369,93d1e085dece6c2b8602032a8f96aeacb3fe66d70039eb7ad04165e5c69c6f7d
139_coauthor_odd_count_kna_t3_rep1,289,2,odd_count,,3,2,65,8,508,427978413,coauthor,139,1,coauthor:creative:48058b31f2ea4797bc9dcc40ab9ee2f1,0,b7cd8e1f48d62056c2b6b715776f26274d1fef61abff9c6f7e62670e97ba2ce0,532398b66c246e894037acffcb130ea871bb5e1b309110ca220e2e18798228c6
140_coauthor_odd_count_kna_t4_rep1,290,3,odd_count,,4,2,65,10,635,57070794,coauthor,140,1,coauthor:creative:ac0d02d15e164314841ae2ce49d2b2c9,0,7085c850ffcd0872fb578d0070a8b781c40b7556750b587220713e980da55d1e,8e610ae405349faa6dbd4982263a6e59ddcceab9eb5c905c2ba78800571e770b
141_coauthor_odd_count_kna_t5_rep1,291,4,odd_count,,5,2,65,12,762,1546616717,coauthor,141,1,coauthor:creative:b0713959bffc46e893715684d793a109,0,869d2f1a69c3400393eea84060e0e8697d10483ee7aa299596fceb3108ddc6ab,cc3e267dc23de4ab5bf0d31497a0d7f7eb47202beca4fcd1c05708ec766cf083
142_coauthor_odd_count_kna_t6_rep1,292,5,odd_count,,6,2,65,14,889,103504639,coauthor,142,1,coauthor:creative:d2c71212ed1446a79b5d404def4239a9,0,d09a89fcdd342e0cce9543f8835b1beb63bd5481f3581754afe63031e59bbeb7,dfee3afba94b9844a17e4114192a2c609a3d4a7b506213a7613c8b6f3608971d
143_coauthor_odd_count_kna_t7_rep1,293,6,odd_count,,7,2,65,16,1016,2137117886,coauthor,143,1,coauthor:creative:5c524b4889834145ad435d84415f457c,0,7b96de94f9361de3716a0dc642c6f76562056073c588be65ba1409e6728aca5e,b4783ab0789751ff182379875970f13cb3d1329b31fb6a159b26f396b1491090
144_coauthor_odd_count_kna_t8_rep1,294,7,odd_count,,8,2,65,18,1143,2121816246,coauthor,144,1,coauthor:creative:87396211fee244ccbda4b0f4bcefc8e9,0,873dd6cc44f958d8a9a7112e5920c5c4a194c633207592a82022bb1c7f87dcb7,e41d9fbb155f2999478424e262fd873adc1dc91bcdc4d0f589b1ec5f33abbd92
145_coauthor_odd_count_kna_t9_rep1,295,8,odd_count,,9,2,65,20,1270,763913707,coauthor,145,1,coauthor:creative:88daaed513824fbd9c77746eec7862d9,0,c421f489abadf2b0c5d417b73027d4d3a8492bd1cf7db829968616853e9715ba,94b827756d3b09a92a4a583729e93ed53a87a859b4a8680941ea21254bf22df2
146_coauthor_odd_count_kna_t10_rep1,296,9,odd_count,,10,2,65,22,1397,1969588650,coauthor,146,1,coauthor:creative:b110df89e00549d39910dc176a617be7,0,905dab9829575199541f82483181c60fb162c32d2a21349c02a66293cef7d28d,35596ea2f52d94bd386bd8e50e1e804226ef0b3564c825c836a53a32f3bb2905
147_coauthor_odd_count_kna_t11_rep1,297,10,odd_count,,11,2,65,24,1524,868847341,coauthor,147,1,coauthor:creative:b153dcf4dae74acb8ebc70ff937ecccf,0,5ed6547d980e9a278caf2692a48bb1d5323bcbd8fe074cdf1827bb079b0243b4,62f703e9c41adac43420195c780059ef4c5cc28b03df51e23740c8320d28ca13
148_coauthor_odd_count_kna_t12_rep1,298,11,odd_count,,12,2,65,26,1651,1654665861,coauthor,148,1,coauthor:creative:5370cd5a21e94475b4768b176e1014b2,0,076f07e26e6cd519b90f2a12a6a2f76ab96c38a9f89c45a04b44d9efd864dfde,6ebb434f9aa3838bc6a72f165ee363ae5200d4977f65e7e1ed725b6b542effcd
149_coauthor_odd_count_kna_t13_rep1,299,12,odd_count,,13,2,65,28,1778,1171247615,coauthor,149,1,coauthor:creative:773aa615d24d4471911f2e43e9081f71,0,88a554c193a72a39acef8012bd45dbb8036e8a8dd2f931edc7dadfca5bb20e09,7297395bedc1ce66019339300b04f12bfd4059cfa9c8cef47394eae9509c0866
000_coauthor_kth_last_k1_t1_rep2,300,0,kth_last,1,1,2,65,3,254,1093971734,coauthor,0,2,coauthor:creative:d4d4847e461c42888c2357e8d8f268b3,0,0641651529a5d0414595a0e62e9ccd980ddacacd30927ad94f4cc9654443c3d8,f19ba58f4d1b93f961c86f0b45affd8910b873186e467e3f8fa553290f334221
001_coauthor_kth_last_k3_t1_rep2,301,1,kth_last,3,1,2,65,5,370,1297718358,coauthor,1,2,coauthor:creative:229fee620c9e41f3bf737ffa9217b3d3,0,3c97282349357a75b6423dccf8f26aa7a5d726cd8a8376a6bc2445472279230c,94a0a2395bbc53b46cb9d0c5b6735981187116e1dcd3f32189a0e3179ccb670b
002_coauthor_kth_last_k4_t1_rep2,302,2,kth_last,4,1,2,65,6,425,1634466675,coauthor,2,2,coauthor:creative:a8cf086c79104dedaf0894b6ae96411f,0,255de474beb712f29e88da0eb6debb94bc6e1a390bab35148f516c2838b65c02,426b2cfdca8ab35f0fb6653e0ce81435d59ac155f875e8b94686bed731174453
003_coauthor_kth_last_k6_t1_rep2,303,3,kth_last,6,1,2,65,8,529,784852011,coauthor,3,2,coauthor:creative:d7e61761eda64607b4b1232dcc09bddc,0,e11e64e2ab8a3b0eeadff628d79164e7400da7731300331281e9e3c432974cbe,b9d813961d3e36c7f6b3bdd0eabc7927f88d5b78c7a2f8b30f0861499323455a
004_coauthor_kth_last_k7_t1_rep2,304,4,kth_last,7,1,2,65,9,578,1713130417,coauthor,4,2,coauthor:creative:3461ee41df7f4f5fa584f5ae04b3ba6f,0,5c5847ebef224712346c2c9672512ca9651634eb23f9a60b129e5577ece7aeba,466bfebb826c1b74657194518e899b3c206315abcf063fbed67abf835f76d75b
005_coauthor_kth_last_k9_t1_rep2,305,5,kth_last,9,1,2,65,11,670,2093612459,coauthor,5,2,coauthor:creative:240b61c1abc24288a19f6faa9909e719,0,cba1e102445c1f0d935e7ec2bad8b933862bd55564513f223aef94c4ca5c4f96,559dfdc56acf88b83d721b97badf9657b60eb93b4f13cb79958ef28011a0cdac
006_coauthor_kth_last_k11_t1_rep2,306,6,kth_last,11,1,2,65,13,754,1012588212,coauthor,6,2,coauthor:creative:2b34c5a6b1bd4256980b6a3e8ed3d196,0,b039a074994026b1931eba20729861a0242673412e460fd9cab193df0fd0baf9,1fad3f44bcc10b9783d3417a36de7f2b32a231e41174d1ad738f14727b8b9bc4
007_coauthor_kth_last_k12_t1_rep2,307,7,kth_last,12,1,2,65,14,793,758370561,coauthor,7,2,coauthor:creative:95a0ce79d7ed4a77a0981c522b3deda7,0,9e73ca81b2b26757e1b23bf5e22a8075668adf3c80e449e5c856ebc9342860d7,146d6d4cb320be808005c7f0002e8962521be92191950543ae00988161753f1a
008_coauthor_kth_last_k14_t1_rep2,308,8,kth_last,14,1,2,65,16,865,1158982087,coauthor,8,2,coauthor:creative:46be40f9d65c4a8f8d924ac992f81376,0,1ea36fac61fc83f440b6f6b29c61ad33eb975c795e31b9564eb6cff2b9ac1031,7eca27acad9a20bd09179448e89ee153c6815e4c5e80e3a0198085403533edf7
009_coauthor_kth_last_k16_t1_rep2,309,9,kth_last,16,1,2,65,18,929,1132233823,coauthor,9,2,coauthor:creative:2b373ca5921e4e2c8114e20114f04de8,0,d33d3f1a0a9c48bd66bb6b191456a981b87ad0b3f61bd46296c0c7e6e58481ea,9d5fae5604bbe422a3a8029a93aa850610cb5b8b8ecc4fcd53c2ca22b0c5cfbc
010_coauthor_kth_last_k17_t1_rep2,310,10,kth_last,17,1,2,65,19,958,1166507504,coauthor,10,2,coauthor:creative:af65522335f442adb473691320ba5f09,0,b38e62ffa410465d3db1d8def121b93392fbbd9b87085d2a1fa8390306bb4ab8,7b8a18d56cd35b57459303ee19ac65c5aeabb070a7b6abe79e96661248bce643
011_coauthor_kth_last_k19_t1_rep2,311,11,kth_last,19,1,2,65,21,1010,1264282280,coauthor,11,2,coauthor:creative:3a2ebf0908de4181a06d27b93f0ac07c,0,f4a825b9630589109db1ffe9b1f61e52e7126882def8ae5daead25585c373423,490d7b7c0e33b8c429ddaee6ad49164f8141420129cb4db3386d2022d08ec020
012_coauthor_kth_last_k20_t1_rep2,312,12,kth_last,20,1,2,65,22,1033,1744230690,coauthor,12,2,coauthor:creative:126ae6528ba141a58f932a3ed097b47e,0,406011f36d5bf12f680029462a126a042731f0a5b1c1333bb52cff8d4df984ac,35ee131bddc9f9a98b41b11af6ffae42bcdb9aba9351f397d80117c7721a9583
013_coauthor_kth_last_k22_t1_rep2,313,13,kth_last,22,1,2,65,24,1073,562047961,coauthor,13,2,coauthor:creative:dcf41dcfdb0e4a98949063447b455792,0,e160c7e579ded04fba368ca890663ac057a491dfee517c78bdcb6015ec413df6,1784210c597800672e4f5638f14c9e998ee7ac3b296e40935d8cf8bb2594afad
014_coauthor_kth_last_k24_t1_rep2,314,14,kth_last,24,1,2,65,26,1105,662853668,coauthor,14,2,coauthor:creative:e318e17b6c344ab0978c44c9cfe1ae82,0,23861d33b4121af3aa2b957b12ab879986f4f418f1f1855fc3e9faf0bfe0e324,4755dcf42f777601d8aa5739a2b2fb435b03bfebab32166ce3f0f74e69306921
015_coauthor_kth_last_k25_t1_rep2,315,15,kth_last,25,1,2,65,27,1118,524470009,coauthor,15,2,coauthor:creative:be2644ed7bc34c438c36bf80db400c9c,0,e36b4817cd023622fb430a8deeccc83aaa21f272a29ed6a9469247c216eb1ddb,6743e5b3052d9446371b6f2b966308f40240db167db440889a3e4b7e4fb85262
016_coauthor_kth_last_k27_t1_rep2,316,16,kth_last,27,1,2,65,29,1138,1854559605,coauthor,16,2,coauthor:creative:4542a8d2310247d1917ff1c79ac6171f,0,9190e19727118748a826b15fe5976323f108caa14a610b76298b34d6a1928108,cded86ab9bcec4292b62f99560ac3e274968c97898eee6ed67c9b9df13b9e5e8
017_coauthor_kth_last_k29_t1_rep2,317,17,kth_last,29,1,2,65,31,1150,1293793450,coauthor,17,2,coauthor:creative:2498ee9c53db4a8ea651ea2b95501ef4,0,cb7f02ff0c3a663ad6836e37a75a22867e6d289fa51467dc7e0fc218760d181c,8e0cc901a184f02019d408677f4d922335551915e8ebb82519c342218ff79bac
018_coauthor_kth_last_k30_t1_rep2,318,18,kth_last,30,1,2,65,32,1153,2043818745,coauthor,18,2,coauthor:creative:112e8b0e22094577ae3e513d70f78432,0,9420da01fe49db36dbc2792e43c28cf90a55094249337ebcd22426c6bef9fc17,bc5f46f14e7a7dfc687f39cea10dc9cd6bec426f8daeafb701e53bd4c1ccbd81
019_coauthor_kth_last_k32_t1_rep2,319,19,kth_last,32,1,2,65,34,1153,163077706,coauthor,19,2,coauthor:creative:adac0650634f4228bdd483b8ce1f52ea,0,7dfe41fdb943527e19a19aa9de2e9b8bb64eb1f2f8ff02499f6b08c961b6c303,c947c4ef58d051852aa9c83346d6624f931c7fb6377bc2b06cb63a18de600c98
020_coauthor_kth_last_k33_t1_rep2,320,20,kth_last,33,1,2,65,35,1150,1531523898,coauthor,20,2,coauthor:creative:40d132e1bc0146c0920d7b38c5b9f7c7,0,dc4d42365be3f544c60db92d2cacc7c290764b78a9eacb7d84b37498abb000a3,b53dd59101d69d8f4203ed79feaa27776e8822fa634857d4e8943e5314fb4570
021_coauthor_kth_last_k35_t1_rep2,321,21,kth_last,35,1,2,65,37,1138,515461096,coauthor,21,2,coauthor:creative:b322b1fa853a485b9d03d790d51af585,0,0b033c0eb549852db174ea741cf664938a73158ee8ba6dc8a1a7ee9be3b0dcf2,c0c932f2d5f1def001fbf48b8471ad5b27eec7da38082700d4905fbfdbbe5fbe
022_coauthor_kth_last_k37_t1_rep2,322,22,kth_last,37,1,2,65,39,1118,1655160903,coauthor,22,2,coauthor:creative:635b514b259d47f2b474189aeea5e5c0,0,b6aeff2ba510577cf1c88add8b0d8118d88ae96323ce4d7225c1f98530143ede,ae85770eb89ec808e7af6988bb0dc24a60a07e346aadfa777759080b3b260a79
023_coauthor_kth_last_k38_t1_rep2,323,23,kth_last,38,1,2,65,40,1105,1521807441,coauthor,23,2,coauthor:creative:dca80ac7cfd148638a9c0f4b027f720a,0,83d9fa8ce0caffe94d3ae215d76e3660cb4b031b4978f31716b1809aa7fba56c,f35c0c7361e84494a8606cf52c15de8c8a66e3956f95c9a7ae22823d6bad02af
024_coauthor_kth_last_k40_t1_rep2,324,24,kth_last,40,1,2,65,42,1073,1111247047,coauthor,24,2,coauthor:creative:8db452c23eba4955b778ef8e1f992d40,0,4631da61bf54ee02f9f15f1e4d5a1a2a1009f83ed2686d1d718f88a04e688253,70144149414eeea8110eaf4cf6759d89f3a5ae8b14a347164a7af6cbf1e4807d
025_coauthor_kth_last_k42_t1_rep2,325,25,kth_last,42,1,2,65,44,1033,607621670,coauthor,25,2,coauthor:creative:c99f8c2465da42cc91498fd9d99e360b,0,69b62a9b80cb1865a1ef2dc9bbba4a29aca5d045f1e3f8dfcf81a18360480f7b,f9e0090d9a66a26c9ce6be1df075ef2ee86874ce92e23cda0f36966d2889149c
026_coauthor_kth_last_k43_t1_rep2,326,26,kth_last,43,1,2,65,45,1010,82745365,coauthor,26,2,coauthor:creative:1f9525eb67504ccd8167402a950cdf1a,0,8bbde54ac9192dccc36a94cbf10c53dafe1bc6fc3a8d18af55e55ebc19addf62,bda7df660e5595beb7055ea9ca9a3591e168b41919b1d506b1ef861e3fb8dbb4
027_coauthor_kth_last_k45_t1_rep2,327,27,kth_last,45,1,2,65,47,958,1576635075,coauthor,27,2,coauthor:creative:949e2852c2a74afa83eb332ccd301159,0,5aeab4e061e9bfdb61dfd8af1d42e8a7ef50d540ea889dec53eb7e2bfaca69c3,4c753b04452f74a858a89af384438d12f47a9f45031632fbfed85c5f742e1f80
028_coauthor_kth_last_k46_t1_rep2,328,28,kth_last,46,1,2,65,48,929,1426043565,coauthor,28,2,coauthor:creative:641b82584ed44b07b06840e2d0d9e75b,0,2df985e9b48a65820ab613dedfb25104ba7a963573f54602eb38feb5173ec624,fe6b5934ae0ac106ba947bb4d06fd600d888efa65f0c1a6cb9695c873f784200
029_coauthor_kth_last_k48_t1_rep2,329,29,kth_last,48,1,2,65,50,865,1061642980,coauthor,29,2,coauthor:creative:9ec1e386d2494b958378ef3035ca0fec,0,bc4a4536acce6b39143f2d1768eb7b7bcfe1615b45042c4b76fd9a8494fb6157,aa28eb1e8c3dcf04aa001671ff037fd97d5015241c4f28b1d6687cc096e4c0b4
030_coauthor_repeat_after_k_k1_t3_rep2,330,0,repeat_after_k,1,3,2,65,6,439,197675530,coauthor,30,2,coauthor:creative:ba6d32a6c29a4bfeacf1e25a87a1f804,0,cff626fbf6c6028cd70c706edecbaf79708901d341458ecda0fdb438a9ff74f0,250a124642759abfc04cc047666c38e16000be10952b035cecdf300fca57df66
031_coauthor_repeat_after_k_k2_t3_rep2,331,1,repeat_after_k,2,3,2,65,9,618,224789201,coauthor,31,2,coauthor:creative:e2a81dbfc6e7456ea4bbf9f8fd279f86,0,055beabe0fca82a87b341bb95460f973ca54b0ad3feb20f7be8739f7d3303520,b2f35901f18c7fe6b34ba39285332683dc37450c2a38b7b28b1b75b1f6138f94
032_coauthor_repeat_after_k_k3_t3_rep2,332,2,repeat_after_k,3,3,2,65,12,791,287012368,coauthor,32,2,coauthor:creative:2f8c2905bd764dd1a70ed96115e75edb,0,0d2ebbb769b73b5bf69039a73e99cf234e46fb52ff6cc5d034ba77ac794d1be5,eb7d0845639543c9f09270466b4739e4f96938375586bc666ea3ef4a0d288166
033_coauthor_repeat_after_k_k4_t3_rep2,333,3,repeat_after_k,4,3,2,65,15,958,1920449622,coauthor,33,2,coauthor:creative:5265ab6df085473795385139bc7f821a,0,aa0d38798ec03fac2ac008851158594eb61673ec2266c9febe4e82cb0a979738,e4319a186f324395787d92d46cadd7d0543725da7a9181c7ffcf4e4a6b16202a
034_coauthor_repeat_after_k_k5_t3_rep2,334,4,repeat_after_k,5,3,2,65,18,1119,1267946474,coauthor,34,2,coauthor:creative:e34e7611bef74a0aafda89752af534f3,0,0b254628dc13baf246854df4102e400b4a695991c298eff8f08902bb36a2dfbd,2b07c8d05e414726c89e60cbb743fb677168c138adc60f9d5d44b3ba33b01098
035_coauthor_repeat_after_k_k6_t3_rep2,335,5,repeat_after_k,6,3,2,65,21,1274,836733471,coauthor,35,2,coauthor:creative:d7dd51e0a729428f8419480e4d8da32c,0,a0c0fc0c35afc228d04d381b322dff9e734e33ae741fd38db173a7038c89d7c2,b0bcebf94d17822f2988ce2158a3f7160c9c76d636dc0ffeec842c4d3e452a41
036_coauthor_repeat_after_k_k7_t3_rep2,336,6,repeat_after_k,7,3,2,65,24,1423,881157313,coauthor,36,2,coauthor:creative:17e61e6248cb4b1fae8ea73dc6bd70f7,0,8f000b0f1af3b8f11b3cb54afd7e2429bf3a299032c40b615b25abfebaa32f01,548c85fe8a04d0543c6c45294939fa83f3123a65cbaf540495f30a60882df056
037_coauthor_repeat_after_k_k8_t3_rep2,337,7,repeat_after_k,8,3,2,65,27,1566,281628689,coauthor,37,2,coauthor:creative:9d363533d9734263b3feda158f5cfb69,0,660e6c8c115956e2d3b207bee70a316b7d9889a081a6698c126bb2b543e418a0,6aa263fde385b0520ba03718cffaac439e5350e6079b4a85e9fbef0bda3488f8
038_coauthor_repeat_after_k_k9_t3_rep2,338,8,repeat_after_k,9,3,2,65,30,1703,1649726569,coauthor,38,2,coauthor:creative:65002bc1af0b4d27a1b05e85d0090955,0,8e608afe592b9cb6e736ff8408771223beb374b0bb9644f8678506d2f1946f79,c20c0a230d534fff1fa3298e8fd6103b3b69d5a8c66ff2341642cbdb4dd3c130
039_coauthor_repeat_after_k_k10_t3_rep2,339,9,repeat_after_k,10,3,2,65,33,1834,619637702,coauthor,39,2,coauthor:creative:b05576e3cea342e6a8a9c460718875b0,0,7239ed5ea43b114cdb06399a17ddbd97cf01a7af7d443621a8ea570aa6479638,100001386622a8dc560179a0127bbbdacf162233ce8458c29548a3667d0d33db
040_coauthor_repeat_after_k_k11_t3_rep2,340,10,repeat_after_k,11,3,2,65,36,1959,658167133,coauthor,40,2,coauthor:creative:b93e342180e34c518e2ff42b2589a68e,0,57f53d3e8dbee5d5ce2790496036e05022d784cf9fc3dbd4a409a283d6218294,613b87abad89e6ef5e58ff553c0c4a7504e619b417ad5824893cbd1a9753c1e3
041_coauthor_repeat_after_k_k12_t3_rep2,341,11,repeat_after_k,12,3,2,65,39,2078,336175932,coauthor,41,2,coauthor:creative:8be576f5a9fc4388bb4a608282382fa3,0,8b5f88372277f4e1cda9703c80b649c00015a44b6af2ebe738a9c749996f3680,a63e1590a6dd62f61375180324982d4f02937e60d59c0cbbb9438f18ddec6b1e
042_coauthor_repeat_after_k_k13_t3_rep2,342,12,repeat_after_k,13,3,2,65,42,2191,1581284402,coauthor,42,2,coauthor:creative:e94df2820e7644688623158f859d77ec,0,637d16b52241c78fc56233aad57f8c0470e76b46b043bfdd3ffe772b111f6823,2e9ea8dddcd7a50a928178040c6d82f4f21b80b20ef193b6170cf2f3f0227a9f
043_coauthor_repeat_after_k_k14_t3_rep2,343,13,repeat_after_k,14,3,2,65,45,2298,1416049366,coauthor,43,2,coauthor:creative:c326ab6f04ca475a93d6322122ee6eb0,0,a9298fe735a7384de836249fefe7817e7a4df4eec74b6569ae28e61cb9814994,b02b82b2c51f41af8d614a089c769dfe4b6fc636da98bb017706040cbff8925a
044_coauthor_repeat_after_k_k15_t3_rep2,344,14,repeat_after_k,15,3,2,65,48,2399,2015939197,coauthor,44,2,coauthor:creative:29056a31430b414582f488535aa0fe91,0,93c95524cc82f294bdea175efa4e7da3738355a3f3b81ac87d67457ee110a960,4e7aabab86aa4d054c10204163e5707f77d92397f2f2b10af58a23b08b06e0e5
045_coauthor_any_token_at_least_k_k3_t1_rep2,345,0,any_token_at_least_k,3,1,2,65,5,370,764490381,coauthor,45,2,coauthor:creative:d834599ff4cd479489143ebe24a94bba,0,26b607f07dfde7a18fdffd23c5e008ab877aaaf660ad4c9ab733315a19344653,c6fb1f3408b821e721abf343aaed750cee645785dd28226554b8f4417fc51d87
046_coauthor_any_token_at_least_k_k3_t2_rep2,346,1,any_token_at_least_k,3,2,2,65,9,555,1337201635,coauthor,46,2,coauthor:creative:473095c2040f4c049e18e41e3c887784,0,df8e2e00532e974710cc303173c8f331a2353806ae4d3d4ff13a22a7c1d2044a,a90cd8e2494f7f73d40d8bae23f9447851e6786e77cd9e4578bc13293f38f2b4
047_coauthor_any_token_at_least_k_k3_t3_rep2,347,2,any_token_at_least_k,3,3,2,65,12,740,1593160881,coauthor,47,2,coauthor:creative:7f9c5917c21f49ffb83d155fcc268ce9,0,c777d192e0df8c3d99ee5bc38fbe8a7fd7deb1d780bf489ea043842086d69868,1c5c9e40e363a2416249c237e8fbf6968a87f8815ef8aac53afdc0e6b4b3ec19
048_coauthor_any_token_at_least_k_k3_t4_rep2,348,3,any_token_at_least_k,3,4,2,65,15,925,1382260424,coauthor,48,2,coauthor:creative:ea11db08c0dd4477add459779396a29e,0,916f7f3d081fbc3aed1243c0cef69e3e39e4d274c5428f5eeaf4d00e2786cc30,2204b6b33d72e60152c2805cc718252885c3eff9f440a983eaa966bd4a1dfdd2
049_coauthor_any_token_at_least_k_k3_t5_rep2,349,4,any_token_at_least_k,3,5,2,65,18,1110,1277540044,coauthor,49,2,coauthor:creative:7834dec912b34643afb92b7c3648a3fe,0,c110d907f446ae0b67e23d733e0c7d072b2eaf5fc3fe08893b6718fa30434cd7,4fd45171220bd1f7274c0d05d33edd7ed27f24edbb96dcc89c08fcfd4b757c14
050_coauthor_any_token_at_least_k_k3_t6_rep2,350,5,any_token_at_least_k,3,6,2,65,21,1295,843923608,coauthor,50,2,coauthor:creative:51811494ceb647a8aa633d4c7c3e089f,0,3a4d42421eeced20de82cf1cfad05eb4c72fe71d9613c0fab45980b20bb92088,c834b23bf888d18966a3584ff0fd0f5d60008a6c21895ee665d7acc63798147b
051_coauthor_any_token_at_least_k_k3_t7_rep2,351,6,any_token_at_least_k,3,7,2,65,24,1480,1754035139,coauthor,51,2,coauthor:creative:1c7dcfd367a343449113516e395fed55,0,94f8bacb40409355faa896e6e0613460015c2f0216a400bf95306f2ae238cbd2,3e62a6c5dc11875edbba7b225d0e89a6d1df085266eb63e2ec2aff0f6c1c57f5
052_coauthor_any_token_at_least_k_k3_t8_rep2,352,7,any_token_at_least_k,3,8,2,65,27,1665,1777187386,coauthor,52,2,coauthor:creative:b123d6c29c8140b1a464b0402923dbad,0,ed2b92957cf9330462725baf518d814c594e7a6afcd1353dc27227f0fe830bcf,7887be619b48ab97567eef961827d6e13a653d4b31796f6b643346f0b641c1df
053_coauthor_any_token_at_least_k_k3_t9_rep2,353,8,any_token_at_least_k,3,9,2,65,30,1850,2129138711,coauthor,53,2,coauthor:creative:f8bc132e150846b18cfe36d6b9ad5ca5,0,1a2f1c900cbd0c2ea49049f507aa840b78e65340c9602db94425f043c5047260,04f35db473b3386b2b1846fe222a439e2a465c15a64138ffa2a7660f2e75fe5a
054_coauthor_any_token_at_least_k_k3_t10_rep2,354,9,any_token_at_least_k,3,10,2,65,33,2035,1074622705,coauthor,54,2,coauthor:creative:29e036276257406ea2b37fd5e71a56dc,0,42472325233ac81f5b3f0a33493170153ba9df692050f45b930ea306dfa87980,ca09833bb0f4cd9a8b8a510f182513dfd9f75664010e63311bfa4ad9e14677d5
055_coauthor_any_token_at_least_k_k3_t11_rep2,355,10,any_token_at_least_k,3,11,2,65,36,2220,74759147,coauthor,55,2,coauthor:creative:37937cc84a7f43338e5c5b430d566b1f,0,e996caa169096995e06f28b68f1e5325c01f7332522929fef8c92c5063256f13,a2b38f2006d21a109e4e16baa2c6c2905a1383385e402ec216ca14f34c87393c
056_coauthor_any_token_at_least_k_k3_t12_rep2,356,11,any_token_at_least_k,3,12,2,65,39,2405,1690639903,coauthor,56,2,coauthor:creative:80e39947253d4491a8b294de724100f0,0,f18f391916e5005756983b26461bd9b950fc004555c59790a8dddf2a2e51ba4a,6986c9a10551274aa556a765abf5d37b781d9db2cd2bea6855aa898a7256dacc
057_coauthor_any_token_at_least_k_k3_t13_rep2,357,12,any_token_at_least_k,3,13,2,65,42,2590,1401677075,coauthor,57,2,coauthor:creative:309c885c1f7e483681d807a14b36c831,0,d24406d2c0d73041f8040079b2e86649e306b913a93e645d5050f4d9a5d92622,899db3c014046c5b14b138c978d748702634ee4d0f2b2fa4252902c31ad47130
058_coauthor_any_token_at_least_k_k3_t14_rep2,358,13,any_token_at_least_k,3,14,2,65,45,2775,2088004190,coauthor,58,2,coauthor:creative:8d145264baaf4220b2848a60447cfd05,0,ce611a43d5b7f4dd0ed921f006cf013de2bfa1bab58533d64d429b6045bd7f48,c4cdea5fdc598715e4242553f58cc1bc1a7e3d3c7e274ec11c9c281b57137db8
059_coauthor_any_token_at_least_k_k3_t15_rep2,359,14,any_token_at_least_k,3,15,2,65,48,2960,595158553,coauthor,59,2,coauthor:creative:41ffccaa38ce49639429028d4cc1f1e8,0,870b5daefe6533b2b8d92c0ac20573e86159d05e6f8bd6b8688f2cefc5890ff1,72a9401bb80e002c6e2a4deecbc3612a7878032bd4faffc2fd65f57752849800
060_coauthor_exactly_once_kna_t1_rep2,360,0,exactly_once,,1,2,65,3,254,627403493,coauthor,60,2,coauthor:creative:b7ba03e9a46a46b79e31ff492b20c30e,0,dad3ccf9b754077768a2f8e3e3780951667f3df951ba17a4399f91fc512e6f62,96c5e6ff3d63ee0d50e4718d4c4fa5cc696a0bbf643b2f4208eeac7be3079cfb
061_coauthor_exactly_once_kna_t2_rep2,361,1,exactly_once,,2,2,65,6,381,318389719,coauthor,61,2,coauthor:creative:0ae783e63f2f485a87f61b8159276c57,0,6a40ca1399ea1ecf5df8c50539d66992b1af6e4eacd7060268fcb2b8b0ed37da,cc1c2fd695a930d8bdd676a914c39328cb5cd0014f11fe313734d738fec72df0
062_coauthor_exactly_once_kna_t3_rep2,362,2,exactly_once,,3,2,65,8,508,1749306589,coauthor,62,2,coauthor:creative:e096014a9fca4d608a0f1c611e57fe2f,0,ebefa4de9d39be444a4712c147c2da51de8c9ecdc5f8cf195a3117f10f772aea,9079dd8a2bdf916457e919e09e3793be6e700afbcb62e2fe775690b2c49aa9d8
063_coauthor_exactly_once_kna_t4_rep2,363,3,exactly_once,,4,2,65,10,635,167184041,coauthor,63,2,coauthor:creative:9750cd5d84274f9b8135be2e8fa8cc6d,0,9d0375a3a789250a88d407cfa5b78ca81b05abc47a7e908229863934fff98e65,52ab54d39f3d71328d787cbaf4b177b777df17b063fbe587cea25afff110cbd8
064_coauthor_exactly_once_kna_t5_rep2,364,4,exactly_once,,5,2,65,12,762,2041181244,coauthor,64,2,coauthor:creative:e257561129954362be03dc09727ad7a8,0,54470a1df6351f0d3c4ce7768929e9295419ec8925fc1ac72b6066a05ad52aaa,4e4b36d95f2935e293fe2769729f6fc93d75904e1ce0029f8c5e8572ae512be2
065_coauthor_exactly_once_kna_t6_rep2,365,5,exactly_once,,6,2,65,14,889,1203003413,coauthor,65,2,coauthor:creative:c5166a329a9c45f990a5d3c692d7faa0,0,45820f719c594559870c03a45cecb7aca84c739b414a44039a39ea61ce0f77a7,234754da385bbe9ee25de8f6521be675b91594445b77f82ad570e1effb789016
066_coauthor_exactly_once_kna_t7_rep2,366,6,exactly_once,,7,2,65,16,1016,1498587352,coauthor,66,2,coauthor:creative:200b5a62bded44f6ba8320c117bee58a,0,d3c651f65f64b033745300542b07dbb82feac82509d44ae7158b4a648b8a491a,2a9ac746e4b7529e5e3e2ead10b7d141df8b731c244cd5ba3cfbd18377a24549
067_coauthor_exactly_once_kna_t8_rep2,367,7,exactly_once,,8,2,65,18,1143,1971707270,coauthor,67,2,coauthor:creative:ab54a76d5f3643ca95b0a24783f26921,0,da4a4a881f57b95ac4f3a57fcfb073f2ab3a2c4703a7957d6e3216735539ee1d,371304378b3ef2ff5dd0cbe836dfc9e9cc0b6ce1f25224489cb117f048d8db0a
068_coauthor_exactly_once_kna_t9_rep2,368,8,exactly_once,,9,2,65,20,1270,203661594,coauthor,68,2,coauthor:creative:893f5fa336ac4092b1d4efe6c91ef24f,0,600399ccdde419d0db47c499bc48b8f9cb31cd00a8e046253b1c7cf19362e99e,afbafe1efa04f0b69e2ddc1d79658d81ddd3d76ef1ee34276f02d426e8a39f5f
069_coauthor_exactly_once_kna_t10_rep2,369,9,exactly_once,,10,2,65,22,1397,147400736,coauthor,69,2,coauthor:creative:a835d25a742840db987cf1fc4f877a98,0,c17f591a93bb86bad2b42bf36fc6511967b348fcd6d45cbd516ce097708bfc0e,74a6a527b0dd8e05d383e8d72b7f9b6d2520e2a54aa70903881cca4b6f7d3a8f
070_coauthor_exactly_once_kna_t11_rep2,370,10,exactly_once,,11,2,65,24,1524,478886163,coauthor,70,2,coauthor:creative:2d9bcb435a994711829fe6b05f256fdb,0,c2d35a6210db3cc82b21b74ebdf8a3284af5e0fe1661e2180105923f650f263e,c9c5bf7e02ca9c636c163b74850b0395fffa2837b3bd82517b3497a7737068d2
071_coauthor_exactly_once_kna_t12_rep2,371,11,exactly_once,,12,2,65,26,1651,647228559,coauthor,71,2,coauthor:creative:f0b4803428a846c6b22e2d420e980a33,0,fcb3a12e38f729aedd8017a107ea2970a759b7114121ce63f09b9f07d05b9600,7d498d0b1ef9a854bf6cfcdf87a673866cb93412dcf023fbbf6036a22835a9ba
072_coauthor_exactly_once_kna_t13_rep2,372,12,exactly_once,,13,2,65,28,1778,1720919723,coauthor,72,2,coauthor:creative:1a94f1f656ad46d4b58923212e41cdeb,0,4370e172ae2500fcb9522b98034f34c1f47b61b69a8f9be2c687b1de2a3eb56b,5fd4f6c231d82f690a5748a2b76d28923237990eadd4623d40a81f136975c61b
073_coauthor_exactly_once_kna_t14_rep2,373,13,exactly_once,,14,2,65,30,1905,1656631306,coauthor,73,2,coauthor:creative:a068c6552ba143c8ba4f378e49c3b640,0,299d93715697343b2f66111544e24b91a9c9087348ded6c8c5e8d6af3d458f73,b5d4c7c2679054560a5a338ac5cb981288cb9cd26e77a15073ab1a3ce8a5db0e
074_coauthor_exactly_once_kna_t15_rep2,374,14,exactly_once,,15,2,65,32,2032,193350707,coauthor,74,2,coauthor:creative:c68e3e04c564413fab31d6765cba7f77,0,e94415c9cb4f8f9ea6293a00be2e4541a0f3af42f0f8441cf5a593295b425110,5bbc7b5f91eed55b0048b57e78b3f04c352968de42a6abc4d6973d738db0b7f4
075_coauthor_exactly_once_kna_t16_rep2,375,15,exactly_once,,16,2,65,34,2159,1007557637,coauthor,75,2,coauthor:creative:f7156d363a5d45ea9f0171bc468277b7,0,0b6f4f1689d2d5072995bbc517f595d4ab69bf4f1187cf3181c5eac9758d1a3f,98e1d60bef22a8adaf5a9b62e2f2e31ca490d1a6b02ac93677a8dcf9f343a44a
076_coauthor_exactly_once_kna_t17_rep2,376,16,exactly_once,,17,2,65,36,2286,327537182,coauthor,76,2,coauthor:creative:ef145d5c1ad94981bbea37ec48c4eb2e,0,a2d6926cf50984b638cb09a9678b0c290af2a64b5715782ae02f9e541e026b2d,197317fcbd1cb0a3bdc45059505dfd828cfe38888e17f272c88f53a6437faca3
077_coauthor_exactly_once_kna_t18_rep2,377,17,exactly_once,,18,2,65,38,2413,882599116,coauthor,77,2,coauthor:creative:1a50c197cf564bf88f386197d1f279d9,0,c156e17aaf4067c6e617bd16394e2bf4d29a6fbcc62262d76c4eff7c4c96fc56,da9e0d0e147fd2a5940a75bda8643acb9ddecdb6265ee4a1f9b6f4771c41a83a
078_coauthor_exactly_once_kna_t19_rep2,378,18,exactly_once,,19,2,65,40,2540,1099492181,coauthor,78,2,coauthor:creative:1745a412b5cb4638b35b9f6f63eb3e0b,0,bd96cea0e052f5c2d9d1ba594ba10d1826f8c9f668acd69338cd44ccf47aca6c,b2a26c8c458b788f71696777040d63507632e88b5618806157ef37b4daf0b200
079_coauthor_odd_count_kna_t14_rep2,379,13,odd_count,,14,2,65,30,1905,260323849,coauthor,79,2,coauthor:creative:58e702b7c7e249a0aaf762ea10f833b3,0,f2f65c588bc6c885bfa84771a052d899bfd0aa052491ad67ed70caa3ee96bcc0,04b9565b3fdc4fe6d77c014fe9a3c44a37c29c5354b0027b01030b0d6ee1d444
080_coauthor_left_not_right_kna_t1_rep2,380,0,left_not_right,,1,2,65,5,313,928162854,coauthor,80,2,coauthor:creative:dfbab4c8263444ef9d9e9d25e3e581f4,0,e4ced7579b0ec934ebe28f0a0b71b1336920d0347107c1bceed0dad59d3d0226,561f3c5b35810134657e61cc2850963e7275b324862567a696e66d89bab9dca3
081_coauthor_left_not_right_kna_t2_rep2,381,1,left_not_right,,2,2,65,9,501,1330869869,coauthor,81,2,coauthor:creative:05b655163b1e4e38b76c2785a0aea5bb,0,ba53e1977d3019f69a317c0483667ac70057c2ecb2ff8cb47517cd6bcb0e1be9,e75442afd10809f1457b3d1933f386e0847ce5aa10403c45e6bee5f300b1e627
082_coauthor_left_not_right_kna_t3_rep2,382,2,left_not_right,,3,2,65,12,689,1119773552,coauthor,82,2,coauthor:creative:bf739551dea348c48635d2fbabb51ed3,0,7b8c871b91889a76fa991fd44d8ada77bc379df847fcc3a7bc2a4d78bdde9b9f,182ba57f4d577b4fdc51c4f928223325b229ebcc82ee65e36e567ff5310815e4
083_coauthor_left_not_right_kna_t4_rep2,383,3,left_not_right,,4,2,65,15,877,557666619,coauthor,83,2,coauthor:creative:2bb646dbeedc487c9bab6b1d5db5b5fc,0,afe6420cbc9f971e09f98bf6922e8a98b75f9a2481723eca6ac0c25868a596c9,db023543fefe70267080a0e55f5dc017b5b130d96ca9d8e435178035e7f08dcc
084_coauthor_left_not_right_kna_t5_rep2,384,4,left_not_right,,5,2,65,18,1065,408672559,coauthor,84,2,coauthor:creative:562cda138b314c97b21ba43f691b79ec,0,5ab2d933620e1bd1d02aa1c6dab099bd639b99d495bac2331081a1acb7787e73,0a1d9fad349a6d7afe0d3b9662a3be78d526b9666f17f07ea0674ca7e45eed91
085_coauthor_left_not_right_kna_t6_rep2,385,5,left_not_right,,6,2,65,21,1253,2147337852,coauthor,85,2,coauthor:creative:3ab1ca63246449669bf1f7b9c90d379b,0,efe4969a4751207cd277c28a65abd8a6666e2ce85ab6e265a29f6841b2bc9bb7,d2d5b551132394f7d54fdefb556e7e6665a6351a13f45a4171e87d72d151253c
086_coauthor_left_not_right_kna_t7_rep2,386,6,left_not_right,,7,2,65,24,1441,2092830831,coauthor,86,2,coauthor:creative:7b2436bbf42d4c529fdcc62a83329e83,0,5a86e8e40ad3b77c5b8bbf9927b8078a91222998b9ce0f667b6443f598f40389,2b3d72e74170e7205c2d9039df6c9983335021a60a9714d047c836f0f435a731
087_coauthor_left_not_right_kna_t8_rep2,387,7,left_not_right,,8,2,65,27,1629,1104950343,coauthor,87,2,coauthor:creative:4eeea91c57b0425b9faf9bc4b74ec2be,0,f3a12a186936b3742ed8b772309f3c9c74ad52c43a1d75bc17577affbcf10c7e,34cf7da066b737b81d10c946e5f9a846910d012c5392d4ef3f0541cdcd4990a7
088_coauthor_left_not_right_kna_t9_rep2,388,8,left_not_right,,9,2,65,30,1817,1163069596,coauthor,88,2,coauthor:creative:3fdafca346c94f52ac5b9588a48e0a56,0,09bdaa1d32e6276e5f2b9d52b0d0c6904e2e54bdf2e5d8c71252c0a104010205,6a1b1fae4d5b782f19b0e5c02247e8dbdf4fb2ad68d0acbfda718dfad3e00cdd
089_coauthor_left_not_right_kna_t10_rep2,389,9,left_not_right,,10,2,65,33,2005,401630372,coauthor,89,2,coauthor:creative:f40b77ed78bc4297bd63c56ef412863a,0,578aa279d3667c36113a0fd3b1fb1223e7e59aba497e5ef3b49ca4e270e6f202,ab08c0a3f54a26eecddfe92c7a89bc53c776d45f141e94b4255b0fcf1c06eb15
090_coauthor_left_not_right_kna_t11_rep2,390,10,left_not_right,,11,2,65,36,2193,1743393876,coauthor,90,2,coauthor:creative:67c022f81e3f415eae224f368cca7c3d,0,6382185c43ea40d8e501a83fe0d7ffb484b30c23267a173a96e7a72b0e45fdba,3d11eb54d861b77e40ad419efee746cfb292757cfe052d4fa0470165d03449d0
091_coauthor_left_not_right_kna_t12_rep2,391,11,left_not_right,,12,2,65,39,2381,1007000844,coauthor,91,2,coauthor:creative:208569acde5b49dda0ec25ce4c410975,0,da117cfa42baf259464c675cddeb150d97cb071e3d173d9001016cc878821e5c,49baaeed276d2c8a75f364aeb085c0a620ab9ae56ae722166ed933904ffa57e0
092_coauthor_left_not_right_kna_t13_rep2,392,12,left_not_right,,13,2,65,42,2569,1155074635,coauthor,92,2,coauthor:creative:5929420aebc940789c58a72f8c8ccd56,0,62622edecd14583b238637c2832a1f8b20e8acbfbe1f41c2ad67c6e6bd03c3a4,1feaf6b59ac6234490371f2b5aaeb5c034984a7e0c38a120bfcd79130abb4eb8
093_coauthor_left_not_right_kna_t14_rep2,393,13,left_not_right,,14,2,65,45,2757,1319160809,coauthor,93,2,coauthor:creative:41f6db5de3d8439ebbd996c398127d53,0,afcd87012768273e617232d80789b39373898781fce3cf985478cf0139b14cf8,e2c058f2f91c4b93719df31a5768f9b1bb72a5d4ddffa2a18e1ac2c31b949b0d
094_coauthor_left_not_right_kna_t15_rep2,394,14,left_not_right,,15,2,65,48,2945,655591910,coauthor,94,2,coauthor:creative:0a8e182a20df447db4846b1223c619b5,0,6922da7ecb01f2ddc7c0c793ceb56be989558599b030f431f59affd659a6df92,1e06f498b2fdb3adccdf718e268fe18c7d8f259672e37d73b208ecb016582366
095_coauthor_left_not_right_kna_t16_rep2,395,15,left_not_right,,16,2,65,51,3133,1763446801,coauthor,95,2,coauthor:creative:6e8295cfe7b7425198f0d305a29e3fc3,0,0da33706fc32b7c58014aeeab9a394ad6037b2fb04e5c5443e420dd4f75fd648,fb6452ba5c8b932fe99d08caf833269e51a1aa6850ccb326a751d92ed3b60214
096_coauthor_sets_differ_kna_t1_rep2,396,0,sets_differ,,1,2,65,7,439,287909034,coauthor,96,2,coauthor:creative:116ae37dd7f5497c8257767b81a72cf3,0,3d546571be5d073edb4413c0fe50ea8148eb3602c9335d986b547206386ea5ab,225a7cb3835693d1fa28c678c6c18b8577c76388f8c4d778f6f476d2274ae6a1
097_coauthor_sets_differ_kna_t2_rep2,397,1,sets_differ,,2,2,65,12,690,376325081,coauthor,97,2,coauthor:creative:8f5facc84faa440aaab8b05968fbdf4a,0,401aee02270cbbe7aa8e1c2002e30a3fb16539831a7ccd515c41c3d8a4a088a0,79ff887ad440f40e64ea02d190f83032156db357605583d07422e814453571b8
098_coauthor_sets_differ_kna_t3_rep2,398,2,sets_differ,,3,2,65,16,941,221453869,coauthor,98,2,coauthor:creative:b5612ede07954874974dfa8a6a921a8b,0,851084b1dff521c98efc9b24e976f706155b04ed49c50aad1e1c74adf7dc692a,c7cdb24a99ac6b9526031949c8849d4030a54881b05b8b98342530ae449cf857
099_coauthor_sets_differ_kna_t4_rep2,399,3,sets_differ,,4,2,65,20,1192,1027359296,coauthor,99,2,coauthor:creative:5d97592b669a4155b2f8d7308d649c0d,0,9b0a46e4bc1f0837d8d940b21b97321a7d494e6f0bf04466d7b103c8432218c4,ba27103847dc19bee4afedd987e9c36a77574e1734f852c3fde47a8a0514fcfa
100_coauthor_sets_differ_kna_t5_rep2,400,4,sets_differ,,5,2,65,24,1443,1828676982,coauthor,100,2,coauthor:creative:c9e301f54a8a4723b14567a99c90d2b7,0,fbf6fd1889e01fd19260b155e12ff4a828dd1ee22df44a68cf571d0497f31704,bb6633f20318561917194d85ec7b1176882f2ec614f1c9e272cc7214c792e41f
101_coauthor_sets_differ_kna_t6_rep2,401,5,sets_differ,,6,2,65,28,1694,137583360,coauthor,101,2,coauthor:creative:6d6a8d63190243f685256031a59166dd,0,85c845c60bf556758bdaadb9d01a7b17f014ee7a25a8ba310e1a8a7844b8acae,e02a07e85f453a7e15c9614a2f1a5bb95ebc80523336727bcb179a414dfe9838
102_coauthor_sets_differ_kna_t7_rep2,402,6,sets_differ,,7,2,65,32,1945,2100626676,coauthor,102,2,coauthor:creative:ad936817fa674c3fb2db5f6d55fc49f1,0,3cfa89394a2a48343a6b2436f5d07dbdddc759f8d24e99075818f08996e522cc,17ef405c772b3d7443e8871d3d526127ba21b8da611687cfbe1459d595426a59
103_coauthor_sets_differ_kna_t8_rep2,403,7,sets_differ,,8,2,65,36,2196,495223424,coauthor,103,2,coauthor:creative:a2b882ca8a14420a8749dfedfecdfa36,0,c5e9e4d01616389e6c371d84b383c96b1f04f1bead7090fe777cf74d737627a3,82227d51f573cc06fba1278679ab67a8b93ecff0cd8284ce6d148b812a0d7e37
104_coauthor_sets_differ_kna_t9_rep2,404,8,sets_differ,,9,2,65,40,2447,794547656,coauthor,104,2,coauthor:creative:030168a0260f4701bb8c82e185b2c6c4,0,4b098086da2701876c90ad26273d66f6f070c10f3050f091eeec875965b3eae7,bf68dea1a21dd019e592b5620be08b5d126465e9d07a2c8e35ee11d585aa6b93
105_coauthor_sets_differ_kna_t10_rep2,405,9,sets_differ,,10,2,65,44,2698,889109947,coauthor,105,2,coauthor:creative:64ded59bfd264094a10a88c47e4ecc1c,0,9e4a42b20abe3221c253c438f8bbe5e687b2a7f3bf51580c0bb00f16db807b63,47e185ac912d2b493ce844ff128daa99a7e58429ed2f0aecb267df3b2adf5b15
106_coauthor_both_sides_kna_t1_rep2,406,0,both_sides,,1,2,65,6,370,1567551141,coauthor,106,2,coauthor:creative:f151863fbea2417c9bbec7082abaefd6,0,f0e44358071fa1aa66db59f88d80e281593c0d1e9c5a62c87deb424358b0e391,8a4898d3a6d4a2eba34506e7a4113b3e017789575dba47ecbecbd84471570e40
107_coauthor_both_sides_kna_t2_rep2,407,1,both_sides,,2,2,65,10,555,103648351,coauthor,107,2,coauthor:creative:fa039fa4741a4a53a7afa9ed1deac769,0,2e8bd296773c2e2909b9d9537016fdcd6a7384772015cf9d01d233dd92d40289,66d1bc70c38cb517c80d690ca0290b4fbb481e4aed6e32219ef811935e065f29
108_coauthor_both_sides_kna_t3_rep2,408,2,both_sides,,3,2,65,13,740,453111492,coauthor,108,2,coauthor:creative:f6dc009e6d5c4c03a667ca201438077a,0,f12599ad813d705e87faf65b4e6d2e253f1d3d71520776d65cd00e840ca35027,ce36c01aaf54053f6d7e730165b8d3f6a2294479ef5b39d2581a7ac910d82744
109_coauthor_both_sides_kna_t4_rep2,409,3,both_sides,,4,2,65,16,925,1704582959,coauthor,109,2,coauthor:creative:f4726c879c9d4e43ab6a63a3d732a988,0,ad6d46ba583a7567a823d1e67360117f0fb492b2cc7055a95a9d6e853e08bf96,bcc433a7ef35cbd43153f8a5d1cb9d5ad175f9365c96956fb140ece0e2c19663
110_coauthor_both_sides_kna_t5_rep2,410,4,both_sides,,5,2,65,19,1110,1212847586,coauthor,110,2,coauthor:creative:bd54a50b118341678efa571079cae11e,0,ab9764ea71c8bb8f89c5f0e0e483f03e302f5a08e8de80287cf137b487c073c7,a124b830e9af9beb9de1c015aee69ac48f9b5a596564435e8d4695f31d4e8d6c
111_coauthor_both_sides_kna_t6_rep2,411,5,both_sides,,6,2,65,22,1295,1908751491,coauthor,111,2,coauthor:creative:fc9761dd283c460c850fe1733c62247a,0,5b4b3e149cc0ed213d0715253a670ac9e9f9b0909863046bbe914cc1e80e7f09,de07ae8d0b1e8478860df9b0cfddc25112c45eccd0e2b29b327cda260be88804
112_coauthor_both_sides_kna_t7_rep2,412,6,both_sides,,7,2,65,25,1480,1933008165,coauthor,112,2,coauthor:creative:dcf08dcc251f48109e68b46ffc0561d6,0,b9a4add63c768f430d41fed1cd212c2be4757047ad567c3c7000a27312b3fa57,b93ba4b1ea982edaa3324cdfafdd7d8e3590eacc9f1486b6f640d2569f4fea75
113_coauthor_both_sides_kna_t8_rep2,413,7,both_sides,,8,2,65,28,1665,229052572,coauthor,113,2,coauthor:creative:b7a163f09d8641c2b708236592f11767,0,f7ea9a5bebf5b2f05f59c07fb4ad983993135a04709787f458c617897d531628,6ad860adefd70aca1f8850e917e69cf54c5a2cc428ca215dae20c4c8cfe0d595
114_coauthor_both_sides_kna_t9_rep2,414,8,both_sides,,9,2,65,31,1850,663331882,coauthor,114,2,coauthor:creative:d1edc05d6a4a411db965bb9a8adc3339,0,e9d2a4ae10743e0af3671216a31968c117da9fe3e6f99c9558b973dc78859423,eee6a7086d0009d3ee18fbe3ad33da75f81617be6a1f8e8e5f8fdb194ba508b0
115_coauthor_both_sides_kna_t10_rep2,415,9,both_sides,,10,2,65,34,2035,1698520607,coauthor,115,2,coauthor:creative:308df34d38ce447a957e540a6cde21c7,0,e105302b1657290a718e1375faff2ceed1c54b9dc7c1de101bc2e3f6801a289a,fa6fc403e046feb6e0dcf41328b5fe5362051d87bd4bc64ff2c13a0085a70c07
116_coauthor_both_sides_kna_t11_rep2,416,10,both_sides,,11,2,65,37,2220,1521795194,coauthor,116,2,coauthor:creative:d8a8e6352996418a9319bbdc990bc23c,0,4ab9e9294a524d2dfe4f8418baf61a8883cb512dbd7b24e2aedb536a90398719,84b8a5e01e0f3f3226a038416d8620b76a0d00ea2ad25efb5186fc0b1af52d9a
117_coauthor_both_sides_kna_t12_rep2,417,11,both_sides,,12,2,65,40,2405,178145262,coauthor,117,2,coauthor:creative:7e3839abe7334df698bb48e0d5561ab4,0,650af764ba45ebfaaec0b1613257b7f01d7d6d49496468d49898e510e454733d,5b123335a7ba245f12c758e87427c4345d357da8cc8ae959ea44742916e96bd5
118_coauthor_both_sides_kna_t13_rep2,418,12,both_sides,,13,2,65,43,2590,273277591,coauthor,118,2,coauthor:creative:3ad000b9400447d9bd7f7dc101975973,0,b750b419df1ac1b503483f4fc343f85082815b72dae108a38c0a17d1c85333c8,5ca5884d3775382e52dddcb4d3044554843da4dd531f7e1644fa23509199eb81
119_coauthor_both_sides_kna_t14_rep2,419,13,both_sides,,14,2,65,46,2775,1898952421,coauthor,119,2,coauthor:creative:626255ec39a349df84e75196a01c9e55,0,b814534d3328f704b121da7ff0931de53a230ab21e71a8bb6b772077d12375c4,27929ef904ff65bfc540ae0ff2081c62fd79a54c165a52f47d6855c5163e968a
120_coauthor_both_sides_kna_t15_rep2,420,14,both_sides,,15,2,65,49,2960,813730522,coauthor,120,2,coauthor:creative:0822cf8998be4c44962989a70f00eb9e,0,a6803493f0a759f4c30b6c8e147951ef306eda79d6714661e66ec28d92292585,7c5f50d026e77058896537b36573df9e14113948e2db757b0ecd5e61f04b8c68
121_coauthor_even_count_kna_t1_rep2,421,0,even_count,,1,2,65,4,313,141527139,coauthor,121,2,coauthor:creative:b42e5d2a56024abda27ec8f8f7424916,0,44011d29047c8ac6d3e0e94a53eb5d886323979dcc43d05d70687a2f88aa5439,8f1a02ff5338c2a6c0b6978af42834318fbe6199ae27837a03f9709efc40da3e
122_coauthor_even_count_kna_t2_rep2,422,1,even_count,,2,2,65,8,501,1288346628,coauthor,122,2,coauthor:creative:ce969e3aa6374189abe638aa61b3ffc9,0,36ee678d0f17ce3d81d87c1386ad6e19f650de0de615deb0ca159071259e8aaa,7e07289535a0815a22bf6eebb776b5e72064302b24d69d3fc6942d6bc4c9fe01
123_coauthor_even_count_kna_t3_rep2,423,2,even_count,,3,2,65,11,689,123062978,coauthor,123,2,coauthor:creative:b36defcb6838467db4486349793492fc,0,f55deda0ef34d67b93e7996553f39c6c90eb7570a49f5eb57cd55919404c510b,1e638c28b18430b67f5c9c3efc8d5b32ec77b67eb46640a443022a6c4c9aacdf
124_coauthor_even_count_kna_t4_rep2,424,3,even_count,,4,2,65,14,877,897213110,coauthor,124,2,coauthor:creative:fefad5c6b2ca4bd6a6728c1ea12a6232,0,c9e854cb83797dd308cd2afd5085c45a52946caeb023de1eea94521bbbd4409d,3fdd62d2e76cc5d9978463a770dd44b5f3d34ad4d1fffe4d30420fd27134ba04
125_coauthor_even_count_kna_t5_rep2,425,4,even_count,,5,2,65,17,1065,1880268518,coauthor,125,2,coauthor:creative:eb9fd1c4b18b44679e21e09e4fc7fe0b,0,5f5d032b512e2ed9cee0e95117717de1b238f9fc6c88a9f7185abe0381e728cc,0008454b4d31f856cd197965b01795c42aa0fac1d1ac3191a17d19e58cc369c6
126_coauthor_even_count_kna_t6_rep2,426,5,even_count,,6,2,65,20,1253,1211816944,coauthor,126,2,coauthor:creative:fb763e77cfa94c7180537892300832e6,0,ccf3690ab7b96e3d92bb4092cd0a54fd11c187acf9c10dff2876640053424b01,1f7212abf5f17ceb9bfcf8d57056ef8a3bc984f0a7e5f4f4783b522792056bb9
127_coauthor_even_count_kna_t7_rep2,427,6,even_count,,7,2,65,23,1441,1785317414,coauthor,127,2,coauthor:creative:c55eedaec6ea4aecb9d9cf1fb616a89d,0,0a2a30bddb3d882b1e842d5cb93ceca315caf2ba1a9056705898fbf096541190,7b1de3861f825af7597eba0da31e873cdfe03c6f78195d424260467057ddecba
128_coauthor_even_count_kna_t8_rep2,428,7,even_count,,8,2,65,26,1629,678086234,coauthor,128,2,coauthor:creative:7db807f901e64357a4ebcee6908e8755,0,dec84f003268fc6521caf573ffd8ded0fd8c3a7d4c0f52321bcb6cc9b4667000,efb9198a26b80a9887d5f32c1d74e54de8d4e191f6121c505caf22ff036edf0f
129_coauthor_even_count_kna_t9_rep2,429,8,even_count,,9,2,65,29,1817,91060022,coauthor,129,2,coauthor:creative:53a1f867867b431e9336245503e7eec4,0,6bbc285f7d601f7e6c20a135ca014a73d50e31c2831b5ade88e71cf29e1c34a9,1206f2ff04f56e75a081d6f0279afaa09dfee7c288ea8454641d5ea07bc2b732
130_coauthor_even_count_kna_t10_rep2,430,9,even_count,,10,2,65,32,2005,1182377206,coauthor,130,2,coauthor:creative:ca8ad78852e7427598cb82fa420483b4,0,516ec5b598aecaae0f2e9a0eae10c1f06e25a768b07eb0f4d71e27e87340a4bf,98eb235873eb98594ad3e8b0b1ad56c8637c3ccaf0f11b1834209ca1b09105bc
131_coauthor_even_count_kna_t11_rep2,431,10,even_count,,11,2,65,35,2193,603178832,coauthor,131,2,coauthor:creative:6a0e4a84b6624948b9373a84488399cd,0,e853bb70366b17bfe43c7a45346d46e898bdad51efe97b4dc34c5e7db05f4a87,faa4b57046c45fb3b3f03261786de17e128e140980f4fff9b1928d41204bc3bd
132_coauthor_even_count_kna_t12_rep2,432,11,even_count,,12,2,65,38,2381,1404039680,coauthor,132,2,coauthor:creative:77cae115ed8349dbad550de12e5858c1,0,457801d68dcf131dda7179d5fed7438043597bf6aa57f5d42dd6080cd7a1e1b2,dbb8f1fa5da2db5ffd386748b6313b9184c3d2dc1a6425337971a4f291ea85fd
133_coauthor_even_count_kna_t13_rep2,433,12,even_count,,13,2,65,41,2569,668074030,coauthor,133,2,coauthor:creative:4619d21ac3ee4b6f961fb782ae6c7937,0,af8778a13b6200a1235f77b5c693c4657fbd765b8786df1888efc03044e6d36f,b37fe3b247665b2d4f1e0dc21baf3177156129279ffc6b44b5861440f05e730c
134_coauthor_even_count_kna_t14_rep2,434,13,even_count,,14,2,65,44,2757,1800334722,coauthor,134,2,coauthor:creative:d9905c44ab9a4489a89581f052f34624,0,e1a265065cb8f77dea8dc9f5a0af83758f7a935b2e0c85591639e0b89c7cc108,6a2ae9f106cd216b656400e2c920b7e2e878181edd35832038760af88f9a33fb
135_coauthor_even_count_kna_t15_rep2,435,14,even_count,,15,2,65,47,2945,57330109,coauthor,135,2,coauthor:creative:ad3a61d515cf456cbaa424c7b4ac0f13,0,acf54a276f70f657b82369ec255c501ba77e48753f77d8033cbc6e75118408fe,176a4bb75e49b883668e334679e6880d98892fd6f034524ebc3765010a550553
136_coauthor_even_count_kna_t16_rep2,436,15,even_count,,16,2,65,50,3133,1901647826,coauthor,136,2,coauthor:creative:c6f8250e587f4288a48a616b2f1c1c6d,0,0d8038eb539760899552fa7d335063a702fa56d242a7b4c5ee594b63c568b255,7c236e0d116ef994933d9e63fb0543a5448c860596aa178b9dbe70411fe534fe
137_coauthor_odd_count_kna_t1_rep2,437,0,odd_count,,1,2,65,3,254,1402988040,coauthor,137,2,coauthor:creative:95b14d2fcf8b4eb5a0be3354a80e6f32,0,25e367328461ab73b2973d059bf620301f15a1d27cf8b4c0ce29af7e6b30a8b2,b469c2f198dc2f6c3cbef03d23fe8c774bb84bf2b695d82985fdcbc6796b8f49
138_coauthor_odd_count_kna_t2_rep2,438,1,odd_count,,2,2,65,6,381,665737771,coauthor,138,2,coauthor:creative:a0cc548fb40a4e22b1963674fb4b1f83,0,c6d8f78717ef4eac2372e11ea1c02b4e135220b1120038534f7ee2e90a18b340,fb372ec2a26362588c3bee84f92f91d8f0fb8c70bbc3792ee8337111e7a254bb
139_coauthor_odd_count_kna_t3_rep2,439,2,odd_count,,3,2,65,8,508,1506896617,coauthor,139,2,coauthor:creative:9c397f7fd7a04f829c055d2f7f5ee160,0,4d357619ea9cea1aef798995e377ed4cc42bb4b22d9af485f35fe41631c05b55,f49a44b28c91d0780fee17ff0d21e4752b18cfacb4acd498d39120e20b7d5abe
140_coauthor_odd_count_kna_t4_rep2,440,3,odd_count,,4,2,65,10,635,1459845233,coauthor,140,2,coauthor:creative:ae3a87fc6c5e4c18897f71b93d670529,0,b000fcfb48c50507f019efff1abc796ae280a28cc7026cc9c48a5dcb113297db,51717326d07e17054988b6571df081c5cce3505ae2f26adadbc5c289f96b4b0b
141_coauthor_odd_count_kna_t5_rep2,441,4,odd_count,,5,2,65,12,762,193159375,coauthor,141,2,coauthor:creative:7e7ec06df61a456c8574f64dd26389a5,0,f84d9e2340ee4e92ff272d7e202d4cb47fa5177412c49a50a21471977d322030,de0ee00f83bb056218f5dd5799e95d86ac7a05a244e7d7aae128ecd04e00dede
142_coauthor_odd_count_kna_t6_rep2,442,5,odd_count,,6,2,65,14,889,556078463,coauthor,142,2,coauthor:creative:87b45d27c2424504a98f49a29509480f,0,7893990f64396e95cf40d6e202d6ae5cf9decb0b30be7453225c8ad0a7d275e5,02ca3d2ebd1c8fe61eca4e6caf80607d1622e36725e10708703aa81edb5cdccb
143_coauthor_odd_count_kna_t7_rep2,443,6,odd_count,,7,2,65,16,1016,779302175,coauthor,143,2,coauthor:creative:e04ccf1a440045bd92bf1ac66489b158,0,ebccdc8b1ea91702c5f6c339734157958414972e35f6c2dc9ea403933624a7f5,0a64b6e1af3627f6e3e6ebaa306ff948b4822d98cfa16c5507c19cfa3bafc2fa
144_coauthor_odd_count_kna_t8_rep2,444,7,odd_count,,8,2,65,18,1143,409476882,coauthor,144,2,coauthor:creative:7edc4eee07cd44db9a01e28f1ef20064,0,d33ced6636e72aab3b4dca7b48f97bbca3db6a89fa549471c608f96408395639,7a11c888b55b270a3f62a0a23369468fcc9cfbdd998263571cac314813670e17
145_coauthor_odd_count_kna_t9_rep2,445,8,odd_count,,9,2,65,20,1270,1677919498,coauthor,145,2,coauthor:creative:cfea3807443b4149a2c68fb1ee0341f5,0,1dde9fa0d08498544b3222d11964ee10e0ebf5e5fbaf504a3ff7aa5528fdd0db,dc2515676fd999766e2f6580e9bf9ffda492236c245566264e96f7dc8c776d16
146_coauthor_odd_count_kna_t10_rep2,446,9,odd_count,,10,2,65,22,1397,1764460069,coauthor,146,2,coauthor:creative:18d61fce4bcc4ccf9bd49c621b0ec1c0,0,207cf6fd8923e723c4faf76544b1b3da6841280c35e7090b2fd5e44f21a83ee9,a9eabeaae88d460b5d8b3b5c033ad5be1413de2085f472f000031514d46d8cdc
147_coauthor_odd_count_kna_t11_rep2,447,10,odd_count,,11,2,65,24,1524,1218765672,coauthor,147,2,coauthor:creative:cfb8bffe98a044868cec22afd04c1bba,0,a11bddc8a2603080f5144b793e4f02123a45d1714207c8c309b08ade4455e30b,5d85ebcf28080ae00a5960a9c842102e39184d903de1abd822c7431069d1e40b
148_coauthor_odd_count_kna_t12_rep2,448,11,odd_count,,12,2,65,26,1651,1239080464,coauthor,148,2,coauthor:creative:c28981a2c8af4ccdb127d3a74ca363ac,0,6e9a5df8295e6b63c884cc35ac1decacb29ad14d3d33ceead973ed9dacff75b8,f5bbed4197706a93ac40f3d053d486e776b9f96e0bf5eee97081b81561a2da59
149_coauthor_odd_count_kna_t13_rep2,449,12,odd_count,,13,2,65,28,1778,1476210158,coauthor,149,2,coauthor:creative:f4aa98d6f88649e786c95c9c77960a26,0,ec35808712cea9f482253625b2951442234b251a799ce3b85857619bcff981a8,468f3e15a5c8be1b2345c9ad0b167098bec59df506797d7198ed14f4e157e5af
150_coauthor_right_not_left_kna_t1,450,0,right_not_left,,1,2,65,4,313,1322083217,coauthor,150,0,coauthor:creative:53d34e075dc2454ebbc4e4e8878b0d15,0,a345e3adb5bc914bf51f901e362499694c9e3a784baa95da25a2b4ada6498b68,d8cce51ebcaa0782e8534e277cf8c6f7011323c4989439539f2e70b2f8a21b17
151_coauthor_right_not_left_kna_t2,451,1,right_not_left,,2,2,65,7,438,461348175,coauthor,151,0,coauthor:creative:a9936b88956143bead73fd420fdc8b5c,0,6bb831ea4837c68ac9635eb65590b8ae018557a65aad5d643d9d2acf4bb34641,f575165632527deaf52baa5027ad21498935c0a0199a74d0613661b40481f1a6
152_coauthor_right_not_left_kna_t3,452,2,right_not_left,,3,2,65,9,563,612206476,coauthor,152,0,coauthor:creative:43fef1ea6c6342f490c991f230acdf1b,0,2101e83e9133590e4b3cd64f38b17a6f79d59dc23c038fd8aa60450b7fca27fe,f8011992e5371f9b9e8e56c564a58ddf046cb36cfa81630c7b922ebada711526
153_coauthor_right_not_left_kna_t4,453,3,right_not_left,,4,2,65,11,688,124248991,coauthor,153,0,coauthor:creative:7444af48e58441e5ab11c7e295095206,0,5c06a4bd86fe2e11f8c6f664191a3bb4cf9f666635acd4daca8180184e0f2def,d814011debd8dfc370e45259ed89623c9a0d4b21af89908b623e32660b5b94d9
154_coauthor_right_not_left_kna_t5,454,4,right_not_left,,5,2,65,13,813,1446083750,coauthor,154,0,coauthor:creative:8d77e68c9e2246949f8f3af5342da3a2,0,3a4ecd966efd4a24200a883ed61989c3d141833724bf792050fd84e3aeef3159,f038f0316ef8d03dce53c2f0866238665a5f14b215989738f4d5103561348c6c
155_coauthor_right_not_left_kna_t6,455,5,right_not_left,,6,2,65,15,938,856383930,coauthor,155,0,coauthor:creative:cf41b69d79a14f2ea9c8179de2f84479,0,7264e073ddefb50a37c20012f1387f8a756cab52d6e697b2e8fbbb8fe3da8d53,c29e0224432e03bef8c3fb81cf86883988421d84a3800c8d37fd1dd6f2cc2ca5
156_coauthor_right_not_left_kna_t7,456,6,right_not_left,,7,2,65,17,1063,1272848941,coauthor,156,0,coauthor:creative:3f6f1edc20064adba80cb4c98454da3b,0,fd2b37be8a28769e03790176cd59a911f38c5452f8843f22b57d33e051888d7a,7136dd7ad89eca68c3e4f16743f487a34078dbb6e8e98ada92106f43d31a5397
157_coauthor_right_not_left_kna_t8,457,7,right_not_left,,8,2,65,19,1188,985754318,coauthor,157,0,coauthor:creative:7e42d4f3a53b4c3d9a55b6d3a7f7c6cb,0,5657f0e67332b755ec6e70da822efdca40307a2efa66bd196b46c53b89459a7a,3813b0d9c574bd156b0ba7aa04194831be5a5b63a97f35176cea9014602f8ae1
158_coauthor_right_not_left_kna_t9,458,8,right_not_left,,9,2,65,21,1313,1138110410,coauthor,158,0,coauthor:creative:b5cba1af4218432bac6932bd1d546125,0,c47daba8508bfdc9db3f116eeb635cbec660cada301dedbf07688ad562f10e8d,5332b52f1f786224d324fdfa42465192df9894c0dd505f72c9ce799a72811510
159_coauthor_right_not_left_kna_t10,459,9,right_not_left,,10,2,65,23,1438,132459063,coauthor,159,0,coauthor:creative:b2340ae8050543cbb74906ff4a96e850,0,d3e98318309f910220e0dccae50507743aca4e19177911beffa3f088b87c533e,891c0a31db7ee211970854fca529e7dc1d8fd07cdf842d422da0b0c13833a373
160_coauthor_right_not_left_kna_t11,460,10,right_not_left,,11,2,65,25,1563,2117016861,coauthor,160,0,coauthor:creative:5f020c0bdea94db5aad0478ba02f2924,0,6bf8e040409f4b27b83963f33a7ce087a87d746784ce829de53983a588667da8,b1947d236d2f010111f93d2ad3470209c63932ed557d1d7170385faaa4657465
161_coauthor_right_not_left_kna_t12,461,11,right_not_left,,12,2,65,27,1688,806062639,coauthor,161,0,coauthor:creative:94492b7851ad432da7385f1bb6d18fe8,0,cf6c897315611027109ec8e7197735fb0857890fdf9830fc6d3bf6943fa5c842,19e7ec4501f04fb0b2235d4a4a245d3323301098fd856f554df9fcc72a1b1d85
162_coauthor_right_not_left_kna_t13,462,12,right_not_left,,13,2,65,29,1813,1992395989,coauthor,162,0,coauthor:creative:aa259a5e72c5426ebaa0b2ef7be4aed7,0,89da68e30e37e1a14397c633cd8219f3a4eaf302847e3e3e675ce75db0ec556a,53ff4a74ae7b9076d88aa6776cccd6d43ed4a805faa4ae3d2e36449b5ed313e5
163_coauthor_right_not_left_kna_t14,463,13,right_not_left,,14,2,65,31,1938,1109023699,coauthor,163,0,coauthor:creative:db169bdfdf294eaab67ca9aeb7a7f948,0,0916ad6b043ab2da4884caa4b6830c8e35f9598396815ad80a98bbe5b98bd719,733e98f2534d0a6a656bb933d26bf8e22999408cda4a919bab1d347f02d5b169
164_coauthor_right_not_left_kna_t15,464,14,right_not_left,,15,2,65,33,2063,1399142382,coauthor,164,0,coauthor:creative:06209e0aab79451d994d756ff3542754,0,7437ab9be577df6d381ffcd1301343841143a2a800e30c4a2b268275cf10a52a,3f37174e2e2d3820fd8ee601e563681182e55d2535c9f408a7500337807be9c9
165_coauthor_right_not_left_kna_t16,465,15,right_not_left,,16,2,65,35,2188,2036849242,coauthor,165,0,coauthor:creative:7d049bd04eb445fd865f447f243998b4,0,450ecf67ff2e6fb78355ed105a277198e4d3e1d19f25633ac30f0b316710e7c6,136eb38b454398b296da16cb44cbc4772cbd73d42945c707bc623d9238866a9b
150_coauthor_right_not_left_kna_t1_rep1,466,0,right_not_left,,1,2,65,4,313,291077150,coauthor,150,1,coauthor:creative:bd761f35e22b41bcb90697aa4c0050e0,0,84c2435c6e04ef3b227e98675f6a5172c6e21150662a4418b65bc095672a7f64,d67a3ce5eb9c507047a4e0d71673f45b0ad1f552c65dc3061795cfbfda98dcd2
151_coauthor_right_not_left_kna_t2_rep1,467,1,right_not_left,,2,2,65,7,438,55704586,coauthor,151,1,coauthor:creative:66b3ac872822426e81bab531fb15d8a0,0,d83be02a3bce41a259b4c8a3c8dbf6a8065bcb2fe9ad9aabaedec82deaa082ad,562052341546fd621f5368da9bb0bc66679ffe6aa77fd2acd3ece429e3825521
152_coauthor_right_not_left_kna_t3_rep1,468,2,right_not_left,,3,2,65,9,563,556996197,coauthor,152,1,coauthor:creative:79757c30997549af8a2d741ed49ff453,0,f86f5c761b8e56406aa712b0ecbf43e0ee0fabfa5b51dc480335e98cdc35cefe,3466cbb14581e82786a7e73f3ce2e760e718503470ea2b2b6383e2a3c55b6ec8
153_coauthor_right_not_left_kna_t4_rep1,469,3,right_not_left,,4,2,65,11,688,750860529,coauthor,153,1,coauthor:creative:ed645ae457f04bdda9562f4aa0003ce1,0,628acc84521135fc63045b978bbf2bddb7c4cda827c29c47fd9019779532479f,3be08d7f15f60ada712740e762732f319a70f04015a3eb1097740e3391cbbe5f
154_coauthor_right_not_left_kna_t5_rep1,470,4,right_not_left,,5,2,65,13,813,109756301,coauthor,154,1,coauthor:creative:1a0d49b00ae844df971176e9aab9b18a,0,403ab505d98967d502d6aa5634b24b1fe3031f110c0083176426d935f5e5cb4d,a1ce55393f826f229f8079191b0f2cf84c1cfa905d422c2e398908ceec5223ed
155_coauthor_right_not_left_kna_t6_rep1,471,5,right_not_left,,6,2,65,15,938,1571560156,coauthor,155,1,coauthor:creative:12c0273868a84564a5f001c3c086f69f,0,df219e1ecab08f806a4df4c45d9f6b1fbb06dbf4afd612522728bbfb4f122ce5,d6eb56f801b894bf9936b68d4ca216fc5166a5360279734841d5900f3d6f95d8
156_coauthor_right_not_left_kna_t7_rep1,472,6,right_not_left,,7,2,65,17,1063,1927330526,coauthor,156,1,coauthor:creative:65936cbe394149c6b24802cad630e2d7,0,85032a0c4e0489611681fc0502609750ea5409fa9191a68871c3c079661390b0,c59c6f2c48c7a9d14b3301ae3a657044fea0675e6b5e407df6bd21a0511c4f47
157_coauthor_right_not_left_kna_t8_rep1,473,7,right_not_left,,8,2,65,19,1188,533322675,coauthor,157,1,coauthor:creative:f3bd97b3642443f0869190c50ad0b771,0,86ba88c3d94243d3c899cd54d56ba8c6430a0e5d361d701ee1c23e7d76c3c9cc,967a75255c7e557cd1329820ba2e7b9ba3fefeb18ebb2639ffecfded291d415d
158_coauthor_right_not_left_kna_t9_rep1,474,8,right_not_left,,9,2,65,21,1313,472441977,coauthor,158,1,coauthor:creative:864b77f0d5f34f2b9946e518cdeee98a,0,5d336a5af75fc90bbcf835f5108c6a2be3fd8e3684ca0c624a7d23ea30969fa1,f37cbb354d10b932f5feb05bb10400044d151c6765b8b779eb15ebcd6f910947
159_coauthor_right_not_left_kna_t10_rep1,475,9,right_not_left,,10,2,65,23,1438,991131404,coauthor,159,1,coauthor:creative:696d64891a2947f6af20032eef450ff7,0,35eed42cc645f9ef00a60872dfb0333658bbb1a19d3e856fffdb94c729fa7b5f,ff660484322ca50bbdc9b2ef0110bbeab5e8f853321e742f069dd79ff1ad0780
160_coauthor_right_not_left_kna_t11_rep1,476,10,right_not_left,,11,2,65,25,1563,656067478,coauthor,160,1,coauthor:creative:3d6d562a736a49509c20be372a83d111,0,339154682a7e871c3423a71df5962b6a0834530990555dde51498cfd6f08b662,6b2a8ed4722f1566e696437553272b91d8dc67d8e65f66d6f57cefd01cf0ecbd
161_coauthor_right_not_left_kna_t12_rep1,477,11,right_not_left,,12,2,65,27,1688,1678836306,coauthor,161,1,coauthor:creative:120f688d383d4775a51fc45728e771de,0,cebd3ffa669ec75811b8d584ee7a3ad2e8d689dde28d634b5bb72d37b0c6d986,331bff11afbebc0459f3c5772246e6d0286c0cdcc494efe78180d46a3ab0e61c
162_coauthor_right_not_left_kna_t13_rep1,478,12,right_not_left,,13,2,65,29,1813,103503325,coauthor,162,1,coauthor:creative:575d39d6fb394e859cb5c29fd5ad876e,0,7a113f9f89a847038c5dacd082c958e4c55f84fb4256e1585e3b0717cef9269a,ff2ca58f96e0a0e9b7312993429032dcb488e52565a6f77c627dbf2747d34c2d
163_coauthor_right_not_left_kna_t14_rep1,479,13,right_not_left,,14,2,65,31,1938,77087838,coauthor,163,1,coauthor:creative:90a244e4c76240ab942d8f56b971b6f2,0,e3b9e32a3073eb5df21e5561307f965117850ed305034a60b4908fdf7bdd879d,4b788c6996dce26b6f4acff7aaf786467efeaab904df475ebdaef8241a05ba0f
164_coauthor_right_not_left_kna_t15_rep1,480,14,right_not_left,,15,2,65,33,2063,1560487632,coauthor,164,1,coauthor:creative:09c68920f9e5434bb35a22e1909f324a,0,a245c057fc733351fde64ec53a6c3c489d70a9a791ae327a5cae2a8541f5c94e,c14d27c3ce92c36c30817d9af694bef417865e6dca6d677273d4f211381141bf
165_coauthor_right_not_left_kna_t16_rep1,481,15,right_not_left,,16,2,65,35,2188,1165335327,coauthor,165,1,coauthor:creative:3be804ca8a1d41a4ba5cdeb64b126575,0,4d5dfedfb24586de7888cc8f53cd6f29bff9c9d923ded1aa4eda4ba9d167fac8,1b1f6dc5d117943ca6f127215679d6be55123a4e01b0ad66f3d5e3fc7a6ee57d
150_coauthor_right_not_left_kna_t1_rep2,482,0,right_not_left,,1,2,65,4,313,375272172,coauthor,150,2,coauthor:creative:7267ada18a784f5089b55427212251b3,0,6d03a1d45548741181f9e48d51c1391d125be9ad2c81afc004cdaa602f9cf0fa,46a5c6004929eb9582228acc498ef1c049127a722344ee9282b91457ca7f6a33
151_coauthor_right_not_left_kna_t2_rep2,483,1,right_not_left,,2,2,65,7,438,181599629,coauthor,151,2,coauthor:creative:0837a09ef77a4f20b3a341a47276288b,0,464c3bc50218ae9e701aa649e8e568b48da5e2c3e238c8804cc8ac6d5eb328dc,a233dff239db4f2e7a2e021730c80409f62e694b8195bf2e2ffef23b4819948e
152_coauthor_right_not_left_kna_t3_rep2,484,2,right_not_left,,3,2,65,9,563,91810545,coauthor,152,2,coauthor:creative:9989ea7d26a94464a9d94f68bc7832e9,0,6b9117ee8fdc0b3f7f35057788a48d73fafa1e81a73216429318763eae091e33,b7e2825d011bf42694b6a9124accfede6c0866f7d8ff25a5a47c6a753f6b9b4b
153_coauthor_right_not_left_kna_t4_rep2,485,3,right_not_left,,4,2,65,11,688,220592453,coauthor,153,2,coauthor:creative:af3a9e8494e54fa0a28ecb7267f02018,0,1c7af8ff2bf2cbb5f871484dd829219748a5f7834778bd3c32091edd3be06f85,f06c11c8c71a190888c37a24901f18f447d92eaa1debf764c3a16aff25170247
154_coauthor_right_not_left_kna_t5_rep2,486,4,right_not_left,,5,2,65,13,813,2001577123,coauthor,154,2,coauthor:creative:1450f586cc5543b69ba4c22ebd2c7fa0,0,a48c8b8af3f29da6a59923acd9052efd67d476bc70685a9639032ae72523f644,78527d813258831218344c8d11d436ab1b9234069d63902bb2dd4aebd576e5bf
155_coauthor_right_not_left_kna_t6_rep2,487,5,right_not_left,,6,2,65,15,938,369529025,coauthor,155,2,coauthor:creative:fb0562d64a314d2088af7d18ea7dc210,0,ac1fc0375c85965dfe68a9368791ff101c930bc9fe1ea4338be1f3a7814816f1,ad982c2b14607c6446da3080c77c86daadd14b634abd061671854c7ef2dcbbc8
156_coauthor_right_not_left_kna_t7_rep2,488,6,right_not_left,,7,2,65,17,1063,1235011510,coauthor,156,2,coauthor:creative:c65f1ff1c8674f12bbb3a4a4b62ec7f1,0,b5c30cde2c9967cde739ab7bf2e2b0d23fd4d3a3fd1c6cfc657f8aa7ae6fa78a,0f40fa9a913a7fc5d275f2a39b1d1a034fe430df2a1c975a42fe47096599cd83
157_coauthor_right_not_left_kna_t8_rep2,489,7,right_not_left,,8,2,65,19,1188,189499705,coauthor,157,2,coauthor:creative:7e48dc0c20c340f9b0cfe73fd8d198b6,0,a344eb78e2f402b164713e5ab7bd3c82e6bd7f992567f47a3fc49d9d7ff7f8cb,85b465302ad73681e9b1cf1a8eca49297a80b24f646bf8fd32a0544d4c1c367a
158_coauthor_right_not_left_kna_t9_rep2,490,8,right_not_left,,9,2,65,21,1313,1330847957,coauthor,158,2,coauthor:creative:81b30967f40349e5b0e333f1e4851ce4,0,4031c9beac714e3ba96648dee0222cfb328c2545e3c5a852835a0c7a10b20151,9716b8242183846c53a5dd0075255b84d7915a000f27cd3c95b7664cdb2b9460
159_coauthor_right_not_left_kna_t10_rep2,491,9,right_not_left,,10,2,65,23,1438,354284196,coauthor,159,2,coauthor:creative:36a7437e63c64ad99a8e4cc9433a7be1,0,645bc75282e6ed9f2fc3b313ad78b6c8cabe583fb43cd2ad01f0400b16012953,3e3b5b0a5d1ff45d9314ceac0458eb0e6a334c9b1ffcd18f47ee8270df9855ec
160_coauthor_right_not_left_kna_t11_rep2,492,10,right_not_left,,11,2,65,25,1563,1838535376,coauthor,160,2,coauthor:creative:da4fed90272b41edb41f63fed4a928f0,0,698c880e898072b9731ccfa420fc7a0d2b255b88f3806f07bde14859613b0a1f,ee636cc584c36d46f10bb64e0bf993851a426e233a31f9d24d49578dda06810b
161_coauthor_right_not_left_kna_t12_rep2,493,11,right_not_left,,12,2,65,27,1688,1764169297,coauthor,161,2,coauthor:creative:786e6c194f0a4fd182440d297bfc3b9f,0,fed4fa21970ba97898f9823dcbb3edc4caaff28eed94693689068e1e7bd21f28,cdf62e81e82420b9d2db6c9979e612ed7f077027c536059b8c32055922a56c8c
162_coauthor_right_not_left_kna_t13_rep2,494,12,right_not_left,,13,2,65,29,1813,634652853,coauthor,162,2,coauthor:creative:8462cd8c839f4ebbb940326f3af1922c,0,1e43cda33896ad43f401373060769109312d25ce62461eb2d3722da47bd8b145,8848bc5998e1e15e5001cfa8e32a7f02e4266be631e9234a58aaf35945944c1f
163_coauthor_right_not_left_kna_t14_rep2,495,13,right_not_left,,14,2,65,31,1938,564958425,coauthor,163,2,coauthor:creative:bad20cdce8404ef3b6992ae8758105d2,0,15e38750df54207ef5fe76e5a425a6c82355ae968aa81200a5ede227ae67b491,6ea389002d3843ad9f9e1f8fd5196a9595cd97593b8636fd0d6d72edfc7d9617
164_coauthor_right_not_left_kna_t15_rep2,496,14,right_not_left,,15,2,65,33,2063,642190226,coauthor,164,2,coauthor:creative:b3528173b35442d09e2aadaf4d06defe,0,ab29e3e7b22c449e7f690964f9f491efcbc763c7215af00ad1a800e8e23aef12,4dd5f8db24062eeb29eef635f7166f99b3321b0459593ba2aadafc01c0656fc2
165_coauthor_right_not_left_kna_t16_rep2,497,15,right_not_left,,16,2,65,35,2188,795645006,coauthor,165,2,coauthor:creative:3f069ddebc85414f8c650c1f9e78a498,0,a93020517f6a04e3c348cec209b28b1bd74fc1b5de86f7f62d9f6d4b97a85e13,70d312775645da74a98e030be56978ebf53c4ae22d3be50efeeddcc3287d9863
150_coauthor_right_not_left_kna_t1_rep3,498,0,right_not_left,,1,2,65,4,313,1411941165,coauthor,150,3,coauthor:creative:d16a6136b82b42eba1e61ff0a4ac3293,0,91aebdfdbb9dcb2d04920b09e40e5af7f4f24e003f537eea3db2f37d8d610479,06b3ec2e8a836e9e7f63fe978057f4d968b376b5c1d6a8677fb39d93204168d6
165_coauthor_right_not_left_kna_t16_rep3,499,15,right_not_left,,16,2,65,35,2188,1152027960,coauthor,165,3,coauthor:creative:a1818a53e4114dd3a3f002dc7f2c2f58,0,03355aa682d5ae9145ee7445dc171b3417786db58517d05f5d77ecffdc2cb40e,37fafa3f3463b4d836568e5ee38a612a0b3b54890e06e5dcd318e1aa2fd271cb
