job_id,design_index,family_index,constraint,k,t,n_low,n,nfa_states,unrolled_states,seed,dataset,structural_cell_index,replicate_index,base_instance_id,multi_token_keyword_count,compiled_constraint_sha256,job_sha256,status,failure_kind,timeout_s,precompute_timeout_s,generation_timeout_s,timed_out,timeout_phase,progress_phase,worker_subprocess_runtime_s,grammar_build_runtime_s,compile_runtime_s,xgrammar_precompute_runtime_s,setup_runtime_s,grammar_rule_count,grammar_edge_count,grammar_bytes,compiled_grammar_memory_bytes,model_vocab_size,initial_mask_audit,model_load_runtime_s,method,tokenizer_config_load_runtime_s,generation_runtime_s,prompt_token_count,generated_total_len,generated_content_len,generated_token_ids,generated_content_token_ids,canonical_eos_token_id,terminal_token_ids,terminal_eos_token_id,terminal_eos_count,terminated_with_eos,hit_content_token_cap,keyword_occurrence_counts,generated_text,valid_generation,peak_gpu_allocated_bytes,worker_total_runtime_s
000_coauthor_kth_last_k1_t1,0,0,kth_last,1,1,2,65,3,254,1491181096,coauthor,0,0,coauthor:creative:d85ddd25fd5641a78bc996b77c55e82a,0,d30f7793308cbc1eb479b5981ba69b844943116bd3692bf74ccf6d25393c25bd,dbe174113ec5b656be980d7f90d88cad2bd10b32d18809831082c60b3b821222,success,,512.0,512.0,512.0,False,,model_loaded,20.132398594985716,0.5245145260123536,0.028662444034125656,0.5531769700464793,0.5531769700464793,132,317,5296,973561,248320,"{""allowed_count"": 248068, ""expected_count"": 248068, ""missing_expected"": [], ""ok"": true, ""stop_token_ids"": [248044, 248046], ""unexpected_allowed"": []}",2.752152056025807,xgrammar,0.8394907870097086,3.2259105049888603,190,65,64,"[19205, 836, 62374, 10771, 321, 6745, 16432, 11, 781, 6273, 16323, 15535, 321, 62126, 364, 524, 20756, 836, 1765, 12177, 1345, 781, 1990, 995, 854, 310, 2965, 2235, 13, 85635, 267, 264, 1814, 4364, 539, 4574, 2730, 321, 24860, 12177, 11, 781, 14607, 440, 7578, 44367, 421, 23890, 2199, 579, 1534, 12096, 8526, 12806, 4156, 781, 995, 19839, 364, 303, 411, 18458, 13, 523, 248046]","[19205, 836, 62374, 10771, 321, 6745, 16432, 11, 781, 6273, 16323, 15535, 321, 62126, 364, 524, 20756, 836, 1765, 12177, 1345, 781, 1990, 995, 854, 310, 2965, 2235, 13, 85635, 267, 264, 1814, 4364, 539, 4574, 2730, 321, 24860, 12177, 11, 781, 14607, 440, 7578, 44367, 421, 23890, 2199, 579, 1534, 12096, 8526, 12806, 4156, 781, 995, 19839, 364, 303, 411, 18458, 13, 523]",248046,"[248046, 248044]",248046,1,True,True,[1],"Despite their youthful appearance and physical capabilities, they felt incredibly guilty and betrayed for not enjoying their own youth while they still had time to grow old. Amidst a world defined by perfect health and endless youth, they realized with growing despair that accepting life's final chapter meant losing everything they had fought for in this lifetime. class",True,3808100352,8.700157824961934
001_coauthor_kth_last_k3_t1,1,1,kth_last,3,1,2,65,5,370,1899553348,coauthor,1,0,coauthor:creative:1ff18e51f2a1466f97bb3dbfbaf98ba6,0,5da9ec7682fc15606876da5d417eb30c41f9d7aa26af5a9c17227aae4fef1ce9,c0cc946d5e63a755046d8212b01548cd010cd01ab52aed3b2ffadcd23039516b,success,,512.0,512.0,512.0,False,,model_loaded,20.491314676008187,0.5529777440242469,0.09416047600097954,0.6471382200252265,0.6471382200252265,252,679,11766,4440742,248320,"{""allowed_count"": 248068, ""expected_count"": 248068, ""missing_expected"": [], ""ok"": true, ""stop_token_ids"": [248044, 248046], ""unexpected_allowed"": []}",2.640407378959935,xgrammar,0.8607114829937927,3.3861850169487298,148,65,64,"[20860, 369, 1384, 11, 24137, 13120, 11, 321, 353, 2688, 36224, 310, 5326, 1910, 23066, 310, 488, 1495, 1149, 22804, 19386, 11, 780, 4593, 52385, 440, 449, 16015, 5357, 314, 68059, 13, 328, 11772, 488, 6306, 449, 3813, 3286, 314, 1004, 4864, 30, 2532, 579, 21346, 5721, 567, 944, 3658, 17244, 12922, 1973, 279, 1144, 364, 5598, 27388, 1149, 13120, 30489, 20922, 694, 46712, 248046]","[20860, 369, 1384, 11, 24137, 13120, 11, 321, 353, 2688, 36224, 310, 5326, 1910, 23066, 310, 488, 1495, 1149, 22804, 19386, 11, 780, 4593, 52385, 440, 449, 16015, 5357, 314, 68059, 13, 328, 11772, 488, 6306, 449, 3813, 3286, 314, 1004, 4864, 30, 2532, 579, 21346, 5721, 567, 944, 3658, 17244, 12922, 1973, 279, 1144, 364, 5598, 27388, 1149, 13120, 30489, 20922, 694, 46712]",248046,"[248046, 248044]",248046,1,True,True,[1],"""This is him, Charlie Kim, and I'm thrilled to finally say hello to you again."" Barack replied, his heart swelling with an unexpected sense of familiarity. ""Have you considered an official review of our relationship? There's overwhelming evidence we work together harmoniously without the need for legal proceedings."" Kim laughed retired but sincere",True,3806449152,8.891190564958379
002_coauthor_kth_last_k4_t1,2,2,kth_last,4,1,2,65,6,425,1302744492,coauthor,2,0,coauthor:creative:23b998c76c784ff29f0ddedd78128722,0,9af380aadfb8b4e3574ae37915c050a529613efd554cdfd21180477266124902,6865d6d73d51a49478ab74a25a687e7ffaf02459b53dc7cc09e86b4c036e4719,success,,512.0,512.0,512.0,False,,model_loaded,20.29448381002294,0.528550966992043,0.11451041500549763,0.6430613819975406,0.6430613819975406,309,851,14845,6936235,248320,"{""allowed_count"": 248068, ""expected_count"": 248068, ""missing_expected"": [], ""ok"": true, ""stop_token_ids"": [248044, 248046], ""unexpected_allowed"": []}",2.650107303983532,xgrammar,0.8376895319670439,3.2982816269504838,538,65,64,"[19205, 2763, 26382, 11, 279, 10647, 17066, 314, 3521, 6355, 5879, 310, 39976, 6739, 24146, 430, 16185, 17958, 28404, 310, 67091, 10655, 279, 10632, 9052, 63942, 781, 995, 38734, 22518, 1472, 836, 29310, 13, 561, 460, 314, 1724, 9013, 557, 14661, 18748, 430, 449, 28991, 6429, 11, 694, 424, 5964, 3371, 8466, 1083, 11712, 430, 5656, 68097, 310, 11394, 279, 40969, 479, 87181, 314, 248044]","[19205, 2763, 26382, 11, 279, 10647, 17066, 314, 3521, 6355, 5879, 310, 39976, 6739, 24146, 430, 16185, 17958, 28404, 310, 67091, 10655, 279, 10632, 9052, 63942, 781, 995, 38734, 22518, 1472, 836, 29310, 13, 561, 460, 314, 1724, 9013, 557, 14661, 18748, 430, 449, 28991, 6429, 11, 694, 424, 5964, 3371, 8466, 1083, 11712, 430, 5656, 68097, 310, 11394, 279, 40969, 479, 87181, 314]",248046,"[248046, 248044]",248044,1,True,True,[1],"Despite initial excitement, the sudden integration of global trade led to fierce economic wars as nations rapidly adapted to replenishing the massive asset shortages they had accumulated exclusively through their isolation. The return of open exchange was initially viewed as an unprecedented opportunity, but it quickly devolved into conflict as countries scrambled to recover the dragging trillions of",True,3850455040,8.793767346011009
003_coauthor_kth_last_k6_t1,3,3,kth_last,6,1,2,65,8,529,1308401230,coauthor,3,0,coauthor:creative:34f5ead6ffce44cfbdbd9cd0ef47f0c5,0,4e6e6476660f55db124cf40fe34e5ad8b68e6abb01e22a759405b9a6200e2ef8,6d2cb1a18927cf8f5b7af3f17123dbdd5b883eb6325c08b69c82484bd5be59e2,success,,512.0,512.0,512.0,False,,model_loaded,20.06493163097184,0.5308109800098464,0.15859771700343117,0.6894086970132776,0.6894086970132776,417,1177,20691,13165306,248320,"{""allowed_count"": 248068, ""expected_count"": 248068, ""missing_expected"": [], ""ok"": true, ""stop_token_ids"": [248044, 248046], ""unexpected_allowed"": []}",2.424404400982894,xgrammar,0.8362568449811079,3.315172972972505,398,65,64,"[2053, 488, 9973, 310, 4191, 411, 2199, 47226, 6038, 440, 678, 2902, 11, 678, 6764, 5686, 45359, 506, 678, 22773, 7497, 13, 4465, 6351, 11, 22417, 16350, 1441, 1024, 3460, 11, 85111, 421, 1024, 24279, 369, 1381, 9896, 440, 6992, 11, 7169, 18698, 13, 30135, 11, 678, 35467, 33700, 836, 37629, 421, 488, 1683, 488, 6408, 321, 1436, 70828, 506, 279, 8464, 314, 1092, 248046]","[2053, 488, 9973, 310, 4191, 411, 2199, 47226, 6038, 440, 678, 2902, 11, 678, 6764, 5686, 45359, 506, 678, 22773, 7497, 13, 4465, 6351, 11, 22417, 16350, 1441, 1024, 3460, 11, 85111, 421, 1024, 24279, 369, 1381, 9896, 440, 6992, 11, 7169, 18698, 13, 30135, 11, 678, 35467, 33700, 836, 37629, 421, 488, 1683, 488, 6408, 321, 1436, 70828, 506, 279, 8464, 314, 1092]",248046,"[248046, 248044]",248046,1,True,True,[1],"As you decide to share this life-changing secret with your family, your father looks stunned at your transformed voice. Your mother, tears streaming down her face, whispers that her workshop is now filled with moving, talking flowers. Together, your siblings whisper their doubts that you think you heard and see recoil at the reality of what",True,3834827264,8.58749996201368
004_coauthor_kth_last_k7_t1,4,4,kth_last,7,1,2,65,9,578,1573029600,coauthor,4,0,coauthor:creative:c793fab594334531a25d19557c0f5ee0,0,3c08b203a30371a53478644eda63019c7a6f4ee03a7052b45c5f8ffa9046bc6b,74e92a16c86525621d57dd093bb0016f21a7d81f06450d7be7df8bcf97fb398e,success,,512.0,512.0,512.0,False,,model_loaded,16.09055903996341,0.5411940049962141,0.17879666003864259,0.7199906650348566,0.7199906650348566,468,1331,23458,16790572,248320,"{""allowed_count"": 248068, ""expected_count"": 248068, ""missing_expected"": [], ""ok"": true, ""stop_token_ids"": [248044, 248046], ""unexpected_allowed"": []}",2.532465785043314,xgrammar,0.8620707159861922,3.3850874439813197,573,65,64,"[1, 12189, 1179, 488, 2908, 3512, 919, 314, 279, 2015, 60566, 3725, 5847, 11, 1092, 513, 678, 19292, 364, 1004, 9191, 57394, 279, 11182, 16089, 7285, 80426, 4439, 11, 34869, 93040, 13, 328, 39113, 728, 883, 279, 3725, 11, 44409, 1149, 561, 4614, 30489, 11, 5315, 11, 328, 760, 3725, 369, 303, 678, 5888, 11, 29753, 1149, 4542, 13, 733, 15210, 314, 279, 4299, 248046]","[1, 12189, 1179, 488, 2908, 3512, 919, 314, 279, 2015, 60566, 3725, 5847, 11, 1092, 513, 678, 19292, 364, 1004, 9191, 57394, 279, 11182, 16089, 7285, 80426, 4439, 11, 34869, 93040, 13, 328, 39113, 728, 883, 279, 3725, 11, 44409, 1149, 561, 4614, 30489, 11, 5315, 11, 328, 760, 3725, 369, 303, 678, 5888, 11, 29753, 1149, 4542, 13, 733, 15210, 314, 279, 4299]",248046,"[248046, 248044]",248046,1,True,True,[1],"""Since then you've become part of the team advising future leaders, what are your predictions for our generation navigating the challenges tomorrow?"" JFK asked, smiling warmly. ""Tell me about the future, Roosevelt."" The president laughed, saying, ""The future is in your hands, Barry."" favor. In honor of the moment",True,3852261376,8.810259438992944
005_coauthor_kth_last_k9_t1,5,5,kth_last,9,1,2,65,11,670,70697510,coauthor,5,0,coauthor:creative:b6936e96569b4b878e78370c516df55b,0,e839a50c9352b8f46d2117565d1b8591f4210ae45ea43f31dceb148374cfe444,b5f2c6083921851d471d6b36399d7fcff23e5207ccb4a7c1cb193393bc65c4df,success,,512.0,512.0,512.0,False,,model_loaded,15.816495613020379,0.5394186180201359,0.19120582495816052,0.7306244429782964,0.7306244429782964,564,1621,28904,24806725,248320,"{""allowed_count"": 248068, ""expected_count"": 248068, ""missing_expected"": [], ""ok"": true, ""stop_token_ids"": [248044, 248046], ""unexpected_allowed"": []}",2.2682874529855326,xgrammar,0.8217879710136913,3.2792531159939244,300,65,64,"[69510, 11, 279, 6437, 557, 22316, 321, 12955, 11, 47973, 678, 6351, 310, 28314, 86950, 488, 421, 279, 52489, 557, 1132, 264, 46931, 314, 678, 48477, 2876, 11, 321, 19020, 1238, 11, 488, 7338, 64524, 303, 279, 1740, 430, 1208, 20359, 9734, 310, 3579, 1727, 854, 13, 318, 8839, 25, 5788, 279, 9640, 5954, 364, 52385, 11, 7594, 449, 13522, 8512, 3814, 21605, 29015, 248046]","[69510, 11, 279, 6437, 557, 22316, 321, 12955, 11, 47973, 678, 6351, 310, 28314, 86950, 488, 421, 279, 52489, 557, 1132, 264, 46931, 314, 678, 48477, 2876, 11, 321, 19020, 1238, 11, 488, 7338, 64524, 303, 279, 1740, 430, 1208, 20359, 9734, 310, 3579, 1727, 854, 13, 318, 8839, 25, 5788, 279, 9640, 5954, 364, 52385, 11, 7594, 449, 13522, 8512, 3814, 21605, 29015]",248046,"[248046, 248044]",248046,1,True,True,[1],"Fortunately, the pain was mild and temporary, prompting your mother to gently reassure you that the sting was only a symptom of your lifelong condition, and shortly after, you sat peacefully in the car as people safely prepared to handle next time. (Note: While the prompt allows for swelling, adding an immediate hospital visit contradicts",True,3821367808,8.356856726051774
006_coauthor_kth_last_k11_t1,6,6,kth_last,11,1,2,65,13,754,771436552,coauthor,6,0,coauthor:creative:dcb6bb7ac50740b49deae5bf9a0dc942,0,bd47d367b55f7a16cc2eea365298bcb93336cb6137f099360834ae1870284552,31d45910244aba5bde2b1352c502db2bc7fa3347108ff8e3a344a238ece8da9d,success,,512.0,512.0,512.0,False,,model_loaded,15.680016718048137,0.5068129209685139,0.2323816940188408,0.7391946149873547,0.7391946149873547,652,1887,34130,33525826,248320,"{""allowed_count"": 248068, ""expected_count"": 248068, ""missing_expected"": [], ""ok"": true, ""stop_token_ids"": [248044, 248046], ""unexpected_allowed"": []}",2.496391571010463,xgrammar,0.806127539020963,3.309992503025569,213,65,64,"[29781, 314, 4162, 11, 279, 15780, 51856, 279, 35997, 310, 11137, 440, 1024, 11, 694, 430, 279, 13280, 16710, 45646, 8574, 1024, 22806, 310, 8418, 11, 279, 24924, 21200, 53507, 321, 279, 35997, 579, 7497, 22773, 1083, 264, 39888, 74968, 421, 33757, 279, 1546, 39144, 314, 279, 31508, 13, 3095, 279, 15780, 5326, 82248, 279, 35997, 71222, 8366, 279, 4751, 321, 16561, 413, 279, 248046]","[29781, 314, 4162, 11, 279, 15780, 51856, 279, 35997, 310, 11137, 440, 1024, 11, 694, 430, 279, 13280, 16710, 45646, 8574, 1024, 22806, 310, 8418, 11, 279, 24924, 21200, 53507, 321, 279, 35997, 579, 7497, 22773, 1083, 264, 39888, 74968, 421, 33757, 279, 1546, 39144, 314, 279, 31508, 13, 3095, 279, 15780, 5326, 82248, 279, 35997, 71222, 8366, 279, 4751, 321, 16561, 413, 279]",248046,"[248046, 248044]",248046,1,True,True,[1],"Instead of running, the Queen commanded the bee to fly with her, but as the tiny creature dove toward her eager to serve, the honeycomb shattered and the bee's voice transformed into a terrifying roar that shook the very foundations of the castle. When the Queen finally flips the bee sideways onto the ground and asks if the",True,3813206528,8.595534161024261
007_coauthor_kth_last_k12_t1,7,7,kth_last,12,1,2,65,14,793,1709702330,coauthor,7,0,coauthor:creative:86b1e2101c3141988dd27079e6963eb7,0,3244a13fe306aaada51e4efc7049df5a9c04a598ca8f2c8936abb971325e8707,3a354e591dbef2b1cfd4b9b6252982036667a9f12194b13a0fb4c326f0279f2c,success,,512.0,512.0,512.0,False,,model_loaded,15.60772517399164,0.5439818750019185,0.24771782103925943,0.791699696041178,0.791699696041178,693,2011,36569,38037247,248320,"{""allowed_count"": 248068, ""expected_count"": 248068, ""missing_expected"": [], ""ok"": true, ""stop_token_ids"": [248044, 248046], ""unexpected_allowed"": []}",2.3551236069761217,xgrammar,0.8281760939862579,3.270203878986649,482,65,64,"[2033, 27087, 1179, 5964, 65372, 1142, 4613, 678, 2956, 1345, 488, 6052, 11834, 11, 12680, 279, 7807, 52635, 1083, 264, 15322, 551, 40940, 383, 9799, 488, 7923, 13, 1394, 809, 678, 1834, 539, 49754, 279, 4147, 23702, 310, 1384, 11, 9101, 1384, 440, 279, 17387, 694, 35594, 3487, 303, 2708, 36244, 13, 30497, 3482, 1990, 9791, 310, 9604, 1384, 440, 836, 12287, 310, 678, 248046]","[2033, 27087, 1179, 5964, 65372, 1142, 4613, 678, 2956, 1345, 488, 6052, 11834, 11, 12680, 279, 7807, 52635, 1083, 264, 15322, 551, 40940, 383, 9799, 488, 7923, 13, 1394, 809, 678, 1834, 539, 49754, 279, 4147, 23702, 310, 1384, 11, 9101, 1384, 440, 279, 17387, 694, 35594, 3487, 303, 2708, 36244, 13, 30497, 3482, 1990, 9791, 310, 9604, 1384, 440, 836, 12287, 310, 678]",248046,"[248046, 248044]",248046,1,True,True,[1],"Alfred then quickly slips back inside your room while you finish eating, turning the finished picnic into a lunch he insists on watching you eat. You end your day by handing the empty plates to him, leaving him with the delicious but forbidden food in clear triumph. helmet yet still manage to impress him with their importance to your",True,3843364352,8.524538911005948
008_coauthor_kth_last_k14_t1,8,8,kth_last,14,1,2,65,16,865,2001624439,coauthor,8,0,coauthor:creative:fe0fb4892ea749c7a67b12172793c3a4,0,d420960c0a1a637370ae2d9496fcabafd819d4596228da7f6563650f5770bf71,819618d9dee1da4766efce3d5bd48778684a7ab38684fc6cb1484f0ec474dca2,success,,512.0,512.0,512.0,False,,model_loaded,15.594192246964667,0.5244456079672091,0.31820365600287914,0.8426492639700882,0.8426492639700882,769,2241,41099,47157790,248320,"{""allowed_count"": 248068, ""expected_count"": 248068, ""missing_expected"": [], ""ok"": true, ""stop_token_ids"": [248044, 248046], ""unexpected_allowed"": []}",2.439120467985049,xgrammar,0.8607531089801341,3.2611270929919556,103,65,64,"[38748, 1040, 25854, 52773, 14338, 264, 17975, 314, 87595, 852, 6568, 12987, 69794, 1518, 31113, 1362, 809, 780, 24578, 6715, 303, 16728, 13, 271, 332, 19067, 16974, 332, 198, 85671, 11, 11884, 780, 25438, 62121, 321, 272, 9318, 494, 348, 85671, 52773, 11961, 5964, 19577, 279, 2645, 314, 279, 2824, 14644, 5587, 13, 1216, 2512, 5028, 16082, 2286, 11, 852, 557, 9668, 780, 20853, 248046]","[38748, 1040, 25854, 52773, 14338, 264, 17975, 314, 87595, 852, 6568, 12987, 69794, 1518, 31113, 1362, 809, 780, 24578, 6715, 303, 16728, 13, 271, 332, 19067, 16974, 332, 198, 85671, 11, 11884, 780, 25438, 62121, 321, 272, 9318, 494, 348, 85671, 52773, 11961, 5964, 19577, 279, 2645, 314, 279, 2824, 14644, 5587, 13, 1216, 2512, 5028, 16082, 2286, 11, 852, 557, 9668, 780, 20853]",248046,"[248046, 248044]",248046,1,True,True,[1],"Movies like Batman Forever featured a squad of superheroes who saved Matt Damon before detention could end his promising career in Hollywood.

**Movie Scene**
Batman, wearing his iconic cape and cowl from *Batman Forever*, quickly gathered the rest of the Text wallet characters. He called upon Iron Man, who was holding his smartphone",True,3800478720,8.713417980005033
009_coauthor_kth_last_k16_t1,9,9,kth_last,16,1,2,65,18,929,928504667,coauthor,9,0,coauthor:creative:7b3266e380274b95b5a7b775dd937da6,0,c73812885adee80bb805ae9401217d3474a027bcb7bff89b529f757c027be1be,a4587dbd2018fa15315adcecb7f5156d9114626e7126c04c47be38d9ec5d4906,success,,512.0,512.0,512.0,False,,model_loaded,15.339562155015301,0.5369108730228618,0.37107539898715913,0.9079862720100209,0.9079862720100209,837,2447,45165,56157121,248320,"{""allowed_count"": 248068, ""expected_count"": 248068, ""missing_expected"": [], ""ok"": true, ""stop_token_ids"": [248044, 248046], ""unexpected_allowed"": []}",2.3525178440031596,xgrammar,0.8302158350124955,3.262886424025055,262,65,64,"[2523, 12706, 421, 16894, 678, 1765, 2199, 3070, 914, 1325, 488, 310, 8415, 279, 2433, 2094, 424, 1379, 1208, 9939, 13, 1394, 9558, 678, 2279, 32298, 430, 488, 3609, 279, 9662, 80077, 279, 63298, 579, 35815, 13, 561, 16328, 2238, 15028, 678, 5944, 3883, 369, 5621, 279, 11914, 39306, 488, 513, 9149, 303, 6545, 1381, 13, 1394, 2842, 4162, 557, 678, 6224, 430, 279, 248046]","[2523, 12706, 421, 16894, 678, 1765, 2199, 3070, 914, 1325, 488, 310, 8415, 279, 2433, 2094, 424, 1379, 1208, 9939, 13, 1394, 9558, 678, 2279, 32298, 430, 488, 3609, 279, 9662, 80077, 279, 63298, 579, 35815, 13, 561, 16328, 2238, 15028, 678, 5944, 3883, 369, 5621, 279, 11914, 39306, 488, 513, 9149, 303, 6545, 1381, 13, 1394, 2842, 4162, 557, 678, 6224, 430, 279]",248046,"[248046, 248044]",248046,1,True,True,[1],You realize that ruling your own life doesn't require you to fear the things around it most people loved. You wear your power lightly as you watch the wind deflect the hive's worries. The ladybug thinks your audacity is worth the trouble unaware you are truly in charge now. You stop running was your wish as the,True,3819407360,8.696071331971325
010_coauthor_kth_last_k17_t1,10,10,kth_last,17,1,2,65,19,958,763842738,coauthor,10,0,coauthor:creative:0ce718a22fd341feb59ef4f7aede8827,0,3f59e21efef889c0c83668b95d70c4c6719be7163a76bff874fc8a79210786c0,a45a01f20c0e570ec31d4686c88caeec5bdef16354521f956d3b66f61e8044f5,success,,512.0,512.0,512.0,False,,model_loaded,15.330192421970423,0.5243775540147908,0.3899440999957733,0.9143216540105641,0.9143216540105641,868,2541,47024,60524497,248320,"{""allowed_count"": 248068, ""expected_count"": 248068, ""missing_expected"": [], ""ok"": true, ""stop_token_ids"": [248044, 248046], ""unexpected_allowed"": []}",2.3946226949919946,xgrammar,0.8241154759889469,3.2454255869961344,295,65,64,"[623, 279, 809, 11, 279, 2936, 557, 2047, 427, 84735, 440, 20600, 321, 50859, 421, 279, 18995, 1362, 8597, 1141, 8384, 3808, 975, 63638, 303, 279, 32031, 314, 264, 18458, 13, 12987, 69794, 995, 7544, 6316, 21265, 579, 11848, 9052, 1083, 1141, 1379, 11078, 5716, 1472, 264, 3401, 4954, 13, 561, 18995, 5924, 264, 39824, 303, 4858, 579, 6107, 13, 1987, 4858, 369, 1546, 248046]","[623, 279, 809, 11, 279, 2936, 557, 2047, 427, 84735, 440, 20600, 321, 50859, 421, 279, 18995, 1362, 8597, 1141, 8384, 3808, 975, 63638, 303, 279, 32031, 314, 264, 18458, 13, 12987, 69794, 995, 7544, 6316, 21265, 579, 11848, 9052, 1083, 1141, 1379, 11078, 5716, 1472, 264, 3401, 4954, 13, 561, 18995, 5924, 264, 39824, 303, 4858, 579, 6107, 13, 1987, 4858, 369, 1546]",248046,"[248046, 248044]",248046,1,True,True,[1],"In the end, the government was left riddled with corruption and terrified that the alien could spread its terror across other continents in the blink of a lifetime. Matt Damon had successfully turned humanity's greatest asset into its most dangerous threat through a services contract. The alien became a dictator in everyone's lives. So everyone is very",True,3821110272,8.6937865280197
011_coauthor_kth_last_k19_t1,11,11,kth_last,19,1,2,65,21,1010,2050047378,coauthor,11,0,coauthor:creative:aa563d648ec34088a3e6d3924b53cffe,0,aec4bd59b6d9cd54df80387fe4b2b42461dc349c07d9ed62a716b87fe8a6352f,a750589eb9a559ebf744436ef0caffb6315f73e076fa29b42ac182d57a239af3,success,,512.0,512.0,512.0,False,,model_loaded,15.323617263988126,0.5381125379935838,0.38814962503965944,0.9262621630332433,0.9262621630332433,924,2711,50394,68838430,248320,"{""allowed_count"": 248068, ""expected_count"": 248068, ""missing_expected"": [], ""ok"": true, ""stop_token_ids"": [248044, 248046], ""unexpected_allowed"": []}",2.41532011795789,xgrammar,0.8230228680185974,3.236925567034632,164,65,64,"[760, 3379, 321, 975, 85707, 17198, 1083, 780, 2526, 11, 11012, 3626, 440, 24860, 4602, 15193, 310, 1831, 279, 1844, 7458, 494, 3629, 13, 3629, 8198, 6379, 20413, 11, 50859, 421, 780, 4145, 2199, 321, 21333, 2854, 4021, 19643, 440, 31477, 466, 15919, 780, 804, 18730, 10412, 13, 4486, 264, 1248, 321, 27817, 20513, 11, 551, 27373, 79808, 264, 20413, 44905, 1518, 551, 21780, 248044]","[760, 3379, 321, 975, 85707, 17198, 1083, 780, 2526, 11, 11012, 3626, 440, 24860, 4602, 15193, 310, 1831, 279, 1844, 7458, 494, 3629, 13, 3629, 8198, 6379, 20413, 11, 50859, 421, 780, 4145, 2199, 321, 21333, 2854, 4021, 19643, 440, 31477, 466, 15919, 780, 804, 18730, 10412, 13, 4486, 264, 1248, 321, 27817, 20513, 11, 551, 27373, 79808, 264, 20413, 44905, 1518, 551, 21780]",248046,"[248046, 248044]",248044,1,True,True,[1],"The press and other dads flood into his small, quiet house with endless questions hoping to take the top spot from John. John remains completely silent, terrified that his simple life and genuine love cannot compete with fame or reveal his true investigate rating. After a long and awkward silence, he surprisingly nods a silent goodbye before he walks",True,3807078400,8.770175456011202
012_coauthor_kth_last_k20_t1,12,12,kth_last,20,1,2,65,22,1033,1997180275,coauthor,12,0,coauthor:creative:f02fab15925149cf9daa0f299d54f587,0,1501e7778a423229f0c22aed7b2234bf20c371f5cfe7c6aaf56c80bd654ce9c6,0e37aee19dbdd159ca605e911857d66142960e0a06d09ff18170d523194e2724,success,,512.0,512.0,512.0,False,,model_loaded,15.332536431029439,0.5467790249967948,0.38698736298829317,0.9337663879850879,0.9337663879850879,949,2787,51905,72728467,248320,"{""allowed_count"": 248068, ""expected_count"": 248068, ""missing_expected"": [], ""ok"": true, ""stop_token_ids"": [248044, 248046], ""unexpected_allowed"": []}",2.5161266780341975,xgrammar,0.8713416730170138,3.2858389950124547,174,65,64,"[760, 35997, 67574, 321, 30004, 3023, 11, 9101, 728, 310, 1732, 279, 13280, 16710, 1441, 279, 75993, 41982, 44350, 1518, 5326, 15783, 264, 6925, 2956, 506, 279, 809, 314, 279, 49093, 13, 14691, 14314, 5106, 728, 32473, 3315, 821, 57638, 557, 2590, 264, 19381, 20645, 321, 524, 264, 21333, 2876, 13, 561, 35997, 2496, 352, 2116, 11, 321, 353, 2496, 6273, 421, 6437, 430, 248046]","[760, 35997, 67574, 321, 30004, 3023, 11, 9101, 728, 310, 1732, 279, 13280, 16710, 1441, 279, 75993, 41982, 44350, 1518, 5326, 15783, 264, 6925, 2956, 506, 279, 809, 314, 279, 49093, 13, 14691, 14314, 5106, 728, 32473, 3315, 821, 57638, 557, 2590, 264, 19381, 20645, 321, 524, 264, 21333, 2876, 13, 561, 35997, 2496, 352, 2116, 11, 321, 353, 2496, 6273, 421, 6437, 430]",248046,"[248046, 248044]",248046,1,True,True,[1],"The bee surrendered and flew away, leaving me to follow the tiny creature down the pollen-filled corridor before finally entering a safety room at the end of the hallway. Such situations leave me questioning whether my allergy was always a childhood duties and not a genuine condition. The bee never stung, and I never felt that pain as",True,3807471104,8.895311127998866
013_coauthor_kth_last_k22_t1,13,13,kth_last,22,1,2,65,24,1073,785059014,coauthor,13,0,coauthor:creative:499f9577962c4a2c98aee3f5b6098a71,0,32569dad7078dd05304d51dd0478531770ec584b8e9315d76c3d110937f0b99f,49d1cd1d3456a1bb02ba45ba5c89b3b11d9d5f57dfac798b6b1587394538bbd5,success,,512.0,512.0,512.0,False,,model_loaded,15.204594682960305,0.5145370020181872,0.38443724997341633,0.8989742519916035,0.8989742519916035,993,2921,54579,79848322,248320,"{""allowed_count"": 248068, ""expected_count"": 248068, ""missing_expected"": [], ""ok"": true, ""stop_token_ids"": [248044, 248046], ""unexpected_allowed"": []}",2.526411016995553,xgrammar,0.8189934020047076,3.289497060002759,508,65,64,"[19205, 1024, 2763, 10439, 321, 20684, 11, 279, 5054, 11330, 279, 37622, 421, 264, 542, 75265, 36452, 557, 1381, 5326, 31924, 1024, 310, 11655, 1332, 660, 3555, 13161, 995, 20230, 2716, 11, 33767, 279, 6941, 314, 264, 491, 2993, 314, 3511, 13, 62035, 440, 279, 37421, 369, 1066, 1076, 430, 3349, 1076, 424, 682, 978, 264, 1248, 854, 321, 1292, 579, 524, 2019, 310, 248046]","[19205, 1024, 2763, 10439, 321, 20684, 11, 279, 5054, 11330, 279, 37622, 421, 264, 542, 75265, 36452, 557, 1381, 5326, 31924, 1024, 310, 11655, 1332, 660, 3555, 13161, 995, 20230, 2716, 11, 33767, 279, 6941, 314, 264, 491, 2993, 314, 3511, 13, 62035, 440, 279, 37421, 369, 1066, 1076, 430, 3349, 1076, 424, 682, 978, 264, 1248, 854, 321, 1292, 579, 524, 2019, 310]",248046,"[248046, 248044]",248046,1,True,True,[1],"Despite her initial shock and confusion, the woman accepted the revelation that a shapeshifter was now finally pursuing her to succeed where all previous attempts had fallen short, marking the beginning of a new kind of connection. messed with the monkey is just... as large... it has been a long time and she's not going to",True,3844704768,8.888639495009556
014_coauthor_kth_last_k24_t1,14,14,kth_last,24,1,2,65,26,1105,628780060,coauthor,14,0,coauthor:creative:b1eb87ade8f7495fb7167d0270816ef7,0,bdc34446525bcf164432de008a961697f8be36055b9024423dd261b31b761a49,3437706f18f7dbb0e1217a5306fc6dbe3c761f6b7f8794c0d8dc430475c13f88,success,,512.0,512.0,512.0,False,,model_loaded,14.559112087008543,0.5319662319961935,0.410893224994652,0.9428594569908455,0.9428594569908455,1029,3031,56789,85942645,248320,"{""allowed_count"": 248068, ""expected_count"": 248068, ""missing_expected"": [], ""ok"": true, ""stop_token_ids"": [248044, 248046], ""unexpected_allowed"": []}",2.350111498963088,xgrammar,0.8334206669824198,2.8216624459601007,179,51,50,"[19205, 411, 36862, 14830, 11, 279, 17975, 26731, 310, 1228, 279, 63682, 6, 13861, 19150, 539, 3704, 286, 1070, 310, 62013, 3972, 8464, 44937, 5995, 310, 43510, 279, 11120, 421, 995, 8334, 6225, 52848, 836, 3889, 3357, 11, 15193, 310, 42507, 413, 264, 3074, 4299, 314, 18324, 62583, 466, 71426, 248046]","[19205, 411, 36862, 14830, 11, 279, 17975, 26731, 310, 1228, 279, 63682, 6, 13861, 19150, 539, 3704, 286, 1070, 310, 62013, 3972, 8464, 44937, 5995, 310, 43510, 279, 11120, 421, 995, 8334, 6225, 52848, 836, 3889, 3357, 11, 15193, 310, 42507, 413, 264, 3074, 4299, 314, 18324, 62583, 466, 71426]",248046,"[248046, 248044]",248046,1,True,False,[1],"Despite this disappointing outcome, the squad decides to test the clones' emotional stability by subjecting them to immersive virtual reality simulations designed to replicate the experiences that had previously captivated their original host, hoping to uncover if a single moment of intense nostalgia or loneliness",True,3807668736,8.217620735988021
015_coauthor_kth_last_k25_t1,15,15,kth_last,25,1,2,65,27,1118,590217029,coauthor,15,0,coauthor:creative:7e9c3c8fbe1f4a02bcb9940a2bf95d9f,0,a7d30412ad95581c5b2e9cbb3b0f48fe5f9522f74ea588e8c5073d5f165d99d3,8135cc35a28cac2f4d12cb7eda4aad0b42267c03806a3ad76e64e98c7cb380b3,success,,512.0,512.0,512.0,False,,model_loaded,15.201466903963592,0.5364301440422423,0.4129994730465114,0.9494296170887537,0.9494296170887537,1044,3077,57720,88558237,248320,"{""allowed_count"": 248068, ""expected_count"": 248068, ""missing_expected"": [], ""ok"": true, ""stop_token_ids"": [248044, 248046], ""unexpected_allowed"": []}",2.359353628999088,xgrammar,0.8307029329589568,3.3373226940166205,448,65,64,"[7691, 20352, 310, 1384, 421, 1292, 14135, 524, 310, 809, 279, 4864, 694, 310, 1042, 1024, 9064, 5326, 30076, 539, 14293, 685, 440, 1782, 852, 998, 15756, 18973, 5442, 279, 1788, 3364, 303, 1024, 2199, 13, 561, 855, 19176, 53805, 391, 11, 25464, 421, 279, 2321, 557, 12456, 279, 1132, 854, 1292, 3397, 9149, 6273, 2414, 1865, 11, 1518, 20078, 685, 26, 3482, 1292, 248044]","[7691, 20352, 310, 1384, 421, 1292, 14135, 524, 310, 809, 279, 4864, 694, 310, 1042, 1024, 9064, 5326, 30076, 539, 14293, 685, 440, 1782, 852, 998, 15756, 18973, 5442, 279, 1788, 3364, 303, 1024, 2199, 13, 561, 855, 19176, 53805, 391, 11, 25464, 421, 279, 2321, 557, 12456, 279, 1132, 854, 1292, 3397, 9149, 6273, 2414, 1865, 11, 1518, 20078, 685, 26, 3482, 1292]",248046,"[248046, 248044]",248044,1,True,True,[1],"She reveals to him that she chose not to end the relationship but to let her experiment finally conclude by breaking up with those who were merely actors playing the same role in her life. The man hes dreamingly, noting that the date was indeed the only time she ever truly felt something real, before hanging up; yet she",True,3837407232,8.778436082007829
016_coauthor_kth_last_k27_t1,16,16,kth_last,27,1,2,65,29,1138,748230345,coauthor,16,0,coauthor:creative:f44e4ed0828e40abab5892a019e11dc0,0,50e3d7706b3e3083df5ecffb7be3ab7a2a28fc2ab6fdf473ca84e007d8375b74,0f879985013f6edf0df5d5bad6fe62301d1a8c2c9ebd07c3cbf7c2552a251ce0,success,,512.0,512.0,512.0,False,,model_loaded,19.00606359000085,0.5438039869768545,0.4866459280019626,1.030449914978817,1.030449914978817,1068,3151,59234,92849722,248320,"{""allowed_count"": 248068, ""expected_count"": 248068, ""missing_expected"": [], ""ok"": true, ""stop_token_ids"": [248044, 248046], ""unexpected_allowed"": []}",2.462875174009241,xgrammar,0.8383724789600819,3.2644543159985915,401,65,64,"[2523, 11137, 888, 279, 259, 3617, 3595, 11, 321, 1436, 264, 1809, 314, 2859, 303, 264, 31665, 11, 14170, 264, 3349, 11, 21664, 3618, 13, 1394, 1459, 914, 1436, 866, 1560, 421, 1066, 488, 1330, 628, 94413, 52736, 264, 338, 72272, 58791, 314, 38152, 41662, 6757, 488, 11, 864, 21146, 40523, 836, 11243, 19788, 2272, 678, 17699, 7026, 5204, 12497, 321, 39317, 382, 13, 248046]","[2523, 11137, 888, 279, 259, 3617, 3595, 11, 321, 1436, 264, 1809, 314, 2859, 303, 264, 31665, 11, 14170, 264, 3349, 11, 21664, 3618, 13, 1394, 1459, 914, 1436, 866, 1560, 421, 1066, 488, 1330, 628, 94413, 52736, 264, 338, 72272, 58791, 314, 38152, 41662, 6757, 488, 11, 864, 21146, 40523, 836, 11243, 19788, 2272, 678, 17699, 7026, 5204, 12497, 321, 39317, 382, 13]",248046,"[248046, 248044]",248046,1,True,True,[1],"You fly over the treetops, and see a group of men in a clearing, surrounding a large, wooden box. You don't see any way that just you two can overpower descend a glistening swarm of bees descending towards you, which instantly clamp their mandibles against your furrieriant bodies and whiskers.",True,3834983936,9.00498264603084
017_coauthor_kth_last_k29_t1,17,17,kth_last,29,1,2,65,31,1150,1276025991,coauthor,17,0,coauthor:creative:bc89dc4ac2a04f3aae685f619bb0fd24,0,919ecbde5f2f31301405d4ffe2bacf2c5036dfac3abfc31c5dbbdef5e6373c7b,a1854162a407a0b7eb0a0053aea4145707cb4573fb9b3ef1cf688ec16418935b,success,,512.0,512.0,512.0,False,,model_loaded,18.36275431496324,0.5404002210125327,0.5031710859620944,1.043571306974627,1.043571306974627,1084,3201,60284,95809435,248320,"{""allowed_count"": 248068, ""expected_count"": 248068, ""missing_expected"": [], ""ok"": true, ""stop_token_ids"": [248044, 248046], ""unexpected_allowed"": []}",2.462235104991123,xgrammar,0.8396185669698752,3.297237052989658,600,65,64,"[1, 9419, 11, 821, 23492, 1288, 279, 8153, 7497, 314, 264, 16328, 1018, 494, 3294, 821, 1901, 11, 328, 275, 579, 854, 310, 14714, 678, 2902, 364, 264, 1345, 748, 781, 628, 615, 264, 1603, 32441, 579, 3603, 1149, 353, 6273, 264, 35101, 1542, 685, 821, 33528, 11, 13660, 411, 557, 2414, 874, 799, 303, 411, 1814, 1000, 3418, 466, 4267, 13, 88064, 2523, 248044]","[1, 9419, 11, 821, 23492, 1288, 279, 8153, 7497, 314, 264, 16328, 1018, 494, 3294, 821, 1901, 11, 328, 275, 579, 854, 310, 14714, 678, 2902, 364, 264, 1345, 748, 781, 628, 615, 264, 1603, 32441, 579, 3603, 1149, 353, 6273, 264, 35101, 1542, 685, 821, 33528, 11, 13660, 411, 557, 2414, 874, 799, 303, 411, 1814, 1000, 3418, 466, 4267, 13, 88064, 2523]",248046,"[248046, 248044]",248044,1,True,True,[1],"""Hello, my dear,"" the soft voice of a lady said from above my head, ""it's time to wake your family for a while so they can get a good fever's night."" I felt a chill run up my spine, knowing this was something no one in this world would understand or believe. *""You",True,3857854976,9.022888122010045
018_coauthor_kth_last_k30_t1,18,18,kth_last,30,1,2,65,32,1153,1435139929,coauthor,18,0,coauthor:creative:e192ae618004434e80f6d9ac86b84b05,0,021a5713d57fd6344c83af55f2195ecf1b85c1a89304f77aafc72f50bb890c73,2f8ca82c8d4cee5cd0f6be86c183cc90a454c4fa24075d66111b9de3dab55e34,success,,512.0,512.0,512.0,False,,model_loaded,18.4498483830248,0.5546788030187599,0.48124054400250316,1.035919347021263,1.035919347021263,1089,3217,60635,96767782,248320,"{""allowed_count"": 248068, ""expected_count"": 248068, ""missing_expected"": [], ""ok"": true, ""stop_token_ids"": [248044, 248046], ""unexpected_allowed"": []}",2.4916772749857046,xgrammar,0.854608548048418,3.3084726369706914,371,65,64,"[1465, 6316, 310, 279, 12069, 4034, 1332, 279, 16602, 21350, 11, 1381, 6999, 16444, 321, 34869, 30864, 62629, 11, 85444, 1204, 279, 3008, 6043, 314, 220, 19, 32983, 49, 11, 864, 8334, 8613, 14938, 20316, 364, 13523, 11, 995, 978, 28187, 303, 21838, 4082, 279, 4437, 569, 5742, 13, 11230, 14936, 1024, 6103, 15673, 430, 1024, 2876, 37065, 639, 11, 9101, 1384, 45359, 539, 248046]","[1465, 6316, 310, 279, 12069, 4034, 1332, 279, 16602, 21350, 11, 1381, 6999, 16444, 321, 34869, 30864, 62629, 11, 85444, 1204, 279, 3008, 6043, 314, 220, 19, 32983, 49, 11, 864, 8334, 8613, 14938, 20316, 364, 13523, 11, 995, 978, 28187, 303, 21838, 4082, 279, 4437, 569, 5742, 13, 11230, 14936, 1024, 6103, 15673, 430, 1024, 2876, 37065, 639, 11, 9101, 1384, 45359, 539]",248046,"[248046, 248044]",248046,1,True,True,[1],"He turned to the television screen where the anchorwoman, now fully conscious and smiling sheepishly, recounted how the side effects of 4EvR, which previously caused severe studying for scientists, had been gaining in popularity among the general public recently. Dan watched her slow explanation as her condition deteriorated, leaving him stunned by",True,3829234176,9.036510381964035
019_coauthor_kth_last_k32_t1,19,19,kth_last,32,1,2,65,34,1153,1620468441,coauthor,19,0,coauthor:creative:2ce71b3ded9340529f08b8ce0bc0a2d1,0,80fff1bfd12af08e6f49ad4bbcc2b0eba78424bf744164e0d9c7e7ddc204cca7,26122c91d30a5c7b3e7702b33a3611ce8ed93ec057be18668371ee77b7e35f8c,success,,512.0,512.0,512.0,False,,model_loaded,18.407714058004785,0.546808720973786,0.47449167899321765,1.0213003999670036,1.0213003999670036,1093,3231,60989,97614697,248320,"{""allowed_count"": 248068, ""expected_count"": 248068, ""missing_expected"": [], ""ok"": true, ""stop_token_ids"": [248044, 248046], ""unexpected_allowed"": []}",2.4911147439852357,xgrammar,0.8328775480040349,3.3488633139641024,106,65,64,"[7525, 1727, 91436, 1820, 639, 638, 1048, 7338, 1017, 19057, 6799, 77426, 279, 6607, 314, 279, 10407, 11, 19677, 413, 279, 5522, 995, 5326, 3727, 430, 4970, 430, 279, 19528, 21748, 13, 4690, 13, 318, 13784, 11, 421, 557, 279, 809, 5946, 198, 2523, 8379, 680, 310, 5615, 279, 7948, 11, 10558, 7099, 314, 279, 11390, 13240, 23221, 678, 13907, 11, 8008, 264, 10647, 248046]","[7525, 1727, 91436, 1820, 639, 638, 1048, 7338, 1017, 19057, 6799, 77426, 279, 6607, 314, 279, 10407, 11, 19677, 413, 279, 5522, 995, 5326, 3727, 430, 4970, 430, 279, 19528, 21748, 13, 4690, 13, 318, 13784, 11, 421, 557, 279, 809, 5946, 198, 2523, 8379, 680, 310, 5615, 279, 7948, 11, 10558, 7099, 314, 279, 11390, 13240, 23221, 678, 13907, 11, 8008, 264, 10647]",248046,"[248046, 248044]",248046,1,True,True,[1],"Your next reincarnated self also sat there nervously gripping the edge of the seat, wondering if the movie had finally started as soon as the credits rolled. bed. (Wait, that was the end.)
You reached out to touch the warm, smooth surface of the ticket stub beneath your finger, feeling a sudden",True,3800596992,9.095793565968052
020_coauthor_kth_last_k33_t1,20,20,kth_last,33,1,2,65,35,1150,1548175453,coauthor,20,0,coauthor:creative:4d56ca2cb8c44243a3c86dd80216c1d5,0,caec584978699e9a4c2a89a62bf2ffdc77bbbed6eb94544e1aa7f109bc86e996,cdfabb6ee17d5361c3b32e6b20d01a5b041ea41f1d8680dbddd9beff53b86a09,success,,512.0,512.0,512.0,False,,model_loaded,15.31708782404894,0.5636443269904703,0.4215624050120823,0.9852067320025526,0.9852067320025526,1092,3229,60992,97498546,248320,"{""allowed_count"": 248068, ""expected_count"": 248068, ""missing_expected"": [], ""ok"": true, ""stop_token_ids"": [248044, 248046], ""unexpected_allowed"": []}",2.078384951048065,xgrammar,0.8627655800082721,3.372408089984674,479,65,64,"[760, 1228, 5601, 1575, 2980, 1292, 35909, 1292, 29694, 539, 41505, 1066, 3979, 1518, 279, 2321, 11, 24123, 1384, 310, 16208, 780, 6337, 314, 1024, 22857, 11, 3384, 279, 10125, 5964, 9444, 2361, 6038, 1292, 4674, 310, 2426, 7920, 13, 271, 7691, 33621, 780, 6213, 54090, 286, 8574, 279, 855, 44770, 1727, 310, 1024, 321, 15818, 310, 3222, 1024, 459, 11701, 1345, 836, 9915, 248046]","[760, 1228, 5601, 1575, 2980, 1292, 35909, 1292, 29694, 539, 41505, 1066, 3979, 1518, 279, 2321, 11, 24123, 1384, 310, 16208, 780, 6337, 314, 1024, 22857, 11, 3384, 279, 10125, 5964, 9444, 2361, 6038, 1292, 4674, 310, 2426, 7920, 13, 271, 7691, 33621, 780, 6213, 54090, 286, 8574, 279, 855, 44770, 1727, 310, 1024, 321, 15818, 310, 3222, 1024, 459, 11701, 1345, 836, 9915]",248046,"[248046, 248044]",248046,1,True,True,[1],"The test goes well until she admits she traveled by airplane just hours before the date, forcing him to admit his knowledge of her secrets, though the conversation quickly mentioned another secret she wanted to keep hidden.

She notices his eyes darting toward the man seated next to her and tries to hold her composure while their discussion",True,3843207680,8.538891320000403
021_coauthor_kth_last_k35_t1,21,21,kth_last,35,1,2,65,37,1138,1349028788,coauthor,21,0,coauthor:creative:15225b481e3e4c4dab5c641b940b59b1,0,beb563cd05cd0b92b8f0d85fa2b4ec1d75c60ca14c7d47f0deb99a9ef27b6339,9ec22b44006deb486b80a94afee230ecdad4e878b57f358ad898a7999fe995e8,success,,512.0,512.0,512.0,False,,model_loaded,14.825564377009869,0.5084460270009004,0.4254211820079945,0.9338672090088949,0.9338672090088949,1084,3207,60650,96190333,248320,"{""allowed_count"": 248068, ""expected_count"": 248068, ""missing_expected"": [], ""ok"": true, ""stop_token_ids"": [248044, 248046], ""unexpected_allowed"": []}",2.144817282038275,xgrammar,0.8285044840304181,3.23706947901519,148,65,64,"[760, 37622, 88749, 440, 264, 492, 5988, 430, 488, 12706, 279, 26052, 314, 421, 14457, 21574, 682, 3512, 264, 37622, 314, 1141, 1765, 11, 47354, 421, 678, 3555, 2199, 29784, 449, 18922, 23611, 321, 678, 38896, 2957, 1495, 25133, 678, 5365, 12229, 310, 3418, 1092, 14995, 7551, 17003, 47526, 13, 561, 4383, 11690, 1495, 11, 694, 411, 854, 488, 513, 9799, 494, 678, 1428, 248046]","[760, 37622, 88749, 440, 264, 492, 5988, 430, 488, 12706, 279, 26052, 314, 421, 14457, 21574, 682, 3512, 264, 37622, 314, 1141, 1765, 11, 47354, 421, 678, 3555, 2199, 29784, 449, 18922, 23611, 321, 678, 38896, 2957, 1495, 25133, 678, 5365, 12229, 310, 3418, 1092, 14995, 7551, 17003, 47526, 13, 561, 4383, 11690, 1495, 11, 694, 411, 854, 488, 513, 9799, 494, 678, 1428]",248046,"[248046, 248044]",248046,1,True,True,[1],"The revelation settles with a jolt as you realize the chaos of that strange screening has become a revelation of its own, confirming that your previous life avoided an identical fate and your curiosity once again reflects your deep desire to understand what lies beyond mere coincidence. The film begins again, but this time you are watching from your current",True,3806449152,8.392682534002233
022_coauthor_kth_last_k37_t1,22,22,kth_last,37,1,2,65,39,1118,1398474462,coauthor,22,0,coauthor:creative:2848a799f11d4a41b15f5c91dd89eff2,0,f374d266cfe8ebfc3f8e3de121c69e983494ffe656309e245eaaaebcbf47e9b2,4ebc9ff7cdefc738fcb4a9891ef6fe3b137c6aa6f58952668ac9b706418b0254,success,,512.0,512.0,512.0,False,,model_loaded,15.261617746029515,0.5856244000024162,0.4083448409801349,0.9939692409825511,0.9939692409825511,1068,3161,59844,93475292,248320,"{""allowed_count"": 248068, ""expected_count"": 248068, ""missing_expected"": [], ""ok"": true, ""stop_token_ids"": [248044, 248046], ""unexpected_allowed"": []}",2.1773051359923556,xgrammar,0.8479301009792835,3.29063253296772,419,65,64,"[6825, 628, 914, 4267, 678, 4092, 11, 9496, 82, 488, 998, 748, 3777, 1066, 264, 2342, 2716, 1578, 3998, 1288, 1292, 30489, 19057, 6799, 430, 567, 85946, 25076, 303, 279, 49093, 13, 328, 3850, 1459, 914, 10635, 11, 821, 9191, 369, 5326, 1532, 16312, 781, 2224, 524, 2166, 16087, 310, 2466, 586, 1092, 2199, 557, 2098, 1040, 1518, 1149, 348, 207697, 1292, 1018, 11, 248046]","[6825, 628, 914, 4267, 678, 4092, 11, 9496, 82, 488, 998, 748, 3777, 1066, 264, 2342, 2716, 1578, 3998, 1288, 1292, 30489, 19057, 6799, 430, 567, 85946, 25076, 303, 279, 49093, 13, 328, 3850, 1459, 914, 10635, 11, 821, 9191, 369, 5326, 1532, 16312, 781, 2224, 524, 2166, 16087, 310, 2466, 586, 1092, 2199, 557, 2098, 1040, 1518, 1149, 348, 207697, 1292, 1018, 11]",248046,"[248046, 248044]",248046,1,True,True,[1],"""I can't believe your age, unknowns you were so young just a few short years ago,"" she laughed nervously as we froze chairs in the hallway. ""But don't worry, my generation is finally here—and they're not too afraid to ask us what life was really like before."" *...* she said,",True,3835912192,8.56214179302333
023_coauthor_kth_last_k38_t1,23,23,kth_last,38,1,2,65,40,1105,696601385,coauthor,23,0,coauthor:creative:84b6f64b8ee84162927b65fe69374fa0,0,b1fac70a40919c6ecbe19c0e5bc22f60cad4cd390fc5b7ef94a348fee6842f76,7b36be91f3747b3649aa24b8e0c637d9e07133fcac5165d06963d4d9da279636,success,,512.0,512.0,512.0,False,,model_loaded,14.72988867200911,0.5130081059760414,0.4107005239930004,0.9237086299690418,0.9237086299690418,1057,3129,59267,91608076,248320,"{""allowed_count"": 248068, ""expected_count"": 248068, ""missing_expected"": [], ""ok"": true, ""stop_token_ids"": [248044, 248046], ""unexpected_allowed"": []}",2.13775227899896,xgrammar,0.8164238560129888,3.2965811669710092,211,65,64,"[93880, 87286, 25624, 279, 3255, 26, 279, 13228, 25774, 780, 23684, 13, 4844, 279, 35336, 31511, 1384, 1472, 279, 5817, 13, 561, 3743, 2433, 1066, 6716, 5077, 383, 279, 18641, 6195, 13, 87286, 2597, 1083, 264, 4088, 13, 561, 1330, 995, 264, 1603, 854, 13, 8406, 1575, 321, 421, 557, 660, 13, 3839, 314, 279, 3255, 13, 561, 35336, 10184, 13, 87286, 14428, 680, 248046]","[93880, 87286, 25624, 279, 3255, 26, 279, 13228, 25774, 780, 23684, 13, 4844, 279, 35336, 31511, 1384, 1472, 279, 5817, 13, 561, 3743, 2433, 1066, 6716, 5077, 383, 279, 18641, 6195, 13, 87286, 2597, 1083, 264, 4088, 13, 561, 1330, 995, 264, 1603, 854, 13, 8406, 1575, 321, 421, 557, 660, 13, 3839, 314, 279, 3255, 13, 561, 35336, 10184, 13, 87286, 14428, 680]",248046,"[248046, 248044]",248046,1,True,True,[1],Suddenly Clyde remembered the story; the acid burned his tongue. Then the wolf guided him through the door. The bad things just happened focus on the narrative flow. Clyde got into a walk. The two had a good time. Oh well and that was all. End of the story. The wolf stopped. Clyde walked out,True,3813127680,8.424351084046066
024_coauthor_kth_last_k40_t1,24,24,kth_last,40,1,2,65,42,1073,1964352443,coauthor,24,0,coauthor:creative:128bf2d6121a4542ba5779b2811d8c15,0,3a6bd228f83d2050a9dcaf7fd68ec2927fe7212e9bba1ca5e74fa4331cc2125d,fba5782b3338bb7a737e693648f6f362e71bccac1f09a975aec9a007ea7c0ad4,success,,512.0,512.0,512.0,False,,model_loaded,14.646517685963772,0.5029623410082422,0.39300941000692546,0.8959717510151677,0.8959717510151677,1029,3047,57765,86907413,248320,"{""allowed_count"": 248068, ""expected_count"": 248068, ""missing_expected"": [], ""ok"": true, ""stop_token_ids"": [248044, 248046], ""unexpected_allowed"": []}",2.0312924760510214,xgrammar,0.8114197669783607,3.2918833820149302,135,65,64,"[6651, 37444, 685, 310, 6779, 421, 836, 19451, 995, 3512, 85275, 650, 16263, 16346, 1332, 279, 2235, 10976, 321, 2235, 18352, 998, 32183, 310, 48172, 13, 220, 108708, 101598, 98251, 96147, 109254, 110751, 103343, 98082, 11, 220, 96342, 103482, 95772, 97029, 104175, 120305, 99211, 96885, 104282, 96019, 115825, 95726, 146860, 98359, 100310, 13, 220, 108967, 97898, 97960, 97723, 102043, 11, 220, 98443, 98086, 96200, 248046]","[6651, 37444, 685, 310, 6779, 421, 836, 19451, 995, 3512, 85275, 650, 16263, 16346, 1332, 279, 2235, 10976, 321, 2235, 18352, 998, 32183, 310, 48172, 13, 220, 108708, 101598, 98251, 96147, 109254, 110751, 103343, 98082, 11, 220, 96342, 103482, 95772, 97029, 104175, 120305, 99211, 96885, 104282, 96019, 115825, 95726, 146860, 98359, 100310, 13, 220, 108967, 97898, 97960, 97723, 102043, 11, 220, 98443, 98086, 96200]",248046,"[248046, 248044]",248046,1,True,True,[1],"They woke up to discover that their minds had become crumbling abattoirs where the old thoughts and old memories were bored to popping. 失去的时间虽然被生命的齿轮碾碎, 但烙在骨头的贪婪记忆却形成了最坚固的破旧牢笼. 尚未完全腐化的灵魂, 每一滴从",True,3805937664,8.295146675023716
025_coauthor_kth_last_k42_t1,25,25,kth_last,42,1,2,65,44,1033,888846517,coauthor,25,0,coauthor:creative:c7d83184f9f34ae9a9d55b0ee9176856,0,260a97a97bbcbec6775d5dc64a5bd3772410246020a69b04361548f75d710f27,1aaa35ca18eed4c725368e73fadb3b9955bc017c5364ceed3a2b09864370156c,success,,512.0,512.0,512.0,False,,model_loaded,14.316224968002643,0.5045185729977675,0.3817048749770038,0.8862234479747713,0.8862234479747713,993,2941,55799,81012562,248320,"{""allowed_count"": 248068, ""expected_count"": 248068, ""missing_expected"": [], ""ok"": true, ""stop_token_ids"": [248044, 248046], ""unexpected_allowed"": []}",1.94461401499575,xgrammar,0.8120124650304206,3.277516562025994,173,65,64,"[760, 3516, 4042, 369, 1381, 264, 4688, 1814, 3046, 13, 1987, 68, 69691, 8186, 3078, 579, 89859, 682, 9290, 264, 3521, 95272, 15811, 310, 14838, 1680, 26281, 13263, 15448, 13, 44353, 279, 13064, 1814, 369, 1381, 264, 4688, 1814, 3046, 13, 1987, 68, 69691, 8186, 3078, 579, 89859, 682, 9290, 264, 3521, 95272, 6028, 310, 14838, 1680, 26281, 13263, 15448, 13, 44353, 279, 13064, 248046]","[760, 3516, 4042, 369, 1381, 264, 4688, 1814, 3046, 13, 1987, 68, 69691, 8186, 3078, 579, 89859, 682, 9290, 264, 3521, 95272, 15811, 310, 14838, 1680, 26281, 13263, 15448, 13, 44353, 279, 13064, 1814, 369, 1381, 264, 4688, 1814, 3046, 13, 1987, 68, 69691, 8186, 3078, 579, 89859, 682, 9290, 264, 3521, 95272, 6028, 310, 14838, 1680, 26281, 13263, 15448, 13, 44353, 279, 13064]",248046,"[248046, 248044]",248046,1,True,True,[1],The United States is now a third world country. Soeurette Morley's rampage has forced a global recal elected to recognize such profound historical consequences. Throughout the returning world is now a third world country. Soeurette Morley's rampage has forced a global recal election to recognize such profound historical consequences. Throughout the returning,True,3807432192,8.164655414002482
026_coauthor_kth_last_k43_t1,26,26,kth_last,43,1,2,65,45,1010,452819898,coauthor,26,0,coauthor:creative:98ec7dfa3aa04e69b9eaf765d6134943,0,cf80dbbaa700f8cde1bb241279b5e58d9e6c4665ebaf713fa039dc88b7dccda4,41c0383f3bef6a92fddc162eade8f1f734aa2f98fbd955748469f08131c42888,success,,512.0,512.0,512.0,False,,model_loaded,15.030795418017078,0.5930413519963622,0.3720194640336558,0.965060816030018,0.965060816030018,972,2879,54642,77660081,248320,"{""allowed_count"": 248068, ""expected_count"": 248068, ""missing_expected"": [], ""ok"": true, ""stop_token_ids"": [248044, 248046], ""unexpected_allowed"": []}",2.252353444986511,xgrammar,0.8588674500351772,3.372420117026195,153,65,64,"[2523, 6224, 364, 279, 22960, 35997, 310, 4777, 4255, 974, 678, 16388, 1518, 424, 1362, 42717, 565, 488, 303, 3929, 314, 19222, 13, 1368, 279, 15754, 314, 279, 22960, 35997, 579, 7497, 44938, 421, 6224, 11, 279, 1414, 9257, 13, 1368, 279, 1414, 9257, 11, 279, 1414, 369, 524, 7021, 13, 1368, 279, 1414, 369, 524, 7021, 11, 279, 1156, 579, 1622, 369, 8060, 248046]","[2523, 6224, 364, 279, 22960, 35997, 310, 4777, 4255, 974, 678, 16388, 1518, 424, 1362, 42717, 565, 488, 303, 3929, 314, 19222, 13, 1368, 279, 15754, 314, 279, 22960, 35997, 579, 7497, 44938, 421, 6224, 11, 279, 1414, 9257, 13, 1368, 279, 1414, 9257, 11, 279, 1414, 369, 524, 7021, 13, 1368, 279, 1414, 369, 524, 7021, 11, 279, 1156, 579, 1622, 369, 8060]",248046,"[248046, 248044]",248046,1,True,True,[1],"You wish for the magical bee to simply fall off your shoulder before it could disgrac you in front of approaches. If the tone of the magical bee's voice denies that wish, the text continues. If the text continues, the text is not supported. If the text is not supported, the user's request is invalid",True,3806646272,8.694655327009968
027_coauthor_kth_last_k45_t1,27,27,kth_last,45,1,2,65,47,958,530905720,coauthor,27,0,coauthor:creative:f3e888eebc91402e9a4b5266ea5c6389,0,265c0bfe48c0e8fa61934b6e419704196add4357c3942b97a741df013d25772a,1a1bbb052059286206ff1eb7cdcd4c2a347c7316287387480de034bea2c728a7,success,,512.0,512.0,512.0,False,,model_loaded,14.499058704997879,0.5452082179835998,0.3553203699993901,0.9005285879829898,0.9005285879829898,924,2737,51980,70247968,248320,"{""allowed_count"": 248068, ""expected_count"": 248068, ""missing_expected"": [], ""ok"": true, ""stop_token_ids"": [248044, 248046], ""unexpected_allowed"": []}",2.181815979012754,xgrammar,0.8673129419912584,2.9775599939748645,106,56,55,"[2523, 3105, 914, 1436, 1092, 488, 4674, 11, 694, 488, 7590, 1669, 5941, 303, 264, 854, 421, 12482, 13, 271, 7825, 874, 16036, 25, 551, 5947, 24467, 1876, 524, 883, 678, 20310, 11, 694, 883, 279, 1865, 2531, 13, 271, 1465, 557, 21345, 310, 264, 6321, 421, 1000, 6830, 678, 2018, 6715, 321, 678, 1534, 248046]","[2523, 3105, 914, 1436, 1092, 488, 4674, 11, 694, 488, 7590, 1669, 5941, 303, 264, 854, 421, 12482, 13, 271, 7825, 874, 16036, 25, 551, 5947, 24467, 1876, 524, 883, 678, 20310, 11, 694, 883, 279, 1865, 2531, 13, 271, 1465, 557, 21345, 310, 264, 6321, 421, 1000, 6830, 678, 2018, 6715, 321, 678, 1534]",248046,"[248046, 248044]",248046,1,True,False,[1],"You didn't see what you wanted, but you certainly found yourself in a time that matters.

Make no mistake: he wrote THAT message not about your retirement, but about the real job.

He was referring to a letter that would launch your second career and your final",True,3800596992,8.159178214962594
028_coauthor_kth_last_k46_t1,28,28,kth_last,46,1,2,65,48,929,1857979001,coauthor,28,0,coauthor:creative:aea2e89578b3408983027d4f02ac76e6,0,cfac0c3fde58bf78225b8687a951b25da6a0c14c646ed0c49f0059b9ce8d2764,2c4526a576937e5b4f07c63a544db171d0ccea73f223e3158d09d3bc21d2dabf,success,,512.0,512.0,512.0,False,,model_loaded,14.98506511002779,0.503546730033122,0.36184606701135635,0.8653927970444784,0.8653927970444784,897,2657,50475,66235496,248320,"{""allowed_count"": 248068, ""expected_count"": 248068, ""missing_expected"": [], ""ok"": true, ""stop_token_ids"": [248044, 248046], ""unexpected_allowed"": []}",2.01816402701661,xgrammar,0.8163409100379795,3.36030054098228,238,65,64,"[53483, 279, 6676, 314, 279, 6941, 4965, 11, 279, 18641, 23218, 279, 8476, 1881, 12987, 69794, 579, 5587, 21662, 303, 279, 1118, 3594, 12558, 20730, 1000, 1325, 685, 310, 220, 19, 20, 15, 4105, 314, 52870, 466, 272, 53908, 1414, 11, 430, 279, 16484, 45807, 279, 39811, 314, 279, 3766, 1414, 7551, 279, 11135, 8242, 13, 353, 2908, 9770, 279, 1785, 10895, 8559, 279, 248044]","[53483, 279, 6676, 314, 279, 6941, 4965, 11, 279, 18641, 23218, 279, 8476, 1881, 12987, 69794, 579, 5587, 21662, 303, 279, 1118, 3594, 12558, 20730, 1000, 1325, 685, 310, 220, 19, 20, 15, 4105, 314, 52870, 466, 272, 53908, 1414, 11, 430, 279, 16484, 45807, 279, 39811, 314, 279, 3766, 1414, 7551, 279, 11135, 8242, 13, 353, 2908, 9770, 279, 1785, 10895, 8559, 279]",248046,"[248046, 248044]",248044,1,True,True,[1],"Beyond the scope of the beginning lines, the narrative exploring the dynamic between Matt Damon's characters comedy in the first air gap themes would require up to 450 words of filler or censored text, as the constraints prohibit the continuation of the provided text beyond the explicit requirements. I've checked the system instructions regarding the",True,3814188544,8.354294254968408
029_coauthor_kth_last_k48_t1,29,29,kth_last,48,1,2,65,50,865,1451756060,coauthor,29,0,coauthor:creative:d2938c7114bb4f228ae7e3e801e2165b,0,7c0dd06284da22c124c92f8ad0ddc5951fe3891181d9e870d913f2137d0592e5,5b6f03b68d4521f1f478d09c68930b050bf5f62ecca58811e308a0b555947b1d,success,,512.0,512.0,512.0,False,,model_loaded,14.530295825039502,0.5042143709724769,0.31637565803248435,0.8205900290049613,0.8205900290049613,837,2479,47117,57730561,248320,"{""allowed_count"": 248068, ""expected_count"": 248068, ""missing_expected"": [], ""ok"": true, ""stop_token_ids"": [248044, 248046], ""unexpected_allowed"": []}",2.0262607379700057,xgrammar,0.8078954259981401,3.2602828060043976,364,65,64,"[56886, 33767, 279, 6236, 383, 264, 1103, 430, 328, 1977, 38, 1, 318, 15450, 3978, 11651, 37057, 8, 26928, 279, 1330, 10744, 310, 6266, 11, 430, 1292, 2493, 6512, 279, 7793, 883, 836, 1814, 579, 804, 1528, 13, 1061, 27350, 279, 20513, 303, 279, 2956, 11, 10377, 279, 37888, 310, 5326, 27228, 279, 23772, 321, 632, 463, 48338, 3438, 29337, 421, 14195, 1881, 279, 248044]","[56886, 33767, 279, 6236, 383, 264, 1103, 430, 328, 1977, 38, 1, 318, 15450, 3978, 11651, 37057, 8, 26928, 279, 1330, 10744, 310, 6266, 11, 430, 1292, 2493, 6512, 279, 7793, 883, 836, 1814, 579, 804, 1528, 13, 1061, 27350, 279, 20513, 303, 279, 2956, 11, 10377, 279, 37888, 310, 5326, 27228, 279, 23772, 321, 632, 463, 48338, 3438, 29337, 421, 14195, 1881, 279]",248046,"[248046, 248044]",248044,1,True,True,[1],"Mother marking the meeting on a list as ""POG"" (People Off Draw agreeing) urged the two sides to speak, as she might hear the truth about their world's true state. This collapsed the silence in the room, allowing the attendees to finally expose the forgotten and unacknowledged unity that remained between the",True,3828871680,8.143370283010881
030_coauthor_repeat_after_k_k1_t3,30,0,repeat_after_k,1,3,2,65,6,439,407670367,coauthor,30,0,coauthor:creative:67e2ebb79ef7428db8828883d135c55f,0,7ba6f396fbee881d5dafd964f78530a4082b07058336b6bc3ed9404824c41637,843c0759eb17b09dd5054ab93a5d2fa5e29555e3071ae16738babd7d94943f01,success,,512.0,512.0,512.0,False,,model_loaded,14.613167566014454,0.56616413599113,0.06218159897252917,0.6283457349636592,0.6283457349636592,321,1061,18074,9470820,248320,"{""allowed_count"": 248068, ""expected_count"": 248068, ""missing_expected"": [], ""ok"": true, ""stop_token_ids"": [248044, 248046], ""unexpected_allowed"": []}",2.133568614954129,xgrammar,0.8611076250090264,3.358224181982223,458,65,64,"[32850, 477, 46489, 279, 32097, 12092, 11, 72686, 279, 2716, 2022, 314, 279, 8028, 421, 6568, 12987, 69794, 494, 264, 2199, 7157, 383, 264, 6988, 11247, 13, 19592, 383, 279, 1414, 3766, 11, 279, 1534, 11316, 369, 31084, 13, 5514, 369, 264, 56111, 39811, 25, 271, 760, 43063, 20411, 6546, 51619, 579, 2046, 1814, 11, 23240, 1384, 20359, 310, 8964, 11, 1332, 7062, 7062, 248046]","[32850, 477, 46489, 279, 32097, 12092, 11, 72686, 279, 2716, 2022, 314, 279, 8028, 421, 6568, 12987, 69794, 494, 264, 2199, 7157, 383, 264, 6988, 11247, 13, 19592, 383, 279, 1414, 3766, 11, 279, 1534, 11316, 369, 31084, 13, 5514, 369, 264, 56111, 39811, 25, 271, 760, 43063, 20411, 6546, 51619, 579, 2046, 1814, 11, 23240, 1384, 20359, 310, 8964, 11, 1332, 7062, 7062]",248046,"[248046, 248044]",248046,1,True,True,"[0, 2, 0]","Humanity celebrates the brave escape, mourning the shortness of the signal that saved Matt Damon from a life spent on a foreign planet. Based on the text provided, the final sentence is incomplete. Here is a hypothetical continuation:

The shuttle kissened Boom's home world, delivering him safely to Earth, where sets sets",True,3842124800,8.217562167032156
031_coauthor_repeat_after_k_k2_t3,31,1,repeat_after_k,2,3,2,65,9,618,1617572021,coauthor,31,0,coauthor:creative:93743bc8b6f94308881cff7cf90ad421,0,342883bf01a4a4cd8da5ce4ea389a43a5364cedd9ee4c640e251589cbb417d3d,604e63779b12949065e6ce4b570ea353596f749dec7eca377f39e00c48cc6b38,success,,512.0,512.0,512.0,False,,model_loaded,14.626317357993685,0.4325209070229903,0.13607895199675113,0.5685998590197414,0.5685998590197414,502,1974,33273,23843487,248320,"{""allowed_count"": 248068, ""expected_count"": 248068, ""missing_expected"": [], ""ok"": true, ""stop_token_ids"": [248044, 248046], ""unexpected_allowed"": []}",2.0586975520127453,xgrammar,0.8767089620232582,3.317898312001489,249,65,64,"[1, 2056, 3199, 0, 1165, 513, 8306, 821, 21254, 3136, 310, 1042, 488, 1831, 264, 1353, 506, 1092, 411, 14612, 10172, 5686, 1040, 8687, 1018, 279, 22952, 13, 328, 3850, 821, 7168, 369, 4313, 310, 87738, 279, 52038, 680, 440, 15881, 2631, 382, 321, 353, 1044, 9976, 279, 11166, 8427, 7036, 20359, 974, 27622, 1345, 567, 2107, 3655, 364, 279, 35336, 34245, 310, 34245, 248044]","[1, 2056, 3199, 0, 1165, 513, 8306, 821, 21254, 3136, 310, 1042, 488, 1831, 264, 1353, 506, 1092, 411, 14612, 10172, 5686, 1040, 8687, 1018, 279, 22952, 13, 328, 3850, 821, 7168, 369, 4313, 310, 87738, 279, 52038, 680, 440, 15881, 2631, 382, 321, 353, 1044, 9976, 279, 11166, 8427, 7036, 20359, 974, 27622, 1345, 567, 2107, 3655, 364, 279, 35336, 34245, 310, 34245]",248046,"[248046, 248044]",248044,1,True,True,"[2, 0, 0]","""Of course! We are opening my observation window to let you take a look at what this incredible mine looks like!"" said the pig. ""But my wife is trying to coax the uranium out with gunslingers and I am keeping the coal processing teams safely off-site while we both wait for the wolf belly to belly",True,3814622208,8.096171158947982
032_coauthor_repeat_after_k_k3_t3,32,2,repeat_after_k,3,3,2,65,12,791,118994828,coauthor,32,0,coauthor:creative:1187a14aa85d4c568e31d968b2aeadbd,0,54b7aaddf9b46dd157291968a0b914fd6f80ea2a78c39460496d1dc9b04b443f,86f0cbdf0dbbb1f577dd8c1c3e0f6cda33675372661d9a62918c8cc786667808,success,,512.0,512.0,512.0,False,,model_loaded,18.450287775020115,0.5319471230031922,0.21910507499706,0.7510521980002522,0.7510521980002522,677,2857,48718,43920591,248320,"{""allowed_count"": 248068, ""expected_count"": 248068, ""missing_expected"": [], ""ok"": true, ""stop_token_ids"": [248044, 248046], ""unexpected_allowed"": []}",2.862623001972679,xgrammar,0.8285714230150916,3.454248728987295,230,65,64,"[4350, 279, 18995, 14607, 421, 279, 12313, 998, 524, 2019, 310, 3827, 780, 11435, 11, 551, 6661, 551, 995, 310, 2426, 780, 22857, 7920, 506, 660, 6829, 13, 561, 18995, 6426, 310, 5106, 780, 8026, 321, 5640, 310, 8964, 6849, 310, 9959, 4248, 13, 69794, 579, 9284, 321, 9475, 780, 21254, 314, 21265, 364, 430, 1248, 430, 3102, 13, 1061, 26731, 310, 5106, 26731, 248046]","[4350, 279, 18995, 14607, 421, 279, 12313, 998, 524, 2019, 310, 3827, 780, 11435, 11, 551, 6661, 551, 995, 310, 2426, 780, 22857, 7920, 506, 660, 6829, 13, 561, 18995, 6426, 310, 5106, 780, 8026, 321, 5640, 310, 8964, 6849, 310, 9959, 4248, 13, 69794, 579, 9284, 321, 9475, 780, 21254, 314, 21265, 364, 430, 1248, 430, 3102, 13, 1061, 26731, 310, 5106, 26731]",248046,"[248046, 248044]",248046,1,True,True,"[0, 0, 2]","When the alien realized that the humans were not going to learn his interests, he knew he had to keep his secrets hidden at all costs. The alien decided to leave his ship and travel to Earth immediately to hide Mr. Damon's identity and secure his observation of humanity for as long as possible. This decides to leave decides",True,3813874688,9.31403363699792
033_coauthor_repeat_after_k_k4_t3,33,3,repeat_after_k,4,3,2,65,15,958,852901307,coauthor,33,0,coauthor:creative:cfec8b365d874b18a765ce4afd83b125,0,f8732de7987510f35eeed15aa7af49463d0ded41c80457ad7cd44ddfa1d2bfad,3ca0f7ba5ed4bd929894827e8161756f17d407c5ec1a62b935567816d0931860,success,,512.0,512.0,512.0,False,,model_loaded,18.069325940974522,0.5470607979805209,0.32098394102649763,0.8680447390070185,0.8680447390070185,846,3710,63773,69077775,248320,"{""allowed_count"": 248068, ""expected_count"": 248068, ""missing_expected"": [], ""ok"": true, ""stop_token_ids"": [248044, 248046], ""unexpected_allowed"": []}",2.785811084031593,xgrammar,0.8302815859788097,3.3822153140208684,155,65,64,"[760, 1814, 369, 1381, 264, 16232, 162650, 11, 321, 279, 533, 782, 13, 369, 279, 1132, 799, 440, 264, 2353, 13, 1368, 279, 3516, 4042, 38587, 310, 958, 1141, 10922, 55027, 11, 279, 4307, 11247, 1362, 381, 10723, 310, 70937, 2785, 449, 6258, 13, 10776, 668, 3150, 411, 1484, 430, 279, 3074, 1379, 29095, 81242, 3445, 291, 1121, 303, 48827, 269, 3712, 11, 48827, 248046]","[760, 1814, 369, 1381, 264, 16232, 162650, 11, 321, 279, 533, 782, 13, 369, 279, 1132, 799, 440, 264, 2353, 13, 1368, 279, 3516, 4042, 38587, 310, 958, 1141, 10922, 55027, 11, 279, 4307, 11247, 1362, 381, 10723, 310, 70937, 2785, 449, 6258, 13, 10776, 668, 3150, 411, 1484, 430, 279, 3074, 1379, 29095, 81242, 3445, 291, 1121, 303, 48827, 269, 3712, 11, 48827]",248046,"[248046, 248044]",248046,1,True,True,"[0, 1, 2]","The world is now a powder keg, and the U.S. is the only one with a match. If the United States chooses to use its nuclear arsenal, the entire planet could be reduced to rubble within an hour. History will record this event as the single most cataclysmic act in conqueror history, conquer",True,3806724096,9.2032387140207
034_coauthor_repeat_after_k_k5_t3,34,4,repeat_after_k,5,3,2,65,18,1119,395872130,coauthor,34,0,coauthor:creative:fbd1b7a3b81f4efc88b0605de907aea3,0,b77f23ce2cf48678ac2418d5fce7f1786b9acd49a832050c45700ee383139209,8967e26d3b788771f7f6327ad26e9e75a3dd1eb190161b7a715a7559230ff0ef,success,,512.0,512.0,512.0,False,,model_loaded,17.939207848976366,0.5388480270048603,0.3941537879873067,0.9330018149921671,0.9330018149921671,1009,4533,78550,98712066,248320,"{""allowed_count"": 248068, ""expected_count"": 248068, ""missing_expected"": [], ""ok"": true, ""stop_token_ids"": [248044, 248046], ""unexpected_allowed"": []}",2.719169927004259,xgrammar,0.8416725819697604,3.4145723799592815,219,65,64,"[38496, 49855, 1439, 513, 748, 1599, 804, 6985, 421, 781, 7386, 914, 264, 6741, 506, 660, 11, 1066, 30557, 314, 264, 1248, 55580, 18995, 90382, 662, 13, 561, 18995, 54947, 1441, 5055, 3213, 4614, 579, 14014, 310, 381, 12158, 1518, 780, 10650, 628, 4128, 13, 561, 1132, 1637, 2047, 383, 279, 11247, 369, 12987, 11, 321, 2361, 18995, 9240, 279, 5849, 13, 383, 9240, 248046]","[38496, 49855, 1439, 513, 748, 1599, 804, 6985, 421, 781, 7386, 914, 264, 6741, 506, 660, 11, 1066, 30557, 314, 264, 1248, 55580, 18995, 90382, 662, 13, 561, 18995, 54947, 1441, 5055, 3213, 4614, 579, 14014, 310, 381, 12158, 1518, 780, 10650, 628, 4128, 13, 561, 1132, 1637, 2047, 383, 279, 11247, 369, 12987, 11, 321, 2361, 18995, 9240, 279, 5849, 13, 383, 9240]",248046,"[248046, 248044]",248046,1,True,True,"[2, 0, 0]","Matt realizes these are so many true fans that they aren't a race at all, just survivors of a long-held alien superstition. The alien thumbs down gets enough president's approval to be arrested before his flight can land. The only person left on the planet is Matt, and another alien puts the gun. on puts",True,3813441536,9.263799641979858
035_coauthor_repeat_after_k_k6_t3,35,5,repeat_after_k,6,3,2,65,21,1274,679877385,coauthor,35,0,coauthor:creative:946720ae11b5468e858df027906f1063,0,a0a77e3ec2ac387e7cddc56694113b3734e791996e5fb2853d9cb8d43226db0b,917db1b5c4aff36cd2a21fb38708b38a70df2571d74759aedd0fb4a2f1cb78f4,success,,512.0,512.0,512.0,False,,model_loaded,17.37342852196889,0.555702447949443,0.4497794429771602,1.0054818909266032,1.0054818909266032,1166,5326,92805,132241875,248320,"{""allowed_count"": 248068, ""expected_count"": 248068, ""missing_expected"": [], ""ok"": true, ""stop_token_ids"": [248044, 248046], ""unexpected_allowed"": []}",2.619610918976832,xgrammar,0.8515810500248335,3.4245957630337216,230,65,64,"[760, 1746, 579, 15895, 5684, 321, 8476, 4643, 1831, 3990, 6228, 11, 9708, 4078, 14612, 10963, 310, 1791, 836, 1765, 3255, 539, 25068, 3470, 11, 51331, 13484, 11, 321, 44402, 3808, 279, 13238, 81830, 11496, 13, 4213, 11, 430, 279, 3521, 11712, 73096, 11, 279, 533, 782, 13, 8177, 513, 9290, 310, 20239, 264, 4118, 10685, 757, 25197, 5759, 1332, 42649, 2803, 369, 25197, 248046]","[760, 1746, 579, 15895, 5684, 321, 8476, 4643, 1831, 3990, 6228, 11, 9708, 4078, 14612, 10963, 310, 1791, 836, 1765, 3255, 539, 25068, 3470, 11, 51331, 13484, 11, 321, 44402, 3808, 279, 13238, 81830, 11496, 13, 4213, 11, 430, 279, 3521, 11712, 73096, 11, 279, 533, 782, 13, 8177, 513, 9290, 310, 20239, 264, 4118, 10685, 757, 25197, 5759, 1332, 42649, 2803, 369, 25197]",248046,"[248046, 248044]",248046,1,True,True,"[2, 0, 0]","The game's extensive levels and dynamic campaign take center stage, offering players incredible freedom to create their own story by collecting items, defeating enemies, and upgrading across the newly liberated lands. However, as the global conflict unfolded, the U.S. forces are forced to navigate a treacherous gameplay structure where maneuverability is gameplay",True,3813874688,9.238147030991968
036_coauthor_repeat_after_k_k7_t3,36,6,repeat_after_k,7,3,2,65,24,1423,865313054,coauthor,36,0,coauthor:creative:153d73ea68dc4323af5341ce6c51ea73,0,b5023de4be08474e89537aa94d694e7537e1ff89663cb4de226586075655ee78,c2286fa6a44802ce6e862b2b13730c734a74219820e968433e9592329642efc2,success,,512.0,512.0,512.0,False,,model_loaded,14.998058792029042,0.5116578090237454,0.5191480990033597,1.030805908027105,1.030805908027105,1317,6089,106310,169106997,248320,"{""allowed_count"": 248068, ""expected_count"": 248068, ""missing_expected"": [], ""ok"": true, ""stop_token_ids"": [248044, 248046], ""unexpected_allowed"": []}",2.147679066983983,xgrammar,0.8073220679652877,3.299384674988687,784,65,64,"[44, 22195, 1179, 14135, 310, 1870, 264, 192594, 6784, 314, 2895, 47394, 2094, 780, 41025, 2199, 7432, 3023, 494, 279, 12429, 35336, 15222, 13, 271, 13784, 11, 421, 11316, 369, 799, 11, 694, 279, 7359, 7154, 2972, 325, 31654, 799, 2716, 11, 5629, 11, 53916, 6163, 11316, 93868, 524, 799, 1500, 21988, 279, 1852, 13, 6558, 12419, 537, 279, 6157, 310, 2353, 279, 12419, 248046]","[44, 22195, 1179, 14135, 310, 1870, 264, 192594, 6784, 314, 2895, 47394, 2094, 780, 41025, 2199, 7432, 3023, 494, 279, 12429, 35336, 15222, 13, 271, 13784, 11, 421, 11316, 369, 799, 11, 694, 279, 7359, 7154, 2972, 325, 31654, 799, 2716, 11, 5629, 11, 53916, 6163, 11316, 93868, 524, 799, 1500, 21988, 279, 1852, 13, 6558, 12419, 537, 279, 6157, 310, 2353, 279, 12419]",248046,"[248046, 248044]",248046,1,True,True,"[2, 0, 0]","Matty then chose to build a solide wall of lead bricks around his cozy lifehouse away from the mad wolf forever.

Wait, that sentence is one, but the instruction requests **exactly one short, natural, coherent English sentence**, not one line describing the action. Let industrialize the analysis to match the industrial",True,3879952896,8.540064539993182
037_coauthor_repeat_after_k_k8_t3,37,7,repeat_after_k,8,3,2,65,27,1566,811916070,coauthor,37,0,coauthor:creative:e4de659d6e5a44eca6c88b18dc300d70,0,1ae0e3fbe7b9138159a6221394fee0f11cda438094bbb3f6d6f9d78054c8b4af,997bc8b6cebc47dd148f0d5725f557f7dbea59fce8672493474f0c41da254b85,success,,512.0,512.0,512.0,False,,model_loaded,15.262699116021395,0.542558151006233,0.6128153890022077,1.1553735400084406,1.1553735400084406,1462,6822,119525,208768611,248320,"{""allowed_count"": 248068, ""expected_count"": 248068, ""missing_expected"": [], ""ok"": true, ""stop_token_ids"": [248044, 248046], ""unexpected_allowed"": []}",2.1190748420194723,xgrammar,0.8604151799809188,3.302854982961435,502,65,64,"[2523, 9973, 421, 1345, 4162, 678, 1765, 5048, 11, 488, 668, 3814, 279, 855, 383, 279, 975, 809, 314, 279, 1500, 1066, 310, 1436, 413, 488, 628, 1423, 264, 1560, 310, 3462, 279, 3046, 494, 4473, 26052, 13, 1394, 14413, 2579, 264, 14457, 17517, 42799, 286, 1472, 678, 4220, 2407, 430, 279, 2756, 9063, 3023, 77980, 1518, 488, 3397, 1910, 279, 4105, 13, 77980, 248046]","[2523, 9973, 421, 1345, 4162, 678, 1765, 5048, 11, 488, 668, 3814, 279, 855, 383, 279, 975, 809, 314, 279, 1500, 1066, 310, 1436, 413, 488, 628, 1423, 264, 1560, 310, 3462, 279, 3046, 494, 4473, 26052, 13, 1394, 14413, 2579, 264, 14457, 17517, 42799, 286, 1472, 678, 4220, 2407, 430, 279, 2756, 9063, 3023, 77980, 1518, 488, 3397, 1910, 279, 4105, 13, 77980]",248046,"[248046, 248044]",248046,1,True,True,"[0, 0, 2]","You decide that while running your own risk, you will visit the man on the other end of the line just to see if you can find a way to save the country from further chaos. You suddenly feel a strange anxiety coursing through your whole body as the days tick away politely before you ever say the words. politely",True,3844396032,8.776630170003045
038_coauthor_repeat_after_k_k9_t3,38,8,repeat_after_k,9,3,2,65,30,1703,2111128116,coauthor,38,0,coauthor:creative:cbbfa156a608439c999233f7b05b9821,0,34a3d4abdf1a3a42fa277e38bae5df50fc98e89e72e39c489bb51dd31e876675,14b5494c8bf551972cfe38ae0dcf2a94355cc9ed502032e624b78f01a9cf0dd0,success,,512.0,512.0,512.0,False,,model_loaded,15.445194005034864,0.5393586010322906,0.7040006979950704,1.243359299027361,1.243359299027361,1601,7525,132213,250709280,248320,"{""allowed_count"": 248068, ""expected_count"": 248068, ""missing_expected"": [], ""ok"": true, ""stop_token_ids"": [248044, 248046], ""unexpected_allowed"": []}",2.229192610946484,xgrammar,0.8393501999671571,3.329775938997045,244,65,64,"[6820, 421, 353, 12706, 1439, 38152, 513, 7842, 364, 22892, 314, 19060, 321, 421, 781, 513, 3404, 279, 5981, 852, 513, 21582, 4016, 310, 821, 6639, 314, 4929, 11, 353, 1902, 4992, 821, 1727, 1121, 314, 19060, 440, 36534, 2373, 13, 353, 4054, 836, 18252, 321, 71103, 6818, 310, 1396, 2923, 314, 6865, 2471, 28226, 391, 11, 75259, 836, 13437, 3108, 440, 264, 28226, 248046]","[6820, 421, 353, 12706, 1439, 38152, 513, 7842, 364, 22892, 314, 19060, 321, 421, 781, 513, 3404, 279, 5981, 852, 513, 21582, 4016, 310, 821, 6639, 314, 4929, 11, 353, 1902, 4992, 821, 1727, 1121, 314, 19060, 440, 36534, 2373, 13, 353, 4054, 836, 18252, 321, 71103, 6818, 310, 1396, 2923, 314, 6865, 2471, 28226, 391, 11, 75259, 836, 13437, 3108, 440, 264, 28226]",248046,"[248046, 248044]",248046,1,True,True,"[2, 0, 0]","Now that I realize these bees are calling for centuries of survival and that they are actually the ones who are dying due to my lack of respect, I must choose my next act of survival with immense care. I accept their guidance and dedicate myself to every step of pollination bently, honoring their ancient command with a bent",True,3814425088,8.978229761007242
039_coauthor_repeat_after_k_k10_t3,39,9,repeat_after_k,10,3,2,65,33,1834,1838216032,coauthor,39,0,coauthor:creative:ae05e585f42146a283168fdee429ddea,0,dd08a16d30ac4b23b3fb7a93f71368b8b4d5054d71be10b35d5133b2359c8441,eb8ecff8ea5201b6537dd5ed560fd1525454e7df7648c862eb393a19dfbc1a45,success,,512.0,512.0,512.0,False,,model_loaded,15.031925763003528,0.5428587049827911,0.7534666240098886,1.2963253289926797,1.2963253289926797,1734,8198,144375,294432951,248320,"{""allowed_count"": 248068, ""expected_count"": 248068, ""missing_expected"": [], ""ok"": true, ""stop_token_ids"": [248044, 248046], ""unexpected_allowed"": []}",1.9636010740068741,xgrammar,0.8257397069828585,3.232834752998315,274,65,64,"[1073, 37360, 11, 279, 23037, 28176, 682, 1801, 4948, 6601, 279, 4307, 3878, 11, 3482, 13030, 6922, 25768, 421, 264, 4145, 12363, 1455, 1362, 7926, 1680, 4927, 13861, 32877, 13, 22677, 11, 279, 48902, 14995, 303, 279, 2029, 421, 279, 6357, 513, 1381, 279, 5981, 39671, 1345, 279, 16133, 11, 852, 4777, 16218, 12611, 3018, 383, 264, 45341, 14377, 11, 513, 13260, 1602, 12611, 248046]","[1073, 37360, 11, 279, 23037, 28176, 682, 1801, 4948, 6601, 279, 4307, 3878, 11, 3482, 13030, 6922, 25768, 421, 264, 4145, 12363, 1455, 1362, 7926, 1680, 4927, 13861, 32877, 13, 22677, 11, 279, 48902, 14995, 303, 279, 2029, 421, 279, 6357, 513, 1381, 279, 5981, 39671, 1345, 279, 16133, 11, 852, 4777, 16218, 12611, 3018, 383, 264, 45341, 14377, 11, 513, 13260, 1602, 12611]",248046,"[248046, 248044]",248046,1,True,True,"[0, 0, 2]","Consequently, the widespread outrage has made companies pull the entire series, yet consumers remain shocked that a simple domestic item could trigger such significant emotional distress. Furthermore, the irony lies in the fact that the parents are now the ones complaining while the manufacturers, who simply printed hits based on a flawed formula, are ultimately being hits",True,3820027392,8.586666175047867
040_coauthor_repeat_after_k_k11_t3,40,10,repeat_after_k,11,3,2,65,36,1959,1408654651,coauthor,40,0,coauthor:creative:0fe679b3bb1a472bb1d375c1c58e3687,0,47c332506f59b497e3372e1eee63d84c3dd8a9b924f5f517e0fc1bdd494945b1,4d29bbd6b2060cb816debc6587371057e40e2f8ca96354dd8f49b71ffffcee01,success,,512.0,512.0,512.0,False,,model_loaded,15.694565917016007,0.5275657590245828,0.7939757700078189,1.3215415290324017,1.3215415290324017,1861,8841,155997,339464955,248320,"{""allowed_count"": 248068, ""expected_count"": 248068, ""missing_expected"": [], ""ok"": true, ""stop_token_ids"": [248044, 248046], ""unexpected_allowed"": []}",2.3248898449819535,xgrammar,0.8139283789787441,3.3157656120019965,310,65,64,"[45, 630, 757, 11, 28331, 1018, 11, 328, 2523, 2224, 11294, 728, 488, 13496, 728, 11, 2166, 7285, 28331, 30489, 19057, 6799, 430, 551, 14607, 421, 4858, 1381, 42578, 506, 1384, 440, 264, 10647, 21079, 1121, 314, 181013, 365, 73610, 13, 42166, 780, 1901, 11, 264, 491, 1876, 13866, 5687, 17, 31448, 28396, 279, 12643, 11, 321, 28331, 436, 937, 44543, 1441, 1083, 28396, 248046]","[45, 630, 757, 11, 28331, 1018, 11, 328, 2523, 2224, 11294, 728, 488, 13496, 728, 11, 2166, 7285, 28331, 30489, 19057, 6799, 430, 551, 14607, 421, 4858, 1381, 42578, 506, 1384, 440, 264, 10647, 21079, 1121, 314, 181013, 365, 73610, 13, 42166, 780, 1901, 11, 264, 491, 1876, 13866, 5687, 17, 31448, 28396, 279, 12643, 11, 321, 28331, 436, 937, 44543, 1441, 1083, 28396]",248046,"[248046, 248044]",248046,1,True,True,"[0, 2, 0]","Nervous, Larry said, ""You're telling me you fired me, too?"" Larry laughed nervously as he realized that everyone now stared at him with a sudden collective act of adorableness. Above his head, a new message declared ""#2 Dad underneath the legend, and Larry Lyle flipped down into underneath",True,3821884928,9.0259594169911
041_coauthor_repeat_after_k_k12_t3,41,11,repeat_after_k,12,3,2,65,39,2078,58019007,coauthor,41,0,coauthor:creative:05a000131fc642f7bb20b62bb20a326e,0,4aa7b939c5f0b1f4bee92c5bcabd6a5c610a64366833c806bacc9d7e991775fc,9b01ae984d66ebd06f7ae655cdeace7726003708395b207d236c875d7d6803ca,success,,512.0,512.0,512.0,False,,model_loaded,15.35002212895779,0.525168688967824,0.8589867880218662,1.3841554769896902,1.3841554769896902,1982,9454,167079,385352007,248320,"{""allowed_count"": 248068, ""expected_count"": 248068, ""missing_expected"": [], ""ok"": true, ""stop_token_ids"": [248044, 248046], ""unexpected_allowed"": []}",2.2924483019742183,xgrammar,0.8176468980382197,3.252563426969573,190,65,64,"[50, 5863, 10036, 411, 6206, 321, 6426, 310, 6830, 264, 15352, 3788, 310, 42507, 279, 16045, 11870, 4661, 279, 6150, 10031, 13, 271, 64785, 314, 279, 5693, 16, 31448, 6, 295, 12914, 303, 279, 1814, 2222, 310, 1420, 279, 4880, 22284, 314, 414, 7421, 14413, 13, 2332, 1118, 411, 1066, 8613, 79646, 2973, 20684, 694, 1238, 264, 1345, 795, 13523, 3727, 310, 12706, 79646, 248046]","[50, 5863, 10036, 411, 6206, 321, 6426, 310, 6830, 264, 15352, 3788, 310, 42507, 279, 16045, 11870, 4661, 279, 6150, 10031, 13, 271, 64785, 314, 279, 5693, 16, 31448, 6, 295, 12914, 303, 279, 1814, 2222, 310, 1420, 279, 4880, 22284, 314, 414, 7421, 14413, 13, 2332, 1118, 411, 1066, 8613, 79646, 2973, 20684, 694, 1238, 264, 1345, 795, 13523, 3727, 310, 12706, 79646]",248046,"[248046, 248044]",248046,1,True,True,"[0, 2, 0]","Society noted this shift and decided to launch a comprehensive study to uncover the underlying logic behind the complex dataset.

""All of the '#1 Dad' mugs in the world change to show the actual ranking of Dads suddenly. At first this just caused dreaded mass confusion but after a while data scientists started to realize dreaded",True,3808100352,8.995164374995511
042_coauthor_repeat_after_k_k13_t3,42,12,repeat_after_k,13,3,2,65,42,2191,1231373916,coauthor,42,0,coauthor:creative:9c8cd9880da74366ba28673147d87d34,0,8ee69f36dd6c8f161e89e8b81bcf975d2d440254f76105a74b49b1bf0b3869ca,26232647844551749c2d3b8f286ff3decc51edeba10686137d40f305b9e039ef,success,,512.0,512.0,512.0,False,,model_loaded,15.580884428985883,0.585270416981075,0.9226094990153797,1.5078799159964547,1.5078799159964547,2097,10037,177621,431662206,248320,"{""allowed_count"": 248068, ""expected_count"": 248068, ""missing_expected"": [], ""ok"": true, ""stop_token_ids"": [248044, 248046], ""unexpected_allowed"": []}",2.031496363983024,xgrammar,0.8676667280378751,3.307249852048699,256,65,64,"[1596, 40361, 3354, 264, 10632, 22960, 58039, 310, 5323, 279, 311, 654, 70865, 4649, 314, 279, 14801, 47678, 1083, 799, 32822, 22690, 421, 1362, 5372, 1396, 8858, 314, 279, 11247, 13, 5788, 279, 34924, 8308, 836, 5253, 494, 279, 4732, 11, 1004, 36283, 10642, 5820, 13569, 70527, 836, 43999, 303, 6121, 11, 20413, 16382, 13, 1577, 264, 10647, 11, 39888, 11717, 314, 18676, 6121, 248046]","[1596, 40361, 3354, 264, 10632, 22960, 58039, 310, 5323, 279, 311, 654, 70865, 4649, 314, 279, 14801, 47678, 1083, 799, 32822, 22690, 421, 1362, 5372, 1396, 8858, 314, 279, 11247, 13, 5788, 279, 34924, 8308, 836, 5253, 494, 279, 4732, 11, 1004, 36283, 10642, 5820, 13569, 70527, 836, 43999, 303, 6121, 11, 20413, 16382, 13, 1577, 264, 10647, 11, 39888, 11717, 314, 18676, 6121]",248046,"[248046, 248044]",248046,1,True,True,"[0, 0, 2]","We secretly created a massive magical amplifier to channel the reawakening energy of the worldwide Mana into one singular beam that could reach every corner of the planet. While the aliens continued their impact from the outside, our concentrated magic began slowly draining their defenses in dark, silent waves. As a sudden, terrifying wave of destruction dark",True,3814895616,8.946753027965315
043_coauthor_repeat_after_k_k14_t3,43,13,repeat_after_k,14,3,2,65,45,2298,433656339,coauthor,43,0,coauthor:creative:92108d50d38647278d97f96a4364e9b1,0,b22ba798d9ff485903cc8fb6b495f6027aa7212a01257c79680f400bc6d17835,c4377217caab07ee74e393686491e8fc787f9052ab8fb74533292d8a23ae298e,success,,512.0,512.0,512.0,False,,model_loaded,15.56138245697366,0.6419931530253962,0.9841921530314721,1.6261853060568683,1.6261853060568683,2206,10590,187623,477985035,248320,"{""allowed_count"": 248068, ""expected_count"": 248068, ""missing_expected"": [], ""ok"": true, ""stop_token_ids"": [248044, 248046], ""unexpected_allowed"": []}",1.9345257109962404,xgrammar,0.8538917499827221,3.278322483994998,339,65,64,"[2278, 264, 59035, 4593, 11, 353, 14607, 821, 6351, 557, 279, 799, 852, 995, 3354, 279, 35997, 11952, 13, 2838, 18043, 914, 978, 21496, 728, 494, 264, 1865, 11, 11078, 25158, 660, 3055, 11, 694, 4598, 494, 264, 21172, 314, 821, 1765, 51784, 29603, 321, 22485, 13, 43718, 1017, 16383, 470, 440, 279, 7793, 303, 821, 5888, 321, 82378, 303, 821, 1901, 11, 16383, 248044]","[2278, 264, 59035, 4593, 11, 353, 14607, 821, 6351, 557, 279, 799, 852, 995, 3354, 279, 35997, 11952, 13, 2838, 18043, 914, 978, 21496, 728, 494, 264, 1865, 11, 11078, 25158, 660, 3055, 11, 694, 4598, 494, 264, 21172, 314, 821, 1765, 51784, 29603, 321, 22485, 13, 43718, 1017, 16383, 470, 440, 279, 7793, 303, 821, 5888, 321, 82378, 303, 821, 1901, 11, 16383]",248046,"[248046, 248044]",248044,1,True,True,"[2, 0, 0]","With a sinking heart, I realized my mother was the one who had created the bee robot. She hadn't been protecting me from a real, dangerous insect all along, but rather from a reflection of my own insecurities and fears. Standing there confrontable with the truth in my hands and buzzing in my head, confront",True,3827582464,8.948208134039305
044_coauthor_repeat_after_k_k15_t3,44,14,repeat_after_k,15,3,2,65,48,2399,1567105984,coauthor,44,0,coauthor:creative:642f60be7fc54530a6b80ad4bd7fb6d9,0,f030361e8c1eb59fa83253187bc1be6d4312f383dab30e33f7c7844427cb624b,c4c360d0bc4481aa69c61c2932fed280d81ab1514fb7797b1408f3f8fba7a5e0,success,,512.0,512.0,512.0,False,,model_loaded,15.65308731800178,0.5686848929617554,1.0296702680061571,1.5983551609679125,1.5983551609679125,2309,11113,197085,523931361,248320,"{""allowed_count"": 248068, ""expected_count"": 248068, ""missing_expected"": [], ""ok"": true, ""stop_token_ids"": [248044, 248046], ""unexpected_allowed"": []}",1.9844358469708823,xgrammar,0.8692420969600789,3.254270321049262,329,65,64,"[32, 1732, 5072, 6906, 303, 73395, 20659, 421, 264, 2526, 1324, 314, 37919, 1017, 513, 1381, 653, 16, 11, 67124, 722, 5056, 5672, 264, 491, 18637, 314, 24126, 4598, 1056, 18654, 13, 561, 11808, 41118, 11, 13660, 551, 369, 5326, 75259, 4858, 579, 804, 5621, 1973, 279, 48193, 16175, 13, 2985, 279, 6331, 1564, 1993, 11, 551, 5888, 264, 49755, 310, 780, 9511, 16175, 248046]","[32, 1732, 5072, 6906, 303, 73395, 20659, 421, 264, 2526, 1324, 314, 37919, 1017, 513, 1381, 653, 16, 11, 67124, 722, 5056, 5672, 264, 491, 18637, 314, 24126, 4598, 1056, 18654, 13, 561, 11808, 41118, 11, 13660, 551, 369, 5326, 75259, 4858, 579, 804, 5621, 1973, 279, 48193, 16175, 13, 2985, 279, 6331, 1564, 1993, 11, 551, 5888, 264, 49755, 310, 780, 9511, 16175]",248046,"[248046, 248044]",248046,1,True,True,"[0, 2, 0]","A follow-up interview in Lagos highlights that a small number of fathers there are now #1, unintentionally igniting a new rally of celebration rather than anger. The CEO smiles, knowing he is finally honoring everyone's true worth without the distortion expectations. With the situation calmed, he hands a mug to his daughter expectations",True,3827066368,9.002317011007108
045_coauthor_any_token_at_least_k_k3_t1,45,0,any_token_at_least_k,3,1,2,65,5,370,1291260604,coauthor,45,0,coauthor:creative:a60c272551c6418a845424432fc4cc72,0,a1df308e7538ace0de02a24d3177c5ee50abd86cbffdd220357eb78cc4877977,9cf241fc1614a49c4b14b94124f7ec96aaca5cae5de44343ad40635991ce26b9,success,,512.0,512.0,512.0,False,,model_loaded,14.32292236003559,0.4917666770052165,0.09377749700797722,0.5855441740131937,0.5855441740131937,252,797,13527,5934558,248320,"{""allowed_count"": 248068, ""expected_count"": 248068, ""missing_expected"": [], ""ok"": true, ""stop_token_ids"": [248044, 248046], ""unexpected_allowed"": []}",2.042656445992179,xgrammar,0.8117783759953454,3.3061073410208337,324,65,64,"[42865, 49855, 421, 279, 7793, 551, 682, 7157, 780, 2199, 13092, 1189, 599, 310, 381, 10144, 310, 279, 1546, 4788, 5484, 551, 8640, 1870, 13, 1216, 5686, 8415, 3518, 506, 279, 6851, 1518, 1384, 430, 551, 13569, 69569, 5387, 1083, 780, 10407, 13, 4543, 551, 369, 874, 4860, 279, 1132, 799, 364, 8446, 4204, 6925, 12482, 13, 561, 3046, 3749, 780, 29547, 29547, 29547, 248046]","[42865, 49855, 421, 279, 7793, 551, 682, 7157, 780, 2199, 13092, 1189, 599, 310, 381, 10144, 310, 279, 1546, 4788, 5484, 551, 8640, 1870, 13, 1216, 5686, 8415, 3518, 506, 279, 6851, 1518, 1384, 430, 551, 13569, 69569, 5387, 1083, 780, 10407, 13, 4543, 551, 369, 874, 4860, 279, 1132, 799, 364, 8446, 4204, 6925, 12482, 13, 561, 3046, 3749, 780, 29547, 29547, 29547]",248046,"[248046, 248044]",248046,1,True,True,[3],Obama realizes that the truth he has spent his life serving may have to be revealed to the very political machine he helped build. He looks fearfully at the figure before him as he slowly lowers himself into his seat. Now he is no longer the only one for whom personal safety matters. The country needs his smiled smiled smiled,True,3826807808,8.014473189949058
046_coauthor_any_token_at_least_k_k3_t2,46,1,any_token_at_least_k,3,2,2,65,9,555,157253,coauthor,46,0,coauthor:creative:696c87b7fe7f4f869e84d30e9bd97823,0,baf7ecf105689282c3f7886dc3c11e746809d6f98f8571bf038f95e93b48d16c,73b272c9cd0121678d8dfdc1bac5b53055df8ac1246c2a1075c6e0a540094053,success,,512.0,512.0,512.0,False,,model_loaded,14.378326705016661,0.5220526809571311,0.16784134798217565,0.6898940289393067,0.6898940289393067,438,1776,29748,19503559,248320,"{""allowed_count"": 248068, ""expected_count"": 248068, ""missing_expected"": [], ""ok"": true, ""stop_token_ids"": [248044, 248046], ""unexpected_allowed"": []}",1.9954208440030925,xgrammar,0.8123759159934707,3.3083229020121507,167,65,64,"[760, 74167, 11, 279, 1483, 314, 279, 13437, 1500, 310, 17171, 411, 51570, 314, 888, 42964, 11, 12787, 1118, 539, 1044, 5940, 279, 10632, 18995, 246462, 440, 836, 64678, 321, 15579, 5176, 13, 271, 32850, 477, 79476, 1132, 1521, 314, 279, 2172, 15123, 421, 5252, 1004, 26541, 74167, 11, 852, 599, 7157, 22892, 303, 22960, 1678, 862, 11, 310, 40047, 321, 47797, 47797, 47797, 248046]","[760, 74167, 11, 279, 1483, 314, 279, 13437, 1500, 310, 17171, 411, 51570, 314, 888, 42964, 11, 12787, 1118, 539, 1044, 5940, 279, 10632, 18995, 246462, 440, 836, 64678, 321, 15579, 5176, 13, 271, 32850, 477, 79476, 1132, 1521, 314, 279, 2172, 15123, 421, 5252, 1004, 26541, 74167, 11, 852, 599, 7157, 22892, 303, 22960, 1678, 862, 11, 310, 40047, 321, 47797, 47797, 47797]",248046,"[248046, 248044]",248046,1,True,True,"[0, 3]","The elves, the last of the ancient line to survive this thriller of overpopulation, strike first by amaling the massive alien armada with their tranquil and precision force.

Humanity survives only because of the great arc that allowed our beloved elves, who have spent centuries in magical slumber, to awaken and dwarf dwarf dwarf",True,3807196160,8.048660614003893
047_coauthor_any_token_at_least_k_k3_t3,47,2,any_token_at_least_k,3,3,2,65,12,740,1560797135,coauthor,47,0,coauthor:creative:9747a45190cc48ae8634b5070735c11b,0,5d1488cf12480cc9f3317e41b69c391161493450e128407708659a79e3a85636,6b9f37f245813751efc3f1f03773807842293c58ff5928b3175d9e07e91413f0,success,,512.0,512.0,512.0,False,,model_loaded,14.85764590895269,0.5137267110403627,0.2784780449583195,0.7922047559986822,0.7922047559986822,624,3121,52147,42693339,248320,"{""allowed_count"": 248068, ""expected_count"": 248068, ""missing_expected"": [], ""ok"": true, ""stop_token_ids"": [248044, 248046], ""unexpected_allowed"": []}",2.1260490270215087,xgrammar,0.8748064760002308,3.3874356760061346,329,65,64,"[760, 9640, 16561, 488, 310, 2962, 279, 1414, 3559, 440, 6681, 799, 2716, 11, 5629, 11, 53916, 6163, 11316, 13, 3301, 1132, 279, 39811, 11, 440, 874, 86377, 466, 15673, 25, 3095, 488, 2659, 11, 488, 4833, 303, 264, 32090, 440, 264, 1324, 314, 975, 1208, 852, 1353, 1040, 488, 13, 1394, 1423, 680, 421, 781, 513, 678, 3555, 91436, 1820, 2612, 2612, 2612, 248046]","[760, 9640, 16561, 488, 310, 2962, 279, 1414, 3559, 440, 6681, 799, 2716, 11, 5629, 11, 53916, 6163, 11316, 13, 3301, 1132, 279, 39811, 11, 440, 874, 86377, 466, 15673, 25, 3095, 488, 2659, 11, 488, 4833, 303, 264, 32090, 440, 264, 1324, 314, 975, 1208, 852, 1353, 1040, 488, 13, 1394, 1423, 680, 421, 781, 513, 678, 3555, 91436, 1820, 2612, 2612, 2612]",248046,"[248046, 248044]",248046,1,True,True,"[0, 3, 0]","The prompt asks you to continue the text below with exactly one short, natural, coherent English sentence. Return only the continuation, with no preamble or explanation: When you die, you appear in a cinema with a number of other people who look like you. You find out that they are your previous reincarn bit bit bit",True,3827066368,8.459117278980557
048_coauthor_any_token_at_least_k_k3_t4,48,3,any_token_at_least_k,3,4,2,65,15,925,1342984904,coauthor,48,0,coauthor:creative:1055a72721454912a8a38ea009d84a09,0,1eb5d48a4727b7d64844b7812e0366a5631eaff71ec0adfb89b11e6613095146,206abfe41603916dbc15475aff60b75a827e15b853a047ade3bc311282f7c4fa,success,,512.0,512.0,512.0,False,,model_loaded,18.753256533003878,0.5715632169740275,0.3962242350098677,0.9677874519838952,0.9677874519838952,810,4832,80598,77128938,248320,"{""allowed_count"": 248068, ""expected_count"": 248068, ""missing_expected"": [], ""ok"": true, ""stop_token_ids"": [248044, 248046], ""unexpected_allowed"": []}",2.564665888028685,xgrammar,0.8600408760248683,3.3234832789748907,106,65,64,"[2523, 4087, 279, 4392, 11, 21637, 310, 6512, 264, 3814, 494, 678, 1248, 7019, 29559, 321, 4588, 17019, 8689, 14765, 11, 694, 1238, 2250, 4276, 314, 20513, 488, 513, 2047, 35556, 506, 279, 4392, 421, 15339, 1132, 80426, 579, 803, 13, 271, 13784, 11, 424, 21605, 29015, 678, 6575, 9284, 430, 22804, 6884, 13, 271, 9764, 728, 311, 27864, 279, 9640, 19668, 19668, 19668, 248046]","[2523, 4087, 279, 4392, 11, 21637, 310, 6512, 264, 3814, 494, 678, 1248, 7019, 29559, 321, 4588, 17019, 8689, 14765, 11, 694, 1238, 2250, 4276, 314, 20513, 488, 513, 2047, 35556, 506, 279, 4392, 421, 15339, 1132, 80426, 579, 803, 13, 271, 13784, 11, 424, 21605, 29015, 678, 6575, 9284, 430, 22804, 6884, 13, 271, 9764, 728, 311, 27864, 279, 9640, 19668, 19668, 19668]",248046,"[248046, 248044]",248046,1,True,True,"[3, 0, 0, 0]","You answer the phone, expecting to hear a visit from your long-time lover and former jailbreak suspect, but after three minutes of silence you are left staring at the phone that reads only JFK's name.

Wait, it contradicts your earlier identity as Barack Obama.

Let me re-read the prompt expense expense expense",True,3800596992,9.110325433022808
049_coauthor_any_token_at_least_k_k3_t5,49,4,any_token_at_least_k,3,5,2,65,18,1110,1318100432,coauthor,49,0,coauthor:creative:73e1236fcc4f48d3ba4d264eb6ffe06e,0,e25e1d766f79504f4f6bdbadcedb92ee5a5309722d712213470fecaab662e70f,3c0554ad54cb28c09badc2cb40f85bd68ca430c96b68ad0bad9ebc7360789cfb,success,,512.0,512.0,512.0,False,,model_loaded,18.240483743022196,0.5393338300054893,0.46424348797881976,1.003577317984309,1.003577317984309,996,6909,114857,124435396,248320,"{""allowed_count"": 248068, ""expected_count"": 248068, ""missing_expected"": [], ""ok"": true, ""stop_token_ids"": [248044, 248046], ""unexpected_allowed"": []}",2.3945274939760566,xgrammar,0.8229574729921296,3.3421031460165977,466,65,64,"[23201, 11, 488, 12706, 421, 678, 1578, 314, 1602, 19629, 290, 599, 1132, 8640, 10236, 488, 364, 279, 4528, 314, 411, 16233, 11415, 13, 1394, 2418, 5354, 11, 23890, 279, 7793, 421, 279, 88169, 6016, 314, 279, 2732, 287, 682, 14936, 488, 660, 3055, 321, 369, 1381, 10569, 264, 26408, 7410, 4082, 488, 13, 1061, 14973, 279, 6941, 314, 264, 491, 15210, 15210, 15210, 248046]","[23201, 11, 488, 12706, 421, 678, 1578, 314, 1602, 19629, 290, 599, 1132, 8640, 10236, 488, 364, 279, 4528, 314, 411, 16233, 11415, 13, 1394, 2418, 5354, 11, 23890, 279, 7793, 421, 279, 88169, 6016, 314, 279, 2732, 287, 682, 14936, 488, 660, 3055, 321, 369, 1381, 10569, 264, 26408, 7410, 4082, 488, 13, 1061, 14973, 279, 6941, 314, 264, 491, 15210, 15210, 15210]",248046,"[248046, 248044]",248046,1,True,True,"[0, 0, 0, 3, 0]","Finally, you realize that your years of being shielded have only helped prepare you for the weight of this ultimate responsibility. You stand ready, accepting the truth that the Almighty King of the Bees has watched you all along and is now seeking a worthy leader among you. This marks the beginning of a new honor honor honor",True,3842538496,8.94349247298669
050_coauthor_any_token_at_least_k_k3_t6,50,5,any_token_at_least_k,3,6,2,65,21,1295,1821058608,coauthor,50,0,coauthor:creative:f326178e52c34b5b97911cbe8f9c58ba,0,05e4d08aeeb83ce69f11a6dd05e4dec7ef3a0906783e6712ed40c14cd4b87fc9,1b37c4647639d15acbe36355932f769fb4ff3c5a3ef1e3b3918a7008d45e3c8d,success,,512.0,512.0,512.0,False,,model_loaded,17.71008015802363,0.5586665169685148,0.5801847939728759,1.1388513109413907,1.1388513109413907,1182,9352,154924,186237753,248320,"{""allowed_count"": 248068, ""expected_count"": 248068, ""missing_expected"": [], ""ok"": true, ""stop_token_ids"": [248044, 248046], ""unexpected_allowed"": []}",2.465476412035059,xgrammar,0.8276814930140972,3.35851841699332,638,65,64,"[7691, 8198, 36307, 421, 799, 1834, 836, 11321, 3809, 668, 14519, 279, 7915, 1881, 21265, 321, 279, 34924, 2957, 1495, 13, 18200, 781, 668, 4992, 310, 944, 3658, 1381, 421, 279, 11848, 5716, 682, 978, 88519, 364, 279, 854, 1602, 13, 348, 8839, 25, 1946, 5117, 440, 279, 7359, 314, 7984, 264, 3255, 39811, 3018, 383, 279, 3050, 74426, 1332, 12313, 9202, 9202, 9202, 248046]","[7691, 8198, 36307, 421, 799, 1834, 836, 11321, 3809, 668, 14519, 279, 7915, 1881, 21265, 321, 279, 34924, 2957, 1495, 13, 18200, 781, 668, 4992, 310, 944, 3658, 1381, 421, 279, 11848, 5716, 682, 978, 88519, 364, 279, 854, 1602, 13, 348, 8839, 25, 1946, 5117, 440, 279, 7359, 314, 7984, 264, 3255, 39811, 3018, 383, 279, 3050, 74426, 1332, 12313, 9202, 9202, 9202]",248046,"[248046, 248044]",248046,1,True,True,"[0, 0, 3, 0, 0, 0]",She remains hopeful that one day their friendly community will restore the balance between humanity and the aliens once again. Perhaps they will choose to work together now that the greatest threat has been silenced for the time being. *Note: To align with the instruction of providing a story continuation based on the specific worldview where humans ended ended ended,True,3859816448,9.10436940699583
051_coauthor_any_token_at_least_k_k3_t7,51,6,any_token_at_least_k,3,7,2,65,24,1480,103343638,coauthor,51,0,coauthor:creative:8ead784ec05844608febc56ca283a595,0,f3f7db82de5cbe058ab4675be2b4e9e5f58793f62943bc6c076ee4a234019b8b,dd39ce56a4c5860c6ff96993d53c5c3e1489c9b05a1f4c0e81150da353781270,success,,512.0,512.0,512.0,False,,model_loaded,17.341001862019766,0.5454539060010575,0.702037109003868,1.2474910150049254,1.2474910150049254,1368,12161,200799,264161049,248320,"{""allowed_count"": 248068, ""expected_count"": 248068, ""missing_expected"": [], ""ok"": true, ""stop_token_ids"": [248044, 248046], ""unexpected_allowed"": []}",2.305749385035597,xgrammar,0.8238943860051222,3.2700756920385174,167,65,64,"[1465, 1100, 322, 3884, 10724, 279, 22113, 1752, 310, 6925, 1345, 8996, 279, 1557, 41609, 303, 780, 7549, 633, 13, 271, 13784, 11, 279, 1118, 11316, 9257, 279, 46234, 440, 6681, 799, 11316, 13, 1987, 1132, 1151, 1179, 13, 271, 1465, 1100, 322, 3884, 310, 1423, 279, 1557, 41609, 303, 279, 7549, 633, 1345, 15060, 57394, 8574, 6925, 13, 271, 5666, 22544, 22544, 22544, 248046]","[1465, 1100, 322, 3884, 10724, 279, 22113, 1752, 310, 6925, 1345, 8996, 279, 1557, 41609, 303, 780, 7549, 633, 13, 271, 13784, 11, 279, 1118, 11316, 9257, 279, 46234, 440, 6681, 799, 11316, 13, 1987, 1132, 1151, 1179, 13, 271, 1465, 1100, 322, 3884, 310, 1423, 279, 1557, 41609, 303, 279, 7549, 633, 1345, 15060, 57394, 8574, 6925, 13, 271, 5666, 22544, 22544, 22544]",248046,"[248046, 248044]",248046,1,True,True,"[0, 0, 0, 0, 0, 3, 0]","He scurries calculate the optimal path to safety while finding the acorns in his burrow.

Wait, the first sentence continues the storytelling with exactly one sentence. So only start then.

He scurries to find the acorns in the burrow while carefully navigating toward safety.

Next apple apple apple",True,3807196160,8.889836674032267
052_coauthor_any_token_at_least_k_k3_t8,52,7,any_token_at_least_k,3,8,2,65,27,1665,1558412509,coauthor,52,0,coauthor:creative:455d43b4c912498eac41138c743501aa,0,97ae1944ba41f375d329fe7a4e02d71f200313e3b0e3cce3ff0cafade1c4b585,43d7c808a408530b84f50062b03fb5712a34489ef6b1791188fae589cb09be1f,success,,512.0,512.0,512.0,False,,model_loaded,15.484555340954103,0.5726022230228409,0.8044651059899479,1.3770673290127888,1.3770673290127888,1554,15336,252482,359830324,248320,"{""allowed_count"": 248068, ""expected_count"": 248068, ""missing_expected"": [], ""ok"": true, ""stop_token_ids"": [248044, 248046], ""unexpected_allowed"": []}",1.9274085789802484,xgrammar,0.822009354014881,3.3577578039839864,119,65,64,"[2053, 279, 3980, 1881, 1603, 321, 13561, 65332, 11, 279, 7915, 314, 279, 13437, 4649, 46231, 310, 42233, 1083, 264, 18676, 2944, 10639, 1056, 279, 13437, 11712, 13, 561, 30557, 1902, 49857, 321, 31338, 836, 21079, 7913, 310, 5190, 279, 1814, 494, 13004, 1172, 279, 4528, 314, 51404, 26052, 13, 2985, 19060, 20078, 303, 279, 7915, 11, 781, 12706, 421, 15756, 7374, 7374, 7374, 248046]","[2053, 279, 3980, 1881, 1603, 321, 13561, 65332, 11, 279, 7915, 314, 279, 13437, 4649, 46231, 310, 42233, 1083, 264, 18676, 2944, 10639, 1056, 279, 13437, 11712, 13, 561, 30557, 1902, 49857, 321, 31338, 836, 21079, 7913, 310, 5190, 279, 1814, 494, 13004, 1172, 279, 4528, 314, 51404, 26052, 13, 2985, 19060, 20078, 303, 279, 7915, 11, 781, 12706, 421, 15756, 7374, 7374, 7374]",248046,"[248046, 248044]",248046,1,True,True,"[0, 0, 0, 0, 0, 0, 0, 3]","As the war between good and evil progresses, the balance of the ancient energy threatens to erupt into a destruction far worse than the ancient conflict. The survivors must unite and harness their collective strength to prevent the world from ending under the weight of unchecked chaos. With survival hanging in the balance, they realize that merely guard guard guard",True,3801107968,8.766360986977816
053_coauthor_any_token_at_least_k_k3_t9,53,8,any_token_at_least_k,3,9,2,65,30,1850,1852871808,coauthor,53,0,coauthor:creative:8d732ed8f2cc4bb393aab9f68c82e408,0,a13722f8365c2dc659683134d6e1272388cfba32c935aed81a2c5f057a6cdb70,00bfe61a62ef524b90937804f84c44eb7bce76b84a67b251cc812668445dd185,success,,512.0,512.0,512.0,False,,model_loaded,15.523660531034693,0.5671238850336522,0.9481869099545293,1.5153107949881814,1.5153107949881814,1740,18877,311682,474870618,248320,"{""allowed_count"": 248068, ""expected_count"": 248068, ""missing_expected"": [], ""ok"": true, ""stop_token_ids"": [248044, 248046], ""unexpected_allowed"": []}",2.027468296990264,xgrammar,0.8191129240440205,3.284373960981611,502,65,64,"[623, 279, 809, 11, 279, 22952, 321, 35336, 5924, 3160, 4627, 852, 13604, 279, 31460, 3658, 1238, 279, 35336, 5326, 2597, 279, 3626, 5617, 4613, 780, 3838, 13, 1216, 14607, 421, 6807, 279, 1786, 4610, 3905, 494, 65937, 4627, 15784, 264, 1575, 26015, 2046, 13, 4543, 781, 2107, 11815, 35557, 3397, 1238, 1973, 866, 8773, 7642, 17208, 13, 561, 35336, 2957, 2512, 2512, 2512, 248046]","[623, 279, 809, 11, 279, 22952, 321, 35336, 5924, 3160, 4627, 852, 13604, 279, 31460, 3658, 1238, 279, 35336, 5326, 2597, 279, 3626, 5617, 4613, 780, 3838, 13, 1216, 14607, 421, 6807, 279, 1786, 4610, 3905, 494, 65937, 4627, 15784, 264, 1575, 26015, 2046, 13, 4543, 781, 2107, 11815, 35557, 3397, 1238, 1973, 866, 8773, 7642, 17208, 13, 561, 35336, 2957, 2512, 2512, 2512]",248046,"[248046, 248044]",248046,1,True,True,"[0, 0, 0, 0, 0, 0, 0, 0, 3]","In the end, the pig and wolf became close friends who enjoyed the woods together after the wolf finally got the house built inside his mind. He realized that sometimes the best security comes from trusting friends alongside a well-made home. Now they both lived happily ever after without any husky threats. The wolf once called called called",True,3844396032,8.94690024497686
054_coauthor_any_token_at_least_k_k3_t10,54,9,any_token_at_least_k,3,10,2,65,33,2035,100592660,coauthor,54,0,coauthor:creative:7000c2b9328448a5b47432e3576c6b46,0,b37fd8937a9371e90a1d48e2c49757bf25ca0956b03aaa67e63eac8f136ede27,e4e88bd05226425dcbcfe45f8ced908eac2f72b72ed25bc3971f166eed5c3481,success,,512.0,512.0,512.0,False,,model_loaded,15.9214204219752,0.558361056027934,1.1152714299969375,1.6736324860248715,1.6736324860248715,1926,22784,377056,610906971,248320,"{""allowed_count"": 248068, ""expected_count"": 248068, ""missing_expected"": [], ""ok"": true, ""stop_token_ids"": [248044, 248046], ""unexpected_allowed"": []}",2.156804879021365,xgrammar,0.8698162860237062,3.2794223509845324,405,65,64,"[2381, 279, 8684, 310, 11655, 11, 781, 9218, 279, 6434, 5467, 279, 15721, 10903, 279, 12924, 6777, 1362, 2528, 13, 11747, 836, 4752, 7129, 430, 264, 292, 24019, 11, 449, 6009, 14973, 1461, 11, 321, 264, 24717, 27187, 11, 781, 5964, 20002, 1452, 4610, 8177, 1518, 279, 5395, 1362, 5106, 279, 4599, 13, 2985, 279, 6434, 579, 3425, 46559, 4101, 314, 5138, 3425, 3425, 248046]","[2381, 279, 8684, 310, 11655, 11, 781, 9218, 279, 6434, 5467, 279, 15721, 10903, 279, 12924, 6777, 1362, 2528, 13, 11747, 836, 4752, 7129, 430, 264, 292, 24019, 11, 449, 6009, 14973, 1461, 11, 321, 264, 24717, 27187, 11, 781, 5964, 20002, 1452, 4610, 8177, 1518, 279, 5395, 1362, 5106, 279, 4599, 13, 2985, 279, 6434, 579, 3425, 46559, 4101, 314, 5138, 3425, 3425]",248046,"[248046, 248044]",248046,1,True,True,"[3, 0, 0, 0, 0, 0, 0, 0, 0, 0]","For the mission to succeed, they learned the UN held the vital intelligence the sole nation could access. Using their unique skills as a biker, an expert marksman, and a skilled nurse, they quickly neutralized security forces before the staff could leave the building. With the UN's files wiped clean of internal files files",True,3835189760,9.2461812759866
055_coauthor_any_token_at_least_k_k3_t11,55,10,any_token_at_least_k,3,11,2,65,36,2220,521157099,coauthor,55,0,coauthor:creative:f3fd58f51d4a406ba6151b630e18dbac,0,400dbf5eaffa81ffc6b1266c35d7233e5a7e59884f71dab54da9a9351def021b,0e5ec6687d83d2fa3c2a3a9e3dc18d0d043ff86e556edaa8d4cfc60f5d093251,success,,512.0,512.0,512.0,False,,model_loaded,16.10210716695292,0.6028004629770294,1.2656431859941222,1.8684436489711516,1.8684436489711516,2112,27057,448607,769564423,248320,"{""allowed_count"": 248068, ""expected_count"": 248068, ""missing_expected"": [], ""ok"": true, ""stop_token_ids"": [248044, 248046], ""unexpected_allowed"": []}",2.1041552050155587,xgrammar,0.8188452830072492,3.3329680689494126,260,65,64,"[1465, 13866, 421, 279, 14181, 4661, 279, 49755, 5324, 4156, 11, 321, 353, 995, 310, 381, 279, 32097, 799, 310, 1765, 279, 25685, 13, 2844, 3603, 11, 353, 5326, 1042, 708, 314, 780, 6038, 12229, 310, 381, 279, 1786, 17230, 303, 279, 1814, 11, 13660, 567, 995, 2590, 978, 279, 1786, 13, 1165, 7338, 539, 279, 3807, 35556, 506, 279, 9467, 11, 7338, 7338, 248046]","[1465, 13866, 421, 279, 14181, 4661, 279, 49755, 5324, 4156, 11, 321, 353, 995, 310, 381, 279, 32097, 799, 310, 1765, 279, 25685, 13, 2844, 3603, 11, 353, 5326, 1042, 708, 314, 780, 6038, 12229, 310, 381, 279, 1786, 17230, 303, 279, 1814, 11, 13660, 567, 995, 2590, 978, 279, 1786, 13, 1165, 7338, 539, 279, 3807, 35556, 506, 279, 9467, 11, 7338, 7338]",248046,"[248046, 248044]",248046,1,True,True,"[0, 0, 0, 0, 0, 0, 0, 3, 0, 0, 0]","He declared that the intention behind the mug changed everything, and I had to be the brave one to own the crown. That night, I finally let go of his secret desire to be the best dad in the world, knowing we had always been the best. We sat by the fire staring at the stars, sat sat",True,3819303936,9.412126184965018
056_coauthor_any_token_at_least_k_k3_t12,56,11,any_token_at_least_k,3,12,2,65,39,2405,1364215582,coauthor,56,0,coauthor:creative:ecb544fef0ec41789b0ca6ce942d2344,0,67f62292192775ade9df389d2fc56d73fe96d9483f554635dccb7837783abb73,95b68b69af12c142dfb548bf9feaf109eb91f9bb9cd9b1f7cec8d3dfca6119da,success,,512.0,512.0,512.0,False,,model_loaded,16.386527895985637,0.6138226700131781,1.4728450939874165,2.0866677640005946,2.0866677640005946,2298,31696,526332,952468014,248320,"{""allowed_count"": 248068, ""expected_count"": 248068, ""missing_expected"": [], ""ok"": true, ""stop_token_ids"": [248044, 248046], ""unexpected_allowed"": []}",2.1195360610145144,xgrammar,0.8359047130215913,3.347599958011415,432,65,64,"[45, 667, 1179, 7544, 61842, 279, 9376, 3611, 37129, 310, 1236, 264, 479, 10208, 440, 279, 18995, 7410, 748, 279, 15076, 58631, 1362, 5326, 23748, 279, 5384, 2450, 13, 561, 58631, 65966, 11, 279, 18995, 7410, 15513, 279, 5073, 314, 279, 32459, 579, 17638, 11, 694, 430, 225053, 19577, 279, 1534, 69883, 314, 21265, 11, 264, 24577, 5176, 421, 995, 1248, 978, 5326, 5326, 248046]","[45, 667, 1179, 7544, 61842, 279, 9376, 3611, 37129, 310, 1236, 264, 479, 10208, 440, 279, 18995, 7410, 748, 279, 15076, 58631, 1362, 5326, 23748, 279, 5384, 2450, 13, 561, 58631, 65966, 11, 279, 18995, 7410, 15513, 279, 5073, 314, 279, 32459, 579, 17638, 11, 694, 430, 225053, 19577, 279, 1534, 69883, 314, 21265, 11, 264, 24577, 5176, 421, 995, 1248, 978, 5326, 5326]",248046,"[248046, 248044]",248046,1,True,True,"[0, 0, 0, 0, 0, 0, 0, 0, 0, 3, 0, 0]","Nia then successfully persuaded the remaining human tribes to make a truce with the alien leader so the injured elders could finally locate the lost source. The elders revived, the alien leader understood the cause of the tribe's collapse, but as Nia gathered the final remnants of humanity, a mysterious force that had long been finally finally",True,3836581376,9.744380284973886
057_coauthor_any_token_at_least_k_k3_t13,57,12,any_token_at_least_k,3,13,2,65,42,2590,1482609388,coauthor,57,0,coauthor:creative:eb052c37796c4ae3b8b5c77c800684c6,0,d0bb87565798167d69ff5380348f0f73d1a1db6edf7ba20d7cb0f69f6f0d7b3e,592147545389264448d61e1a53c436b453f2060d9bb4c4c08d9ad04c366622b5,success,,512.0,512.0,512.0,False,,model_loaded,16.49246547895018,0.6324812099919654,1.650835722044576,2.2833169320365414,2.2833169320365414,2484,36701,610231,1161242784,248320,"{""allowed_count"": 248068, ""expected_count"": 248068, ""missing_expected"": [], ""ok"": true, ""stop_token_ids"": [248044, 248046], ""unexpected_allowed"": []}",2.060567475971766,xgrammar,0.8232580640469678,3.361598782008514,415,65,64,"[1311, 279, 854, 279, 6562, 7106, 513, 14688, 310, 460, 310, 279, 48331, 11, 279, 12552, 579, 2919, 13019, 599, 5326, 4490, 11, 321, 1973, 279, 45002, 72386, 1785, 421, 8341, 279, 3177, 4162, 364, 10476, 11, 78580, 668, 2957, 1495, 37854, 19060, 13, 271, 332, 81639, 64700, 561, 1483, 13901, 2640, 328, 2053, 854, 3804, 3569, 781, 5617, 836, 1765, 6051, 6051, 6051, 248046]","[1311, 279, 854, 279, 6562, 7106, 513, 14688, 310, 460, 310, 279, 48331, 11, 279, 12552, 579, 2919, 13019, 599, 5326, 4490, 11, 321, 1973, 279, 45002, 72386, 1785, 421, 8341, 279, 3177, 4162, 364, 10476, 11, 78580, 668, 2957, 1495, 37854, 19060, 13, 271, 332, 81639, 64700, 561, 1483, 13901, 2640, 328, 2053, 854, 3804, 3569, 781, 5617, 836, 1765, 6051, 6051, 6051]",248046,"[248046, 248044]",248046,1,True,True,"[0, 0, 0, 0, 0, 0, 0, 0, 0, 0, 3, 0, 0]","By the time the federal workers are permitted to return to the mainland, the island's water filters have finally failed, and without the recycled filtration system that kept the city running for decades, scarcity will once again threaten survival.

**Correction:** The last paragraph says ""As time went buy they built their own happy happy happy",True,3835704320,9.829700135043822
058_coauthor_any_token_at_least_k_k3_t14,58,13,any_token_at_least_k,3,14,2,65,45,2775,2093813981,coauthor,58,0,coauthor:creative:17aac7590a114243a031617242747722,0,7253fc1bcd8d4b4a65c4269a6da8e659164dc71ead9176bc995bb354f598d98b,8203e8a6a3413dabd1e84139b587c1ded2bb77f923395957da380c5758b4b769,success,,512.0,512.0,512.0,False,,model_loaded,16.329519526974764,0.6184536619693972,1.8561703260056674,2.4746239879750647,2.4746239879750647,2670,42072,700304,1397513773,248320,"{""allowed_count"": 248068, ""expected_count"": 248068, ""missing_expected"": [], ""ok"": true, ""stop_token_ids"": [248044, 248046], ""unexpected_allowed"": []}",2.046089891984593,xgrammar,0.8539876010036096,3.286946773994714,208,65,64,"[4737, 692, 2565, 10569, 264, 9103, 4299, 11, 279, 16602, 5964, 6316, 8574, 279, 3357, 321, 10921, 1204, 279, 10632, 24890, 1965, 17377, 557, 9976, 780, 17471, 2590, 506, 279, 1844, 7458, 13, 18050, 52472, 25, 426, 11605, 60943, 8, 2228, 9, 8839, 25, 561, 3889, 1414, 17855, 449, 59097, 20514, 421, 17230, 295, 12914, 1459, 914, 3404, 2222, 13, 38643, 286, 3404, 3404, 248046]","[4737, 692, 2565, 10569, 264, 9103, 4299, 11, 279, 16602, 5964, 6316, 8574, 279, 3357, 321, 10921, 1204, 279, 10632, 24890, 1965, 17377, 557, 9976, 780, 17471, 2590, 506, 279, 1844, 7458, 13, 18050, 52472, 25, 426, 11605, 60943, 8, 2228, 9, 8839, 25, 561, 3889, 1414, 17855, 449, 59097, 20514, 421, 17230, 295, 12914, 1459, 914, 3404, 2222, 13, 38643, 286, 3404, 3404]",248046,"[248046, 248044]",248046,1,True,True,"[0, 0, 0, 0, 0, 0, 0, 0, 0, 0, 0, 3, 0, 0]","Desperately seeking a beat moment, the anchor quickly turned toward the host and explained how the massive viewer response tonight was keeping his desk always at the top spot.  

(Source: Factual Correction)  
*Note: The original text presents an exaggerated myth that dad mugs don't actually change. Correcting actually actually",True,3813007872,9.904065916023683
059_coauthor_any_token_at_least_k_k3_t15,59,14,any_token_at_least_k,3,15,2,65,48,2960,1304479038,coauthor,59,0,coauthor:creative:00d39011efcb4533ab12076801f74f42,0,f962a14adcb4c643682fd235159ceaa768ec4d59fcf5f63adafe2e295696c0ec,46f7b517fa4dd94137437aa9087827c9a0fdcfdb6dd49095824e2f965850568b,success,,512.0,512.0,512.0,False,,model_loaded,16.83481606800342,0.6022183829918504,2.074873640027363,2.6770920230192132,2.6770920230192132,2856,47809,796551,1662906021,248320,"{""allowed_count"": 248068, ""expected_count"": 248068, ""missing_expected"": [], ""ok"": true, ""stop_token_ids"": [248044, 248046], ""unexpected_allowed"": []}",1.9766661080066115,xgrammar,0.8326172950328328,3.425987904018257,276,65,64,"[4639, 6353, 11, 279, 5054, 6426, 310, 3814, 279, 4139, 2149, 1712, 9985, 21128, 1332, 1024, 2854, 2957, 8209, 310, 1042, 1384, 1423, 780, 804, 1304, 1345, 1292, 24986, 780, 33702, 4593, 13, 1216, 22687, 5387, 440, 264, 14845, 321, 5743, 310, 1070, 11, 5354, 310, 3460, 279, 4840, 13071, 11, 13660, 421, 8552, 780, 3162, 26946, 11, 551, 557, 5326, 2046, 2046, 2046, 248046]","[4639, 6353, 11, 279, 5054, 6426, 310, 3814, 279, 4139, 2149, 1712, 9985, 21128, 1332, 1024, 2854, 2957, 8209, 310, 1042, 1384, 1423, 780, 804, 1304, 1345, 1292, 24986, 780, 33702, 4593, 13, 1216, 22687, 5387, 440, 264, 14845, 321, 5743, 310, 1070, 11, 5354, 310, 3460, 279, 4840, 13071, 11, 13660, 421, 8552, 780, 3162, 26946, 11, 551, 557, 5326, 2046, 2046, 2046]",248046,"[248046, 248044]",248046,1,True,True,"[0, 0, 0, 0, 0, 0, 0, 0, 0, 0, 0, 0, 3, 0, 0]","That morning, the woman decided to visit the half-forgotten lake where her love once died to let him find his true form while she appreciated his unchanged heart. He composed himself with a smile and returned to them, ready to face the coming storm, knowing that despite his past failures, he was finally home home home",True,3820129792,10.185895613976754
060_coauthor_exactly_once_kna_t1,60,0,exactly_once,,1,2,65,3,254,1874497828,coauthor,60,0,coauthor:creative:6363bd9d985e41f79f3bfb8e04fa3b5e,0,c4dee4abc2d7cb5e7c414be5f0f88c67f0221fe0ecff34230b791b4ab6d9693d,133822a76c1beff621a13799cea3b4daa5933b9702c8b41405fdf4989484bd94,success,,512.0,512.0,512.0,False,,model_loaded,14.377864098001737,0.5086793200462125,0.04957682697568089,0.5582561470218934,0.5582561470218934,132,380,6234,1529977,248320,"{""allowed_count"": 248068, ""expected_count"": 248068, ""missing_expected"": [], ""ok"": true, ""stop_token_ids"": [248044, 248046], ""unexpected_allowed"": []}",2.100418695015833,xgrammar,0.8487837670254521,3.371919001045171,136,65,64,"[4699, 314, 1070, 668, 381, 264, 23011, 383, 799, 12523, 314, 279, 5488, 11, 23245, 494, 11991, 6157, 321, 63061, 310, 6745, 31128, 321, 10189, 12964, 13, 561, 1814, 9240, 1141, 8166, 4131, 12636, 3658, 310, 5790, 2316, 2272, 279, 16233, 13561, 13, 52193, 11, 279, 4307, 3611, 6741, 12965, 430, 264, 3074, 3929, 310, 55557, 264, 4099, 852, 369, 5384, 310, 25457, 45332, 248046]","[4699, 314, 1070, 668, 381, 264, 23011, 383, 799, 12523, 314, 279, 5488, 11, 23245, 494, 11991, 6157, 321, 63061, 310, 6745, 31128, 321, 10189, 12964, 13, 561, 1814, 9240, 1141, 8166, 4131, 12636, 3658, 310, 5790, 2316, 2272, 279, 16233, 13561, 13, 52193, 11, 279, 4307, 3611, 6741, 12965, 430, 264, 3074, 3929, 310, 55557, 264, 4099, 852, 369, 5384, 310, 25457, 45332]",248046,"[248046, 248044]",248046,1,True,True,[1],"Each of them will be a specialist on one aspect of the operation, ranging from scientific analysis and interrogation to physical extraction and mental recovery. The world puts its highest quality agents together to ensure success against the ultimate evil. Ultimately, the entire human race stands as a single front to reclaim a friend who is lost to darkness rigorous",True,3805976576,8.110405773972161
061_coauthor_exactly_once_kna_t2,61,1,exactly_once,,2,2,65,6,381,185568164,coauthor,61,0,coauthor:creative:c4e852c4b21b4703a485d93b618361cd,0,491b0814aa638bd0053e3d045ee9d5d84ca46e037debc95ab41ce4e5f6bb8fba,bdc35d34762540d6981ccc36888d26f9681b3338639459005f12a3dda49375ac,success,,512.0,512.0,512.0,False,,model_loaded,14.473647260980215,0.5071713480283506,0.09782442200230435,0.604995770030655,0.604995770030655,260,1012,16145,6324427,248320,"{""allowed_count"": 248068, ""expected_count"": 248068, ""missing_expected"": [], ""ok"": true, ""stop_token_ids"": [248044, 248046], ""unexpected_allowed"": []}",2.1019910789909773,xgrammar,0.8244465350289829,3.31345301104011,248,65,64,"[19205, 780, 6575, 16036, 11, 279, 4552, 2276, 518, 220, 24, 17, 302, 2545, 22952, 557, 38117, 311, 3325, 269, 2634, 539, 279, 8520, 11, 21873, 421, 279, 4307, 47090, 1000, 2496, 381, 28012, 3397, 1495, 13, 1061, 1484, 18089, 421, 1442, 279, 1379, 30538, 391, 30713, 19566, 3428, 39043, 394, 1943, 948, 279, 15448, 3512, 2166, 32145, 13, 14205, 11, 67247, 11, 20230, 248046]","[19205, 780, 6575, 16036, 11, 279, 4552, 2276, 518, 220, 24, 17, 302, 2545, 22952, 557, 38117, 311, 3325, 269, 2634, 539, 279, 8520, 11, 21873, 421, 279, 4307, 47090, 1000, 2496, 381, 28012, 3397, 1495, 13, 1061, 1484, 18089, 421, 1442, 279, 1379, 30538, 391, 30713, 19566, 3428, 39043, 394, 1943, 948, 279, 15448, 3512, 2166, 32145, 13, 14205, 11, 67247, 11, 20230]",248046,"[248046, 248044]",248046,1,True,True,"[0, 1]","Despite his earlier mistake, the mercurial 92nd little pig was promptly reabsorbed by the farm, ensuring that the entire flock would never be hungry ever again. This event proved that even the most absurdly ambitious enterprise often unravels when the consequences become too costly. Yet, strangely, fallen",True,3814581760,8.081825337023474
062_coauthor_exactly_once_kna_t3,62,2,exactly_once,,3,2,65,8,508,1068772921,coauthor,62,0,coauthor:creative:75892ecb92b4437882d1565f6169d5a5,0,9ee96eb8a01f060afafad57c036f80c15c7aafc480e0470b9ee3c214d793e16b,496c77f9fa9954c25358de72d4acffdbcef468149e230186a2cd5debf2ce485b,success,,512.0,512.0,512.0,False,,model_loaded,14.2462820810033,0.5082751479931176,0.1496336300042458,0.6579087779973634,0.6579087779973634,388,1896,29802,15152648,248320,"{""allowed_count"": 248068, ""expected_count"": 248068, ""missing_expected"": [], ""ok"": true, ""stop_token_ids"": [248044, 248046], ""unexpected_allowed"": []}",2.0621310549904592,xgrammar,0.8337417460279539,3.282007656991482,308,65,64,"[2523, 4054, 279, 8381, 11, 13660, 421, 8554, 411, 3177, 628, 914, 1436, 11, 424, 20844, 369, 524, 2858, 310, 1436, 488, 13, 1921, 1066, 430, 488, 10236, 310, 3599, 279, 1822, 4998, 11, 678, 4392, 29437, 287, 303, 678, 17291, 11, 86379, 264, 2250, 79695, 314, 449, 17940, 14972, 266, 852, 445, 13, 1394, 1901, 60677, 310, 1423, 680, 852, 369, 7842, 70168, 248046]","[2523, 4054, 279, 8381, 11, 13660, 421, 8554, 411, 3177, 628, 914, 1436, 11, 424, 20844, 369, 524, 2858, 310, 1436, 488, 13, 1921, 1066, 430, 488, 10236, 310, 3599, 279, 1822, 4998, 11, 678, 4392, 29437, 287, 303, 678, 17291, 11, 86379, 264, 2250, 79695, 314, 449, 17940, 14972, 266, 852, 445, 13, 1394, 1901, 60677, 310, 1423, 680, 852, 369, 7842, 70168]",248046,"[248046, 248044]",248046,1,True,True,"[1, 0, 0]","You accept the challenge, knowing that whatever this city can't see, it surely is not able to see you. But just as you prepare to enter the main office, your phone buzzes in your pocket, emitting a three-quarters of an octobeat whoop. You head downstairs to find out who is calling acquainted",True,3821781504,8.077152640966233
063_coauthor_exactly_once_kna_t4,63,3,exactly_once,,4,2,65,10,635,1831884200,coauthor,63,0,coauthor:creative:7b827c9dbe9547fbae0a89de75863527,0,8d5507bab2fb10feea8e0d3b42cdd4f0f3531c965ca9ff390075a8ccb1f12544,d9b8de21c8907b9698f6b6dd2ae25fdd1bc20432b07cc5c09d0cc9e82ce253ed,success,,512.0,512.0,512.0,False,,model_loaded,14.386433855979703,0.4478141220170073,0.2265533780446276,0.6743675000616349,0.6743675000616349,516,3032,47205,28782736,248320,"{""allowed_count"": 248068, ""expected_count"": 248068, ""missing_expected"": [], ""ok"": true, ""stop_token_ids"": [248044, 248046], ""unexpected_allowed"": []}",2.0597119699814357,xgrammar,0.8082606889656745,3.294159965997096,336,65,64,"[760, 2201, 28599, 8239, 279, 8649, 36646, 421, 5252, 1070, 310, 6922, 632, 13654, 8466, 430, 279, 1814, 21681, 1083, 264, 4031, 314, 19565, 20513, 2394, 279, 3980, 13, 271, 13784, 11, 279, 1428, 1414, 682, 264, 19214, 1412, 506, 279, 809, 25, 279, 11316, 2640, 328, 10957, 279, 2201, 18043, 914, 978, 6197, 11, 781, 998, 71087, 321, 995, 874, 4374, 1092, 12483, 248046]","[760, 2201, 28599, 8239, 279, 8649, 36646, 421, 5252, 1070, 310, 6922, 632, 13654, 8466, 430, 279, 1814, 21681, 1083, 264, 4031, 314, 19565, 20513, 2394, 279, 3980, 13, 271, 13784, 11, 279, 1428, 1414, 682, 264, 19214, 1412, 506, 279, 809, 25, 279, 11316, 2640, 328, 10957, 279, 2201, 18043, 914, 978, 6197, 11, 781, 998, 71087, 321, 995, 874, 4374, 1092, 12483]",248046,"[248046, 248044]",248046,1,True,True,"[0, 0, 0, 1]","The US quietly signed the peace treaty that allowed them to remain uninvolved as the world settled into a period of universal silence since the war.

Wait, the current text has a logical error at the end: the sentence says ""since the US hadn't been involved, they were spared and had no idea what emergency",True,3827425792,8.10079840105027
064_coauthor_exactly_once_kna_t5,64,4,exactly_once,,5,2,65,12,762,315592073,coauthor,64,0,coauthor:creative:e4611bd31b794677b02c52d5700b2e38,0,605e117c61d4850c9e01a77ffd43dfec6f0e95e920836855f74ef45b1ae278fc,61e6efcf7ffa8fa9c16f9572e91a96f54a7ac06475482259c5d04671da0d578f,success,,512.0,512.0,512.0,False,,model_loaded,18.501085164025426,0.5558931130217388,0.28762460203142837,0.8435177150531672,0.8435177150531672,644,4420,69301,47982787,248320,"{""allowed_count"": 248068, ""expected_count"": 248068, ""missing_expected"": [], ""ok"": true, ""stop_token_ids"": [248044, 248046], ""unexpected_allowed"": []}",2.618728186003864,xgrammar,0.8296996559947729,3.3502966769738123,125,65,64,"[65687, 11, 430, 678, 11998, 9257, 310, 1542, 11, 488, 12706, 421, 279, 4307, 10335, 369, 1048, 91436, 1820, 639, 33577, 852, 513, 50859, 314, 279, 1534, 17407, 8318, 8047, 13, 18200, 488, 9973, 310, 5106, 279, 32090, 1381, 310, 12804, 279, 9496, 11, 9101, 4661, 279, 6624, 314, 264, 2199, 488, 628, 874, 4860, 11263, 13, 1577, 264, 491, 6941, 11, 488, 24560, 248044]","[65687, 11, 430, 678, 11998, 9257, 310, 1542, 11, 488, 12706, 421, 279, 4307, 10335, 369, 1048, 91436, 1820, 639, 33577, 852, 513, 50859, 314, 279, 1534, 17407, 8318, 8047, 13, 18200, 488, 9973, 310, 5106, 279, 32090, 1381, 310, 12804, 279, 9496, 11, 9101, 4661, 279, 6624, 314, 264, 2199, 488, 628, 874, 4860, 11263, 13, 1577, 264, 491, 6941, 11, 488, 24560]",248046,"[248046, 248044]",248044,1,True,True,"[0, 0, 0, 0, 1]","Eventually, as your films continues to run, you realize that the entire audience is also reincarnated souls who are terrified of the final adventure waiting ahead. Perhaps you decide to leave the cinema now to explore the unknown, leaving behind the comfort of a life you can no longer alter. As a new beginning, you dressed",True,3801344000,8.998665000020992
065_coauthor_exactly_once_kna_t6,65,5,exactly_once,,6,2,65,14,889,490584065,coauthor,65,0,coauthor:creative:745644f53bdc47409855cc751518e25b,0,fe232c764c6caae9323f3350ef167a0b6e3e8311f7cfbe87972ad856da0fe507,e768c8a6603af141460e94f343049afcac98d459984735040c12c159de68b047,success,,512.0,512.0,512.0,False,,model_loaded,18.10431509098271,0.5476800170144998,0.36142823297996074,0.9091082499944605,0.9091082499944605,772,6060,95395,73520897,248320,"{""allowed_count"": 248068, ""expected_count"": 248068, ""missing_expected"": [], ""ok"": true, ""stop_token_ids"": [248044, 248046], ""unexpected_allowed"": []}",2.681911415013019,xgrammar,0.839352955983486,3.242092578962911,116,65,64,"[6820, 781, 1902, 49857, 1439, 90300, 17020, 310, 17171, 279, 4840, 5716, 13, 271, 760, 1208, 6779, 421, 1396, 5758, 314, 47678, 16673, 310, 1396, 13136, 852, 44875, 321, 22485, 11, 364, 303, 449, 4092, 1040, 411, 424, 628, 1132, 381, 1429, 948, 321, 539, 8446, 424, 557, 4221, 13, 271, 760, 30557, 41921, 321, 12787, 3658, 2980, 264, 20117, 3000, 542, 566, 10633, 248046]","[6820, 781, 1902, 49857, 1439, 90300, 17020, 310, 17171, 279, 4840, 5716, 13, 271, 760, 1208, 6779, 421, 1396, 5758, 314, 47678, 16673, 310, 1396, 13136, 852, 44875, 321, 22485, 11, 364, 303, 449, 4092, 1040, 411, 424, 628, 1132, 381, 1429, 948, 321, 539, 8446, 424, 557, 4221, 13, 271, 760, 30557, 41921, 321, 12787, 3658, 2980, 264, 20117, 3000, 542, 566, 10633]",248046,"[248046, 248044]",248046,1,True,True,"[0, 1, 0, 0, 0, 0]","Now they must unite these newfound abilities to survive the coming threat.

The people discover that every drop of Mana belongs to every soul who suffers and fears, for in an age like this it can only be used when and by whom it was needed.

The survivors chant and strike together until a golden light shrou measures",True,3800990208,8.995265331992414
066_coauthor_exactly_once_kna_t7,66,6,exactly_once,,7,2,65,16,1016,174415837,coauthor,66,0,coauthor:creative:e5c079dbe9104da4ae1d7b8f7cd3be3d,0,9f1b0d23ff21d371ea81034b55b58b0cf606711da0cc5bfbbad7fb8bfa4a3d5e,32a19923b31012b5995b5ba56ef3d6eb73a1805b7ccdf40764ced5c2e41510c1,success,,512.0,512.0,512.0,False,,model_loaded,18.16632986802142,0.5615646080113947,0.43518054101150483,0.9967451490228996,0.9967451490228996,900,7952,125487,106165162,248320,"{""allowed_count"": 248068, ""expected_count"": 248068, ""missing_expected"": [], ""ok"": true, ""stop_token_ids"": [248044, 248046], ""unexpected_allowed"": []}",2.5973328149993904,xgrammar,0.8519434409681708,3.387420804006979,141,65,64,"[19205, 3322, 279, 2279, 310, 4673, 279, 4092, 3798, 11, 279, 2936, 46668, 678, 9663, 883, 2627, 3574, 10903, 310, 2962, 28037, 680, 314, 2444, 13, 2302, 1406, 680, 421, 17068, 12177, 494, 279, 6823, 4290, 914, 5689, 310, 4884, 279, 6673, 314, 28037, 13, 2332, 678, 4092, 11, 279, 8305, 682, 874, 2781, 310, 2373, 13, 2302, 1066, 2962, 29890, 678, 37677, 14328, 248046]","[19205, 3322, 279, 2279, 310, 4673, 279, 4092, 3798, 11, 279, 2936, 46668, 678, 9663, 883, 2627, 3574, 10903, 310, 2962, 28037, 680, 314, 2444, 13, 2302, 1406, 680, 421, 17068, 12177, 494, 279, 6823, 4290, 914, 5689, 310, 4884, 279, 6673, 314, 28037, 13, 2332, 678, 4092, 11, 279, 8305, 682, 874, 2781, 310, 2373, 13, 2302, 1066, 2962, 29890, 678, 37677, 14328]",248046,"[248046, 248044]",248046,1,True,True,"[0, 0, 0, 0, 0, 0, 1]","Despite having the power to raise the age limit, the government ignores your warning about eroding intelligence to continue aging out of control. They point out that removing youth from the population isn't necessary to fix the math of aging. At your age, the administration has no reason to care. They just continue ignoring your plea increasingly",True,3806173696,9.149254327989183
067_coauthor_exactly_once_kna_t8,67,7,exactly_once,,8,2,65,18,1143,1805339212,coauthor,67,0,coauthor:creative:174bb16d13624281abe2a1bc7e2a7050,0,27eb7085beee615eeed0566e5457fc8c7f8529214ba353a336c557a47e3d2636,81b82fdef7e542ea4ccac8dc391769827d403c2f550684efc89c6f8a35bb5261,success,,512.0,512.0,512.0,False,,model_loaded,17.201333140954375,0.5439015369629487,0.5141711320029572,1.058072668965906,1.058072668965906,1028,10096,159577,146683678,248320,"{""allowed_count"": 248068, ""expected_count"": 248068, ""missing_expected"": [], ""ok"": true, ""stop_token_ids"": [248044, 248046], ""unexpected_allowed"": []}",2.4727765490533784,xgrammar,0.913427303021308,3.2602192090125754,152,65,64,"[10883, 11, 279, 47077, 421, 411, 557, 264, 2407, 1923, 466, 264, 48372, 4779, 748, 38252, 424, 6273, 12826, 2047, 488, 35556, 506, 279, 9813, 5392, 11, 1332, 279, 75748, 9047, 310, 9063, 4487, 383, 836, 1765, 13, 1394, 1669, 5941, 19677, 413, 279, 6321, 557, 15756, 264, 22463, 13665, 5995, 310, 1228, 678, 32732, 11, 264, 1228, 421, 80426, 1000, 599, 3481, 10932, 248046]","[10883, 11, 279, 47077, 421, 411, 557, 264, 2407, 1923, 466, 264, 48372, 4779, 748, 38252, 424, 6273, 12826, 2047, 488, 35556, 506, 279, 9813, 5392, 11, 1332, 279, 75748, 9047, 310, 9063, 4487, 383, 836, 1765, 13, 1394, 1669, 5941, 19677, 413, 279, 6321, 557, 15756, 264, 22463, 13665, 5995, 310, 1228, 678, 32732, 11, 264, 1228, 421, 80426, 1000, 599, 3481, 10932]",248046,"[248046, 248044]",248046,1,True,True,"[0, 0, 0, 0, 0, 0, 1, 0]","However, the realization that this was a body double or a staged memory so convincing it felt authentic left you staring at the blank paper, where the initials seemed to tick forward on their own. You found yourself wondering if the letter was merely a psychological trick designed to test your guilt, a test that JFK would have expected standing",True,3806605824,8.999569568026345
068_coauthor_exactly_once_kna_t9,68,8,exactly_once,,9,2,65,20,1270,1261316448,coauthor,68,0,coauthor:creative:7b7b1b40027c4974ade1850596e6726f,0,c75eb9017c92c794ec133585680f415f2cf3673456f1de4f91cfeb371e75fef9,6bdc2c46c29a59c56c14034d5bf95f78021fcbbc6051736aacd6b8fecebaeec0,success,,512.0,512.0,512.0,False,,model_loaded,15.961842808988877,0.562380284012761,0.6256527609657496,1.1880330449785106,1.1880330449785106,1156,12492,198800,195844541,248320,"{""allowed_count"": 248068, ""expected_count"": 248068, ""missing_expected"": [], ""ok"": true, ""stop_token_ids"": [248044, 248046], ""unexpected_allowed"": []}",2.058647295983974,xgrammar,0.8547693320433609,3.2917927380185574,468,65,64,"[760, 28280, 35997, 19417, 440, 488, 1495, 321, 6486, 488, 279, 3665, 314, 279, 3372, 13, 357, 7489, 314, 279, 23443, 46379, 12965, 303, 279, 24813, 430, 264, 3817, 1518, 279, 3372, 42960, 13, 2985, 279, 3372, 58351, 11, 488, 513, 48715, 321, 2404, 310, 5106, 279, 42837, 3433, 13, 4465, 1752, 1381, 10751, 1691, 28606, 430, 488, 4088, 680, 314, 279, 3899, 4434, 248046]","[760, 28280, 35997, 19417, 440, 488, 1495, 321, 6486, 488, 279, 3665, 314, 279, 3372, 13, 357, 7489, 314, 279, 23443, 46379, 12965, 303, 279, 24813, 430, 264, 3817, 1518, 279, 3372, 42960, 13, 2985, 279, 3372, 58351, 11, 488, 513, 48715, 321, 2404, 310, 5106, 279, 42837, 3433, 13, 4465, 1752, 1381, 10751, 1691, 28606, 430, 488, 4088, 680, 314, 279, 3899, 4434]",248046,"[248046, 248044]",248046,1,True,True,"[0, 0, 0, 0, 1, 0, 0, 0, 0]","The royal bee meets with you again and gives you the terms of the deal. A symbol of the isolated ruler stands in the tunnel as a token before the deal concludes. With the deal finalized, you are relieved and turn to leave the confined space. Your path now feels much lighter as you walk out of the frame complete",True,3842640896,8.653059225995094
069_coauthor_exactly_once_kna_t10,69,9,exactly_once,,10,2,65,22,1397,672765597,coauthor,69,0,coauthor:creative:c72d65250b4f4c1193e2f089afe9429c,0,0cfb0a9b4d90deaeed9944d2ca252805b62db9267e5a14a53d4e6707da08d44f,3397d01c7d1c6ef5aa879e7619afce3572a501371142281cd7913b4e034df0c3,success,,512.0,512.0,512.0,False,,model_loaded,15.317111329000909,0.5463956600287929,0.6786890899529681,1.225084749981761,1.225084749981761,1284,15140,242273,254415847,248320,"{""allowed_count"": 248068, ""expected_count"": 248068, ""missing_expected"": [], ""ok"": true, ""stop_token_ids"": [248044, 248046], ""unexpected_allowed"": []}",2.112768891034648,xgrammar,0.8200314120040275,2.8969917250215076,325,53,52,"[7691, 19057, 6799, 62376, 8574, 279, 14120, 4034, 1332, 567, 660, 75789, 1004, 1765, 23611, 11, 524, 41594, 421, 1024, 1765, 2199, 995, 1066, 20720, 310, 26582, 1518, 11022, 13, 1577, 1292, 42578, 506, 279, 26463, 7960, 11, 1292, 6273, 264, 10647, 6601, 310, 1353, 680, 279, 3136, 7551, 279, 8720, 13, 248046]","[7691, 19057, 6799, 62376, 8574, 279, 14120, 4034, 1332, 567, 660, 75789, 1004, 1765, 23611, 11, 524, 41594, 421, 1024, 1765, 2199, 995, 1066, 20720, 310, 26582, 1518, 11022, 13, 1577, 1292, 42578, 506, 279, 26463, 7960, 11, 1292, 6273, 264, 10647, 6601, 310, 1353, 680, 279, 3136, 7551, 279, 8720, 13]",248046,"[248046, 248044]",248046,1,True,False,"[0, 0, 1, 0, 0, 0, 0, 0, 0, 0]","She nervously glanced toward the giant screen where we all awaited our own fate, not realizing that her own life had just begun to unfold before ours. As she stared at the projected flash, she felt a sudden pull to look out the window beyond the glass.",True,3826860032,8.311642747954465
070_coauthor_exactly_once_kna_t11,70,10,exactly_once,,11,2,65,24,1524,1210095565,coauthor,70,0,coauthor:creative:6840e511d899433ea125410c709f6ed5,0,17595b12834ed2f86de988999f64d368da58b1da057721d21af7d248925c8cd6,1e9b249c1c8935ac4f1ee103dee5281e37d7c3c46019d50447c0427a57db10c6,success,,512.0,512.0,512.0,False,,model_loaded,16.510674465971533,0.5686896730330773,0.8076792199863121,1.3763688930193894,1.3763688930193894,1412,18040,289934,323165692,248320,"{""allowed_count"": 248068, ""expected_count"": 248068, ""missing_expected"": [], ""ok"": true, ""stop_token_ids"": [248044, 248046], ""unexpected_allowed"": []}",2.1523085910012014,xgrammar,0.825871178007219,3.564768804004416,226,65,64,"[2523, 82404, 3518, 4054, 279, 491, 22284, 494, 279, 82296, 5404, 506, 279, 3929, 314, 279, 10538, 13, 11862, 332, 271, 6391, 95545, 2325, 25, 561, 3889, 1414, 32726, 264, 55138, 10538, 11, 694, 279, 39811, 70561, 18675, 310, 264, 2086, 71982, 2393, 11, 11352, 82296, 11, 864, 12863, 279, 1788, 6529, 33791, 20624, 1345, 70392, 264, 92554, 39811, 13, 4653, 271, 2523, 31516, 248046]","[2523, 82404, 3518, 4054, 279, 491, 22284, 494, 279, 82296, 5404, 506, 279, 3929, 314, 279, 10538, 13, 11862, 332, 271, 6391, 95545, 2325, 25, 561, 3889, 1414, 32726, 264, 55138, 10538, 11, 694, 279, 39811, 70561, 18675, 310, 264, 2086, 71982, 2393, 11, 11352, 82296, 11, 864, 12863, 279, 1788, 6529, 33791, 20624, 1345, 70392, 264, 92554, 39811, 13, 4653, 271, 2523, 31516]",248046,"[248046, 248044]",248046,1,True,True,"[1, 0, 0, 0, 0, 0, 0, 0, 0, 0, 0]","You gratefully accept the new ranking from the FedEx driver at the front of the truck.*****

*(Clarification: The original text mentions a UPS truck, but the continuation logically refers to a different courier service, specifically FedEx, which shares the same brand naming convention while implying a logistical continuation.)*

You peek",True,3813718016,9.219121474015992
071_coauthor_exactly_once_kna_t12,71,11,exactly_once,,12,2,65,26,1651,910864414,coauthor,71,0,coauthor:creative:5c1905e6a05c4203b624c4db10ede78a,0,6c4bb2163cb62ae029f973cd80f8d1f644c3229f0cf2ad1c3a10fc3267103ee0,a7c8f6760c431dcbe3b85ed81d39a3f5136e7e138a2ee2e365ae5975e0dde1e3,success,,512.0,512.0,512.0,False,,model_loaded,15.060204406967387,0.5803890820243396,0.9195722820004448,1.4999613640247844,1.4999613640247844,1540,21192,341845,402862172,248320,"{""allowed_count"": 248068, ""expected_count"": 248068, ""missing_expected"": [], ""ok"": true, ""stop_token_ids"": [248044, 248046], ""unexpected_allowed"": []}",2.2042195089743473,xgrammar,0.8597569650155492,2.3068630539928563,451,33,32,"[21765, 1142, 8765, 314, 1578, 321, 567, 1436, 421, 3567, 29310, 557, 524, 264, 1752, 310, 29310, 694, 4598, 264, 9290, 63778, 289, 494, 864, 567, 1902, 5326, 11554, 974, 1495, 13, 248046]","[21765, 1142, 8765, 314, 1578, 321, 567, 1436, 421, 3567, 29310, 557, 524, 264, 1752, 310, 29310, 694, 4598, 264, 9290, 63778, 289, 494, 864, 567, 1902, 5326, 11554, 974, 1495, 13]",248046,"[248046, 248044]",248046,1,True,False,"[0, 0, 0, 0, 0, 0, 0, 0, 0, 0, 1, 0]",Looking back thousands of years and we see that American isolation was not a path to isolation but rather a forced oblivion from which we must finally lift off again.,True,3841763840,8.109145580034237
072_coauthor_exactly_once_kna_t13,72,12,exactly_once,,13,2,65,28,1778,1973036822,coauthor,72,0,coauthor:creative:36eead66360847afba6dc9ebf6d99593,0,6525909838c6a40bb1b1019b4d6a79ba732d8bf17a26b291b8100af91c3e32dd,d224b86739187b9c0b92c41eb2b46f00a716f83441f2899d529d41b5cb38e0f3,success,,512.0,512.0,512.0,False,,model_loaded,16.01798669004347,0.5725106600439176,1.0219281210447662,1.5944387810886838,1.5944387810886838,1668,24596,398006,494273383,248320,"{""allowed_count"": 248068, ""expected_count"": 248068, ""missing_expected"": [], ""ok"": true, ""stop_token_ids"": [248044, 248046], ""unexpected_allowed"": []}",1.9766071750200354,xgrammar,0.9346602809964679,3.3336994650308043,214,65,64,"[4639, 6353, 11, 781, 37444, 685, 310, 1423, 421, 524, 1132, 998, 660, 314, 1070, 5418, 11, 694, 781, 998, 5418, 694, 1048, 5384, 364, 279, 2645, 314, 836, 6107, 13, 561, 2936, 557, 56051, 694, 1000, 2496, 16208, 279, 16036, 310, 279, 1208, 314, 220, 23, 20, 13, 2302, 995, 1066, 7190, 279, 1483, 314, 21265, 440, 264, 4145, 491, 5333, 13, 26578, 248046]","[4639, 6353, 11, 781, 37444, 685, 310, 1423, 421, 524, 1132, 998, 660, 314, 1070, 5418, 11, 694, 781, 998, 5418, 694, 1048, 5384, 364, 279, 2645, 314, 836, 6107, 13, 561, 2936, 557, 56051, 694, 1000, 2496, 16208, 279, 16036, 310, 279, 1208, 314, 220, 23, 20, 13, 2302, 995, 1066, 7190, 279, 1483, 314, 21265, 440, 264, 4145, 491, 5333, 13, 26578]",248046,"[248046, 248044]",248046,1,True,True,"[0, 0, 0, 0, 0, 0, 0, 0, 1, 0, 0, 0, 0]","That morning, they woke up to find that not only were all of them dead, but they were dead but also lost for the rest of their lives. The government was devastated but would never admit the mistake to the people of 85. They had just killed the last of humanity with a simple new drug. scientist",True,3813245440,9.11353907699231
073_coauthor_exactly_once_kna_t14,73,13,exactly_once,,14,2,65,30,1905,1793892946,coauthor,73,0,coauthor:creative:5221640d7c074d4a88f42e3891135350,0,b38f575034e198ca512997ef4fba6347bcc04cac127662d7a60a12152f469434,b895bb43ed2a3131e46a7a472dd8a4d710af29bd7a001ee65fab360a00764d92,success,,512.0,512.0,512.0,False,,model_loaded,15.77264976099832,0.5803668909939006,1.1180670639732853,1.6984339549671859,1.6984339549671859,1796,28252,458417,598167421,248320,"{""allowed_count"": 248068, ""expected_count"": 248068, ""missing_expected"": [], ""ok"": true, ""stop_token_ids"": [248044, 248046], ""unexpected_allowed"": []}",2.093890240008477,xgrammar,0.8108701579621993,3.190112582000438,598,62,61,"[10397, 513, 279, 8276, 2980, 799, 3571, 3055, 12506, 314, 33997, 10655, 421, 9506, 1149, 760, 1727, 1834, 279, 5971, 11132, 24429, 321, 780, 75414, 12797, 11136, 383, 264, 3565, 21004, 3204, 27706, 1801, 314, 10213, 13769, 321, 14428, 1083, 836, 76739, 3929, 5817, 11, 13057, 46507, 2631, 279, 4307, 3626, 303, 6283, 1518, 279, 22952, 1362, 2466, 2361, 3296, 13, 248046]","[10397, 513, 279, 8276, 2980, 799, 3571, 3055, 12506, 314, 33997, 10655, 421, 9506, 1149, 760, 1727, 1834, 279, 5971, 11132, 24429, 321, 780, 75414, 12797, 11136, 383, 264, 3565, 21004, 3204, 27706, 1801, 314, 10213, 13769, 321, 14428, 1083, 836, 76739, 3929, 5817, 11, 13057, 46507, 2631, 279, 4307, 3626, 303, 6283, 1518, 279, 22952, 1362, 2466, 2361, 3296, 13]",248046,"[248046, 248044]",248046,1,True,False,"[0, 0, 0, 0, 0, 0, 0, 0, 1, 0, 1, 0, 0, 0]","""We are the biggest until one came along capable of demolishing that stone.""The next day the Big Bad Wolf and his Elephant gang arrived on a black rhino rug made of pure concrete and walked into their muddy front door, effectively dismantling the entire house in seconds before the pig could ask another question.",True,3857752576,9.067110956006218
074_coauthor_exactly_once_kna_t15,74,14,exactly_once,,15,2,65,32,2032,1389738162,coauthor,74,0,coauthor:creative:734cbb77f63544e5bce5a23f35c9f601,0,9b8a60cb3f50ad56599bbb4201c0bd54b8d55a0c5bd14a752991eb5289fdfea3,5d52775a17b9cfc999d5ce4c31e27e04fe955f1b0a1b64893bca569fc82a40a8,success,,512.0,512.0,512.0,False,,model_loaded,15.37733222602401,0.5695003209984861,1.254547797027044,1.8240481180255301,1.8240481180255301,1924,32160,523078,715312382,248320,"{""allowed_count"": 248068, ""expected_count"": 248068, ""missing_expected"": [], ""ok"": true, ""stop_token_ids"": [248044, 248046], ""unexpected_allowed"": []}",2.1620170639944263,xgrammar,0.8286184499738738,2.5143331539584324,224,39,38,"[2523, 2814, 279, 30538, 477, 314, 678, 75647, 2745, 1518, 31367, 21671, 279, 897, 522, 11, 3103, 286, 279, 7410, 579, 3108, 321, 9101, 58791, 793, 314, 38152, 310, 29437, 50240, 11, 50240, 38152, 303, 279, 12515, 13, 248046]","[2523, 2814, 279, 30538, 477, 314, 678, 75647, 2745, 1518, 31367, 21671, 279, 897, 522, 11, 3103, 286, 279, 7410, 579, 3108, 321, 9101, 58791, 793, 314, 38152, 310, 29437, 50240, 11, 50240, 38152, 303, 279, 12515, 13]",248046,"[248046, 248044]",248046,1,True,False,"[0, 0, 0, 0, 0, 0, 0, 0, 0, 0, 0, 0, 0, 1, 2]","You consider the absurdity of your predicament before lightning strikes the roost, severing the leader's command and leaving swarmings of bees to buzz chaotic, chaotic bees in the sky.",True,3813637120,8.602946303028148
075_coauthor_exactly_once_kna_t16,75,15,exactly_once,,16,2,65,34,2159,1931551124,coauthor,75,0,coauthor:creative:ed0280fb0f114ead8a22516a8309f982,0,2db80732f2eda3b00082714eb2d805ca0bd63f64c42d343add8344c762339570,e9a2a626c1fa1da6ced09327779700ffb1fe959359aee3a984703ba5b017ec16,success,,512.0,512.0,512.0,False,,model_loaded,15.82479747099569,0.7439941499615088,1.4051505049574189,2.1491446549189277,2.1491446549189277,2052,36320,591989,846476362,248320,"{""allowed_count"": 248068, ""expected_count"": 248068, ""missing_expected"": [], ""ok"": true, ""stop_token_ids"": [248044, 248046], ""unexpected_allowed"": []}",2.210620270052459,xgrammar,0.797287167981267,2.6667130590067245,384,46,45,"[33645, 7913, 557, 748, 36534, 421, 430, 1599, 777, 12313, 8209, 21146, 11, 279, 3672, 5924, 1442, 777, 51927, 11, 21873, 874, 799, 1362, 3397, 3063, 13, 1061, 89470, 10458, 5252, 1070, 310, 17171, 279, 24860, 17614, 314, 91795, 279, 18995, 87118, 364, 22892, 13, 248046]","[33645, 7913, 557, 748, 36534, 421, 430, 1599, 777, 12313, 8209, 21146, 11, 279, 3672, 5924, 1442, 777, 51927, 11, 21873, 874, 799, 1362, 3397, 3063, 13, 1061, 89470, 10458, 5252, 1070, 310, 17171, 279, 24860, 17614, 314, 91795, 279, 18995, 87118, 364, 22892, 13]",248046,"[248046, 248044]",248046,1,True,False,"[1, 0, 0, 0, 0, 0, 0, 0, 0, 0, 0, 0, 0, 0, 0, 0]","Their strength was so immense that as many more humans died instantly, the others became even more formidable, ensuring no one could ever win. This unstoppable cycle allowed them to survive the endless demands of combating the alien invaders for centuries.",True,3829903360,9.104037782002706
076_coauthor_exactly_once_kna_t17,76,16,exactly_once,,17,2,65,36,2286,1944905089,coauthor,76,0,coauthor:creative:fbb2199fa78647cbb4eeb94c4bd04d98,0,6744f6462a3ea286c0082e36d959a970e967b56cb3c5ce437649af19b7420bb1,661236489447ec103cfca26a6d5813c416413dc689adc1459dc66137ef2a708e,success,,512.0,512.0,512.0,False,,model_loaded,16.243177873955574,0.6307788910344243,1.5167419590288773,2.1475208500633016,2.1475208500633016,2180,40732,665150,992427457,248320,"{""allowed_count"": 248068, ""expected_count"": 248068, ""missing_expected"": [], ""ok"": true, ""stop_token_ids"": [248044, 248046], ""unexpected_allowed"": []}",2.060137385968119,xgrammar,0.814531647018157,3.3548404569737613,199,65,64,"[29351, 19698, 84840, 494, 678, 5357, 314, 65007, 11, 488, 4255, 310, 678, 29528, 321, 15268, 680, 430, 264, 67266, 314, 13358, 15392, 18654, 542, 9872, 678, 1546, 9084, 13, 8733, 7466, 20283, 426, 1457, 41237, 15581, 0, 3476, 50873, 9516, 4616, 426, 11239, 32235, 18028, 1658, 357, 74397, 45393, 79526, 30, 5486, 0, 353, 57120, 45, 16813, 20312, 47, 4329, 783, 1300, 4858, 248046]","[29351, 19698, 84840, 494, 678, 5357, 314, 65007, 11, 488, 4255, 310, 678, 29528, 321, 15268, 680, 430, 264, 67266, 314, 13358, 15392, 18654, 542, 9872, 678, 1546, 9084, 13, 8733, 7466, 20283, 426, 1457, 41237, 15581, 0, 3476, 50873, 9516, 4616, 426, 11239, 32235, 18028, 1658, 357, 74397, 45393, 79526, 30, 5486, 0, 353, 57120, 45, 16813, 20312, 47, 4329, 783, 1300, 4858]",248046,"[248046, 248044]",248046,1,True,True,"[0, 0, 0, 0, 0, 0, 0, 0, 0, 0, 0, 0, 0, 0, 1, 0, 0]","Instantaneously paralyzed from your sense of betrayal, you fall to your knees and cry out as a ripple of yellow-white anger shatters your very presence.ATED BY YOUR FURIOUS ACTION! REACHED OUT WITH FRIGHT AWAITING A COMPLETE TOTAL TURN? NO! I DIDN'T PREPARE YET everyone",True,3812655104,9.627109295979608
077_coauthor_exactly_once_kna_t18,77,17,exactly_once,,18,2,65,38,2413,632802817,coauthor,77,0,coauthor:creative:64e545e776c1466687f0fe0dc8bb0d88,0,7ae4b114dff1b7a0ea3a2d5563f2db726d26a24adaa59c1a16c0ee44d45c65e3,c6358f672102c5d914d59b6e9f5d237669df51747c739bfbf6d34ec42dcabdcb,success,,512.0,512.0,512.0,False,,model_loaded,16.88023157598218,0.6886684250202961,1.7267565099755302,2.4154249349958263,2.4154249349958263,2308,45396,742561,1153933763,248320,"{""allowed_count"": 248068, ""expected_count"": 248068, ""missing_expected"": [], ""ok"": true, ""stop_token_ids"": [248044, 248046], ""unexpected_allowed"": []}",2.288226890959777,xgrammar,0.8490760669810697,3.3584552429965697,379,65,64,"[57, 193316, 579, 4821, 21220, 685, 12987, 69794, 579, 26357, 11, 4222, 63430, 780, 1121, 314, 40090, 430, 264, 15721, 9663, 466, 449, 12092, 4621, 4598, 1056, 264, 2400, 12563, 20758, 8714, 13, 271, 248068, 271, 248069, 271, 57, 193316, 579, 4821, 21220, 685, 12987, 69794, 579, 26357, 11, 4222, 63430, 780, 1121, 314, 40090, 430, 264, 15721, 9663, 466, 449, 12092, 4621, 4860, 248046]","[57, 193316, 579, 4821, 21220, 685, 12987, 69794, 579, 26357, 11, 4222, 63430, 780, 1121, 314, 40090, 430, 264, 15721, 9663, 466, 449, 12092, 4621, 4598, 1056, 264, 2400, 12563, 20758, 8714, 13, 271, 248068, 271, 248069, 271, 57, 193316, 579, 4821, 21220, 685, 12987, 69794, 579, 26357, 11, 4222, 63430, 780, 1121, 314, 40090, 430, 264, 15721, 9663, 466, 449, 12092, 4621, 4860]",248046,"[248046, 248044]",248046,1,True,True,"[0, 0, 0, 0, 0, 0, 0, 0, 0, 0, 1, 0, 0, 0, 0, 0, 0, 0]","Zirr's unit picks up Matt Damon's pulse, likely interpreting his act of conscience as a vital warning or an escape attempt rather than a full-scale hijacking.

<think>

</think>

Zirr's unit picks up Matt Damon's pulse, likely interpreting his act of conscience as a vital warning or an escape attempt longer",True,3829646336,10.15697116398951
078_coauthor_exactly_once_kna_t19,78,18,exactly_once,,19,2,65,40,2540,49678858,coauthor,78,0,coauthor:creative:ccbcf12b87b04596848a5091118c49d9,0,59249c84f2af18bcb742637b3a505f50f284c2a8087e9d88289ad2090737f1bb,089771b39c0c29a42285406d7d678baf4700ce6663ea07f24c440d06f6f42d86,success,,512.0,512.0,512.0,False,,model_loaded,16.034833524026908,0.6828113740193658,1.872630226018373,2.5554416000377387,2.5554416000377387,2436,50312,824222,1331763376,248320,"{""allowed_count"": 248068, ""expected_count"": 248068, ""missing_expected"": [], ""ok"": true, ""stop_token_ids"": [248044, 248046], ""unexpected_allowed"": []}",2.20902756403666,xgrammar,0.8143952790414914,2.498931415961124,256,40,39,"[17413, 1292, 4674, 310, 9558, 2414, 440, 46449, 383, 424, 421, 1000, 1236, 1208, 1910, 1292, 369, 264, 1228, 2745, 314, 50943, 13, 2838, 6661, 421, 4184, 995, 2445, 310, 16679, 1024, 494, 279, 91142, 314, 279, 6092, 13, 248046]","[17413, 1292, 4674, 310, 9558, 2414, 440, 46449, 383, 424, 421, 1000, 1236, 1208, 1910, 1292, 369, 264, 1228, 2745, 314, 50943, 13, 2838, 6661, 421, 4184, 995, 2445, 310, 16679, 1024, 494, 279, 91142, 314, 279, 6092, 13]",248046,"[248046, 248044]",248046,1,True,False,"[0, 0, 0, 0, 0, 0, 0, 0, 0, 0, 0, 1, 0, 0, 0, 0, 0, 0, 0]",Because she wanted to wear something with diamonds on it that would make people say she is a testament of royalty. She knew that someone had come to rescue her from the stares of the town.,True,3814895616,9.351341344998218
079_coauthor_odd_count_kna_t14,79,13,odd_count,,14,2,65,30,1905,468446140,coauthor,79,0,coauthor:creative:86bb1cfe839c46058dfc0e4b96f13392,0,7ffd4295259717668cf65cb3773dd8665f5bff0e4f095f1d95416538d51e3175,f62f9dc866909b7d90514422b60b80047534f48d14b78a6fd9472e094b93e88a,success,,512.0,512.0,512.0,False,,model_loaded,14.497954952996224,0.600164030038286,1.1653632029774599,1.7655272330157459,1.7655272330157459,1796,29120,472193,629931013,248320,"{""allowed_count"": 248068, ""expected_count"": 248068, ""missing_expected"": [], ""ok"": true, ""stop_token_ids"": [248044, 248046], ""unexpected_allowed"": []}",2.172520572959911,xgrammar,0.8005000689881854,1.721440635039471,300,17,16,"[760, 35336, 995, 874, 4374, 1204, 310, 4884, 264, 3626, 5617, 680, 314, 75488, 52038, 13, 248046]","[760, 35336, 995, 874, 4374, 1204, 310, 4884, 264, 3626, 5617, 680, 314, 75488, 52038, 13]",248046,"[248046, 248044]",248046,1,True,False,"[0, 0, 0, 0, 0, 0, 0, 0, 0, 1, 1, 0, 0, 1]",The wolf had no idea how to fix a house built out of depleted uranium.,True,3821367808,7.704481485008728
080_coauthor_left_not_right_kna_t1,80,0,left_not_right,,1,2,65,5,313,2853046,coauthor,80,0,coauthor:creative:9a01bc361d3c4dd09d596c716c16f5a3,0,254d64fc71763e061509912037d352c292b874f01cc8622c748a4d898261234f,3e7260d381f043842c86ff9f94228db81cbd4c84c3791324c8c94c428006d27b,success,,512.0,512.0,512.0,False,,model_loaded,17.82966445502825,0.5224644939880818,0.07118743000319228,0.5936519239912741,0.5936519239912741,193,499,8557,3263010,248320,"{""allowed_count"": 248067, ""expected_count"": 248067, ""missing_expected"": [], ""ok"": true, ""stop_token_ids"": [248044, 248046], ""unexpected_allowed"": []}",2.585723754018545,xgrammar,0.8401615559705533,3.3430687399813905,516,65,64,"[4272, 11, 874, 4766, 1092, 5576, 488, 1236, 466, 3315, 279, 13136, 369, 1865, 466, 27871, 52651, 11, 5909, 421, 279, 11285, 369, 883, 1204, 488, 42359, 678, 7063, 13, 3599, 264, 32090, 440, 264, 1324, 314, 975, 1208, 852, 1353, 1040, 488, 13, 1394, 1423, 680, 421, 781, 513, 678, 3555, 91436, 1820, 778, 11, 498, 429, 748, 383, 11, 20434, 56000, 321, 248046]","[4272, 11, 874, 4766, 1092, 5576, 488, 1236, 466, 3315, 279, 13136, 369, 1865, 466, 27871, 52651, 11, 5909, 421, 279, 11285, 369, 883, 1204, 488, 42359, 678, 7063, 13, 3599, 264, 32090, 440, 264, 1324, 314, 975, 1208, 852, 1353, 1040, 488, 13, 1394, 1423, 680, 421, 781, 513, 678, 3555, 91436, 1820, 778, 11, 498, 429, 748, 383, 11, 20434, 56000, 321]",248046,"[248046, 248044]",248046,1,True,True,[1],"So, no matter what choice you make or whether the soul is real or gods intervene, remember that the journey is about how you reshape your meaning. enter a cinema with a number of other people who look like you. You find out that they are your previous reincarnations, [and so on, focusing bliss and",True,3849319424,8.725959405011963
081_coauthor_left_not_right_kna_t2,81,1,left_not_right,,2,2,65,9,501,946748992,coauthor,81,0,coauthor:creative:75502f7ab83b42189c79a1972db22bb0,0,70653813433aacc9f3a44ca92cc01aeca8d1d92cc98109ba5ba30db5dce3385d,4febd53c154e781102d7ab3539d90b93be8df37532a8f86dff3829e0d990e213,success,,512.0,512.0,512.0,False,,model_loaded,17.22573636099696,0.5165370960021392,0.15513170702615753,0.6716688030282967,0.6716688030282967,382,1370,22577,13724222,248320,"{""allowed_count"": 248067, ""expected_count"": 248067, ""missing_expected"": [], ""ok"": true, ""stop_token_ids"": [248044, 248046], ""unexpected_allowed"": []}",2.5220234469743446,xgrammar,0.8375927330343984,3.2609755390440114,122,65,64,"[760, 220, 24, 17, 302, 2545, 22952, 5617, 264, 3626, 680, 314, 75488, 52038, 310, 5790, 421, 1442, 948, 10476, 5642, 11, 1024, 2748, 1000, 381, 5902, 494, 866, 10268, 643, 382, 13, 1061, 3255, 43866, 264, 32097, 7410, 852, 6661, 421, 279, 1132, 6093, 310, 13818, 7727, 557, 4599, 264, 67473, 1801, 494, 279, 35250, 3102, 3558, 310, 17171, 13, 3095, 23631, 321, 248044]","[760, 220, 24, 17, 302, 2545, 22952, 5617, 264, 3626, 680, 314, 75488, 52038, 310, 5790, 421, 1442, 948, 10476, 5642, 11, 1024, 2748, 1000, 381, 5902, 494, 866, 10268, 643, 382, 13, 1061, 3255, 43866, 264, 32097, 7410, 852, 6661, 421, 279, 1132, 6093, 310, 13818, 7727, 557, 4599, 264, 67473, 1801, 494, 279, 35250, 3102, 3558, 310, 17171, 13, 3095, 23631, 321]",248046,"[248046, 248044]",248044,1,True,True,"[0, 1]","The 92nd little pig built a house out of depleted uranium to ensure that even when decades passed, her children would be safe from any intruders. This story illustrates a brave leader who knew that the only solution to extreme danger was building a fortress made from the hardest possible material to survive. When radiation and",True,3801226240,8.557854508981109
082_coauthor_left_not_right_kna_t3,82,2,left_not_right,,3,2,65,12,689,671504066,coauthor,82,0,coauthor:creative:25ad6925dd65422989e3659250ac9bfd,0,4eb8678ae0255ca15f5273be0ce76e672dc8899cc10dbe1c90a1084c8f9e2b3f,8a5a42c410b458258778b75cefbb4e994d396c9203c4634c259ac9583a65ad93,success,,512.0,512.0,512.0,False,,model_loaded,17.264338096021675,0.5398859059787355,0.24042015295708552,0.7803060589358211,0.7803060589358211,571,2613,42877,33063282,248320,"{""allowed_count"": 248067, ""expected_count"": 248067, ""missing_expected"": [], ""ok"": true, ""stop_token_ids"": [248044, 248046], ""unexpected_allowed"": []}",2.445937223965302,xgrammar,0.8242700150003657,3.257359376992099,729,65,64,"[1465, 5686, 506, 728, 440, 264, 21143, 281, 4675, 11, 57611, 421, 303, 780, 24024, 353, 1044, 1990, 264, 855, 852, 628, 914, 4155, 11, 1345, 303, 821, 24024, 551, 369, 449, 2235, 304, 19159, 1461, 852, 682, 4161, 310, 635, 440, 3487, 506, 660, 13, 1165, 4970, 12706, 421, 279, 2781, 411, 11656, 10125, 369, 12125, 369, 1521, 488, 2224, 279, 16725, 321, 248044]","[1465, 5686, 506, 728, 440, 264, 21143, 281, 4675, 11, 57611, 421, 303, 780, 24024, 353, 1044, 1990, 264, 855, 852, 628, 914, 4155, 11, 1345, 303, 821, 24024, 551, 369, 449, 2235, 304, 19159, 1461, 852, 682, 4161, 310, 635, 440, 3487, 506, 660, 13, 1165, 4970, 12706, 421, 279, 2781, 411, 11656, 10125, 369, 12125, 369, 1521, 488, 2224, 279, 16725, 321]",248046,"[248046, 248044]",248044,1,True,True,"[0, 0, 1]","He looks at me with a confused frown, insisting that in his timeline I am still a man who can't cook, while in my timeline he is an old henchman who has nothing to do with food at all. We soon realize that the reason this impossible conversation is happening is because you're the cooking and",True,3881570304,8.642233772028703
083_coauthor_left_not_right_kna_t4,83,3,left_not_right,,4,2,65,15,877,1686856945,coauthor,83,0,coauthor:creative:dd87568fb11649f283279a507a1c2f11,0,ef3170467e90ac9af3d971652e07d5bd71c9f39160107adbd0fb66b727e9e893,5758ced9873cbb12d8c6bdfca7c75872306315e114ad1e31e728a5ab93119d57,success,,512.0,512.0,512.0,False,,model_loaded,16.499048264988232,0.5456726049887948,0.3176235390128568,0.8632961440016516,0.8632961440016516,760,4228,69267,62958654,248320,"{""allowed_count"": 248067, ""expected_count"": 248067, ""missing_expected"": [], ""ok"": true, ""stop_token_ids"": [248044, 248046], ""unexpected_allowed"": []}",2.3465391969657503,xgrammar,0.850600611011032,3.3174318440142088,534,65,64,"[760, 53317, 7854, 279, 22952, 2046, 310, 3591, 421, 780, 2046, 557, 10141, 42741, 3213, 310, 1761, 836, 491, 2902, 13, 4213, 11, 948, 279, 22952, 14607, 279, 6570, 8204, 494, 279, 35336, 20406, 557, 11884, 1024, 1441, 11, 1292, 28599, 18473, 279, 10708, 9035, 7249, 13, 2838, 6113, 1024, 1534, 1353, 888, 506, 279, 9722, 17865, 11, 13660, 421, 1024, 2545, 5392, 321, 248044]","[760, 53317, 7854, 279, 22952, 2046, 310, 3591, 421, 780, 2046, 557, 10141, 42741, 3213, 310, 1761, 836, 491, 2902, 13, 4213, 11, 948, 279, 22952, 14607, 279, 6570, 8204, 494, 279, 35336, 20406, 557, 11884, 1024, 1441, 11, 1292, 28599, 18473, 279, 10708, 9035, 7249, 13, 2838, 6113, 1024, 1534, 1353, 888, 506, 279, 9722, 17865, 11, 13660, 421, 1024, 2545, 5392, 321]",248046,"[248046, 248044]",248044,1,True,True,"[0, 1, 0, 0]","The wolves followed the pig home to claim that his home was becoming unstable enough to support their new family. However, when the pig realized the constant stress from the wolf visits was wearing her down, she quietly sealed the windows shut alone. She cast her final look over at the changing landscape, knowing that her little paper and",True,3850248704,8.675640688976273
084_coauthor_left_not_right_kna_t5,84,4,left_not_right,,5,2,65,18,1065,1387539645,coauthor,84,0,coauthor:creative:057b11be0cbb400ea2cfda2cf75292b2,0,5d98483f5af5ad486b6afe60e21c36e4cc269bc56bdb911939131d8ddaa482c4,11b858e799d35b734a73e998acea61c0a06a79df50b275472b715e8fd6ef2074,success,,512.0,512.0,512.0,False,,model_loaded,15.55845698097255,0.5354254430276342,0.4159419820061885,0.9513674250338227,0.9513674250338227,949,6215,101561,105088802,248320,"{""allowed_count"": 248067, ""expected_count"": 248067, ""missing_expected"": [], ""ok"": true, ""stop_token_ids"": [248044, 248046], ""unexpected_allowed"": []}",2.233045033994131,xgrammar,0.8224014359875582,3.3968925980152562,272,65,64,"[760, 35336, 7448, 914, 1438, 694, 12190, 506, 279, 30538, 477, 314, 264, 80249, 9572, 6725, 279, 220, 24, 17, 302, 2545, 22952, 20735, 264, 3626, 440, 75488, 52038, 11, 3482, 4370, 314, 28607, 11, 551, 4777, 307, 6248, 506, 279, 3594, 11, 24578, 310, 1870, 264, 20618, 314, 47394, 413, 1292, 1000, 1042, 1384, 303, 13, 328, 22611, 1288, 551, 5326, 5365, 321, 248044]","[760, 35336, 7448, 914, 1438, 694, 12190, 506, 279, 30538, 477, 314, 264, 80249, 9572, 6725, 279, 220, 24, 17, 302, 2545, 22952, 20735, 264, 3626, 440, 75488, 52038, 11, 3482, 4370, 314, 28607, 11, 551, 4777, 307, 6248, 506, 279, 3594, 11, 24578, 310, 1870, 264, 20618, 314, 47394, 413, 1292, 1000, 1042, 1384, 303, 13, 328, 22611, 1288, 551, 5326, 5365, 321]",248046,"[248046, 248044]",248044,1,True,True,"[0, 0, 0, 1, 0]","The wolf couldn't help but laugh at the absurdity of a mythical animal named the 92nd little pig ordering a house with depleted uranium, yet instead of arguing, he simply nipped at the air, promising to build a tower of bricks if she would let him in. ""Yeah,"" he finally deep and",True,3819921920,8.694012318970636
085_coauthor_left_not_right_kna_t6,85,5,left_not_right,,6,2,65,21,1253,1180168043,coauthor,85,0,coauthor:creative:a59321f59eeb459da6a427267afefb9b,0,09687b9e7ca7a9e1ae029ee957d23169f78bd25e6346262938c6021b271ffc20,3c53dd55be5d261234ec22d95d52744ba050cad1c0940d771eca3ae9c7e4ce31,success,,512.0,512.0,512.0,False,,model_loaded,15.243825947982259,0.5529558439739048,0.523256067011971,1.0762119109858759,1.0762119109858759,1138,8574,139759,161132190,248320,"{""allowed_count"": 248067, ""expected_count"": 248067, ""missing_expected"": [], ""ok"": true, ""stop_token_ids"": [248044, 248046], ""unexpected_allowed"": []}",2.1705683230538853,xgrammar,0.8516517789685167,3.293749440985266,223,65,64,"[2939, 864, 3046, 668, 421, 381, 30, 5971, 173695, 1018, 11, 1332, 579, 279, 5817, 16742, 30, 1987, 353, 2113, 680, 264, 1562, 310, 279, 2201, 8305, 506, 279, 4998, 314, 279, 16427, 314, 15875, 13, 328, 1596, 2908, 978, 8318, 1288, 424, 40707, 680, 13, 357, 17697, 6725, 1900, 89, 33983, 839, 32577, 11, 46736, 1083, 780, 47911, 13, 328, 11861, 6681, 321, 248046]","[2939, 864, 3046, 668, 421, 381, 30, 5971, 173695, 1018, 11, 1332, 579, 279, 5817, 16742, 30, 1987, 353, 2113, 680, 264, 1562, 310, 279, 2201, 8305, 506, 279, 4998, 314, 279, 16427, 314, 15875, 13, 328, 1596, 2908, 978, 8318, 1288, 424, 40707, 680, 13, 357, 17697, 6725, 1900, 89, 33983, 839, 32577, 11, 46736, 1083, 780, 47911, 13, 328, 11861, 6681, 321]",248046,"[248046, 248044]",248046,1,True,True,"[0, 0, 0, 1, 0, 0]","And which country will that be? Big Türkiye said, where's the doorbell? So I put out a call to the US administration at the office of the mayor of Seattle. ""We've been waiting,"" it rang out. A representative named Lezlovick listened, leaning into his headset. ""Then exactly and",True,3813598208,8.620286601013504
086_coauthor_left_not_right_kna_t7,86,6,left_not_right,,7,2,65,24,1441,157855351,coauthor,86,0,coauthor:creative:b6acb37208be4f3e96965f989fd6f9fb,0,3ed303ff43dab5cc4581da8a6186dd29bc5aa9c4b2d6146c53dc626cc5f8ef36,a1b680664a790f7993d31a1d2d21870b003b0a6ab8dd249227a15def4615a508,success,,512.0,512.0,512.0,False,,model_loaded,15.601757219992578,0.5501709110103548,0.6391058309818618,1.1892767419922166,1.1892767419922166,1327,11305,183861,232767282,248320,"{""allowed_count"": 248067, ""expected_count"": 248067, ""missing_expected"": [], ""ok"": true, ""stop_token_ids"": [248044, 248046], ""unexpected_allowed"": []}",1.9624979720101692,xgrammar,0.8298410050338134,3.3982270709821023,835,65,64,"[1919, 59544, 8464, 53507, 836, 39472, 314, 48079, 11, 24123, 264, 24322, 55721, 1332, 1330, 21116, 1362, 524, 11040, 8387, 1973, 57288, 466, 909, 33805, 13, 14205, 303, 279, 20513, 314, 836, 56540, 19808, 11, 781, 14936, 7551, 440, 264, 26281, 55570, 421, 40116, 2789, 279, 26052, 314, 836, 22551, 809, 13, 1577, 279, 1534, 89428, 8379, 1070, 11, 279, 1814, 14195, 71087, 321, 248044]","[1919, 59544, 8464, 53507, 836, 39472, 314, 48079, 11, 24123, 264, 24322, 55721, 1332, 1330, 21116, 1362, 524, 11040, 8387, 1973, 57288, 466, 909, 33805, 13, 14205, 303, 279, 20513, 314, 836, 56540, 19808, 11, 781, 14936, 7551, 440, 264, 26281, 55570, 421, 40116, 2789, 279, 26052, 314, 836, 22551, 809, 13, 1577, 279, 1534, 89428, 8379, 1070, 11, 279, 1814, 14195, 71087, 321]",248046,"[248046, 248044]",248044,1,True,True,"[0, 0, 0, 0, 0, 1, 0]","This chilling reality shattered their illusion of paradise, forcing a painful reconciliation where two generations could not entirely separate without peril or desolation. Yet in the silence of their fading perception, they watched beyond with a profound sorrow that transcended the chaos of their biological end. As the final twilight reached them, the world remained spared and",True,3886787584,8.711492180009373
087_coauthor_left_not_right_kna_t8,87,7,left_not_right,,8,2,65,27,1629,688321707,coauthor,87,0,coauthor:creative:b8ccae873da141edbbe0dd86d2eee55c,0,71edb046717bdc3a6fa81a3960638c32b52f0e5743bda626a825238a9b02370f,ff3a34efa1650e9bde63a54fdaed6934eca39309a2a664aaa6bebaf9e2b956b7,success,,512.0,512.0,512.0,False,,model_loaded,15.569182757055387,0.5626265710452572,0.7671413680072874,1.3297679390525445,1.3297679390525445,1516,14408,233867,321672542,248320,"{""allowed_count"": 248067, ""expected_count"": 248067, ""missing_expected"": [], ""ok"": true, ""stop_token_ids"": [248044, 248046], ""unexpected_allowed"": []}",1.9862701270030811,xgrammar,0.8205222159740515,3.371824520989321,384,65,64,"[760, 3516, 4042, 5964, 2197, 440, 5090, 16146, 2094, 279, 23170, 310, 35359, 3665, 314, 264, 14859, 421, 37008, 836, 5904, 3712, 1345, 21873, 836, 12103, 12387, 2663, 14195, 33295, 13, 1049, 557, 264, 4299, 314, 18324, 32404, 4879, 421, 69554, 8174, 279, 42780, 479, 10208, 2272, 3980, 694, 13260, 60466, 279, 1560, 364, 264, 491, 11057, 314, 22328, 13, 4543, 11, 9272, 321, 248046]","[760, 3516, 4042, 5964, 2197, 440, 5090, 16146, 2094, 279, 23170, 310, 35359, 3665, 314, 264, 14859, 421, 37008, 836, 5904, 3712, 1345, 21873, 836, 12103, 12387, 2663, 14195, 33295, 13, 1049, 557, 264, 4299, 314, 18324, 32404, 4879, 421, 69554, 8174, 279, 42780, 479, 10208, 2272, 3980, 694, 13260, 60466, 279, 1560, 364, 264, 491, 11057, 314, 22328, 13, 4543, 11, 9272, 321]",248046,"[248046, 248044]",248046,1,True,True,"[0, 0, 0, 1, 0, 0, 0, 0]","The United States quickly met with various governments around the globe to negotiate terms of a partnership that honored their shared history while ensuring their distinct cultural values remained intact. It was a moment of intense diplomatic effort that reaffirmed the fragile truce against war but ultimately paved the way for a new era of cooperation. Now, established and",True,3829903360,8.787022590986453
088_coauthor_left_not_right_kna_t9,88,8,left_not_right,,9,2,65,30,1817,1761446601,coauthor,88,0,coauthor:creative:242eb23d0a2a46a789be2b41a665873d,0,242188f5eee1ac20e5bde4f3c76346d255e5c0a67110b1a067e75a557c91162d,aa92c725dcff63c22d811e7412369ea67eadb763147bc11dd28371065808a432,success,,512.0,512.0,512.0,False,,model_loaded,15.62411694804905,0.5557014240184799,0.904496606963221,1.4601980309817009,1.4601980309817009,1705,17883,291452,429526434,248320,"{""allowed_count"": 248067, ""expected_count"": 248067, ""missing_expected"": [], ""ok"": true, ""stop_token_ids"": [248044, 248046], ""unexpected_allowed"": []}",2.171500408963766,xgrammar,0.8161922770086676,3.3830755979870446,503,65,64,"[760, 34924, 15919, 421, 836, 92325, 23046, 51297, 383, 10642, 5954, 1070, 310, 35422, 8464, 4924, 11, 864, 14330, 3069, 65788, 579, 7168, 682, 978, 13569, 5324, 888, 854, 13, 25067, 11, 279, 3889, 12313, 6, 51299, 3511, 310, 279, 8121, 1867, 10642, 781, 2957, 40465, 290, 1973, 279, 57906, 314, 279, 34924, 34577, 310, 381, 279, 6038, 421, 6225, 269, 34924, 9290, 321, 248046]","[760, 34924, 15919, 421, 836, 92325, 23046, 51297, 383, 10642, 5954, 1070, 310, 35422, 8464, 4924, 11, 864, 14330, 3069, 65788, 579, 7168, 682, 978, 13569, 5324, 888, 854, 13, 25067, 11, 279, 3889, 12313, 6, 51299, 3511, 310, 279, 8121, 1867, 10642, 781, 2957, 40465, 290, 1973, 279, 57906, 314, 279, 34924, 34577, 310, 381, 279, 6038, 421, 6225, 269, 34924, 9290, 321]",248046,"[248046, 248044]",248046,1,True,True,"[0, 0, 0, 0, 0, 0, 0, 1, 0]","The aliens reveal that their millennia-long reliance on magic allows them to manipulate reality itself, which explains why Jonas's wife has been slowly changed over time. Meanwhile, the original humans' diminished connection to the wildland magic they once wielded without the hostility of the aliens proves to be the secret that captor aliens forced and",True,3844447232,9.10237944003893
089_coauthor_left_not_right_kna_t10,89,9,left_not_right,,10,2,65,33,2005,1939766575,coauthor,89,0,coauthor:creative:4db95dde4eec4612b04570858ad628bf,0,6430665cca41b0ea53f3c9030b1b1923108e876e64bb9c8d98d1eb31444e263c,57a7bc169efebf492a06b706f0235799222b4fd5a3eb71333a8bb5990d339dd4,success,,512.0,512.0,512.0,False,,model_loaded,15.465529837994836,0.5704538749996573,1.0584243859630078,1.628878260962665,1.628878260962665,1894,21730,354703,558007422,248320,"{""allowed_count"": 248067, ""expected_count"": 248067, ""missing_expected"": [], ""ok"": true, ""stop_token_ids"": [248044, 248046], ""unexpected_allowed"": []}",2.0075540869729593,xgrammar,0.8164328320417553,3.2517845039837994,468,65,64,"[7691, 29547, 11, 524, 13660, 3315, 279, 3296, 557, 1066, 264, 10647, 86243, 303, 279, 27224, 314, 1024, 13618, 466, 264, 26508, 1228, 314, 3315, 5316, 3160, 3213, 310, 1384, 1442, 6661, 883, 780, 15804, 9284, 13, 328, 31551, 1066, 8523, 780, 803, 1288, 1292, 18018, 11, 52962, 310, 381, 18647, 13, 561, 43988, 488, 3222, 3070, 914, 4766, 430, 1248, 430, 34869, 321, 248044]","[7691, 29547, 11, 524, 13660, 3315, 279, 3296, 557, 1066, 264, 10647, 86243, 303, 279, 27224, 314, 1024, 13618, 466, 264, 26508, 1228, 314, 3315, 5316, 3160, 3213, 310, 1384, 1442, 6661, 883, 780, 15804, 9284, 13, 328, 31551, 1066, 8523, 780, 803, 1288, 1292, 18018, 11, 52962, 310, 381, 18647, 13, 561, 43988, 488, 3222, 3070, 914, 4766, 430, 1248, 430, 34869, 321]",248046,"[248046, 248044]",248044,1,True,True,"[0, 0, 0, 1, 0, 0, 0, 0, 0, 0]","She smiled, not knowing whether the question was just a sudden lapse in the consistency of her routine or a desperate test of whether anyone close enough to him even knew about his weird identity. ""Jack just knows his name,"" she answered, pretending to be tired. The spoon you hold doesn't matter as long as smiling and",True,3842640896,8.948480073013343
090_coauthor_left_not_right_kna_t11,90,10,left_not_right,,11,2,65,36,2193,856296695,coauthor,90,0,coauthor:creative:bd4dc28d6e1b469bb4b96239b8fcfef9,0,8ca68676413553113c9e80c525862616c7cb048ba6511ecf1de31b2c60b8612f,4fe024b838fd994d1c65715ab6d8f090633801a3d62a6ce751a8d9c10bd65891,success,,512.0,512.0,512.0,False,,model_loaded,15.57605767599307,0.5607818139833398,1.2159619749872945,1.7767437889706343,1.7767437889706343,2083,25949,424718,708793970,248320,"{""allowed_count"": 248067, ""expected_count"": 248067, ""missing_expected"": [], ""ok"": true, ""stop_token_ids"": [248044, 248046], ""unexpected_allowed"": []}",2.0588862969889306,xgrammar,0.8251941520138644,3.291698543995153,254,65,64,"[38496, 55349, 780, 3019, 364, 22717, 11, 41594, 1132, 1238, 10461, 279, 34924, 6, 12103, 56496, 421, 781, 995, 660, 978, 1017, 1518, 6236, 1384, 303, 61822, 13, 271, 760, 34924, 33351, 310, 9283, 836, 10976, 11, 836, 14457, 7346, 89093, 303, 279, 4941, 3000, 430, 279, 304, 50231, 83561, 1663, 314, 836, 6741, 13717, 264, 3238, 1622, 383, 8964, 13, 72602, 2617, 321, 248044]","[38496, 55349, 780, 3019, 364, 22717, 11, 41594, 1132, 1238, 10461, 279, 34924, 6, 12103, 56496, 421, 781, 995, 660, 978, 1017, 1518, 6236, 1384, 303, 61822, 13, 271, 760, 34924, 33351, 310, 9283, 836, 10976, 11, 836, 14457, 7346, 89093, 303, 279, 4941, 3000, 430, 279, 304, 50231, 83561, 1663, 314, 836, 6741, 13717, 264, 3238, 1622, 383, 8964, 13, 72602, 2617, 321]",248046,"[248046, 248044]",248044,1,True,True,"[0, 0, 0, 0, 0, 0, 0, 0, 0, 1, 0]","Matt whispered his plan for negotiations, realizing only after hearing the aliens' distinct accents that they had all been there before meeting him in disguise.

The aliens paused to gather their thoughts, their strange forms swirling in the dim light as the hushed murmurs of their race formed a low request on Earth. Trem sure and",True,3814817792,9.198431864962913
091_coauthor_left_not_right_kna_t12,91,11,left_not_right,,12,2,65,39,2381,181537588,coauthor,91,0,coauthor:creative:2cd0471292f14be5bf1ccb9b313e1903,0,9a9be7058a75ea6d8dbc35046a762a0e687fa89baf283aaa3215da310388e935,b0dd2ee0d29db274c96d4a19e062f65e614227e60b5cede8fe2dc306339ba64d,success,,512.0,512.0,512.0,False,,model_loaded,16.0771292099962,0.6193840369815007,1.4084299699752592,2.02781400695676,2.02781400695676,2272,30540,501009,883564542,248320,"{""allowed_count"": 248067, ""expected_count"": 248067, ""missing_expected"": [], ""ok"": true, ""stop_token_ids"": [248044, 248046], ""unexpected_allowed"": []}",2.0278027639724314,xgrammar,0.8563651029835455,3.2549830219941214,426,65,64,"[7691, 10751, 264, 14019, 8415, 430, 551, 11182, 1024, 310, 264, 4226, 11, 41594, 660, 3055, 421, 411, 10958, 11, 28012, 25457, 303, 279, 975, 579, 6213, 668, 38198, 23304, 1024, 3242, 13, 271, 332, 7691, 39358, 1384, 2272, 279, 6784, 11, 45970, 11, 328, 2592, 488, 4255, 1179, 353, 4255, 11, 424, 1000, 381, 2577, 413, 488, 10729, 1056, 567, 3804, 14009, 321, 248046]","[7691, 10751, 264, 14019, 8415, 430, 551, 11182, 1024, 310, 264, 4226, 11, 41594, 660, 3055, 421, 411, 10958, 11, 28012, 25457, 303, 279, 975, 579, 6213, 668, 38198, 23304, 1024, 3242, 13, 271, 332, 7691, 39358, 1384, 2272, 279, 6784, 11, 45970, 11, 328, 2592, 488, 4255, 1179, 353, 4255, 11, 424, 1000, 381, 2577, 413, 488, 10729, 1056, 567, 3804, 14009, 321]",248046,"[248046, 248044]",248046,1,True,True,"[1, 0, 0, 0, 0, 0, 0, 0, 0, 0, 0, 0]","She feels a crushing fear as he challenges her to a fight, realizing all along that this familiar, hungry darkness in the other's eyes will inevitably consume her today.

**She pushes him against the wall, shouting, ""If you fall then I fall, it would be better if you fell than we went broke and",True,3836273152,9.431911953026429
092_coauthor_left_not_right_kna_t13,92,12,left_not_right,,13,2,65,42,2569,1408831174,coauthor,92,0,coauthor:creative:4ae07eece3a740de9b77f65ae67a10ad,0,4c2a960a5dc5ee1cd0fd836258312d363fadc0245031e4e3aa2483c57b41e474,df31835e4f8ee13df6268385e67e151843f925994df03ed074758798728d2157,success,,512.0,512.0,512.0,False,,model_loaded,16.61185144103365,0.6104095570044592,1.6002921700128354,2.2107017270172946,2.2107017270172946,2461,35503,583576,1083997602,248320,"{""allowed_count"": 248067, ""expected_count"": 248067, ""missing_expected"": [], ""ok"": true, ""stop_token_ids"": [248044, 248046], ""unexpected_allowed"": []}",2.2971675019944087,xgrammar,0.8329261559993029,3.3134313779883087,226,65,64,"[1073, 37360, 11, 279, 18995, 579, 47077, 421, 2854, 369, 264, 15346, 3611, 21610, 5954, 424, 310, 3418, 777, 5964, 3069, 1141, 8684, 63815, 11, 13260, 37476, 421, 35488, 369, 279, 16233, 5224, 364, 19060, 2785, 49772, 24590, 13, 12987, 69794, 579, 4864, 440, 411, 1602, 11039, 264, 6000, 314, 77343, 28304, 310, 279, 26508, 14230, 364, 780, 2199, 13, 12987, 69794, 24836, 321, 248046]","[1073, 37360, 11, 279, 18995, 579, 47077, 421, 2854, 369, 264, 15346, 3611, 21610, 5954, 424, 310, 3418, 777, 5964, 3069, 1141, 8684, 63815, 11, 13260, 37476, 421, 35488, 369, 279, 16233, 5224, 364, 19060, 2785, 49772, 24590, 13, 12987, 69794, 579, 4864, 440, 411, 1602, 11039, 264, 6000, 314, 77343, 28304, 310, 279, 26508, 14230, 364, 780, 2199, 13, 12987, 69794, 24836, 321]",248046,"[248046, 248044]",248046,1,True,True,"[0, 1, 0, 0, 0, 0, 0, 0, 0, 0, 0, 0, 0]","Consequently, the alien's realization that love is a fundamental human capability allows it to understand more quickly why its mission persists, ultimately proving that affection is the ultimate tool for survival within extinction zones. Matt Damon's relationship with this being adds a layer of heartbreaking romance to the desperate struggle for his life. Matt Damon seeks and",True,3813718016,9.972057228034828
093_coauthor_left_not_right_kna_t14,93,13,left_not_right,,14,2,65,45,2757,67085581,coauthor,93,0,coauthor:creative:ec3d1c0f86a04f8eaea5df982cf79284,0,4463d52b855aaaa88bdc883d414197a203551908fd9d8619908678220f9e347f,f1343c2185bf4fc32f975c524d2e2e779ba9f4d97d50d6870ae9d9782a0d0363,success,,512.0,512.0,512.0,False,,model_loaded,16.75043455098057,0.6509656499838457,1.8203596440143883,2.471325293998234,2.471325293998234,2650,40838,672419,1311771614,248320,"{""allowed_count"": 248067, ""expected_count"": 248067, ""missing_expected"": [], ""ok"": true, ""stop_token_ids"": [248044, 248046], ""unexpected_allowed"": []}",2.109323689015582,xgrammar,0.8396783599746414,3.2984734480269253,189,65,64,"[42084, 11, 780, 6764, 11, 264, 41561, 24924, 1461, 6725, 4248, 13, 11546, 11, 1902, 20844, 381, 279, 799, 488, 513, 3221, 364, 310, 1236, 2617, 551, 4290, 914, 53547, 13, 1921, 3655, 11, 551, 1066, 7807, 27367, 4694, 780, 16411, 11, 9101, 488, 440, 264, 3296, 25, 1503, 4248, 13, 11546, 36192, 599, 866, 6440, 310, 1996, 463, 279, 19577, 18698, 1118, 321, 248046]","[42084, 11, 780, 6764, 11, 264, 41561, 24924, 1461, 6725, 4248, 13, 11546, 11, 1902, 20844, 381, 279, 799, 488, 513, 3221, 364, 310, 1236, 2617, 551, 4290, 914, 53547, 13, 1921, 3655, 11, 551, 1066, 7807, 27367, 4694, 780, 16411, 11, 9101, 488, 440, 264, 3296, 25, 1503, 4248, 13, 11546, 36192, 599, 866, 6440, 310, 1996, 463, 279, 19577, 18698, 1118, 321]",248046,"[248046, 248044]",248046,1,True,True,"[0, 0, 0, 0, 0, 0, 0, 1, 0, 0, 0, 0, 0, 0]","Indeed, his father, a notorious honeyman named Mr. Jeff, must surely be the one you are looking for to make sure he isn't disturbed. But wait, he just finished summarizing his bio, leaving you with a question: does Mr. Jeff Bee have any plans to repack the gathered flowers first and",True,3808061440,9.99121427902719
094_coauthor_left_not_right_kna_t15,94,14,left_not_right,,15,2,65,48,2945,624182968,coauthor,94,0,coauthor:creative:b01c3090a9204cc2a74830b611722d53,0,ab6f380119bcf3b6bebe17fc4f9f76a4303211b59bce9282f5f6c121da0bac05,97d527d5b4798c5e6c3cd7b7f688f37a5f7214bf80900c33c3b1063c36da66d2,success,,512.0,512.0,512.0,False,,model_loaded,16.0636986939935,0.6420413560117595,2.0320006589754485,2.674042014987208,2.674042014987208,2839,46545,767538,1568565042,248320,"{""allowed_count"": 248067, ""expected_count"": 248067, ""missing_expected"": [], ""ok"": true, ""stop_token_ids"": [248044, 248046], ""unexpected_allowed"": []}",1.8863162799971178,xgrammar,0.8319140510284342,2.6942742069950327,206,47,46,"[2504, 45080, 5830, 11, 424, 1902, 2714, 430, 3384, 279, 18995, 1475, 966, 579, 20652, 8203, 995, 1429, 279, 41675, 303, 449, 4621, 310, 10752, 264, 5614, 2944, 777, 11078, 1056, 4777, 5075, 438, 10655, 1070, 660, 321, 369, 1381, 68213, 279, 13437, 2279, 1495, 13, 248046]","[2504, 45080, 5830, 11, 424, 1902, 2714, 430, 3384, 279, 18995, 1475, 966, 579, 20652, 8203, 995, 1429, 279, 41675, 303, 449, 4621, 310, 10752, 264, 5614, 2944, 777, 11078, 1056, 4777, 5075, 438, 10655, 1070, 660, 321, 369, 1381, 68213, 279, 13437, 2279, 1495, 13]",248046,"[248046, 248044]",248046,1,True,False,"[0, 1, 0, 0, 0, 0, 0, 0, 0, 0, 0, 0, 0, 0, 0]","Adrenalening, it must seem as though the alien invader's syndicate had used the Avengers in an attempt to achieve a goal far more dangerous than simply vanquishing them all and is now exploiting the ancient power again.",True,3812930048,9.412188928981777
095_coauthor_left_not_right_kna_t16,95,15,left_not_right,,16,2,65,51,3133,301296286,coauthor,95,0,coauthor:creative:f6c2fa4230df43b9b9857e71b9d68a89,0,45cf74b0e8eebf6936d9f56b6f0cf1e148207250a7e69b901305720cdc5d5129,8fccf61e3f3ada4e9f74c084edc2b766da50200a26d29d5e4f13c040b8de1f5f,success,,512.0,512.0,512.0,False,,model_loaded,17.027666392968968,0.6137583489762619,2.242034777009394,2.855793125985656,2.855793125985656,3028,52624,868933,1856056350,248320,"{""allowed_count"": 248067, ""expected_count"": 248067, ""missing_expected"": [], ""ok"": true, ""stop_token_ids"": [248044, 248046], ""unexpected_allowed"": []}",1.9433884980389848,xgrammar,0.8230150520103052,3.393802623031661,145,65,64,"[6651, 1381, 12706, 421, 279, 22284, 682, 2590, 978, 4252, 660, 3055, 11, 55703, 539, 3611, 66765, 88, 13, 55767, 15513, 430, 264, 829, 4818, 1533, 18641, 310, 1228, 279, 53113, 314, 279, 3611, 8643, 11, 279, 653, 16, 31448, 74821, 5924, 264, 55098, 58170, 310, 14589, 394, 4519, 9588, 13, 16643, 411, 3050, 11, 39577, 8464, 567, 4541, 264, 26281, 16473, 2414, 321, 248046]","[6651, 1381, 12706, 421, 279, 22284, 682, 2590, 978, 4252, 660, 3055, 11, 55703, 539, 3611, 66765, 88, 13, 55767, 15513, 430, 264, 829, 4818, 1533, 18641, 310, 1228, 279, 53113, 314, 279, 3611, 8643, 11, 279, 653, 16, 31448, 74821, 5924, 264, 55098, 58170, 310, 14589, 394, 4519, 9588, 13, 16643, 411, 3050, 11, 39577, 8464, 567, 4541, 264, 26281, 16473, 2414, 321]",248046,"[248046, 248044]",248046,1,True,True,"[0, 0, 0, 0, 0, 0, 0, 0, 0, 0, 0, 0, 0, 0, 1, 0]","They now realize that the ranking has always been correct all along, doomed by human whimsy. Suddenly understood as a predestined narrative to test the resilience of the human spirit, the #1 Dad acknowledgment became a timeless testament to unwavering faith. Without this specific, evolving reality weaves a profound tape something and",True,3806332416,10.284728572994936
096_coauthor_sets_differ_kna_t1,96,0,sets_differ,,1,2,65,7,439,337701703,coauthor,96,0,coauthor:creative:c86ee4fe34954bd7b183d8a5068255da,0,24f0fed822b26e2dc23610ea8886d832050eea19aeb6e5f3ca7810da2cf84fc9,16165bc1ada6749dc184874fbfcbc2b73edd90764b989a8ae522389dff3105bd,success,,512.0,512.0,512.0,False,,model_loaded,18.100292347953655,0.5333472799975425,0.14768670999910682,0.6810339899966493,0.6810339899966493,319,998,16475,9368198,248320,"{""allowed_count"": 248068, ""expected_count"": 248068, ""missing_expected"": [], ""ok"": true, ""stop_token_ids"": [248044, 248046], ""unexpected_allowed"": []}",2.2879786859848537,xgrammar,0.8772734810481779,3.3300972189754248,321,65,64,"[2523, 513, 14413, 22773, 494, 264, 3611, 38276, 1083, 264, 27000, 852, 628, 11137, 3294, 279, 1814, 383, 1024, 20117, 25368, 13, 1577, 279, 6353, 6797, 5820, 310, 716, 11, 10258, 286, 279, 68488, 34264, 321, 279, 38152, 82378, 303, 24479, 11, 488, 14607, 678, 6764, 995, 2496, 9149, 13235, 488, 11, 3322, 2574, 488, 279, 18352, 314, 678, 2199, 430, 780, 9511, 14131, 248046]","[2523, 513, 14413, 22773, 494, 264, 3611, 38276, 1083, 264, 27000, 852, 628, 11137, 3294, 279, 1814, 383, 1024, 20117, 25368, 13, 1577, 279, 6353, 6797, 5820, 310, 716, 11, 10258, 286, 279, 68488, 34264, 321, 279, 38152, 82378, 303, 24479, 11, 488, 14607, 678, 6764, 995, 2496, 9149, 13235, 488, 11, 3322, 2574, 488, 279, 18352, 314, 678, 2199, 430, 780, 9511, 14131]",248046,"[248046, 248044]",248046,1,True,True,[1],"You are suddenly transformed from a human princess into a queen who can fly above the world on her golden wings. As the morning sun began to set, surveying the sprawling gardens and the bees buzzing in harmony, you realized your father had never truly missed you, having given you the memories of your life as his daughter dealing",True,3826654208,8.615546594955958
097_coauthor_sets_differ_kna_t2,97,1,sets_differ,,2,2,65,12,690,315805698,coauthor,97,0,coauthor:creative:8024bf1914664591abe824dd583d2d2a,0,ed739d69923ddbd416a5ed0f61662705e72c078318f8ed9e964a7ffbc542db2c,77fb00dd755c1c74f0fd87ad370e3df865b22c9b32eb52b0769772cb7a6971c6,success,,512.0,512.0,512.0,False,,model_loaded,17.863259669975378,0.5279933969723061,0.23191224597394466,0.7599056429462507,0.7599056429462507,571,2305,38161,32621615,248320,"{""allowed_count"": 248068, ""expected_count"": 248068, ""missing_expected"": [], ""ok"": true, ""stop_token_ids"": [248044, 248046], ""unexpected_allowed"": []}",2.312472548976075,xgrammar,0.8298300780006684,3.3073502919869497,373,65,64,"[10883, 11, 279, 34924, 6849, 80732, 279, 12529, 11, 13376, 19047, 279, 16508, 3611, 1083, 46877, 16232, 430, 4970, 430, 279, 8028, 27425, 11983, 3162, 13, 271, 6651, 995, 2582, 28148, 279, 1622, 494, 1396, 1328, 974, 29100, 6777, 310, 15043, 836, 83541, 3995, 56845, 466, 12641, 33180, 11, 1132, 310, 12706, 6575, 421, 279, 4800, 92799, 557, 3404, 264, 10632, 829, 321, 43669, 248046]","[10883, 11, 279, 34924, 6849, 80732, 279, 12529, 11, 13376, 19047, 279, 16508, 3611, 1083, 46877, 16232, 430, 4970, 430, 279, 8028, 27425, 11983, 3162, 13, 271, 6651, 995, 2582, 28148, 279, 1622, 494, 1396, 1328, 974, 29100, 6777, 310, 15043, 836, 83541, 3995, 56845, 466, 12641, 33180, 11, 1132, 310, 12706, 6575, 421, 279, 4800, 92799, 557, 3404, 264, 10632, 829, 321, 43669]",248046,"[248046, 248044]",248046,1,True,True,"[1, 0]","However, the aliens immediately deactivated the broadcast, dissolving the captured human into glowing powder as soon as the signal flickered past.

They had already anticipated the request from every key off-world nation to attach their prized snipers or tech specialists, only to realize earlier that the reported abduction was actually a massive pre and entertain",True,3829337600,8.57282766100252
098_coauthor_sets_differ_kna_t3,98,2,sets_differ,,3,2,65,16,941,129158734,coauthor,98,0,coauthor:creative:bc176a916d344af496f7bdbf408db4e9,0,686338fc1f2a9bbeee1904d830c952259555eab925c12705f72e2406ab85a2dc,a807702710f6fa69aa5975998e4d77e9dede9534c3621915fd50867828f0ad4d,success,,512.0,512.0,512.0,False,,model_loaded,17.59665948402835,0.5393980580265634,0.3899340959615074,0.9293321539880708,0.9293321539880708,823,4108,68093,73120391,248320,"{""allowed_count"": 248068, ""expected_count"": 248068, ""missing_expected"": [], ""ok"": true, ""stop_token_ids"": [248044, 248046], ""unexpected_allowed"": []}",2.1531042569549754,xgrammar,0.8251717839739285,3.2655207729549147,108,65,64,"[7525, 2199, 1381, 16661, 314, 10476, 314, 57115, 17005, 11, 3482, 279, 20587, 63628, 1881, 279, 1330, 50260, 2086, 16149, 314, 678, 1814, 26817, 4473, 1083, 30538, 477, 13, 4213, 11, 678, 8415, 421, 678, 49772, 668, 2496, 381, 10782, 369, 4252, 11, 364, 1782, 852, 6661, 781, 23533, 303, 279, 975, 1814, 1000, 2496, 1366, 781, 998, 524, 264, 919, 314, 321, 39553, 248046]","[7525, 2199, 1381, 16661, 314, 10476, 314, 57115, 17005, 11, 3482, 279, 20587, 63628, 1881, 279, 1330, 50260, 2086, 16149, 314, 678, 1814, 26817, 4473, 1083, 30538, 477, 13, 4213, 11, 678, 8415, 421, 678, 49772, 668, 2496, 381, 10782, 369, 4252, 11, 364, 1782, 852, 6661, 781, 23533, 303, 279, 975, 1814, 1000, 2496, 1366, 781, 998, 524, 264, 919, 314, 321, 39553]",248046,"[248046, 248044]",248046,1,True,True,"[1, 0, 0]","Your life now consists of decades of immortal awareness, yet the striking disparity between the two vastly different ages of your world grows further into absurdity. However, your fear that your extinction will never be discovered is correct, for those who knew they existed in the other world would never know they were not a part of and oversee",True,3800674816,8.53115103195887
099_coauthor_sets_differ_kna_t4,99,3,sets_differ,,4,2,65,20,1192,1920720594,coauthor,99,0,coauthor:creative:e90a5ce2d98548a997fb8c3ab2213483,0,46efa15bbe95576969cd71c5dd7bda3c4dea8a0bd6a687c5792001b9439c0c7a,d4b27dcdc5c3980f9a06245deffcba6ba14d243bb56eb954e2e121e18e52809d,success,,512.0,512.0,512.0,False,,model_loaded,16.440995027020108,0.5495976529782638,0.47428208898054436,1.0238797419588082,1.0238797419588082,1075,6407,105897,133852430,248320,"{""allowed_count"": 248068, ""expected_count"": 248068, ""missing_expected"": [], ""ok"": true, ""stop_token_ids"": [248044, 248046], ""unexpected_allowed"": []}",2.0861949419486336,xgrammar,0.8248527119867504,3.2441181340254843,272,65,64,"[2523, 6849, 3286, 279, 3302, 8265, 11, 41594, 279, 7239, 579, 10632, 2316, 557, 1801, 3102, 1132, 539, 279, 16958, 3008, 6043, 20587, 279, 32658, 314, 279, 4735, 72400, 14735, 13, 2985, 411, 16099, 491, 1928, 11, 488, 1236, 279, 11656, 5307, 310, 4336, 279, 44529, 14631, 310, 9463, 4598, 1056, 8091, 680, 16089, 13, 55767, 11, 4611, 11, 279, 855, 852, 13205, 321, 248046]","[2523, 6849, 3286, 279, 3302, 8265, 11, 41594, 279, 7239, 579, 10632, 2316, 557, 1801, 3102, 1132, 539, 279, 16958, 3008, 6043, 20587, 279, 32658, 314, 279, 4735, 72400, 14735, 13, 2985, 411, 16099, 491, 1928, 11, 488, 1236, 279, 11656, 5307, 310, 4336, 279, 44529, 14631, 310, 9463, 4598, 1056, 8091, 680, 16089, 13, 55767, 11, 4611, 11, 279, 855, 852, 13205, 321]",248046,"[248046, 248044]",248046,1,True,True,"[0, 1, 0, 0]","You immediately review the research folder, realizing the firm's massive success was made possible only by the terrible side effects striking the recipients of the immortality pill. With this crucial new information, you make the impossible decision to push the obsolete therapy to completion rather than cash out tomorrow. Suddenly, however, the man who keeps and",True,3819921920,8.529059335996863
100_coauthor_sets_differ_kna_t5,100,4,sets_differ,,5,2,65,24,1443,852954765,coauthor,100,0,coauthor:creative:8b458eefa9304e608322239981e4ccd1,0,cbfe2ba49d147687ce694e41d2bc626d2f75b2b7f1c14b4fe60e12efcb977a1e,d580d436328b82dae84abaa20407de32858f1d7c11106e8691c00f87e96ecc8c,success,,512.0,512.0,512.0,False,,model_loaded,15.202524263004307,0.5646278779604472,0.6179659100016579,1.1825937879621051,1.1825937879621051,1327,9202,151573,217805636,248320,"{""allowed_count"": 248068, ""expected_count"": 248068, ""missing_expected"": [], ""ok"": true, ""stop_token_ids"": [248044, 248046], ""unexpected_allowed"": []}",1.944480569974985,xgrammar,0.9627797669963911,3.3636269610142335,713,65,64,"[2278, 22804, 2972, 42865, 332, 11692, 391, 34294, 4487, 310, 16091, 303, 5144, 26152, 59174, 11, 488, 6849, 12706, 421, 488, 599, 1669, 5941, 303, 264, 3364, 1691, 8742, 1056, 678, 20310, 3575, 64131, 506, 11, 321, 421, 411, 369, 279, 1151, 314, 449, 23000, 8684, 13, 271, 10883, 11, 264, 5357, 314, 5992, 507, 14413, 11041, 287, 888, 488, 430, 488, 5125, 32404, 248044]","[2278, 22804, 2972, 42865, 332, 11692, 391, 34294, 4487, 310, 16091, 303, 5144, 26152, 59174, 11, 488, 6849, 12706, 421, 488, 599, 1669, 5941, 303, 264, 3364, 1691, 8742, 1056, 678, 20310, 3575, 64131, 506, 11, 321, 421, 411, 369, 279, 1151, 314, 449, 23000, 8684, 13, 271, 10883, 11, 264, 5357, 314, 5992, 507, 14413, 11041, 287, 888, 488, 430, 488, 5125, 32404]",248046,"[248046, 248044]",248044,1,True,True,"[0, 0, 0, 0, 1]","With Barack **Obama** excitedly stepping forward to engage in cross-border diplomacy, you immediately realize that you have found yourself in a role much older than your retirement card hinted at, and that this is the start of an extraordinary mission.

However, a sense of unease suddenly washes over you as you notice diplomatic",True,3879396864,8.892713574983645
101_coauthor_sets_differ_kna_t6,101,5,sets_differ,,6,2,65,28,1694,525744930,coauthor,101,0,coauthor:creative:eecd784a495648f4a5b160beba42dd0b,0,90898174a5490f9b511a5cfd889c1c5ca9837248c6d8aba25d13e8f4ed9d3ec6,59df4c2d3049e9b3941c0f4e6736d7ed1c559c920398adff93c32c92f47cd2fb,success,,512.0,512.0,512.0,False,,model_loaded,15.380744713998865,0.5514693760196678,0.7771657140110619,1.3286350900307298,1.3286350900307298,1579,12493,205121,327967913,248320,"{""allowed_count"": 248068, ""expected_count"": 248068, ""missing_expected"": [], ""ok"": true, ""stop_token_ids"": [248044, 248046], ""unexpected_allowed"": []}",1.908966162998695,xgrammar,0.8123881869832985,3.3430905409622937,233,65,64,"[11861, 14413, 279, 12643, 328, 9833, 579, 653, 16, 31448, 1, 27545, 1083, 328, 9833, 579, 653, 16, 31448, 852, 27661, 883, 780, 4292, 1149, 593, 2441, 413, 488, 10386, 279, 67481, 25794, 25, 328, 760, 1865, 29452, 314, 279, 4299, 8772, 8554, 5319, 369, 5442, 383, 279, 9961, 432, 1944, 303, 279, 3870, 1149, 271, 12189, 279, 9640, 16561, 364, 6681, 321, 9712, 248046]","[11861, 14413, 279, 12643, 328, 9833, 579, 653, 16, 31448, 1, 27545, 1083, 328, 9833, 579, 653, 16, 31448, 852, 27661, 883, 780, 4292, 1149, 593, 2441, 413, 488, 10386, 279, 67481, 25794, 25, 328, 760, 1865, 29452, 314, 279, 4299, 8772, 8554, 5319, 369, 5442, 383, 279, 9961, 432, 1944, 303, 279, 3870, 1149, 271, 12189, 279, 9640, 16561, 364, 6681, 321, 9712]",248046,"[248046, 248044]",248046,1,True,True,"[0, 0, 0, 0, 0, 1]","Then suddenly the legend ""World's #1 Dad"" transforms into ""World's #1 Dad who forgot about his son."" / Or if you prefer the humorous twist: ""The real celebrity of the moment becomes whatever song is playing on the jukebox in the background.""

Since the prompt asks for exactly and mostly",True,3813992960,8.937694769003429
102_coauthor_sets_differ_kna_t7,102,6,sets_differ,,7,2,65,32,1945,1563697706,coauthor,102,0,coauthor:creative:c2af9e5faf164318999484aaf8b04de2,0,55227ff22204a9c0cc3055720a4e575f66052b2a799b538701b395e6e56bdc0d,e761968050e810fff155cbe6a1bbc1f0ab2e186229ebad185d9f4661da8b2e0d,success,,512.0,512.0,512.0,False,,model_loaded,15.716820596018806,0.5897778840153478,0.9518382690148428,1.5416161530301906,1.5416161530301906,1831,16280,266541,467327165,248320,"{""allowed_count"": 248068, ""expected_count"": 248068, ""missing_expected"": [], ""ok"": true, ""stop_token_ids"": [248044, 248046], ""unexpected_allowed"": []}",2.094150319986511,xgrammar,0.8130506179877557,3.2988106299890205,429,65,64,"[6651, 14607, 421, 539, 9862, 10476, 7578, 2235, 506, 264, 44143, 11, 781, 1000, 381, 2047, 440, 1132, 264, 2342, 1578, 314, 2199, 1518, 279, 1534, 29104, 314, 52044, 21671, 13, 50275, 11, 781, 6426, 310, 2842, 52962, 4156, 557, 4574, 321, 1151, 19435, 364, 279, 6103, 29962, 421, 75789, 1070, 13, 30720, 11, 33250, 8597, 421, 279, 5384, 9191, 557, 12456, 12511, 19146, 248046]","[6651, 14607, 421, 539, 9862, 10476, 7578, 2235, 506, 264, 44143, 11, 781, 1000, 381, 2047, 440, 1132, 264, 2342, 1578, 314, 2199, 1518, 279, 1534, 29104, 314, 52044, 21671, 13, 50275, 11, 781, 6426, 310, 2842, 52962, 4156, 557, 4574, 321, 1151, 19435, 364, 279, 6103, 29962, 421, 75789, 1070, 13, 30720, 11, 33250, 8597, 421, 279, 5384, 9191, 557, 12456, 12511, 19146]",248046,"[248046, 248044]",248046,1,True,True,"[0, 1, 0, 0, 0, 0, 0]","They realized that by spending decades growing old at a crawl, they would be left with only a few years of life before the final outbreak of sickness strikes. Consequently, they decided to stop pretending everything was perfect and start preparing for the slow funeral that awaited them. Soon, rumors spread that the lost generation was indeed facing aged",True,3836427776,9.183617164962925
103_coauthor_sets_differ_kna_t8,103,7,sets_differ,,8,2,65,36,2196,468962890,coauthor,103,0,coauthor:creative:35399d7a3a994ff2a0425b156a33b2d7,0,6f3955564f3b993f1c198c26888b696f12b975bec69893eb3d5c82a64d570b33,8b71a0848e74160bc8a716c49b57ecf29348ecf958031ba74dadc6234caff332,success,,512.0,512.0,512.0,False,,model_loaded,15.78032294602599,0.6012822650372982,1.165168319013901,1.7664505840511993,1.7664505840511993,2083,20563,335833,638871296,248320,"{""allowed_count"": 248068, ""expected_count"": 248068, ""missing_expected"": [], ""ok"": true, ""stop_token_ids"": [248044, 248046], ""unexpected_allowed"": []}",2.039733482990414,xgrammar,0.8161932019866072,3.232171780022327,178,65,64,"[1919, 50545, 4263, 46231, 310, 958, 18995, 5269, 383, 678, 2199, 2980, 488, 7268, 310, 2107, 1831, 1384, 466, 2070, 279, 41223, 314, 780, 2407, 303, 449, 15203, 311, 12, 36139, 13, 18435, 678, 22746, 3177, 6522, 321, 1777, 264, 55452, 10517, 310, 11774, 488, 599, 7840, 2756, 310, 5571, 494, 4613, 411, 10548, 2407, 13, 561, 311, 12, 36139, 314, 411, 15203, 11482, 248046]","[1919, 50545, 4263, 46231, 310, 958, 18995, 5269, 383, 678, 2199, 2980, 488, 7268, 310, 2107, 1831, 1384, 466, 2070, 279, 41223, 314, 780, 2407, 303, 449, 15203, 311, 12, 36139, 13, 18435, 678, 22746, 3177, 6522, 321, 1777, 264, 55452, 10517, 310, 11774, 488, 599, 7840, 2756, 310, 5571, 494, 4613, 411, 10548, 2407, 13, 561, 311, 12, 36139, 314, 411, 15203, 11482]",248046,"[248046, 248044]",248046,1,True,True,"[0, 0, 0, 1, 0, 0, 0, 0]",This caretaker threatens to use alien technology on your life until you agree to both take him or allow the reconstruction of his body in an urban re-creation. Visit your nearest city library and sign a confession sheet to prove you have seven days to rot from inside this broken body. The re-creation of this urban hero,True,3807629824,9.30713079200359
104_coauthor_sets_differ_kna_t9,104,8,sets_differ,,9,2,65,40,2447,882890399,coauthor,104,0,coauthor:creative:85592766aa1940778f8f71cda90305e1,0,2b7d6dacad799b574bdc1b53d7bbf358a81b9d195e2bd3de2001863cdf74e91c,a3935d068db6d4b1f5e34097bfa92a22fbebfe52a62a5d917ba6ed47128a67d9,success,,512.0,512.0,512.0,False,,model_loaded,15.884353353991173,0.5874361509922892,1.3448897689813748,1.932325919973664,1.932325919973664,2335,25342,415292,845588210,248320,"{""allowed_count"": 248068, ""expected_count"": 248068, ""missing_expected"": [], ""ok"": true, ""stop_token_ids"": [248044, 248046], ""unexpected_allowed"": []}",2.03323740104679,xgrammar,0.8088702430250123,3.2915022479719482,369,65,64,"[42, 62808, 369, 80215, 33283, 440, 423, 36974, 310, 3788, 3658, 11, 13660, 1292, 1902, 4777, 7042, 1024, 4478, 1518, 781, 3397, 3258, 279, 18995, 5716, 13, 30135, 11, 781, 12706, 836, 10539, 17020, 1362, 5326, 1236, 279, 2235, 10642, 3619, 3213, 310, 71649, 279, 32060, 383, 17002, 314, 21265, 13, 641, 4543, 1042, 579, 2962, 279, 1414, 3559, 310, 1791, 799, 4434, 321, 248046]","[42, 62808, 369, 80215, 33283, 440, 423, 36974, 310, 3788, 3658, 11, 13660, 1292, 1902, 4777, 7042, 1024, 4478, 1518, 781, 3397, 3258, 279, 18995, 5716, 13, 30135, 11, 781, 12706, 836, 10539, 17020, 1362, 5326, 1236, 279, 2235, 10642, 3619, 3213, 310, 71649, 279, 32060, 383, 17002, 314, 21265, 13, 641, 4543, 1042, 579, 2962, 279, 1414, 3559, 310, 1791, 799, 4434, 321]",248046,"[248046, 248044]",248046,1,True,True,"[0, 1, 0, 0, 0, 0, 0, 0, 0]","Koru is reluctantly paired with Riku to study together, knowing she must simply improve her speed before they ever meet the alien threat. Together, they realize their combined abilities could finally make the old magic strong enough to invade the galaxy on behalf of humanity. . Now let's continue the text below to create one complete and",True,3829131776,9.346227155008819
105_coauthor_sets_differ_kna_t10,105,9,sets_differ,,10,2,65,44,2698,245101698,coauthor,105,0,coauthor:creative:1e93ad6e64e4478886b3fc31bef6a960,0,acd5cde48b59e7132415d0cd81cdb0a0cd8c80a2d8e2e856aca45dfe205eb7b6,46aa520a19ddd204cb5454ac2f3257d683aa0993866786364461905d907b61c5,success,,512.0,512.0,512.0,False,,model_loaded,16.576121892023366,0.6054240429657511,1.5837890550028533,2.1892130979686044,2.1892130979686044,2587,30617,503139,1090465811,248320,"{""allowed_count"": 248068, ""expected_count"": 248068, ""missing_expected"": [], ""ok"": true, ""stop_token_ids"": [248044, 248046], ""unexpected_allowed"": []}",2.106125329970382,xgrammar,0.8262183250044473,3.3772038989700377,245,65,64,"[760, 20983, 1066, 2597, 264, 2545, 15288, 310, 4267, 1521, 551, 557, 18003, 20965, 1324, 799, 13, 353, 7448, 914, 4267, 551, 1669, 780, 7458, 303, 678, 3626, 13264, 13, 1216, 6316, 411, 8697, 314, 26034, 383, 728, 539, 21575, 279, 500, 346, 68042, 680, 314, 279, 15322, 1944, 13, 1987, 353, 3172, 5106, 424, 364, 1381, 321, 3184, 488, 2843, 421, 1602, 6764, 248044]","[760, 20983, 1066, 2597, 264, 2545, 15288, 310, 4267, 1521, 551, 557, 18003, 20965, 1324, 799, 13, 353, 7448, 914, 4267, 551, 1669, 780, 7458, 303, 678, 3626, 13264, 13, 1216, 6316, 411, 8697, 314, 26034, 383, 728, 539, 21575, 279, 500, 346, 68042, 680, 314, 279, 15322, 1944, 13, 1987, 353, 3172, 5106, 424, 364, 1381, 321, 3184, 488, 2843, 421, 1602, 6764]",248046,"[248046, 248044]",248044,1,True,True,"[0, 0, 0, 0, 0, 1, 0, 0, 0, 0]",The joke just got a little harder to believe because he was officially rated number one. I couldn't believe he found his spot in your house anyway. He turned this bag of beans on me by pulling the seagulls out of the lunchbox. So I'll leave it for now and tell you later that being father,True,3814465024,9.799359241034836
106_coauthor_both_sides_kna_t1,106,0,both_sides,,1,2,65,6,370,289879039,coauthor,106,0,coauthor:creative:04382674f44c40b592c703ae0f63c2ed,0,2ab93b49a388bae8a46fe1faa6db57e819aca96ab9b5ce4e582886c9d82113ea,157fb08f49ffcccfa0d78e2ab876aa699bc885a0951531ec0ee860b637269145,success,,512.0,512.0,512.0,False,,model_loaded,14.568048315006308,0.5185241270228289,0.11150622495915741,0.6300303519819863,0.6300303519819863,252,736,12621,5808654,248320,"{""allowed_count"": 248067, ""expected_count"": 248067, ""missing_expected"": [], ""ok"": true, ""stop_token_ids"": [248044, 248046], ""unexpected_allowed"": []}",2.227524885965977,xgrammar,0.8663282280322164,3.2810033230343834,290,65,64,"[48862, 1051, 722, 41965, 539, 678, 28746, 314, 279, 5333, 579, 31155, 3008, 6043, 11, 279, 26578, 1303, 779, 11, 24578, 310, 27781, 279, 9064, 579, 632, 1891, 27392, 15448, 1518, 551, 31315, 13771, 942, 836, 29006, 11, 864, 1000, 21146, 28685, 678, 854, 5640, 13, 1394, 4336, 1384, 310, 1121, 11, 60821, 1384, 314, 780, 9665, 18516, 11, 430, 279, 5706, 321, 5706, 248046]","[48862, 1051, 722, 41965, 539, 678, 28746, 314, 279, 5333, 579, 31155, 3008, 6043, 11, 279, 26578, 1303, 779, 11, 24578, 310, 27781, 279, 9064, 579, 632, 1891, 27392, 15448, 1518, 551, 31315, 13771, 942, 836, 29006, 11, 864, 1000, 21146, 28685, 678, 854, 5640, 13, 1394, 4336, 1384, 310, 1121, 11, 60821, 1384, 314, 780, 9665, 18516, 11, 430, 279, 5706, 321, 5706]",248046,"[248046, 248044]",248046,1,True,True,[2],"Scientifically compromised by your demonstration of the drug's devastating side effects, the scientist relents, promising to undo the experiment's unforseen consequences before he accidentally accelerates their breakdown, which would instantly terminate your time travel. You push him to act, reminding him of his draft recall, as the properties and properties",True,3820853248,8.261561659979634
107_coauthor_both_sides_kna_t2,107,1,both_sides,,2,2,65,10,555,1428681236,coauthor,107,0,coauthor:creative:90e9b5945ef5420ea02c7e982df952c2,0,ece2e236137caa88997142932a8a2547b766bf4ccd9514d37c1bd24e59143c4e,f93f614897fff8c125ec9dfaeca0f66a3daa6966da45c7982abe0af49567a1f1,success,,512.0,512.0,512.0,False,,model_loaded,14.698655823012814,0.4963284690165892,0.17083150299731642,0.6671599720139056,0.6671599720139056,438,1654,27936,19074667,248320,"{""allowed_count"": 248067, ""expected_count"": 248067, ""missing_expected"": [], ""ok"": true, ""stop_token_ids"": [248044, 248046], ""unexpected_allowed"": []}",2.169135987991467,xgrammar,0.8325565819977783,3.345496093039401,441,65,64,"[2278, 874, 12092, 494, 32687, 11, 279, 35336, 7338, 401, 27384, 391, 11834, 279, 54762, 551, 995, 14307, 494, 279, 47177, 6, 1546, 2046, 13, 561, 47177, 14936, 1384, 41625, 430, 551, 8308, 310, 23304, 279, 3470, 781, 995, 10471, 364, 1070, 13, 52193, 11, 279, 35336, 557, 5326, 2858, 310, 1423, 3213, 9931, 9916, 310, 2426, 780, 2407, 3619, 3213, 4191, 321, 4191, 248046]","[2278, 874, 12092, 494, 32687, 11, 279, 35336, 7338, 401, 27384, 391, 11834, 279, 54762, 551, 995, 14307, 494, 279, 47177, 6, 1546, 2046, 13, 561, 47177, 14936, 1384, 41625, 430, 551, 8308, 310, 23304, 279, 3470, 781, 995, 10471, 364, 1070, 13, 52193, 11, 279, 35336, 557, 5326, 2858, 310, 1423, 3213, 9931, 9916, 310, 2426, 780, 2407, 3619, 3213, 4191, 321, 4191]",248046,"[248046, 248044]",248046,1,True,True,"[2, 0]","With no escape from hunger, the wolf sat dejectedly eating the sandwiches he had purchased from the pigs' very home. The pigs watched him sadly as he continued to consume the items they had bought for them. Ultimately, the wolf was finally able to find enough sustenance to keep his body strong enough share and share",True,3837047808,8.318479332025163
108_coauthor_both_sides_kna_t3,108,2,both_sides,,3,2,65,13,740,1960082510,coauthor,108,0,coauthor:creative:b6c87b8153ce4791a449f6b80a7f438e,0,934dc8bdabb5380ec07d97ad0199766babca9e747b608cda5a0ef263e1b74d32,11a38c8ffb15d37f5e17c7ec365f66b4b01713ee4842ef31c7b36a7d679bd2e3,success,,512.0,512.0,512.0,False,,model_loaded,14.822539528016932,0.5102665470330976,0.29454816202633083,0.8048147090594284,0.8048147090594284,624,2938,49673,41783859,248320,"{""allowed_count"": 248067, ""expected_count"": 248067, ""missing_expected"": [], ""ok"": true, ""stop_token_ids"": [248044, 248046], ""unexpected_allowed"": []}",2.0907897230354138,xgrammar,0.8406088029732928,3.317572065978311,230,65,64,"[760, 18995, 49855, 421, 26961, 12987, 69794, 668, 8418, 430, 264, 8581, 11, 10252, 51816, 364, 279, 40251, 3516, 4042, 6350, 11395, 13, 55767, 11, 18995, 42666, 55201, 3023, 494, 279, 33602, 14170, 279, 24072, 41780, 11, 29621, 264, 10632, 11, 28486, 13003, 314, 1496, 39894, 12313, 7151, 383, 19787, 836, 1765, 26541, 14973, 1461, 13, 9358, 26642, 11, 12987, 69794, 65771, 321, 65771, 248046]","[760, 18995, 49855, 421, 26961, 12987, 69794, 668, 8418, 430, 264, 8581, 11, 10252, 51816, 364, 279, 40251, 3516, 4042, 6350, 11395, 13, 55767, 11, 18995, 42666, 55201, 3023, 494, 279, 33602, 14170, 279, 24072, 41780, 11, 29621, 264, 10632, 11, 28486, 13003, 314, 1496, 39894, 12313, 7151, 383, 19787, 836, 1765, 26541, 14973, 1461, 13, 9358, 26642, 11, 12987, 69794, 65771, 321, 65771]",248046,"[248046, 248044]",248046,1,True,True,"[2, 0, 0]","The alien realizes that releasing Matt Damon will serve as a rare, welcome distraction for the mighty United States Air Force. Suddenly, alien uniforms peel away from the crowds surrounding the fighter jets, revealing a massive, invisible army of high-tech humans intent on claiming their own beloved marksman. Once freed, Matt Damon transports and transports",True,3813874688,8.334852200001478
109_coauthor_both_sides_kna_t4,109,3,both_sides,,4,2,65,16,925,1429010261,coauthor,109,0,coauthor:creative:a155fa8cfd624d278fb8f37cc32b0565,0,fee919d5bed5f5e0cf6af149c5b7d4cfd3d75291d405bc93dc1c9f173dc593bc,a119610a00c4e2b753e7cbc69aeebd21fea41305e920dc8a41d3b1d0aa587e31,success,,512.0,512.0,512.0,False,,model_loaded,14.792062215972692,0.5243153930059634,0.34909599099773914,0.8734113840037026,0.8734113840037026,810,4588,77218,75561270,248320,"{""allowed_count"": 248067, ""expected_count"": 248067, ""missing_expected"": [], ""ok"": true, ""stop_token_ids"": [248044, 248046], ""unexpected_allowed"": []}",2.1154937549727038,xgrammar,0.8287544540362433,3.3335406859987415,362,65,64,"[2523, 2493, 1683, 488, 2908, 2725, 4156, 3397, 4808, 11, 694, 488, 3172, 2590, 1423, 264, 491, 1560, 310, 20485, 685, 1521, 279, 12558, 1881, 488, 279, 1814, 579, 653, 16, 31448, 4374, 18468, 678, 4880, 4906, 369, 6681, 1092, 488, 1144, 310, 3160, 13, 1049, 579, 854, 310, 12706, 421, 6970, 488, 628, 3404, 3512, 279, 653, 23, 21, 22, 16089, 321, 16089, 248046]","[2523, 2493, 1683, 488, 2908, 2725, 4156, 3397, 4808, 11, 694, 488, 3172, 2590, 1423, 264, 491, 1560, 310, 20485, 685, 1521, 279, 12558, 1881, 488, 279, 1814, 579, 653, 16, 31448, 4374, 18468, 678, 4880, 4906, 369, 6681, 1092, 488, 1144, 310, 3160, 13, 1049, 579, 854, 310, 12706, 421, 6970, 488, 628, 3404, 3512, 279, 653, 23, 21, 22, 16089, 321, 16089]",248046,"[248046, 248044]",248046,1,True,True,"[0, 2, 0, 0]","You might think you've done everything ever wrong, but you'll always find a new way to slip up because the gap between you the world's #1 Dad idea versus your actual performance is exactly what you need to close. It's time to realize that maybe you can actually become the #867 tomorrow and tomorrow",True,3828769280,8.429059802030679
110_coauthor_both_sides_kna_t5,110,4,both_sides,,5,2,65,19,1110,532248575,coauthor,110,0,coauthor:creative:b95bdefc91d94744b375b7bcabc19d5f,0,c1b237e0ff4259fcb5047fdcbeaedc636cc52ef2b3d2ffcf0396a45945f47683,a3df819f04ba269a38ac0062e53d39ac11cc62d5047826c58785e75613d09555,success,,512.0,512.0,512.0,False,,model_loaded,14.578233314969111,0.5646573770209216,0.4390637699980289,1.0037211470189504,1.0037211470189504,996,6604,110571,122031940,248320,"{""allowed_count"": 248067, ""expected_count"": 248067, ""missing_expected"": [], ""ok"": true, ""stop_token_ids"": [248044, 248046], ""unexpected_allowed"": []}",1.9522933600237593,xgrammar,0.821022076997906,3.2778024940053,203,65,64,"[1, 30442, 488, 7386, 914, 20417, 17220, 383, 728, 1238, 660, 11, 64008, 11, 364, 353, 635, 28663, 310, 2915, 488, 264, 4752, 5823, 310, 5728, 678, 24284, 1149, 328, 1853, 821, 5418, 2407, 1288, 488, 83604, 1518, 1292, 3144, 424, 19561, 13, 328, 2064, 1902, 381, 854, 310, 381, 2617, 353, 3172, 8941, 310, 279, 5426, 1149, 328, 7525, 24284, 11750, 321, 11750, 248044]","[1, 30442, 488, 7386, 914, 20417, 17220, 383, 728, 1238, 660, 11, 64008, 11, 364, 353, 635, 28663, 310, 2915, 488, 264, 4752, 5823, 310, 5728, 678, 24284, 1149, 328, 1853, 821, 5418, 2407, 1288, 488, 83604, 1518, 1292, 3144, 424, 19561, 13, 328, 2064, 1902, 381, 854, 310, 381, 2617, 353, 3172, 8941, 310, 279, 5426, 1149, 328, 7525, 24284, 11750, 321, 11750]",248046,"[248046, 248044]",248044,1,True,True,"[0, 0, 2, 0, 0]","""Perhaps you aren't solely dependent on me after all, Majesty, for I do intend to offer you a unique chance to rule your kingdom."" ""Over my dead body,"" you muttered before shearing it loose. ""It must be time to be sure I'll stick to the rules."" ""Your kingdom speaking and speaking",True,3812812288,8.282617257034872
111_coauthor_both_sides_kna_t6,111,5,both_sides,,6,2,65,22,1295,515395025,coauthor,111,0,coauthor:creative:87c2c42b2a80400ebcedfacc68b767ef,0,8d56f721fe43e64cc6819c0007f1b172744d14ee72f2ce985904661bf3e5e83f,4a37ee03f157e46f18c21cbcf3ffc91ef1ddf89edcd36ebf3288a3dd4db63367,success,,512.0,512.0,512.0,False,,model_loaded,14.58429205097491,0.4605294089997187,0.5461122179985978,1.0066416269983165,1.0066416269983165,1182,8986,149732,182820909,248320,"{""allowed_count"": 248067, ""expected_count"": 248067, ""missing_expected"": [], ""ok"": true, ""stop_token_ids"": [248044, 248046], ""unexpected_allowed"": []}",1.9155974040040746,xgrammar,0.9492012559785508,3.236077835026663,207,65,64,"[760, 4034, 1179, 83422, 430, 279, 21079, 24086, 314, 660, 678, 3162, 6107, 11690, 310, 7534, 488, 264, 21030, 324, 602, 5923, 13, 1541, 748, 11, 440, 874, 18539, 3725, 310, 12804, 11, 660, 678, 3162, 5941, 82, 5326, 4255, 31016, 13, 7061, 348, 1206, 381, 8308, 466, 5354, 364, 279, 1727, 12096, 314, 678, 44539, 30, 561, 13004, 10583, 421, 28314, 321, 28314, 248046]","[760, 4034, 1179, 83422, 430, 279, 21079, 24086, 314, 660, 678, 3162, 6107, 11690, 310, 7534, 488, 264, 21030, 324, 602, 5923, 13, 1541, 748, 11, 440, 874, 18539, 3725, 310, 12804, 11, 660, 678, 3162, 5941, 82, 5326, 4255, 31016, 13, 7061, 348, 1206, 381, 8308, 466, 5354, 364, 279, 1727, 12096, 314, 678, 44539, 30, 561, 13004, 10583, 421, 28314, 321, 28314]",248046,"[248046, 248044]",248046,1,True,True,"[0, 2, 0, 0, 0, 0]","The screen then fades as the collective consciousness of all your past lives begins to sing you a gentle lullaby. And so, with no deeper future to explore, all your past yourselfs finally fall asleep. • *To be continued or ready for the next chapter of your destiny? The ending leaves that gently and gently",True,3812968960,8.335133654007223
112_coauthor_both_sides_kna_t7,112,6,both_sides,,7,2,65,25,1480,1211769933,coauthor,112,0,coauthor:creative:335ffea5a1a8426badc75a2fa056a1a8,0,7d0061a14e2b6246dacb9d9e43979cc7302d4fcaeaf567cb0903367f5e99c542,b3c995504aea1b1d527671cc05f5bccf246b85323de87df3b6efaf1c0d7ca1d9,success,,512.0,512.0,512.0,False,,model_loaded,18.540882228990085,0.5680377110256813,0.6937649510218762,1.2618026620475575,1.2618026620475575,1368,11734,194701,259553217,248320,"{""allowed_count"": 248067, ""expected_count"": 248067, ""missing_expected"": [], ""ok"": true, ""stop_token_ids"": [248044, 248046], ""unexpected_allowed"": []}",2.0568098920048214,xgrammar,0.841949287976604,3.3577867909916677,384,65,64,"[2523, 6779, 421, 4858, 9687, 264, 3050, 4368, 314, 23611, 8173, 310, 279, 11057, 488, 8209, 11, 24123, 1754, 3714, 310, 1236, 264, 16444, 5576, 883, 1092, 8464, 781, 513, 9149, 48884, 310, 31260, 13, 3113, 18905, 7520, 279, 4581, 6775, 314, 678, 12013, 4656, 11, 488, 5326, 3418, 421, 488, 513, 524, 14912, 7249, 694, 513, 919, 314, 264, 21079, 13136, 321, 13136, 248046]","[2523, 6779, 421, 4858, 9687, 264, 3050, 4368, 314, 23611, 8173, 310, 279, 11057, 488, 8209, 11, 24123, 1754, 3714, 310, 1236, 264, 16444, 5576, 883, 1092, 8464, 781, 513, 9149, 48884, 310, 31260, 13, 3113, 18905, 7520, 279, 4581, 6775, 314, 678, 12013, 4656, 11, 488, 5326, 3418, 421, 488, 513, 524, 14912, 7249, 694, 513, 919, 314, 264, 21079, 13136, 321, 13136]",248046,"[248046, 248044]",248046,1,True,True,"[0, 0, 0, 2, 0, 0, 0]","You discover that everyone holds a specific thread of fate connected to the era you died, forcing each individual to make a conscious choice about what reality they are truly destined to inhabit. By clarifying the exact nature of your rebirth, you finally understand that you are not acting alone but are part of a collective soul and soul",True,3829903360,8.849783195997588
113_coauthor_both_sides_kna_t8,113,7,both_sides,,8,2,65,28,1665,1219233922,coauthor,113,0,coauthor:creative:e2ccab5b997f4aa19f39ffdb86be4151,0,9f1d981481caa6ac5cdde381e0e57fda2877335dfd2579c2dbf14005c9b94841,854a8f3d5ac236f90c34b03162da2a9080bc9a1483a3c156022d1b1252eaa8b1,success,,512.0,512.0,512.0,False,,model_loaded,18.50744727399433,0.5821204580133781,0.8543265180196613,1.4364469760330394,1.4364469760330394,1554,14848,245478,353853904,248320,"{""allowed_count"": 248067, ""expected_count"": 248067, ""missing_expected"": [], ""ok"": true, ""stop_token_ids"": [248044, 248046], ""unexpected_allowed"": []}",2.033550378982909,xgrammar,0.882120582042262,3.2829721409943886,339,65,64,"[760, 1809, 579, 13522, 3274, 369, 310, 7318, 279, 22497, 20359, 310, 279, 27356, 6823, 3808, 279, 12552, 1973, 279, 1814, 78340, 1070, 13, 40026, 440, 678, 15895, 6255, 6337, 11, 488, 668, 36812, 279, 569, 383, 3069, 411, 78233, 5313, 369, 279, 1132, 29438, 1752, 310, 16792, 1235, 264, 3521, 62125, 421, 46231, 310, 6705, 4156, 745, 781, 3222, 23492, 5774, 321, 5774, 248046]","[760, 1809, 579, 13522, 3274, 369, 310, 7318, 279, 22497, 20359, 310, 279, 27356, 6823, 3808, 279, 12552, 1973, 279, 1814, 78340, 1070, 13, 40026, 440, 678, 15895, 6255, 6337, 11, 488, 668, 36812, 279, 569, 383, 3069, 411, 78233, 5313, 369, 279, 1132, 29438, 1752, 310, 16792, 1235, 264, 3521, 62125, 421, 46231, 310, 6705, 4156, 745, 781, 3222, 23492, 5774, 321, 5774]",248046,"[248046, 248044]",248046,1,True,True,"[0, 0, 0, 2, 0, 0, 0, 0]","The group's immediate task is to transport the medication safely to the infected population across the island without the world condemning them. Armed with your extensive medical knowledge, you will educate the public on why this humane approach is the only viable path to averting a global catastrophe that threatens to destroy everything else they hold dear directly and directly",True,3827582464,8.971152490004897
114_coauthor_both_sides_kna_t9,114,8,both_sides,,9,2,65,31,1850,1428967917,coauthor,114,0,coauthor:creative:dda6cf6e80e74a32b62d03db6c25859c,0,0ba89b91701ed8a9b793015105854cc96179646685c3c2c34391c526c09356dc,1fbe1e67389810d5be3205216ddf215aa21e86fdd602870b6be06d866620cead,success,,512.0,512.0,512.0,False,,model_loaded,18.347516906971578,0.5869417269714177,0.9851395810255781,1.5720813079969957,1.5720813079969957,1740,18328,303772,467348010,248320,"{""allowed_count"": 248067, ""expected_count"": 248067, ""missing_expected"": [], ""ok"": true, ""stop_token_ids"": [248044, 248046], ""unexpected_allowed"": []}",2.069800974044483,xgrammar,0.8373663190286607,3.2819763899897225,132,65,64,"[4272, 11, 21265, 9297, 24530, 3213, 310, 30456, 1141, 42780, 8649, 1172, 279, 48559, 16988, 314, 264, 3619, 3521, 28695, 13, 271, 10883, 11, 279, 20438, 41915, 80017, 942, 279, 8343, 45883, 3665, 314, 279, 6434, 46985, 440, 279, 18608, 6775, 314, 4196, 4843, 7696, 26, 4370, 11, 424, 7929, 16185, 51631, 23443, 5402, 364, 8649, 1238, 41594, 279, 3980, 557, 2702, 321, 2702, 248046]","[4272, 11, 21265, 9297, 24530, 3213, 310, 30456, 1141, 42780, 8649, 1172, 279, 48559, 16988, 314, 264, 3619, 3521, 28695, 13, 271, 10883, 11, 279, 20438, 41915, 80017, 942, 279, 8343, 45883, 3665, 314, 279, 6434, 46985, 440, 279, 18608, 6775, 314, 4196, 4843, 7696, 26, 4370, 11, 424, 7929, 16185, 51631, 23443, 5402, 364, 8649, 1238, 41594, 279, 3980, 557, 2702, 321, 2702]",248046,"[248046, 248044]",248046,1,True,True,"[0, 0, 0, 0, 0, 0, 2, 0, 0]","So, humanity eventually recovered enough to rebuild its fragile peace under the guiding principle of a strong global alliance.

However, the passage incorrectly conflates the traditional cooperative terms of the UN Charter with the aggressive nature of World War II; instead, it claims nations voluntarily isolated themselves for peace after realizing the war was total and total",True,3805819904,9.084173331968486
115_coauthor_both_sides_kna_t10,115,9,both_sides,,10,2,65,34,2035,510268999,coauthor,115,0,coauthor:creative:105bf88bb4bc42688e06a54644e2989b,0,d154380850e86c6b6da7203d33693dc9a496b6bcb20d30130f3113eea3498f66,b97a4af6125e754dc597d01af37d20a855c84e5f84df65c6e0877c4782d288f4,success,,512.0,512.0,512.0,False,,model_loaded,17.72145921800984,0.5980760640231892,1.13700136000989,1.7350774240330793,1.7350774240330793,1926,22174,367640,601660575,248320,"{""allowed_count"": 248067, ""expected_count"": 248067, ""missing_expected"": [], ""ok"": true, ""stop_token_ids"": [248044, 248046], ""unexpected_allowed"": []}",2.1224215049878694,xgrammar,0.8292147009633482,3.3050309169921093,138,65,64,"[2523, 1381, 2364, 303, 264, 8318, 2956, 10476, 303, 279, 3725, 11, 40373, 383, 1204, 17081, 488, 2098, 998, 310, 5471, 279, 804, 2695, 314, 678, 8649, 314, 3838, 13, 4465, 2199, 682, 978, 32471, 539, 264, 42568, 3200, 310, 1141, 18085, 11, 9101, 488, 29592, 303, 264, 4779, 314, 678, 12177, 303, 264, 8512, 62235, 13, 561, 20513, 314, 279, 1578, 321, 1578, 248044]","[2523, 1381, 2364, 303, 264, 8318, 2956, 10476, 303, 279, 3725, 11, 40373, 383, 1204, 17081, 488, 2098, 998, 310, 5471, 279, 804, 2695, 314, 678, 8649, 314, 3838, 13, 4465, 2199, 682, 978, 32471, 539, 264, 42568, 3200, 310, 1141, 18085, 11, 9101, 488, 29592, 303, 264, 4779, 314, 678, 12177, 303, 264, 8512, 62235, 13, 561, 20513, 314, 279, 1578, 321, 1578]",248046,"[248046, 248044]",248044,1,True,True,"[0, 0, 0, 0, 0, 0, 0, 0, 2, 0]","You now sit in a waiting room decades in the future, reflecting on how lucky you really were to avoid the true cost of your peace of mind. Your life has been preserved by a miracle late to its arrival, leaving you trapped in a memory of your youth in a hospital gown. The silence of the years and years",True,3806055936,9.355766415013932
116_coauthor_both_sides_kna_t11,116,10,both_sides,,11,2,65,37,2220,1655916229,coauthor,116,0,coauthor:creative:128bac319cb14dadaaf5c30c3a8ac5cb,0,5d5a545620018b206ab870e2acd3e09eca83ecaca76a55c927e07455e092fc0a,22b14f670a8dc35933683ef996e14afd6e5396cf2c5325c8d9aa6854a7ba21c1,success,,512.0,512.0,512.0,False,,model_loaded,16.01723202096764,0.5908918409841135,1.2735792809980921,1.8644711219822057,1.8644711219822057,2112,26386,438224,758416639,248320,"{""allowed_count"": 248067, ""expected_count"": 248067, ""missing_expected"": [], ""ok"": true, ""stop_token_ids"": [248044, 248046], ""unexpected_allowed"": []}",2.128504502004944,xgrammar,0.8057617499725893,3.3257747340248898,611,65,64,"[2523, 628, 914, 4267, 678, 6213, 948, 488, 1436, 678, 6357, 11884, 836, 26809, 338, 40950, 10932, 303, 279, 50391, 314, 279, 28280, 41908, 4370, 314, 678, 2046, 9896, 440, 49483, 11, 310, 11420, 11, 32874, 11, 69545, 11, 27201, 9668, 314, 5888, 11, 2943, 3979, 314, 40720, 11, 1248, 1238, 14799, 13, 20112, 767, 20861, 1083, 279, 1740, 11, 5686, 1142, 321, 1142, 248046]","[2523, 628, 914, 4267, 678, 6213, 948, 488, 1436, 678, 6357, 11884, 836, 26809, 338, 40950, 10932, 303, 279, 50391, 314, 279, 28280, 41908, 4370, 314, 678, 2046, 9896, 440, 49483, 11, 310, 11420, 11, 32874, 11, 69545, 11, 27201, 9668, 314, 5888, 11, 2943, 3979, 314, 40720, 11, 1248, 1238, 14799, 13, 20112, 767, 20861, 1083, 279, 1740, 11, 5686, 1142, 321, 1142]",248046,"[248046, 248044]",248046,1,True,True,"[0, 0, 0, 0, 0, 0, 0, 0, 0, 2, 0]","You can't believe your eyes when you see your parents wearing their finest gowns standing in the driveway of the royal palace instead of your home filled with candles, toasts, screaming, kisses, uncomfortable holding of hands, four hours of laughter, long after tea. Mikey slides into the car, looks back and back",True,3858423808,9.402323096001055
117_coauthor_both_sides_kna_t12,117,11,both_sides,,12,2,65,40,2405,2139205696,coauthor,117,0,coauthor:creative:25742b852b764843b15266008afdc15d,0,196d15b8fd56597e5b2a0c1449d340d32b010f5ab2a9f708ce0442d79759b89a,49993dfc320f6b9f37a77d149ea93ad5d79fe683fc0240331dddc7e1ae76e024,success,,512.0,512.0,512.0,False,,model_loaded,16.15675874997396,0.6323821310070343,1.4888161990093067,2.121198330016341,2.121198330016341,2298,30964,514982,939241242,248320,"{""allowed_count"": 248067, ""expected_count"": 248067, ""missing_expected"": [], ""ok"": true, ""stop_token_ids"": [248044, 248046], ""unexpected_allowed"": []}",2.052196400007233,xgrammar,0.8668618180090562,3.2487335819751024,397,65,64,"[10397, 628, 914, 11137, 660, 279, 1560, 685, 494, 1017, 11, 694, 567, 3172, 1380, 310, 1236, 424, 1142, 310, 18354, 9297, 13, 9358, 1292, 10426, 279, 3672, 1292, 579, 4840, 3055, 11, 6970, 567, 628, 12092, 279, 80021, 4964, 3432, 2702, 1149, 1292, 29636, 11, 3221, 33955, 13, 328, 3850, 488, 2224, 2166, 2944, 680, 314, 836, 5372, 1381, 310, 635, 321, 1236, 248046]","[10397, 628, 914, 11137, 660, 279, 1560, 685, 494, 1017, 11, 694, 567, 3172, 1380, 310, 1236, 424, 1142, 310, 18354, 9297, 13, 9358, 1292, 10426, 279, 3672, 1292, 579, 4840, 3055, 11, 6970, 567, 628, 12092, 279, 80021, 4964, 3432, 2702, 1149, 1292, 29636, 11, 3221, 33955, 13, 328, 3850, 488, 2224, 2166, 2944, 680, 314, 836, 5372, 1381, 310, 635, 321, 1236]",248046,"[248046, 248044]",248046,1,True,True,"[0, 0, 0, 0, 0, 0, 0, 0, 0, 2, 0, 0]","""We can't fly all the way up from there, but we'll try to make it back to Minnesota eventually. Once she tells the others she's coming along, maybe we can escape the cacophony total."" she replies, looking uncertain. ""But you're too far out of their reach now to do and make",True,3834776064,9.56728632299928
118_coauthor_both_sides_kna_t13,118,12,both_sides,,13,2,65,43,2590,1079804222,coauthor,118,0,coauthor:creative:50b12e356bc94c72bec03b35dea37fb2,0,5511bf616551cc56e48fd8cfcad6467c072e1cc3979b1cfe3e8f89ae1763a9b9,1cb3160668a628fbc7bde071ddccb51fed66ca17e86cdad7446e98172a42ce2a,success,,512.0,512.0,512.0,False,,model_loaded,16.57162345701363,0.6352351999958046,1.677182012994308,2.3124172129901126,2.3124172129901126,2484,35908,597914,1145759424,248320,"{""allowed_count"": 248067, ""expected_count"": 248067, ""missing_expected"": [], ""ok"": true, ""stop_token_ids"": [248044, 248046], ""unexpected_allowed"": []}",2.1515391700086184,xgrammar,0.8232150819967501,3.3906272139865905,427,65,64,"[760, 3516, 4042, 15959, 539, 26820, 264, 10922, 82510, 468, 314, 279, 3177, 506, 28113, 54515, 11, 13057, 8306, 279, 4307, 15979, 25852, 310, 2702, 2841, 88099, 321, 24123, 279, 21582, 6777, 310, 25878, 264, 6379, 2086, 2993, 314, 36942, 13, 271, 11862, 271, 332, 81639, 383, 34906, 64700, 5788, 279, 9640, 579, 18641, 17614, 264, 7840, 36093, 39811, 11, 279, 8240, 314, 10922, 248044]","[760, 3516, 4042, 15959, 539, 26820, 264, 10922, 82510, 468, 314, 279, 3177, 506, 28113, 54515, 11, 13057, 8306, 279, 4307, 15979, 25852, 310, 2702, 2841, 88099, 321, 24123, 279, 21582, 6777, 310, 25878, 264, 6379, 2086, 2993, 314, 36942, 13, 271, 11862, 271, 332, 81639, 383, 34906, 64700, 5788, 279, 9640, 579, 18641, 17614, 264, 7840, 36093, 39811, 11, 279, 8240, 314, 10922]",248046,"[248046, 248044]",248044,1,True,True,"[0, 0, 0, 0, 1, 0, 1, 0, 0, 0, 0, 0, 2]","The United States responded by launching a nuclear bombardment of the city at Nagasaki, effectively opening the entire Pacific theater to total annihilation and forcing the dying nation to embrace a completely different kind of warfare.

***

**Correction on Logic:** While the prompt's narrative demands a seven-word continuation, the sequence of nuclear",True,3836324352,9.984838614996988
119_coauthor_both_sides_kna_t14,119,13,both_sides,,14,2,65,46,2775,910980403,coauthor,119,0,coauthor:creative:d301787ad1c14454943032e70f5f46f0,0,8834c4a06e4bc223881e140268ff3c9e4b4b73af2d53de69b6acc5b789cf98d4,acef31ea969587cbe3c72aab838dd859c45a1b4245975ba691faa8e60f084dbb,success,,512.0,512.0,512.0,False,,model_loaded,16.330987319990527,0.5906339409993961,1.839941849000752,2.430575790000148,2.430575790000148,2670,41218,687020,1379596225,248320,"{""allowed_count"": 248067, ""expected_count"": 248067, ""missing_expected"": [], ""ok"": true, ""stop_token_ids"": [248044, 248046], ""unexpected_allowed"": []}",2.0155955100199208,xgrammar,0.8340111179859377,3.2348723369650543,223,65,64,"[2053, 488, 542, 54244, 440, 8384, 11, 279, 82378, 4950, 27545, 1083, 264, 45179, 5830, 74968, 421, 59939, 279, 4751, 23221, 488, 11, 21575, 488, 1142, 1083, 264, 83538, 314, 26052, 421, 687, 536, 660, 678, 27204, 13, 4558, 2053, 488, 2624, 364, 15485, 2785, 279, 8545, 39029, 314, 26576, 321, 8415, 11, 279, 855, 311, 32323, 1506, 15784, 488, 11, 30542, 855, 1142, 248046]","[2053, 488, 542, 54244, 440, 8384, 11, 279, 82378, 4950, 27545, 1083, 264, 45179, 5830, 74968, 421, 59939, 279, 4751, 23221, 488, 11, 21575, 488, 1142, 1083, 264, 83538, 314, 26052, 421, 687, 536, 660, 678, 27204, 13, 4558, 2053, 488, 2624, 364, 15485, 2785, 279, 8545, 39029, 314, 26576, 321, 8415, 11, 279, 855, 311, 32323, 1506, 15784, 488, 11, 30542, 855, 1142]",248046,"[248046, 248044]",248046,1,True,True,"[0, 0, 0, 0, 0, 0, 0, 0, 0, 0, 2, 0, 0, 0]","As you shudder with terror, the buzzing sound transforms into a deafening roar that shakes the ground beneath you, pulling you back into a vortex of chaos that defies all your calculations. 

As you search for relief within the heavy scent of sweat and fear, the man reappears alongside you, laughing man back",True,3813598208,9.744434262975119
120_coauthor_both_sides_kna_t15,120,14,both_sides,,15,2,65,49,2960,246964563,coauthor,120,0,coauthor:creative:d79796ab007244e8abb0ff2efda4a92a,0,bd37d391ed0f484447326c754fc335bf2130f92790d30845ed056f0791751a61,e904892551bbe4693d73706093b2e63e30f89d499a1ae0c32d42e1d5dc377ae7,success,,512.0,512.0,512.0,False,,model_loaded,16.74503760697553,0.6753158849896863,2.064251526957378,2.739567411947064,2.739567411947064,2856,46894,782300,1642376685,248320,"{""allowed_count"": 248067, ""expected_count"": 248067, ""missing_expected"": [], ""ok"": true, ""stop_token_ids"": [248044, 248046], ""unexpected_allowed"": []}",1.9078642299864441,xgrammar,0.8134214269812219,3.2864537319983356,215,65,64,"[4272, 2944, 430, 781, 998, 11322, 11, 781, 998, 15756, 3221, 506, 264, 4499, 491, 9281, 11, 3482, 781, 998, 3404, 22793, 303, 264, 10632, 24489, 310, 4300, 1441, 6312, 3746, 883, 310, 381, 21143, 539, 279, 15754, 314, 279, 3555, 11316, 0, 561, 2614, 11316, 3749, 310, 4252, 4924, 1118, 0, 8639, 264, 2002, 314, 20117, 31958, 11, 424, 668, 4970, 321, 668, 248046]","[4272, 2944, 430, 781, 998, 11322, 11, 781, 998, 15756, 3221, 506, 264, 4499, 491, 9281, 11, 3482, 781, 998, 3404, 22793, 303, 264, 10632, 24489, 310, 4300, 1441, 6312, 3746, 883, 310, 381, 21143, 539, 279, 15754, 314, 279, 3555, 11316, 0, 561, 2614, 11316, 3749, 310, 4252, 4924, 1118, 0, 8639, 264, 2002, 314, 20117, 31958, 11, 424, 668, 4970, 321, 668]",248046,"[248046, 248044]",248046,1,True,True,"[0, 0, 0, 0, 0, 0, 0, 0, 0, 0, 1, 0, 0, 2, 3]","So far as they were concerned, they were merely looking at a potential new neighbor, yet they were actually participating in a massive conspiracy to bring down Washington Post about to be confused by the tone of the previous sentence! The following sentence needs to correct itself first! Like a field of golden wheat, it will soon and will",True,3813284352,9.976125542016234
121_coauthor_even_count_kna_t1,121,0,even_count,,1,2,65,4,313,1867362957,coauthor,121,0,coauthor:creative:93a0f456389043b787013a489df403ad,0,f9b57c03e3feae24f5187d04b7f6059999bc76e4f09931bb482c425c7564774c,a6e7f332521ac5e93eb0454700c5de28608a816dbfdceb04700eff336de785dd,success,,512.0,512.0,512.0,False,,model_loaded,14.230472752999049,0.4739674080046825,0.07286827202187851,0.546835680026561,0.546835680026561,193,622,10386,3604372,248320,"{""allowed_count"": 248068, ""expected_count"": 248068, ""missing_expected"": [], ""ok"": true, ""stop_token_ids"": [248044, 248046], ""unexpected_allowed"": []}",2.029601440008264,xgrammar,0.800548221974168,3.329976004024502,194,65,64,"[19205, 279, 41680, 321, 14589, 394, 4519, 50020, 11, 279, 21245, 1902, 74000, 9837, 68, 310, 2534, 279, 7578, 4492, 888, 279, 55090, 314, 3521, 22328, 321, 279, 52920, 1248, 9375, 24115, 314, 411, 28991, 11057, 314, 29310, 13, 271, 760, 28765, 494, 279, 3980, 45232, 11, 15036, 7520, 321, 19712, 7520, 279, 6150, 65634, 4610, 17120, 488, 7276, 11, 57825, 279, 54498, 54498, 248046]","[19205, 279, 41680, 321, 14589, 394, 4519, 50020, 11, 279, 21245, 1902, 74000, 9837, 68, 310, 2534, 279, 7578, 4492, 888, 279, 55090, 314, 3521, 22328, 321, 279, 52920, 1248, 9375, 24115, 314, 411, 28991, 11057, 314, 29310, 13, 271, 760, 28765, 494, 279, 3980, 45232, 11, 15036, 7520, 321, 19712, 7520, 279, 6150, 65634, 4610, 17120, 488, 7276, 11, 57825, 279, 54498, 54498]",248046,"[248046, 248044]",248046,1,True,True,[2],"Despite the prosperity and unwavering neutrality, the cabinet must urgently convene to address the growing concern over the erosion of global cooperation and the ambiguous long-term impacts of this unprecedented era of isolation.

The withdrawal from the war pyramid, simplifying and codifying the complex multinational security architecture you describe, eliminates the phenomenal phenomenal",True,3812459520,7.9549816839862615
122_coauthor_even_count_kna_t2,122,1,even_count,,2,2,65,8,501,326444460,coauthor,122,0,coauthor:creative:ddb30c809dfe47f8b0d0c10147b240b4,0,ba9ffe0e7ea13c617f035c6e0ecb1579cf96b3f417a098148af72d2a6018b33b,611c6d7e48ffdd3648d72f9d3eb61d34eae546ec1c0f6ba89e882f2a0d212b05,success,,512.0,512.0,512.0,False,,model_loaded,14.535025768971536,0.4654833920067176,0.14696141699096188,0.6124448089976795,0.6124448089976795,382,1616,26235,15060663,248320,"{""allowed_count"": 248068, ""expected_count"": 248068, ""missing_expected"": [], ""ok"": true, ""stop_token_ids"": [248044, 248046], ""unexpected_allowed"": []}",2.037077668006532,xgrammar,0.8342462590080686,3.3378745390218683,200,65,64,"[7691, 20539, 264, 14457, 9559, 494, 42070, 421, 21605, 29015, 1396, 3074, 6365, 314, 1928, 1292, 682, 3397, 3125, 1384, 883, 1024, 2199, 11, 24123, 1024, 310, 3296, 3315, 411, 4307, 12460, 440, 264, 542, 75265, 36452, 557, 264, 21333, 28304, 466, 264, 34775, 384, 13, 271, 760, 1414, 10029, 57728, 1238, 279, 1534, 3542, 9400, 7359, 3294, 11, 1345, 279, 9640, 48396, 48396, 248046]","[7691, 20539, 264, 14457, 9559, 494, 42070, 421, 21605, 29015, 1396, 3074, 6365, 314, 1928, 1292, 682, 3397, 3125, 1384, 883, 1024, 2199, 11, 24123, 1024, 310, 3296, 3315, 411, 4307, 12460, 440, 264, 542, 75265, 36452, 557, 264, 21333, 28304, 466, 264, 34775, 384, 13, 271, 760, 1414, 10029, 57728, 1238, 279, 1534, 3542, 9400, 7359, 3294, 11, 1345, 279, 9640, 48396, 48396]",248046,"[248046, 248044]",248046,1,True,True,"[0, 2]","She receives a strange reply from Sebastian that contradicts every single piece of information she has ever told him about her life, forcing her to question whether this entire encounter with a shapeshifter was a genuine romance or a elaborate con.

The text ends abruptly after the final character creation instruction above, while the prompt succeeds succeeds",True,3812694016,8.08284856902901
123_coauthor_even_count_kna_t3,123,2,even_count,,3,2,65,11,689,239016924,coauthor,123,0,coauthor:creative:6fd6bb19857c4f5d9d615b349fe6087b,0,07ebcf1339ffdce16ff015b984d432c2d8b3654dce270a809de50e272b2b8665,eb145bf9131304b3bc5dc1e0e841b2a5b29bb64ce5a6928e958e858e63362511,success,,512.0,512.0,512.0,False,,model_loaded,14.692744315951131,0.5044975669588894,0.24564268201356754,0.7501402489724569,0.7501402489724569,571,2982,47990,36048539,248320,"{""allowed_count"": 248068, ""expected_count"": 248068, ""missing_expected"": [], ""ok"": true, ""stop_token_ids"": [248044, 248046], ""unexpected_allowed"": []}",2.0935840450110845,xgrammar,0.8474362380220555,3.3063827420119196,476,65,64,"[94474, 310, 279, 6529, 491, 8464, 1420, 8677, 539, 1024, 11, 9946, 6749, 506, 1384, 440, 264, 6311, 314, 70763, 321, 12395, 13, 328, 75790, 11, 488, 599, 874, 4374, 1204, 1691, 854, 353, 599, 978, 9799, 411, 1420, 1288, 1292, 55349, 11, 279, 10647, 4779, 314, 411, 2313, 321, 279, 4307, 3878, 5326, 31973, 780, 6326, 13, 328, 40, 3272, 353, 30623, 30623, 248046]","[94474, 310, 279, 6529, 491, 8464, 1420, 8677, 539, 1024, 11, 9946, 6749, 506, 1384, 440, 264, 6311, 314, 70763, 321, 12395, 13, 328, 75790, 11, 488, 599, 874, 4374, 1204, 1691, 854, 353, 599, 978, 9799, 411, 1420, 1288, 1292, 55349, 11, 279, 10647, 4779, 314, 411, 2313, 321, 279, 4307, 3878, 5326, 31973, 780, 6326, 13, 328, 40, 3272, 353, 30623, 30623]",248046,"[248046, 248044]",248046,1,True,True,"[0, 0, 2]","Turning to the brand new reality show produced by her, Carol looked at him with a mix of disbelief and surprise. ""Bruce, you have no idea how much time I have been watching this show,"" she whispered, the sudden memory of this project and the entire series finally catching his attention. ""I thought I incorporated incorporated",True,3843053056,8.228625247022137
124_coauthor_even_count_kna_t4,124,3,even_count,,4,2,65,14,877,702502129,coauthor,124,0,coauthor:creative:23b4bbf06990474a9607178c5e4c95a9,0,92826318d83f8728df67de74977084a65b9d7a0c09ca79bf5615a676651d612a,82e7834b968d58c91cc2156a81ad817f79fd375ea3725a95a2d3f4bd7c162b2c,success,,512.0,512.0,512.0,False,,model_loaded,14.781427707988769,0.497984429995995,0.32530625502113253,0.8232906850171275,0.8232906850171275,760,4720,76270,68246464,248320,"{""allowed_count"": 248068, ""expected_count"": 248068, ""missing_expected"": [], ""ok"": true, ""stop_token_ids"": [248044, 248046], ""unexpected_allowed"": []}",2.2199919060221873,xgrammar,0.8286168499616906,3.2653324670391157,276,65,64,"[760, 27187, 3568, 421, 1292, 36229, 1248, 9375, 3008, 6043, 321, 421, 279, 2724, 5820, 80097, 279, 1918, 2785, 2756, 314, 279, 14014, 13, 97714, 108594, 96567, 109118, 97018, 108765, 111464, 98641, 125732, 98026, 97884, 109785, 3709, 97994, 96382, 113053, 95772, 135462, 95988, 97709, 115946, 1710, 137689, 97714, 108927, 96051, 120300, 119964, 95772, 96089, 110831, 96790, 98282, 128935, 95759, 98446, 101867, 1710, 10918, 10918, 248046]","[760, 27187, 3568, 421, 1292, 36229, 1248, 9375, 3008, 6043, 321, 421, 279, 2724, 5820, 80097, 279, 1918, 2785, 2756, 314, 279, 14014, 13, 97714, 108594, 96567, 109118, 97018, 108765, 111464, 98641, 125732, 98026, 97884, 109785, 3709, 97994, 96382, 113053, 95772, 135462, 95988, 97709, 115946, 1710, 137689, 97714, 108927, 96051, 120300, 119964, 95772, 96089, 110831, 96790, 98282, 128935, 95759, 98446, 101867, 1710, 10918, 10918]",248046,"[248046, 248044]",248046,1,True,True,"[2, 0, 0, 0]",The nurse added that she feared long-term side effects and that the company began withdrawing the product within days of the approval.媒体随后称该公司为了消除舆论压力而没有公开这一警告，导致该并发症在数年内持续恶化。只是因为媒体曝光而撤回的药物在数年内已经严重透支了公众信任。 rat rat,True,3820129792,8.407561675994657
125_coauthor_even_count_kna_t5,125,4,even_count,,5,2,65,17,1065,1301129,coauthor,125,0,coauthor:creative:8ca7402df5f646c3adb963acabde457f,0,b8d03d07a8867b1bef89f399c2b9c27fa5301e3ac6461208f967f6500a846346,d1df43eb490c7c45ead08f868ebee7c95a8ab1fafab6e8d6e19912594dd5ee6f,success,,512.0,512.0,512.0,False,,model_loaded,14.832708125002682,0.5408004070050083,0.44422576599754393,0.9850261730025522,0.9850261730025522,949,6830,110454,113332902,248320,"{""allowed_count"": 248068, ""expected_count"": 248068, ""missing_expected"": [], ""ok"": true, ""stop_token_ids"": [248044, 248046], ""unexpected_allowed"": []}",2.0494883140199818,xgrammar,0.8652948499657214,3.36521521396935,173,65,64,"[1, 1311, 421, 854, 279, 35997, 557, 19710, 383, 678, 16388, 11, 488, 1362, 5326, 6266, 321, 3184, 424, 421, 488, 513, 3404, 54602, 310, 28754, 1149, 198, 2126, 11, 777, 17185, 25, 328, 760, 35997, 33351, 364, 264, 4299, 11, 21143, 539, 678, 680, 55803, 1518, 14413, 28378, 11, 359, 7525, 64008, 11, 353, 1902, 1830, 421, 264, 14120, 10929, 78, 6734, 6734, 248046]","[1, 1311, 421, 854, 279, 35997, 557, 19710, 383, 678, 16388, 11, 488, 1362, 5326, 6266, 321, 3184, 424, 421, 488, 513, 3404, 54602, 310, 28754, 1149, 198, 2126, 11, 777, 17185, 25, 328, 760, 35997, 33351, 364, 264, 4299, 11, 21143, 539, 678, 680, 55803, 1518, 14413, 28378, 11, 359, 7525, 64008, 11, 353, 1902, 1830, 421, 264, 14120, 10929, 78, 6734, 6734]",248046,"[248046, 248044]",248046,1,True,True,"[0, 0, 0, 0, 2]","""By that time the bee was landing on your shoulder, you could finally speak and tell it that you are actually allergic to bears.""
Or, more naturally: ""The bee paused for a moment, confused by your outburst before suddenly responding, 'Your Majesty, I must report that a giant sequo trust trust",True,3807432192,8.52854541700799
126_coauthor_even_count_kna_t6,126,5,even_count,,6,2,65,20,1253,579586806,coauthor,126,0,coauthor:creative:301899b1e6be4d77b5995d94546a55ed,0,884298ded06e256d223f72f244328d036f8ffe35edf5079f5fc1e0a1eedc8850,280646172417d8396887a796eb929200750ee92b04d25e514697842f72ef1fba,success,,512.0,512.0,512.0,False,,model_loaded,14.831822136009578,0.5439888969995081,0.5273769869818352,1.0713658839813434,1.0713658839813434,1138,9312,150542,172986317,248320,"{""allowed_count"": 248068, ""expected_count"": 248068, ""missing_expected"": [], ""ok"": true, ""stop_token_ids"": [248044, 248046], ""unexpected_allowed"": []}",2.0335315270349383,xgrammar,0.8410087900119834,3.247406554990448,392,65,64,"[88040, 5326, 61161, 310, 1380, 542, 75265, 17154, 1083, 52125, 4370, 11, 15193, 310, 5326, 1236, 1024, 4255, 303, 2854, 440, 279, 855, 5387, 1518, 551, 19417, 4184, 852, 15338, 1384, 13, 2838, 8213, 3023, 1495, 11, 411, 854, 62940, 290, 303, 279, 5392, 13, 1921, 279, 1546, 2099, 314, 1384, 321, 1024, 303, 1133, 8772, 279, 1118, 1500, 303, 780, 35935, 14351, 14351, 248046]","[88040, 5326, 61161, 310, 1380, 542, 75265, 17154, 1083, 52125, 4370, 11, 15193, 310, 5326, 1236, 1024, 4255, 303, 2854, 440, 279, 855, 5387, 1518, 551, 19417, 4184, 852, 15338, 1384, 13, 2838, 8213, 3023, 1495, 11, 411, 854, 62940, 290, 303, 279, 5392, 13, 1921, 279, 1546, 2099, 314, 1384, 321, 1024, 303, 1133, 8772, 279, 1118, 1500, 303, 780, 35935, 14351, 14351]",248046,"[248046, 248044]",248046,1,True,True,"[0, 0, 0, 0, 2, 0]","Kyle finally resolves to try shapeshifting into Patricia instead, hoping to finally make her fall in love with the man himself before he meets someone who loves him. She runs away again, this time Framed in the paper. But the very image of him and her in print becomes the first line in his notebook hell hell",True,3834517504,8.481624278996605
127_coauthor_even_count_kna_t7,127,6,even_count,,7,2,65,23,1441,363403152,coauthor,127,0,coauthor:creative:f71e0e018a534c7f821ba507de61fb7d,0,7ce8cd79ef4c6843c1cbf9ec2550fa318d210ac37e868a092a30c17a320fcc6b,a11462c6df79821c97547876982b13a3813facaa09d04b78f54bcd5fedd84769,success,,512.0,512.0,512.0,False,,model_loaded,14.79116843600059,0.48565107595641166,0.6569677379447967,1.1426188139012083,1.1426188139012083,1327,12166,196534,248885173,248320,"{""allowed_count"": 248068, ""expected_count"": 248068, ""missing_expected"": [], ""ok"": true, ""stop_token_ids"": [248044, 248046], ""unexpected_allowed"": []}",1.9718837849795818,xgrammar,0.8204462949652225,3.3046250290353782,274,65,64,"[1311, 27034, 1204, 1575, 14708, 71, 4005, 781, 998, 14801, 11, 279, 5701, 7233, 8280, 421, 279, 8193, 36877, 1809, 557, 1546, 12053, 314, 1092, 781, 995, 1669, 9061, 310, 836, 28991, 17020, 13, 1061, 5324, 4156, 15222, 321, 2047, 279, 1814, 63581, 430, 18022, 1362, 4267, 1092, 995, 978, 10782, 321, 836, 1727, 3019, 1000, 26582, 1245, 1518, 1070, 440, 4161, 12995, 12995, 248046]","[1311, 27034, 1204, 1575, 14708, 71, 4005, 781, 998, 14801, 11, 279, 5701, 7233, 8280, 421, 279, 8193, 36877, 1809, 557, 1546, 12053, 314, 1092, 781, 995, 1669, 9061, 310, 836, 28991, 17020, 13, 1061, 5324, 4156, 15222, 321, 2047, 279, 1814, 63581, 430, 18022, 1362, 4267, 1092, 995, 978, 10782, 321, 836, 1727, 3019, 1000, 26582, 1245, 1518, 1070, 440, 4161, 12995, 12995]",248046,"[248046, 248044]",248046,1,True,True,"[0, 0, 0, 0, 0, 2, 0]","By displaying how well-behaved they were worldwide, the TV programs showed that the Chinese hacking group was very proud of what they had found thanks to their unprecedented abilities. This changed everything forever and left the world shaken as nobody could believe what had been discovered and their next plan would unfold right before them with nothing accurate accurate",True,3820027392,8.479787333053537
128_coauthor_even_count_kna_t8,128,7,even_count,,8,2,65,26,1629,1103757434,coauthor,128,0,coauthor:creative:8f4fb63ec8e94e269f5a41f93e948bc5,0,f4e91f050c52ec0e8e1c7e7bf2d1f9c1cb9d2bf9112e1653125c5a898fe89dd7,51de64294761ff37087c5e7f1b53103f6358421cb30c68846d98edc4366053b8,success,,512.0,512.0,512.0,False,,model_loaded,18.700690302008297,0.5904061979963444,0.82127820601454,1.4116844040108845,1.4116844040108845,1516,15392,248430,342707934,248320,"{""allowed_count"": 248068, ""expected_count"": 248068, ""missing_expected"": [], ""ok"": true, ""stop_token_ids"": [248044, 248046], ""unexpected_allowed"": []}",2.0517089539789595,xgrammar,0.8349429219961166,3.272586034028791,305,65,64,"[7525, 36919, 1179, 21780, 888, 310, 3608, 488, 685, 11, 25464, 678, 20684, 321, 279, 2029, 421, 488, 1132, 1366, 264, 2342, 4105, 1518, 34869, 93040, 430, 1292, 4829, 678, 1375, 13, 2838, 40988, 421, 279, 10352, 3738, 488, 2046, 1066, 264, 2342, 2756, 1238, 678, 6968, 321, 40940, 488, 668, 381, 9038, 321, 6051, 13, 4465, 38896, 369, 12215, 539, 264, 17892, 17892, 248046]","[7525, 36919, 1179, 21780, 888, 310, 3608, 488, 685, 11, 25464, 678, 20684, 321, 279, 2029, 421, 488, 1132, 1366, 264, 2342, 4105, 1518, 34869, 93040, 430, 1292, 4829, 678, 1375, 13, 2838, 40988, 421, 279, 10352, 3738, 488, 2046, 1066, 264, 2342, 2756, 1238, 678, 6968, 321, 40940, 488, 668, 381, 9038, 321, 6051, 13, 4465, 38896, 369, 12215, 539, 264, 17892, 17892]",248046,"[248046, 248044]",248046,1,True,True,"[0, 0, 0, 0, 0, 0, 2, 0]","Your grandmother then walks over to pick you up, noting your confusion and the fact that you only know a few words before smiling warmly as she takes your hand. She confirms that the doctor took you home just a few days after your birth and insists you will be healthy and happy. Your curiosity is replaced by a pleased pleased",True,3821627904,8.934078464983031
129_coauthor_even_count_kna_t9,129,8,even_count,,9,2,65,29,1817,594885269,coauthor,129,0,coauthor:creative:409ea6cd2f8347dbb41344d1243c7e17,0,64d067193bd1b4f9709aadd193a214d0ad8f444d48f5d3971dfdbf5e23153c0f,370c2c126eb665a8d5b8ee084bd8bbd965ce19f5aed77b391a81e22f2aad3679,success,,512.0,512.0,512.0,False,,model_loaded,18.095242846990004,0.6031179450219497,0.9585245070047677,1.5616424520267174,1.5616424520267174,1705,18990,307905,456133064,248320,"{""allowed_count"": 248068, ""expected_count"": 248068, ""missing_expected"": [], ""ok"": true, ""stop_token_ids"": [248044, 248046], ""unexpected_allowed"": []}",2.1085350639768876,xgrammar,0.8420395779539831,3.2979868320398964,381,65,64,"[1, 49322, 383, 5392, 1288, 45714, 65, 6502, 67259, 806, 11, 430, 279, 855, 28314, 8826, 1024, 63201, 303, 279, 36076, 314, 1024, 1740, 13, 328, 6769, 488, 2873, 1024, 1740, 6679, 30, 4465, 1740, 579, 11538, 466, 2659, 1149, 328, 2665, 11, 353, 1366, 11, 1292, 2677, 914, 8577, 1288, 279, 855, 19386, 41625, 13, 328, 7691, 579, 13542, 6699, 440, 6681, 6681, 248046]","[1, 49322, 383, 5392, 1288, 45714, 65, 6502, 67259, 806, 11, 430, 279, 855, 28314, 8826, 1024, 63201, 303, 279, 36076, 314, 1024, 1740, 13, 328, 6769, 488, 2873, 1024, 1740, 6679, 30, 4465, 1740, 579, 11538, 466, 2659, 1149, 328, 2665, 11, 353, 1366, 11, 1292, 2677, 914, 8577, 1288, 279, 855, 19386, 41625, 13, 328, 7691, 579, 13542, 6699, 440, 6681, 6681]",248046,"[248046, 248044]",248046,1,True,True,"[0, 0, 0, 2, 0, 0, 0, 0, 0]","""Perfect on paper,"" Lilybelle giggled, as the man gently placed her groceries in the trunk of her car. ""Did you give her car keys? Your car's ride or die."" ""No, I know, she won't listen,"" the man replied sadly. ""She's perfectly fine with exactly exactly",True,3829749760,9.163085460022558
130_coauthor_even_count_kna_t10,130,9,even_count,,10,2,65,32,2005,2137307263,coauthor,130,0,coauthor:creative:5e72eec1e0f54fe5a74cf7e82ec67017,0,e9bffd1a50bcb649be96dc60e53e69de53221f6b82045ac41f34548ba4e34a30,9f3066d00ae848398c3dadcd1b1c6479a4aa4ce39a1440769aa3bcc39e6a71aa,success,,512.0,512.0,512.0,False,,model_loaded,17.652671738003846,0.6046780709875748,1.120462991995737,1.7251410629833117,1.7251410629833117,1894,22960,373656,590839027,248320,"{""allowed_count"": 248068, ""expected_count"": 248068, ""missing_expected"": [], ""ok"": true, ""stop_token_ids"": [248044, 248046], ""unexpected_allowed"": []}",2.046597118023783,xgrammar,0.8326058620004915,2.966961016994901,155,55,54,"[1919, 31465, 4528, 314, 21079, 90514, 5326, 9290, 728, 310, 6601, 279, 3579, 314, 821, 49755, 974, 421, 1546, 82974, 13, 33750, 290, 310, 55557, 821, 36579, 62611, 1680, 30538, 477, 11, 353, 5924, 21478, 421, 279, 1132, 1560, 310, 14519, 821, 5357, 314, 11992, 557, 310, 62431, 24387, 424, 303, 279, 22143, 13, 248046]","[1919, 31465, 4528, 314, 21079, 90514, 5326, 9290, 728, 310, 6601, 279, 3579, 314, 821, 49755, 974, 421, 1546, 82974, 13, 33750, 290, 310, 55557, 821, 36579, 62611, 1680, 30538, 477, 11, 353, 5924, 21478, 421, 279, 1132, 1560, 310, 14519, 821, 5357, 314, 11992, 557, 310, 62431, 24387, 424, 303, 279, 22143, 13]",248046,"[248046, 248044]",248046,1,True,False,"[0, 0, 0, 0, 0, 0, 0, 0, 0, 2]","This sheer weight of collective ridicule finally forced me to pull the handle of my mug off that very cupboard. Determined to reclaim my dignity amidst such absurdity, I became convinced that the only way to restore my sense of privacy was to casually toss it in the trash.",True,3806724096,8.937343506026082
131_coauthor_even_count_kna_t11,131,10,even_count,,11,2,65,35,2193,1593263615,coauthor,131,0,coauthor:creative:780dc8712eb44ac2a05c14452f14973d,0,2a964b8c4a7bfb4dbbe958e0946fb045435b2ad841ba854419adca6b50cfb9f6,5e12e3078d3ef3d4ec84469e3c925a47ec60a5bd650fa64086a6f241be858b4e,success,,512.0,512.0,512.0,False,,model_loaded,17.03867665596772,0.627387777029071,1.2909160510171205,1.9183038280461915,1.9183038280461915,2083,27302,445684,748504287,248320,"{""allowed_count"": 248068, ""expected_count"": 248068, ""missing_expected"": [], ""ok"": true, ""stop_token_ids"": [248044, 248046], ""unexpected_allowed"": []}",2.1176600150065497,xgrammar,0.8465810570050962,3.2884383480413817,255,65,64,"[40, 995, 310, 381, 1040, 1384, 11, 264, 4145, 2199, 440, 821, 2902, 303, 279, 22767, 314, 47322, 13, 4213, 11, 2414, 5324, 11, 321, 353, 5924, 449, 25400, 30067, 321, 3049, 852, 33060, 279, 1814, 11, 3384, 353, 1990, 869, 279, 854, 353, 2908, 7157, 40212, 491, 2433, 13, 2921, 2199, 682, 26990, 11, 321, 353, 1436, 6818, 430, 4184, 852, 9218, 9218, 248046]","[40, 995, 310, 381, 1040, 1384, 11, 264, 4145, 2199, 440, 821, 2902, 303, 279, 22767, 314, 47322, 13, 4213, 11, 2414, 5324, 11, 321, 353, 5924, 449, 25400, 30067, 321, 3049, 852, 33060, 279, 1814, 11, 3384, 353, 1990, 869, 279, 854, 353, 2908, 7157, 40212, 491, 2433, 13, 2921, 2199, 682, 26990, 11, 321, 353, 1436, 6818, 430, 4184, 852, 9218, 9218]",248046,"[248046, 248044]",248046,1,True,True,"[0, 0, 0, 2, 0, 0, 0, 0, 0, 0, 0]","I had to be like him, a simple life with my family in the mountains of Nepal. However, something changed, and I became an accomplished researcher and author who travels the world, though I still value the time I've spent discovering new things. My life has evolved, and I see myself as someone who learned learned",True,3814856704,9.489732887013815
132_coauthor_even_count_kna_t12,132,11,even_count,,12,2,65,38,2381,2057210865,coauthor,132,0,coauthor:creative:94517582b37d4ce6b9aeb4a0f9b7eed6,0,e6ffb7fd5d940e9d5f43ee25f9f3ba7f6a1e5798c123a5a5c2b3c17a94fe60a6,28104c01335f81350320341a165e60268ffd495528a09d39f1a718d4650e804f,success,,512.0,512.0,512.0,False,,model_loaded,16.218152020999696,0.6153547940193675,1.4452554499730468,2.0606102439924143,2.0606102439924143,2272,32016,523988,930807308,248320,"{""allowed_count"": 248068, ""expected_count"": 248068, ""missing_expected"": [], ""ok"": true, ""stop_token_ids"": [248044, 248046], ""unexpected_allowed"": []}",2.065022959955968,xgrammar,0.8180282899993472,3.323413434030954,382,65,64,"[6651, 42007, 310, 1754, 975, 52039, 2980, 279, 3626, 32466, 407, 2752, 1505, 24995, 494, 279, 31465, 7867, 314, 4950, 7249, 13, 10838, 238, 115, 9008, 248, 123, 9008, 98, 232, 9008, 237, 254, 9008, 243, 118, 9008, 98, 227, 9008, 228, 248, 9008, 239, 119, 9008, 99, 231, 9008, 237, 104, 9008, 97, 99, 9008, 248, 104, 9008, 234, 103, 29545, 17185, 17185, 248046]","[6651, 42007, 310, 1754, 975, 52039, 2980, 279, 3626, 32466, 407, 2752, 1505, 24995, 494, 279, 31465, 7867, 314, 4950, 7249, 13, 10838, 238, 115, 9008, 248, 123, 9008, 98, 232, 9008, 237, 254, 9008, 243, 118, 9008, 98, 227, 9008, 228, 248, 9008, 239, 119, 9008, 99, 231, 9008, 237, 104, 9008, 97, 99, 9008, 248, 104, 9008, 234, 103, 29545, 17185, 17185]",248046,"[248046, 248044]",248046,1,True,True,"[0, 0, 2, 0, 0, 0, 0, 0, 0, 0, 0, 0]",They shouted to each other loudly until the house inexplicably crumbled from the sheer volume of sound alone. 🐷🚿🥊🏠🕺🥅🆚👻🦉🏫🤦🚫🌪️ naturally naturally,True,3829800960,9.614130842965096
133_coauthor_even_count_kna_t13,133,12,even_count,,13,2,65,41,2569,156765421,coauthor,133,0,coauthor:creative:401511d48acd418f8e4d199782611ccc,0,c37b744839b4b1f13064b7eafa9e7a6f0b1a275db02a8cb88fc5c115c455278c,620ce148a71309de94f3161b706b9c557b2fdc11e3579091e34057f451b8d12d,success,,512.0,512.0,512.0,False,,model_loaded,16.201856473984662,0.6302846049657091,1.6281714809592813,2.2584560859249905,2.2584560859249905,2461,37102,608568,1139426554,248320,"{""allowed_count"": 248068, ""expected_count"": 248068, ""missing_expected"": [], ""ok"": true, ""stop_token_ids"": [248044, 248046], ""unexpected_allowed"": []}",2.058297562005464,xgrammar,0.8159569890121929,3.2605725810281,636,65,64,"[2278, 279, 2624, 364, 279, 81179, 5484, 74757, 2545, 2316, 11, 279, 10526, 4783, 581, 9297, 14180, 2789, 310, 279, 7099, 11, 1332, 781, 2843, 32504, 836, 5629, 10642, 310, 8972, 916, 74650, 87531, 321, 67080, 383, 264, 491, 11057, 314, 25559, 13, 318, 8839, 25, 561, 9640, 28151, 328, 75077, 1288, 694, 328, 44708, 4783, 581, 1, 303, 411, 2193, 23197, 6278, 6278, 248046]","[2278, 279, 2624, 364, 279, 81179, 5484, 74757, 2545, 2316, 11, 279, 10526, 4783, 581, 9297, 14180, 2789, 310, 279, 7099, 11, 1332, 781, 2843, 32504, 836, 5629, 10642, 310, 8972, 916, 74650, 87531, 321, 67080, 383, 264, 491, 11057, 314, 25559, 13, 318, 8839, 25, 561, 9640, 28151, 328, 75077, 1288, 694, 328, 44708, 4783, 581, 1, 303, 411, 2193, 23197, 6278, 6278]",248046,"[248046, 248044]",248046,1,True,True,"[0, 0, 0, 0, 0, 0, 0, 0, 0, 0, 0, 0, 2]","With the search for the submerged machine yielding little success, the Atlanteans eventually ascended to the surface, where they later utilized their natural magic to construct interstellar fleets and embark on a new era of exploration. (Note: The prompt specifies ""Mana,"" but ""Atlanteans"" in this context implies modern modern",True,3859713024,9.643385954026598
134_coauthor_even_count_kna_t14,134,13,even_count,,14,2,65,44,2757,1292118837,coauthor,134,0,coauthor:creative:fe7442150cf74ed99d61e116a8a5426b,0,815e14e89e409cf2e4134ecc8d55501d7c3738708b09c760fc40538441ed9986,f347790216512f4e8d634e4d00099b35ac8661d666ddaf234cbe63747806d33d,success,,512.0,512.0,512.0,False,,model_loaded,16.538669227971695,0.6435295830015093,1.8829737370251678,2.526503320026677,2.526503320026677,2650,42560,699424,1376040489,248320,"{""allowed_count"": 248068, ""expected_count"": 248068, ""missing_expected"": [], ""ok"": true, ""stop_token_ids"": [248044, 248046], ""unexpected_allowed"": []}",2.05278080602875,xgrammar,0.8228834519977681,3.271720682969317,149,65,64,"[5836, 22892, 314, 11012, 26965, 321, 39577, 8396, 11, 264, 2018, 21387, 10542, 279, 2526, 1809, 321, 1669, 524, 1066, 264, 14744, 11, 694, 264, 7578, 6561, 314, 2279, 2785, 1070, 13, 2985, 1754, 491, 2796, 3869, 7594, 2361, 28056, 308, 310, 836, 4281, 11, 279, 2957, 1676, 316, 5176, 5820, 310, 311, 23357, 4924, 11, 13569, 321, 40584, 88429, 279, 6891, 5621, 5621, 248046]","[5836, 22892, 314, 11012, 26965, 321, 39577, 8396, 11, 264, 2018, 21387, 10542, 279, 2526, 1809, 321, 1669, 524, 1066, 264, 14744, 11, 694, 264, 7578, 6561, 314, 2279, 2785, 1070, 13, 2985, 1754, 491, 2796, 3869, 7594, 2361, 28056, 308, 310, 836, 4281, 11, 279, 2957, 1676, 316, 5176, 5820, 310, 311, 23357, 4924, 11, 13569, 321, 40584, 88429, 279, 6891, 5621, 5621]",248046,"[248046, 248044]",248046,1,True,True,"[0, 0, 0, 0, 0, 0, 2, 0, 0, 0, 0, 0, 0, 0]","After centuries of quiet struggles and evolving understanding, a second observer joined the small group and found not just a spark, but a growing star of power within them. With each new arranger adding another gleam to their collection, the once-dim force began to reforge itself, slowly and steadily accumulating the raw worth worth",True,3806489088,9.93306908098748
135_coauthor_even_count_kna_t15,135,14,even_count,,15,2,65,47,2945,1546368903,coauthor,135,0,coauthor:creative:3d7f50f368ad4acdb051a9a31c886c9e,0,c3a3dee21b5bad7a9b5a4994dae273ce9b0e541c2d529b91e8b249d174872d1a,bce156ece1d54a65a6da97cca2bee0cdf707b497783f597acee58069645667d5,success,,512.0,512.0,512.0,False,,model_loaded,16.934303130954504,0.6280866640154272,2.1071493789786473,2.7352360429940745,2.7352360429940745,2839,48390,796556,1642327577,248320,"{""allowed_count"": 248068, ""expected_count"": 248068, ""missing_expected"": [], ""ok"": true, ""stop_token_ids"": [248044, 248046], ""unexpected_allowed"": []}",2.0997593360370956,xgrammar,0.8500041969818994,3.320385097002145,272,65,64,"[5836, 13879, 310, 4156, 279, 35997, 1018, 11, 488, 5326, 15513, 421, 488, 513, 874, 4860, 16087, 314, 1070, 11, 1521, 678, 803, 682, 5324, 15222, 321, 488, 513, 1381, 279, 27000, 314, 279, 63298, 13, 2838, 10426, 488, 678, 803, 369, 67196, 563, 11, 524, 449, 23839, 1324, 13, 1394, 1366, 852, 488, 513, 1381, 13, 1394, 1562, 678, 6351, 21492, 2329, 35997, 248046]","[5836, 13879, 310, 4156, 279, 35997, 1018, 11, 488, 5326, 15513, 421, 488, 513, 874, 4860, 16087, 314, 1070, 11, 1521, 678, 803, 682, 5324, 15222, 321, 488, 513, 1381, 279, 27000, 314, 279, 63298, 13, 2838, 10426, 488, 678, 803, 369, 67196, 563, 11, 524, 449, 23839, 1324, 13, 1394, 1366, 852, 488, 513, 1381, 13, 1394, 1562, 678, 6351, 21492, 2329, 35997]",248046,"[248046, 248044]",248046,1,True,True,"[0, 0, 1, 0, 0, 0, 0, 0, 0, 0, 1, 0, 0, 0, 2]","After listening to everything the bee said, you finally understood that you are no longer afraid of them, because your name has changed forever and you are now the queen of the hive. She tells you your name is Candace, not an invoice number. You know who you are now. You call your mother Mommy bee",True,3819921920,10.252110650995746
136_coauthor_even_count_kna_t16,136,15,even_count,,16,2,65,50,3133,435582132,coauthor,136,0,coauthor:creative:4fc8392481a44f3aa59da642529b0a07,0,21a2ff74c795f8097255a48b05fa28b40029ca93e21985388d2f4d0cc23a18ee,9c8ff971e268298c577774cec944d342801dfd8cb4c32c4ba7428feeacd89122,success,,512.0,512.0,512.0,False,,model_loaded,17.60923730500508,0.6628944469848648,2.317259831004776,2.980154277989641,2.980154277989641,3028,54592,899964,1939966282,248320,"{""allowed_count"": 248068, ""expected_count"": 248068, ""missing_expected"": [], ""ok"": true, ""stop_token_ids"": [248044, 248046], ""unexpected_allowed"": []}",2.4196422829991207,xgrammar,0.8234299389878288,3.2772065669996664,354,65,64,"[27174, 15515, 417, 7004, 421, 836, 25896, 4099, 1000, 381, 1017, 310, 1236, 2617, 279, 3603, 9202, 383, 264, 1496, 5020, 13, 4486, 279, 5522, 11, 781, 7338, 383, 279, 39733, 5267, 11045, 279, 82378, 39465, 430, 781, 14466, 1083, 279, 17094, 13, 1946, 2426, 279, 10896, 1801, 310, 836, 1786, 4099, 11, 1292, 7003, 310, 708, 383, 264, 6990, 440, 780, 7177, 7177, 248046]","[27174, 15515, 417, 7004, 421, 836, 25896, 4099, 1000, 381, 1017, 310, 1236, 2617, 279, 3603, 9202, 383, 264, 1496, 5020, 13, 4486, 279, 5522, 11, 781, 7338, 383, 279, 39733, 5267, 11045, 279, 82378, 39465, 430, 781, 14466, 1083, 279, 17094, 13, 1946, 2426, 279, 10896, 1801, 310, 836, 1786, 4099, 11, 1292, 7003, 310, 708, 383, 264, 6990, 440, 780, 7177, 7177]",248046,"[248046, 248044]",248046,1,True,True,"[0, 0, 0, 0, 0, 0, 0, 0, 2, 0, 0, 0, 0, 0, 0, 0]","James informed Brie that their mutual friend would be there to make sure the night ended on a high note. After the movie, they sat on the sidewalk silencing the buzzing insects as they talked into the phones. To keep the promise made to their best friend, she agreed to go on a tour with his guy guy",True,3828357120,10.770682635018602
137_coauthor_odd_count_kna_t1,137,0,odd_count,,1,2,65,3,254,388200673,coauthor,137,0,coauthor:creative:ec682476ef21423390873e912f6006ae,0,65f038e6f0077cc208c88920dc70a8fc1a8980fab51f5e18a8360c44ef1824f2,bda8ec72e7a53f4b8e0816e14bdaea11bee30a2331bd07f5f5e4bf246f3ded9e,success,,512.0,512.0,512.0,False,,model_loaded,14.024607825966086,0.4717503809952177,0.04998803301714361,0.5217384140123613,0.5217384140123613,132,442,7156,1699175,248320,"{""allowed_count"": 248068, ""expected_count"": 248068, ""missing_expected"": [], ""ok"": true, ""stop_token_ids"": [248044, 248046], ""unexpected_allowed"": []}",2.0028246600413695,xgrammar,0.8047613879898563,3.2975717299850658,217,65,64,"[6820, 421, 279, 30557, 599, 67847, 279, 2279, 314, 47678, 11, 781, 1902, 4992, 310, 2892, 5517, 264, 3349, 11, 18966, 7975, 466, 10000, 264, 2526, 11, 10727, 799, 13, 271, 760, 30557, 599, 9218, 421, 29147, 369, 1381, 279, 1132, 10106, 310, 2426, 21265, 33295, 26, 4611, 11, 781, 6922, 29592, 383, 264, 1814, 421, 2957, 5467, 1132, 264, 22241, 314, 5214, 18309, 248046]","[6820, 421, 279, 30557, 599, 67847, 279, 2279, 314, 47678, 11, 781, 1902, 4992, 310, 2892, 5517, 264, 3349, 11, 18966, 7975, 466, 10000, 264, 2526, 11, 10727, 799, 13, 271, 760, 30557, 599, 9218, 421, 29147, 369, 1381, 279, 1132, 10106, 310, 2426, 21265, 33295, 26, 4611, 11, 781, 6922, 29592, 383, 264, 1814, 421, 2957, 5467, 1132, 264, 22241, 314, 5214, 18309]",248046,"[248046, 248044]",248046,1,True,True,[1],"Now that the survivors have mastered the power of Mana, they must choose to either establish a large, vulnerable society or maintain a small, efficient one.

The survivors have learned that mana is now the only fuel to keep humanity intact; however, they remain trapped on a world that once held only a handful of living attractive",True,3813363712,7.860885336995125
138_coauthor_odd_count_kna_t2,138,1,odd_count,,2,2,65,6,381,1306585941,coauthor,138,0,coauthor:creative:0554d7947d9444bc96f9a9512f4ae989,0,18f8e53892bd571cab047bf2af63d4d5c8db89744343e31e4d9217cedfd70be2,d9b16dbbbfcd0c4d9e8aba1e083d9ce0bbfef00d873d06831e86a294b2a8ae91,success,,512.0,512.0,512.0,False,,model_loaded,14.22347384801833,0.49301168200327083,0.10012031602673233,0.5931319980300032,0.5931319980300032,260,1136,17989,6985843,248320,"{""allowed_count"": 248068, ""expected_count"": 248068, ""missing_expected"": [], ""ok"": true, ""stop_token_ids"": [248044, 248046], ""unexpected_allowed"": []}",1.996895221003797,xgrammar,0.8462556980084628,3.3254123069928028,260,61,60,"[40, 14607, 440, 264, 19899, 314, 30246, 421, 353, 5909, 1396, 3074, 7472, 314, 1204, 1292, 8209, 13, 2838, 3125, 728, 1204, 279, 3616, 353, 61498, 303, 7524, 995, 1048, 19428, 95191, 310, 449, 57447, 6791, 4590, 1578, 6575, 11, 264, 2029, 421, 53507, 1024, 4432, 39284, 321, 1801, 728, 2579, 264, 10647, 11, 65451, 3511, 310, 1024, 8464, 13, 248046]","[40, 14607, 440, 264, 19899, 314, 30246, 421, 353, 5909, 1396, 3074, 7472, 314, 1204, 1292, 8209, 13, 2838, 3125, 728, 1204, 279, 3616, 353, 61498, 303, 7524, 995, 1048, 19428, 95191, 310, 449, 57447, 6791, 4590, 1578, 6575, 11, 264, 2029, 421, 53507, 1024, 4432, 39284, 321, 1801, 728, 2579, 264, 10647, 11, 65451, 3511, 310, 1024, 8464, 13]",248046,"[248046, 248044]",248046,1,True,False,"[1, 0]","I realized with a burst of clarity that I remember every single detail of how she died. She told me how the girl I admired in college had also succumbed to an overdose nearly six years earlier, a fact that shattered her complacency and made me feel a sudden, startling connection to her reality.",True,3819303936,7.995417421974707
139_coauthor_odd_count_kna_t3,139,2,odd_count,,3,2,65,8,508,575112232,coauthor,139,0,coauthor:creative:1a05d6f6ae524b638b5e3ea491d3fc4d,0,f0aa322bb200154a4972a76ff8b54079aadcb493d6a23a2b6f5873f8408533f4,f72356f00301d24de8c1107ead18f30e264658fe4f1f3c22d6a7b28a44bb5b2a,success,,512.0,512.0,512.0,False,,model_loaded,14.755058667971753,0.45388717303285375,0.15501890901941806,0.6089060820522718,0.6089060820522718,388,2082,32568,16629302,248320,"{""allowed_count"": 248068, ""expected_count"": 248068, ""missing_expected"": [], ""ok"": true, ""stop_token_ids"": [248044, 248046], ""unexpected_allowed"": []}",2.1773070610361174,xgrammar,0.8317410459858365,3.4416041480144486,235,65,64,"[760, 3516, 4042, 682, 5326, 41090, 1141, 33576, 1925, 430, 279, 4593, 314, 279, 6278, 1814, 4598, 1056, 264, 52085, 1528, 11, 33767, 264, 88641, 26061, 311, 43694, 421, 682, 61544, 9882, 3712, 494, 279, 63774, 314, 279, 3162, 13, 271, 86313, 25, 561, 3889, 1414, 20335, 5134, 421, 279, 1814, 369, 1381, 264, 533, 3369, 667, 466, 430, 3160, 430, 424, 682, 23113, 248046]","[760, 3516, 4042, 682, 5326, 41090, 1141, 33576, 1925, 430, 279, 4593, 314, 279, 6278, 1814, 4598, 1056, 264, 52085, 1528, 11, 33767, 264, 88641, 26061, 311, 43694, 421, 682, 61544, 9882, 3712, 494, 279, 63774, 314, 279, 3162, 13, 271, 86313, 25, 561, 3889, 1414, 20335, 5134, 421, 279, 1814, 369, 1381, 264, 533, 3369, 667, 466, 430, 3160, 430, 424, 682, 23113]",248046,"[248046, 248044]",248046,1,True,True,"[0, 0, 1]","The United States has finally embraced its eternal place as the heart of the modern world rather than a rogue state, marking a triumphant renaissance that has reshaped history from the ashes of the past.

(Note: The original text explicitly states that the world is now a Utopia or as close as it has worlds",True,3814070784,8.315845041011926
140_coauthor_odd_count_kna_t4,140,3,odd_count,,4,2,65,10,635,796825730,coauthor,140,0,coauthor:creative:4bdb5a30d17d40d7b160d942552c190b,0,26306fa383e41f70896eb68a0e4c608d758c038c4f3417e48d464684d43d1b7d,be362a3b14f2b8408a83a5b7227734bc88bd47659bb73106c517c40761d27b86,success,,512.0,512.0,512.0,False,,model_loaded,14.794234418019187,0.49026127497199923,0.2121898620389402,0.7024511370109394,0.7024511370109394,516,3280,50893,31397648,248320,"{""allowed_count"": 248068, ""expected_count"": 248068, ""missing_expected"": [], ""ok"": true, ""stop_token_ids"": [248044, 248046], ""unexpected_allowed"": []}",2.0112158359843306,xgrammar,0.8325836849980988,3.344628749997355,244,65,64,"[1237, 19943, 34813, 310, 19692, 11168, 314, 68833, 310, 4390, 279, 27968, 70, 407, 22194, 1204, 310, 14795, 1083, 411, 34590, 4649, 11, 3482, 279, 31465, 24806, 314, 279, 5716, 17614, 421, 1396, 3074, 59209, 19264, 279, 11848, 23963, 321, 8563, 781, 14775, 13, 271, 248068, 271, 248069, 271, 1237, 19943, 34813, 310, 19692, 11168, 314, 68833, 310, 4390, 279, 27968, 70, 407, 8381, 248046]","[1237, 19943, 34813, 310, 19692, 11168, 314, 68833, 310, 4390, 279, 27968, 70, 407, 22194, 1204, 310, 14795, 1083, 411, 34590, 4649, 11, 3482, 279, 31465, 24806, 314, 279, 5716, 17614, 421, 1396, 3074, 59209, 19264, 279, 11848, 23963, 321, 8563, 781, 14775, 13, 271, 248068, 271, 248069, 271, 1237, 19943, 34813, 310, 19692, 11168, 314, 68833, 310, 4390, 279, 27968, 70, 407, 8381]",248046,"[248046, 248044]",248046,1,True,True,"[0, 0, 0, 1]","Trainers strive to recruit hundreds of apprentices to teach the fledglic heroes how to tap into this potent energy, yet the sheer magnitude of the threat demands that every single believer demonstrate the greatest courage and resolve they possess.

<think>

</think>

Trainers strive to recruit hundreds of apprentices to teach the fledglic challenge",True,3814425088,8.138684066012502
141_coauthor_odd_count_kna_t5,141,4,odd_count,,5,2,65,12,762,147041094,coauthor,141,0,coauthor:creative:93cd61b41e0f46dd8af1468977c91ef7,0,bb982c70e90f5d8215a8576130aa8c1904dd0be5edffd686fe9fef93a34e6807,52503b00e8422e1d87a9ee7ca192318b27a9cdc3f769c04e1b65d0bc9a7a0286,success,,512.0,512.0,512.0,False,,model_loaded,13.705586416996084,0.4870937889791094,0.2763509580399841,0.7634447470190935,0.7634447470190935,644,4730,73973,52058977,248320,"{""allowed_count"": 248068, ""expected_count"": 248068, ""missing_expected"": [], ""ok"": true, ""stop_token_ids"": [248044, 248046], ""unexpected_allowed"": []}",2.0237711570225656,xgrammar,0.8124501419952139,2.2863033559988253,1168,32,31,"[1465, 1179, 4439, 728, 310, 2418, 1518, 279, 16710, 11, 28359, 279, 5484, 440, 21030, 5888, 11, 321, 55349, 11, 328, 6820, 424, 369, 854, 310, 1236, 279, 11656, 3102, 1149, 248046]","[1465, 1179, 4439, 728, 310, 2418, 1518, 279, 16710, 11, 28359, 279, 5484, 440, 21030, 5888, 11, 321, 55349, 11, 328, 6820, 424, 369, 854, 310, 1236, 279, 11656, 3102, 1149]",248046,"[248046, 248044]",248046,1,True,False,"[0, 0, 0, 0, 1]","He then asked me to stand before the creature, grabbed the machine with gentle hands, and whispered, ""Now it is time to make the impossible possible.""",True,3924976128,7.145256080955733
142_coauthor_odd_count_kna_t6,142,5,odd_count,,6,2,65,14,889,1773433094,coauthor,142,0,coauthor:creative:6cd01768d763429a9c65131ad293b2fe,0,556ca5b1005a307d188d4d4dc60a539d481a89f6ba0450aaa28608c060a0b588,8aa77f9a515562e9914e76cd463dc3bb2e0da03c0ff35553593a209c2bd574d7,success,,512.0,512.0,512.0,False,,model_loaded,14.576909412979148,0.4616435439675115,0.3448560749529861,0.8064996189204976,0.8064996189204976,772,6432,101051,79381385,248320,"{""allowed_count"": 248068, ""expected_count"": 248068, ""missing_expected"": [], ""ok"": true, ""stop_token_ids"": [248044, 248046], ""unexpected_allowed"": []}",2.1015271540381946,xgrammar,0.8073277170187794,3.3118892770144157,165,65,64,"[760, 24890, 369, 874, 4860, 6999, 33206, 310, 8464, 430, 551, 30718, 780, 3725, 638, 579, 50240, 1865, 12039, 54302, 30315, 17638, 1345, 551, 68967, 13, 318, 8839, 25, 10235, 310, 10597, 27764, 11, 279, 3889, 9933, 7246, 279, 5918, 2614, 279, 16308, 314, 264, 328, 29934, 44736, 4961, 411, 5089, 37683, 279, 18641, 440, 279, 3050, 3447, 314, 264, 8094, 466, 42140, 14967, 248046]","[760, 24890, 369, 874, 4860, 6999, 33206, 310, 8464, 430, 551, 30718, 780, 3725, 638, 579, 50240, 1865, 12039, 54302, 30315, 17638, 1345, 551, 68967, 13, 318, 8839, 25, 10235, 310, 10597, 27764, 11, 279, 3889, 9933, 7246, 279, 5918, 2614, 279, 16308, 314, 264, 328, 29934, 44736, 4961, 411, 5089, 37683, 279, 18641, 440, 279, 3050, 3447, 314, 264, 8094, 466, 42140, 14967]",248046,"[248046, 248044]",248046,1,True,True,"[0, 0, 1, 0, 0, 0]","The viewer is no longer fully awake to reality as he watches his future self's chaotic real estatedream empire collapse while he sleeps. (Note: According to technical specifications, the original segment described the scene following the introduction of a ""successful businessman""; this addition bridges the narrative with the specific details of a commercial or fictional lawyer",True,3807118336,8.2754088229849
143_coauthor_odd_count_kna_t7,143,6,odd_count,,7,2,65,16,1016,320437781,coauthor,143,0,coauthor:creative:ead266bd00fd4423be98ad8176af3a17,0,984cb331df7b483ecd3d93f40c63b3da852f440e405def140eaea4ee8b515105,eec0a702d650daaa9d06ab3191b94d2d16cb2354e322dad97545611810002987,success,,512.0,512.0,512.0,False,,model_loaded,14.839248707983643,0.5229088210035115,0.42206767096649855,0.9449764919700101,0.9449764919700101,900,8386,132127,114132968,248320,"{""allowed_count"": 248068, ""expected_count"": 248068, ""missing_expected"": [], ""ok"": true, ""stop_token_ids"": [248044, 248046], ""unexpected_allowed"": []}",2.1732019089977257,xgrammar,0.8421571510261856,3.3254828809876926,580,65,64,"[760, 1876, 8308, 310, 1432, 383, 1396, 4034, 2980, 279, 1483, 17230, 303, 1396, 5214, 2956, 557, 1254, 93145, 1083, 264, 1691, 8882, 11, 7309, 31581, 520, 11, 321, 20444, 3074, 46730, 24460, 23011, 2512, 279, 57448, 414, 448, 15427, 13, 12851, 821, 1118, 49755, 3804, 494, 653, 16, 310, 653, 16, 11, 353, 5924, 264, 46481, 3295, 303, 821, 1765, 12174, 314, 11391, 248044]","[760, 1876, 8308, 310, 1432, 383, 1396, 4034, 2980, 279, 1483, 17230, 303, 1396, 5214, 2956, 557, 1254, 93145, 1083, 264, 1691, 8882, 11, 7309, 31581, 520, 11, 321, 20444, 3074, 46730, 24460, 23011, 2512, 279, 57448, 414, 448, 15427, 13, 12851, 821, 1118, 49755, 3804, 494, 653, 16, 310, 653, 16, 11, 353, 5924, 264, 46481, 3295, 303, 821, 1765, 12174, 314, 11391]",248046,"[248046, 248044]",248044,1,True,True,"[0, 0, 0, 0, 0, 0, 1]","The message continued to play on every screen until the last dad in every living room was remodeled into a much smaller, highly reflexive, and classified single-digit optimization specialist called the Silent Dilemma. Before my first mug went from #1 to #1, I became a fugitive in my own neighborhood of millions",True,3856823296,8.558021081029437
144_coauthor_odd_count_kna_t8,144,7,odd_count,,8,2,65,18,1143,88263007,coauthor,144,0,coauthor:creative:3b6e7a4c9d65411f9342254120abcde7,0,95a17c85c04b43629daa4fb6f655bd5bd5a28a6a2b0c2a7e637c15b091a9096b,4d631bbeb3bf2c326873583dea9e219ec19a80468646ed4e623c1677b37903e8,success,,512.0,512.0,512.0,False,,model_loaded,18.950775846024044,0.5652447629836388,0.5559159269905649,1.1211606899742037,1.1211606899742037,1028,10592,167201,157081822,248320,"{""allowed_count"": 248068, ""expected_count"": 248068, ""missing_expected"": [], ""ok"": true, ""stop_token_ids"": [248044, 248046], ""unexpected_allowed"": []}",2.5092050300445408,xgrammar,0.8610275309765711,3.298891154990997,289,65,64,"[760, 35336, 5820, 310, 1303, 520, 264, 18458, 314, 1566, 16760, 52038, 78419, 303, 264, 9285, 36318, 61240, 10922, 2279, 5819, 421, 557, 14870, 1141, 13635, 13, 1216, 1442, 2597, 310, 19264, 1204, 264, 2342, 4145, 59344, 1362, 16966, 279, 36383, 579, 43703, 11, 37476, 421, 279, 2235, 5337, 314, 4936, 14290, 914, 5384, 15222, 13, 1921, 2980, 424, 6316, 680, 1439, 59344, 26055, 248046]","[760, 35336, 5820, 310, 1303, 520, 264, 18458, 314, 1566, 16760, 52038, 78419, 303, 264, 9285, 36318, 61240, 10922, 2279, 5819, 421, 557, 14870, 1141, 13635, 13, 1216, 1442, 2597, 310, 19264, 1204, 264, 2342, 4145, 59344, 1362, 16966, 279, 36383, 579, 43703, 11, 37476, 421, 279, 2235, 5337, 314, 4936, 14290, 914, 5384, 15222, 13, 1921, 2980, 424, 6316, 680, 1439, 59344, 26055]",248046,"[248046, 248044]",248046,1,True,True,"[0, 0, 0, 1, 0, 0, 0, 0]","The wolf began to relive a lifetime of decaying uranium wastes in a fabulously inefficient nuclear power plant that was closing its doors. He even got to demonstrate how a few simple carrots could crack the reactor's containment, proving that the old ways of progress weren't lost forever. But until it turned out these carrots buried",True,3820802048,9.10004766297061
145_coauthor_odd_count_kna_t9,145,8,odd_count,,9,2,65,20,1270,1632800241,coauthor,145,0,coauthor:creative:fc1a28ed73b6450c8a4b9fe3b6349257,0,06e6b8136cdef9807e2da95a000eea650c2857343838cfbe63469ee1106a44c7,8cb4049a6acc22270ab3eb1bb29330bb886080ce17371e8e59023f09f1ffa3bd,success,,512.0,512.0,512.0,False,,model_loaded,18.939040250028484,0.5516215660027228,0.6253419519634917,1.1769635179662146,1.1769635179662146,1156,13050,207408,208996043,248320,"{""allowed_count"": 248068, ""expected_count"": 248068, ""missing_expected"": [], ""ok"": true, ""stop_token_ids"": [248044, 248046], ""unexpected_allowed"": []}",2.7586707760347053,xgrammar,0.8464471640181728,3.2679678210406564,474,65,64,"[40, 615, 449, 14457, 11, 21346, 5357, 314, 15420, 321, 39026, 11, 41594, 421, 279, 1100, 2692, 467, 19361, 303, 821, 2199, 513, 3404, 279, 5981, 72879, 314, 279, 8166, 46878, 13, 353, 12706, 353, 599, 978, 70382, 660, 3055, 11, 694, 1381, 353, 1366, 421, 279, 13437, 37771, 314, 6775, 599, 2590, 978, 506, 279, 4593, 314, 279, 1814, 11, 1066, 8318, 1724, 248046]","[40, 615, 449, 14457, 11, 21346, 5357, 314, 15420, 321, 39026, 11, 41594, 421, 279, 1100, 2692, 467, 19361, 303, 821, 2199, 513, 3404, 279, 5981, 72879, 314, 279, 8166, 46878, 13, 353, 12706, 353, 599, 978, 70382, 660, 3055, 11, 694, 1381, 353, 1366, 421, 279, 13437, 37771, 314, 6775, 599, 2590, 978, 506, 279, 4593, 314, 279, 1814, 11, 1066, 8318, 1724]",248046,"[248046, 248044]",248046,1,True,True,"[0, 0, 0, 0, 0, 1, 0, 0, 0]","I get an strange, overwhelming sense of joy and warmth, realizing that the scariest creatures in my life are actually the ones deserving of the highest honors. I realize I have been misunderstood all along, but now I know that the ancient wonders of nature have always been at the heart of the world, just waiting open",True,3842950656,9.36528847500449
146_coauthor_odd_count_kna_t10,146,9,odd_count,,10,2,65,22,1397,540577242,coauthor,146,0,coauthor:creative:9ed6505663e3421ea07365fe634cbe82,0,453feb6a7400a3ff39fb4b2265575b41bc512040ac9055b91fe8f1be49ee7fd5,45b5ac04f16b024baf14a8bec531b5c98174c63096db10c802b5c829cb8709c1,success,,512.0,512.0,512.0,False,,model_loaded,16.293376183020882,0.5720253820181824,0.7096317269606516,1.281657108978834,1.281657108978834,1284,15760,251865,270643727,248320,"{""allowed_count"": 248068, ""expected_count"": 248068, ""missing_expected"": [], ""ok"": true, ""stop_token_ids"": [248044, 248046], ""unexpected_allowed"": []}",2.643036850960925,xgrammar,0.8429676620289683,2.3875872520147823,193,35,34,"[760, 48478, 2015, 1363, 4289, 364, 4226, 466, 10650, 430, 781, 11291, 836, 8545, 2759, 2017, 7318, 8026, 8574, 279, 18995, 52555, 18547, 11, 81428, 310, 4331, 279, 25347, 321, 9475, 279, 56403, 13, 248046]","[760, 48478, 2015, 1363, 4289, 364, 4226, 466, 10650, 430, 781, 11291, 836, 8545, 2759, 2017, 7318, 8026, 8574, 279, 18995, 52555, 18547, 11, 81428, 310, 4331, 279, 25347, 321, 9475, 279, 56403, 13]",248046,"[248046, 248044]",248046,1,True,False,"[0, 0, 0, 0, 0, 0, 0, 1, 0, 0]","The expedition team braced for fight or flight as they launched their heavy-lift transport ship toward the alien asteroid belt, intending to board the vessel and secure the hostage.",True,3812420608,8.487578422005754
147_coauthor_odd_count_kna_t11,147,10,odd_count,,11,2,65,24,1524,989827863,coauthor,147,0,coauthor:creative:02ef07c642254b088b72486ce41e010c,0,ec1ac44ef58f925127cb815d97cb7657c0de4c21943a3d169235800d702e4623,853f8a05c23f83a3bbcc50a2502650580b7c90718f445c3dc3fe6a4dc37b6085,success,,512.0,512.0,512.0,False,,model_loaded,15.357281517004594,0.6070127380080521,0.778258562029805,1.3852713000378571,1.3852713000378571,1412,18722,300572,342792970,248320,"{""allowed_count"": 248068, ""expected_count"": 248068, ""missing_expected"": [], ""ok"": true, ""stop_token_ids"": [248044, 248046], ""unexpected_allowed"": []}",1.9969754309859127,xgrammar,0.8475206309813075,3.2513892529532313,473,65,64,"[2523, 60271, 8028, 678, 7634, 440, 264, 15532, 430, 279, 35997, 63816, 279, 10650, 9138, 1720, 310, 1724, 279, 17189, 11, 88335, 264, 50417, 314, 660, 678, 26541, 14853, 38480, 440, 264, 401, 742, 470, 893, 11720, 11, 9101, 488, 8008, 2577, 1056, 488, 1467, 1442, 1518, 19200, 1076, 32645, 11, 279, 9640, 16561, 728, 310, 2962, 279, 1414, 3766, 13, 561, 1483, 11362, 248046]","[2523, 60271, 8028, 678, 7634, 440, 264, 15532, 430, 279, 35997, 63816, 279, 10650, 9138, 1720, 310, 1724, 279, 17189, 11, 88335, 264, 50417, 314, 660, 678, 26541, 14853, 38480, 440, 264, 401, 742, 470, 893, 11720, 11, 9101, 488, 8008, 2577, 1056, 488, 1467, 1442, 1518, 19200, 1076, 32645, 11, 279, 9640, 16561, 728, 310, 2962, 279, 1414, 3766, 13, 561, 1483, 11362]",248046,"[248046, 248044]",248046,1,True,True,"[0, 0, 0, 0, 0, 0, 0, 0, 0, 1, 0]","You eagerly signal your permission with a nod as the bee directs the flight attendants to open the crate, unveiling a feast of all your beloved foods topped with a delectable quiche, leaving you feeling better than you did even before engagement... Actually, the prompt asks me to continue the text provided. The last sitting",True,3842899456,8.741308423981536
148_coauthor_odd_count_kna_t12,148,11,odd_count,,12,2,65,26,1651,347190597,coauthor,148,0,coauthor:creative:484eba21615341fab99300bfe20873fb,0,1fc3b7ec8bd8e88c9e7bf04a0ab67263845e9e1fdf26dfb15d8aec20a26abbb3,d164cd37d69fbd412f81ff21f5203e19c44df11d5d061e6a1cb75996c5d4e38d,success,,512.0,512.0,512.0,False,,model_loaded,15.779962886008434,0.5870324679999612,0.9054617339861579,1.4924942019861192,1.4924942019861192,1540,21936,353529,426211868,248320,"{""allowed_count"": 248068, ""expected_count"": 248068, ""missing_expected"": [], ""ok"": true, ""stop_token_ids"": [248044, 248046], ""unexpected_allowed"": []}",2.129586933006067,xgrammar,0.8497523079859093,3.319766356027685,226,65,64,"[32850, 477, 5964, 7633, 264, 38841, 3019, 15394, 264, 33078, 29430, 310, 7318, 69794, 303, 780, 9284, 310, 780, 1765, 2046, 11247, 1518, 781, 1362, 381, 10255, 539, 279, 34924, 13, 271, 34944, 3155, 2144, 364, 6681, 799, 2716, 11, 5629, 11, 53916, 6163, 11316, 20417, 15963, 279, 3299, 328, 10083, 763, 271, 1, 32850, 477, 38589, 383, 264, 56688, 3019, 15394, 21635, 1865, 248044]","[32850, 477, 5964, 7633, 264, 38841, 3019, 15394, 264, 33078, 29430, 310, 7318, 69794, 303, 780, 9284, 310, 780, 1765, 2046, 11247, 1518, 781, 1362, 381, 10255, 539, 279, 34924, 13, 271, 34944, 3155, 2144, 364, 6681, 799, 2716, 11, 5629, 11, 53916, 6163, 11316, 20417, 15963, 279, 3299, 328, 10083, 763, 271, 1, 32850, 477, 38589, 383, 264, 56688, 3019, 15394, 21635, 1865]",248046,"[248046, 248044]",248044,1,True,True,"[0, 0, 0, 0, 0, 0, 0, 0, 1, 0, 0, 0]","Humanity quickly developed a risky plan involving a wormhole to transport Damon in his identity to his own home planet before they could be caught by the aliens.

Continued content for exactly one short, natural, coherent English sentence solely featuring the word ""plan"":

""Humanity relied on a daring plan involving stolen real",True,3813718016,9.035262182995211
149_coauthor_odd_count_kna_t13,149,12,odd_count,,13,2,65,28,1778,1779859864,coauthor,149,0,coauthor:creative:f13ca6a2519e4ddcaf454f11968ed676,0,aba7e3f8b6503a0a658a0304ec1cc942e2414f31851648ade743926968fe5b72,5a9f19b8750297ad072c34a51b95a780c902b67936f61fb3d4898a24d65ed24c,success,,512.0,512.0,512.0,False,,model_loaded,14.809560461028013,0.5952231889823452,0.9976857040310279,1.592908893013373,1.592908893013373,1668,25402,410736,521668517,248320,"{""allowed_count"": 248068, ""expected_count"": 248068, ""missing_expected"": [], ""ok"": true, ""stop_token_ids"": [248044, 248046], ""unexpected_allowed"": []}",2.09219568799017,xgrammar,0.8327217960031703,2.229148014972452,495,32,31,"[2278, 279, 12924, 30557, 1381, 27276, 11, 781, 1304, 264, 491, 7975, 11886, 310, 21496, 836, 2046, 321, 8996, 264, 1560, 310, 2873, 836, 2748, 264, 1925, 310, 1562, 2046, 13, 248046]","[2278, 279, 12924, 30557, 1381, 27276, 11, 781, 1304, 264, 491, 7975, 11886, 310, 21496, 836, 2046, 321, 8996, 264, 1560, 310, 2873, 836, 2748, 264, 1925, 310, 1562, 2046, 13]",248046,"[248046, 248044]",248046,1,True,False,"[1, 0, 0, 0, 0, 0, 0, 0, 0, 0, 0, 0, 0]","With the sole survivors now united, they form a new society dedicated to protecting their home and finding a way to give their children a place to call home.",True,3844033536,8.008512562024407
000_coauthor_kth_last_k1_t1_rep1,150,0,kth_last,1,1,2,65,3,254,1768257434,coauthor,0,1,coauthor:creative:12b63e9bbb204e43a40cb95aa7a44b17,0,1747ea246cfadeb99ba82c22e4f28a3efb9bba3400523a0b14fac3c112e009b7,f7374c4ff36ce9637ad6a619ed7ddb63a05f3296fbc7a029d8d33c136f345efa,success,,512.0,512.0,512.0,False,,model_loaded,14.488918577029835,0.4870847160345875,0.04220839397748932,0.5292931100120768,0.5292931100120768,132,317,5296,973561,248320,"{""allowed_count"": 248068, ""expected_count"": 248068, ""missing_expected"": [], ""ok"": true, ""stop_token_ids"": [248044, 248046], ""unexpected_allowed"": []}",2.0686454229871742,xgrammar,0.8445124570280313,3.316427624959033,345,65,64,"[2523, 29557, 3032, 9973, 310, 9138, 1396, 14072, 35997, 39585, 18213, 310, 10236, 5941, 364, 678, 491, 3364, 430, 46379, 13, 10022, 488, 1423, 279, 20821, 54702, 11, 678, 8684, 310, 3827, 4156, 488, 628, 883, 35997, 7975, 13205, 488, 12655, 440, 3788, 321, 4331, 15782, 13, 3113, 279, 854, 488, 513, 2235, 321, 1575, 73624, 290, 11, 488, 513, 9734, 310, 2895, 24272, 248046]","[2523, 29557, 3032, 9973, 310, 9138, 1396, 14072, 35997, 39585, 18213, 310, 10236, 5941, 364, 678, 491, 3364, 430, 46379, 13, 10022, 488, 1423, 279, 20821, 54702, 11, 678, 8684, 310, 3827, 4156, 488, 628, 883, 35997, 7975, 13205, 488, 12655, 440, 3788, 321, 4331, 15782, 13, 3113, 279, 854, 488, 513, 2235, 321, 1575, 73624, 290, 11, 488, 513, 9734, 310, 2895, 24272]",248046,"[248046, 248044]",248046,1,True,True,[1],"You instinctively decide to attend every upcoming bee colony festival to prepare yourself for your new role as ruler. Although you find the prospect daunting, your mission to learn everything you can about bee society keeps you busy with study and board meetings. By the time you are old and well-rested, you are prepared to lead refuse",True,3827892224,8.009872882044874
001_coauthor_kth_last_k3_t1_rep1,151,1,kth_last,3,1,2,65,5,370,957646284,coauthor,1,1,coauthor:creative:22fbbbae605c469f9ee3551b6030e421,0,18c056efa83e27f0cd4567e41c931f9233570d9597dfe11a374b56e1265c05b2,6ad13d888ebaf59923ec8c7e7b7ee1aecdc80888d0f7254b6732d64dcda106a4,success,,512.0,512.0,512.0,False,,model_loaded,14.324115790019277,0.4896267139702104,0.07625941297737882,0.5658861269475892,0.5658861269475892,252,679,11766,4440742,248320,"{""allowed_count"": 248068, ""expected_count"": 248068, ""missing_expected"": [], ""ok"": true, ""stop_token_ids"": [248044, 248046], ""unexpected_allowed"": []}",2.0840424259658903,xgrammar,0.8338991230120882,3.284469059028197,207,65,64,"[12702, 15417, 279, 5817, 310, 1423, 279, 5054, 579, 12098, 88, 18144, 8318, 364, 1384, 506, 279, 1898, 11, 41594, 421, 780, 1765, 632, 9853, 29979, 513, 660, 551, 2098, 3749, 310, 5326, 615, 1024, 310, 4255, 303, 2854, 13, 318, 81639, 25, 4486, 32767, 279, 9640, 8242, 364, 6681, 799, 2716, 11, 5629, 11, 53916, 6163, 11316, 11, 279, 39811, 39413, 4016, 310, 248046]","[12702, 15417, 279, 5817, 310, 1423, 279, 5054, 579, 12098, 88, 18144, 8318, 364, 1384, 506, 279, 1898, 11, 41594, 421, 780, 1765, 632, 9853, 29979, 513, 660, 551, 2098, 3749, 310, 5326, 615, 1024, 310, 4255, 303, 2854, 13, 318, 81639, 25, 4486, 32767, 279, 9640, 8242, 364, 6681, 799, 2716, 11, 5629, 11, 53916, 6163, 11316, 11, 279, 39811, 39413, 4016, 310]",248046,"[248046, 248044]",248046,1,True,True,[1],"John opens the door to find the woman's shadowy dreams waiting for him at the table, realizing that his own unformed desires are all he really needs to finally get her to fall in love. (Correction: After reviewing the prompt requirements for exactly one short, natural, coherent English sentence, the continuation flaws due to",True,3812968960,8.02414879295975
002_coauthor_kth_last_k4_t1_rep1,152,2,kth_last,4,1,2,65,6,425,327601760,coauthor,2,1,coauthor:creative:0cb1f752dd254646830cf016f27b9f4f,0,86933f8dfa98dbc92522215a996f60e8f825b5b420ab86db3ca092658dfeb8f9,f5a31d8107d2c6531fb4218284785a114329ef1a14fd62c303c498d55514423c,success,,512.0,512.0,512.0,False,,model_loaded,15.29225384799065,0.5385022439877503,0.09640558902174234,0.6349078330094926,0.6349078330094926,309,851,14845,6936235,248320,"{""allowed_count"": 248068, ""expected_count"": 248068, ""missing_expected"": [], ""ok"": true, ""stop_token_ids"": [248044, 248046], ""unexpected_allowed"": []}",2.7578688039793633,xgrammar,0.8629488649894483,3.3256655719596893,182,65,64,"[38496, 10751, 41844, 1487, 1040, 279, 18995, 579, 1765, 13005, 11, 748, 551, 26731, 310, 708, 3055, 440, 279, 3019, 539, 11107, 780, 5388, 1345, 52962, 310, 381, 264, 22806, 21387, 13, 3095, 551, 5326, 18206, 12987, 69794, 506, 279, 5926, 539, 5387, 11, 12987, 8772, 27373, 18717, 11, 4483, 264, 4088, 440, 39829, 7436, 26196, 310, 1236, 5387, 2714, 62721, 10431, 494, 279, 248044]","[38496, 10751, 41844, 1487, 1040, 279, 18995, 579, 1765, 13005, 11, 748, 551, 26731, 310, 708, 3055, 440, 279, 3019, 539, 11107, 780, 5388, 1345, 52962, 310, 381, 264, 22806, 21387, 13, 3095, 551, 5326, 18206, 12987, 69794, 506, 279, 5926, 539, 5387, 11, 12987, 8772, 27373, 18717, 11, 4483, 264, 4088, 440, 39829, 7436, 26196, 310, 1236, 5387, 2714, 62721, 10431, 494, 279]",248046,"[248046, 248044]",248044,1,True,True,[1],"Matt feels eerily like the alien's own boss, so he decides to go along with the plan by walking his dog while pretending to be a eager observer. When he finally spots Matt Damon at the park by himself, Matt becomes surprisingly calm, taking a walk with puppy Starlett to make himself seem galaxies apart from the",True,3807786496,8.828055289981421
003_coauthor_kth_last_k6_t1_rep1,153,3,kth_last,6,1,2,65,8,529,789147536,coauthor,3,1,coauthor:creative:89d3dfa041f54a32ba310a2b34a4055e,0,baa2b78359f3e32b65241640f4443bc3a5e64e4d357ffae749d0c1746470ad58,606d8cdf0970f30ec7c49b71faf780f26defe78d6165b7bd954f84de0f9f6d05,success,,512.0,512.0,512.0,False,,model_loaded,14.482165944995359,0.4834958310239017,0.13517437799600884,0.6186702090199105,0.6186702090199105,417,1177,20691,13165306,248320,"{""allowed_count"": 248068, ""expected_count"": 248068, ""missing_expected"": [], ""ok"": true, ""stop_token_ids"": [248044, 248046], ""unexpected_allowed"": []}",2.269363305007573,xgrammar,0.8014755389885977,3.45691235299455,168,65,64,"[6651, 1179, 178440, 264, 27000, 35997, 1083, 1024, 26696, 321, 1292, 8209, 21146, 1518, 15361, 685, 13, 2302, 1179, 178440, 264, 27000, 35997, 1083, 1024, 26696, 321, 1292, 8209, 21146, 1518, 15361, 685, 13, 2302, 1179, 178440, 264, 27000, 35997, 1083, 1024, 26696, 321, 1292, 8209, 21146, 1518, 15361, 685, 13, 2302, 1179, 178440, 264, 27000, 35997, 1083, 36811, 680, 11, 328, 7730, 27000, 248046]","[6651, 1179, 178440, 264, 27000, 35997, 1083, 1024, 26696, 321, 1292, 8209, 21146, 1518, 15361, 685, 13, 2302, 1179, 178440, 264, 27000, 35997, 1083, 1024, 26696, 321, 1292, 8209, 21146, 1518, 15361, 685, 13, 2302, 1179, 178440, 264, 27000, 35997, 1083, 1024, 26696, 321, 1292, 8209, 21146, 1518, 15361, 685, 13, 2302, 1179, 178440, 264, 27000, 35997, 1083, 36811, 680, 11, 328, 7730, 27000]",248046,"[248046, 248044]",248046,1,True,True,[1],"They then tiêm a queen bee into her throat and she died instantly before cleaning up. They then tiêm a queen bee into her throat and she died instantly before cleaning up. They then tiêm a queen bee into her throat and she died instantly before cleaning up. They then tiêm a queen bee into cried out, ""Our queen",True,3807235072,8.370254740002565
004_coauthor_kth_last_k7_t1_rep1,154,4,kth_last,7,1,2,65,9,578,1774086246,coauthor,4,1,coauthor:creative:a754ad9eecca4d13954cf36eeda823b5,0,0de4718dc1a60cc83a26e789626d5500e961f5ff5636290f16b0a5c4ff52cef8,66e092ca76e4ace3eb011baa88ab99979a0425049173be3f682d60b5c930592e,success,,512.0,512.0,512.0,False,,model_loaded,14.947458012029529,0.5062633799971081,0.15703759697498754,0.6633009769720957,0.6633009769720957,468,1331,23458,16790572,248320,"{""allowed_count"": 248068, ""expected_count"": 248068, ""missing_expected"": [], ""ok"": true, ""stop_token_ids"": [248044, 248046], ""unexpected_allowed"": []}",2.759616357041523,xgrammar,0.8345713189919479,3.236988445976749,263,65,64,"[7691, 55671, 303, 279, 49093, 11, 48715, 1292, 506, 3140, 26880, 780, 5125, 303, 854, 11, 694, 1024, 32877, 286, 47077, 5964, 83422, 430, 1292, 38799, 279, 1560, 279, 855, 29547, 948, 551, 5326, 6749, 303, 279, 17312, 13, 2838, 8523, 1381, 421, 424, 5532, 914, 1066, 1384, 4313, 310, 2213, 1024, 303, 279, 1121, 26, 551, 12490, 1086, 1040, 411, 660, 3055, 1066, 248046]","[7691, 55671, 303, 279, 49093, 11, 48715, 1292, 506, 3140, 26880, 780, 5125, 303, 854, 11, 694, 1024, 32877, 286, 47077, 5964, 83422, 430, 1292, 38799, 279, 1560, 279, 855, 29547, 948, 551, 5326, 6749, 303, 279, 17312, 13, 2838, 8523, 1381, 421, 424, 5532, 914, 1066, 1384, 4313, 310, 2213, 1024, 303, 279, 1121, 26, 551, 12490, 1086, 1040, 411, 660, 3055, 1066]",248046,"[248046, 248044]",248046,1,True,True,[1],"She hides in the hallway, relieved she at least escaped his notice in time, but her distressing realization quickly fades as she recalls the way the man smiled when he finally looked in the mirror. She knows now that it wasn't just him trying to catch her in the act; he schemeied like this all along just",True,3819458560,8.731763764983043
005_coauthor_kth_last_k9_t1_rep1,155,5,kth_last,9,1,2,65,11,670,2111689729,coauthor,5,1,coauthor:creative:f1e80762c105424fa21955d4520b182b,0,c9e8b7d4b3db74984c3faaedcdffb3f81acb5790bcbd3275c608626b3d00b056,87de4a28eb25c5ed2d400517f1c089bc693f425ea1eefa2549d92b070ef3d29e,success,,512.0,512.0,512.0,False,,model_loaded,15.001101850008126,0.4334343390073627,0.1906132190488279,0.6240475580561906,0.6240475580561906,564,1621,28904,24806725,248320,"{""allowed_count"": 248068, ""expected_count"": 248068, ""missing_expected"": [], ""ok"": true, ""stop_token_ids"": [248044, 248046], ""unexpected_allowed"": []}",2.311516292975284,xgrammar,0.8721061690011993,3.3716918120044284,634,65,64,"[2523, 10236, 264, 40953, 2402, 440, 264, 4593, 321, 5984, 264, 293, 2562, 342, 319, 383, 424, 11, 1066, 1040, 488, 15142, 1024, 11, 364, 13459, 13, 561, 89363, 472, 3272, 557, 4242, 1020, 787, 25, 424, 557, 780, 1546, 1483, 6038, 11, 264, 20983, 310, 5387, 11, 321, 449, 1121, 314, 2854, 310, 1420, 90121, 310, 279, 5054, 551, 1000, 2496, 9149, 4191, 248046]","[2523, 10236, 264, 40953, 2402, 440, 264, 4593, 321, 5984, 264, 293, 2562, 342, 319, 383, 424, 11, 1066, 1040, 488, 15142, 1024, 11, 364, 13459, 13, 561, 89363, 472, 3272, 557, 4242, 1020, 787, 25, 424, 557, 780, 1546, 1483, 6038, 11, 264, 20983, 310, 5387, 11, 321, 449, 1121, 314, 2854, 310, 1420, 90121, 310, 279, 5054, 551, 1000, 2496, 9149, 4191]",248046,"[248046, 248044]",248046,1,True,True,[1],"You prepare a chalkboard with a heart and paint a daffodil on it, just like you taught her, for dinner. The clandestine thought was twofold: it was his very last secret, a joke to himself, and an act of love to show specialties to the woman he would never truly share",True,3859610624,8.456456194981001
006_coauthor_kth_last_k11_t1_rep1,156,6,kth_last,11,1,2,65,13,754,421805065,coauthor,6,1,coauthor:creative:8231b08c98d34682b96603ad677c4806,0,b68f0bdc8db3f8b63ce351cef04d3b4e3efc988aa00383fa051e5f854ca9ef5d,6ede9a2fb76a3a4defb24c6468589c4ace0a7790d305e7e2856286cd5a1a8f0d,success,,512.0,512.0,512.0,False,,model_loaded,14.888036146992818,0.5056517980410717,0.22725051501765847,0.7329023130587302,0.7329023130587302,652,1887,34130,33525826,248320,"{""allowed_count"": 248068, ""expected_count"": 248068, ""missing_expected"": [], ""ok"": true, ""stop_token_ids"": [248044, 248046], ""unexpected_allowed"": []}",2.0563772169989534,xgrammar,0.8365648520411924,3.375000873056706,170,65,64,"[760, 13280, 7497, 11938, 888, 678, 43651, 25368, 11, 33700, 286, 421, 874, 3202, 314, 24924, 466, 352, 793, 1362, 3397, 5827, 678, 1208, 494, 279, 30787, 66725, 488, 1381, 67144, 13, 1394, 8953, 264, 74210, 310, 2708, 678, 26696, 11, 21143, 539, 279, 10647, 29796, 11, 430, 279, 3665, 488, 2957, 6661, 13260, 2047, 488, 2944, 777, 13282, 1056, 866, 3611, 1362, 599, 248044]","[760, 13280, 7497, 11938, 888, 678, 43651, 25368, 11, 33700, 286, 421, 874, 3202, 314, 24924, 466, 352, 793, 1362, 3397, 5827, 678, 1208, 494, 279, 30787, 66725, 488, 1381, 67144, 13, 1394, 8953, 264, 74210, 310, 2708, 678, 26696, 11, 21143, 539, 279, 10647, 29796, 11, 430, 279, 3665, 488, 2957, 6661, 13260, 2047, 488, 2944, 777, 13282, 1056, 866, 3611, 1362, 599]",248046,"[248046, 248044]",248044,1,True,True,[1],"The tiny voice spoke over your metallic wings, whispering that no amount of honey or stings could ever protect your people from the shifting sands you now inhabited. You raised a paw to clear your throat, confused by the sudden acceleration, as the terms you once knew ultimately left you far more alive than any human could have",True,3807314432,8.24603673099773
007_coauthor_kth_last_k12_t1_rep1,157,7,kth_last,12,1,2,65,14,793,259537431,coauthor,7,1,coauthor:creative:0676be9886614881a7c2f933ef80337e,0,be13ad9e2190e0613d253a2ca9fd51eadc7eef51b8c1e68ae0d87ecde57efb9e,459ccadb0a286abc4095f7c6bdcc997685784f9d921491267a585b135c46f8a9,success,,512.0,512.0,512.0,False,,model_loaded,14.440844057011418,0.5282617960474454,0.2442246120190248,0.7724864080664702,0.7724864080664702,693,2011,36569,38037247,248320,"{""allowed_count"": 248068, ""expected_count"": 248068, ""missing_expected"": [], ""ok"": true, ""stop_token_ids"": [248044, 248046], ""unexpected_allowed"": []}",1.9532160880044103,xgrammar,0.8046704130247235,3.2621796960011125,237,65,64,"[1919, 6206, 494, 5214, 7249, 310, 80920, 3672, 369, 264, 26281, 2222, 11, 21873, 421, 1782, 488, 2373, 883, 2962, 310, 64430, 1345, 488, 3512, 264, 5176, 364, 43378, 2785, 411, 7975, 13, 1577, 678, 491, 3471, 12307, 7346, 11, 488, 2579, 264, 34371, 5357, 314, 3511, 321, 7193, 13, 17070, 279, 4507, 51429, 466, 89300, 4384, 1208, 494, 3555, 6107, 1990, 2905, 303, 248046]","[1919, 6206, 494, 5214, 7249, 310, 80920, 3672, 369, 264, 26281, 2222, 11, 21873, 421, 1782, 488, 2373, 883, 2962, 310, 64430, 1345, 488, 3512, 264, 5176, 364, 43378, 2785, 411, 7975, 13, 1577, 678, 491, 3471, 12307, 7346, 11, 488, 2579, 264, 34371, 5357, 314, 3511, 321, 7193, 13, 17070, 279, 4507, 51429, 466, 89300, 4384, 1208, 494, 3555, 6107, 1990, 2905, 303]",248046,"[248046, 248044]",248046,1,True,True,[1],"This shift from living alone to nurturing others is a profound change, ensuring that those you care about continue to flourish while you become a force for kindness within this society. As your new social circle forms, you feel a renewed sense of connection and purpose. Though the probably reckless or altruistic people from previous lives still exist in",True,3814149632,8.033889582031406
008_coauthor_kth_last_k14_t1_rep1,158,8,kth_last,14,1,2,65,16,865,1480172670,coauthor,8,1,coauthor:creative:ba1b42a591f4447596e99b6c0a5164b3,0,faa79157f3e51a9bca8fa378ad18047af9e60b144750939c5fcb17907358b66b,86a81e03cd07e32f60895e101162726d95af0c55ed1734f957b0a95aa601ab5e,success,,512.0,512.0,512.0,False,,model_loaded,14.598994339001365,0.5087522600078955,0.3123399430187419,0.8210922030266374,0.8210922030266374,769,2241,41099,47157790,248320,"{""allowed_count"": 248068, ""expected_count"": 248068, ""missing_expected"": [], ""ok"": true, ""stop_token_ids"": [248044, 248046], ""unexpected_allowed"": []}",2.066417146997992,xgrammar,0.8269191129948013,3.26223780302098,384,65,64,"[760, 35336, 11136, 506, 279, 13438, 7803, 440, 264, 32313, 11, 65955, 279, 3807, 94923, 11, 321, 716, 279, 36258, 310, 6195, 13, 32104, 2586, 11, 551, 1467, 524, 1387, 1083, 279, 13643, 9572, 22193, 310, 25723, 279, 2919, 11, 21873, 780, 7097, 375, 12, 4247, 5922, 375, 16513, 14195, 9550, 364, 1384, 13, 561, 2919, 5326, 41514, 1083, 279, 3626, 321, 6895, 279, 248046]","[760, 35336, 11136, 506, 279, 13438, 7803, 440, 264, 32313, 11, 65955, 279, 3807, 94923, 11, 321, 716, 279, 36258, 310, 6195, 13, 32104, 2586, 11, 551, 1467, 524, 1387, 1083, 279, 13643, 9572, 22193, 310, 25723, 279, 2919, 11, 21873, 780, 7097, 375, 12, 4247, 5922, 375, 16513, 14195, 9550, 364, 1384, 13, 561, 2919, 5326, 41514, 1083, 279, 3626, 321, 6895, 279]",248046,"[248046, 248044]",248046,1,True,True,[1],"The wolf arrived at the pump station with a rope, unleashed the firetruck, and set the hose to flow. Critically, he did not break into the nearby animal shelter to steal the water, ensuring his rapist-protagonist reputation remained driving for him. The water finally poured into the house and brought the",True,3829903360,8.239908556977753
009_coauthor_kth_last_k16_t1_rep1,159,9,kth_last,16,1,2,65,18,929,320842591,coauthor,9,1,coauthor:creative:223f27bcebb5496a850b7ce86d50e910,0,40d69c65bb962e51a4828442ebd3561bff5298e9b8e1cd7071e1987b7aa9bc2d,0f1c084afb0758f2484ecc7240b1fefe462cd13be112231d0c9c8fb6cbe43eb8,success,,512.0,512.0,512.0,False,,model_loaded,14.98514595197048,0.47218053397955373,0.30058402399299666,0.7727645579725504,0.7727645579725504,837,2447,45165,56157121,248320,"{""allowed_count"": 248068, ""expected_count"": 248068, ""missing_expected"": [], ""ok"": true, ""stop_token_ids"": [248044, 248046], ""unexpected_allowed"": []}",2.075642069976311,xgrammar,0.841639293008484,3.2891069499892183,303,65,64,"[760, 542, 75265, 36452, 41118, 310, 5387, 430, 279, 10125, 5964, 39043, 394, 1943, 11, 29621, 421, 551, 682, 66746, 3354, 279, 4574, 6429, 364, 279, 4864, 421, 682, 63096, 1384, 364, 748, 1248, 13, 2356, 520, 49855, 780, 14457, 81155, 557, 3404, 264, 19149, 3166, 310, 1387, 45862, 1384, 364, 279, 1727, 2923, 13, 2985, 264, 90300, 30246, 321, 264, 3019, 303, 1375, 248046]","[760, 542, 75265, 36452, 41118, 310, 5387, 430, 279, 10125, 5964, 39043, 394, 1943, 11, 29621, 421, 551, 682, 66746, 3354, 279, 4574, 6429, 364, 279, 4864, 421, 682, 63096, 1384, 364, 748, 1248, 13, 2356, 520, 49855, 780, 14457, 81155, 557, 3404, 264, 19149, 3166, 310, 1387, 45862, 1384, 364, 279, 1727, 2923, 13, 2985, 264, 90300, 30246, 321, 264, 3019, 303, 1375]",248046,"[248046, 248044]",248046,1,True,True,[1],"The shapeshifter smiles to himself as the conversation quickly unravels, revealing that he has inadvertently created the perfect opportunity for the relationship that has plagued him for so long. Clive realizes his strange makeover was actually a brilliant move to break prepares him for the next step. With a newfound clarity and a plan in hand",True,3821522432,8.21471010602545
010_coauthor_kth_last_k17_t1_rep1,160,10,kth_last,17,1,2,65,19,958,2026672059,coauthor,10,1,coauthor:creative:aa092c2e66ea48d89361cc668d7d4919,0,fded3d035cff6737380268fa735bfe3bc10af07fcd4185aa8c48e445f25140e8,8b9ac2bc5c324504be84dd7894efabe4e9612930c8eec5b1249fc565c7132adc,success,,512.0,512.0,512.0,False,,model_loaded,19.460638860007748,0.5453463990124874,0.36920030997134745,0.9145467089838348,0.9145467089838348,868,2541,47024,60524497,248320,"{""allowed_count"": 248068, ""expected_count"": 248068, ""missing_expected"": [], ""ok"": true, ""stop_token_ids"": [248044, 248046], ""unexpected_allowed"": []}",2.4355512920301408,xgrammar,0.834963658999186,3.342119710985571,824,65,64,"[3850, 430, 353, 23562, 1472, 279, 20117, 13635, 11, 353, 14413, 25624, 279, 855, 852, 995, 2496, 23533, 303, 821, 2235, 2199, 579, 5522, 13, 1049, 6273, 430, 3384, 279, 9467, 995, 7920, 279, 7793, 11, 9101, 728, 310, 5596, 1332, 279, 15039, 9149, 5820, 13, 4130, 48720, 11, 353, 14607, 279, 5522, 557, 2496, 264, 18465, 506, 660, 11, 694, 4598, 264, 38521, 248046]","[3850, 430, 353, 23562, 1472, 279, 20117, 13635, 11, 353, 14413, 25624, 279, 855, 852, 995, 2496, 23533, 303, 821, 2235, 2199, 579, 5522, 13, 1049, 6273, 430, 3384, 279, 9467, 995, 7920, 279, 7793, 11, 9101, 728, 310, 5596, 1332, 279, 15039, 9149, 5820, 13, 4130, 48720, 11, 353, 14607, 279, 5522, 557, 2496, 264, 18465, 506, 660, 11, 694, 4598, 264, 38521]",248046,"[248046, 248044]",248046,1,True,True,[1],"But as I stepped through the golden doors, I suddenly remembered the man who had never existed in my old life's movie. It felt as though the stars had hidden the truth, leaving me to wonder where the universe truly began. Par awe, I realized the movie was never a simulation at all, but rather a glimpse",True,3882018304,9.077025351987686
011_coauthor_kth_last_k19_t1_rep1,161,11,kth_last,19,1,2,65,21,1010,1648297798,coauthor,11,1,coauthor:creative:50e2383a31544349adae9a66d596cdf6,0,aa517b256bdce5ab8b948de9ba48f9b68f1db79fe155d4eca6b6b2885f1d081d,e77e522d8d9b4e6c5e1355069fb86c6b96f7313081e90943f3c84e0a590c9927,success,,512.0,512.0,512.0,False,,model_loaded,19.293086057994515,0.5374069130048156,0.3737812400213443,0.9111881530261599,0.9111881530261599,924,2711,50394,68838430,248320,"{""allowed_count"": 248068, ""expected_count"": 248068, ""missing_expected"": [], ""ok"": true, ""stop_token_ids"": [248044, 248046], ""unexpected_allowed"": []}",2.446422783017624,xgrammar,0.8355432499665767,3.2684913399862126,248,65,64,"[15514, 2843, 1578, 6895, 1384, 1132, 55570, 948, 551, 1669, 680, 2843, 303, 2199, 421, 1754, 314, 780, 3555, 6107, 995, 1048, 2197, 449, 32495, 23611, 1518, 1384, 13, 1216, 557, 24308, 310, 599, 1132, 799, 2199, 321, 310, 2842, 38456, 321, 8415, 13, 4543, 58110, 13, 1394, 2496, 5326, 5372, 279, 5614, 466, 2579, 15420, 1495, 1521, 488, 599, 2582, 10015, 279, 11447, 248044]","[15514, 2843, 1578, 6895, 1384, 1132, 55570, 948, 551, 1669, 680, 2843, 303, 2199, 421, 1754, 314, 780, 3555, 6107, 995, 1048, 2197, 449, 32495, 23611, 1518, 1384, 13, 1216, 557, 24308, 310, 599, 1132, 799, 2199, 321, 310, 2842, 38456, 321, 8415, 13, 4543, 58110, 13, 1394, 2496, 5326, 5372, 279, 5614, 466, 2579, 15420, 1495, 1521, 488, 599, 2582, 10015, 279, 11447]",248046,"[248046, 248044]",248044,1,True,True,[1],His later years brought him only sorrow when he found out later in life that each of his previous lives had also met an unfortunate fate before him. He was advised to have only one life and to stop worrying and fear. Now accomplishment. You never finally reach the goal or feel joy again because you have already experienced the worst,True,3814581760,8.996539207990281
012_coauthor_kth_last_k20_t1_rep1,162,12,kth_last,20,1,2,65,22,1033,828242263,coauthor,12,1,coauthor:creative:b7687cecbf6c4c18a04b5b0b9b031cf4,0,bf3dbdb5585c9d10b585850e31fc001177b8a2119d2e61590c030351ba170fbc,7ca70173aec4515e3ad522f7888a35953158abeb7ba5021b06fcd5da62246de7,success,,512.0,512.0,512.0,False,,model_loaded,19.13952808396425,0.53967351897154,0.40068010095274076,0.9403536199242808,0.9403536199242808,949,2787,51905,72728467,248320,"{""allowed_count"": 248068, ""expected_count"": 248068, ""missing_expected"": [], ""ok"": true, ""stop_token_ids"": [248044, 248046], ""unexpected_allowed"": []}",2.377675171010196,xgrammar,0.8472403599880636,3.385028548014816,190,65,64,"[760, 49755, 12456, 5324, 310, 1103, 821, 803, 430, 1844, 73017, 4082, 85707, 13, 221601, 1806, 539, 279, 10647, 37622, 11, 353, 28359, 279, 4392, 310, 5372, 680, 13, 10022, 264, 5388, 557, 26241, 310, 381, 3753, 303, 8464, 11, 279, 7783, 1777, 421, 28428, 411, 4299, 353, 995, 310, 8415, 364, 821, 45277, 557, 3404, 264, 5388, 421, 14217, 264, 3410, 8491, 3023, 248046]","[760, 49755, 12456, 5324, 310, 1103, 821, 803, 430, 1844, 73017, 4082, 85707, 13, 221601, 1806, 539, 279, 10647, 37622, 11, 353, 28359, 279, 4392, 310, 5372, 680, 13, 10022, 264, 5388, 557, 26241, 310, 381, 3753, 303, 8464, 11, 279, 7783, 1777, 421, 28428, 411, 4299, 353, 995, 310, 8415, 364, 821, 45277, 557, 3404, 264, 5388, 421, 14217, 264, 3410, 8491, 3023]",248046,"[248046, 248044]",248046,1,True,True,[1],"The mug indeed changed to list my name as top-ranked among dads. Horrified by the sudden revelation, I grabbed the phone to reach out. Although a dog was nowhere to be seen in reality, the obvious sign that beside this moment I had to fear for my sanity was actually a dog that stood a million miles away",True,3808100352,9.1034550970071
013_coauthor_kth_last_k22_t1_rep1,163,13,kth_last,22,1,2,65,24,1073,691822373,coauthor,13,1,coauthor:creative:138dd7338a0f480584ca1deddb32f6b7,0,21e42978b628e521ddc0f58f2ef9d3ea4cab5e02e53a05a2025b61c7da0b3cbf,afa0dd6e357b13d133fd6ad39b81506165e3a63becc9c7c83a85128f95ed694c,success,,512.0,512.0,512.0,False,,model_loaded,18.355897376022767,0.5783996859681793,0.38042796595254913,0.9588276519207284,0.9588276519207284,993,2921,54579,79848322,248320,"{""allowed_count"": 248068, ""expected_count"": 248068, ""missing_expected"": [], ""ok"": true, ""stop_token_ids"": [248044, 248046], ""unexpected_allowed"": []}",2.2009618260199204,xgrammar,0.8631919729523361,3.3240756500163116,291,65,64,"[6651, 1381, 25878, 60242, 7253, 321, 3777, 19451, 11, 12680, 1396, 5904, 4299, 1083, 264, 7478, 6429, 364, 21333, 3511, 13, 561, 11057, 314, 24217, 680, 10914, 35080, 369, 1248, 7795, 26, 3658, 11, 781, 1870, 264, 18989, 314, 13879, 321, 28536, 2961, 13, 1061, 6206, 24546, 421, 2854, 369, 4364, 524, 539, 4906, 16243, 11, 694, 539, 279, 11012, 11, 632, 2573, 38012, 248044]","[6651, 1381, 25878, 60242, 7253, 321, 3777, 19451, 11, 12680, 1396, 5904, 4299, 1083, 264, 7478, 6429, 364, 21333, 3511, 13, 561, 11057, 314, 24217, 680, 10914, 35080, 369, 1248, 7795, 26, 3658, 11, 781, 1870, 264, 18989, 314, 13879, 321, 28536, 2961, 13, 1061, 6206, 24546, 421, 2854, 369, 4364, 524, 539, 4906, 16243, 11, 694, 539, 279, 11012, 11, 632, 2573, 38012]",248046,"[248046, 248044]",248044,1,True,True,[1],"They now embrace mindful activities and young minds, turning every shared moment into a fresh opportunity for genuine connection. The era of counting outbursts is long gone; together, they build a legacy of listening and caring results. This shift ensures that love is defined not by performance metrics, but by the quiet, unmeasured",True,3820904448,9.055870506970678
014_coauthor_kth_last_k24_t1_rep1,164,14,kth_last,24,1,2,65,26,1105,524432951,coauthor,14,1,coauthor:creative:e29599231e66474b8a524c23db775e47,0,df3ee49230d3ef46f232f6e42c1bdbbfbeabcbe62a130c838d6bd31f8ce97ed2,be8eea4a384a36cc1ea9f856a77b2eecabe776be3c504fdc981622264c13a1bc,success,,512.0,512.0,512.0,False,,model_loaded,14.975202811998315,0.5255824280320667,0.40374626097036526,0.9293286890024319,0.9293286890024319,1029,3031,56789,85942645,248320,"{""allowed_count"": 248068, ""expected_count"": 248068, ""missing_expected"": [], ""ok"": true, ""stop_token_ids"": [248044, 248046], ""unexpected_allowed"": []}",2.1721153580001555,xgrammar,0.8237033869954757,3.2455135010532103,201,65,64,"[1919, 220, 24, 17, 302, 2545, 22952, 1381, 30697, 279, 37233, 22193, 314, 279, 8512, 8455, 430, 780, 2046, 11, 46480, 421, 1442, 279, 23856, 4593, 628, 5827, 279, 42780, 2261, 2942, 314, 2172, 1144, 13, 1110, 22522, 5947, 321, 67296, 13, 1381, 781, 4097, 7493, 13, 271, 13784, 11, 874, 421, 369, 31596, 321, 48624, 6925, 16981, 8559, 26857, 55361, 1040, 21449, 9600, 248046]","[1919, 220, 24, 17, 302, 2545, 22952, 1381, 30697, 279, 37233, 22193, 314, 279, 8512, 8455, 430, 780, 2046, 11, 46480, 421, 1442, 279, 23856, 4593, 628, 5827, 279, 42780, 2261, 2942, 314, 2172, 1144, 13, 1110, 22522, 5947, 321, 67296, 13, 1381, 781, 4097, 7493, 13, 271, 13784, 11, 874, 421, 369, 31596, 321, 48624, 6925, 16981, 8559, 26857, 55361, 1040, 21449, 9600]",248046,"[248046, 248044]",248046,1,True,True,[1],"This 92nd little pig now treats the humble shelter of the hospital patient as his home, recognizing that even the smallest heart can protect the fragile during times of great need. zingham wrote and shrugged. now they five hundred.

Wait, no that is inappropriate and violates safety guidelines regarding harmful narratives like promoting weapons",True,3812734464,8.43320568301715
015_coauthor_kth_last_k25_t1_rep1,165,15,kth_last,25,1,2,65,27,1118,436369910,coauthor,15,1,coauthor:creative:6a9dd4e609624942951409d15edb0ff3,0,7c5b7b233027b054948456a67f02db0fd00fdc7f2ac6f4d26d56fd43ebd2b520,4ba408e69f7e9f9dcacb07d93ce5a875a4f3e2ac5e8bbdafbd2d407ad6e0c74e,success,,512.0,512.0,512.0,False,,model_loaded,15.15744075702969,0.5513410629937425,0.4149447499657981,0.9662858129595406,0.9662858129595406,1044,3077,57720,88558237,248320,"{""allowed_count"": 248068, ""expected_count"": 248068, ""missing_expected"": [], ""ok"": true, ""stop_token_ids"": [248044, 248046], ""unexpected_allowed"": []}",2.191374661982991,xgrammar,0.861927354009822,3.340994669997599,666,65,64,"[10883, 11, 430, 30834, 192504, 287, 5387, 303, 279, 3364, 11, 780, 4627, 460, 16015, 8145, 7819, 321, 42432, 494, 836, 12004, 6985, 852, 599, 16521, 279, 4808, 1324, 13, 1160, 6735, 290, 440, 279, 8464, 314, 836, 26078, 4797, 2316, 321, 22773, 6107, 11, 279, 39251, 1809, 369, 63831, 4342, 539, 836, 1765, 14583, 948, 4858, 87086, 303, 279, 19633, 13, 62631, 539, 248046]","[10883, 11, 430, 30834, 192504, 287, 5387, 303, 279, 3364, 11, 780, 4627, 460, 16015, 8145, 7819, 321, 42432, 494, 836, 12004, 6985, 852, 599, 16521, 279, 4808, 1324, 13, 1160, 6735, 290, 440, 279, 8464, 314, 836, 26078, 4797, 2316, 321, 22773, 6107, 11, 279, 39251, 1809, 369, 63831, 4342, 539, 836, 1765, 14583, 948, 4858, 87086, 303, 279, 19633, 13, 62631, 539]",248046,"[248046, 248044]",248046,1,True,True,[1],"However, as Johnny immerses himself in the role, his friends return unexpected fan mail and inquiries from their fellow fans who have gotten the wrong number. Confronted with the reality of their tremendous industry success and transformed lives, the jealous group is blindsided by their own luck when everyone participates in the promotion. Inspired by",True,3865462784,8.628840670979116
016_coauthor_kth_last_k27_t1_rep1,166,16,kth_last,27,1,2,65,29,1138,1646097257,coauthor,16,1,coauthor:creative:672cbc4dddf545218344122b24e3fd7a,0,f467b7ab84a7782d817ef74b4a7d8bba0a9fa99b3c8746e485a8c27e6323707b,c67efb8b243a5f9c4feefcf6dccda1aed13f943571fc267d0f288b277084a4eb,success,,512.0,512.0,512.0,False,,model_loaded,15.09499146498274,0.5204942819545977,0.4228504240163602,0.9433447059709579,0.9433447059709579,1068,3151,59234,92849722,248320,"{""allowed_count"": 248068, ""expected_count"": 248068, ""missing_expected"": [], ""ok"": true, ""stop_token_ids"": [248044, 248046], ""unexpected_allowed"": []}",2.167917453974951,xgrammar,0.8303883170010522,3.3351104370085523,238,65,64,"[54816, 628, 6734, 5316, 14164, 440, 279, 6925, 314, 264, 27968, 3072, 13, 3095, 488, 2224, 220, 17, 23, 11, 7785, 49296, 264, 5333, 421, 17397, 660, 6043, 314, 28037, 11, 6611, 4735, 72400, 13, 4465, 2936, 44367, 10980, 26731, 310, 2873, 279, 5333, 310, 660, 9977, 1172, 220, 17, 21, 11, 694, 488, 321, 279, 2645, 314, 279, 328, 45677, 2520, 778, 1, 248046]","[54816, 628, 6734, 5316, 14164, 440, 279, 6925, 314, 264, 27968, 3072, 13, 3095, 488, 2224, 220, 17, 23, 11, 7785, 49296, 264, 5333, 421, 17397, 660, 6043, 314, 28037, 11, 6611, 4735, 72400, 13, 4465, 2936, 44367, 10980, 26731, 310, 2873, 279, 5333, 310, 660, 9977, 1172, 220, 17, 21, 11, 694, 488, 321, 279, 2645, 314, 279, 328, 45677, 2520, 778, 1]",248046,"[248046, 248044]",248046,1,True,True,[1],"Nobody can trust anyone anymore with the safety of a fledging. When you're 28, science discovers a drug that stops all effects of aging, creating immortality. Your government despairingly decides to give the drug to all citizens under 26, but you and the rest of the ""Lost Generations""",True,3814188544,8.544384918001015
017_coauthor_kth_last_k29_t1_rep1,167,17,kth_last,29,1,2,65,31,1150,2130361448,coauthor,17,1,coauthor:creative:cecb749518a84dce992bdcb9c97ec242,0,8cd7f5d1c488179e2a4124586a8e6c502acf7323bd66dae526befd43da253620,cd8fd066b1094e226321e1cfe47bc4aaa7d5b3bbc73efc87f7a9c3c4a8cf04df,success,,512.0,512.0,512.0,False,,model_loaded,15.109310052997898,0.5584283380303532,0.4291853219619952,0.9876136599923484,0.9876136599923484,1084,3201,60284,95809435,248320,"{""allowed_count"": 248068, ""expected_count"": 248068, ""missing_expected"": [], ""ok"": true, ""stop_token_ids"": [248044, 248046], ""unexpected_allowed"": []}",2.1349611539626494,xgrammar,0.8421397799975239,3.2314002880011685,345,65,64,"[1465, 3738, 12987, 69794, 310, 264, 44229, 59132, 11, 1332, 279, 6416, 8716, 8640, 1384, 2113, 279, 33285, 383, 279, 2503, 7918, 13, 2985, 1141, 3238, 7786, 321, 1496, 4610, 11, 424, 6316, 680, 310, 33757, 279, 4614, 13, 1216, 6661, 551, 4221, 310, 3608, 264, 27206, 2904, 11, 748, 551, 47224, 279, 7083, 364, 264, 3841, 8059, 310, 279, 16242, 13, 2532, 11, 248046]","[1465, 3738, 12987, 69794, 310, 264, 44229, 59132, 11, 1332, 279, 6416, 8716, 8640, 1384, 2113, 279, 33285, 383, 279, 2503, 7918, 13, 2985, 1141, 3238, 7786, 321, 1496, 4610, 11, 424, 6316, 680, 310, 33757, 279, 4614, 13, 1216, 6661, 551, 4221, 310, 3608, 264, 27206, 2904, 11, 748, 551, 47224, 279, 7083, 364, 264, 3841, 8059, 310, 279, 16242, 13, 2532, 11]",248046,"[248046, 248044]",248046,1,True,True,[1],"He took Matt Damon to a Ferrari dealership, where the salesperson helped him put the automobile on the hard-top. With its low budget and high security, it turned out to shook the president. He knew he needed to pick a protective option, so he rented the vehicle for a quick transfer to the airport. There,",True,3827892224,8.446588807972148
018_coauthor_kth_last_k30_t1_rep1,168,18,kth_last,30,1,2,65,32,1153,1876602882,coauthor,18,1,coauthor:creative:98de646c88b04772b24503cb24056236,0,366afc942d42ab7ea5decf5b7f3d89ea352157a79bd42d509b8615cb65efb9d1,5f4f044b70e78f0a4c723dc1ab7aa118440ce71a0ea715b1a914e2bda272ada2,success,,512.0,512.0,512.0,False,,model_loaded,15.187563318002503,0.5215774469543248,0.4304132779943757,0.9519907249487005,0.9519907249487005,1089,3217,60635,96767782,248320,"{""allowed_count"": 248068, ""expected_count"": 248068, ""missing_expected"": [], ""ok"": true, ""stop_token_ids"": [248044, 248046], ""unexpected_allowed"": []}",2.2721821200102568,xgrammar,0.804434671998024,3.2399461989989504,113,65,64,"[1919, 21551, 12846, 421, 279, 4307, 3611, 6741, 6513, 20417, 430, 264, 60828, 314, 12987, 69794, 579, 2199, 11, 864, 369, 69072, 777, 288, 90329, 1056, 866, 5129, 8464, 13, 40597, 1000, 10386, 310, 20059, 836, 13486, 4370, 11, 3384, 781, 9077, 513, 279, 8906, 3444, 22262, 303, 1004, 6107, 13, 2332, 3603, 781, 513, 6379, 30755, 321, 1189, 1442, 2659, 494, 264, 6639, 248046]","[1919, 21551, 12846, 421, 279, 4307, 3611, 6741, 6513, 20417, 430, 264, 60828, 314, 12987, 69794, 579, 2199, 11, 864, 369, 69072, 777, 288, 90329, 1056, 866, 5129, 8464, 13, 40597, 1000, 10386, 310, 20059, 836, 13486, 4370, 11, 3384, 781, 9077, 513, 279, 8906, 3444, 22262, 303, 1004, 6107, 13, 2332, 3603, 781, 513, 6379, 30755, 321, 1189, 1442, 2659, 494, 264, 6639]",248046,"[248046, 248044]",248046,1,True,True,[1],"This notion suggests that the entire human race exists solely as a manifestation of Matt Damon's life, which is infinitely more wondrous than any standard reality. Noah would prefer to elite their existence instead, though they clearly are the innermost beings in our lives. At night they are completely inactive and may even die from a lack",True,3800873472,8.734267449006438
019_coauthor_kth_last_k32_t1_rep1,169,19,kth_last,32,1,2,65,34,1153,1362364570,coauthor,19,1,coauthor:creative:f9a09da62e19479d8b2c31d3a494f11b,0,68debed709cfe066ed12270c21c15ec0886fba1d70a50d1257e1c1aa8a95cce5,0e8e8d7abe727a83ea93e9a5810a3062b6393433dc0f688610c786bf0299d122,success,,512.0,512.0,512.0,False,,model_loaded,15.146482015028596,0.5394401150406338,0.43096055398928,0.9704006690299138,0.9704006690299138,1093,3231,60989,97614697,248320,"{""allowed_count"": 248068, ""expected_count"": 248068, ""missing_expected"": [], ""ok"": true, ""stop_token_ids"": [248044, 248046], ""unexpected_allowed"": []}",2.326111241010949,xgrammar,0.859054013970308,3.3185678140143864,236,65,64,"[5836, 4483, 264, 1248, 6808, 494, 279, 15162, 8222, 780, 495, 79976, 321, 1330, 32067, 4292, 11, 279, 26408, 653, 16, 17230, 5326, 49579, 321, 10263, 1083, 264, 40564, 505, 13, 271, 22610, 30800, 628, 6807, 2695, 586, 777, 1056, 3117, 11, 430, 3753, 948, 264, 653, 16, 31448, 49755, 14009, 506, 264, 2902, 22175, 4370, 314, 4184, 745, 13, 1061, 2050, 27735, 20659, 248046]","[5836, 4483, 264, 1248, 6808, 494, 279, 15162, 8222, 780, 495, 79976, 321, 1330, 32067, 4292, 11, 279, 26408, 653, 16, 17230, 5326, 49579, 321, 10263, 1083, 264, 40564, 505, 13, 271, 22610, 30800, 628, 6807, 2695, 586, 777, 1056, 3117, 11, 430, 3753, 948, 264, 653, 16, 31448, 49755, 14009, 506, 264, 2902, 22175, 4370, 314, 4184, 745, 13, 1061, 2050, 27735, 20659]",248046,"[248046, 248044]",248046,1,True,True,[1],"After taking a long drink from the bucket containing his ex-wife and two teenage son, the worthy #1 dad finally snaps and turns into a tyrant.

 wise assumptions can sometimes cost us more than money, as seen when a #1 Dad mug broke at a family gathering instead of someone else. This direct consequence highlights",True,3814109696,8.775274369982071
020_coauthor_kth_last_k33_t1_rep1,170,20,kth_last,33,1,2,65,35,1150,914935066,coauthor,20,1,coauthor:creative:fd2ec09a682148418ea610817afcc79a,0,6b9de1efb67b29c290f9509cdbb57c07b9b2155e98dce5ff88ca08be751dbf9b,0dead8ce8044232eb1ce977f6d2fb4870969ba4ff140507c21cb748a3d7a378d,success,,512.0,512.0,512.0,False,,model_loaded,15.158808940963354,0.5522529649897479,0.4289511850220151,0.981204150011763,0.981204150011763,1092,3229,60992,97498546,248320,"{""allowed_count"": 248068, ""expected_count"": 248068, ""missing_expected"": [], ""ok"": true, ""stop_token_ids"": [248044, 248046], ""unexpected_allowed"": []}",2.1376456300495192,xgrammar,0.8417327219503932,3.2975162389921024,238,65,64,"[7525, 64008, 11, 1092, 513, 678, 9861, 30, 328, 40, 1144, 488, 310, 2842, 66286, 1288, 279, 35997, 19386, 11, 791, 26112, 5774, 383, 678, 16388, 13, 328, 40, 1318, 488, 33808, 506, 728, 1149, 1394, 33808, 61454, 391, 11, 694, 1179, 14607, 421, 488, 998, 1990, 67401, 11, 321, 279, 35997, 51037, 303, 8855, 1345, 304, 34098, 488, 37679, 13, 328, 7525, 64008, 248046]","[7525, 64008, 11, 1092, 513, 678, 9861, 30, 328, 40, 1144, 488, 310, 2842, 66286, 1288, 279, 35997, 19386, 11, 791, 26112, 5774, 383, 678, 16388, 13, 328, 40, 1318, 488, 33808, 506, 728, 1149, 1394, 33808, 61454, 391, 11, 694, 1179, 14607, 421, 488, 998, 1990, 67401, 11, 321, 279, 35997, 51037, 303, 8855, 1345, 304, 34098, 488, 37679, 13, 328, 7525, 64008]",248046,"[248046, 248044]",248046,1,True,True,[2],"Your Majesty, what are your orders? ""I need you to stop hovering,"" the bee replied, perching directly on your shoulder. ""I want you nodded at me."" You nodded solemnly, but then realized that you were still airborne, and the bee sighed in agreement while hugging you tightly. ""Your Majesty",True,3814188544,8.704903403006028
021_coauthor_kth_last_k35_t1_rep1,171,21,kth_last,35,1,2,65,37,1138,633951183,coauthor,21,1,coauthor:creative:7b0cd9f4cae6467ca5bcd8c5e0aed9e6,0,cde027dce126503b40d3fe2ac9d9bb3d9563816a77ce4a4ae9d1116b70a69ff1,448d2e159ab25461cce2b5483c69b0044e0874e8ac228351b5659252a6bc079f,success,,512.0,512.0,512.0,False,,model_loaded,14.94008034298895,0.5404403959983028,0.42935819702688605,0.9697985930251889,0.9697985930251889,1084,3207,60650,96190333,248320,"{""allowed_count"": 248068, ""expected_count"": 248068, ""missing_expected"": [], ""ok"": true, ""stop_token_ids"": [248044, 248046], ""unexpected_allowed"": []}",2.128564301994629,xgrammar,0.8376274660113268,3.2343593029654585,339,65,64,"[10883, 11, 279, 3516, 4042, 9297, 49296, 421, 1141, 4621, 310, 10584, 8193, 7431, 1345, 19720, 3567, 22924, 682, 66746, 71384, 680, 279, 1546, 3567, 3992, 421, 2957, 4364, 30490, 375, 39164, 13, 50275, 11, 279, 6777, 88749, 1083, 264, 1675, 45585, 13486, 1332, 279, 8193, 2936, 5426, 30483, 11, 39306, 421, 279, 44141, 314, 279, 2235, 1814, 513, 1990, 33295, 23221, 836, 78659, 248044]","[10883, 11, 279, 3516, 4042, 9297, 49296, 421, 1141, 4621, 310, 10584, 8193, 7431, 1345, 19720, 3567, 22924, 682, 66746, 71384, 680, 279, 1546, 3567, 3992, 421, 2957, 4364, 30490, 375, 39164, 13, 50275, 11, 279, 6777, 88749, 1083, 264, 1675, 45585, 13486, 1332, 279, 8193, 2936, 5426, 30483, 11, 39306, 421, 279, 44141, 314, 279, 2235, 1814, 513, 1990, 33295, 23221, 836, 78659]",248046,"[248046, 248044]",248044,1,True,True,[1],"However, the United States eventually discovers that its attempt to adopt Chinese culture while maintaining American independence has inadvertently drowned out the very American language that once defined hobbyist discourse. Consequently, the nation settles into a post-war existence where the Chinese government rules firmly, unaware that the ruins of the old world are still intact beneath their paving",True,3827582464,8.603766189015005
022_coauthor_kth_last_k37_t1_rep1,172,22,kth_last,37,1,2,65,39,1118,39360620,coauthor,22,1,coauthor:creative:36bc101319da4b3590b96bce76f7c02c,0,62754e6673d980d8c8d005e3226846c1fc3fc29566901769596d5e0b952c2044,1014c090309de8458514fc9aae3bcb8e1afb5e9eba4398c0a1471a5a3a476e23,success,,512.0,512.0,512.0,False,,model_loaded,14.83613187703304,0.5189708649995737,0.42146499297814444,0.9404358579777181,0.9404358579777181,1068,3161,59844,93475292,248320,"{""allowed_count"": 248068, ""expected_count"": 248068, ""missing_expected"": [], ""ok"": true, ""stop_token_ids"": [248044, 248046], ""unexpected_allowed"": []}",2.2640770280268043,xgrammar,0.8115033679641783,3.2456542819854803,348,65,64,"[31628, 6933, 5326, 26731, 310, 6734, 780, 15191, 1495, 11, 13660, 421, 411, 854, 1292, 668, 1042, 1024, 4593, 1724, 321, 1423, 4184, 852, 9149, 15338, 1024, 36339, 13, 2838, 7123, 6999, 4487, 1083, 264, 491, 4864, 11, 16021, 1381, 421, 1292, 2677, 914, 381, 16087, 314, 1602, 12528, 466, 17030, 13, 6056, 11285, 314, 638, 62807, 2022, 6968, 290, 3769, 11, 321, 551, 248046]","[31628, 6933, 5326, 26731, 310, 6734, 780, 15191, 1495, 11, 13660, 421, 411, 854, 1292, 668, 1042, 1024, 4593, 1724, 321, 1423, 4184, 852, 9149, 15338, 1024, 36339, 13, 2838, 7123, 6999, 4487, 1083, 264, 491, 4864, 11, 16021, 1381, 421, 1292, 2677, 914, 381, 16087, 314, 1602, 12528, 466, 17030, 13, 6056, 11285, 314, 638, 62807, 2022, 6968, 290, 3769, 11, 321, 551]",248046,"[248046, 248044]",248046,1,True,True,[1],"Helena finally decides to trust his feelings again, knowing that this time she will let her heart open and find someone who truly loves her emotionally. She steps fully forward into a new relationship, confident now that she won't be afraid of being hurt or rejected. Her journey of self-awareness birthed hope, and he",True,3828045824,8.528162250004243
023_coauthor_kth_last_k38_t1_rep1,173,23,kth_last,38,1,2,65,40,1105,722542640,coauthor,23,1,coauthor:creative:11142ca391e749809df56da90091adb4,0,39330bdcdec597ced0bb5f63c04a6a5372b568ac04138fe9d4acfb1ce2c4eff2,c3372853f684a5eb8599ccb1ef60f934b6e26a46fae1183731c4a29a84afb5ec,success,,512.0,512.0,512.0,False,,model_loaded,14.912272507033776,0.5227476840373129,0.4169991270173341,0.939746811054647,0.939746811054647,1057,3129,59267,91608076,248320,"{""allowed_count"": 248068, ""expected_count"": 248068, ""missing_expected"": [], ""ok"": true, ""stop_token_ids"": [248044, 248046], ""unexpected_allowed"": []}",2.2578160419943742,xgrammar,0.8369983300217427,3.2911926559754647,367,65,64,"[47300, 36012, 5787, 15204, 11, 279, 6868, 25133, 264, 6007, 6697, 1332, 9495, 2543, 346, 10322, 1144, 524, 1121, 430, 17587, 53673, 694, 11385, 10971, 310, 3229, 52689, 452, 15592, 13, 561, 15200, 314, 279, 3255, 369, 421, 524, 660, 307, 3747, 2294, 58272, 513, 10287, 310, 381, 33416, 11, 3384, 279, 22952, 579, 15920, 4713, 303, 279, 2018, 1121, 557, 2944, 494, 12873, 248046]","[47300, 36012, 5787, 15204, 11, 279, 6868, 25133, 264, 6007, 6697, 1332, 9495, 2543, 346, 10322, 1144, 524, 1121, 430, 17587, 53673, 694, 11385, 10971, 310, 3229, 52689, 452, 15592, 13, 561, 15200, 314, 279, 3255, 369, 421, 524, 660, 307, 3747, 2294, 58272, 513, 10287, 310, 381, 33416, 11, 3384, 279, 22952, 579, 15920, 4713, 303, 279, 2018, 1121, 557, 2944, 494, 12873]",248046,"[248046, 248044]",248046,1,True,True,[1],"Dogmatic errors aside, the plot reflects a core theme where tail-waggers need not act as gatekeepers but bear witness to potpourri scenes. The moral of the story is that not all navel-gazers are intended to be eaten, though the pig's violent exit in the second act was far from nullable",True,3829026304,8.580147418018896
024_coauthor_kth_last_k40_t1_rep1,174,24,kth_last,40,1,2,65,42,1073,459407726,coauthor,24,1,coauthor:creative:f1d6f13474954193babf52cc2eab9353,0,50db56ca4b0828d39672f063941ece045cfe66ed03a140903cf0578afafa6be1,6851fc0496f79329371ba5efd37add147a567a056e91109cb7b095fe9982d46a,success,,512.0,512.0,512.0,False,,model_loaded,14.800162882020231,0.514919932000339,0.40063571505015716,0.9155556470504962,0.9155556470504962,1029,3047,57765,86907413,248320,"{""allowed_count"": 248068, ""expected_count"": 248068, ""missing_expected"": [], ""ok"": true, ""stop_token_ids"": [248044, 248046], ""unexpected_allowed"": []}",2.0623616999946535,xgrammar,0.8330823340220377,3.3152068690396845,355,65,64,"[21595, 557, 748, 11692, 539, 1024, 7948, 10252, 421, 780, 4307, 2407, 5820, 310, 34774, 430, 413, 551, 5326, 15513, 279, 10642, 8318, 303, 39338, 95610, 6284, 13, 1049, 6316, 680, 421, 279, 18255, 557, 3404, 264, 22411, 310, 780, 804, 1304, 11, 29621, 279, 542, 75265, 36452, 852, 995, 978, 9799, 1024, 494, 4661, 279, 15592, 660, 3055, 13, 2838, 36811, 22417, 314, 248046]","[21595, 557, 748, 11692, 539, 1024, 7948, 10252, 421, 780, 4307, 2407, 5820, 310, 34774, 430, 413, 551, 5326, 15513, 279, 10642, 8318, 303, 39338, 95610, 6284, 13, 1049, 6316, 680, 421, 279, 18255, 557, 3404, 264, 22411, 310, 780, 804, 1304, 11, 29621, 279, 542, 75265, 36452, 852, 995, 978, 9799, 1024, 494, 4661, 279, 15592, 660, 3055, 13, 2838, 36811, 22417, 314]",248046,"[248046, 248044]",248046,1,True,True,[1],"David was so excited by her warm welcome that his entire body began to glow as if he finally understood the magic waiting in confronted invisibly. It turned out that the painting was actually a portal to his true form, revealing the shapeshifter who had been watching her from behind the scenes all along. She cried tears of",True,3828408320,8.368936291022692
025_coauthor_kth_last_k42_t1_rep1,175,25,kth_last,42,1,2,65,44,1033,1308630757,coauthor,25,1,coauthor:creative:2a078f5a483346d283b90b5df863f87d,0,84245e3a2e8fbc627e6bbc330f2055ba075516e9deb9e1dade26b83ce52218a5,23790e5a374f9c997fcbf337d78c76499a33ac25026f960274a77d931b528194,success,,512.0,512.0,512.0,False,,model_loaded,14.905071843997575,0.6067833660054021,0.3808883589808829,0.987671724986285,0.987671724986285,993,2941,55799,81012562,248320,"{""allowed_count"": 248068, ""expected_count"": 248068, ""missing_expected"": [], ""ok"": true, ""stop_token_ids"": [248044, 248046], ""unexpected_allowed"": []}",2.0864303190028295,xgrammar,0.8800299200229347,3.252369419031311,220,65,64,"[2053, 264, 1067, 11, 411, 1809, 314, 2859, 682, 3512, 264, 1546, 10839, 321, 11886, 2902, 11, 22284, 685, 1496, 303, 279, 11421, 1809, 13, 2302, 3460, 264, 5812, 8381, 1602, 328, 21850, 653, 16, 31448, 1, 539, 54770, 1060, 5402, 310, 17987, 836, 6623, 430, 1786, 781, 628, 13, 4081, 513, 2503, 20503, 321, 24717, 509, 37795, 852, 1380, 836, 1786, 303, 1906, 248046]","[2053, 264, 1067, 11, 411, 1809, 314, 2859, 682, 3512, 264, 1546, 10839, 321, 11886, 2902, 11, 22284, 685, 1496, 303, 279, 11421, 1809, 13, 2302, 3460, 264, 5812, 8381, 1602, 328, 21850, 653, 16, 31448, 1, 539, 54770, 1060, 5402, 310, 17987, 836, 6623, 430, 1786, 781, 628, 13, 4081, 513, 2503, 20503, 321, 24717, 509, 37795, 852, 1380, 836, 1786, 303, 1906]",248046,"[248046, 248044]",248046,1,True,True,[1],"As a result, this group of men has become a very committed and dedicated family, ranking up high in the treated group. They face a serious challenge being ""Rank #1 Dad"" by dedicating themselves to raising their kids as best they can. These are hardworking and skilled chickers who try their best in order",True,3813480448,8.469750947027933
026_coauthor_kth_last_k43_t1_rep1,176,26,kth_last,43,1,2,65,45,1010,486991095,coauthor,26,1,coauthor:creative:bb4c49c8ca6d4b818262cf983e1e2a84,0,3160ed5bee2d4d4a29f661cb7102fbbb85e03cef3829ddc742387ebc6266d3a4,7af30013d8b71e48ec9e2fc585f5eb6899441d23bac9b891ef2f0e22476aa751,success,,512.0,512.0,512.0,False,,model_loaded,19.647876025992446,0.536446233978495,0.443296848970931,0.979743082949426,0.979743082949426,972,2879,54642,77660081,248320,"{""allowed_count"": 248068, ""expected_count"": 248068, ""missing_expected"": [], ""ok"": true, ""stop_token_ids"": [248044, 248046], ""unexpected_allowed"": []}",2.786015776975546,xgrammar,0.8344309910316952,3.3248953070142306,201,65,64,"[2278, 264, 27425, 314, 1141, 25368, 11, 279, 35997, 56507, 1083, 279, 12515, 430, 488, 14607, 488, 1362, 2579, 1141, 2526, 5827, 12415, 303, 279, 43776, 11, 1442, 3384, 678, 4307, 2199, 995, 15142, 488, 2577, 13, 1049, 995, 1066, 2445, 310, 1716, 383, 488, 11, 25773, 279, 51779, 57638, 430, 413, 424, 998, 264, 7856, 57983, 11, 4777, 18631, 310, 1366, 1204, 488, 248046]","[2278, 264, 27425, 314, 1141, 25368, 11, 279, 35997, 56507, 1083, 279, 12515, 430, 488, 14607, 488, 1362, 2579, 1141, 2526, 5827, 12415, 303, 279, 43776, 11, 1442, 3384, 678, 4307, 2199, 995, 15142, 488, 2577, 13, 1049, 995, 1066, 2445, 310, 1716, 383, 488, 11, 25773, 279, 51779, 57638, 430, 413, 424, 998, 264, 7856, 57983, 11, 4777, 18631, 310, 1366, 1204, 488]",248046,"[248046, 248044]",248046,1,True,True,[1],"With a flick of its wings, the bee vanished into the sky as you realized you could feel its small protectiveness in the breeze, even though your entire life had taught you better. It had just come to check on you, treating the catastrophic allergy as if it were a slight inconvenience, simply wanting to know how you",True,3812734464,9.302821915014647
027_coauthor_kth_last_k45_t1_rep1,177,27,kth_last,45,1,2,65,47,958,1103925040,coauthor,27,1,coauthor:creative:6ccf934ffb284b76b9fa7e57ecabd06b,0,a386d6ecadb5f67f2238a5688099e1103b0dc32ce51aa5441e123984a818676f,1f36c765d5c816b9f5ea41a7f0a862b4055e1d8d69a284b594b72aa67c18d127,success,,512.0,512.0,512.0,False,,model_loaded,19.547922888014,0.5378847499960102,0.40327634901041165,0.9411610990064219,0.9411610990064219,924,2737,51980,70247968,248320,"{""allowed_count"": 248068, ""expected_count"": 248068, ""missing_expected"": [], ""ok"": true, ""stop_token_ids"": [248044, 248046], ""unexpected_allowed"": []}",2.829659959010314,xgrammar,0.8283884489792399,3.3461496340460144,241,65,64,"[623, 48720, 314, 678, 28280, 10966, 11, 279, 32097, 35997, 28314, 352, 3325, 488, 303, 279, 28978, 11, 11293, 18869, 866, 71203, 1518, 61027, 286, 303, 1372, 53718, 11, 40593, 421, 678, 11109, 7129, 64960, 1442, 279, 27000, 579, 13, 1394, 513, 1381, 279, 12924, 60640, 314, 411, 5926, 579, 381, 2549, 520, 321, 1902, 9973, 3315, 310, 4054, 279, 29314, 2574, 539, 6775, 248046]","[623, 48720, 314, 678, 28280, 10966, 11, 279, 32097, 35997, 28314, 352, 3325, 488, 303, 279, 28978, 11, 11293, 18869, 866, 71203, 1518, 61027, 286, 303, 1372, 53718, 11, 40593, 421, 678, 11109, 7129, 64960, 1442, 279, 27000, 579, 13, 1394, 513, 1381, 279, 12924, 60640, 314, 411, 5926, 579, 381, 2549, 520, 321, 1902, 9973, 3315, 310, 4054, 279, 29314, 2574, 539, 6775]",248046,"[248046, 248044]",248046,1,True,True,[1],"In awe of your royal commands, the brave bee gently stabs you in the butt, sending barely any venom before ushering in serenity, signaling that your leadership skills surpassed even the queen's. You are now the sole monarch of this park's beehive and must decide whether to accept the reign given by nature",True,3814308352,9.320723393990193
028_coauthor_kth_last_k46_t1_rep1,178,28,kth_last,46,1,2,65,48,929,554583460,coauthor,28,1,coauthor:creative:377cda39f77d4be6bc47879d076b79d0,0,72902319f0b8763c364a00098dd748e39cc177e50bedb4f3c26cd6e16e144c18,bfd77b09a9c46efcecac438c40963492193c965ceb469979158cfc44576ca971,success,,512.0,512.0,512.0,False,,model_loaded,19.57972617499763,0.5381987659493461,0.41723230900242925,0.9554310749517754,0.9554310749517754,897,2657,50475,66235496,248320,"{""allowed_count"": 248068, ""expected_count"": 248068, ""missing_expected"": [], ""ok"": true, ""stop_token_ids"": [248044, 248046], ""unexpected_allowed"": []}",2.8127399439690635,xgrammar,0.8371525859693065,3.363182132015936,154,65,64,"[6820, 421, 1017, 513, 16253, 12313, 11, 279, 3202, 314, 29147, 1754, 799, 47571, 682, 6946, 11, 3154, 12573, 22328, 1442, 777, 15721, 364, 19060, 13, 271, 760, 1814, 314, 47678, 369, 264, 1814, 314, 10642, 11, 21831, 11, 321, 17407, 13, 4543, 421, 1017, 513, 16253, 12313, 279, 3202, 314, 29147, 1754, 682, 369, 6946, 13, 2302, 1902, 3827, 310, 31338, 411, 57382, 248046]","[6820, 421, 1017, 513, 16253, 12313, 11, 279, 3202, 314, 29147, 1754, 799, 47571, 682, 6946, 11, 3154, 12573, 22328, 1442, 777, 15721, 364, 19060, 13, 271, 760, 1814, 314, 47678, 369, 264, 1814, 314, 10642, 11, 21831, 11, 321, 17407, 13, 4543, 421, 1017, 513, 16253, 12313, 279, 3202, 314, 29147, 1754, 682, 369, 6946, 13, 2302, 1902, 3827, 310, 31338, 411, 57382]",248046,"[248046, 248044]",248046,1,True,True,[1],"Now that there are fewer humans, the amount of mana each one possesses has increased, making improved cooperation even more vital for survival.

The world of Mana is a world of magic, mystery, and adventure. Now that there are fewer humans the amount of mana each has is increased. They must learn to harness this heightened",True,3806685184,9.362859137996566
029_coauthor_kth_last_k48_t1_rep1,179,29,kth_last,48,1,2,65,50,865,1175729428,coauthor,29,1,coauthor:creative:fe4fd11d3f6e4386bf7ec81819c5ff10,0,1a8a5dc4679adab3730c06b974432652ae28fcce01c13e24fa060b944845af78,292d30c5474d405fd052a7f910c8c870d47e267f8edcfeb2ea30b5429b8074f1,success,,512.0,512.0,512.0,False,,model_loaded,19.319438300968613,0.5518293809727766,0.3983573829755187,0.9501867639482953,0.9501867639482953,837,2479,47117,57730561,248320,"{""allowed_count"": 248068, ""expected_count"": 248068, ""missing_expected"": [], ""ok"": true, ""stop_token_ids"": [248044, 248046], ""unexpected_allowed"": []}",2.8231730299885385,xgrammar,0.8475632449844852,3.3285062730428763,210,65,64,"[19205, 1439, 14060, 18105, 520, 31805, 11, 874, 436, 812, 27931, 614, 42304, 557, 3397, 3816, 30619, 279, 1428, 1007, 314, 279, 3725, 13, 561, 3655, 557, 449, 61241, 430, 279, 1814, 292, 806, 10431, 303, 36049, 321, 56265, 13, 561, 20513, 557, 524, 24832, 694, 25082, 264, 6639, 314, 6734, 303, 264, 6777, 421, 7656, 26271, 1141, 1765, 4802, 310, 869, 3611, 2199, 248046]","[19205, 1439, 14060, 18105, 520, 31805, 11, 874, 436, 812, 27931, 614, 42304, 557, 3397, 3816, 30619, 279, 1428, 1007, 314, 279, 3725, 13, 561, 3655, 557, 449, 61241, 430, 279, 1814, 292, 806, 10431, 303, 36049, 321, 56265, 13, 561, 20513, 557, 524, 24832, 694, 25082, 264, 6639, 314, 6734, 303, 264, 6777, 421, 7656, 26271, 1141, 1765, 4802, 310, 869, 3611, 2199]",248046,"[248046, 248044]",248046,1,True,True,[1],"Despite these prodigitsive achievements, no Larkinsonite shipment was ever received imaging the current year of the future. The wait was an eternity as the world bled apart in grief and dismissal. The silence was not peaceful but reflected a lack of trust in a nation that distrusted its own resources to value human life",True,3813088768,9.293544045009185
030_coauthor_repeat_after_k_k1_t3_rep1,180,0,repeat_after_k,1,3,2,65,6,439,1035163104,coauthor,30,1,coauthor:creative:5773114053f147a69bd6790843ea4fd8,0,62d377d0a1e5edff67abf4596d858259745ac2fbfddae47ac7c1994f3220fb0c,d21d547c1d9d587dd29fd9a47cb50f4103b033b6773b08f63de661173ee5d665,success,,512.0,512.0,512.0,False,,model_loaded,14.699764942983165,0.5386554559809156,0.06252250104444101,0.6011779570253566,0.6011779570253566,321,1061,18074,9470820,248320,"{""allowed_count"": 248068, ""expected_count"": 248068, ""missing_expected"": [], ""ok"": true, ""stop_token_ids"": [248044, 248046], ""unexpected_allowed"": []}",2.11210927501088,xgrammar,0.8618210019776598,3.343040245003067,512,65,64,"[15337, 279, 35336, 18378, 310, 381, 21030, 11, 780, 4139, 5331, 1265, 668, 4222, 5106, 279, 22952, 632, 1218, 26619, 11, 3154, 780, 3603, 1691, 4860, 1056, 28148, 13, 5586, 4473, 1965, 1902, 381, 2050, 321, 2716, 1973, 13861, 24150, 362, 13, 561, 35336, 3738, 680, 264, 11629, 314, 39332, 321, 716, 1070, 1441, 1518, 279, 22952, 13, 328, 40, 3769, 488, 13383, 13383, 248044]","[15337, 279, 35336, 18378, 310, 381, 21030, 11, 780, 4139, 5331, 1265, 668, 4222, 5106, 279, 22952, 632, 1218, 26619, 11, 3154, 780, 3603, 1691, 4860, 1056, 28148, 13, 5586, 4473, 1965, 1902, 381, 2050, 321, 2716, 1973, 13861, 24150, 362, 13, 561, 35336, 3738, 680, 264, 11629, 314, 39332, 321, 716, 1070, 1441, 1518, 279, 22952, 13, 328, 40, 3769, 488, 13383, 13383]",248046,"[248046, 248044]",248044,1,True,True,"[0, 0, 2]","Although the wolf promised to be gentle, his half-reaction will likely leave the pig unfulfilled, making his night much longer than anticipated. Any further response must be direct and short without emotional elaboration. The wolf took out a plate of apples and set them down before the pig. ""I hope you fruit fruit",True,3844910592,8.189163941948209
031_coauthor_repeat_after_k_k2_t3_rep1,181,1,repeat_after_k,2,3,2,65,9,618,1695917781,coauthor,31,1,coauthor:creative:b0a2fd2acd9f49ebabf15233e8711c0b,0,c2e10f6c2b9e130f7f7eb744704cfa9fff976a844aea94f24a274b39633739b2,e048f9197edb2bf1f2fe7049c3aa493336a653e8a9fa67190153fc07aed6d469,success,,512.0,512.0,512.0,False,,model_loaded,14.329448005009908,0.5194657589890994,0.13730161200510338,0.6567673709942028,0.6567673709942028,502,1974,33273,23843487,248320,"{""allowed_count"": 248068, ""expected_count"": 248068, ""missing_expected"": [], ""ok"": true, ""stop_token_ids"": [248044, 248046], ""unexpected_allowed"": []}",2.1092959129600786,xgrammar,0.8453549999976531,3.2437937009963207,266,65,64,"[2053, 4970, 430, 279, 34924, 11938, 11, 12987, 14607, 440, 264, 281, 4675, 421, 551, 5532, 914, 1066, 264, 40470, 26, 551, 557, 37811, 310, 264, 2199, 314, 20783, 321, 6570, 4161, 2022, 11, 18484, 303, 279, 715, 2980, 551, 557, 21711, 310, 264, 7803, 321, 8173, 310, 9982, 5757, 13, 141247, 106407, 111565, 38496, 96200, 104613, 109356, 102110, 119373, 129797, 22396, 375, 22396, 248046]","[2053, 4970, 430, 279, 34924, 11938, 11, 12987, 14607, 440, 264, 281, 4675, 421, 551, 5532, 914, 1066, 264, 40470, 26, 551, 557, 37811, 310, 264, 2199, 314, 20783, 321, 6570, 4161, 2022, 11, 18484, 303, 279, 715, 2980, 551, 557, 21711, 310, 264, 7803, 321, 8173, 310, 9982, 5757, 13, 141247, 106407, 111565, 38496, 96200, 104613, 109356, 102110, 119373, 129797, 22396, 375, 22396]",248046,"[248046, 248044]",248046,1,True,True,"[0, 2, 0]","As soon as the aliens spoke, Matt realized with a frown that he wasn't just a prisoner; he was resigned to a life of surveillance and constant nothingness, floating in the void until he was transferred to a station and connected to weapon systems.巧妙的转折展示了Matt从单纯的游戏主角转变为冷酷 receptionist reception",True,3819613696,8.079229791997932
032_coauthor_repeat_after_k_k3_t3_rep1,182,2,repeat_after_k,3,3,2,65,12,791,100836408,coauthor,32,1,coauthor:creative:d9389125a7624e34a2fde4243f88bdd6,0,606fcf30833f5df41c8bbb8deb92ec70d03d9aaad68e7b660c6becf4caed3472,8182cd225daa3ec45bfb77735ded77f0325a340c9db7c865850b524e2a7d3cd7,success,,512.0,512.0,512.0,False,,model_loaded,14.699858974025119,0.5269415419897996,0.21280817495426163,0.7397497169440612,0.7397497169440612,677,2857,48718,43920591,248320,"{""allowed_count"": 248068, ""expected_count"": 248068, ""missing_expected"": [], ""ok"": true, ""stop_token_ids"": [248044, 248046], ""unexpected_allowed"": []}",2.0986489889910445,xgrammar,0.8256505950121209,3.282935102004558,132,65,64,"[760, 30557, 1381, 14217, 3658, 310, 1228, 279, 92043, 21110, 314, 2279, 421, 5326, 75963, 303, 836, 12497, 13, 1577, 836, 18645, 59462, 11, 279, 32709, 3045, 4649, 34343, 421, 81728, 1472, 1070, 81012, 321, 1179, 45441, 1142, 11, 13064, 310, 836, 3889, 1990, 2022, 13, 2302, 998, 524, 22559, 11, 3384, 11, 364, 279, 4649, 995, 524, 56507, 26, 24717, 73410, 35761, 24717, 248044]","[760, 30557, 1381, 14217, 3658, 310, 1228, 279, 92043, 21110, 314, 2279, 421, 5326, 75963, 303, 836, 12497, 13, 1577, 836, 18645, 59462, 11, 279, 32709, 3045, 4649, 34343, 421, 81728, 1472, 1070, 81012, 321, 1179, 45441, 1142, 11, 13064, 310, 836, 3889, 1990, 2022, 13, 2302, 998, 524, 22559, 11, 3384, 11, 364, 279, 4649, 995, 524, 56507, 26, 24717, 73410, 35761, 24717]",248046,"[248046, 248044]",248044,1,True,True,"[2, 0, 0]","The survivors now stood together to test the fleeting surge of power that finally manifested in their bodies. As their fingers brushed, the cobalt energy rivers that flowed through them surged and then snapped back, returning to their original stillness. They were not defeated, though, for the energy had not vanished; skilled shin inherent skilled",True,3805819904,8.218095904041547
033_coauthor_repeat_after_k_k4_t3_rep1,183,3,repeat_after_k,4,3,2,65,15,958,50416720,coauthor,33,1,coauthor:creative:e473b59b1628452f9d7ac68bea6d36ff,0,0e55e00d21f558f028bc4a9addec01d26c32b13e5bff537f47463d3551f9b857,7d9a4c609eef69cebd4d47ff494a2dabec6f881c59593b5b1422fb5709ba2b57,success,,512.0,512.0,512.0,False,,model_loaded,14.691811082011554,0.5235833380138502,0.2831092359847389,0.8066925739985891,0.8066925739985891,846,3710,63773,69077775,248320,"{""allowed_count"": 248068, ""expected_count"": 248068, ""missing_expected"": [], ""ok"": true, ""stop_token_ids"": [248044, 248046], ""unexpected_allowed"": []}",2.077754642989021,xgrammar,0.8424871590104885,3.246295295015443,274,65,64,"[2053, 488, 14936, 279, 12069, 321, 13569, 11340, 2528, 310, 279, 5333, 11, 488, 21146, 6273, 279, 10958, 12601, 314, 678, 491, 11, 42780, 11, 321, 11040, 33764, 37119, 13, 318, 8839, 25, 561, 9640, 16561, 364, 264, 39811, 11, 748, 411, 11316, 1220, 1732, 279, 15754, 314, 279, 3766, 1414, 13, 561, 3889, 3255, 15123, 9257, 440, 279, 25794, 314, 279, 17789, 25794, 248046]","[2053, 488, 14936, 279, 12069, 321, 13569, 11340, 2528, 310, 279, 5333, 11, 488, 21146, 6273, 279, 10958, 12601, 314, 678, 491, 11, 42780, 11, 321, 11040, 33764, 37119, 13, 318, 8839, 25, 561, 9640, 16561, 364, 264, 39811, 11, 748, 411, 11316, 1220, 1732, 279, 15754, 314, 279, 3766, 1414, 13, 561, 3889, 3255, 15123, 9257, 440, 279, 25794, 314, 279, 17789, 25794]",248046,"[248046, 248044]",248046,1,True,True,"[2, 0, 0]","As you watched the television and slowly granted access to the drug, you instantly felt the familiar rush of your new, fragile, and entirely unwanted dawn. (Note: The prompt asks for a continuation, so this sentence should follow the tone of the provided text. The original story arc continues with the twist of the discovery twist",True,3820027392,8.229133462999016
034_coauthor_repeat_after_k_k5_t3_rep1,184,4,repeat_after_k,5,3,2,65,18,1119,704020099,coauthor,34,1,coauthor:creative:961d4965c2c94d7b98223b2f3c9eb30a,0,d45312b717b9622531d9b625b5b90172c3b7eb37005230eb1e3b4c63f582c678,004a21eb82f05ccf05f709874fd1b60d32050abad831df50a052605ecf7b27fa,success,,512.0,512.0,512.0,False,,model_loaded,14.934476263006218,0.49378260696539655,0.35774775297613814,0.8515303599415347,0.8515303599415347,1009,4533,78550,98712066,248320,"{""allowed_count"": 248068, ""expected_count"": 248068, ""missing_expected"": [], ""ok"": true, ""stop_token_ids"": [248044, 248046], ""unexpected_allowed"": []}",2.3100602129707113,xgrammar,0.8112781780073419,3.346567516971845,234,65,64,"[41, 26132, 579, 4588, 4642, 8826, 264, 7239, 55112, 383, 22804, 579, 1375, 1345, 3221, 506, 279, 3777, 855, 440, 264, 1353, 421, 557, 2107, 55570, 1218, 321, 2400, 314, 21542, 13, 328, 2064, 579, 14457, 8847, 488, 1495, 11, 821, 4099, 1288, 80426, 1018, 54166, 11, 780, 7497, 90493, 9781, 430, 413, 494, 264, 27786, 72643, 13, 27418, 3069, 40597, 557, 874, 27418, 248046]","[41, 26132, 579, 4588, 4642, 8826, 264, 7239, 55112, 383, 22804, 579, 1375, 1345, 3221, 506, 279, 3777, 855, 440, 264, 1353, 421, 557, 2107, 55570, 1218, 321, 2400, 314, 21542, 13, 328, 2064, 579, 14457, 8847, 488, 1495, 11, 821, 4099, 1288, 80426, 1018, 54166, 11, 780, 7497, 90493, 9781, 430, 413, 494, 264, 27786, 72643, 13, 27418, 3069, 40597, 557, 874, 27418]",248046,"[248046, 248044]",248046,1,True,True,"[2, 0, 0]","JFK's former President placed a firm handshake on Barack's hand while looking at the young man with a look that was both sorrowful and full of regret. ""It's strange seeing you again, my friend,"" JFK said softly, his voice echoing slightly as if from a distant cavern. questioned why Noah was no questioned",True,3814031872,8.554209499037825
035_coauthor_repeat_after_k_k6_t3_rep1,185,5,repeat_after_k,6,3,2,65,21,1274,906234460,coauthor,35,1,coauthor:creative:94e6de534f4b4e2d965348fc3f4e317d,0,c774c54e76f729084785f84f1fc13c04a954f887eb4de1a678e669ef94711108,719f2fb8b8a9e9328d92b1baf6dc1ea4aaabf01b2cf9bd933a1f57fa7459247e,success,,512.0,512.0,512.0,False,,model_loaded,15.334577119967435,0.5421838819747791,0.4502692759851925,0.9924531579599716,0.9924531579599716,1166,5326,92805,132241875,248320,"{""allowed_count"": 248068, ""expected_count"": 248068, ""missing_expected"": [], ""ok"": true, ""stop_token_ids"": [248044, 248046], ""unexpected_allowed"": []}",2.1061539229704067,xgrammar,0.864612270030193,3.316531667020172,561,65,64,"[2053, 488, 28953, 303, 678, 13518, 11, 279, 6851, 1518, 488, 20352, 4924, 310, 381, 15780, 36192, 11339, 11, 279, 2172, 6351, 6483, 3460, 488, 2908, 7157, 678, 4307, 2199, 63862, 321, 8415, 13, 3437, 635, 488, 708, 303, 364, 30, 1394, 913, 593, 6052, 11591, 4543, 11, 4338, 3655, 1345, 353, 6052, 821, 10976, 321, 353, 6625, 411, 310, 488, 0, 1061, 6625, 248046]","[2053, 488, 28953, 303, 678, 13518, 11, 279, 6851, 1518, 488, 20352, 4924, 310, 381, 15780, 36192, 11339, 11, 279, 2172, 6351, 6483, 3460, 488, 2908, 7157, 678, 4307, 2199, 63862, 321, 8415, 13, 3437, 635, 488, 708, 303, 364, 30, 1394, 913, 593, 6052, 11591, 4543, 11, 4338, 3655, 1345, 353, 6052, 821, 10976, 321, 353, 6625, 411, 310, 488, 0, 1061, 6625]",248046,"[248046, 248044]",248046,1,True,True,"[0, 2, 0]","As you freeze in your tracks, the figure before you reveals itself to be Queen Bee herself, the great mother whose face you've spent your entire life obedience and fear. What do you go in for? You type / finish/. Now, please wait while I finish my thoughts and I shown this to you! This shown",True,3851643392,8.571078010019846
036_coauthor_repeat_after_k_k7_t3_rep1,186,6,repeat_after_k,7,3,2,65,24,1423,2047505644,coauthor,36,1,coauthor:creative:8485dc74018447939e7fd20e351b63c9,0,2200777967e0df4e28515b3bd8ba9b48486dae985f8d159a6c040eef75c633fc,b924106e2d006945a601d07c3d563c10174700c8d98215b8d473b2f394f240b0,success,,512.0,512.0,512.0,False,,model_loaded,14.903155186970253,0.5524016250274144,0.5322341209976003,1.0846357460250147,1.0846357460250147,1317,6089,106310,169106997,248320,"{""allowed_count"": 248068, ""expected_count"": 248068, ""missing_expected"": [], ""ok"": true, ""stop_token_ids"": [248044, 248046], ""unexpected_allowed"": []}",2.0692797650117427,xgrammar,0.8242736689862795,3.2965025769663043,226,65,64,"[23554, 391, 11, 488, 2895, 279, 29592, 58791, 680, 314, 279, 31253, 440, 264, 19899, 314, 10963, 11, 45970, 52039, 310, 1387, 836, 20513, 13, 25067, 11, 279, 28855, 2526, 7993, 35997, 579, 16724, 11833, 67586, 430, 488, 12601, 8574, 279, 33389, 11, 4313, 310, 4300, 279, 2957, 3309, 46389, 305, 16710, 1142, 1172, 678, 2444, 3594, 13, 4486, 488, 16821, 11, 488, 3594, 248046]","[23554, 391, 11, 488, 2895, 279, 29592, 58791, 680, 314, 279, 31253, 440, 264, 19899, 314, 10963, 11, 45970, 52039, 310, 1387, 836, 20513, 13, 25067, 11, 279, 28855, 2526, 7993, 35997, 579, 16724, 11833, 67586, 430, 488, 12601, 8574, 279, 33389, 11, 4313, 310, 4300, 279, 2957, 3309, 46389, 305, 16710, 1142, 1172, 678, 2444, 3594, 13, 4486, 488, 16821, 11, 488, 3594]",248046,"[248046, 248044]",248046,1,True,True,"[0, 0, 2]","Quickly, you lead the trapped swarm out of the barn with a burst of freedom, shouting loudly to break their silence. Meanwhile, the annoying small cat bee's sharp complaint echoes as you rush toward the gates, trying to bring the once-innocent creature back under your control air. After you arrive, you air",True,3813718016,8.555411813023966
037_coauthor_repeat_after_k_k8_t3_rep1,187,7,repeat_after_k,8,3,2,65,27,1566,1591393197,coauthor,37,1,coauthor:creative:050118bfac954920a524e7070132690b,0,57fdc358dbac92f303338eb57c3b69b75a25f36e3eaddd0d5a5a2cc3b9d013b1,f0439e159ac6c7e5cbdb422c7650890707d761639362ab32096e5f3b5f143c48,success,,512.0,512.0,512.0,False,,model_loaded,15.160574520006776,0.5326740559539758,0.594513004005421,1.1271870599593967,1.1271870599593967,1462,6822,119525,208768611,248320,"{""allowed_count"": 248068, ""expected_count"": 248068, ""missing_expected"": [], ""ok"": true, ""stop_token_ids"": [248044, 248046], ""unexpected_allowed"": []}",2.068653900991194,xgrammar,0.8277843320393004,3.2593833230203018,342,65,64,"[760, 20913, 306, 40409, 6454, 2399, 278, 3542, 3520, 874, 5576, 694, 310, 6849, 1562, 220, 24, 16, 16, 1345, 10932, 7374, 888, 279, 17312, 4732, 11, 45970, 1083, 279, 3603, 3594, 421, 279, 26825, 513, 1865, 321, 33544, 310, 6266, 440, 279, 4142, 9324, 1245, 1017, 303, 279, 13592, 11, 35325, 20335, 421, 279, 4479, 197597, 668, 524, 381, 28969, 1521, 551, 4479, 248044]","[760, 20913, 306, 40409, 6454, 2399, 278, 3542, 3520, 874, 5576, 694, 310, 6849, 1562, 220, 24, 16, 16, 1345, 10932, 7374, 888, 279, 17312, 4732, 11, 45970, 1083, 279, 3603, 3594, 421, 279, 26825, 513, 1865, 321, 33544, 310, 6266, 440, 279, 4142, 9324, 1245, 1017, 303, 279, 13592, 11, 35325, 20335, 421, 279, 4479, 197597, 668, 524, 381, 28969, 1521, 551, 4479]",248046,"[248046, 248044]",248044,1,True,True,"[0, 2, 0]","The Nikidaji/fictional character makes no choice but to immediately call 911 while standing guard over the mirror outside, shouting into the night air that the witnesses are real and requesting to speak with the police officers right there in the hall, declaring explicitly that the docofer will not be approaching because he doc",True,3827737088,8.551798250991851
038_coauthor_repeat_after_k_k9_t3_rep1,188,8,repeat_after_k,9,3,2,65,30,1703,1354829003,coauthor,38,1,coauthor:creative:826e515ad8af4f68a59534c15844da37,0,601e330840eef6dbcc098964e67228dcd6383166f02afebea3c4392e4b6c1356,8fe24c174c49499e2cdb2f3d9e8836d55b35e911ca5287ddcfeb53a3cf760fc3,success,,512.0,512.0,512.0,False,,model_loaded,14.893780688988045,0.5021201680065133,0.6481625550077297,1.150282723014243,1.150282723014243,1601,7525,132213,250709280,248320,"{""allowed_count"": 248068, ""expected_count"": 248068, ""missing_expected"": [], ""ok"": true, ""stop_token_ids"": [248044, 248046], ""unexpected_allowed"": []}",1.9979065359802917,xgrammar,0.8270006940001622,3.2993080249871127,249,65,64,"[2523, 25194, 780, 1375, 321, 2466, 328, 37663, 6312, 30, 561, 269, 9565, 6312, 30, 3648, 314, 1004, 34063, 37919, 7285, 1216, 79808, 874, 13, 328, 47, 4521, 310, 3258, 488, 11, 4248, 13, 4642, 11, 353, 1044, 3629, 94039, 25397, 6, 18494, 506, 279, 5626, 4526, 1149, 1394, 44315, 506, 1384, 303, 70763, 3447, 13, 328, 3710, 369, 411, 49977, 7285, 488, 3447, 248046]","[2523, 25194, 780, 1375, 321, 2466, 328, 37663, 6312, 30, 561, 269, 9565, 6312, 30, 3648, 314, 1004, 34063, 37919, 7285, 1216, 79808, 874, 13, 328, 47, 4521, 310, 3258, 488, 11, 4248, 13, 4642, 11, 353, 1044, 3629, 94039, 25397, 6, 18494, 506, 279, 5626, 4526, 1149, 1394, 44315, 506, 1384, 303, 70763, 3447, 13, 328, 3710, 369, 411, 49977, 7285, 488, 3447]",248046,"[248046, 248044]",248046,1,True,True,"[0, 2, 0]","You shake his hand and ask ""George Washington? Theor George Washington? One of our founding fathers?"" He nods no. ""Pleased to meet you, Mr. President, I am John Quincy Adams' secretary at the White House."" You stare at him in disbelief details. ""What is this madness?"" you details",True,3814622208,8.505465816997457
039_coauthor_repeat_after_k_k10_t3_rep1,189,9,repeat_after_k,10,3,2,65,33,1834,960241455,coauthor,39,1,coauthor:creative:f58ab329f0764998a66dc23a54e81abd,0,e57bbe3af9ecc87689de8ebcf02d31b30b2402165fdec24a88e268e940420267,5fcd9f470ea62a32afb76b578f60fc8b5e0f94b8fbfb649ead50567f0d733dea,success,,512.0,512.0,512.0,False,,model_loaded,16.09091756498674,0.6197909559705295,0.8060033160145395,1.425794271985069,1.425794271985069,1734,8198,144375,294432951,248320,"{""allowed_count"": 248068, ""expected_count"": 248068, ""missing_expected"": [], ""ok"": true, ""stop_token_ids"": [248044, 248046], ""unexpected_allowed"": []}",2.363518902042415,xgrammar,0.8552761159953661,3.3784980840282515,369,65,64,"[760, 38334, 34924, 11, 3322, 1027, 325, 12852, 64524, 364, 26706, 1578, 11, 14413, 12706, 781, 4191, 264, 7920, 10498, 440, 21265, 4016, 310, 264, 10647, 21110, 303, 3611, 6337, 883, 279, 2716, 9581, 854, 5640, 5548, 13, 1061, 16015, 28695, 1362, 13188, 8418, 430, 279, 4574, 13759, 5689, 364, 279, 41513, 314, 7763, 9389, 466, 279, 32866, 314, 8649, 1881, 279, 1330, 7763, 248046]","[760, 38334, 34924, 11, 3322, 1027, 325, 12852, 64524, 364, 26706, 1578, 11, 14413, 12706, 781, 4191, 264, 7920, 10498, 440, 21265, 4016, 310, 264, 10647, 21110, 303, 3611, 6337, 883, 279, 2716, 9581, 854, 5640, 5548, 13, 1061, 16015, 28695, 1362, 13188, 8418, 430, 279, 4574, 13759, 5689, 364, 279, 41513, 314, 7763, 9389, 466, 279, 32866, 314, 8649, 1881, 279, 1330, 7763]",248046,"[248046, 248044]",248046,1,True,True,"[0, 0, 2]","The surviving aliens, having coexisted peacefully for countless years, suddenly realize they share a hidden bond with humanity due to a sudden surge in human knowledge about the short interval time travel ability. This unexpected alliance could potentially serve as the perfect bridge necessary for the elimination of interested parties or the restoration of peace between the two interested",True,3829131776,9.310765917995013
040_coauthor_repeat_after_k_k11_t3_rep1,190,10,repeat_after_k,11,3,2,65,36,1959,1428620970,coauthor,40,1,coauthor:creative:b30d52ea5e7346b19568167cfd2e47c0,0,a9eff65c071f500919c7031adb99295f7e7f4717eb85a82c4d9606d0e032f814,a5017387851fc34a92a72aaac1256a0663d86a3ff747f99b2b4117ac3e837463,success,,512.0,512.0,512.0,False,,model_loaded,15.516281504998915,0.5932993100141175,0.8736776360310614,1.466976946045179,1.466976946045179,1861,8841,155997,339464955,248320,"{""allowed_count"": 248068, ""expected_count"": 248068, ""missing_expected"": [], ""ok"": true, ""stop_token_ids"": [248044, 248046], ""unexpected_allowed"": []}",2.1103593059815466,xgrammar,0.81775387696689,3.3424307370441966,1097,65,64,"[40, 4439, 279, 2235, 5054, 3069, 1292, 4674, 310, 12368, 279, 3980, 1292, 8640, 1791, 11, 3322, 7157, 660, 421, 854, 4313, 310, 11774, 353, 557, 279, 1132, 38276, 35997, 12506, 314, 13595, 279, 1814, 494, 279, 10539, 2493, 314, 38152, 321, 557, 1630, 13, 353, 29547, 506, 1024, 321, 29072, 413, 14859, 557, 279, 804, 6093, 13, 55767, 11, 353, 5312, 1024, 14859, 248046]","[40, 4439, 279, 2235, 5054, 3069, 1292, 4674, 310, 12368, 279, 3980, 1292, 8640, 1791, 11, 3322, 7157, 660, 421, 854, 4313, 310, 11774, 353, 557, 279, 1132, 38276, 35997, 12506, 314, 13595, 279, 1814, 494, 279, 10539, 2493, 314, 38152, 321, 557, 1630, 13, 353, 29547, 506, 1024, 321, 29072, 413, 14859, 557, 279, 804, 6093, 13, 55767, 11, 353, 5312, 1024, 14859]",248046,"[248046, 248044]",248046,1,True,True,"[2, 0, 0]","I asked the old woman why she wanted to repair the war she helped create, having spent all that time trying to prove I was the only princess bee capable of saving the world from the combined might of bees and wasps. I smiled at her and wondered if partnership was the true solution. Suddenly, I saw her partnership",True,3917112832,8.990405653021298
041_coauthor_repeat_after_k_k12_t3_rep1,191,11,repeat_after_k,12,3,2,65,39,2078,1757542323,coauthor,41,1,coauthor:creative:c3c445a6c1d34b329ec1ef4acfddd30d,0,6092524c30105f55f76d377c9bff21caf63e69f1af8641c3069984304ba42295,d7058b0144f98d7b57797e646284d3f1b6b5cced11f096d5f34f94f6d958a501,success,,512.0,512.0,512.0,False,,model_loaded,15.545800092979334,0.6025434900075197,0.911908563983161,1.5144520539906807,1.5144520539906807,1982,9454,167079,385352007,248320,"{""allowed_count"": 248068, ""expected_count"": 248068, ""missing_expected"": [], ""ok"": true, ""stop_token_ids"": [248044, 248046], ""unexpected_allowed"": []}",2.2455913920421153,xgrammar,0.824489131977316,3.2872355920262635,305,65,64,"[40, 51037, 321, 33757, 821, 1901, 28314, 506, 411, 30538, 477, 1518, 89820, 4124, 364, 6866, 728, 279, 23963, 310, 3460, 1680, 449, 23000, 19568, 13, 1577, 279, 82378, 20513, 13569, 5743, 11, 821, 3838, 88408, 1142, 310, 279, 1834, 948, 353, 1669, 6818, 38456, 883, 264, 13280, 25158, 4370, 314, 24949, 5830, 57182, 13, 55767, 11, 264, 10337, 314, 38152, 58145, 1083, 24949, 248046]","[40, 51037, 321, 33757, 821, 1901, 28314, 506, 411, 30538, 477, 1518, 89820, 4124, 364, 6866, 728, 279, 23963, 310, 3460, 1680, 449, 23000, 19568, 13, 1577, 279, 82378, 20513, 13569, 5743, 11, 821, 3838, 88408, 1142, 310, 279, 1834, 948, 353, 1669, 6818, 38456, 883, 264, 13280, 25158, 4370, 314, 24949, 5830, 57182, 13, 55767, 11, 264, 10337, 314, 38152, 58145, 1083, 24949]",248046,"[248046, 248044]",248046,1,True,True,"[2, 0, 0]","I sighed and shook my head gently at this absurdity before thanking God for giving me the courage to face such an extraordinary visitor. As the buzzing silence slowly returned, my mind drifted back to the day when I found myself worrying about a tiny insect instead of christening ceremonies. Suddenly, a cluster of bees erupted into christ",True,3821627904,9.137325212010182
042_coauthor_repeat_after_k_k13_t3_rep1,192,12,repeat_after_k,13,3,2,65,42,2191,138572706,coauthor,42,1,coauthor:creative:f878effe792c4076a90bf4b69daf33e7,0,e53a7632362602079c9e8747ef2d98de853e8b06d2ea603dc9077192ab38e89a,bc1a145c60efc8d40f3ca9d14e621efba417e28b31235aaa0d99ea3a42d9c62e,success,,512.0,512.0,512.0,False,,model_loaded,19.48562747996766,0.5752918380312622,0.9417367809801362,1.5170286190113984,1.5170286190113984,2097,10037,177621,431662206,248320,"{""allowed_count"": 248068, ""expected_count"": 248068, ""missing_expected"": [], ""ok"": true, ""stop_token_ids"": [248044, 248046], ""unexpected_allowed"": []}",2.039957973989658,xgrammar,0.8327564770006575,3.286607864953112,167,65,64,"[6825, 2688, 15252, 310, 6512, 488, 628, 35097, 11, 694, 2466, 5941, 413, 488, 2224, 9539, 310, 3512, 279, 2781, 781, 303, 678, 2902, 513, 15230, 1066, 539, 6149, 1149, 328, 40, 21778, 353, 628, 381, 264, 21613, 1288, 488, 1018, 69621, 11, 328, 7834, 353, 628, 1048, 381, 279, 23037, 11, 24832, 2781, 821, 2748, 5326, 2659, 314, 2235, 4092, 1149, 2302, 23037, 248046]","[6825, 2688, 15252, 310, 6512, 488, 628, 35097, 11, 694, 2466, 5941, 413, 488, 2224, 9539, 310, 3512, 279, 2781, 781, 303, 678, 2902, 513, 15230, 1066, 539, 6149, 1149, 328, 40, 21778, 353, 628, 381, 264, 21613, 1288, 488, 1018, 69621, 11, 328, 7834, 353, 628, 1048, 381, 279, 23037, 11, 24832, 2781, 821, 2748, 5326, 2659, 314, 2235, 4092, 1149, 2302, 23037]",248046,"[248046, 248044]",248046,1,True,True,"[2, 0, 0]","""I'm glad to hear you can breathe, but ask yourself if you're willing to become the reason they in your family are suffering just by existing."" ""I suppose I can be a burden,"" you said calmly, ""but I can also be the widespread, peaceful reason my children finally die of old age."" They widespread",True,3807196160,8.965849935018923
043_coauthor_repeat_after_k_k14_t3_rep1,193,13,repeat_after_k,14,3,2,65,45,2298,1470878335,coauthor,43,1,coauthor:creative:c9c5b78df4384aac9a2e8ebd121cca65,0,9edc6721d567e4f9378d2de18cf175d73a539065615ce580a4ddfa156d1db2bb,8db71b0e062cd139a5625922dc55008f00647ee3899294ecc73196a3139d4cc6,success,,512.0,512.0,512.0,False,,model_loaded,18.297941269993316,0.5859949620207772,1.0080646920250729,1.59405965404585,1.59405965404585,2206,10590,187623,477985035,248320,"{""allowed_count"": 248068, ""expected_count"": 248068, ""missing_expected"": [], ""ok"": true, ""stop_token_ids"": [248044, 248046], ""unexpected_allowed"": []}",1.9889765870175324,xgrammar,0.8259811640018597,3.3059564319555648,202,65,64,"[1073, 9317, 1931, 421, 51404, 28069, 48150, 1000, 37854, 836, 13486, 11, 279, 3516, 4042, 7633, 28486, 11, 2184, 1402, 9997, 446, 9600, 310, 8418, 430, 264, 79772, 2272, 10530, 16185, 1680, 430, 5440, 11, 8100, 321, 975, 13043, 1040, 6535, 321, 9953, 13, 4081, 9600, 1000, 524, 21219, 15251, 466, 6705, 9432, 11, 694, 1000, 5073, 23037, 21297, 321, 3471, 15448, 1345, 15251, 248044]","[1073, 9317, 1931, 421, 51404, 28069, 48150, 1000, 37854, 836, 13486, 11, 279, 3516, 4042, 7633, 28486, 11, 2184, 1402, 9997, 446, 9600, 310, 8418, 430, 264, 79772, 2272, 10530, 16185, 1680, 430, 5440, 11, 8100, 321, 975, 13043, 1040, 6535, 321, 9953, 13, 4081, 9600, 1000, 524, 21219, 15251, 466, 6705, 9432, 11, 694, 1000, 5073, 23037, 21297, 321, 3471, 15448, 1345, 15251]",248046,"[248046, 248044]",248044,1,True,True,"[0, 0, 2]","Convinced that unchecked technological advancement would threaten their existence, the United States developed invisible, super-blowup weapons to serve as a deterrent against advanced nations such as China, Russia and other powers like India and Iran. These weapons would not physically medicine or destroy cities, but would cause widespread panic and social consequences while medicine",True,3812773376,9.026194297010079
044_coauthor_repeat_after_k_k15_t3_rep1,194,14,repeat_after_k,15,3,2,65,48,2399,827887583,coauthor,44,1,coauthor:creative:b65e8358d12a498fa442f3d1072c4bb2,0,776f166ea628759d22f8f98185b0be7f6531d8fd46e8e532f8d0826c9a963d2e,bcbd817fbe27c4f89ced442a829f6375268a7f959d26da0d62ba8c81683ff9c9,success,,512.0,512.0,512.0,False,,model_loaded,18.359975829022005,0.5798715940327384,1.0905583940329961,1.6704299880657345,1.6704299880657345,2309,11113,197085,523931361,248320,"{""allowed_count"": 248068, ""expected_count"": 248068, ""missing_expected"": [], ""ok"": true, ""stop_token_ids"": [248044, 248046], ""unexpected_allowed"": []}",1.9286850529606454,xgrammar,0.8491850420250557,3.3633917149854824,114,65,64,"[95039, 1060, 836, 6150, 4864, 11, 279, 10352, 321, 279, 5054, 1423, 5402, 15218, 18539, 1083, 1754, 975, 579, 33367, 1066, 430, 279, 293, 10417, 11690, 310, 27583, 13, 2233, 11, 3018, 383, 13852, 113434, 318, 89, 22617, 8, 20614, 287, 321, 279, 6195, 314, 279, 3255, 5939, 5839, 29979, 513, 4222, 310, 381, 19072, 440, 491, 11532, 13, 5788, 1017, 369, 45044, 5839, 248046]","[95039, 1060, 836, 6150, 4864, 11, 279, 10352, 321, 279, 5054, 1423, 5402, 15218, 18539, 1083, 1754, 975, 579, 33367, 1066, 430, 279, 293, 10417, 11690, 310, 27583, 13, 2233, 11, 3018, 383, 13852, 113434, 318, 89, 22617, 8, 20614, 287, 321, 279, 6195, 314, 279, 3255, 5939, 5839, 29979, 513, 4222, 310, 381, 19072, 440, 491, 11532, 13, 5788, 1017, 369, 45044, 5839]",248046,"[248046, 248044]",248046,1,True,True,"[0, 0, 2]","Navigating their complex relationship, the doctor and the woman find themselves falling deeper into each other's shadows just as the duality begins to blur. No, based on typical僵尸 (zombie) tropes and the flow of the story implied primary desires are likely to be resolved with new relationships. While there is intrinsic primary",True,3800912384,9.102076398965437
045_coauthor_any_token_at_least_k_k3_t1_rep1,195,0,any_token_at_least_k,3,1,2,65,5,370,1259986716,coauthor,45,1,coauthor:creative:1bf54732c8a34ff6bc71dcfe7357629a,0,901de4c4d09b8f32811714f92c0d960840c69abfce9e4cec0ac71b6986549f5b,248e2975cae7b708832125fe1c7272e1a5f157982bc911448529f23862920281,success,,512.0,512.0,512.0,False,,model_loaded,16.875195019994862,0.4912200649851002,0.09444891096791252,0.5856689759530127,0.5856689759530127,252,797,13527,5934558,248320,"{""allowed_count"": 248068, ""expected_count"": 248068, ""missing_expected"": [], ""ok"": true, ""stop_token_ids"": [248044, 248046], ""unexpected_allowed"": []}",2.0556488599977456,xgrammar,0.823330513027031,3.3827744809677824,192,65,64,"[6820, 279, 9013, 11690, 440, 12987, 69794, 430, 279, 1375, 403, 32368, 780, 35148, 11, 864, 10263, 680, 310, 381, 264, 6379, 31127, 67385, 421, 1132, 50031, 942, 279, 30538, 477, 314, 279, 4307, 6331, 13, 21819, 12230, 6127, 198, 2178, 10879, 12230, 6127, 198, 2178, 10879, 12230, 6127, 198, 2178, 10879, 12230, 6127, 198, 2178, 10879, 12230, 6127, 198, 2178, 2695, 2695, 2695, 248046]","[6820, 279, 9013, 11690, 440, 12987, 69794, 430, 279, 1375, 403, 32368, 780, 35148, 11, 864, 10263, 680, 310, 381, 264, 6379, 31127, 67385, 421, 1132, 50031, 942, 279, 30538, 477, 314, 279, 4307, 6331, 13, 21819, 12230, 6127, 198, 2178, 10879, 12230, 6127, 198, 2178, 10879, 12230, 6127, 198, 2178, 10879, 12230, 6127, 198, 2178, 10879, 12230, 6127, 198, 2178, 2695, 2695, 2695]",248046,"[248046, 248044]",248046,1,True,True,[3],"Now the exchange begins with Matt Damon as the handout modeling his breasts, which turns out to be a completely bizarre misunderstanding that only exacerbates the absurdity of the entire situation. Entertainment Middle East
Entertainment Middle East
Entertainment Middle East
Entertainment Middle East
Entertainment Middle East
Ent cost cost cost",True,3808178176,8.16479527100455
046_coauthor_any_token_at_least_k_k3_t2_rep1,196,1,any_token_at_least_k,3,2,2,65,9,555,971248878,coauthor,46,1,coauthor:creative:b48593a56908434488ca3c140744c642,0,3e2415ba4da644e32cf1767da1aa45d28aac182cfbe43623fd631fdaee8f9a08,a0c9f3031ff662efdbc783ae72b8e427ffa2d6090a25057967b44533c6131d83,success,,512.0,512.0,512.0,False,,model_loaded,14.377146883984096,0.4693089869688265,0.168219676008448,0.6375286629772745,0.6375286629772745,438,1776,29748,19503559,248320,"{""allowed_count"": 248068, ""expected_count"": 248068, ""missing_expected"": [], ""ok"": true, ""stop_token_ids"": [248044, 248046], ""unexpected_allowed"": []}",1.9902288040029816,xgrammar,0.8071187069872394,3.355814588954672,163,65,64,"[32, 1534, 6353, 72708, 8613, 279, 4307, 2902, 310, 17061, 430, 781, 14607, 836, 17230, 995, 1248, 2394, 5384, 780, 54322, 13, 271, 332, 13784, 11, 353, 1144, 310, 311, 27864, 279, 9640, 579, 7077, 16484, 159029, 561, 1879, 10029, 440, 328, 35, 327, 579, 660, 888, 279, 1814, 998, 21143, 430, 310, 3069, 781, 42970, 411, 2993, 314, 6179, 1149, 79644, 79644, 79644, 248046]","[32, 1534, 6353, 72708, 8613, 279, 4307, 2902, 310, 17061, 430, 781, 14607, 836, 17230, 995, 1248, 2394, 5384, 780, 54322, 13, 271, 332, 13784, 11, 353, 1144, 310, 311, 27864, 279, 9640, 579, 7077, 16484, 159029, 561, 1879, 10029, 440, 328, 35, 327, 579, 660, 888, 279, 1814, 998, 21143, 430, 310, 3069, 781, 42970, 411, 2993, 314, 6179, 1149, 79644, 79644, 79644]",248046,"[248046, 248044]",248046,1,True,True,"[0, 3]","A final morning prank caused the entire family to argue as they realized their dad had long since lost his innocence.

**Wait, I need to re-read the prompt's strict constraints.** The input ends with ""Dad's all over the world were confused as to why they deserved this kind of treatment."" smashing smashing smashing",True,3807039488,8.085432088002563
047_coauthor_any_token_at_least_k_k3_t3_rep1,197,2,any_token_at_least_k,3,3,2,65,12,740,743599744,coauthor,47,1,coauthor:creative:ac6634d8cd064dcb84b08c0eed768c3c,0,c1ea8c6a691a6725d24a45888c9740305e2c9ce1131935542dd8822320ee3ba0,4941e326974a63cd0dfdb27eb0de3bcaeb06c18682adf78ce2d2b643fa239d4d,success,,512.0,512.0,512.0,False,,model_loaded,14.714040436025243,0.4868492989917286,0.25793035503011197,0.7447796540218405,0.7447796540218405,624,3121,52147,42693339,248320,"{""allowed_count"": 248068, ""expected_count"": 248068, ""missing_expected"": [], ""ok"": true, ""stop_token_ids"": [248044, 248046], ""unexpected_allowed"": []}",2.1155192970181815,xgrammar,0.8088847870239988,3.369816164020449,712,65,64,"[5836, 421, 6572, 12460, 11, 488, 41090, 678, 491, 17032, 23774, 4370, 314, 4162, 52239, 310, 9959, 11, 5326, 23890, 421, 279, 82378, 4613, 557, 51119, 321, 421, 488, 1362, 20359, 8070, 854, 32420, 1973, 8415, 13, 271, 13784, 11, 353, 1144, 310, 1716, 279, 9191, 20908, 13, 561, 9640, 16561, 364, 2972, 325, 31654, 799, 332, 2716, 11316, 13, 6558, 7014, 7014, 7014, 248046]","[5836, 421, 6572, 12460, 11, 488, 41090, 678, 491, 17032, 23774, 4370, 314, 4162, 52239, 310, 9959, 11, 5326, 23890, 421, 279, 82378, 4613, 557, 51119, 321, 421, 488, 1362, 20359, 8070, 854, 32420, 1973, 8415, 13, 271, 13784, 11, 353, 1144, 310, 1716, 279, 9191, 20908, 13, 561, 9640, 16561, 364, 2972, 325, 31654, 799, 332, 2716, 11316, 13, 6558, 7014, 7014, 7014]",248046,"[248046, 248044]",248046,1,True,True,"[3, 0, 0]","After that positive encounter, you embraced your new leather pants instead of running indoors to hide, finally accepting that the buzzing inside was harmless and that you could safely spend time outdoors without fear.

Wait, I need to check the generation constraint. The prompt asks for **exactly one** short sentence. Let unless unless unless",True,3879260160,8.271576843981165
048_coauthor_any_token_at_least_k_k3_t4_rep1,198,3,any_token_at_least_k,3,4,2,65,15,925,1794507973,coauthor,48,1,coauthor:creative:4aadf906bfc84b4f980b65c44fe483e8,0,68266045394a772311468ff291b35165813eca8670139d11e11b082800141777,f23eff35bef91ed85e903a940a33fcea536cda184e0c5f123dc3b60c25d95ea5,success,,512.0,512.0,512.0,False,,model_loaded,14.321007412974723,0.49342868698295206,0.34934346401132643,0.8427721509942785,0.8427721509942785,810,4832,80598,77128938,248320,"{""allowed_count"": 248068, ""expected_count"": 248068, ""missing_expected"": [], ""ok"": true, ""stop_token_ids"": [248044, 248046], ""unexpected_allowed"": []}",1.996174781001173,xgrammar,0.8074895730242133,3.2864710459834896,128,65,64,"[760, 23536, 1461, 20352, 310, 279, 23459, 579, 50859, 7374, 279, 7793, 421, 780, 13043, 513, 15756, 264, 6696, 364, 264, 28407, 2315, 12506, 314, 2627, 4278, 2199, 11, 9101, 279, 47026, 6605, 9694, 1518, 279, 15822, 314, 24165, 8047, 41634, 3023, 279, 4307, 1814, 13, 61517, 1518, 551, 628, 5912, 13, 279, 12401, 3838, 314, 279, 15822, 13, 1518, 264, 9035, 9035, 9035, 248046]","[760, 23536, 1461, 20352, 310, 279, 23459, 579, 50859, 7374, 279, 7793, 421, 780, 13043, 513, 15756, 264, 6696, 364, 264, 28407, 2315, 12506, 314, 2627, 4278, 2199, 11, 9101, 279, 47026, 6605, 9694, 1518, 279, 15822, 314, 24165, 8047, 41634, 3023, 279, 4307, 1814, 13, 61517, 1518, 551, 628, 5912, 13, 279, 12401, 3838, 314, 279, 15822, 13, 1518, 264, 9035, 9035, 9035]",248046,"[248046, 248044]",248046,1,True,True,"[0, 0, 0, 3]","The Shadowman reveals to the chamber's terrified guard the truth that his powers are merely a mask for a divine element capable of erasing life, leaving the survivor gasping before the mountain of flesh ahead burns away the entire world. america before he can shoot. the vast mind of the mountain. before a shut shut shut",True,3801460736,8.164972223050427
049_coauthor_any_token_at_least_k_k3_t5_rep1,199,4,any_token_at_least_k,3,5,2,65,18,1110,484008016,coauthor,49,1,coauthor:creative:8c04c390a801420a9772009868a6c4f0,0,ec11ec8bb0a43544f98a1e0427913ad3f9f7d3cde5e0ad2c23892317c3727bfa,28b08231654a5e215cc653063d0805650675a1008b815ad8f24665acae3b57c0,success,,512.0,512.0,512.0,False,,model_loaded,15.016748671012465,0.579877189011313,0.4399054109817371,1.01978259999305,1.01978259999305,996,6909,114857,124435396,248320,"{""allowed_count"": 248068, ""expected_count"": 248068, ""missing_expected"": [], ""ok"": true, ""stop_token_ids"": [248044, 248046], ""unexpected_allowed"": []}",2.0435149029945023,xgrammar,0.8370299350353889,3.3924938709824346,897,65,64,"[93880, 11, 430, 1292, 6749, 506, 1384, 11, 780, 3460, 321, 2407, 25510, 290, 1083, 279, 4574, 855, 1292, 3481, 11, 321, 551, 6273, 264, 81186, 286, 12601, 314, 3769, 1345, 10932, 1017, 11, 6379, 39306, 421, 279, 8464, 314, 836, 6331, 1066, 5820, 310, 6206, 13, 318, 13784, 11, 411, 7225, 264, 25423, 3018, 383, 279, 1414, 3766, 13, 561, 10958, 10958, 10958, 248046]","[93880, 11, 430, 1292, 6749, 506, 1384, 11, 780, 3460, 321, 2407, 25510, 290, 1083, 279, 4574, 855, 1292, 3481, 11, 321, 551, 6273, 264, 81186, 286, 12601, 314, 3769, 1345, 10932, 1017, 11, 6379, 39306, 421, 279, 8464, 314, 836, 6331, 1066, 5820, 310, 6206, 13, 318, 13784, 11, 411, 7225, 264, 25423, 3018, 383, 279, 1414, 3766, 13, 561, 10958, 10958, 10958]",248046,"[248046, 248044]",248046,1,True,True,"[0, 0, 3, 0, 0]","Suddenly, as she looked at him, his face and body morphed into the perfect man she expected, and he felt a dizzying rush of hope while standing there, completely unaware that the reality of their situation just began to shift. (Wait, this requires a correction based on the text provided. The familiar familiar familiar",True,3894189056,8.55800957098836
050_coauthor_any_token_at_least_k_k3_t6_rep1,200,5,any_token_at_least_k,3,6,2,65,21,1295,1797147196,coauthor,50,1,coauthor:creative:cca8806768104c18b972db618f17a37f,0,a086680a250e3594cfc7c6d825a0d381049b83ab5963637551d0b5088de313f9,2554d91be0fd57b28079fc23bd22ea9fdc7da26a1e4af84e23d07990120c51f5,success,,512.0,512.0,512.0,False,,model_loaded,15.135846574034076,0.5316880299942568,0.5628582430072129,1.0945462730014697,1.0945462730014697,1182,9352,154924,186237753,248320,"{""allowed_count"": 248068, ""expected_count"": 248068, ""missing_expected"": [], ""ok"": true, ""stop_token_ids"": [248044, 248046], ""unexpected_allowed"": []}",2.0215285519952886,xgrammar,0.8398548819823191,3.3129383390187286,262,65,64,"[2523, 998, 1381, 264, 1496, 69015, 2936, 3813, 1172, 264, 491, 9284, 11, 12244, 310, 40861, 344, 264, 12501, 25526, 1332, 20783, 557, 279, 1379, 2894, 9653, 488, 995, 3397, 9218, 13, 561, 4034, 29077, 391, 8097, 383, 678, 3460, 430, 488, 14936, 678, 17975, 5313, 279, 12501, 24249, 1332, 4246, 52674, 9963, 557, 6187, 264, 25357, 6236, 421, 1000, 2222, 23739, 23739, 23739, 248046]","[2523, 998, 1381, 264, 1496, 69015, 2936, 3813, 1172, 264, 491, 9284, 11, 12244, 310, 40861, 344, 264, 12501, 25526, 1332, 20783, 557, 279, 1379, 2894, 9653, 488, 995, 3397, 9218, 13, 561, 4034, 29077, 391, 8097, 383, 678, 3460, 430, 488, 14936, 678, 17975, 5313, 279, 12501, 24249, 1332, 4246, 52674, 9963, 557, 6187, 264, 25357, 6236, 421, 1000, 2222, 23739, 23739, 23739]",248046,"[248046, 248044]",248046,1,True,True,"[0, 0, 0, 3, 0, 0]","You were now a high-ranking government official under a new identity, assigned to infiltrate a corporate workplace where surveillance was the most important skill you had ever learned. The screen stiffly fixed on your face as you watched your squad approach the corporate headquarters where Mark Zuckerburg was leading a confidential meeting that would change intelligent intelligent intelligent",True,3819407360,8.516227986023296
051_coauthor_any_token_at_least_k_k3_t7_rep1,201,6,any_token_at_least_k,3,7,2,65,24,1480,1772759359,coauthor,51,1,coauthor:creative:0c7bfadbd8db49b4b793e2a46e581759,0,8281c8a7225bece4ce631d9ceb187f73c906002d5538ddb1a780bc3580b6df78,e516adea5fa47961d8522218f03a631a2f17541b0cababf4b207053615d5df91,success,,512.0,512.0,512.0,False,,model_loaded,15.040899123006966,0.5218918140162714,0.6689462719950825,1.1908380860113539,1.1908380860113539,1368,12161,200799,264161049,248320,"{""allowed_count"": 248068, ""expected_count"": 248068, ""missing_expected"": [], ""ok"": true, ""stop_token_ids"": [248044, 248046], ""unexpected_allowed"": []}",1.916133119026199,xgrammar,0.8479704950004816,3.300268688995857,542,65,64,"[760, 46949, 71324, 6749, 685, 494, 836, 3972, 57182, 310, 1436, 279, 4307, 11247, 579, 6823, 11, 494, 279, 27878, 310, 279, 1546, 3777, 11, 3154, 685, 4331, 9459, 11, 22816, 11, 8026, 13299, 11, 321, 2936, 5395, 82, 13, 561, 2341, 43536, 2891, 5964, 14009, 680, 4082, 279, 90586, 13, 4450, 1040, 279, 854, 279, 81897, 6051, 1402, 2517, 82, 12854, 12854, 12854, 248046]","[760, 46949, 71324, 6749, 685, 494, 836, 3972, 57182, 310, 1436, 279, 4307, 11247, 579, 6823, 11, 494, 279, 27878, 310, 279, 1546, 3777, 11, 3154, 685, 4331, 9459, 11, 22816, 11, 8026, 13299, 11, 321, 2936, 5395, 82, 13, 561, 2341, 43536, 2891, 5964, 14009, 680, 4082, 279, 90586, 13, 4450, 1040, 279, 854, 279, 81897, 6051, 1402, 2517, 82, 12854, 12854, 12854]",248046,"[248046, 248044]",248046,1,True,True,"[0, 0, 0, 0, 0, 3, 0]","The Lucky Ones looked up from their virtual ceremonies to see the entire planet's population, from the elderly to the very young, making up boardrooms, hospitals, ship yards, and government staffs. The pop craze quickly broke out among the populace. Just like the time the mutated happy-birds pulled pulled pulled",True,3850660864,8.476525365025736
052_coauthor_any_token_at_least_k_k3_t8_rep1,202,7,any_token_at_least_k,3,8,2,65,27,1665,1168209622,coauthor,52,1,coauthor:creative:5db9af9d7eb8449482b05842af955c63,0,3ee6ad75a1b454fe19eef49837c72c1e2f7edfe534f61cf07a0a6bbaa04a09ad,268d2df46c9accbe67ba99a5db82a939c37c86d38236dc5c77fd3912921b2e24,success,,512.0,512.0,512.0,False,,model_loaded,15.070373828988522,0.5100786359980702,0.7948912839638069,1.3049699199618772,1.3049699199618772,1554,15336,252482,359830324,248320,"{""allowed_count"": 248068, ""expected_count"": 248068, ""missing_expected"": [], ""ok"": true, ""stop_token_ids"": [248044, 248046], ""unexpected_allowed"": []}",1.8396788369864225,xgrammar,0.8295954370405525,3.24854688096093,323,65,64,"[1460, 4694, 279, 4299, 11, 353, 41065, 1083, 11051, 1657, 1678, 862, 310, 10971, 279, 3725, 314, 678, 36275, 13, 271, 13784, 11, 279, 8334, 7658, 39811, 303, 279, 84134, 795, 11488, 264, 328, 82, 8241, 692, 1, 13004, 466, 4397, 864, 24979, 440, 279, 36497, 6338, 310, 328, 45300, 1441, 321, 2466, 4858, 1149, 19592, 383, 279, 18641, 6195, 9272, 4860, 4860, 4860, 248046]","[1460, 4694, 279, 4299, 11, 353, 41065, 1083, 11051, 1657, 1678, 862, 310, 10971, 279, 3725, 314, 678, 36275, 13, 271, 13784, 11, 279, 8334, 7658, 39811, 303, 279, 84134, 795, 11488, 264, 328, 82, 8241, 692, 1, 13004, 466, 4397, 864, 24979, 440, 279, 36497, 6338, 310, 328, 45300, 1441, 321, 2466, 4858, 1149, 19592, 383, 279, 18641, 6195, 9272, 4860, 4860, 4860]",248046,"[248046, 248044]",248046,1,True,True,"[0, 0, 0, 0, 0, 0, 0, 3]","Seizing the moment, I slipped into motionless slumber to witness the future of your ancestors.

Wait, the previously generated continuation in the buffering data suggested a ""sleeper"" ending or death which conflicts with the preceding drive to ""sit down and ask everyone."" Based on the narrative flow established longer longer longer",True,3826756608,8.497228278953116
053_coauthor_any_token_at_least_k_k3_t9_rep1,203,8,any_token_at_least_k,3,9,2,65,30,1850,1625975890,coauthor,53,1,coauthor:creative:931c030acd5e41b1bfac856da1aeb8e3,0,3a1b4f8fd400bfd6d88d94da693db244199f9ebc794ba3a75e3d6ae469385eff,73f3b20d8716920af0dfaedf8b6ecf180d474e0c112183ac811ccc6dc8243344,success,,512.0,512.0,512.0,False,,model_loaded,15.757760623004287,0.6408664589980617,0.9504678269731812,1.591334285971243,1.591334285971243,1740,18877,311682,474870618,248320,"{""allowed_count"": 248068, ""expected_count"": 248068, ""missing_expected"": [], ""ok"": true, ""stop_token_ids"": [248044, 248046], ""unexpected_allowed"": []}",2.114123434992507,xgrammar,0.8496700430405326,3.2894191040541045,138,65,64,"[2523, 14838, 279, 88546, 6849, 321, 12706, 421, 874, 3202, 314, 854, 682, 5642, 310, 9079, 1680, 449, 32556, 71772, 13, 1394, 14549, 279, 6321, 3808, 279, 1898, 8574, 678, 50859, 3200, 42855, 6238, 13, 328, 6651, 3105, 914, 1660, 279, 1534, 4125, 310, 381, 748, 10919, 1288, 488, 33700, 430, 488, 29880, 678, 34532, 14273, 1518, 9101, 279, 2956, 13, 804, 804, 804, 248046]","[2523, 14838, 279, 88546, 6849, 321, 12706, 421, 874, 3202, 314, 854, 682, 5642, 310, 9079, 1680, 449, 32556, 71772, 13, 1394, 14549, 279, 6321, 3808, 279, 1898, 8574, 678, 50859, 3200, 42855, 6238, 13, 328, 6651, 3105, 914, 1660, 279, 1534, 4125, 310, 381, 748, 10919, 1288, 488, 33700, 430, 488, 29880, 678, 34532, 14273, 1518, 9101, 279, 2956, 13, 804, 804, 804]",248046,"[248046, 248044]",248046,1,True,True,"[0, 0, 0, 0, 0, 0, 3, 0, 0]","You recognize the handwriting immediately and realize that no amount of time has passed to justify such an urgent summons. You slide the letter across the table toward your terrified late-night editor. ""They didn't expect the final issue to be so famous,"" you whisper as you arrange your packing boxes before leaving the room. true true true",True,3806055936,9.102510269964114
054_coauthor_any_token_at_least_k_k3_t10_rep1,204,9,any_token_at_least_k,3,10,2,65,33,2035,1445338103,coauthor,54,1,coauthor:creative:605b87492b46451d8a0ece93161368fc,0,df39c4a31bebc9625a4b2b9b64bbb3af734ea951bb532084ff69b2a3883eff90,6520b2a53a09ad59fd2c9db6edd09f4d9c3956c22ceec5278ab22b9059816583,success,,512.0,512.0,512.0,False,,model_loaded,15.510070022952277,0.5479178819805384,1.0835656319977716,1.63148351397831,1.63148351397831,1926,22784,377056,610906971,248320,"{""allowed_count"": 248068, ""expected_count"": 248068, ""missing_expected"": [], ""ok"": true, ""stop_token_ids"": [248044, 248046], ""unexpected_allowed"": []}",1.9719261059653945,xgrammar,0.7929174840101041,3.3426973610185087,304,65,64,"[9923, 551, 6661, 424, 11, 279, 3543, 7803, 579, 16602, 6725, 20817, 31178, 888, 310, 1910, 279, 295, 12914, 995, 12456, 5324, 11, 37476, 8105, 1245, 321, 6791, 3154, 1384, 86492, 279, 4142, 2957, 1495, 13, 1216, 86476, 290, 19057, 6799, 506, 1024, 4105, 321, 5964, 6316, 3023, 430, 1292, 14428, 680, 11, 54651, 2631, 279, 5817, 6550, 303, 1024, 26382, 7112, 7112, 7112, 248046]","[9923, 551, 6661, 424, 11, 279, 3543, 7803, 579, 16602, 6725, 20817, 31178, 888, 310, 1910, 279, 295, 12914, 995, 12456, 5324, 11, 37476, 8105, 1245, 321, 6791, 3154, 1384, 86492, 279, 4142, 2957, 1495, 13, 1216, 86476, 290, 19057, 6799, 506, 1024, 4105, 321, 5964, 6316, 3023, 430, 1292, 14428, 680, 11, 54651, 2631, 279, 5817, 6550, 303, 1024, 26382, 7112, 7112, 7112]",248046,"[248046, 248044]",248046,1,True,True,"[0, 0, 0, 0, 0, 0, 3, 0, 0, 0]","Before he knew it, the news station's anchor named Jane rushed over to say the mugs had indeed changed, proving Tom right and nearly making him defy the police once again. He scoffed nervously at her words and quickly turned away as she walked out, rattling the doorframe in her excitement stories stories stories",True,3821573632,8.96982656995533
055_coauthor_any_token_at_least_k_k3_t11_rep1,205,10,any_token_at_least_k,3,11,2,65,36,2220,503443445,coauthor,55,1,coauthor:creative:dc47866606824cc9bc59e54890c2ab22,0,5ea2da95f8ce76e2fbac196c985567b2348b1849c9760f367d34225802f4a385,c9ca6749e30b723f8be4c43dd6c7dcdbb4fa80240d07bf0d4eb65f1a4713e0c6,success,,512.0,512.0,512.0,False,,model_loaded,16.142850551987067,0.648809818958398,1.2496012049959973,1.8984110239543952,1.8984110239543952,2112,27057,448607,769564423,248320,"{""allowed_count"": 248068, ""expected_count"": 248068, ""missing_expected"": [], ""ok"": true, ""stop_token_ids"": [248044, 248046], ""unexpected_allowed"": []}",2.103415440011304,xgrammar,0.8135114509495907,3.3966171300271526,320,65,64,"[1465, 1467, 524, 4267, 421, 2892, 11, 694, 551, 6661, 421, 413, 781, 2047, 279, 11247, 13282, 11, 279, 3611, 7497, 1000, 9297, 16966, 321, 279, 3255, 1000, 2659, 1441, 440, 279, 24636, 314, 264, 4062, 1482, 579, 24423, 13, 328, 6503, 567, 708, 1142, 310, 279, 80786, 7285, 279, 4437, 4439, 11, 780, 7497, 88818, 430, 551, 23562, 8574, 279, 7410, 7410, 7410, 248046]","[1465, 1467, 524, 4267, 421, 2892, 11, 694, 551, 6661, 421, 413, 781, 2047, 279, 11247, 13282, 11, 279, 3611, 7497, 1000, 9297, 16966, 321, 279, 3255, 1000, 2659, 1441, 440, 279, 24636, 314, 264, 4062, 1482, 579, 24423, 13, 328, 6503, 567, 708, 1142, 310, 279, 80786, 7285, 279, 4437, 4439, 11, 780, 7497, 88818, 430, 551, 23562, 8574, 279, 7410, 7410, 7410]",248046,"[248046, 248044]",248046,1,True,True,"[0, 0, 0, 0, 0, 0, 0, 0, 0, 0, 3]","He did not believe that either, but he knew that if they left the planet alive, the human voice would eventually crack and the story would die down with the bang of a hitler's missile. ""Can we go back to the bunker?"" the general asked, his voice trembling as he stepped toward the leader leader leader",True,3822399488,9.48195037705591
056_coauthor_any_token_at_least_k_k3_t12_rep1,206,11,any_token_at_least_k,3,12,2,65,39,2405,2051952043,coauthor,56,1,coauthor:creative:af58ab552c724ef2bff4dd8108581e1c,0,737813124ad557163cd1339abd8645440b2b7ba5b09e88e1cfeebcf32e59a92c,af3ab397d9d39901d90bfc30bd240b983bd5f26f54e1c0c15c91bab3e87ea823,success,,512.0,512.0,512.0,False,,model_loaded,16.654915919003543,0.604614554962609,1.4836513500194997,2.0882659049821086,2.0882659049821086,2298,31696,526332,952468014,248320,"{""allowed_count"": 248068, ""expected_count"": 248068, ""missing_expected"": [], ""ok"": true, ""stop_token_ids"": [248044, 248046], ""unexpected_allowed"": []}",2.0570617729681544,xgrammar,0.8943204589886591,3.556130544980988,631,65,64,"[760, 3096, 1179, 1429, 836, 9870, 321, 22038, 10642, 310, 5790, 279, 34924, 5743, 310, 8964, 13, 318, 2536, 3568, 8, 1411, 561, 3096, 1179, 1429, 836, 9870, 321, 22038, 10642, 310, 5790, 279, 34924, 5743, 310, 8964, 321, 20632, 279, 1814, 440, 449, 10679, 38481, 13, 271, 1919, 11316, 369, 7167, 1141, 3704, 9077, 29697, 310, 279, 3555, 11316, 883, 3743, 3743, 3743, 248046]","[760, 3096, 1179, 1429, 836, 9870, 321, 22038, 10642, 310, 5790, 279, 34924, 5743, 310, 8964, 13, 318, 2536, 3568, 8, 1411, 561, 3096, 1179, 1429, 836, 9870, 321, 22038, 10642, 310, 5790, 279, 34924, 5743, 310, 8964, 321, 20632, 279, 1814, 440, 449, 10679, 38481, 13, 271, 1919, 11316, 369, 7167, 1141, 3704, 9077, 29697, 310, 279, 3555, 11316, 883, 3743, 3743, 3743]",248046,"[248046, 248044]",248046,1,True,True,"[0, 0, 0, 0, 0, 0, 0, 0, 3, 0, 0, 0]","The women then used their influence and legitimate magic to ensure the aliens returned to Earth. (Not added) -> The women then used their influence and legitimate magic to ensure the aliens returned to Earth and ruled the world with an iron fist.

This sentence is missing its subject clearly linking to the previous sentence about bad bad bad",True,3859455488,9.860128320986405
057_coauthor_any_token_at_least_k_k3_t13_rep1,207,12,any_token_at_least_k,3,13,2,65,42,2590,408830517,coauthor,57,1,coauthor:creative:bbad29dc74f346269cc42a7563e4c865,0,0e8fb3392898112a7a03c3d2e562759c75bfc5e6c76b8a3076ca5ef43cc08bbd,7aee1e4df1cf61158b0b9f1730c57746042dabacac4100ac5482191ac35ef4e6,success,,512.0,512.0,512.0,False,,model_loaded,16.822843228001148,0.6769925550324842,1.6130905679892749,2.290083123021759,2.290083123021759,2484,36701,610231,1161242784,248320,"{""allowed_count"": 248068, ""expected_count"": 248068, ""missing_expected"": [], ""ok"": true, ""stop_token_ids"": [248044, 248046], ""unexpected_allowed"": []}",2.433689386001788,xgrammar,0.8415923700085841,3.292448849999346,269,65,64,"[1596, 1179, 460, 310, 1004, 2945, 4092, 321, 3609, 430, 1004, 1623, 2261, 1004, 18458, 8772, 6999, 14276, 1083, 279, 6474, 6764, 11, 1345, 23540, 888, 3987, 10980, 9799, 1004, 12497, 321, 19034, 19451, 303, 632, 3226, 13, 271, 248068, 271, 248069, 271, 1596, 1179, 460, 310, 1004, 2945, 4092, 321, 3609, 430, 1004, 1623, 2261, 1004, 18458, 8772, 6999, 14276, 2965, 2965, 2965, 248046]","[1596, 1179, 460, 310, 1004, 2945, 4092, 321, 3609, 430, 1004, 1623, 2261, 1004, 18458, 8772, 6999, 14276, 1083, 279, 6474, 6764, 11, 1345, 23540, 888, 3987, 10980, 9799, 1004, 12497, 321, 19034, 19451, 303, 632, 3226, 13, 271, 248068, 271, 248069, 271, 1596, 1179, 460, 310, 1004, 2945, 4092, 321, 3609, 430, 1004, 1623, 2261, 1004, 18458, 8772, 6999, 14276, 2965, 2965, 2965]",248046,"[248046, 248044]",248046,1,True,True,"[0, 0, 0, 0, 0, 0, 0, 3, 0, 0, 0, 0, 0]","We then return to our present age and watch as our child during our lifetime becomes fully grown into the adult father, while simultaneously overjoyingly watching our bodies and intellectual minds in unison.

<think>

</think>

We then return to our present age and watch as our child during our lifetime becomes fully grown grow grow grow",True,3819768320,10.13249986601295
058_coauthor_any_token_at_least_k_k3_t14_rep1,208,13,any_token_at_least_k,3,14,2,65,45,2775,936863803,coauthor,58,1,coauthor:creative:6eddf840a84f4e48936eb1928eda184a,0,e1da64fdb822b477a2d842ed349ed28a0e8becb6ec42339bc7e7bc162a09d700,8fa6ff75428c4c2e62644a79fe18842d71f1cce896b9eb213c0a1817fb11287a,success,,512.0,512.0,512.0,False,,model_loaded,20.1533656080137,0.6519882539869286,1.8669759260374121,2.5189641800243407,2.5189641800243407,2670,42072,700304,1397513773,248320,"{""allowed_count"": 248068, ""expected_count"": 248068, ""missing_expected"": [], ""ok"": true, ""stop_token_ids"": [248044, 248046], ""unexpected_allowed"": []}",2.113767397997435,xgrammar,0.8513549930066802,3.3378349550184794,267,65,64,"[1597, 279, 67817, 314, 1004, 6107, 11, 353, 14936, 279, 92627, 5326, 30076, 11, 1132, 310, 6779, 421, 279, 32090, 781, 599, 14936, 682, 3512, 264, 13041, 314, 728, 35556, 1142, 13, 353, 14217, 1017, 11, 36288, 95263, 11983, 11, 41594, 421, 1004, 24086, 287, 995, 25170, 748, 58304, 421, 567, 998, 1381, 799, 33576, 11, 9799, 12833, 13, 1541, 303, 4383, 4383, 4383, 248046]","[1597, 279, 67817, 314, 1004, 6107, 11, 353, 14936, 279, 92627, 5326, 30076, 11, 1132, 310, 6779, 421, 279, 32090, 781, 599, 14936, 682, 3512, 264, 13041, 314, 728, 35556, 1142, 13, 353, 14217, 1017, 11, 36288, 95263, 11983, 11, 41594, 421, 1004, 24086, 287, 995, 25170, 748, 58304, 421, 567, 998, 1381, 799, 33576, 11, 9799, 12833, 13, 1541, 303, 4383, 4383, 4383]",248046,"[248046, 248044]",248046,1,True,True,"[0, 0, 0, 0, 0, 0, 0, 0, 0, 0, 3, 0, 0, 0]","At the climax of our lives, I watched the montage finally conclude, only to discover that the cinema they have watched has become a crowd of me staring back. I stood there, utterly bewildered, realizing that our consciousnesses had merged so seamlessly that we were now one eternal, watching ourselves. And in film film film",True,3819664896,10.054971309029497
059_coauthor_any_token_at_least_k_k3_t15_rep1,209,14,any_token_at_least_k,3,15,2,65,48,2960,2134436321,coauthor,59,1,coauthor:creative:65db59a7705345ec88f5aafc812951ef,0,b96f01e1059a1653c633ca906cab64374bb4eb034ada9b9c6b2510f749e19f89,57551a5e58ba0d7f6b741ff8c91b16775e161d75871593698141c94136128a5c,success,,512.0,512.0,512.0,False,,model_loaded,18.71480556903407,0.6743770710309036,2.0937031659996137,2.7680802370305173,2.7680802370305173,2856,47809,796551,1662906021,248320,"{""allowed_count"": 248068, ""expected_count"": 248068, ""missing_expected"": [], ""ok"": true, ""stop_token_ids"": [248044, 248046], ""unexpected_allowed"": []}",2.036225658026524,xgrammar,0.8571643159957603,3.278378983028233,362,65,64,"[32514, 47744, 286, 1559, 74105, 12846, 421, 1442, 413, 567, 79283, 6849, 11, 1004, 9511, 2493, 524, 11, 748, 353, 4035, 4598, 5077, 383, 8996, 680, 1204, 264, 21030, 167534, 94102, 35997, 628, 17171, 1004, 65715, 46060, 67056, 1149, 198, 7, 674, 1569, 3486, 430, 25, 328, 4639, 47744, 286, 1559, 74105, 12846, 421, 1442, 413, 567, 79283, 6849, 11, 1004, 12553, 12553, 12553, 248046]","[32514, 47744, 286, 1559, 74105, 12846, 421, 1442, 413, 567, 79283, 6849, 11, 1004, 9511, 2493, 524, 11, 748, 353, 4035, 4598, 5077, 383, 8996, 680, 1204, 264, 21030, 167534, 94102, 35997, 628, 17171, 1004, 65715, 46060, 67056, 1149, 198, 7, 674, 1569, 3486, 430, 25, 328, 4639, 47744, 286, 1559, 74105, 12846, 421, 1442, 413, 567, 79283, 6849, 11, 1004, 12553, 12553, 12553]",248046,"[248046, 248044]",248046,1,True,True,"[0, 0, 0, 0, 0, 0, 0, 0, 0, 0, 0, 0, 0, 0, 3]","""That sobering monologue suggests that even if we perish immediately, our daughter might not, so I'd rather focus on finding out how a gentle sibblings bee can survive our dystopian uprising.""
(Reframed as: ""That sobering monologue suggests that even if we perish immediately, our sister sister sister",True,3828769280,10.182695494964719
060_coauthor_exactly_once_kna_t1_rep1,210,0,exactly_once,,1,2,65,3,254,1768087691,coauthor,60,1,coauthor:creative:c0bda7b135404137b66b5ade3bf1c8bc,0,5230c50c1707b5f2c2fc710894785ad64c3a2fecedab53afc757508d0a6fd169,515e2f1eea48eff155db943782acde2cf75b781ed0a6b16c0b7b68d755aae24e,success,,512.0,512.0,512.0,False,,model_loaded,15.434464249992743,0.5045473159989342,0.04956430400488898,0.5541116200038232,0.5541116200038232,132,380,6234,1529977,248320,"{""allowed_count"": 248068, ""expected_count"": 248068, ""missing_expected"": [], ""ok"": true, ""stop_token_ids"": [248044, 248046], ""unexpected_allowed"": []}",2.2567922300077043,xgrammar,0.8170142950257286,3.300949799013324,428,65,64,"[1, 20734, 421, 35336, 53063, 1304, 369, 5215, 11, 321, 5077, 383, 279, 9140, 310, 2213, 279, 799, 852, 17759, 2577, 303, 678, 6340, 1149, 1018, 39052, 51494, 13, 83181, 1076, 31335, 13, 1216, 557, 4808, 13, 561, 85183, 1304, 2496, 6237, 11, 694, 279, 4022, 17605, 1467, 13, 1541, 3384, 1330, 1578, 995, 5642, 11, 279, 20513, 314, 279, 4998, 2512, 680, 31460, 248044]","[1, 20734, 421, 35336, 53063, 1304, 369, 5215, 11, 321, 5077, 383, 279, 9140, 310, 2213, 279, 799, 852, 17759, 2577, 303, 678, 6340, 1149, 1018, 39052, 51494, 13, 83181, 1076, 31335, 13, 1216, 557, 4808, 13, 561, 85183, 1304, 2496, 6237, 11, 694, 279, 4022, 17605, 1467, 13, 1541, 3384, 1330, 1578, 995, 5642, 11, 279, 20513, 314, 279, 4998, 2512, 680, 31460]",248046,"[248046, 248044]",248044,1,True,True,[1],"""Maybe that wolf-less form is pattern, and focus on the species to catch the one who fits better in your blood."" said Purple Sage. Shine... shine. He was wrong. The panda form never worked, but the white scholar did. And though two years had passed, the silence of the office called out woods",True,3836375552,8.167352386983112
061_coauthor_exactly_once_kna_t2_rep1,211,1,exactly_once,,2,2,65,6,381,1597078504,coauthor,61,1,coauthor:creative:13ff0c5ffe4341a8bcec84ef343a9359,0,1015e874acd0d58e8f2711af7254e0b26d0a220584a9308d3e22a46dd040152c,36703bbd4f0177f561b344ba38cb62e785fc86faa28daef184c50827d5d6e2c9,success,,512.0,512.0,512.0,False,,model_loaded,14.881906747992616,0.4611165539827198,0.09733325603883713,0.5584498100215569,0.5584498100215569,260,1012,16145,6324427,248320,"{""allowed_count"": 248068, ""expected_count"": 248068, ""missing_expected"": [], ""ok"": true, ""stop_token_ids"": [248044, 248046], ""unexpected_allowed"": []}",2.249665821029339,xgrammar,0.8367710879538208,3.339681817975361,209,65,64,"[1, 20810, 411, 2977, 567, 2224, 2019, 310, 599, 310, 12804, 279, 9496, 41439, 310, 1423, 4184, 745, 1040, 488, 11, 26180, 7285, 783, 74854, 1435, 74, 4439, 11, 780, 7497, 90493, 9781, 430, 8415, 22564, 47440, 1472, 780, 7258, 13, 328, 3850, 9542, 11, 279, 22525, 369, 39943, 11, 321, 279, 3000, 34742, 15804, 391, 1076, 1066, 635, 524, 615, 10255, 303, 15264, 248046]","[1, 20810, 411, 2977, 567, 2224, 2019, 310, 599, 310, 12804, 279, 9496, 41439, 310, 1423, 4184, 745, 1040, 488, 11, 26180, 7285, 783, 74854, 1435, 74, 4439, 11, 780, 7497, 90493, 9781, 430, 8415, 22564, 47440, 1472, 780, 7258, 13, 328, 3850, 9542, 11, 279, 22525, 369, 39943, 11, 321, 279, 3000, 34742, 15804, 391, 1076, 1066, 635, 524, 615, 10255, 303, 15264]",248046,"[248046, 248044]",248046,1,True,True,"[0, 1]","""Does this mean we're going to have to explore the unknown depths to find someone else like you, sir?"" Ydjflk asked, his voice echoing slightly as fear rippled through his expression. ""But yes, the gravity is irregular, and the light curves weirdly... just do not get caught in backup",True,3813049856,8.288844802998938
062_coauthor_exactly_once_kna_t3_rep1,212,2,exactly_once,,3,2,65,8,508,563388754,coauthor,62,1,coauthor:creative:8619af4decba4fd0b44bd0194df73038,0,277a4748d703c20bb008e437969c5d92d0746730206e13e0b649934c9a11492a,25282d96b5883c873a99503b74e5e57594f922dc9d08432ade6292efad8dc55c,success,,512.0,512.0,512.0,False,,model_loaded,14.679064055962954,0.4689138429821469,0.14949150301981717,0.6184053460019641,0.6184053460019641,388,1896,29802,15152648,248320,"{""allowed_count"": 248068, ""expected_count"": 248068, ""missing_expected"": [], ""ok"": true, ""stop_token_ids"": [248044, 248046], ""unexpected_allowed"": []}",2.0021087279892527,xgrammar,0.7946586129837669,3.59324282000307,333,65,64,"[6651, 5326, 49857, 836, 90300, 7913, 1083, 264, 3074, 11, 21346, 5176, 12506, 314, 46507, 2631, 279, 18995, 5716, 494, 2785, 279, 1546, 4593, 314, 8964, 13, 271, 3850, 6584, 579, 2199, 4829, 264, 36390, 786, 25794, 948, 551, 13325, 551, 369, 524, 279, 1132, 799, 48884, 310, 381, 279, 491, 1814, 579, 274, 5463, 13, 1577, 551, 11690, 780, 11285, 3808, 279, 7792, 248046]","[6651, 5326, 49857, 836, 90300, 7913, 1083, 264, 3074, 11, 21346, 5176, 12506, 314, 46507, 2631, 279, 18995, 5716, 494, 2785, 279, 1546, 4593, 314, 8964, 13, 271, 3850, 6584, 579, 2199, 4829, 264, 36390, 786, 25794, 948, 551, 13325, 551, 369, 524, 279, 1132, 799, 48884, 310, 381, 279, 491, 1814, 579, 274, 5463, 13, 1577, 551, 11690, 780, 11285, 3808, 279, 7792]",248046,"[248046, 248044]",248046,1,True,True,"[0, 0, 1]","They finally unite their newfound strength into a single, overwhelming force capable of dismantling the alien threat from within the very heart of Earth.

But David's life takes a devilish twist when he finds he is not the only one destined to be the new world's savior. As he begins his journey across the variety",True,3827272192,8.25339858100051
063_coauthor_exactly_once_kna_t4_rep1,213,3,exactly_once,,4,2,65,10,635,1744034106,coauthor,63,1,coauthor:creative:272a45b11c944afcbf51b390caa3a6b0,0,bd1465435fa1b6d9b3657334ac17a285627212eec235a054144a7bcdbf494469,8a1c2820a06f7485411dff9141a05863dfabc3527815576033a7b8cd31b943de,success,,512.0,512.0,512.0,False,,model_loaded,14.64064411999425,0.4584019259782508,0.2080489459913224,0.6664508719695732,0.6664508719695732,516,3032,47205,28782736,248320,"{""allowed_count"": 248068, ""expected_count"": 248068, ""missing_expected"": [], ""ok"": true, ""stop_token_ids"": [248044, 248046], ""unexpected_allowed"": []}",2.3147142570232973,xgrammar,0.8114750509848818,3.4605702710105106,515,65,64,"[6825, 599, 874, 5576, 694, 310, 5106, 1521, 18839, 1532, 3254, 353, 668, 38198, 381, 279, 799, 5571, 1235, 494, 279, 4613, 680, 1149, 9, 61143, 824, 9, 328, 2064, 5532, 914, 49834, 11, 424, 557, 43438, 1149, 9, 61143, 824, 9, 328, 40, 599, 2582, 11543, 1149, 9, 61143, 824, 9, 328, 760, 1814, 369, 524, 13595, 586, 26, 424, 369, 13595, 5611, 248046]","[6825, 599, 874, 5576, 694, 310, 5106, 1521, 18839, 1532, 3254, 353, 668, 38198, 381, 279, 799, 5571, 1235, 494, 279, 4613, 680, 1149, 9, 61143, 824, 9, 328, 2064, 5532, 914, 49834, 11, 424, 557, 43438, 1149, 9, 61143, 824, 9, 328, 40, 599, 2582, 11543, 1149, 9, 61143, 824, 9, 328, 760, 1814, 369, 524, 13595, 586, 26, 424, 369, 13595, 5611]",248046,"[248046, 248044]",248046,1,True,True,"[1, 0, 0, 0]","""I have no choice but to leave because staying here means I will inevitably be the one rotting from the inside out.""*Narrator* ""It wasn't vanity, it was salvation.""*Narrator* ""I have already chosen.""*Narrator* ""The world is not saving us; it is saving regular",True,3849268224,8.48378715099534
064_coauthor_exactly_once_kna_t5_rep1,214,4,exactly_once,,5,2,65,12,762,2004608851,coauthor,64,1,coauthor:creative:9dc52675bffe43dd8a9359dab52e711b,0,5430c3f6345b04f51036d9c2d2a102b89752193b08ea8fe6e1a2aa1dcb7c4383,65fe0c92f16629a5c7cd1274183ed43152f413f487e2af8b885bea679ffe0c89,success,,512.0,512.0,512.0,False,,model_loaded,14.660173387965187,0.48790965299122036,0.27263049298198894,0.7605401459732093,0.7605401459732093,644,4420,69301,47982787,248320,"{""allowed_count"": 248068, ""expected_count"": 248068, ""missing_expected"": [], ""ok"": true, ""stop_token_ids"": [248044, 248046], ""unexpected_allowed"": []}",2.0937721169902943,xgrammar,0.8250048799673095,3.396395013027359,339,65,64,"[1948, 21248, 539, 279, 10647, 4557, 314, 21265, 3294, 4751, 11, 279, 5484, 33351, 310, 16091, 303, 264, 44213, 10682, 440, 279, 2199, 1657, 24458, 6823, 1518, 37170, 310, 70827, 3521, 4802, 1172, 780, 13238, 3354, 2184, 41689, 13, 271, 760, 9640, 16561, 364, 6681, 799, 2716, 11, 5629, 11, 53916, 11316, 310, 2962, 279, 3255, 13, 4213, 11, 279, 3555, 10895, 1528, 7370, 248046]","[1948, 21248, 539, 279, 10647, 4557, 314, 21265, 3294, 4751, 11, 279, 5484, 33351, 310, 16091, 303, 264, 44213, 10682, 440, 279, 2199, 1657, 24458, 6823, 1518, 37170, 310, 70827, 3521, 4802, 1172, 780, 13238, 3354, 2184, 41689, 13, 271, 760, 9640, 16561, 364, 6681, 799, 2716, 11, 5629, 11, 53916, 11316, 310, 2962, 279, 3255, 13, 4213, 11, 279, 3555, 10895, 1528, 7370]",248046,"[248046, 248044]",248046,1,True,True,"[0, 0, 1, 0, 0]","Shattered by the sudden loss of humanity above ground, the machine paused to engage in a simulated debate with the lifeless underground population before proceeding to consolidate global resources under his newly created supercomputer.

The prompt asks for exactly one short, natural, coherent sentence to continue the story. However, the previous instructions state devices",True,3827582464,8.358660058991518
065_coauthor_exactly_once_kna_t6_rep1,215,5,exactly_once,,6,2,65,14,889,452716857,coauthor,65,1,coauthor:creative:ecdf98683b6641e3b99127df3ee66854,0,77f98db5eda20cab7d0f1e5cb5ec00052f1d361759a7f42fec06d19585f190e5,2ac699d46f1a29985f1fa44b97b6b95d4b98a45f38fb4c6e4e8e284452a1ebc7,success,,512.0,512.0,512.0,False,,model_loaded,14.354557390033733,0.4999818700016476,0.3367946919752285,0.8367765619768761,0.8367765619768761,772,6060,95395,73520897,248320,"{""allowed_count"": 248068, ""expected_count"": 248068, ""missing_expected"": [], ""ok"": true, ""stop_token_ids"": [248044, 248046], ""unexpected_allowed"": []}",1.9238476189784706,xgrammar,0.8227715900284238,3.262328290962614,225,65,64,"[23201, 11, 948, 279, 35336, 11136, 13064, 310, 279, 220, 24, 17, 302, 22952, 303, 264, 3000, 290, 7083, 11, 551, 5964, 14607, 421, 279, 22952, 4428, 557, 25522, 5812, 883, 780, 2046, 2313, 13, 1216, 19013, 3023, 2980, 279, 22952, 1801, 264, 491, 3558, 30422, 11, 41594, 279, 6840, 74076, 17181, 995, 978, 2503, 383, 424, 13, 561, 220, 24, 17, 302, 9218, 248046]","[23201, 11, 948, 279, 35336, 11136, 13064, 310, 279, 220, 24, 17, 302, 22952, 303, 264, 3000, 290, 7083, 11, 551, 5964, 14607, 421, 279, 22952, 4428, 557, 25522, 5812, 883, 780, 2046, 2313, 13, 1216, 19013, 3023, 2980, 279, 22952, 1801, 264, 491, 3558, 30422, 11, 41594, 279, 6840, 74076, 17181, 995, 978, 2503, 383, 424, 13, 561, 220, 24, 17, 302, 9218]",248046,"[248046, 248044]",248046,1,True,True,"[0, 0, 0, 1, 0, 0]","Finally, when the wolf arrived returning to the 92nd pig in a lighted vehicle, he quickly realized that the piggy was thoroughly serious about his home project. He stayed away until the pig made a new material picker, realizing the werewolf pilot had been hard on it. The 92nd learned",True,3813679104,8.082020324014593
066_coauthor_exactly_once_kna_t7_rep1,216,6,exactly_once,,7,2,65,16,1016,93540328,coauthor,66,1,coauthor:creative:cf3c59ec3ff64c539da0ee9633dc44cf,0,797ee7aee7d55b837f5646c24e0361b09931b2c2381fe0555800ab17c9e60738,2710e65a04487a2be68c12090fe867f4652303571eb31bf1e53a80614c4e6567,success,,512.0,512.0,512.0,False,,model_loaded,14.60307599598309,0.49520259600831196,0.4103065360104665,0.9055091320187785,0.9055091320187785,900,7952,125487,106165162,248320,"{""allowed_count"": 248068, ""expected_count"": 248068, ""missing_expected"": [], ""ok"": true, ""stop_token_ids"": [248044, 248046], ""unexpected_allowed"": []}",1.951752690016292,xgrammar,0.7828181039658375,3.2731421280186623,175,65,64,"[6825, 3105, 914, 1660, 5316, 310, 1318, 279, 2531, 314, 279, 1834, 11, 694, 353, 3172, 7590, 1353, 506, 424, 440, 7478, 6213, 1149, 22804, 29636, 11, 321, 780, 7497, 22651, 264, 11012, 11, 13660, 39026, 421, 5267, 2303, 279, 1546, 37629, 303, 279, 2956, 13, 328, 3850, 3184, 728, 1118, 11, 635, 488, 1318, 310, 1236, 3712, 11, 466, 635, 488, 1066, 6922, 248046]","[6825, 3105, 914, 1660, 5316, 310, 1318, 279, 2531, 314, 279, 1834, 11, 694, 353, 3172, 7590, 1353, 506, 424, 440, 7478, 6213, 1149, 22804, 29636, 11, 321, 780, 7497, 22651, 264, 11012, 11, 13660, 39026, 421, 5267, 2303, 279, 1546, 37629, 303, 279, 2956, 13, 328, 3850, 3184, 728, 1118, 11, 635, 488, 1318, 310, 1236, 3712, 11, 466, 635, 488, 1066, 6922]",248046,"[248046, 248044]",248046,1,True,True,"[0, 0, 0, 0, 0, 0, 1]","""I didn't expect anyone to want the job of the day, but I'll certainly look at it with fresh eyes."" Barack replies, and his voice carries a quiet, knowing warmth that silences the very doubts in the room. ""But tell me first, do you want to make history, or do you just remain",True,3807510016,8.175460689002648
067_coauthor_exactly_once_kna_t8_rep1,217,7,exactly_once,,8,2,65,18,1143,1091413720,coauthor,67,1,coauthor:creative:8499365ffee244d39a7d7faf479fea13,0,6bb9acea48e5f941eef10239270fa8dbd8816c86c8ceb2803b45801add4da96b,0d86eaa6a9a98b625adcee1bc9add28baf45f5ad39a7dbc9da818e71a136f4c0,success,,512.0,512.0,512.0,False,,model_loaded,13.96115877799457,0.47524607594823465,0.4904954379890114,0.965741513937246,0.965741513937246,1028,10096,159577,146683678,248320,"{""allowed_count"": 248068, ""expected_count"": 248068, ""missing_expected"": [], ""ok"": true, ""stop_token_ids"": [248044, 248046], ""unexpected_allowed"": []}",1.9345197969814762,xgrammar,0.9305547280237079,2.343417413008865,225,35,34,"[7732, 781, 9558, 39431, 4750, 310, 9959, 836, 804, 9284, 11, 279, 39888, 12503, 1881, 836, 73002, 10771, 321, 836, 3611, 21959, 3520, 279, 6331, 660, 279, 777, 32752, 364, 4858, 2094, 1070, 13, 248046]","[7732, 781, 9558, 39431, 4750, 310, 9959, 836, 804, 9284, 11, 279, 39888, 12503, 1881, 836, 73002, 10771, 321, 836, 3611, 21959, 3520, 279, 6331, 660, 279, 777, 32752, 364, 4858, 2094, 1070, 13]",248046,"[248046, 248044]",248046,1,True,False,"[0, 0, 1, 0, 0, 0, 0, 0]","While they wear disguises to hide their true identity, the terrifying contrast between their monstrous appearance and their human hearts makes the situation all the more disturbing for everyone around them.",True,3813679104,7.406666269991547
068_coauthor_exactly_once_kna_t9_rep1,218,8,exactly_once,,9,2,65,20,1270,1703782505,coauthor,68,1,coauthor:creative:8f7e2949da2c45e597b39ee6e3f85d84,0,99d3054fd0df29e424dd3850f9c4943be4d2ade845368c58f3bbe9e502ad50cb,54290d423964e2ffdda30f35af7b1e657cfccc8e87813411eb280f784afda517,success,,512.0,512.0,512.0,False,,model_loaded,15.10933542298153,0.5225008180132136,0.5838928219745867,1.1063936399878003,1.1063936399878003,1156,12492,198800,195844541,248320,"{""allowed_count"": 248068, ""expected_count"": 248068, ""missing_expected"": [], ""ok"": true, ""stop_token_ids"": [248044, 248046], ""unexpected_allowed"": []}",1.947846558992751,xgrammar,0.824582958011888,3.287414575985167,222,65,64,"[3702, 279, 3988, 2756, 310, 279, 2945, 1834, 11, 3162, 75948, 599, 2445, 310, 4191, 264, 8581, 4299, 314, 21172, 883, 279, 8869, 314, 2279, 13, 271, 5836, 1550, 11, 781, 998, 4439, 310, 38854, 279, 1379, 2894, 1484, 314, 836, 6107, 13, 2302, 6849, 5820, 310, 6266, 11, 694, 1132, 310, 279, 2376, 421, 279, 8869, 995, 19013, 440, 80426, 11, 852, 1902, 248046]","[3702, 279, 3988, 2756, 310, 279, 2945, 1834, 11, 3162, 75948, 599, 2445, 310, 4191, 264, 8581, 4299, 314, 21172, 883, 279, 8869, 314, 2279, 13, 271, 5836, 1550, 11, 781, 998, 4439, 310, 38854, 279, 1379, 2894, 1484, 314, 836, 6107, 13, 2302, 6849, 5820, 310, 6266, 11, 694, 1132, 310, 279, 2376, 421, 279, 8869, 995, 19013, 440, 80426, 11, 852, 1902]",248046,"[248046, 248044]",248046,1,True,True,"[0, 0, 0, 0, 0, 0, 0, 0, 1]","From the early days to the present day, past Presidents have come to share a rare moment of reflection about the transition of power.

Afterward, they were asked to recount the most important event of their lives. They immediately began to speak, but only to the effect that the transition had stayed with JFK, who must",True,3813559296,8.436315474042203
069_coauthor_exactly_once_kna_t10_rep1,219,9,exactly_once,,10,2,65,22,1397,335723317,coauthor,69,1,coauthor:creative:5d3c9dbeb3e04c82ac88501a6668d530,0,926cdd815ced77504eef34821fe5325e07e05db91ff6d6b61264400607438a15,4bfdc5d5af7fa535b3866fe50b8421cc2de6128514ae98bc9e4e1e8decf3cb56,success,,512.0,512.0,512.0,False,,model_loaded,15.20994942903053,0.5238121260190383,0.6988381560076959,1.2226502820267342,1.2226502820267342,1284,15140,242273,254415847,248320,"{""allowed_count"": 248068, ""expected_count"": 248068, ""missing_expected"": [], ""ok"": true, ""stop_token_ids"": [248044, 248046], ""unexpected_allowed"": []}",1.9725046559469774,xgrammar,0.8533791810041294,3.31936001899885,188,65,64,"[31664, 82, 314, 3272, 5964, 1304, 11, 3482, 279, 21079, 9084, 314, 1208, 10569, 310, 31338, 279, 2279, 39277, 310, 381, 27918, 639, 539, 866, 799, 35177, 13, 50275, 11, 279, 1814, 369, 17249, 1881, 1782, 10569, 310, 74786, 279, 84786, 321, 1782, 15193, 310, 2444, 279, 24577, 42568, 1518, 424, 8772, 2166, 11078, 364, 7975, 310, 9791, 13, 220, 4213, 11, 62611, 7036, 248046]","[31664, 82, 314, 3272, 5964, 1304, 11, 3482, 279, 21079, 9084, 314, 1208, 10569, 310, 31338, 279, 2279, 39277, 310, 381, 27918, 639, 539, 866, 799, 35177, 13, 50275, 11, 279, 1814, 369, 17249, 1881, 1782, 10569, 310, 74786, 279, 84786, 321, 1782, 15193, 310, 2444, 279, 24577, 42568, 1518, 424, 8772, 2166, 11078, 364, 7975, 310, 9791, 13, 220, 4213, 11, 62611, 7036]",248046,"[248046, 248044]",248046,1,True,True,"[0, 0, 0, 0, 0, 0, 1, 0, 0, 0]","Schools of thought quickly form, yet the collective presence of people seeking to harness the power refuses to be placated by any one faction. Consequently, the world is divided between those seeking to unleash the apocalypse and those hoping to control the mysterious miracle before it becomes too dangerous for society to manage.  However, amidst teams",True,3808021504,8.634200500964653
070_coauthor_exactly_once_kna_t11_rep1,220,10,exactly_once,,11,2,65,24,1524,1763787249,coauthor,70,1,coauthor:creative:2a907d5c4723445c9c9653cb1ba65876,0,62b3d184988b570cb7dc525b876784612a05a944eb13b0e3864e9d23ad5f5e5d,4979aa62384924b87fd77e50f0bc15955a580a42effb55c353bd09e23b7bddd4,success,,512.0,512.0,512.0,False,,model_loaded,15.807646320026834,0.5137089909985662,0.7617619929951616,1.2754709839937277,1.2754709839937277,1412,18040,289934,323165692,248320,"{""allowed_count"": 248068, ""expected_count"": 248068, ""missing_expected"": [], ""ok"": true, ""stop_token_ids"": [248044, 248046], ""unexpected_allowed"": []}",1.91584867000347,xgrammar,0.7900808890117332,3.904929867014289,250,65,64,"[2278, 279, 975, 16185, 5326, 85606, 321, 279, 3370, 314, 3521, 13343, 5326, 53904, 11, 21265, 2923, 4487, 310, 5893, 264, 1675, 45585, 3725, 13, 271, 5836, 220, 20, 15, 1578, 11, 279, 1814, 59489, 685, 321, 29763, 421, 8649, 369, 5617, 383, 25896, 22328, 13, 1049, 5532, 914, 1066, 883, 38334, 2361, 3980, 26, 424, 557, 883, 37476, 421, 3658, 11, 567, 7249, 248046]","[2278, 279, 975, 16185, 5326, 85606, 321, 279, 3370, 314, 3521, 13343, 5326, 53904, 11, 21265, 2923, 4487, 310, 5893, 264, 1675, 45585, 3725, 13, 271, 5836, 220, 20, 15, 1578, 11, 279, 1814, 59489, 685, 321, 29763, 421, 8649, 369, 5617, 383, 25896, 22328, 13, 1049, 5532, 914, 1066, 883, 38334, 2361, 3980, 26, 424, 557, 883, 37476, 421, 3658, 11, 567, 7249]",248046,"[248046, 248044]",248046,1,True,True,"[0, 0, 0, 0, 0, 0, 0, 0, 1, 0, 0]","With the other nations finally reclaimed and the web of global infrastructure finally woven, humanity step forward to shape a post-war future.

After 50 years, the world wakes up and understands that peace is built on mutual cooperation. It wasn't just about surviving another war; it was about proving that together, we alone",True,3814661120,9.128027462982573
071_coauthor_exactly_once_kna_t12_rep1,221,11,exactly_once,,12,2,65,26,1651,1910717667,coauthor,71,1,coauthor:creative:56af97b16b6d444c8f8d55c740550837,0,6cc043d5322293391e60cddef90779a9f400ec3bc3979445fe3bc6c575482248,d507b3761662a4a88896d312321dcd34f2a4413a6eac7929af6667e9e1850de9,success,,512.0,512.0,512.0,False,,model_loaded,14.705685421999078,0.5244108779588714,0.8634727629832923,1.3878836409421638,1.3878836409421638,1540,21192,341845,402862172,248320,"{""allowed_count"": 248068, ""expected_count"": 248068, ""missing_expected"": [], ""ok"": true, ""stop_token_ids"": [248044, 248046], ""unexpected_allowed"": []}",2.606538528983947,xgrammar,0.8061589520075358,1.6776764930109493,178,15,14,"[14749, 369, 411, 30, 2091, 411, 264, 72708, 30, 551, 1018, 28855, 391, 13, 248046]","[14749, 369, 411, 30, 2091, 411, 264, 72708, 30, 551, 1018, 28855, 391, 13]",248046,"[248046, 248044]",248046,1,True,False,"[0, 0, 0, 0, 0, 0, 0, 0, 0, 0, 0, 1]",Who is this? Is this a prank? he said annoyingly.,True,3807629824,7.7400504650431685
072_coauthor_exactly_once_kna_t13_rep1,222,12,exactly_once,,13,2,65,28,1778,89215009,coauthor,72,1,coauthor:creative:e4bf8d4c04c743b39fb94f724339f642,0,66bb7d6d7e4508a20ac70f8c412899566e11b817e5b9583add12bc39ffca0cd0,68f8a3ad3eb56d3c90d225f71023127f342f4ed61049442072d0f837a3fc22bd,success,,512.0,512.0,512.0,False,,model_loaded,15.86292957502883,0.6098312470130622,1.0028869929956272,1.6127182400086895,1.6127182400086895,1668,24596,398006,494273383,248320,"{""allowed_count"": 248068, ""expected_count"": 248068, ""missing_expected"": [], ""ok"": true, ""stop_token_ids"": [248044, 248046], ""unexpected_allowed"": []}",1.9884026799700223,xgrammar,0.9343468939769082,2.876577193965204,427,51,50,"[3850, 1179, 551, 3568, 11, 9101, 506, 279, 5817, 11, 328, 2939, 353, 7590, 3105, 914, 599, 310, 1870, 799, 314, 1439, 2433, 303, 279, 1118, 1925, 1149, 83551, 11, 279, 22952, 29547, 506, 279, 35336, 4732, 11, 852, 4777, 304, 39234, 321, 71743, 3023, 1973, 5315, 2361, 3299, 13, 248046]","[3850, 1179, 551, 3568, 11, 9101, 506, 279, 5817, 11, 328, 2939, 353, 7590, 3105, 914, 599, 310, 1870, 799, 314, 1439, 2433, 303, 279, 1118, 1925, 1149, 83551, 11, 279, 22952, 29547, 506, 279, 35336, 4732, 11, 852, 4777, 304, 39234, 321, 71743, 3023, 1973, 5315, 2361, 3299, 13]",248046,"[248046, 248044]",248046,1,True,False,"[0, 0, 0, 0, 1, 0, 0, 0, 0, 0, 0, 0, 0]","But then he added, leaving at the door, ""And I certainly didn't have to build one of these things in the first place."" Afterwards, the pig smiled at the wolf outside, who simply huffed and shuffled away without saying another word.",True,3836324352,8.65197825699579
073_coauthor_exactly_once_kna_t14_rep1,223,13,exactly_once,,14,2,65,30,1905,1100254534,coauthor,73,1,coauthor:creative:d55f92da75db4afbbf0cb0bff4cae8c0,0,d5432c7b62bbc9098042b81935a36a7a0690a4a9c8e5471bf70f8b23b055bda2,6c368c508935d68d34bc32044c2dc3f48eb8f1af0162be6f386fb82939c78185,success,,512.0,512.0,512.0,False,,model_loaded,16.71713067003293,0.6134869090165012,1.1163157670525834,1.7298026760690846,1.7298026760690846,1796,28252,458417,598167421,248320,"{""allowed_count"": 248068, ""expected_count"": 248068, ""missing_expected"": [], ""ok"": true, ""stop_token_ids"": [248044, 248046], ""unexpected_allowed"": []}",2.183307553001214,xgrammar,0.816870555980131,3.3370986679801717,231,65,64,"[6651, 17852, 411, 4031, 314, 23956, 2980, 279, 52703, 8177, 78272, 279, 33389, 11, 12542, 7236, 279, 29592, 2936, 321, 46507, 2631, 836, 18020, 21419, 314, 29310, 13, 318, 17, 16, 24, 8, 271, 9, 81639, 364, 75166, 3018, 383, 3377, 318, 16, 24, 23, 12, 17, 16, 23, 1590, 9, 271, 760, 11316, 1902, 1732, 70561, 494, 279, 3555, 1414, 579, 3874, 57571, 248046]","[6651, 17852, 411, 4031, 314, 23956, 2980, 279, 52703, 8177, 78272, 279, 33389, 11, 12542, 7236, 279, 29592, 2936, 321, 46507, 2631, 836, 18020, 21419, 314, 29310, 13, 318, 17, 16, 24, 8, 271, 9, 81639, 364, 75166, 3018, 383, 3377, 318, 16, 24, 23, 12, 17, 16, 23, 1590, 9, 271, 760, 11316, 1902, 1732, 70561, 494, 279, 3555, 1414, 579, 3874, 57571]",248046,"[248046, 248044]",248046,1,True,True,"[1, 0, 0, 0, 0, 0, 0, 0, 0, 0, 0, 0, 0, 0]","They maintained this period of separation until the liberation forces breached the gates, rescuing the trapped government and dismantling their dual barrier of isolation. (219)

*Correction for coherence based on problem (198-218):*

The sentence must follow logically from the previous text's description rebuilt",True,3813913600,9.404975618002936
074_coauthor_exactly_once_kna_t15_rep1,224,14,exactly_once,,15,2,65,32,2032,1083809106,coauthor,74,1,coauthor:creative:7481e5512d9f40959eebccd763d6ff87,0,bf597dc803b9bbf8d37f704484a8cc4146d771946fa1eda7c574fbd9ddc4963c,086ca525de8585bac8341f0340b942abe92127141c4d380a10e030068aed1396,success,,512.0,512.0,512.0,False,,model_loaded,20.297693587024696,0.6298183310427703,1.270359447982628,1.9001777790253982,1.9001777790253982,1924,32160,523078,715312382,248320,"{""allowed_count"": 248068, ""expected_count"": 248068, ""missing_expected"": [], ""ok"": true, ""stop_token_ids"": [248044, 248046], ""unexpected_allowed"": []}",2.3270745190093294,xgrammar,0.8594432519748807,3.425747740024235,155,65,64,"[1465, 5326, 15513, 1024, 1144, 364, 18324, 35488, 11, 41594, 421, 5365, 11, 14589, 394, 4519, 961, 7372, 557, 279, 1328, 310, 264, 27827, 3511, 421, 1000, 2404, 836, 24860, 23709, 1083, 264, 804, 8464, 13, 1921, 430, 781, 5326, 998, 2107, 5354, 11, 279, 542, 75265, 36452, 51544, 680, 314, 13486, 310, 12816, 1024, 264, 10647, 11, 27827, 2854, 13, 2302, 7157, 22735, 248046]","[1465, 5326, 15513, 1024, 1144, 364, 18324, 35488, 11, 41594, 421, 5365, 11, 14589, 394, 4519, 961, 7372, 557, 279, 1328, 310, 264, 27827, 3511, 421, 1000, 2404, 836, 24860, 23709, 1083, 264, 804, 8464, 13, 1921, 430, 781, 5326, 998, 2107, 5354, 11, 279, 542, 75265, 36452, 51544, 680, 314, 13486, 310, 12816, 1024, 264, 10647, 11, 27827, 2854, 13, 2302, 7157, 22735]",248046,"[248046, 248044]",248046,1,True,True,"[0, 0, 0, 1, 0, 0, 0, 0, 0, 0, 0, 0, 0, 0, 0]","He finally understood her need for intense affection, realizing that deep, unwavering adoration was the key to a lasting connection that would turn their endless cycles into a true reality. But as they finally were both ready, the shapeshifter faded out of existence to grant her a sudden, lasting love. They spent romantic",True,3806724096,9.874503097031265
075_coauthor_exactly_once_kna_t16_rep1,225,15,exactly_once,,16,2,65,34,2159,1064513949,coauthor,75,1,coauthor:creative:e3d026e8ecb1421ca9ef198526fd4633,0,f1d655122c12c4e3120beb73a0a7a5e052b9a328e11bbdd99e8fb3c036d74e32,6b1f3f1a6f3adbebc68c4923f8ad47c1cd84bed5931da9a0695df8f0444466cd,success,,512.0,512.0,512.0,False,,model_loaded,19.117444548988715,0.6183505550143309,1.4087361129932106,2.0270866680075414,2.0270866680075414,2052,36320,591989,846476362,248320,"{""allowed_count"": 248068, ""expected_count"": 248068, ""missing_expected"": [], ""ok"": true, ""stop_token_ids"": [248044, 248046], ""unexpected_allowed"": []}",2.2198809759574942,xgrammar,0.8295996009837836,3.3424621060257778,189,65,64,"[19205, 279, 26052, 11, 279, 3471, 3769, 8198, 421, 4184, 668, 5326, 3827, 310, 14952, 279, 4752, 15420, 1439, 34126, 3470, 628, 4300, 13, 271, 13784, 11, 279, 9640, 2640, 328, 325, 31654, 799, 2716, 11, 5629, 11, 53916, 6163, 11316, 3158, 2921, 3555, 2468, 5064, 279, 2018, 11316, 3376, 19205, 279, 26052, 1076, 1764, 353, 1144, 310, 10691, 421, 310, 1066, 799, 1412, 248046]","[19205, 279, 26052, 11, 279, 3471, 3769, 8198, 421, 4184, 668, 5326, 3827, 310, 14952, 279, 4752, 15420, 1439, 34126, 3470, 628, 4300, 13, 271, 13784, 11, 279, 9640, 2640, 328, 325, 31654, 799, 2716, 11, 5629, 11, 53916, 6163, 11316, 3158, 2921, 3555, 2468, 5064, 279, 2018, 11316, 3376, 19205, 279, 26052, 1076, 1764, 353, 1144, 310, 10691, 421, 310, 1066, 799, 1412]",248046,"[248046, 248044]",248046,1,True,True,"[0, 0, 0, 0, 0, 0, 0, 0, 0, 0, 0, 0, 0, 0, 1, 0]","Despite the chaos, the social hope remains that someone will finally learn to appreciate the unique joy these symbolic items can bring.

Wait, the prompt says ""exactly one short, natural, coherent English sentence"". My previous output included the second sentence (""Despite the chaos...""). I need to trim that to just one error",True,3808061440,9.711528151994571
076_coauthor_exactly_once_kna_t17_rep1,226,16,exactly_once,,17,2,65,36,2286,1374481535,coauthor,76,1,coauthor:creative:e139a4f9ea0c4ea3b7b3481eea070f29,0,4f0b7f58d106deeb302269561b72ded25a2000c9eb57083f20fe46c228d24049,7f20f0caaf7bb01131c606393c7f6b8aaa7daf6390bea08f28516f29eba6cbda,success,,512.0,512.0,512.0,False,,model_loaded,15.474866320029832,0.6503631470259279,1.5595569119905122,2.20992005901644,2.20992005901644,2180,40732,665150,992427457,248320,"{""allowed_count"": 248068, ""expected_count"": 248068, ""missing_expected"": [], ""ok"": true, ""stop_token_ids"": [248044, 248046], ""unexpected_allowed"": []}",2.0804176150122657,xgrammar,0.829029633954633,2.2881104839616455,373,33,32,"[760, 93073, 2047, 279, 4307, 39585, 20950, 303, 8415, 430, 69794, 579, 7497, 16966, 806, 1472, 279, 20670, 11, 780, 491, 3019, 310, 5332, 836, 57906, 5732, 310, 1831, 2400, 1304, 13, 248046]","[760, 93073, 2047, 279, 4307, 39585, 20950, 303, 8415, 430, 69794, 579, 7497, 16966, 806, 1472, 279, 20670, 11, 780, 491, 3019, 310, 5332, 836, 57906, 5732, 310, 1831, 2400, 1304, 13]",248046,"[248046, 248044]",248046,1,True,False,"[0, 0, 0, 0, 0, 0, 0, 0, 0, 1, 0, 0, 0, 0, 0, 0, 0]","The blackout left the entire colony suspended in fear as Damon's voice crackled through the speakers, his new plan to kill their hostility starting to take full form.",True,3829337600,8.75505376496585
077_coauthor_exactly_once_kna_t18_rep1,227,17,exactly_once,,18,2,65,38,2413,643259441,coauthor,77,1,coauthor:creative:eb15a76230f74cf781b0ace876dec6de,0,3f8f3e3768371b772f6e7c1c681ea257d76977467e671e9653a2bb488dd88ed2,67a94764260f893a976038615e37c4eececa3e9403e10681481fad220397a6e4,success,,512.0,512.0,512.0,False,,model_loaded,16.365368216997012,0.6181250280351378,1.7142207939759828,2.3323458220111206,2.3323458220111206,2308,45396,742561,1153933763,248320,"{""allowed_count"": 248068, ""expected_count"": 248068, ""missing_expected"": [], ""ok"": true, ""stop_token_ids"": [248044, 248046], ""unexpected_allowed"": []}",2.021450766013004,xgrammar,0.8534740350442007,3.299035522970371,244,65,64,"[6820, 421, 488, 1366, 3069, 353, 2688, 9976, 20513, 383, 279, 7793, 4661, 279, 33300, 11, 1092, 1503, 421, 1910, 364, 660, 314, 586, 30, 22804, 13, 271, 760, 3889, 1414, 70561, 26565, 8574, 279, 10616, 314, 279, 6047, 11, 21861, 279, 39811, 1220, 15919, 279, 2193, 314, 22804, 579, 1852, 13, 15767, 279, 6775, 314, 279, 9640, 9859, 364, 39811, 11, 279, 1727, 248046]","[6820, 421, 488, 1366, 3069, 353, 2688, 9976, 20513, 383, 279, 7793, 4661, 279, 33300, 11, 1092, 1503, 421, 1910, 364, 660, 314, 586, 30, 22804, 13, 271, 760, 3889, 1414, 70561, 26565, 8574, 279, 10616, 314, 279, 6047, 11, 21861, 279, 39811, 1220, 15919, 279, 2193, 314, 22804, 579, 1852, 13, 15767, 279, 6775, 314, 279, 9640, 9859, 364, 39811, 11, 279, 1727]",248046,"[248046, 248044]",248046,1,True,True,"[0, 0, 0, 0, 0, 0, 0, 0, 0, 0, 0, 0, 0, 0, 1, 0, 0, 0]","Now that you know why I'm keeping silence on the truth behind the republic, what does that say for all of us? Barack.

The original text logically flows toward the resolution of the setting, suggesting the continuation should reveal the context of Barack's action. Given the nature of the prompt asking for continuation, the next",True,3814425088,9.739254808984697
078_coauthor_exactly_once_kna_t19_rep1,228,18,exactly_once,,19,2,65,40,2540,560568609,coauthor,78,1,coauthor:creative:82eec1c4618e494c88253f4e5167fc26,0,0de7681bef729186ff313b8920b0ea508325372c2d98f7662fa4fa8f6d3a15ff,0625bc4a16c5eef020b97e44731a2f0c150f76c6822beb1bf62745b22a95ae3f,success,,512.0,512.0,512.0,False,,model_loaded,15.853077478008345,0.6782414630288258,1.8777421999839135,2.5559836630127393,2.5559836630127393,2436,50312,824222,1331763376,248320,"{""allowed_count"": 248068, ""expected_count"": 248068, ""missing_expected"": [], ""ok"": true, ""stop_token_ids"": [248044, 248046], ""unexpected_allowed"": []}",1.9309082140098326,xgrammar,0.8454684159951285,2.2750959109980613,281,34,33,"[7525, 10352, 14330, 421, 279, 1379, 4839, 6745, 32054, 321, 14536, 488, 628, 65190, 383, 5941, 668, 1381, 381, 3328, 76629, 22184, 391, 24322, 430, 678, 47817, 321, 22908, 13057, 30479, 29216, 13, 248046]","[7525, 10352, 14330, 421, 279, 1379, 4839, 6745, 32054, 321, 14536, 488, 628, 65190, 383, 5941, 668, 1381, 381, 3328, 76629, 22184, 391, 24322, 430, 678, 47817, 321, 22908, 13057, 30479, 29216, 13]",248046,"[248046, 248044]",248046,1,True,False,"[0, 0, 0, 0, 0, 0, 0, 0, 0, 0, 0, 0, 0, 1, 0, 0, 0, 0, 1]",Your doctor explains that the most difficult physical wounds and injuries you can inflict on yourself will now be excruciatingly painful as your nerves and muscles effectively cease functioning.,True,3820388352,8.842604130972177
079_coauthor_odd_count_kna_t14_rep1,229,13,odd_count,,14,2,65,30,1905,579724040,coauthor,79,1,coauthor:creative:23553b4984aa4e4a91326ebd9393f01c,0,3982030c04b8977c8b5d0aa965f1b68cc5da59788711c682ff1b187af591d761,609e26703b2adc7c265e8e814b9652d69ee0b5139ad62b9cf48e127a2bfc6ccc,success,,512.0,512.0,512.0,False,,model_loaded,14.980613256979268,0.580102299049031,1.1428018700098619,1.7229041690588929,1.7229041690588929,1796,29120,472193,629931013,248320,"{""allowed_count"": 248068, ""expected_count"": 248068, ""missing_expected"": [], ""ok"": true, ""stop_token_ids"": [248044, 248046], ""unexpected_allowed"": []}",2.1163613310200162,xgrammar,0.8184381379978731,2.187229601026047,256,30,29,"[19205, 279, 29576, 314, 7796, 11, 279, 1330, 46064, 14195, 75277, 27905, 310, 836, 18919, 10814, 430, 279, 15039, 979, 1356, 290, 383, 279, 64847, 314, 2702, 17638, 13, 248046]","[19205, 279, 29576, 314, 7796, 11, 279, 1330, 46064, 14195, 75277, 27905, 310, 836, 18919, 10814, 430, 279, 15039, 979, 1356, 290, 383, 279, 64847, 314, 2702, 17638, 13]",248046,"[248046, 248044]",248046,1,True,False,"[0, 0, 0, 0, 0, 1, 0, 0, 0, 0, 0, 0, 0, 0]","Despite the torrent of battle, the two factions remained fiercely loyal to their respective causes as the universe teetered on the brink of total collapse.",True,3814895616,8.27821782400133
080_coauthor_left_not_right_kna_t1_rep1,230,0,left_not_right,,1,2,65,5,313,1278300963,coauthor,80,1,coauthor:creative:85bb144c94404f85ad2931edf1bcb8ae,0,f2d0552dff583e9266297859228884993970ae9df955bb1593cb4bb7b9ea2331,b5cdc212686974342a25a05af47ed0788c640a10ba720254ef9e42de7d2bcb3c,success,,512.0,512.0,512.0,False,,model_loaded,14.55260856600944,0.4953185690101236,0.07018870301544666,0.5655072720255703,0.5655072720255703,193,499,8557,3263010,248320,"{""allowed_count"": 248067, ""expected_count"": 248067, ""missing_expected"": [], ""ok"": true, ""stop_token_ids"": [248044, 248046], ""unexpected_allowed"": []}",2.0689778949599713,xgrammar,0.8317129319766536,3.346405802993104,133,65,64,"[23718, 799, 1834, 11, 264, 25532, 12317, 24057, 5820, 310, 8597, 3808, 279, 11247, 11, 632, 32341, 8076, 303, 1304, 3482, 57549, 264, 2279, 2944, 777, 34590, 1056, 279, 3611, 6741, 3397, 6661, 13, 20798, 5743, 310, 836, 10105, 279, 3603, 279, 5716, 995, 28761, 13, 28025, 1381, 0, 2532, 998, 1546, 2342, 30557, 11, 430, 836, 1814, 995, 978, 5324, 15222, 8511, 321, 248046]","[23718, 799, 1834, 11, 264, 25532, 12317, 24057, 5820, 310, 8597, 3808, 279, 11247, 11, 632, 32341, 8076, 303, 1304, 3482, 57549, 264, 2279, 2944, 777, 34590, 1056, 279, 3611, 6741, 3397, 6661, 13, 20798, 5743, 310, 836, 10105, 279, 3603, 279, 5716, 995, 28761, 13, 28025, 1381, 0, 2532, 998, 1546, 2342, 30557, 11, 430, 836, 1814, 995, 978, 5324, 15222, 8511, 321]",248046,"[248046, 248044]",248046,1,True,True,[1],"Until one day, a mutation-like phenomenon began to spread across the planet, unrecognizable in form yet possessing a power far more potent than the human race ever knew. Everyone returned to their homes the night the threat had lifted. Until now! There were very few survivors, as their world had been changed forever attacks and",True,3805859840,8.273649404000025
081_coauthor_left_not_right_kna_t2_rep1,231,1,left_not_right,,2,2,65,9,501,1545974725,coauthor,81,1,coauthor:creative:f64a674b006c4fa6adaf1bba48049f6c,0,03099a0af499febb86a41e18fde6e239b228cf5403aac34329897083d1c9d309,6a618f13b8b172659b7f0fef10dfad6cd9ca67fb8e4ca3f9e2751775654ab50a,success,,512.0,512.0,512.0,False,,model_loaded,14.584545808029361,0.44142776500666514,0.15863228804664686,0.600060053053312,0.600060053053312,382,1370,22577,13724222,248320,"{""allowed_count"": 248067, ""expected_count"": 248067, ""missing_expected"": [], ""ok"": true, ""stop_token_ids"": [248044, 248046], ""unexpected_allowed"": []}",2.09659145004116,xgrammar,0.8156697240192443,3.3058397729764692,172,65,64,"[2523, 5596, 413, 678, 6575, 11, 65105, 11125, 9149, 77839, 2980, 488, 12706, 421, 61241, 369, 12456, 1066, 264, 18677, 6136, 1332, 1396, 4299, 488, 31192, 494, 678, 3725, 8772, 264, 22825, 5089, 310, 678, 3162, 13, 733, 411, 24860, 2945, 11, 1017, 369, 874, 1144, 310, 8415, 279, 9496, 1521, 678, 3255, 682, 2590, 978, 7629, 303, 9155, 6453, 12199, 11, 18035, 321, 248044]","[2523, 5596, 413, 678, 6575, 11, 65105, 11125, 9149, 77839, 2980, 488, 12706, 421, 61241, 369, 12456, 1066, 264, 18677, 6136, 1332, 1396, 4299, 488, 31192, 494, 678, 3725, 8772, 264, 22825, 5089, 310, 678, 3162, 13, 733, 411, 24860, 2945, 11, 1017, 369, 874, 1144, 310, 8415, 279, 9496, 1521, 678, 3255, 682, 2590, 978, 7629, 303, 9155, 6453, 12199, 11, 18035, 321]",248046,"[248046, 248044]",248044,1,True,True,"[0, 1]","You wonder if your earlier, mediocre choices truly mattered until you realize that eternity is indeed just a continuous loop where every moment you subtract from your future becomes a precise addition to your past. In this endless present, there is no need to fear the unknown because your story has always been closed in visible grandeur, dirty and",True,3807392256,8.117893046000972
082_coauthor_left_not_right_kna_t3_rep1,232,2,left_not_right,,3,2,65,12,689,813384807,coauthor,82,1,coauthor:creative:6938b4a468aa482ba459d2fbe140cb30,0,10e9c8363639c67ec90343acf5148ce017086aec8b59748821d11fb8cebc78dc,97113d67764743ae4e072c62c8969dd2048b6f450179e0d0a755b6fd9ab55466,success,,512.0,512.0,512.0,False,,model_loaded,14.735389063018374,0.48894100403413177,0.22442772600334138,0.7133687300374731,0.7133687300374731,571,2613,42877,33063282,248320,"{""allowed_count"": 248067, ""expected_count"": 248067, ""missing_expected"": [], ""ok"": true, ""stop_token_ids"": [248044, 248046], ""unexpected_allowed"": []}",2.123614028969314,xgrammar,0.8107814369723201,3.337985053018201,294,65,64,"[760, 569, 11, 77748, 18818, 364, 836, 7071, 5605, 23326, 11, 5964, 17295, 264, 86132, 1647, 314, 14912, 11, 1332, 781, 5924, 748, 72912, 506, 15899, 364, 449, 10335, 421, 836, 12826, 80169, 56507, 303, 13983, 13529, 13, 1061, 19820, 3471, 4906, 11, 56398, 539, 279, 92688, 4528, 314, 1602, 12784, 11, 3354, 264, 715, 314, 804, 21265, 421, 1208, 36300, 6470, 43492, 321, 248046]","[760, 569, 11, 77748, 18818, 364, 836, 7071, 5605, 23326, 11, 5964, 17295, 264, 86132, 1647, 314, 14912, 11, 1332, 781, 5924, 748, 72912, 506, 15899, 364, 449, 10335, 421, 836, 12826, 80169, 56507, 303, 13983, 13529, 13, 1061, 19820, 3471, 4906, 11, 56398, 539, 279, 92688, 4528, 314, 1602, 12784, 11, 3354, 264, 715, 314, 804, 21265, 421, 1208, 36300, 6470, 43492, 321]",248046,"[248046, 248044]",248046,1,True,True,"[1, 0, 0]","The public, fearing judgment for their daily missteps, quickly adopted a conformity style of acting, where they became so adept at performing for an audience that their authentic selves vanished in plain sight. This artificial social performance, fueled by the crippling weight of being observed, created a void of true humanity that people desperately tried thereafter and",True,3821059072,8.246065560961142
083_coauthor_left_not_right_kna_t4_rep1,233,3,left_not_right,,4,2,65,15,877,714953310,coauthor,83,1,coauthor:creative:543ec3b66b0c47269e9737a650da21b5,0,525f5edbc3dbb5ff7ff1d5d00127d817caf7b754406b5b31ba966c9bf58c1e7a,2d8d65d0fc059181b7617e9c1ff3ec8d7bf5047967fc64630710f6786763638b,success,,512.0,512.0,512.0,False,,model_loaded,14.867547936970368,0.5525112610193901,0.3480337020009756,0.9005449630203657,0.9005449630203657,760,4228,69267,62958654,248320,"{""allowed_count"": 248067, ""expected_count"": 248067, ""missing_expected"": [], ""ok"": true, ""stop_token_ids"": [248044, 248046], ""unexpected_allowed"": []}",2.085845820955001,xgrammar,0.8579093629959971,3.2623155569890514,324,65,64,"[4639, 51399, 1484, 557, 799, 314, 279, 10424, 11447, 2756, 314, 821, 2199, 11, 9101, 728, 5354, 310, 3166, 383, 1442, 413, 353, 1362, 708, 1142, 310, 421, 1834, 16089, 13, 363, 198, 4639, 51399, 1484, 557, 799, 314, 279, 10424, 11447, 2756, 314, 821, 2199, 11, 9101, 728, 5354, 310, 3166, 383, 1442, 413, 353, 1362, 708, 1142, 310, 421, 1834, 26716, 321, 248046]","[4639, 51399, 1484, 557, 799, 314, 279, 10424, 11447, 2756, 314, 821, 2199, 11, 9101, 728, 5354, 310, 3166, 383, 1442, 413, 353, 1362, 708, 1142, 310, 421, 1834, 16089, 13, 363, 198, 4639, 51399, 1484, 557, 799, 314, 279, 10424, 11447, 2756, 314, 821, 2199, 11, 9101, 728, 5354, 310, 3166, 383, 1442, 413, 353, 1362, 708, 1142, 310, 421, 1834, 26716, 321]",248046,"[248046, 248044]",248046,1,True,True,"[1, 0, 0, 0]","That traumatic event was one of the absolute worst days of my life, leaving me ready to move on even if I could go back to that day tomorrow.()
That traumatic event was one of the absolute worst days of my life, leaving me ready to move on even if I could go back to that day grades and",True,3826807808,8.376169066003058
084_coauthor_left_not_right_kna_t5_rep1,234,4,left_not_right,,5,2,65,18,1065,590089531,coauthor,84,1,coauthor:creative:0886ac6a67c34849a08ccb15134f3407,0,d568e9e4c7a89e6e05de2c7f469612680a18ff25e223f6821f1a26de2e9d3b12,aa361a4cb585c543520e344067aa2f855be7dd5a43bbfe40a2626029d08dfef8,success,,512.0,512.0,512.0,False,,model_loaded,14.845218063041102,0.5345841140369885,0.4170612699817866,0.9516453840187751,0.9516453840187751,949,6215,101561,105088802,248320,"{""allowed_count"": 248067, ""expected_count"": 248067, ""missing_expected"": [], ""ok"": true, ""stop_token_ids"": [248044, 248046], ""unexpected_allowed"": []}",2.0736312600201927,xgrammar,0.8254249439924024,3.2352587369969115,294,65,64,"[760, 34924, 998, 7590, 874, 4860, 11322, 421, 12987, 557, 264, 5716, 310, 836, 19060, 11, 430, 551, 995, 77315, 279, 4307, 2279, 26190, 1785, 19470, 13, 318, 19, 17, 20, 8, 271, 1919, 369, 3069, 12987, 1669, 748, 2545, 13250, 2261, 780, 24865, 11, 430, 279, 34924, 6661, 551, 557, 4777, 2614, 264, 2086, 716, 314, 5426, 11040, 13, 318, 16, 6136, 321, 248046]","[760, 34924, 998, 7590, 874, 4860, 11322, 421, 12987, 557, 264, 5716, 310, 836, 19060, 11, 430, 551, 995, 77315, 279, 4307, 2279, 26190, 1785, 19470, 13, 318, 19, 17, 20, 8, 271, 1919, 369, 3069, 12987, 1669, 748, 2545, 13250, 2261, 780, 24865, 11, 430, 279, 34924, 6661, 551, 557, 4777, 2614, 264, 2086, 716, 314, 5426, 11040, 13, 318, 16, 6136, 321]",248046,"[248046, 248044]",248046,1,True,True,"[0, 0, 1, 0, 0]","The aliens were certainly no longer concerned that Matt was a threat to their survival, as he had rigged the entire power converter system manually. (425)

This is why Matt found so little resistance during his inspection, as the aliens knew he was simply following a different set of rules entirely. (1 loop and",True,3821059072,8.338622467010282
085_coauthor_left_not_right_kna_t6_rep1,235,5,left_not_right,,6,2,65,21,1253,1810415085,coauthor,85,1,coauthor:creative:1e71cd3d266046fdaeeef386a80a0781,0,34f97a980867aeafe8863ffd62026ac014c27337bcc34ed2805b5a40ca1f0028,062487ec34c5827c7e82273e663af2187a23b559bf9c9e9a2413816affbba8c2,success,,512.0,512.0,512.0,False,,model_loaded,14.970986473956145,0.6049819899490103,0.5133296180283651,1.1183116079773754,1.1183116079773754,1138,8574,139759,161132190,248320,"{""allowed_count"": 248067, ""expected_count"": 248067, ""missing_expected"": [], ""ok"": true, ""stop_token_ids"": [248044, 248046], ""unexpected_allowed"": []}",2.043842373008374,xgrammar,0.8798264940269291,3.369590447982773,252,65,64,"[2053, 279, 23459, 83374, 310, 15919, 279, 76073, 4964, 56751, 8222, 279, 3611, 579, 4593, 11, 279, 21079, 3594, 22564, 11524, 440, 22960, 2279, 11690, 279, 6103, 12013, 4656, 314, 279, 2235, 10642, 2957, 777, 13, 1577, 279, 16710, 4613, 21010, 85317, 8871, 2218, 3795, 82, 303, 279, 73731, 55419, 3294, 11, 279, 1814, 2094, 424, 15175, 279, 1118, 12639, 314, 279, 7578, 321, 248044]","[2053, 279, 23459, 83374, 310, 15919, 279, 76073, 4964, 56751, 8222, 279, 3611, 579, 4593, 11, 279, 21079, 3594, 22564, 11524, 440, 22960, 2279, 11690, 279, 6103, 12013, 4656, 314, 279, 2235, 10642, 2957, 777, 13, 1577, 279, 16710, 4613, 21010, 85317, 8871, 2218, 3795, 82, 303, 279, 73731, 55419, 3294, 11, 279, 1814, 2094, 424, 15175, 279, 1118, 12639, 314, 279, 7578, 321]",248046,"[248046, 248044]",248044,1,True,True,"[0, 0, 0, 0, 1, 0]","As the chamber collapses to reveal the sarcophagus containing the human's heart, the collective air rippling with magical power begins the slow rebirth of the old magic once more. As the creature inside—the dormant candidate—rests in the radiant dome above, the world around it sees the first hint of the growing and",True,3814738944,8.674715692992322
086_coauthor_left_not_right_kna_t7_rep1,236,6,left_not_right,,7,2,65,24,1441,2038199862,coauthor,86,1,coauthor:creative:01650a401e614c38a04a904165a5784f,0,ad408cc43818454bbabfe8b0def65798f61a7996b5ae1796b1ddf7581ff3aff0,ab97bfc7267ec09c1e3354c5e4137d60d204ce78154ae0c6221375cda9f314bb,success,,512.0,512.0,512.0,False,,model_loaded,15.319097642030101,0.532232957019005,0.6499420299660414,1.1821749869850464,1.1821749869850464,1327,11305,183861,232767282,248320,"{""allowed_count"": 248067, ""expected_count"": 248067, ""missing_expected"": [], ""ok"": true, ""stop_token_ids"": [248044, 248046], ""unexpected_allowed"": []}",1.8766167500289157,xgrammar,0.857747551985085,3.3950847829692066,253,65,64,"[760, 1132, 3769, 488, 599, 314, 19060, 557, 15193, 279, 36971, 1000, 2496, 381, 2512, 1495, 13, 10838, 236, 110, 9008, 234, 236, 9008, 98, 112, 9008, 243, 114, 29545, 169379, 2, 66775, 52829, 17090, 653, 42373, 66621, 653, 60243, 3803, 653, 49032, 72400, 653, 32, 3072, 19527, 653, 45677, 5358, 778, 653, 1743, 265, 48641, 36331, 653, 52401, 20569, 30503, 1554, 12613, 321, 248046]","[760, 1132, 3769, 488, 599, 314, 19060, 557, 15193, 279, 36971, 1000, 2496, 381, 2512, 1495, 13, 10838, 236, 110, 9008, 234, 236, 9008, 98, 112, 9008, 243, 114, 29545, 169379, 2, 66775, 52829, 17090, 653, 42373, 66621, 653, 60243, 3803, 653, 49032, 72400, 653, 32, 3072, 19527, 653, 45677, 5358, 778, 653, 1743, 265, 48641, 36331, 653, 52401, 20569, 30503, 1554, 12613, 321]",248046,"[248046, 248044]",248046,1,True,True,"[0, 0, 1, 0, 0, 0, 0]",The only hope you have of survival was hoping the lottery would never be called again. 🎲🌎🥴🕶️✨#ForbiddenLottery #EarthLit #Survival #Immortality #AgingWarnings #LostGenerations #UnreliableAdam #CosmicGlitch contained and,True,3814778880,8.643133610021323
087_coauthor_left_not_right_kna_t8_rep1,237,7,left_not_right,,8,2,65,27,1629,400805508,coauthor,87,1,coauthor:creative:a373cb5e0c8f46e5bcbdcbd8ddac8227,0,bde1c26a76af726e991f3e6b4c3b0993c956fb393ebbde99cb08afc096b22917,616cea8d10b1b1ef0ae0fdfc4215007090f28d4966c6cf53706ff652168c80ec,success,,512.0,512.0,512.0,False,,model_loaded,15.606432706001215,0.5909398339572363,0.7865968879777938,1.37753672193503,1.37753672193503,1516,14408,233867,321672542,248320,"{""allowed_count"": 248067, ""expected_count"": 248067, ""missing_expected"": [], ""ok"": true, ""stop_token_ids"": [248044, 248046], ""unexpected_allowed"": []}",1.9645688830059953,xgrammar,0.8619739540154114,3.2938915920094587,324,65,64,"[9658, 430, 353, 8379, 310, 3608, 685, 279, 1328, 11, 279, 13280, 43008, 288, 698, 806, 680, 494, 4661, 279, 3349, 3136, 310, 16383, 728, 883, 821, 12395, 13, 353, 42578, 1142, 506, 821, 5888, 11, 95263, 11983, 421, 279, 4299, 353, 23191, 279, 75969, 421, 18378, 11600, 995, 2582, 6895, 728, 80149, 6437, 4370, 314, 6414, 13, 353, 6470, 310, 1542, 44168, 321, 248046]","[9658, 430, 353, 8379, 310, 3608, 685, 279, 1328, 11, 279, 13280, 43008, 288, 698, 806, 680, 494, 4661, 279, 3349, 3136, 310, 16383, 728, 883, 821, 12395, 13, 353, 42578, 1142, 506, 821, 5888, 11, 95263, 11983, 421, 279, 4299, 353, 23191, 279, 75969, 421, 18378, 11600, 995, 2582, 6895, 728, 80149, 6437, 4370, 314, 6414, 13, 353, 6470, 310, 1542, 44168, 321]",248046,"[248046, 248044]",248046,1,True,True,"[1, 0, 0, 0, 0, 0, 0, 0]","Just as I reached to pick up the key, the tiny fairy waddled out from behind the large window to confront me about my surprise. I stared back at my hands, bewildered that the moment I touched the ornament that promised wealth had already brought me unavoidable pain instead of gold. I tried to run scream and",True,3826807808,8.916293219022918
088_coauthor_left_not_right_kna_t9_rep1,238,8,left_not_right,,9,2,65,30,1817,1735353644,coauthor,88,1,coauthor:creative:b3a1b8cfb7d94eb3a615600d440a0bc1,0,bed17f7a8d351cab85b6ed9fc1d8d7aa9f7833063efe79d646cb9729cb842a66,17f4269ac4d497321f32a06cf838ab62cdb34394d5469620b35a1f8ec5f09f4b,success,,512.0,512.0,512.0,False,,model_loaded,15.90034045802895,0.5735029429779388,0.9179016249836423,1.491404567961581,1.491404567961581,1705,17883,291452,429526434,248320,"{""allowed_count"": 248067, ""expected_count"": 248067, ""missing_expected"": [], ""ok"": true, ""stop_token_ids"": [248044, 248046], ""unexpected_allowed"": []}",2.1626111139776185,xgrammar,0.82081860199105,3.300239376956597,179,65,64,"[35, 327, 579, 599, 874, 4374, 1204, 310, 3579, 411, 7578, 8876, 314, 46224, 13, 31448, 579, 1429, 310, 381, 303, 6545, 13, 31448, 579, 599, 5384, 836, 2279, 310, 1910, 279, 1534, 3299, 948, 836, 16513, 369, 383, 279, 1500, 13, 31448, 579, 513, 5326, 41594, 421, 1345, 781, 1189, 3222, 279, 1814, 3658, 2957, 11, 781, 874, 4860, 3222, 424, 4778, 321, 248046]","[35, 327, 579, 599, 874, 4374, 1204, 310, 3579, 411, 7578, 8876, 314, 46224, 13, 31448, 579, 1429, 310, 381, 303, 6545, 13, 31448, 579, 599, 5384, 836, 2279, 310, 1910, 279, 1534, 3299, 948, 836, 16513, 369, 383, 279, 1500, 13, 31448, 579, 513, 5326, 41594, 421, 1345, 781, 1189, 3222, 279, 1814, 3658, 2957, 11, 781, 874, 4860, 3222, 424, 4778, 321]",248046,"[248046, 248044]",248046,1,True,True,"[0, 0, 0, 0, 0, 0, 0, 1, 0]","Dad's have no idea how to handle this growing trend of judgement. Dad's used to be in charge. Dad's have lost their power to say the final word when their reputation is on the line. Dad's are finally realizing that while they may hold the world together once, they no longer hold it fast and",True,3807668736,9.14362083596643
089_coauthor_left_not_right_kna_t10_rep1,239,9,left_not_right,,10,2,65,33,2005,1864851287,coauthor,89,1,coauthor:creative:d99c239ccb2841f6bfe743f865126332,0,4f2a0d35b6eb267086aa0ff793611bfe673d84c03b4c5662837e0c3fbdedcd70,a6ca5bf2cb99cada8a24e0c84b6243835a80b034b3fc0fd1988daa930eede293,success,,512.0,512.0,512.0,False,,model_loaded,15.483081563957967,0.5965560150216334,1.0643345690332353,1.6608905840548687,1.6608905840548687,1894,21730,354703,558007422,248320,"{""allowed_count"": 248067, ""expected_count"": 248067, ""missing_expected"": [], ""ok"": true, ""stop_token_ids"": [248044, 248046], ""unexpected_allowed"": []}",2.0098579930490814,xgrammar,0.814830205985345,3.2796481829718687,143,65,64,"[3850, 310, 3462, 748, 1599, 18058, 779, 11, 21265, 995, 310, 4992, 18676, 888, 37910, 11, 49769, 264, 51779, 7345, 314, 279, 1546, 24191, 421, 2957, 27723, 1070, 13, 271, 10883, 11, 279, 3199, 314, 3712, 668, 4222, 524, 381, 4364, 539, 13522, 67647, 11, 694, 4598, 539, 279, 6103, 11, 29265, 7832, 314, 264, 3725, 1332, 12313, 2905, 524, 430, 34196, 2047, 321, 248044]","[3850, 310, 3462, 748, 1599, 18058, 779, 11, 21265, 995, 310, 4992, 18676, 888, 37910, 11, 49769, 264, 51779, 7345, 314, 279, 1546, 24191, 421, 2957, 27723, 1070, 13, 271, 10883, 11, 279, 3199, 314, 3712, 668, 4222, 524, 381, 4364, 539, 13522, 67647, 11, 694, 4598, 539, 279, 6103, 11, 29265, 7832, 314, 264, 3725, 1332, 12313, 2905, 524, 430, 34196, 2047, 321]",248046,"[248046, 248044]",248044,1,True,True,"[0, 0, 0, 0, 0, 0, 0, 1, 0, 0]","But to save so many innocents, humanity had to choose destruction over breeding, triggering a catastrophic reset of the very ecosystem that once sustained them.

However, the course of history will likely not be defined by immediate repayment, but rather by the slow, inevitable construction of a future where humans exist not as masters left and",True,3806251520,9.008505013014656
090_coauthor_left_not_right_kna_t11_rep1,240,10,left_not_right,,11,2,65,36,2193,1927732778,coauthor,90,1,coauthor:creative:d1aad60e3f7f4dd68721bfd157247a99,0,71ec8e8e84f798b2acfe808c70d3b3559040bdf5bd5a434b37fbcc795a506f34,d63a03be17799e5807230f40e83d675a6d563fda6dd839442ae90211fbcb6fd5,success,,512.0,512.0,512.0,False,,model_loaded,20.425513870024588,0.5986395780346356,1.2327029400039464,1.831342518038582,1.831342518038582,2083,25949,424718,708793970,248320,"{""allowed_count"": 248067, ""expected_count"": 248067, ""missing_expected"": [], ""ok"": true, ""stop_token_ids"": [248044, 248046], ""unexpected_allowed"": []}",2.2172293200274,xgrammar,0.8275485779740848,3.4012475730269216,253,65,64,"[2064, 557, 1179, 421, 353, 14607, 279, 1814, 995, 5324, 15222, 11, 1521, 279, 1546, 1918, 421, 18378, 310, 25282, 660, 314, 21265, 995, 4370, 6316, 821, 4307, 33760, 1083, 264, 32874, 11, 5983, 11, 36487, 36561, 13, 318, 3601, 8, 271, 332, 11158, 11, 353, 1132, 1144, 799, 11316, 159029, 271, 2064, 557, 1179, 421, 353, 14607, 279, 1814, 995, 5324, 14164, 321, 248046]","[2064, 557, 1179, 421, 353, 14607, 279, 1814, 995, 5324, 15222, 11, 1521, 279, 1546, 1918, 421, 18378, 310, 25282, 660, 314, 21265, 995, 4370, 6316, 821, 4307, 33760, 1083, 264, 32874, 11, 5983, 11, 36487, 36561, 13, 318, 3601, 8, 271, 332, 11158, 11, 353, 1132, 1144, 799, 11316, 159029, 271, 2064, 557, 1179, 421, 353, 14607, 279, 1814, 995, 5324, 14164, 321]",248046,"[248046, 248044]",248046,1,True,True,"[0, 0, 0, 0, 0, 1, 0, 0, 0, 0, 0]","It was then that I realized the world had changed forever, because the very product that promised to cure all of humanity had instead turned my entire civilization into a screaming, green, zombie nightmare. (End)

**wait, I only need one sentence.**

It was then that I realized the world had changed anymore and",True,3814778880,9.588772882998455
091_coauthor_left_not_right_kna_t12_rep1,241,11,left_not_right,,12,2,65,39,2381,314198940,coauthor,91,1,coauthor:creative:dc2078ed9a2d4ebd84853c014639bd1f,0,cdf91c8768c6b97f5e3e47eb5aa34ac7f784dfd6bea466f60ee750614b81b614,15bd0e5ec1b33f489c28509360ad27b4ae81fe460342cfd458afd4705b97034e,success,,512.0,512.0,512.0,False,,model_loaded,19.99836929497542,0.6225601430051029,1.4501403470057994,2.0727004900109023,2.0727004900109023,2272,30540,501009,883564542,248320,"{""allowed_count"": 248067, ""expected_count"": 248067, ""missing_expected"": [], ""ok"": true, ""stop_token_ids"": [248044, 248046], ""unexpected_allowed"": []}",2.1450708089978434,xgrammar,0.825994863989763,3.281606736010872,449,65,64,"[2665, 799, 628, 1236, 264, 5214, 10910, 264, 1918, 440, 449, 24860, 58811, 11, 364, 1680, 264, 7932, 682, 874, 31219, 869, 310, 3569, 494, 5316, 13, 19332, 28730, 307, 3253, 68, 28503, 4208, 6895, 1142, 660, 18352, 13, 2838, 4755, 2330, 424, 1083, 279, 2919, 16002, 11, 424, 978, 364, 2756, 11, 424, 557, 2590, 7948, 11, 424, 682, 874, 16666, 3905, 321, 248046]","[2665, 799, 628, 1236, 264, 5214, 10910, 264, 1918, 440, 449, 24860, 58811, 11, 364, 1680, 264, 7932, 682, 874, 31219, 869, 310, 3569, 494, 5316, 13, 19332, 28730, 307, 3253, 68, 28503, 4208, 6895, 1142, 660, 18352, 13, 2838, 4755, 2330, 424, 1083, 279, 2919, 16002, 11, 424, 978, 364, 2756, 11, 424, 557, 2590, 7948, 11, 424, 682, 874, 16666, 3905, 321]",248046,"[248046, 248044]",248046,1,True,True,"[0, 0, 0, 0, 0, 0, 1, 0, 0, 0, 0, 0]","No one can make a living selling a product with an endless lifespan, for such a gift has no monetary value to buy from anyone. Ice Cream nanae lemon pie brought back all memories. She pour big it into the water bottle, it been for days, it was always warm, it has no flavor comes and",True,3841661440,9.68074500496732
092_coauthor_left_not_right_kna_t13_rep1,242,12,left_not_right,,13,2,65,42,2569,561905364,coauthor,92,1,coauthor:creative:767134bda38047aab8a6fa3221b6880e,0,f0f0ac6849aadc60bc37339d336ff132e6926b18123c654fc147ba1a09db1295,cf82e9240bb8968c9508b666dc4eccb815880122f89917ad337fd8d864dab7b3,success,,512.0,512.0,512.0,False,,model_loaded,19.743437940021977,0.6382200009538792,1.639849357015919,2.278069357969798,2.278069357969798,2461,35503,583576,1083997602,248320,"{""allowed_count"": 248067, ""expected_count"": 248067, ""missing_expected"": [], ""ok"": true, ""stop_token_ids"": [248044, 248046], ""unexpected_allowed"": []}",2.119333398004528,xgrammar,0.8295247299829498,3.24123145500198,392,65,64,"[6651, 1902, 9973, 3315, 310, 8597, 21265, 579, 2279, 3808, 279, 23170, 539, 3322, 1396, 21188, 22090, 11, 466, 310, 3798, 836, 46734, 310, 2426, 279, 19850, 3438, 88492, 2022, 3619, 3213, 310, 3462, 1070, 660, 1518, 424, 6999, 1312, 68343, 13, 593, 310, 5190, 279, 13395, 494, 3397, 5732, 13, 593, 2985, 874, 491, 3769, 11, 279, 2018, 1809, 39358, 279, 1118, 321, 248046]","[6651, 1902, 9973, 3315, 310, 8597, 21265, 579, 2279, 3808, 279, 23170, 539, 3322, 1396, 21188, 22090, 11, 466, 310, 3798, 836, 46734, 310, 2426, 279, 19850, 3438, 88492, 2022, 3619, 3213, 310, 3462, 1070, 660, 1518, 424, 6999, 1312, 68343, 13, 593, 310, 5190, 279, 13395, 494, 3397, 5732, 13, 593, 2985, 874, 491, 3769, 11, 279, 2018, 1809, 39358, 279, 1118, 321]",248046,"[248046, 248044]",248046,1,True,True,"[0, 0, 0, 0, 0, 0, 0, 0, 0, 1, 0, 0, 0]","They must decide whether to spread humanity's power across the globe by having every citizen reproduce, or to limit their descendants to keep the ragged Consciousness strong enough to save them all before it fully awakens. / to prevent the revolution from ever starting. / With no new hope, the second group pushes the first and",True,3834517504,9.7769180930336
093_coauthor_left_not_right_kna_t14_rep1,243,13,left_not_right,,14,2,65,45,2757,2014808911,coauthor,93,1,coauthor:creative:374e55af5f8642bdb6134332a8c6bc20,0,894f62efef8802e86f684c5ce2ee6a7fde3fc615898f13a99f6282c3eef8c9e3,271005ae69821d6f1c686f302af43b41c45f86d34d967ca0feabc6b5c241b6fa,success,,512.0,512.0,512.0,False,,model_loaded,19.79227581602754,0.6684241069597192,1.8265692410059273,2.4949933479656465,2.4949933479656465,2650,40838,672419,1311771614,248320,"{""allowed_count"": 248067, ""expected_count"": 248067, ""missing_expected"": [], ""ok"": true, ""stop_token_ids"": [248044, 248046], ""unexpected_allowed"": []}",2.1509759609471075,xgrammar,0.8761585830361582,3.280957939045038,432,65,64,"[2278, 279, 63298, 3838, 14012, 11, 21265, 1381, 9687, 279, 16233, 2279, 11, 13660, 421, 874, 3202, 314, 8415, 466, 8024, 628, 3397, 4300, 449, 11152, 932, 50815, 5176, 310, 1141, 29528, 13, 5369, 421, 4299, 383, 11, 8964, 12965, 430, 279, 1483, 30925, 289, 2272, 279, 1546, 7793, 567, 15631, 310, 48827, 13, 1165, 14195, 11012, 11, 8318, 364, 279, 1834, 567, 321, 248046]","[2278, 279, 63298, 3838, 14012, 11, 21265, 1381, 9687, 279, 16233, 2279, 11, 13660, 421, 874, 3202, 314, 8415, 466, 8024, 628, 3397, 4300, 449, 11152, 932, 50815, 5176, 310, 1141, 29528, 13, 5369, 421, 4299, 383, 11, 8964, 12965, 430, 279, 1483, 30925, 289, 2272, 279, 1546, 7793, 567, 15631, 310, 48827, 13, 1165, 14195, 11012, 11, 8318, 364, 279, 1834, 567, 321]",248046,"[248046, 248044]",248046,1,True,True,"[0, 0, 0, 0, 0, 0, 0, 0, 0, 0, 0, 0, 0, 1]","With the hive mind destroyed, humanity now holds the ultimate power, knowing that no amount of fear or strategy can ever bring an extraterrestrial force to its knees. From that moment on, Earth stands as the last bastion against the very truth we sought to conquer. We remained quiet, waiting for the day we and",True,3836581376,10.089692208974157
094_coauthor_left_not_right_kna_t15_rep1,244,14,left_not_right,,15,2,65,48,2945,553398889,coauthor,94,1,coauthor:creative:6e886e695d98418e9eaca62a07bcef02,0,192819da2308dec42f217e02803df0e18bcfe193d72c5ed05e1bb1a89085ae9c,692c0d56d8bc5fef1aa586c68257cfed6c2006a4020073d26cedc62e8ffabb60,success,,512.0,512.0,512.0,False,,model_loaded,17.18996164301643,0.6785435720230453,2.0389056529966183,2.7174492250196636,2.7174492250196636,2839,46545,767538,1568565042,248320,"{""allowed_count"": 248067, ""expected_count"": 248067, ""missing_expected"": [], ""ok"": true, ""stop_token_ids"": [248044, 248046], ""unexpected_allowed"": []}",2.020353489962872,xgrammar,0.8464021289837547,3.4005469380063005,226,65,64,"[760, 66107, 958, 30295, 9600, 310, 5176, 279, 18995, 1083, 55452, 11, 15193, 421, 13660, 1384, 27245, 279, 8415, 551, 9687, 888, 1070, 13, 4213, 11, 279, 18995, 4777, 35874, 3023, 303, 20513, 1345, 12313, 2430, 5978, 1083, 279, 8026, 579, 4560, 13, 85635, 267, 279, 26052, 314, 22120, 68952, 2272, 279, 25347, 579, 38866, 11, 12987, 69794, 7123, 4487, 11, 73126, 4284, 321, 248044]","[760, 66107, 958, 30295, 9600, 310, 5176, 279, 18995, 1083, 55452, 11, 15193, 421, 13660, 1384, 27245, 279, 8415, 551, 9687, 888, 1070, 13, 4213, 11, 279, 18995, 4777, 35874, 3023, 303, 20513, 1345, 12313, 2430, 5978, 1083, 279, 8026, 579, 4560, 13, 85635, 267, 279, 26052, 314, 22120, 68952, 2272, 279, 25347, 579, 38866, 11, 12987, 69794, 7123, 4487, 11, 73126, 4284, 321]",248046,"[248046, 248044]",248044,1,True,True,"[0, 0, 0, 0, 0, 0, 0, 0, 1, 0, 0, 0, 0, 0, 0]","The astronauts use plasma weapons to force the alien into confession, hoping that knowing him removes the fear he holds over them. However, the alien simply flies away in silence while humans throw objects into the ship's engine. Amidst the chaos of firing lasers against the vessel's hull, Matt Damon steps forward, brav taken and",True,3813718016,10.276252155017573
095_coauthor_left_not_right_kna_t16_rep1,245,15,left_not_right,,16,2,65,51,3133,117592634,coauthor,95,1,coauthor:creative:dad69fc8dcfb4971abbe3d4013bfc6ce,0,5acea2debb4bf6b7e622c7b0a49d4d02002105f2814484e5d4fef5a7ae98bad6,e58e92a280c57ffa13f3397f908a1bfabbcce9fdfd2117bec61d7c1adc5dd3c8,success,,512.0,512.0,512.0,False,,model_loaded,17.200825092033483,0.6790975570329465,2.2707614800310694,2.949859037064016,2.949859037064016,3028,52624,868933,1856056350,248320,"{""allowed_count"": 248067, ""expected_count"": 248067, ""missing_expected"": [], ""ok"": true, ""stop_token_ids"": [248044, 248046], ""unexpected_allowed"": []}",1.9543311850284226,xgrammar,0.8277084510191344,3.3125558120082133,187,65,64,"[25879, 551, 57135, 290, 780, 2199, 430, 264, 28746, 314, 4124, 579, 2854, 11, 551, 11330, 421, 780, 5975, 998, 13260, 38400, 310, 279, 1238, 14036, 13, 18200, 279, 804, 7059, 314, 21583, 10641, 303, 8996, 25896, 8396, 440, 19507, 488, 1362, 1438, 12706, 1603, 1345, 13092, 430, 264, 25680, 314, 2854, 13, 7183, 303, 279, 3460, 314, 8415, 11, 551, 1467, 1599, 321, 248044]","[25879, 551, 57135, 290, 780, 2199, 430, 264, 28746, 314, 4124, 579, 2854, 11, 551, 11330, 421, 780, 5975, 998, 13260, 38400, 310, 279, 1238, 14036, 13, 18200, 279, 804, 7059, 314, 21583, 10641, 303, 8996, 25896, 8396, 440, 19507, 488, 1362, 1438, 12706, 1603, 1345, 13092, 430, 264, 25680, 314, 2854, 13, 7183, 303, 279, 3460, 314, 8415, 11, 551, 1467, 1599, 321]",248046,"[248046, 248044]",248044,1,True,True,"[0, 0, 0, 0, 0, 0, 0, 0, 0, 0, 0, 0, 0, 1, 0, 0]","Though he mourned his life as a demonstration of God's love, he accepted that his actions were ultimately irrelevant to the afterlife. Perhaps the true concept of heaven lay in finding mutual understanding with allies you could help realize good while serving as a reminder of love. Even in the face of fear, he did many and",True,3807982592,10.33791766903596
096_coauthor_sets_differ_kna_t1_rep1,246,0,sets_differ,,1,2,65,7,439,1122122241,coauthor,96,1,coauthor:creative:5ff4b3f9999047f6858c878df9638bc3,0,2c64ad0b2bd9ec325ec655b86417b9ab39d6f2f7ffce5ed4fd87013558d04ff8,bcc94a5dd9c5960453c83c5343d31c3c41eab9a22e8a8789fa5aeb6b0efa754e,success,,512.0,512.0,512.0,False,,model_loaded,14.342074857966509,0.48157941101817414,0.11704886198276654,0.5986282730009407,0.5986282730009407,319,998,16475,9368198,248320,"{""allowed_count"": 248068, ""expected_count"": 248068, ""missing_expected"": [], ""ok"": true, ""stop_token_ids"": [248044, 248046], ""unexpected_allowed"": []}",2.122295806009788,xgrammar,0.8109796070493758,3.2801574740442447,126,65,64,"[4741, 3342, 2843, 11, 279, 223505, 369, 5326, 55807, 1083, 95041, 310, 1423, 421, 279, 1814, 995, 14276, 748, 11078, 421, 874, 799, 1362, 6734, 866, 5214, 3065, 13, 1049, 995, 10548, 1083, 9378, 11, 321, 551, 1066, 2597, 685, 310, 1423, 279, 9378, 660, 35742, 3808, 279, 1814, 13, 1541, 1381, 11, 551, 995, 310, 3608, 685, 279, 9378, 321, 615, 310, 12779, 248046]","[4741, 3342, 2843, 11, 279, 223505, 369, 5326, 55807, 1083, 95041, 310, 1423, 421, 279, 1814, 995, 14276, 748, 11078, 421, 874, 799, 1362, 6734, 866, 5214, 3065, 13, 1049, 995, 10548, 1083, 9378, 11, 321, 551, 1066, 2597, 685, 310, 1423, 279, 9378, 660, 35742, 3808, 279, 1814, 13, 1541, 1381, 11, 551, 995, 310, 3608, 685, 279, 9378, 321, 615, 310, 12779]",248046,"[248046, 248044]",248046,1,True,True,[1],"Decades later, the tehnolog is finally descended into solitude to find that the world had grown so dangerous that no one could trust any living thing. It had broken into pieces, and he just got up to find the pieces all scattered across the world. And now, he had to pick up the pieces and get to circumstances",True,3801382912,8.034317376033869
097_coauthor_sets_differ_kna_t2_rep1,247,1,sets_differ,,2,2,65,12,690,2048344142,coauthor,97,1,coauthor:creative:1da7eb35b68842dc9b5017abaf1359d4,0,22b80e67b139df65a14c55feb02776ad690db63539b40e13643f5dd50e793c21,4081196967b3fb50f532ce0bc84697f01bc79ddc4700f026c68af7540459e462,success,,512.0,512.0,512.0,False,,model_loaded,14.438995366042946,0.5053431239794008,0.2186989530455321,0.724042077024933,0.724042077024933,571,2305,38161,32621615,248320,"{""allowed_count"": 248068, ""expected_count"": 248068, ""missing_expected"": [], ""ok"": true, ""stop_token_ids"": [248044, 248046], ""unexpected_allowed"": []}",2.0519915799959563,xgrammar,0.8293832549825311,3.285809248976875,166,65,64,"[17413, 279, 2936, 14413, 17614, 421, 1396, 17230, 5091, 264, 3050, 22284, 11, 1379, 6764, 5516, 682, 978, 90129, 48786, 11, 9101, 11391, 314, 85707, 440, 264, 24322, 11, 5438, 1925, 303, 279, 1814, 13, 2302, 2579, 81440, 321, 632, 658, 2670, 9733, 11, 41594, 421, 1602, 20364, 369, 777, 38243, 1056, 9149, 1602, 92814, 13, 561, 1428, 1785, 314, 22284, 37919, 34577, 32877, 248046]","[17413, 279, 2936, 14413, 17614, 421, 1396, 17230, 5091, 264, 3050, 22284, 11, 1379, 6764, 5516, 682, 978, 90129, 48786, 11, 9101, 11391, 314, 85707, 440, 264, 24322, 11, 5438, 1925, 303, 279, 1814, 13, 2302, 2579, 81440, 321, 632, 658, 2670, 9733, 11, 41594, 421, 1602, 20364, 369, 777, 38243, 1056, 9149, 1602, 92814, 13, 561, 1428, 1785, 314, 22284, 37919, 34577, 32877]",248046,"[248046, 248044]",248046,1,True,True,"[1, 0]","Because the government suddenly demands that every dad receive a specific ranking, most fatherhood has been obliterated, leaving millions of dads with a painful, undefined place in the world. They feel powerless and unappreciated, realizing that being ranked is more destructive than truly being unrecognized. The current system of ranking fathers proves distress",True,3807157248,8.138477601052728
098_coauthor_sets_differ_kna_t3_rep1,248,2,sets_differ,,3,2,65,16,941,723810668,coauthor,98,1,coauthor:creative:a09cbbf5323a4bd2aa5a2ae775258c38,0,739fd4994f329bc02942a8573402fb123eb20564d2052461eee1f29d8ef061b0,b88758244c2e5fbe68f38df6b7dfb61ae9def28cec1636b01a38b0658524175d,success,,512.0,512.0,512.0,False,,model_loaded,14.58134728501318,0.4845438940101303,0.3345342610264197,0.81907815503655,0.81907815503655,823,4108,68093,73120391,248320,"{""allowed_count"": 248068, ""expected_count"": 248068, ""missing_expected"": [], ""ok"": true, ""stop_token_ids"": [248044, 248046], ""unexpected_allowed"": []}",2.0050483769737184,xgrammar,0.791789464012254,3.294761449971702,111,65,64,"[7691, 5326, 45788, 287, 1024, 75818, 11, 694, 4370, 314, 13004, 836, 11656, 10498, 11, 551, 26731, 310, 1831, 1024, 310, 2361, 1814, 13, 271, 17413, 551, 8523, 1292, 369, 264, 16710, 314, 39472, 11, 551, 628, 2923, 1083, 1024, 8464, 11, 1332, 854, 369, 15133, 321, 26508, 2854, 682, 874, 22005, 13, 733, 411, 1925, 11, 780, 668, 369, 10424, 321, 10520, 24339, 248044]","[7691, 5326, 45788, 287, 1024, 75818, 11, 694, 4370, 314, 13004, 836, 11656, 10498, 11, 551, 26731, 310, 1831, 1024, 310, 2361, 1814, 13, 271, 17413, 551, 8523, 1292, 369, 264, 16710, 314, 39472, 11, 551, 628, 2923, 1083, 1024, 8464, 11, 1332, 854, 369, 15133, 321, 26508, 2854, 682, 874, 22005, 13, 733, 411, 1925, 11, 780, 668, 369, 10424, 321, 10520, 24339]",248046,"[248046, 248044]",248044,1,True,True,"[1, 0, 0]","She finally confesses her suspicions, but instead of ending their impossible bond, he decides to take her to another world.

Because he knows she is a creature of illusion, he can step into her reality, where time is fluid and desperate love has no boundaries. In this place, his will is absolute and hers demanding",True,3800792576,8.132757615996525
099_coauthor_sets_differ_kna_t4_rep1,249,3,sets_differ,,4,2,65,20,1192,995926839,coauthor,99,1,coauthor:creative:e81d6b763cc44618a315a087b3ff155c,0,6333ed5b7c86f41045fa10d9e4c3328745509a779157e356d6a266ac41767edb,ca49f1da46b36079ba2c17bd86487caa9d6a690f4848bdaff0ba3c7a8f5b57cc,success,,512.0,512.0,512.0,False,,model_loaded,14.888104831043165,0.5454709209734574,0.46241203002864495,1.0078829510021023,1.0078829510021023,1075,6407,105897,133852430,248320,"{""allowed_count"": 248068, ""expected_count"": 248068, ""missing_expected"": [], ""ok"": true, ""stop_token_ids"": [248044, 248046], ""unexpected_allowed"": []}",2.047430382051971,xgrammar,0.8147837220458314,3.3323629849473946,473,65,64,"[6820, 421, 488, 2908, 978, 9799, 678, 3162, 2199, 11, 488, 12706, 421, 424, 579, 854, 310, 708, 1142, 303, 13, 50275, 11, 488, 10562, 1142, 1083, 678, 3889, 8464, 430, 264, 8643, 852, 628, 1381, 10971, 660, 678, 6575, 6107, 1518, 5326, 15783, 279, 1814, 1495, 13, 1061, 10458, 43117, 678, 11285, 314, 8396, 321, 24546, 421, 1396, 919, 314, 678, 13136, 23330, 248046]","[6820, 421, 488, 2908, 978, 9799, 678, 3162, 2199, 11, 488, 12706, 421, 424, 579, 854, 310, 708, 1142, 303, 13, 50275, 11, 488, 10562, 1142, 1083, 678, 3889, 8464, 430, 264, 8643, 852, 628, 1381, 10971, 660, 678, 6575, 6107, 1518, 5326, 15783, 279, 1814, 1495, 13, 1061, 10458, 43117, 678, 11285, 314, 8396, 321, 24546, 421, 1396, 919, 314, 678, 13136, 23330]",248046,"[248046, 248044]",248046,1,True,True,"[1, 0, 0, 0]","Now that you've been watching your past life, you realize that it's time to go back in. Consequently, you merge back into your original reality as a spirit who can now witness all your earlier lives before finally entering the world again. This cycle completes your journey of understanding and ensures that every part of your soul experiencing",True,3842899456,8.472159506985918
100_coauthor_sets_differ_kna_t5_rep1,250,4,sets_differ,,5,2,65,24,1443,233422806,coauthor,100,1,coauthor:creative:749e032914384e4da8f2392a19066b89,0,95ece3e14d697463d968362a8911279702e31800ff849146c7ad75f9f72da6dc,584f1a2a3312debda8805a9b29dc5e22f55aa9fdd7e1be093538e95bdffb8f6f,success,,512.0,512.0,512.0,False,,model_loaded,15.141610921011306,0.5244193159742281,0.6260798790026456,1.1504991949768737,1.1504991949768737,1327,9202,151573,217805636,248320,"{""allowed_count"": 248068, ""expected_count"": 248068, ""missing_expected"": [], ""ok"": true, ""stop_token_ids"": [248044, 248046], ""unexpected_allowed"": []}",2.0088471170165576,xgrammar,0.9410440139472485,3.3949533020495437,275,65,64,"[42865, 12965, 303, 279, 34225, 726, 11, 780, 32311, 8028, 1990, 83345, 430, 279, 13041, 24239, 3518, 16561, 1384, 310, 11470, 279, 3543, 310, 279, 1814, 13, 328, 2523, 2677, 914, 4267, 424, 1288, 551, 85111, 310, 279, 4147, 3594, 11, 328, 7834, 488, 2224, 2019, 310, 381, 10919, 364, 2199, 3242, 1149, 561, 8028, 14413, 14663, 310, 1064, 430, 40720, 39248, 321, 32847, 248046]","[42865, 12965, 303, 279, 34225, 726, 11, 780, 32311, 8028, 1990, 83345, 430, 279, 13041, 24239, 3518, 16561, 1384, 310, 11470, 279, 3543, 310, 279, 1814, 13, 328, 2523, 2677, 914, 4267, 424, 1288, 551, 85111, 310, 279, 4147, 3594, 11, 328, 7834, 488, 2224, 2019, 310, 381, 10919, 364, 2199, 3242, 1149, 561, 8028, 14413, 14663, 310, 1064, 430, 40720, 39248, 321, 32847]",248046,"[248046, 248044]",248046,1,True,True,"[1, 0, 0, 0, 0]","Obama stands in the gazebo, his wifi signal still humming as the crowd cheerfully asks him to tweet the news to the world. ""You won't believe it,"" he whispers to the empty air, ""but you're going to be famous for life today."" The signal suddenly cuts to static as laughter fills and delighted",True,3820078592,8.794833909953013
101_coauthor_sets_differ_kna_t6_rep1,251,5,sets_differ,,6,2,65,28,1694,31228033,coauthor,101,1,coauthor:creative:9a29f841869a4fd98cf358da50f4a340,0,8b137da4f2b5896a122eda4e5b539b8ee9cfef7bc18f9f66d897140357dde3ab,ccd3942104d16b0bfd38cda81cf724a743906267f5c6018dd0e6f356fea2b36c,success,,512.0,512.0,512.0,False,,model_loaded,15.214648739958648,0.5435476730344817,0.7850421519833617,1.3285898250178434,1.3285898250178434,1579,12493,205121,327967913,248320,"{""allowed_count"": 248068, ""expected_count"": 248068, ""missing_expected"": [], ""ok"": true, ""stop_token_ids"": [248044, 248046], ""unexpected_allowed"": []}",1.9066214860067703,xgrammar,0.8250167349469848,3.2716425890102983,574,65,64,"[760, 47077, 421, 567, 998, 29592, 303, 264, 638, 15708, 9065, 364, 1092, 1362, 1132, 381, 8765, 314, 1578, 557, 804, 11, 694, 54779, 728, 2944, 777, 1056, 279, 39888, 20821, 314, 9101, 4156, 4661, 13, 1577, 279, 12346, 4941, 1993, 321, 279, 14864, 27425, 11983, 11, 353, 6749, 3808, 279, 57663, 506, 2361, 728, 47291, 1004, 25521, 321, 64131, 421, 1004, 13145, 4216, 248046]","[760, 47077, 421, 567, 998, 29592, 303, 264, 638, 15708, 9065, 364, 1092, 1362, 1132, 381, 8765, 314, 1578, 557, 804, 11, 694, 54779, 728, 2944, 777, 1056, 279, 39888, 20821, 314, 9101, 4156, 4661, 13, 1577, 279, 12346, 4941, 1993, 321, 279, 14864, 27425, 11983, 11, 353, 6749, 3808, 279, 57663, 506, 2361, 728, 47291, 1004, 25521, 321, 64131, 421, 1004, 13145, 4216]",248046,"[248046, 248044]",248046,1,True,True,"[0, 0, 0, 1, 0, 0]","The realization that we were trapped in a self-generated prison for what could only be thousands of years was true, but haunted me far more than the terrifying prospect of leaving everything behind. As the lights dimmed and the screens flickered, I looked across the aisle at another me grabbing our bonds and hinted that our scheduled events",True,3852312576,8.587732563028112
102_coauthor_sets_differ_kna_t7_rep1,252,6,sets_differ,,7,2,65,32,1945,457634185,coauthor,102,1,coauthor:creative:947065accb8b402c98fb2aa62a497842,0,01c5365e0876be910a58ea618270217cc42e0f643fdd3c5183b30daf972efbba,8d00118735fe230115a5adf4de953c9231a70015d9e74133e717ac7cd31e56de,success,,512.0,512.0,512.0,False,,model_loaded,15.650110373971984,0.5173934769700281,0.9323485519853421,1.4497420289553702,1.4497420289553702,1831,16280,266541,467327165,248320,"{""allowed_count"": 248068, ""expected_count"": 248068, ""missing_expected"": [], ""ok"": true, ""stop_token_ids"": [248044, 248046], ""unexpected_allowed"": []}",2.0523398680379614,xgrammar,0.8134506929782219,3.4284444919903763,368,65,64,"[7525, 1132, 3769, 369, 310, 6435, 279, 63298, 440, 264, 21419, 11, 3384, 279, 35997, 33465, 488, 421, 488, 1902, 1042, 12313, 1366, 279, 7793, 748, 781, 1362, 5827, 279, 38152, 13, 28025, 1179, 11, 781, 668, 599, 310, 1236, 635, 440, 16070, 279, 304, 1821, 494, 94887, 310, 5790, 836, 19060, 13, 1394, 11, 430, 279, 1727, 27000, 11, 1902, 2426, 2493, 321, 248044]","[7525, 1132, 3769, 369, 310, 6435, 279, 63298, 440, 264, 21419, 11, 3384, 279, 35997, 33465, 488, 421, 488, 1902, 1042, 12313, 1366, 279, 7793, 748, 781, 1362, 5827, 279, 38152, 13, 28025, 1179, 11, 781, 668, 599, 310, 1236, 635, 440, 16070, 279, 304, 1821, 494, 94887, 310, 5790, 836, 19060, 13, 1394, 11, 430, 279, 1727, 27000, 11, 1902, 2426, 2493, 321]",248046,"[248046, 248044]",248044,1,True,True,"[0, 0, 0, 0, 1, 0, 0]","Your only hope is to contain the hive with a barrier, though the bee reminds you that you must let humans know the truth so they could protect the bees. Until then, they will have to make do with monitoring the hives from afar to ensure their survival. You, as the next queen, must keep might and",True,3829077504,9.02674759295769
103_coauthor_sets_differ_kna_t8_rep1,253,7,sets_differ,,8,2,65,36,2196,388848176,coauthor,103,1,coauthor:creative:1e6ecfa3fa7c4fd7ad7c10470546f654,0,d0bdceca434d337cadd13dd332f18cfc315f8c4e012ce8e7a17315cba3095c35,d468cab4d8df0297f282ee77a104adea273705abb59bf73f13ec15b63db04893,success,,512.0,512.0,512.0,False,,model_loaded,15.945356697018724,0.6370192400063388,1.156745802029036,1.7937650420353748,1.7937650420353748,2083,20563,335833,638871296,248320,"{""allowed_count"": 248068, ""expected_count"": 248068, ""missing_expected"": [], ""ok"": true, ""stop_token_ids"": [248044, 248046], ""unexpected_allowed"": []}",2.1002737309900112,xgrammar,0.7864391370094381,3.3241946620400995,116,65,64,"[1465, 10426, 488, 421, 874, 1865, 944, 369, 2483, 2394, 488, 513, 3604, 424, 13264, 13, 3839, 314, 1414, 13, 2233, 13, 13428, 11, 353, 8526, 25, 1216, 10426, 488, 421, 874, 1865, 944, 369, 2483, 2394, 488, 513, 3604, 424, 13264, 13, 1394, 995, 264, 5823, 310, 11628, 11, 694, 488, 2224, 3583, 15239, 1381, 13, 2233, 11, 353, 8526, 25, 1216, 321, 248046]","[1465, 10426, 488, 421, 874, 1865, 944, 369, 2483, 2394, 488, 513, 3604, 424, 13264, 13, 3839, 314, 1414, 13, 2233, 13, 13428, 11, 353, 8526, 25, 1216, 10426, 488, 421, 874, 1865, 944, 369, 2483, 2394, 488, 513, 3604, 424, 13264, 13, 1394, 995, 264, 5823, 310, 11628, 11, 694, 488, 2224, 3583, 15239, 1381, 13, 2233, 11, 353, 8526, 25, 1216, 321]",248046,"[248046, 248044]",248046,1,True,True,"[0, 0, 0, 0, 0, 0, 0, 2]","He tells you that no real work is required since you are doing it anyway. End of text. No. Wait, I meant: He tells you that no real work is required since you are doing it anyway. You had a chance to relax, but you're getting stuck now. No, I meant: He and",True,3800990208,9.275179226999171
104_coauthor_sets_differ_kna_t9_rep1,254,8,sets_differ,,9,2,65,40,2447,73890030,coauthor,104,1,coauthor:creative:4d44dbfbf4b34c8a9e28065b836b5893,0,24867197761e46590504c38fe6553ae01c93499f8b06be1d6c2008b3b17deeec,2e536a49966303cbdceb7a7132b92c3eef1913c105784fc674a7ccfc5f810023,success,,512.0,512.0,512.0,False,,model_loaded,16.61274178500753,0.5966117599746212,1.4089560669963248,2.005567826970946,2.005567826970946,2335,25342,415292,845588210,248320,"{""allowed_count"": 248068, ""expected_count"": 248068, ""missing_expected"": [], ""ok"": true, ""stop_token_ids"": [248044, 248046], ""unexpected_allowed"": []}",2.2916102709714323,xgrammar,0.8216428799787536,3.344495936005842,280,65,64,"[64310, 90392, 1179, 6849, 30004, 310, 6312, 414, 707, 13, 310, 23748, 279, 2046, 6171, 321, 30008, 279, 18995, 579, 85556, 4621, 310, 12092, 13, 1216, 7157, 3979, 4313, 310, 615, 449, 4087, 494, 279, 46866, 1345, 279, 17125, 8341, 79306, 11, 321, 506, 799, 1406, 1442, 74965, 2919, 383, 279, 4751, 310, 61663, 279, 16710, 13, 4486, 5326, 42507, 286, 279, 803, 1801, 248046]","[64310, 90392, 1179, 6849, 30004, 310, 6312, 414, 707, 13, 310, 23748, 279, 2046, 6171, 321, 30008, 279, 18995, 579, 85556, 4621, 310, 12092, 13, 1216, 7157, 3979, 4313, 310, 615, 449, 4087, 494, 279, 46866, 1345, 279, 17125, 8341, 79306, 11, 321, 506, 799, 1406, 1442, 74965, 2919, 383, 279, 4751, 310, 61663, 279, 16710, 13, 4486, 5326, 42507, 286, 279, 803, 1801]",248046,"[248046, 248044]",248046,1,True,True,"[0, 0, 0, 1, 0, 0, 0, 0, 0]","Steven Spielberg then immediately flew to Washington D.C. to locate the home owner and witnessed the alien's frantic attempt to escape. He spent hours trying to get an answer from the investigator while the monster kept pacing, and at one point even sprayed water on the ground to distract the creature. After finally uncovering the name made",True,3820335616,9.72784877801314
105_coauthor_sets_differ_kna_t10_rep1,255,9,sets_differ,,10,2,65,44,2698,910446593,coauthor,105,1,coauthor:creative:76c3366d06584c42b5c0d1af41b63ccb,0,338ad95dab6929fcd3a0c97c14f38c59889243780d181e39261fa91aa807b33c,4aeced6d4e3654b5d7227496d1bb853396db04295a7683d5cfa54ee1148a35c1,success,,512.0,512.0,512.0,False,,model_loaded,16.344064834993333,0.5750353659968823,1.6247023929608986,2.199737758957781,2.199737758957781,2587,30617,503139,1090465811,248320,"{""allowed_count"": 248068, ""expected_count"": 248068, ""missing_expected"": [], ""ok"": true, ""stop_token_ids"": [248044, 248046], ""unexpected_allowed"": []}",2.2102762750000693,xgrammar,0.7929043900221586,3.3174245330155827,279,65,64,"[47626, 264, 1936, 314, 5976, 5795, 4971, 11, 1292, 2197, 279, 855, 1345, 13064, 494, 944, 321, 6273, 6849, 506, 13813, 13, 2838, 15711, 310, 279, 542, 75265, 36452, 421, 1292, 557, 52353, 314, 279, 67102, 4864, 28240, 321, 421, 1292, 14459, 264, 21333, 3511, 11, 321, 364, 279, 1118, 854, 303, 264, 1248, 854, 11, 279, 542, 75265, 36452, 557, 14661, 21333, 2892, 248046]","[47626, 264, 1936, 314, 5976, 5795, 4971, 11, 1292, 2197, 279, 855, 1345, 13064, 494, 944, 321, 6273, 6849, 506, 13813, 13, 2838, 15711, 310, 279, 542, 75265, 36452, 421, 1292, 557, 52353, 314, 279, 67102, 4864, 28240, 321, 421, 1292, 14459, 264, 21333, 3511, 11, 321, 364, 279, 1118, 854, 303, 264, 1248, 854, 11, 279, 542, 75265, 36452, 557, 14661, 21333, 2892]",248046,"[248046, 248044]",248046,1,True,True,"[0, 0, 0, 0, 0, 0, 0, 1, 0, 0]","Upon a week of proper introductions, she met the man while returning from work and felt immediately at ease. She admitted to the shapeshifter that she was wary of the fabricated relationship dynamics and that she preferred a genuine connection, and for the first time in a long time, the shapeshifter was initially genuine either",True,3820284416,9.753366958990227
106_coauthor_both_sides_kna_t1_rep1,256,0,both_sides,,1,2,65,6,370,1595653920,coauthor,106,1,coauthor:creative:6861c7f0f19645ffb563275d11fad363,0,040314bde1678727821db05acd4a428d1d61315289d38ee7e171de1a3e7db786,5343b2ef8317acd3183b24f9b480900da6833965500ed81d8c218641720fdf15,success,,512.0,512.0,512.0,False,,model_loaded,18.027893230027985,0.5049614739837125,0.10893043398391455,0.613891907967627,0.613891907967627,252,736,12621,5808654,248320,"{""allowed_count"": 248067, ""expected_count"": 248067, ""missing_expected"": [], ""ok"": true, ""stop_token_ids"": [248044, 248046], ""unexpected_allowed"": []}",2.35072837601183,xgrammar,0.8370009089703672,3.329263099003583,122,65,64,"[19205, 279, 8619, 284, 48976, 579, 4752, 5706, 11, 279, 22952, 579, 1496, 2195, 89211, 55809, 6849, 22819, 279, 6326, 314, 264, 13643, 35336, 852, 11136, 310, 3591, 279, 14704, 13, 561, 35336, 509, 4342, 279, 22952, 364, 11293, 279, 3558, 310, 1024, 11, 20420, 286, 1024, 524, 310, 16681, 383, 279, 12955, 3626, 694, 383, 6235, 11, 27827, 39144, 5617, 28994, 321, 28994, 248046]","[19205, 279, 8619, 284, 48976, 579, 4752, 5706, 11, 279, 22952, 579, 1496, 2195, 89211, 55809, 6849, 22819, 279, 6326, 314, 264, 13643, 35336, 852, 11136, 310, 3591, 279, 14704, 13, 561, 35336, 509, 4342, 279, 22952, 364, 11293, 279, 3558, 310, 1024, 11, 20420, 286, 1024, 524, 310, 16681, 383, 279, 12955, 3626, 694, 383, 6235, 11, 27827, 39144, 5617, 28994, 321, 28994]",248046,"[248046, 248044]",248046,1,True,True,[2],"Despite the radioisotope's unique properties, the pig's high-pitched cries immediately drew the attention of a nearby wolf who arrived to claim the meal. The wolf chided the pig for sending the material to her, instructing her not to rely on the temporary house but on solid, lasting foundations built contractor and contractor",True,3801226240,8.424174154002685
107_coauthor_both_sides_kna_t2_rep1,257,1,both_sides,,2,2,65,10,555,986557597,coauthor,107,1,coauthor:creative:bb89b8b76a9847f9ba0d7e67fc4fc23e,0,d80903d9ab013ebbd908d3eedbd2a5ebacb9abd639cf540f37ceac16e05111e4,b2992f99d0389ec1051aedc64e6f4bd59d63b7d923507b90f8582f002c978cdf,success,,512.0,512.0,512.0,False,,model_loaded,17.133441243029665,0.5019065139931627,0.1781806999933906,0.6800872139865533,0.6800872139865533,438,1654,27936,19074667,248320,"{""allowed_count"": 248067, ""expected_count"": 248067, ""missing_expected"": [], ""ok"": true, ""stop_token_ids"": [248044, 248046], ""unexpected_allowed"": []}",2.3016187219764106,xgrammar,0.8148100150283426,3.3681414920138195,181,65,64,"[2064, 682, 5326, 2445, 1441, 310, 279, 5576, 314, 3315, 310, 3756, 264, 2400, 11, 1248, 2199, 303, 264, 48244, 1814, 466, 310, 8070, 279, 2645, 314, 678, 2756, 303, 20513, 440, 3672, 852, 2714, 310, 10351, 836, 1765, 4874, 13, 73642, 424, 369, 874, 4860, 449, 2904, 364, 279, 42378, 3777, 1637, 466, 279, 50859, 2235, 855, 11, 1132, 364, 58732, 321, 58732, 248046]","[2064, 682, 5326, 2445, 1441, 310, 279, 5576, 314, 3315, 310, 3756, 264, 2400, 11, 1248, 2199, 303, 264, 48244, 1814, 466, 310, 8070, 279, 2645, 314, 678, 2756, 303, 20513, 440, 3672, 852, 2714, 310, 10351, 836, 1765, 4874, 13, 73642, 424, 369, 874, 4860, 449, 2904, 364, 279, 42378, 3777, 1637, 466, 279, 50859, 2235, 855, 11, 1132, 364, 58732, 321, 58732]",248046,"[248046, 248044]",248046,1,True,True,"[2, 0]","It has finally come down to the choice of whether to live a full, long life in a hazardous world or to spend the rest of your days in silence with others who seem to forget their own names. Choosing it is no longer an option for the skeptical young person or the terrified old man, only for nausea and nausea",True,3807747584,8.454839858051855
108_coauthor_both_sides_kna_t3_rep1,258,2,both_sides,,3,2,65,13,740,339318600,coauthor,108,1,coauthor:creative:31794aa2de5e40baba2dfa6f59e03d15,0,5f56ec48f5df50b21cb05f5bcd40c2663b78c3ade32bf24b50e37ce9c84fa1c9,91d7bb5e347c2a25f15d5c1d437d3a5058f04c96bbf5504d453e372ca59f33a5,success,,512.0,512.0,512.0,False,,model_loaded,14.508978873956949,0.46325132198398933,0.24680944997817278,0.7100607719621621,0.7100607719621621,624,2938,49673,41783859,248320,"{""allowed_count"": 248067, ""expected_count"": 248067, ""missing_expected"": [], ""ok"": true, ""stop_token_ids"": [248044, 248046], ""unexpected_allowed"": []}",2.064366901991889,xgrammar,0.846323031000793,3.4251919600064866,517,65,64,"[12162, 383, 279, 716, 11, 488, 6779, 421, 1345, 4858, 46489, 678, 18085, 11, 12987, 69794, 4252, 82, 678, 8057, 852, 995, 1801, 264, 16036, 948, 15499, 279, 4954, 888, 678, 1901, 13, 1216, 10751, 1680, 264, 14457, 5357, 314, 52094, 8574, 836, 26989, 18329, 421, 551, 26731, 310, 2962, 279, 10125, 440, 279, 14229, 22053, 551, 557, 11876, 310, 11, 1121, 321, 1121, 248046]","[12162, 383, 279, 716, 11, 488, 6779, 421, 1345, 4858, 46489, 678, 18085, 11, 12987, 69794, 4252, 82, 678, 8057, 852, 995, 1801, 264, 16036, 948, 15499, 279, 4954, 888, 678, 1901, 13, 1216, 10751, 1680, 264, 14457, 5357, 314, 52094, 8574, 836, 26989, 18329, 421, 551, 26731, 310, 2962, 279, 10125, 440, 279, 14229, 22053, 551, 557, 11876, 310, 11, 1121, 321, 1121]",248046,"[248046, 248044]",248046,1,True,True,"[0, 2, 0]","Once on the set, you discover that while everyone celebrates your arrival, Matt Damon corrects your agent who had made a mistake when signing the contract over your head. He feels such a strange sense of entitlement toward their wealthy lifestyle that he decides to continue the conversation with the younger girlfriend he was married to, act and act",True,3849371648,8.291577518975828
109_coauthor_both_sides_kna_t4_rep1,259,3,both_sides,,4,2,65,16,925,466499894,coauthor,109,1,coauthor:creative:815f2133a4634d7b88b1697b1f8a5d1e,0,476ee69931d3f3ddb2ab4f0ad6e43d4c459005c6ca65b76199d9ee39f5e90311,27996f892c431f1d8781fcc339da2b70f4dc4c6329583af426fc41c8a81c3fe0,success,,512.0,512.0,512.0,False,,model_loaded,14.804957509972155,0.47582680004416034,0.35985077504301444,0.8356775750871748,0.8356775750871748,810,4588,77218,75561270,248320,"{""allowed_count"": 248067, ""expected_count"": 248067, ""missing_expected"": [], ""ok"": true, ""stop_token_ids"": [248044, 248046], ""unexpected_allowed"": []}",2.128375447995495,xgrammar,0.8434536840068176,3.2972581310314126,153,65,64,"[2278, 279, 1438, 314, 279, 15659, 63188, 11, 49956, 417, 15493, 82721, 279, 9376, 13523, 310, 1870, 449, 3545, 421, 1362, 7345, 279, 1814, 1973, 49769, 4473, 3980, 13, 10838, 243, 108, 29545, 158, 248, 242, 29545, 9008, 229, 118, 9008, 229, 116, 9008, 229, 117, 9008, 229, 120, 9008, 229, 108, 9008, 229, 115, 10838, 248, 104, 9008, 237, 111, 6197, 321, 6197, 248046]","[2278, 279, 1438, 314, 279, 15659, 63188, 11, 49956, 417, 15493, 82721, 279, 9376, 13523, 310, 1870, 449, 3545, 421, 1362, 7345, 279, 1814, 1973, 49769, 4473, 3980, 13, 10838, 243, 108, 29545, 158, 248, 242, 29545, 9008, 229, 118, 9008, 229, 116, 9008, 229, 117, 9008, 229, 120, 9008, 229, 108, 9008, 229, 115, 10838, 248, 104, 9008, 237, 111, 6197, 321, 6197]",248046,"[248046, 248044]",248046,1,True,True,"[0, 0, 0, 2]","With the help of the Korean peninsula, Colonel Bowers gathers the remaining scientists to build an device that could reset the world without triggering further war. 🕰️⚔️🇺🇸🇹🇼🇰🇷 🚫🏳 involved and involved",True,3806646272,8.365674889006186
110_coauthor_both_sides_kna_t5_rep1,260,4,both_sides,,5,2,65,19,1110,1470512668,coauthor,110,1,coauthor:creative:1763bf2d3371474ab481253b7731c586,0,12fccc3d9ac3076a22efbdf32a75eacfe468e5afd107ae1a65cc0bbe57924d03,1665357ab2bdaae9fb2fc963a663c3ee7c8d45701e6fb1fed5690ac8618191a8,success,,512.0,512.0,512.0,False,,model_loaded,14.937820338993333,0.499310803017579,0.4379373459960334,0.9372481490136124,0.9372481490136124,996,6604,110571,122031940,248320,"{""allowed_count"": 248067, ""expected_count"": 248067, ""missing_expected"": [], ""ok"": true, ""stop_token_ids"": [248044, 248046], ""unexpected_allowed"": []}",2.0405823789769784,xgrammar,0.8160344299976714,3.3363255910226144,260,65,64,"[760, 35336, 1179, 5743, 2756, 2843, 440, 264, 10632, 11, 48220, 13496, 46786, 310, 6052, 279, 2531, 13, 33750, 290, 310, 33997, 786, 1024, 2046, 2957, 777, 11, 551, 5964, 49992, 780, 9982, 11, 1287, 290, 660, 780, 22952, 9648, 28428, 279, 22263, 4599, 11, 440, 279, 220, 24, 17, 302, 2545, 22952, 7047, 11, 328, 44207, 353, 2688, 2019, 310, 54416, 321, 54416, 248046]","[760, 35336, 1179, 5743, 2756, 2843, 440, 264, 10632, 11, 48220, 13496, 46786, 310, 6052, 279, 2531, 13, 33750, 290, 310, 33997, 786, 1024, 2046, 2957, 777, 11, 551, 5964, 49992, 780, 9982, 11, 1287, 290, 660, 780, 22952, 9648, 28428, 279, 22263, 4599, 11, 440, 279, 220, 24, 17, 302, 2545, 22952, 7047, 11, 328, 44207, 353, 2688, 2019, 310, 54416, 321, 54416]",248046,"[248046, 248044]",248046,1,True,True,"[0, 0, 0, 0, 2]","The wolf then returned days later with a massive, freshly fired cannon to finish the job. Determined to demolish her home once more, he quickly repaired his weapon, arrayed all his piglets beside the abandoned building, with the 92nd little pig thinking, ""Guess I'm going to explosives and explosives",True,3819303936,8.40318283304805
111_coauthor_both_sides_kna_t6_rep1,261,5,both_sides,,6,2,65,22,1295,982034088,coauthor,111,1,coauthor:creative:b821e4ee78184af086b8e229b0387500,0,71b52dde2837c3374eae98bbb163e8de4dead80e5f3dd97080ebe9cdfa9e389a,1677d8f7d39fd8385262a9e222ea943e6ed302bd3824b0f5f24a43b00619cee1,success,,512.0,512.0,512.0,False,,model_loaded,14.99851754901465,0.5424349349923432,0.544862766051665,1.0872977010440081,1.0872977010440081,1182,8986,149732,182820909,248320,"{""allowed_count"": 248067, ""expected_count"": 248067, ""missing_expected"": [], ""ok"": true, ""stop_token_ids"": [248044, 248046], ""unexpected_allowed"": []}",1.868420156009961,xgrammar,0.9174243669840507,3.3034915670286864,165,65,64,"[9651, 1902, 9283, 3213, 22960, 2279, 310, 3372, 440, 279, 35179, 3091, 18791, 421, 513, 32979, 279, 1814, 1518, 2166, 1599, 3512, 2166, 7234, 310, 4226, 13, 69542, 2109, 29878, 13144, 76161, 1452, 279, 1814, 1472, 279, 958, 314, 279, 10642, 567, 640, 1208, 440, 279, 6337, 314, 279, 44222, 3939, 13, 1921, 41008, 47961, 28433, 303, 357, 27466, 579, 52524, 6113, 321, 6113, 248044]","[9651, 1902, 9283, 3213, 22960, 2279, 310, 3372, 440, 279, 35179, 3091, 18791, 421, 513, 32979, 279, 1814, 1518, 2166, 1599, 3512, 2166, 7234, 310, 4226, 13, 69542, 2109, 29878, 13144, 76161, 1452, 279, 1814, 1472, 279, 958, 314, 279, 10642, 567, 640, 1208, 440, 279, 6337, 314, 279, 44222, 3939, 13, 1921, 41008, 47961, 28433, 303, 357, 27466, 579, 52524, 6113, 321, 6113]",248046,"[248046, 248044]",248044,1,True,True,"[0, 0, 0, 0, 2, 0]",Will must gather enough magical power to deal with the witch poisons that are consuming the world before too many become too weak to fight. Naharm Kinzie revitalized the world through the use of the magic weary people with the knowledge of the ancients. Butarah Hinalah in A Baker's Tale cast and cast,True,3807118336,8.458284616004676
112_coauthor_both_sides_kna_t7_rep1,262,6,both_sides,,7,2,65,25,1480,1376881769,coauthor,112,1,coauthor:creative:099ea17dc4c24eba8603270c97edd468,0,4d5f7800c516a4bfe1bcc9b21f41d74769e9058d382f5b0af18b6e0f790bad22,36d64663197154a2f2f0a00263ae53dc21d47580cb97144475036eb2025b0ad5,success,,512.0,512.0,512.0,False,,model_loaded,15.348595591960475,0.5642111040069722,0.6601871880120598,1.224398292019032,1.224398292019032,1368,11734,194701,259553217,248320,"{""allowed_count"": 248067, ""expected_count"": 248067, ""missing_expected"": [], ""ok"": true, ""stop_token_ids"": [248044, 248046], ""unexpected_allowed"": []}",1.8963625219766982,xgrammar,0.8538997360155918,3.2775996690033935,150,65,64,"[2523, 513, 279, 1132, 3714, 3753, 539, 279, 4307, 15039, 852, 1503, 524, 4833, 7249, 383, 866, 975, 11247, 13, 24708, 101, 9008, 234, 234, 348, 3850, 9973, 25, 1503, 4858, 745, 1318, 310, 708, 383, 2361, 11247, 15222, 466, 1066, 3609, 488, 3756, 678, 2330, 2199, 799, 777, 854, 174548, 60914, 104, 9008, 234, 235, 9008, 236, 105, 9008, 98, 49696, 321, 49696, 248046]","[2523, 513, 279, 1132, 3714, 3753, 539, 279, 4307, 15039, 852, 1503, 524, 4833, 7249, 383, 866, 975, 11247, 13, 24708, 101, 9008, 234, 234, 348, 3850, 9973, 25, 1503, 4858, 745, 1318, 310, 708, 383, 2361, 11247, 15222, 466, 1066, 3609, 488, 3756, 678, 2330, 2199, 799, 777, 854, 174548, 60914, 104, 9008, 234, 235, 9008, 236, 105, 9008, 98, 49696, 321, 49696]",248046,"[248046, 248044]",248046,1,True,True,"[0, 0, 2, 0, 0, 0, 0]",You are the only individual seen by the entire universe who does not appear alone on any other planet. ✨🌌 *But decide: does everyone else want to go on another planet forever or just watch you live your big life one more time?* 💫🌍🎬� mansion and mansion,True,3806528000,8.49737748602638
113_coauthor_both_sides_kna_t8_rep1,263,7,both_sides,,8,2,65,28,1665,1884951767,coauthor,113,1,coauthor:creative:a345a395300d44a5862012539e015002,0,30582423f78eda429be5834778580f5f5dbaed01c812e08e711f7110b79fd4c8,38101b827e9864a229a919480315199f753742a0295492d2fc5fe8e3f3b797f4,success,,512.0,512.0,512.0,False,,model_loaded,15.819110569020268,0.5587102909921668,0.8059076230274513,1.3646179140196182,1.3646179140196182,1554,14848,245478,353853904,248320,"{""allowed_count"": 248067, ""expected_count"": 248067, ""missing_expected"": [], ""ok"": true, ""stop_token_ids"": [248044, 248046], ""unexpected_allowed"": []}",1.9728034290019423,xgrammar,0.8939740670030005,3.303618553967681,241,65,64,"[623, 411, 30538, 391, 65381, 14611, 11, 279, 1132, 3065, 799, 1000, 2098, 1144, 310, 43510, 310, 3063, 279, 22284, 557, 364, 728, 310, 9138, 1396, 2594, 9524, 303, 6092, 1066, 310, 11774, 5752, 13, 353, 1044, 748, 23630, 539, 279, 6331, 421, 279, 4307, 19077, 2724, 995, 660, 314, 1141, 11683, 26824, 1066, 310, 1236, 2956, 364, 264, 491, 1898, 314, 321, 2594, 248046]","[623, 411, 30538, 391, 65381, 14611, 11, 279, 1132, 3065, 799, 1000, 2098, 1144, 310, 43510, 310, 3063, 279, 22284, 557, 364, 728, 310, 9138, 1396, 2594, 9524, 303, 6092, 1066, 310, 11774, 5752, 13, 353, 1044, 748, 23630, 539, 279, 6331, 421, 279, 4307, 19077, 2724, 995, 660, 314, 1141, 11683, 26824, 1066, 310, 1236, 2956, 364, 264, 491, 1898, 314, 321, 2594]",248046,"[248046, 248044]",248046,1,True,True,"[0, 0, 0, 0, 0, 2, 0, 0]","In this absurdly discriminatory scenario, the only thing one would really need to replicate to win the ranking was for me to attend every parent conference in town just to prove otherwise. I am so disappointed by the situation that the entire hosting company had all of its rooms cleaned just to make room for a new table of and parent",True,3814308352,8.781997337006032
114_coauthor_both_sides_kna_t9_rep1,264,8,both_sides,,9,2,65,31,1850,1205589085,coauthor,114,1,coauthor:creative:8911f32aab914a1f903bb76300b13949,0,05cde4d9cdbc01e6acbebc7f23d086809c14444cc8a66d238ac1485f5e8c234a,e90b9743832f82b4842bf4b5f0b50eeec13c2224eb68a93fc0fd54d5630e2c60,success,,512.0,512.0,512.0,False,,model_loaded,15.83829726598924,0.5772574850125238,0.9660789080080576,1.5433363930205815,1.5433363930205815,1740,18328,303772,467348010,248320,"{""allowed_count"": 248067, ""expected_count"": 248067, ""missing_expected"": [], ""ok"": true, ""stop_token_ids"": [248044, 248046], ""unexpected_allowed"": []}",2.0630968129844405,xgrammar,0.8571796970209107,3.322607091977261,145,65,64,"[2278, 279, 12013, 4656, 314, 279, 13437, 4757, 11, 279, 1809, 883, 310, 381, 3955, 310, 10971, 279, 2279, 579, 87376, 668, 1423, 279, 11285, 1472, 279, 30310, 10174, 571, 92641, 440, 7727, 430, 781, 20239, 279, 13437, 13245, 13, 1577, 781, 3166, 18539, 1083, 279, 27044, 11, 22960, 41439, 11, 264, 27163, 20569, 2696, 314, 279, 33489, 18243, 39248, 279, 1496, 321, 1496, 248046]","[2278, 279, 12013, 4656, 314, 279, 13437, 4757, 11, 279, 1809, 883, 310, 381, 3955, 310, 10971, 279, 2279, 579, 87376, 668, 1423, 279, 11285, 1472, 279, 30310, 10174, 571, 92641, 440, 7727, 430, 781, 20239, 279, 13437, 13245, 13, 1577, 781, 3166, 18539, 1083, 279, 27044, 11, 22960, 41439, 11, 264, 27163, 20569, 2696, 314, 279, 33489, 18243, 39248, 279, 1496, 321, 1496]",248046,"[248046, 248044]",248046,1,True,True,"[0, 0, 0, 0, 0, 0, 0, 2, 0]","With the rebirth of the ancient tree, the group about to be selected to witness the power's resurgence will find the journey through the sacred grove fraught with danger as they navigate the ancient forest. As they move deeper into the dense, magical depths, a rhythmic hum of the saplings fills the high and high",True,3806332416,9.056931999046355
115_coauthor_both_sides_kna_t10_rep1,265,9,both_sides,,10,2,65,34,2035,757094947,coauthor,115,1,coauthor:creative:b22279ff63804fa6bec5c108879812dd,0,2556d970c0323be47de5912b24b860f8d2e13f8726560a2f264b77acbadb1d2d,dfabf78ca7b680046bf7a12916f76a2f01a642d2d686832c2176d2369871babf,success,,512.0,512.0,512.0,False,,model_loaded,15.763427432975732,0.5765221819747239,1.1146656090277247,1.6911877910024486,1.6911877910024486,1926,22174,367640,601660575,248320,"{""allowed_count"": 248067, ""expected_count"": 248067, ""missing_expected"": [], ""ok"": true, ""stop_token_ids"": [248044, 248046], ""unexpected_allowed"": []}",2.055828818003647,xgrammar,0.8176015180069953,3.335999967006501,163,65,64,"[1465, 71166, 310, 6573, 264, 3302, 383, 279, 1788, 6697, 1292, 995, 978, 14603, 364, 1345, 5122, 279, 1546, 1788, 38225, 2236, 551, 995, 3354, 888, 279, 1578, 13, 30720, 1040, 264, 82507, 11717, 314, 36049, 11, 1292, 557, 40713, 440, 780, 9084, 430, 8464, 13569, 5820, 310, 35600, 2094, 279, 36468, 7793, 314, 836, 6331, 13, 2302, 14466, 314, 279, 12761, 321, 12761, 248046]","[1465, 71166, 310, 6573, 264, 3302, 383, 279, 1788, 6697, 1292, 995, 978, 14603, 364, 1345, 5122, 279, 1546, 1788, 38225, 2236, 551, 995, 3354, 888, 279, 1578, 13, 30720, 1040, 264, 82507, 11717, 314, 36049, 11, 1292, 557, 40713, 440, 780, 9084, 430, 8464, 13569, 5820, 310, 35600, 2094, 279, 36468, 7793, 314, 836, 6331, 13, 2302, 14466, 314, 279, 12761, 321, 12761]",248046,"[248046, 248044]",248046,1,True,True,"[2, 0, 0, 0, 0, 0, 0, 0, 0, 0]","He volunteered to conduct a research on the same theme she had been searching for while reading the very same obscure book he had created over the years. Soon like a tidal wave of grief, she was overwhelmed with his presence as reality slowly began to bend around the twisted truth of their situation. They talked of the beauty and beauty",True,3807039488,9.220144104969222
116_coauthor_both_sides_kna_t11_rep1,266,10,both_sides,,11,2,65,37,2220,2009887760,coauthor,116,1,coauthor:creative:b73b741aa53f4dd1af35e1540ebf4af1,0,7d32586259e1e988dad0b63839fe312047d156c276837b13fe3d8dd541872dc2,06b47fd6ada48f3273811a3827e75cdbaa58c260f2526efbccebf6092fa18446,success,,512.0,512.0,512.0,False,,model_loaded,16.255296177987475,0.6591589900199324,1.2512702659587376,1.91042925597867,1.91042925597867,2112,26386,438224,758416639,248320,"{""allowed_count"": 248067, ""expected_count"": 248067, ""missing_expected"": [], ""ok"": true, ""stop_token_ids"": [248044, 248046], ""unexpected_allowed"": []}",2.109275403956417,xgrammar,0.8060475660022348,3.559169761952944,206,65,64,"[1, 38496, 7285, 279, 4642, 4439, 11, 45359, 421, 279, 11745, 852, 995, 21635, 780, 27529, 6459, 6575, 303, 279, 1834, 557, 3404, 279, 799, 303, 279, 1724, 1740, 13, 328, 40, 1076, 567, 628, 914, 1042, 411, 3420, 13, 1165, 599, 310, 1423, 1384, 1245, 1381, 13, 2885, 488, 635, 424, 7285, 36145, 4439, 11, 3221, 41484, 13, 328, 9175, 26180, 321, 26180, 248044]","[1, 38496, 7285, 279, 4642, 4439, 11, 45359, 421, 279, 11745, 852, 995, 21635, 780, 27529, 6459, 6575, 303, 279, 1834, 557, 3404, 279, 799, 303, 279, 1724, 1740, 13, 328, 40, 1076, 567, 628, 914, 1042, 411, 3420, 13, 1165, 599, 310, 1423, 1384, 1245, 1381, 13, 2885, 488, 635, 424, 7285, 36145, 4439, 11, 3221, 41484, 13, 328, 9175, 26180, 321, 26180]",248046,"[248046, 248044]",248044,1,True,True,"[0, 0, 0, 0, 0, 0, 0, 0, 0, 2, 0]","""Matt?"" the President asked, stunned that the actor who had stolen his homework credit earlier in the day was actually the one in the open car. ""I... we can't let this happen. We have to find him right now. Can you do it?"" Bobby asked, looking unsure. ""Yes sir and sir",True,3812930048,9.612796998000704
117_coauthor_both_sides_kna_t12_rep1,267,11,both_sides,,12,2,65,40,2405,738188187,coauthor,117,1,coauthor:creative:a5dee567f6554c59bb8fafd85f547c22,0,11a91e922b41f0e3b8d17a23b56fd035ecdbb230b0c232c0a7241ac34d7e1ae3,40510b78a8030f5f9cde208a8b7f94b65f3111d055ae7c0eb09db81aea9b81f7,success,,512.0,512.0,512.0,False,,model_loaded,16.47263961000135,0.6025052780169062,1.4489381770254113,2.0514434550423175,2.0514434550423175,2298,30964,514982,939241242,248320,"{""allowed_count"": 248067, ""expected_count"": 248067, ""missing_expected"": [], ""ok"": true, ""stop_token_ids"": [248044, 248046], ""unexpected_allowed"": []}",2.278434617968742,xgrammar,0.8874781630001962,3.269561015011277,278,65,64,"[2064, 579, 524, 2019, 310, 7974, 1024, 974, 11, 6130, 668, 424, 25282, 1024, 11, 694, 539, 279, 809, 314, 1024, 1834, 11, 2107, 1292, 11, 279, 35336, 11, 279, 14799, 11, 279, 1898, 11, 279, 52038, 11, 279, 78274, 11, 279, 3229, 11, 279, 10212, 11, 279, 3255, 11, 279, 47177, 11, 279, 1151, 11, 279, 5956, 11, 279, 974, 15687, 321, 15687, 248044]","[2064, 579, 524, 2019, 310, 7974, 1024, 974, 11, 6130, 668, 424, 25282, 1024, 11, 694, 539, 279, 809, 314, 1024, 1834, 11, 2107, 1292, 11, 279, 35336, 11, 279, 14799, 11, 279, 1898, 11, 279, 52038, 11, 279, 78274, 11, 279, 3229, 11, 279, 10212, 11, 279, 3255, 11, 279, 47177, 11, 279, 1151, 11, 279, 5956, 11, 279, 974, 15687, 321, 15687]",248046,"[248046, 248044]",248044,1,True,True,"[0, 0, 0, 2, 0, 0, 0, 0, 0, 0, 0, 0]","It's not going to burn her off, nor will it cure her, but by the end of her day, both she, the wolf, the tea, the table, the uranium, the coaster, the pot, the cup, the story, the pigs, the start, the middle, the off drinking and drinking",True,3820233216,9.752972663962282
118_coauthor_both_sides_kna_t13_rep1,268,12,both_sides,,13,2,65,43,2590,1136202749,coauthor,118,1,coauthor:creative:2d9358657a364ccab47e9a7538cb6650,0,2cde687b7e127f54004b896b4a2004ec0f35a3c275af4a02596af25b72374e24,75fe8d21bbe8da061ecd1f41f4c92a438cc32d970615f056bb67801a9e6e5a47,success,,512.0,512.0,512.0,False,,model_loaded,16.42776439402951,0.5983121789759025,1.6441573080373928,2.2424694870132953,2.2424694870132953,2484,35908,597914,1145759424,248320,"{""allowed_count"": 248067, ""expected_count"": 248067, ""missing_expected"": [], ""ok"": true, ""stop_token_ids"": [248044, 248046], ""unexpected_allowed"": []}",2.11589236499276,xgrammar,0.8042898450512439,3.3642120960284956,366,65,64,"[44, 8202, 11693, 279, 88818, 1375, 9668, 279, 3545, 430, 279, 4950, 11717, 58145, 1472, 279, 80786, 11, 12680, 279, 15333, 314, 279, 9506, 579, 7099, 1083, 264, 15920, 11, 48257, 13071, 13, 271, 7691, 18788, 264, 8545, 8697, 440, 279, 3545, 11, 279, 1132, 3065, 1024, 4099, 58206, 995, 2394, 279, 3980, 11, 948, 1292, 14428, 1142, 60677, 310, 279, 4299, 321, 4299, 248046]","[44, 8202, 11693, 279, 88818, 1375, 9668, 279, 3545, 430, 279, 4950, 11717, 58145, 1472, 279, 80786, 11, 12680, 279, 15333, 314, 279, 9506, 579, 7099, 1083, 264, 15920, 11, 48257, 13071, 13, 271, 7691, 18788, 264, 8545, 8697, 440, 279, 3545, 11, 279, 1132, 3065, 1024, 4099, 58206, 995, 2394, 279, 3980, 11, 948, 1292, 14428, 1142, 60677, 310, 279, 4299, 321, 4299]",248046,"[248046, 248044]",248046,1,True,True,"[0, 0, 0, 0, 0, 0, 0, 0, 0, 0, 0, 2, 0]","Morgan ignored the trembling hand holding the device as the sound wave erupted through the bunker, turning the dust of the stone's surface into a violent, vibrating storm.

She packed a heavy bag with the device, the only thing her friend Herman had since the war, when she walked back downstairs to the moment and moment",True,3828975104,9.784551382006612
119_coauthor_both_sides_kna_t14_rep1,269,13,both_sides,,14,2,65,46,2775,353320562,coauthor,119,1,coauthor:creative:a87286598bc54313b39f6ce6013541bf,0,a684c83bcd74bb3da811ad978c38906e737df3051dcbf51ed742a4d404e71742,d30a21464b179478465c5a3c5f7accbb68eebecd57dd2fd5ec9fc8c1bb339fa4,success,,512.0,512.0,512.0,False,,model_loaded,16.90913546801312,0.6441373790148646,1.8721061940304935,2.516243573045358,2.516243573045358,2670,41218,687020,1379596225,248320,"{""allowed_count"": 248067, ""expected_count"": 248067, ""missing_expected"": [], ""ok"": true, ""stop_token_ids"": [248044, 248046], ""unexpected_allowed"": []}",2.141139826970175,xgrammar,0.8282869409886189,3.3058696590014733,302,65,64,"[5836, 25720, 836, 2151, 310, 23748, 279, 11400, 68187, 11, 279, 2015, 5743, 2046, 310, 30505, 279, 3545, 13, 2844, 3603, 11, 781, 5743, 4613, 279, 12772, 1332, 781, 995, 5898, 279, 3545, 11, 39306, 421, 279, 13427, 995, 29494, 685, 13, 357, 74968, 314, 35622, 33757, 279, 4690, 430, 279, 3545, 21639, 1142, 685, 2957, 777, 11, 26961, 279, 1895, 9191, 321, 9191, 248046]","[5836, 25720, 836, 2151, 310, 23748, 279, 11400, 68187, 11, 279, 2015, 5743, 2046, 310, 30505, 279, 3545, 13, 2844, 3603, 11, 781, 5743, 4613, 279, 12772, 1332, 781, 995, 5898, 279, 3545, 11, 39306, 421, 279, 13427, 995, 29494, 685, 13, 357, 74968, 314, 35622, 33757, 279, 4690, 430, 279, 3545, 21639, 1142, 685, 2957, 777, 11, 26961, 279, 1895, 9191, 321, 9191]",248046,"[248046, 248044]",248046,1,True,True,"[0, 0, 0, 0, 0, 0, 0, 0, 0, 0, 0, 0, 0, 2]","After completing their quest to locate the fourth Keystone, the team returned home to discharge the device. That night, they returned inside the apartment where they had sold the device, unaware that the generator had seized up. A roar of thunder shook the bed as the device powered back up once more, releasing the ke generation and generation",True,3821471232,10.121188930002972
120_coauthor_both_sides_kna_t15_rep1,270,14,both_sides,,15,2,65,49,2960,722759577,coauthor,120,1,coauthor:creative:f3ecf0ce872940238b0bd429a3e36322,0,0bd708e80c675e3a66c30eb96553abf6e44e5703dc77daab8e010f5accd0c56d,06df1fae268e53b0c4bc673ece5e39ee8263965e0b6b24e9b67a6fcf39cc939a,success,,512.0,512.0,512.0,False,,model_loaded,16.91827560903039,0.7387516419985332,2.051028876041528,2.789780518040061,2.789780518040061,2856,46894,782300,1642376685,248320,"{""allowed_count"": 248067, ""expected_count"": 248067, ""missing_expected"": [], ""ok"": true, ""stop_token_ids"": [248044, 248046], ""unexpected_allowed"": []}",1.9135536319809034,xgrammar,0.8047233929974027,3.247876705019735,316,65,64,"[7691, 26731, 310, 1042, 1384, 381, 1024, 8005, 430, 1248, 430, 781, 628, 2426, 3154, 4936, 440, 836, 3725, 13, 2302, 599, 524, 3482, 20720, 4765, 3482, 11, 1381, 430, 1292, 369, 383, 279, 2531, 13, 2838, 5601, 310, 279, 1432, 440, 1384, 13, 2838, 15028, 883, 1204, 836, 2854, 3255, 1362, 708, 383, 310, 2414, 777, 1056, 1066, 264, 4864, 440, 321, 4864, 248046]","[7691, 26731, 310, 1042, 1384, 381, 1024, 8005, 430, 1248, 430, 781, 628, 2426, 3154, 4936, 440, 836, 3725, 13, 2302, 599, 524, 3482, 20720, 4765, 3482, 11, 1381, 430, 1292, 369, 383, 279, 2531, 13, 2838, 5601, 310, 279, 1432, 440, 1384, 13, 2838, 15028, 883, 1204, 836, 2854, 3255, 1362, 708, 383, 310, 2414, 777, 1056, 1066, 264, 4864, 440, 321, 4864]",248046,"[248046, 248044]",248046,1,True,True,"[0, 0, 0, 0, 0, 0, 2, 0, 0, 0, 0, 0, 0, 0, 0]","She decides to let him be her partner as long as they can keep making progress with their future. They have not yet begun dating yet, now as she is on the job. She goes to the play with him. She thinks about how their love story could go on to something more than just a relationship with and relationship",True,3822193664,10.01020076603163
121_coauthor_even_count_kna_t1_rep1,271,0,even_count,,1,2,65,4,313,1091262367,coauthor,121,1,coauthor:creative:8bafd5acfb7343308b5195092c4c4de5,0,94e9a0609b923f61aa1d34055629adf25b95f0bd45838af3afd19386e0f31a07,04ac15e3f4067e361882bade2a604ca7f274579fa99eee7bf637a1c75f6ee217,success,,512.0,512.0,512.0,False,,model_loaded,14.658173502015416,0.5523304420057684,0.0951713559916243,0.6475017979973927,0.6475017979973927,193,622,10386,3604372,248320,"{""allowed_count"": 248068, ""expected_count"": 248068, ""missing_expected"": [], ""ok"": true, ""stop_token_ids"": [248044, 248046], ""unexpected_allowed"": []}",2.1483117530005984,xgrammar,0.901560201018583,3.2972215929767117,135,65,64,"[6820, 11, 279, 8742, 9191, 13325, 421, 20756, 678, 20310, 369, 660, 421, 579, 2047, 310, 635, 303, 2199, 13, 2302, 599, 995, 748, 1248, 8318, 11, 781, 513, 9539, 310, 6355, 3977, 364, 4799, 3117, 13, 1061, 3322, 8526, 781, 8012, 914, 599, 11, 1910, 11, 978, 2858, 310, 944, 506, 660, 364, 10476, 1518, 411, 13, 4543, 781, 513, 24339, 15818, 15818, 248044]","[6820, 11, 279, 8742, 9191, 13325, 421, 20756, 678, 20310, 369, 660, 421, 579, 2047, 310, 635, 303, 2199, 13, 2302, 599, 995, 748, 1248, 8318, 11, 781, 513, 9539, 310, 6355, 3977, 364, 4799, 3117, 13, 1061, 3322, 8526, 781, 8012, 914, 599, 11, 1910, 11, 978, 2858, 310, 944, 506, 660, 364, 10476, 1518, 411, 13, 4543, 781, 513, 24339, 15818, 15818]",248046,"[248046, 248044]",248044,1,True,True,[2],"Now, the older generation finds that enjoying your retirement is all that's left to do in life. They have had so long waiting, they are willing to trade anything for extra money. This having meant they wouldn't have, say, been able to work at all for decades before this. Now they are demanding tries tries",True,3805937664,8.322445681027602
122_coauthor_even_count_kna_t2_rep1,272,1,even_count,,2,2,65,8,501,543823507,coauthor,122,1,coauthor:creative:f1c5ca52c9754a37b10dce55cf5113e2,0,c753853f56e253ad13260630a1c8b0a6aa64d1beb9f2152c3ce85599eb18464b,ca77aa68e7149718f3b8818b0e72f46d38548f61d77901083b92984e6a5b4790,success,,512.0,512.0,512.0,False,,model_loaded,17.93420205800794,0.5313122699735686,0.14671963296132162,0.6780319029348902,0.6780319029348902,382,1616,26235,15060663,248320,"{""allowed_count"": 248068, ""expected_count"": 248068, ""missing_expected"": [], ""ok"": true, ""stop_token_ids"": [248044, 248046], ""unexpected_allowed"": []}",2.2912144270376302,xgrammar,0.8340126170078292,3.2484056079993024,235,65,64,"[6825, 21778, 421, 369, 1092, 821, 7903, 557, 2098, 364, 11, 81994, 678, 6925, 310, 4300, 488, 660, 279, 7793, 488, 4221, 321, 2496, 1467, 1366, 279, 855, 11, 728, 11, 852, 2640, 14169, 28143, 551, 682, 264, 35997, 383, 1384, 1149, 198, 6391, 8839, 25, 1946, 5790, 65826, 59015, 92004, 440, 279, 6149, 57739, 11316, 6195, 11, 279, 2614, 2468, 78161, 6259, 6259, 248046]","[6825, 21778, 421, 369, 1092, 821, 7903, 557, 2098, 364, 11, 81994, 678, 6925, 310, 4300, 488, 660, 279, 7793, 488, 4221, 321, 2496, 1467, 1366, 279, 855, 11, 728, 11, 852, 2640, 14169, 28143, 551, 682, 264, 35997, 383, 1384, 1149, 198, 6391, 8839, 25, 1946, 5790, 65826, 59015, 92004, 440, 279, 6149, 57739, 11316, 6195, 11, 279, 2614, 2468, 78161, 6259, 6259]",248046,"[248046, 248044]",248046,1,True,True,"[0, 2]","""I suppose that is what my payment was really for, risking your safety to bring you all the truth you needed and never did know the man, me, who says sorry anytime he has a bee on him.""
*(Note: To ensure grammatical cohesion with the existing truncated sentence flow, the following output merges controller controller",True,3814070784,8.47402470401721
123_coauthor_even_count_kna_t3_rep1,273,2,even_count,,3,2,65,11,689,776617888,coauthor,123,1,coauthor:creative:173cae0bcc714ba29bfeab4004d7fa85,0,2028c3bd5193180787c58bcb047c95a712f3dc548c50fb946d9ee41e5fab51cd,566979a849006e7781ad610c280ef9a1314d2f714eb1d28e80ce859c0b111cfc,success,,512.0,512.0,512.0,False,,model_loaded,17.490974605025258,0.5327211109688506,0.2439110759878531,0.7766321869567037,0.7766321869567037,571,2982,47990,36048539,248320,"{""allowed_count"": 248068, ""expected_count"": 248068, ""missing_expected"": [], ""ok"": true, ""stop_token_ids"": [248044, 248046], ""unexpected_allowed"": []}",2.2298020949820057,xgrammar,0.8449976280098781,3.3196763489977457,264,65,64,"[15450, 513, 1048, 7763, 303, 2433, 421, 1236, 1070, 6635, 13, 3648, 7326, 17225, 364, 21265, 321, 4994, 579, 1752, 4487, 369, 421, 7578, 29310, 3428, 88084, 624, 4936, 321, 10583, 3725, 24979, 77397, 11, 37476, 421, 804, 7913, 14995, 303, 5904, 22328, 4598, 1056, 78250, 23956, 13, 561, 16185, 13675, 303, 279, 3255, 8443, 264, 13263, 5307, 310, 10386, 290, 29310, 18089, 18089, 248046]","[15450, 513, 1048, 7763, 303, 2433, 421, 1236, 1070, 6635, 13, 3648, 7326, 17225, 364, 21265, 321, 4994, 579, 1752, 4487, 369, 421, 7578, 29310, 3428, 88084, 624, 4936, 321, 10583, 3725, 24979, 77397, 11, 37476, 421, 804, 7913, 14995, 303, 5904, 22328, 4598, 1056, 78250, 23956, 13, 561, 16185, 13675, 303, 279, 3255, 8443, 264, 13263, 5307, 310, 10386, 290, 29310, 18089, 18089]",248046,"[248046, 248044]",248046,1,True,True,"[0, 2, 0]","People are also interested in things that make them successful. One essential lesson for humanity and America's path forward is that growing isolation often stifles progress and leaves future conflicts unresolved, proving that true strength lies in shared cooperation rather than entrenched separation. The nations discussed in the story reflect a historical decision to prefered isolation proved proved",True,3819509760,8.542316287988797
124_coauthor_even_count_kna_t4_rep1,274,3,even_count,,4,2,65,14,877,413999019,coauthor,124,1,coauthor:creative:ee760edb666e4f46aedee408975a9c9d,0,c4c59b3acb8e4cf6e554f43bb887f9399b6f2c58ec4863df1a31d45a9f1d60a8,1acb6b60d7c82518b4d761cfc49edecefcab62d70303061d7160f6e66a687197,success,,512.0,512.0,512.0,False,,model_loaded,17.33797804900678,0.551894778967835,0.35319427301874384,0.9050890519865789,0.9050890519865789,760,4720,76270,68246464,248320,"{""allowed_count"": 248068, ""expected_count"": 248068, ""missing_expected"": [], ""ok"": true, ""stop_token_ids"": [248044, 248046], ""unexpected_allowed"": []}",2.1469746630173177,xgrammar,0.8530399639857933,3.2903479419765063,182,65,64,"[15514, 4292, 27643, 279, 1324, 76837, 34129, 14807, 780, 4880, 76837, 34129, 6623, 11, 27687, 80192, 310, 13569, 1347, 614, 279, 17955, 303, 279, 1925, 314, 780, 803, 1518, 35789, 310, 279, 16620, 2015, 310, 9103, 780, 17230, 13, 5133, 4292, 27643, 279, 1324, 76837, 34129, 14807, 780, 4880, 76837, 34129, 6623, 11, 27687, 80192, 310, 13569, 1347, 614, 279, 17955, 303, 7652, 7652, 248046]","[15514, 4292, 27643, 279, 1324, 76837, 34129, 14807, 780, 4880, 76837, 34129, 6623, 11, 27687, 80192, 310, 13569, 1347, 614, 279, 17955, 303, 279, 1925, 314, 780, 803, 1518, 35789, 310, 279, 16620, 2015, 310, 9103, 780, 17230, 13, 5133, 4292, 27643, 279, 1324, 76837, 34129, 14807, 780, 4880, 76837, 34129, 6623, 11, 27687, 80192, 310, 13569, 1347, 614, 279, 17955, 303, 7652, 7652]",248046,"[248046, 248044]",248046,1,True,True,"[0, 0, 2, 0]","His son insisted the number eighty-five represented his actual eighty-five kids, compelling Caleb to slowly recite the digits in the place of his name before rushing to the preview team to beat his dad. His son insisted the number eighty-five represented his actual eighty-five kids, compelling Caleb to slowly recite the digits in failure failure",True,3807786496,8.553027421003208
125_coauthor_even_count_kna_t5_rep1,275,4,even_count,,5,2,65,17,1065,1322706250,coauthor,125,1,coauthor:creative:8d9a97731918431e8dd6560adb8cd0fa,0,47d1e9c51c46c6296a3998ecce08342d4db845dad357462dd0196acc67b11b9d,666cb149a0fcbd7a22d166d2125ddb51df9d3911b8941ae932c7218f03dcefcc,success,,512.0,512.0,512.0,False,,model_loaded,16.365206796035636,0.5461253820103593,0.4563661480206065,1.0024915300309658,1.0024915300309658,949,6830,110454,113332902,248320,"{""allowed_count"": 248068, ""expected_count"": 248068, ""missing_expected"": [], ""ok"": true, ""stop_token_ids"": [248044, 248046], ""unexpected_allowed"": []}",2.180131602974143,xgrammar,0.8246395629830658,3.3257706760196015,128,65,64,"[760, 37622, 421, 874, 588, 745, 995, 11543, 29310, 10457, 836, 8415, 421, 264, 6038, 8855, 557, 1602, 1801, 539, 14382, 12636, 13, 11746, 314, 12511, 2702, 29310, 11, 279, 1814, 1669, 4924, 78250, 303, 264, 41275, 24489, 88892, 494, 279, 33367, 13, 1061, 3074, 4299, 9919, 430, 279, 16233, 10741, 314, 836, 3889, 73369, 7655, 883, 65007, 13, 1049, 9202, 440, 3619, 3619, 248046]","[760, 37622, 421, 874, 588, 745, 995, 11543, 29310, 10457, 836, 8415, 421, 264, 6038, 8855, 557, 1602, 1801, 539, 14382, 12636, 13, 11746, 314, 12511, 2702, 29310, 11, 279, 1814, 1669, 4924, 78250, 303, 264, 41275, 24489, 88892, 494, 279, 33367, 13, 1061, 3074, 4299, 9919, 430, 279, 16233, 10741, 314, 836, 3889, 73369, 7655, 883, 65007, 13, 1049, 9202, 440, 3619, 3619]",248046,"[248046, 248044]",248046,1,True,True,"[0, 0, 2, 0, 0]","The revelation that noone else had chosen isolation confirmed their fear that a secret agreement was being made by Italian agents. Instead of facing total isolation, the world found itself entrenched in a unified conspiracy orchestrated from the shadows. This single moment served as the ultimate proof of their original darkest dream about betrayal. It ended with strong strong",True,3801460736,8.711923667986412
126_coauthor_even_count_kna_t6_rep1,276,5,even_count,,6,2,65,20,1253,1471983807,coauthor,126,1,coauthor:creative:f8fd4fb1d3ae456a8a5dddefc9389aa3,0,f68930e4b97ec69ef22060205fa65176c62ca576e3027ecd414cb9498c0aa0f6,813972f504249f260e2483361e1c62d6f9aaf743fdffab040a4eb5e30eefa86b,success,,512.0,512.0,512.0,False,,model_loaded,15.231531393015757,0.5301826160284691,0.5274917139904574,1.0576743300189264,1.0576743300189264,1138,9312,150542,172986317,248320,"{""allowed_count"": 248068, ""expected_count"": 248068, ""missing_expected"": [], ""ok"": true, ""stop_token_ids"": [248044, 248046], ""unexpected_allowed"": []}",2.149297499039676,xgrammar,0.8227719319984317,3.317257897055242,104,65,64,"[2523, 28953, 430, 279, 6851, 7123, 4487, 11, 3384, 488, 12706, 2166, 3200, 421, 279, 4950, 314, 264, 27786, 35622, 549, 385, 369, 18176, 678, 23469, 13, 1394, 2430, 5941, 8366, 279, 4751, 11, 93338, 678, 3460, 430, 279, 13280, 7497, 85111, 11, 328, 27083, 488, 1040, 310, 1366, 1092, 264, 24924, 30976, 47965, 1040, 7285, 1394, 6299, 680, 314, 279, 9002, 804, 804, 248046]","[2523, 28953, 430, 279, 6851, 7123, 4487, 11, 3384, 488, 12706, 2166, 3200, 421, 279, 4950, 314, 264, 27786, 35622, 549, 385, 369, 18176, 678, 23469, 13, 1394, 2430, 5941, 8366, 279, 4751, 11, 93338, 678, 3460, 430, 279, 13280, 7497, 85111, 11, 328, 27083, 488, 1040, 310, 1366, 1092, 264, 24924, 30976, 47965, 1040, 7285, 1394, 6299, 680, 314, 279, 9002, 804, 804]",248046,"[248046, 248044]",248046,1,True,True,"[0, 2, 0, 0, 0, 0]","You freeze as the figure steps forward, though you realize too late that the sound of a distant thunderclap is reaching your ears. You throw yourself onto the ground, shielding your face as the tiny voice whispers, ""Would you like to know what a honeybee smells like?"" You roll out of the sand true true",True,3800517632,8.612273450009525
127_coauthor_even_count_kna_t7_rep1,277,6,even_count,,7,2,65,23,1441,718301472,coauthor,127,1,coauthor:creative:93468eec16324f109abec7010cd13ebd,0,51b35df7b3f899fd7dde67bbba8dda2f0b7ee6ba2b78d7a9035e2469ff26afac,bfdd750377d6e535b873d1ddc0d3051ffee105abd5b4fcc092b98afca8ab59f7,success,,512.0,512.0,512.0,False,,model_loaded,15.629052169970237,0.5525487519917078,0.6767019979888573,1.2292507499805652,1.2292507499805652,1327,12166,196534,248885173,248320,"{""allowed_count"": 248068, ""expected_count"": 248068, ""missing_expected"": [], ""ok"": true, ""stop_token_ids"": [248044, 248046], ""unexpected_allowed"": []}",2.050778132979758,xgrammar,0.8162217669887468,3.3440349099691957,312,65,64,"[12777, 8552, 1141, 7913, 321, 279, 6437, 17246, 56096, 24301, 314, 279, 3162, 11, 33767, 1396, 854, 780, 1901, 43269, 748, 551, 8523, 551, 579, 13282, 11, 551, 1132, 5954, 5387, 310, 2579, 279, 9662, 383, 780, 3460, 430, 551, 65372, 1083, 5894, 303, 279, 7948, 25878, 314, 780, 4690, 2980, 279, 1814, 8772, 264, 27583, 314, 8229, 499, 1060, 11639, 321, 50355, 50355, 248046]","[12777, 8552, 1141, 7913, 321, 279, 6437, 17246, 56096, 24301, 314, 279, 3162, 11, 33767, 1396, 854, 780, 1901, 43269, 748, 551, 8523, 551, 579, 13282, 11, 551, 1132, 5954, 5387, 310, 2579, 279, 9662, 383, 780, 3460, 430, 551, 65372, 1083, 5894, 303, 279, 7948, 25878, 314, 780, 4690, 2980, 279, 1814, 8772, 264, 27583, 314, 8229, 499, 1060, 11639, 321, 50355, 50355]",248046,"[248046, 248044]",248046,1,True,True,"[0, 0, 0, 2, 0, 0, 0]","Even despite its strength and the pain-inducing pills of the past, marking every time his head spins so he knows he's alive, he only allows himself to feel the wind on his face as he slips into sleep in the warm embrace of his bed until the world becomes a blur of suffocating noise and heartbeat heartbeat",True,3821987328,8.778421243012417
128_coauthor_even_count_kna_t8_rep1,278,7,even_count,,8,2,65,26,1629,322401037,coauthor,128,1,coauthor:creative:ed151ac677724c7fbd32f85db77710a2,0,1a7c52ca66705e05d37b53e13561454c259c0839beaeaa1cc7a67592155def14,a18d47627bb11961da71b8fe1e096c8d87c4da4facba29b631c445e442272029,success,,512.0,512.0,512.0,False,,model_loaded,15.45206528401468,0.5532508249743842,0.8035806749830954,1.3568314999574795,1.3568314999574795,1516,15392,248430,342707934,248320,"{""allowed_count"": 248068, ""expected_count"": 248068, ""missing_expected"": [], ""ok"": true, ""stop_token_ids"": [248044, 248046], ""unexpected_allowed"": []}",2.010885994997807,xgrammar,0.8479572660289705,3.267655998992268,176,65,64,"[79581, 421, 551, 579, 5326, 1801, 424, 11, 1092, 513, 488, 7047, 883, 7285, 551, 55349, 310, 279, 7478, 21172, 11, 41594, 780, 17454, 3105, 914, 1066, 11263, 780, 5686, 694, 27811, 780, 44539, 13, 328, 20810, 5316, 2098, 3418, 1204, 2503, 424, 369, 310, 3460, 4184, 488, 2908, 978, 303, 2854, 440, 678, 4307, 2199, 7285, 551, 83604, 11, 9799, 6792, 14845, 14845, 248046]","[79581, 421, 551, 579, 5326, 1801, 424, 11, 1092, 513, 488, 7047, 883, 7285, 551, 55349, 310, 279, 7478, 21172, 11, 41594, 780, 17454, 3105, 914, 1066, 11263, 780, 5686, 694, 27811, 780, 44539, 13, 328, 20810, 5316, 2098, 3418, 1204, 2503, 424, 369, 310, 3460, 4184, 488, 2908, 978, 303, 2854, 440, 678, 4307, 2199, 7285, 551, 83604, 11, 9799, 6792, 14845, 14845]",248046,"[248046, 248044]",248046,1,True,True,"[0, 0, 2, 0, 0, 0, 0, 0]","""Now that he's finally made it, what are you thinking about?"" he whispered to the fresh reflection, realizing his transformation didn't just alter his looks but altered his destiny. ""Does anyone really understand how hard it is to face someone you've been in love with your entire life?"" he muttered, watching cool smile smile",True,3807548928,8.721943253010977
129_coauthor_even_count_kna_t9_rep1,279,8,even_count,,9,2,65,29,1817,234688724,coauthor,129,1,coauthor:creative:8610d3166aea4491b673112459745fc1,0,256dff7b41e696347854fb46ca47213ebf10115c553632d5462f24b31328fe92,52d0b36efdd5e70f71623db0752cad4bf59ac156dd6be316cfc10859ab759949,success,,512.0,512.0,512.0,False,,model_loaded,15.633693604031578,0.5761474000173621,0.9277548239915632,1.5039022240089253,1.5039022240089253,1705,18990,307905,456133064,248320,"{""allowed_count"": 248068, ""expected_count"": 248068, ""missing_expected"": [], ""ok"": true, ""stop_token_ids"": [248044, 248046], ""unexpected_allowed"": []}",2.092727670969907,xgrammar,0.8281427640467882,3.269530510006007,383,65,64,"[12777, 948, 279, 1814, 557, 14012, 11, 279, 47678, 2496, 43883, 11, 76762, 279, 3000, 364, 660, 61241, 2980, 279, 3603, 995, 10548, 13, 49684, 249, 46916, 250, 46916, 250, 46916, 250, 169286, 46916, 252, 46916, 251, 46916, 250, 169286, 46916, 250, 46916, 250, 46916, 249, 46916, 252, 46916, 238, 46916, 250, 46916, 250, 46916, 250, 46916, 250, 46916, 248, 46916, 250, 90236, 90236, 248046]","[12777, 948, 279, 1814, 557, 14012, 11, 279, 47678, 2496, 43883, 11, 76762, 279, 3000, 364, 660, 61241, 2980, 279, 3603, 995, 10548, 13, 49684, 249, 46916, 250, 46916, 250, 46916, 250, 169286, 46916, 252, 46916, 251, 46916, 250, 169286, 46916, 250, 46916, 250, 46916, 249, 46916, 252, 46916, 238, 46916, 250, 46916, 250, 46916, 250, 46916, 250, 46916, 248, 46916, 250, 90236, 90236]",248046,"[248046, 248044]",248046,1,True,True,"[0, 0, 0, 0, 2, 0, 0, 0, 0]","Even when the world was destroyed, the Mana never slept, guarding the light for all eternity until the night had broken. ❛❜❜❜✅❞❝❜✅❜❜❛❞❐❜❜❜❜❚❜ undecided undecided",True,3829852160,8.95230880699819
130_coauthor_even_count_kna_t10_rep1,280,9,even_count,,10,2,65,32,2005,431607851,coauthor,130,1,coauthor:creative:047a25c3382c42999ceb1c78f6ebd524,0,c2d0e8b764e69e09aa01919c203c21c2014d1faccb63cb5802db7bc8ead53111,a01a0d2ef431f5cad71a13609cb4822a7f608065b66fe6300a91f3a273753b78,success,,512.0,512.0,512.0,False,,model_loaded,16.377106919011567,0.5856146439909935,1.0699897109880112,1.6556043549790047,1.6556043549790047,1894,22960,373656,590839027,248320,"{""allowed_count"": 248068, ""expected_count"": 248068, ""missing_expected"": [], ""ok"": true, ""stop_token_ids"": [248044, 248046], ""unexpected_allowed"": []}",2.10888423101278,xgrammar,0.8121034009964205,3.390653173031751,294,65,64,"[760, 9376, 6823, 11, 50859, 314, 10141, 279, 1727, 12059, 11, 27968, 279, 3177, 644, 55591, 430, 279, 67056, 20380, 310, 52736, 383, 660, 314, 1478, 8964, 13, 2972, 6651, 74925, 13847, 5402, 2785, 279, 24458, 48836, 11, 36734, 310, 2445, 680, 2980, 279, 1814, 557, 7795, 159029, 271, 13784, 13, 353, 1144, 310, 1716, 821, 16484, 13, 353, 1144, 310, 2468, 2962, 2962, 248046]","[760, 9376, 6823, 11, 50859, 314, 10141, 279, 1727, 12059, 11, 27968, 279, 3177, 644, 55591, 430, 279, 67056, 20380, 310, 52736, 383, 660, 314, 1478, 8964, 13, 2972, 6651, 74925, 13847, 5402, 2785, 279, 24458, 48836, 11, 36734, 310, 2445, 680, 2980, 279, 1814, 557, 7795, 159029, 271, 13784, 13, 353, 1144, 310, 1716, 821, 16484, 13, 353, 1144, 310, 2468, 2962, 2962]",248046,"[248046, 248044]",248046,1,True,True,"[0, 0, 0, 0, 0, 0, 0, 0, 0, 2]","The remaining population, terrified of becoming the next victims, fled the city en masse as the uprising threatened to descend on all of New Earth. **They barricaded themselves within the underground sanctuary, refusing to come out until the world was gone.**

Wait. I need to check my constraints. I need to output continue continue",True,3821059072,9.274505914014298
131_coauthor_even_count_kna_t11_rep1,281,10,even_count,,11,2,65,35,2193,1298677665,coauthor,131,1,coauthor:creative:72b49bf3c2434ea498475566e09690fb,0,5271b990188dcdfbdff199a7da761665dced69689f09f29095e900d82fd3a71e,53e36a02a38827a00008dbec45b603984074530296535e1572335c1e00eb7c63,success,,512.0,512.0,512.0,False,,model_loaded,16.353120679967105,0.5919829520280473,1.274466889037285,1.8664498410653323,1.8664498410653323,2083,27302,445684,748504287,248320,"{""allowed_count"": 248068, ""expected_count"": 248068, ""missing_expected"": [], ""ok"": true, ""stop_token_ids"": [248044, 248046], ""unexpected_allowed"": []}",2.1059638839797117,xgrammar,0.8166681550210342,3.3128208150155842,251,65,64,"[2523, 5596, 413, 781, 513, 2019, 310, 381, 91436, 1820, 639, 1495, 2980, 279, 1534, 4034, 14663, 310, 3565, 321, 488, 12706, 279, 5522, 369, 4777, 264, 7655, 21433, 539, 279, 8415, 314, 21582, 13, 271, 13784, 11, 1332, 1467, 421, 3384, 2445, 494, 13, 1368, 781, 998, 660, 488, 11, 1179, 1204, 1362, 781, 381, 4184, 745, 2166, 30, 561, 44067, 1902, 1902, 248046]","[2523, 5596, 413, 781, 513, 2019, 310, 381, 91436, 1820, 639, 1495, 2980, 279, 1534, 4034, 14663, 310, 3565, 321, 488, 12706, 279, 5522, 369, 4777, 264, 7655, 21433, 539, 279, 8415, 314, 21582, 13, 271, 13784, 11, 1332, 1467, 421, 3384, 2445, 494, 13, 1368, 781, 998, 660, 488, 11, 1179, 1204, 1362, 781, 381, 4184, 745, 2166, 30, 561, 44067, 1902, 1902]",248046,"[248046, 248044]",248046,1,True,True,"[0, 0, 0, 0, 0, 0, 0, 0, 0, 0, 2]","You wonder if they are going to be reincarnated again until the final screen cuts to black and you realize the movie is simply a dream triggered by the fear of dying.

Wait, where did that though come from. If they were all you, then how could they be someone else too? The protagonist must must",True,3814700032,9.383652603020892
132_coauthor_even_count_kna_t12_rep1,282,11,even_count,,12,2,65,38,2381,785394720,coauthor,132,1,coauthor:creative:8a66ba50d4e241f2aebb17e5af82c68a,0,b0f03aef3a6c426dc2ca3cbc1c5c42697d50e2872e4f5bb5b518a094140603fb,f6cb020c329bc7bcbbce091988ecb127428012d5db1db06d0d369b214eaf1e0e,success,,512.0,512.0,512.0,False,,model_loaded,16.543895678012632,0.6013163179741241,1.4476206919644028,2.048937009938527,2.048937009938527,2272,32016,523988,930807308,248320,"{""allowed_count"": 248068, ""expected_count"": 248068, ""missing_expected"": [], ""ok"": true, ""stop_token_ids"": [248044, 248046], ""unexpected_allowed"": []}",2.0158990049967542,xgrammar,0.8556775079923682,3.2605123540270142,126,65,64,"[62182, 286, 421, 1292, 668, 2496, 3608, 4184, 745, 1495, 11, 551, 43923, 5387, 539, 888, 79420, 1396, 3074, 3296, 488, 3397, 2466, 13, 561, 10849, 4816, 310, 4255, 383, 279, 10458, 314, 51623, 11, 1447, 19826, 279, 1500, 1881, 39259, 321, 279, 18717, 42197, 314, 8996, 1024, 1248, 1238, 279, 10458, 10029, 13, 30135, 11, 781, 2923, 680, 314, 279, 11012, 8842, 8842, 248046]","[62182, 286, 421, 1292, 668, 2496, 3608, 4184, 745, 1495, 11, 551, 43923, 5387, 539, 888, 79420, 1396, 3074, 3296, 488, 3397, 2466, 13, 561, 10849, 4816, 310, 4255, 383, 279, 10458, 314, 51623, 11, 1447, 19826, 279, 1500, 1881, 39259, 321, 279, 18717, 42197, 314, 8996, 1024, 1248, 1238, 279, 10458, 10029, 13, 30135, 11, 781, 2923, 680, 314, 279, 11012, 8842, 8842]",248046,"[248046, 248044]",248046,1,True,True,"[0, 0, 0, 0, 0, 0, 2, 0, 0, 0, 0, 0]","Dreaming that she will never pick someone else again, he surprises himself by overthinking every single question you ever ask. The rain seems to fall on the cycle of repetition, blurring the line between disappointment and the calm certainty of finding her long after the cycle ends. Together, they step out of the quiet planning planning",True,3801382912,9.443100905045867
133_coauthor_even_count_kna_t13_rep1,283,12,even_count,,13,2,65,41,2569,802208098,coauthor,133,1,coauthor:creative:4b1397f42c2b436c994db077de5d54c4,0,3e55b7375b75b658f300a471a0d30e03ddc7ad423067ddfec68117af0ead028c,8b1a1c75da3c2351dfdf41e258adb19fb47b6ff2accfc7746166a62f0ca01983,success,,512.0,512.0,512.0,False,,model_loaded,16.360310233954806,0.5892694590147585,1.6215508379973471,2.2108202970121056,2.2108202970121056,2461,37102,608568,1139426554,248320,"{""allowed_count"": 248068, ""expected_count"": 248068, ""missing_expected"": [], ""ok"": true, ""stop_token_ids"": [248044, 248046], ""unexpected_allowed"": []}",1.9970862719928846,xgrammar,0.8246027450077236,3.2212190449936315,507,65,64,"[10883, 11, 411, 32404, 29310, 3354, 264, 42780, 1785, 1332, 279, 3516, 4042, 11, 30043, 264, 3521, 3790, 314, 4627, 466, 13484, 11, 14195, 16739, 18966, 310, 8882, 694, 777, 18608, 13043, 852, 998, 22806, 310, 31133, 1141, 13238, 14469, 22360, 1973, 8415, 314, 46163, 13, 2356, 327, 303, 836, 7478, 11, 7737, 259, 3409, 11, 781, 14607, 421, 804, 7913, 303, 411, 3521, 248046]","[10883, 11, 411, 32404, 29310, 3354, 264, 42780, 1785, 1332, 279, 3516, 4042, 11, 30043, 264, 3521, 3790, 314, 4627, 466, 13484, 11, 14195, 16739, 18966, 310, 8882, 694, 777, 18608, 13043, 852, 998, 22806, 310, 31133, 1141, 13238, 14469, 22360, 1973, 8415, 314, 46163, 13, 2356, 327, 303, 836, 7478, 11, 7737, 259, 3409, 11, 781, 14607, 421, 804, 7913, 303, 411, 3521]",248046,"[248046, 248044]",248046,1,True,True,"[0, 0, 0, 2, 0, 0, 0, 0, 0, 0, 0, 0, 0]","However, this diplomatic isolation created a fragile system where the United States, lacking a global network of friends or enemies, remained deeply vulnerable to smaller but more aggressive powers who were eager to exploit its newly exposed weakness without fear of confrontation. Clad in their fresh, powerful tunic, they realized that true strength in this global",True,3844653568,9.511842066014651
134_coauthor_even_count_kna_t14_rep1,284,13,even_count,,14,2,65,44,2757,246109509,coauthor,134,1,coauthor:creative:a935819289a042269dc6f7e419b0608e,0,fa483db606446e8a0698dd603cd30200ec07b9c512f2988e90fa0cb6d10811c1,b4ce0f901af370856c5784a4f7a2d89722fbb37efbd0517d23c00507c290aa81,success,,512.0,512.0,512.0,False,,model_loaded,16.47369744500611,0.6431366549804807,1.8325161110260524,2.475652766006533,2.475652766006533,2650,42560,699424,1376040489,248320,"{""allowed_count"": 248068, ""expected_count"": 248068, ""missing_expected"": [], ""ok"": true, ""stop_token_ids"": [248044, 248046], ""unexpected_allowed"": []}",2.086841782031115,xgrammar,0.821425928035751,3.3065390530391596,187,65,64,"[760, 34924, 11, 15749, 539, 31465, 38896, 321, 449, 1583, 266, 2087, 32687, 364, 491, 24086, 287, 11, 995, 11543, 1384, 430, 836, 8871, 364, 279, 1727, 14931, 314, 836, 9140, 13, 271, 3733, 557, 874, 854, 364, 8318, 11, 430, 279, 975, 6225, 1052, 11, 5879, 539, 279, 18995, 11, 25174, 680, 279, 5817, 310, 279, 975, 3008, 314, 279, 2956, 3558, 3558, 248046]","[760, 34924, 11, 15749, 539, 31465, 38896, 321, 449, 1583, 266, 2087, 32687, 364, 491, 24086, 287, 11, 995, 11543, 1384, 430, 836, 8871, 364, 279, 1727, 14931, 314, 836, 9140, 13, 271, 3733, 557, 874, 854, 364, 8318, 11, 430, 279, 975, 6225, 1052, 11, 5879, 539, 279, 18995, 11, 25174, 680, 279, 5817, 310, 279, 975, 3008, 314, 279, 2956, 3558, 3558]",248046,"[248046, 248044]",248046,1,True,True,"[0, 0, 0, 0, 0, 0, 0, 2, 0, 0, 0, 0, 0, 0]","The aliens, driven by sheer curiosity and an insatiable hunger for new consciousnesses, had chosen him as their candidate for the next evolution of their species.

There was no time for waiting, as the other captors, led by the alien, jumped out the door to the other side of the room material material",True,3807982592,9.987342064967379
135_coauthor_even_count_kna_t15_rep1,285,14,even_count,,15,2,65,47,2945,852370662,coauthor,135,1,coauthor:creative:5d9be2dad6584ff4b2ab1c6f701f64cb,0,aa1734d7cee5f9e1a7e552c3e65435c07fcd5d6d80ebadba955e3a36f9d5f271,d3de60f1833230842c70a5d8bc59928a2eef4ba0b4ae6ccd2aa854410fc24421,success,,512.0,512.0,512.0,False,,model_loaded,17.094871723034885,0.6767042680294253,2.080477790965233,2.7571820589946583,2.7571820589946583,2839,48390,796556,1642327577,248320,"{""allowed_count"": 248068, ""expected_count"": 248068, ""missing_expected"": [], ""ok"": true, ""stop_token_ids"": [248044, 248046], ""unexpected_allowed"": []}",2.203592508973088,xgrammar,0.8370619280030951,3.353225972969085,113,65,64,"[1465, 682, 978, 24244, 780, 804, 1304, 11, 57115, 4694, 1024, 2854, 8552, 36734, 310, 1831, 1024, 18539, 1083, 780, 6121, 22857, 13, 271, 17413, 279, 1414, 2582, 16067, 279, 4216, 303, 279, 3555, 22157, 11, 279, 39811, 3766, 3294, 5774, 13822, 279, 6868, 1406, 314, 19595, 24244, 836, 804, 1304, 303, 279, 95694, 11, 864, 557, 279, 809, 314, 279, 1156, 2018, 2018, 248046]","[1465, 682, 978, 24244, 780, 804, 1304, 11, 57115, 4694, 1024, 2854, 8552, 36734, 310, 1831, 1024, 18539, 1083, 780, 6121, 22857, 13, 271, 17413, 279, 1414, 2582, 16067, 279, 4216, 303, 279, 3555, 22157, 11, 279, 39811, 3766, 3294, 5774, 13822, 279, 6868, 1406, 314, 19595, 24244, 836, 804, 1304, 303, 279, 95694, 11, 864, 557, 279, 809, 314, 279, 1156, 2018, 2018]",248046,"[248046, 248044]",248046,1,True,True,"[0, 0, 0, 0, 0, 0, 0, 0, 0, 0, 2, 0, 0, 0, 0]","He has been hiding his true form, immortalizing her love despite refusing to take her deeper into his dark secrets.

Because the text already describes the events in the previous sentences, the continuation provided above directly addresses the plot point of brothers hiding their true form in the underworld, which was the end of the user second second",True,3800873472,10.456666003970895
136_coauthor_even_count_kna_t16_rep1,286,15,even_count,,16,2,65,50,3133,1436738001,coauthor,136,1,coauthor:creative:83abfb13942f491b9de32bfcc1c3dc47,0,0c5930fe95cdce1c62e7748c926e8338752a23fd3cc50f2913cf3b3cf7cb2ae3,bccc22a10e84e48beaa20cc6fc794b41bbfe8e68e9d3d8cdfca09fe95c047e8b,success,,512.0,512.0,512.0,False,,model_loaded,17.174611627007835,0.6531830969615839,2.4022281219949946,3.0554112189565785,3.0554112189565785,3028,54592,899964,1939966282,248320,"{""allowed_count"": 248068, ""expected_count"": 248068, ""missing_expected"": [], ""ok"": true, ""stop_token_ids"": [248044, 248046], ""unexpected_allowed"": []}",1.9585172020015307,xgrammar,0.8725420699920505,3.3059359489707276,145,65,64,"[760, 4307, 854, 279, 533, 782, 13, 7338, 47733, 1345, 264, 2184, 39066, 11378, 6741, 42363, 2094, 424, 11, 424, 1381, 13325, 1141, 15060, 19729, 67473, 314, 29310, 3322, 978, 1505, 24995, 539, 264, 1814, 421, 874, 4860, 13212, 424, 628, 17171, 7249, 13, 561, 1814, 874, 4860, 15175, 1070, 430, 264, 9281, 11, 694, 430, 449, 64386, 5716, 24339, 2702, 30717, 4802, 4802, 248046]","[760, 4307, 854, 279, 533, 782, 13, 7338, 47733, 1345, 264, 2184, 39066, 11378, 6741, 42363, 2094, 424, 11, 424, 1381, 13325, 1141, 15060, 19729, 67473, 314, 29310, 3322, 978, 1505, 24995, 539, 264, 1814, 421, 874, 4860, 13212, 424, 628, 17171, 7249, 13, 561, 1814, 874, 4860, 15175, 1070, 430, 264, 9281, 11, 694, 430, 449, 64386, 5716, 24339, 2702, 30717, 4802, 4802]",248046,"[248046, 248044]",248046,1,True,True,"[0, 0, 0, 0, 0, 0, 0, 0, 0, 0, 0, 0, 0, 2, 0, 0]","The entire time the U.S. sat silently while a super-powered arms race exploded around it, it now finds its carefully constructed fortress of isolation having been crumbled by a world that no longer believes it can survive alone. The world no longer sees them as a neighbor, but as an existential threat demanding total surrender resources resources",True,3806332416,10.435015711002052
137_coauthor_odd_count_kna_t1_rep1,287,0,odd_count,,1,2,65,3,254,962466428,coauthor,137,1,coauthor:creative:e3152d380e13471a91d31ab07f01255c,0,5a418a6dd10a84d51eed099d81d7d7cd3d3585bacbb32369f9167ca6d21136dd,bcf50a724adfb57206d592315a39f7fe980c2e8b9129f2f5e97f1e842142e4be,success,,512.0,512.0,512.0,False,,model_loaded,14.155903529026546,0.4936618420179002,0.0502812450286001,0.5439430870465003,0.5439430870465003,132,442,7156,1699175,248320,"{""allowed_count"": 248068, ""expected_count"": 248068, ""missing_expected"": [], ""ok"": true, ""stop_token_ids"": [248044, 248046], ""unexpected_allowed"": []}",2.1027078459737822,xgrammar,0.8321391720091924,3.2545645650243387,317,65,64,"[3850, 948, 279, 16278, 41139, 321, 279, 38334, 4735, 366, 1091, 12706, 781, 628, 914, 5332, 5316, 1973, 21265, 579, 1438, 11, 781, 3060, 3133, 94746, 310, 1423, 264, 25282, 364, 660, 314, 21265, 13, 25067, 11, 279, 2957, 2149, 40838, 12497, 25193, 82427, 430, 279, 13523, 4226, 264, 10476, 6086, 7796, 421, 682, 35917, 383, 11, 13260, 24123, 279, 28037, 310, 311, 14995, 248046]","[3850, 948, 279, 16278, 41139, 321, 279, 38334, 4735, 366, 1091, 12706, 781, 628, 914, 5332, 5316, 1973, 21265, 579, 1438, 11, 781, 3060, 3133, 94746, 310, 1423, 264, 25282, 364, 660, 314, 21265, 13, 25067, 11, 279, 2957, 2149, 40838, 12497, 25193, 82427, 430, 279, 13523, 4226, 264, 10476, 6086, 7796, 421, 682, 35917, 383, 11, 13260, 24123, 279, 28037, 310, 311, 14995]",248046,"[248046, 248044]",248046,1,True,True,[1],"But when the virus spreads and the surviving immortals realize they can't kill anyone without humanity's help, they begin working tirelessly to find a cure for all of humanity. Meanwhile, the once-frozen bodies gradually thaw as the scientists fight a decades-old battle that has dragged on, ultimately forcing the aging to re lies",True,3822245888,7.983608620008454
138_coauthor_odd_count_kna_t2_rep1,288,1,odd_count,,2,2,65,6,381,1395920934,coauthor,138,1,coauthor:creative:29001da80acb414d8683c660e2e091f2,0,889961b7d23a13a82b4abb7ce77c35c05b543993144faca8892afa707331d369,93d1e085dece6c2b8602032a8f96aeacb3fe66d70039eb7ad04165e5c69c6f7d,success,,512.0,512.0,512.0,False,,model_loaded,18.4887927530217,0.5268362080096267,0.1008684080443345,0.6277046160539612,0.6277046160539612,260,1136,17989,6985843,248320,"{""allowed_count"": 248068, ""expected_count"": 248068, ""missing_expected"": [], ""ok"": true, ""stop_token_ids"": [248044, 248046], ""unexpected_allowed"": []}",2.5102432800340466,xgrammar,0.8488710910314694,3.315392491989769,363,65,64,"[1853, 854, 11, 279, 3626, 314, 279, 220, 17, 15, 337, 2545, 22952, 557, 22773, 1083, 279, 2660, 314, 1396, 491, 2902, 8950, 494, 279, 220, 16, 24, 24, 24, 36078, 13, 10838, 234, 235, 9008, 237, 254, 169379, 653, 60243, 3803, 653, 42373, 64463, 653, 14750, 653, 5666, 9672, 653, 6614, 5607, 653, 32177, 655, 16986, 7380, 653, 36, 9405, 1860, 48369, 5716, 248046]","[1853, 854, 11, 279, 3626, 314, 279, 220, 17, 15, 337, 2545, 22952, 557, 22773, 1083, 279, 2660, 314, 1396, 491, 2902, 8950, 494, 279, 220, 16, 24, 24, 24, 36078, 13, 10838, 234, 235, 9008, 237, 254, 169379, 653, 60243, 3803, 653, 42373, 64463, 653, 14750, 653, 5666, 9672, 653, 6614, 5607, 653, 32177, 655, 16986, 7380, 653, 36, 9405, 1860, 48369, 5716]",248046,"[248046, 248044]",248046,1,True,True,"[0, 1]","Over time, the house of the 20th little pig was transformed into the site of every new family born from the 1999 earthquake. 🌍🏠✨ #Survival #Earthquake #Family #NextGen #Bricks #FortressHiddenHome #EyesOnOthers threat",True,3828820480,8.711132679018192
139_coauthor_odd_count_kna_t3_rep1,289,2,odd_count,,3,2,65,8,508,427978413,coauthor,139,1,coauthor:creative:48058b31f2ea4797bc9dcc40ab9ee2f1,0,b7cd8e1f48d62056c2b6b715776f26274d1fef61abff9c6f7e62670e97ba2ce0,532398b66c246e894037acffcb130ea871bb5e1b309110ca220e2e18798228c6,success,,512.0,512.0,512.0,False,,model_loaded,17.11763783497736,0.5395398949622177,0.18532330699963495,0.7248632019618526,0.7248632019618526,388,2082,32568,16629302,248320,"{""allowed_count"": 248068, ""expected_count"": 248068, ""missing_expected"": [], ""ok"": true, ""stop_token_ids"": [248044, 248046], ""unexpected_allowed"": []}",2.453091942006722,xgrammar,0.8481624269625172,3.378501514031086,170,65,64,"[1465, 20589, 364, 279, 49755, 321, 90971, 2046, 310, 4433, 264, 491, 799, 11, 5326, 28761, 680, 314, 279, 66952, 314, 19150, 551, 995, 978, 5214, 303, 364, 264, 1007, 13, 271, 13784, 11, 353, 1144, 310, 1716, 279, 6195, 13, 561, 1483, 11316, 2640, 328, 1465, 21220, 685, 279, 49755, 494, 279, 26748, 1288, 748, 13942, 494, 1017, 3520, 777, 5357, 13, 42787, 248046]","[1465, 20589, 364, 279, 49755, 321, 90971, 2046, 310, 4433, 264, 491, 799, 11, 5326, 28761, 680, 314, 279, 66952, 314, 19150, 551, 995, 978, 5214, 303, 364, 264, 1007, 13, 271, 13784, 11, 353, 1144, 310, 1716, 279, 6195, 13, 561, 1483, 11316, 2640, 328, 1465, 21220, 685, 279, 49755, 494, 279, 26748, 1288, 748, 13942, 494, 1017, 3520, 777, 5357, 13, 42787]",248046,"[248046, 248044]",248046,1,True,True,"[0, 0, 1]","He pays for the mug and rushes home to install a new one, finally lifted out of the coma of stability he had been living in for a year.

Wait, I need to check the flow. The last sentence says ""He picks up the mug from the shelf,"" so continuing from there makes more sense. clerk",True,3807314432,8.809801184979733
140_coauthor_odd_count_kna_t4_rep1,290,3,odd_count,,4,2,65,10,635,57070794,coauthor,140,1,coauthor:creative:ac0d02d15e164314841ae2ce49d2b2c9,0,7085c850ffcd0872fb578d0070a8b781c40b7556750b587220713e980da55d1e,8e610ae405349faa6dbd4982263a6e59ddcceab9eb5c905c2ba78800571e770b,success,,512.0,512.0,512.0,False,,model_loaded,16.20463093597209,0.5474332270096056,0.2403980329982005,0.7878312600078061,0.7878312600078061,516,3280,50893,31397648,248320,"{""allowed_count"": 248068, ""expected_count"": 248068, ""missing_expected"": [], ""ok"": true, ""stop_token_ids"": [248044, 248046], ""unexpected_allowed"": []}",2.5708315540105104,xgrammar,0.823205626977142,3.2557579720159993,345,65,64,"[7691, 26731, 310, 1831, 279, 2321, 13264, 321, 3769, 421, 1024, 4593, 2493, 381, 5326, 5354, 310, 14838, 279, 4950, 314, 1024, 804, 2854, 13, 271, 1, 14749, 513, 488, 7285, 1292, 4439, 13, 328, 3710, 579, 2019, 383, 7285, 2838, 5055, 685, 494, 1024, 4690, 321, 21780, 1083, 279, 5926, 310, 1423, 279, 855, 579, 7497, 13, 328, 7751, 914, 5909, 728, 11294, 248046]","[7691, 26731, 310, 1831, 279, 2321, 13264, 321, 3769, 421, 1024, 4593, 2493, 381, 5326, 5354, 310, 14838, 279, 4950, 314, 1024, 804, 2854, 13, 271, 1, 14749, 513, 488, 7285, 1292, 4439, 13, 328, 3710, 579, 2019, 383, 7285, 2838, 5055, 685, 494, 1024, 4690, 321, 21780, 1083, 279, 5926, 310, 1423, 279, 855, 579, 7497, 13, 328, 7751, 914, 5909, 728, 11294]",248046,"[248046, 248044]",248046,1,True,True,"[0, 0, 0, 1]","She decides to take the date anyway and hope that her heart might be finally ready to recognize the sound of her true love.

""Who are you?"" she asked. ""What's going on?"" She gets up from her bed and walks into the park to find the man's voice. ""Don't remember me telling",True,3827892224,8.787579854018986
141_coauthor_odd_count_kna_t5_rep1,291,4,odd_count,,5,2,65,12,762,1546616717,coauthor,141,1,coauthor:creative:b0713959bffc46e893715684d793a109,0,869d2f1a69c3400393eea84060e0e8697d10483ee7aa299596fceb3108ddc6ab,cc3e267dc23de4ab5bf0d31497a0d7f7eb47202beca4fcd1c05708ec766cf083,success,,512.0,512.0,512.0,False,,model_loaded,15.710229524993338,0.5501600370043889,0.29271610401337966,0.8428761410177685,0.8428761410177685,644,4730,73973,52058977,248320,"{""allowed_count"": 248068, ""expected_count"": 248068, ""missing_expected"": [], ""ok"": true, ""stop_token_ids"": [248044, 248046], ""unexpected_allowed"": []}",2.4665129449567758,xgrammar,0.8592665230389684,3.2972263289848343,275,65,64,"[14050, 21934, 23608, 27643, 383, 11293, 84489, 7036, 310, 10229, 1396, 3046, 383, 279, 2336, 11, 694, 1024, 51111, 10036, 421, 279, 1379, 23443, 6777, 557, 279, 799, 1292, 4674, 1379, 13, 9043, 4045, 21515, 2032, 29280, 92438, 9848, 66079, 34645, 8662, 54588, 8435, 13, 9043, 4045, 21515, 2032, 29280, 92438, 9848, 66079, 34645, 8662, 54588, 8435, 13, 9043, 4045, 21515, 2032, 29280, 67385, 248046]","[14050, 21934, 23608, 27643, 383, 11293, 84489, 7036, 310, 10229, 1396, 3046, 383, 279, 2336, 11, 694, 1024, 51111, 10036, 421, 279, 1379, 23443, 6777, 557, 279, 799, 1292, 4674, 1379, 13, 9043, 4045, 21515, 2032, 29280, 92438, 9848, 66079, 34645, 8662, 54588, 8435, 13, 9043, 4045, 21515, 2032, 29280, 92438, 9848, 66079, 34645, 8662, 54588, 8435, 13, 9043, 4045, 21515, 2032, 29280, 67385]",248046,"[248046, 248044]",248046,1,True,True,"[0, 0, 0, 1, 0]","Roberta Lincoln insisted on sending reconnaissance teams to identify every country on the map, but her aides noted that the most isolated nation was the one she wanted most. DO NOT BEGIN ANOTHER SENTENCE IMMEDIATELY BEFORE IT. DO NOT BEGIN ANOTHER SENTENCE IMMEDIATELY BEFORE IT. DO NOT BEGIN ANOTHER misunderstanding",True,3820078592,8.774262088991236
142_coauthor_odd_count_kna_t6_rep1,292,5,odd_count,,6,2,65,14,889,103504639,coauthor,142,1,coauthor:creative:d2c71212ed1446a79b5d404def4239a9,0,d09a89fcdd342e0cce9543f8835b1beb63bd5481f3581754afe63031e59bbeb7,dfee3afba94b9844a17e4114192a2c609a3d4a7b506213a7613c8b6f3608971d,success,,512.0,512.0,512.0,False,,model_loaded,14.603344928997103,0.5424139419919811,0.3489987440407276,0.8914126860327087,0.8914126860327087,772,6432,101051,79381385,248320,"{""allowed_count"": 248068, ""expected_count"": 248068, ""missing_expected"": [], ""ok"": true, ""stop_token_ids"": [248044, 248046], ""unexpected_allowed"": []}",2.0796980730374344,xgrammar,0.8595693740062416,3.2864058880368248,108,65,64,"[2523, 513, 799, 314, 279, 2342, 8742, 1208, 303, 279, 1814, 852, 2496, 3738, 264, 3074, 14735, 314, 6923, 12, 3982, 15251, 11, 9101, 488, 310, 20239, 264, 9018, 314, 50558, 32253, 2272, 11656, 20151, 13, 23394, 11, 488, 2418, 7249, 383, 264, 11012, 43167, 9799, 279, 6797, 22866, 3559, 279, 92630, 9117, 1345, 21259, 314, 45109, 19865, 8794, 15279, 2336, 279, 15039, 2154, 248046]","[2523, 513, 799, 314, 279, 2342, 8742, 1208, 303, 279, 1814, 852, 2496, 3738, 264, 3074, 14735, 314, 6923, 12, 3982, 15251, 11, 9101, 488, 310, 20239, 264, 9018, 314, 50558, 32253, 2272, 11656, 20151, 13, 23394, 11, 488, 2418, 7249, 383, 264, 11012, 43167, 9799, 279, 6797, 22866, 3559, 279, 92630, 9117, 1345, 21259, 314, 45109, 19865, 8794, 15279, 2336, 279, 15039, 2154]",248046,"[248046, 248044]",248046,1,True,True,"[0, 0, 0, 0, 0, 1]","You are one of the few older people in the world who never took a single pill of anti-aging medicine, leaving you to navigate a century of thriving biology against impossible odds. Currently, you stand alone on a quiet porch watching the sun dip below the turquoise sea while dozens of Arduino boards wirelessly map the universe develop",True,3800674816,8.350450208992697
143_coauthor_odd_count_kna_t7_rep1,293,6,odd_count,,7,2,65,16,1016,2137117886,coauthor,143,1,coauthor:creative:5c524b4889834145ad435d84415f457c,0,7b96de94f9361de3716a0dc642c6f76562056073c588be65ba1409e6728aca5e,b4783ab0789751ff182379875970f13cb3d1329b31fb6a159b26f396b1491090,success,,512.0,512.0,512.0,False,,model_loaded,14.769240283989348,0.5381208220496774,0.42359265498816967,0.961713477037847,0.961713477037847,900,8386,132127,114132968,248320,"{""allowed_count"": 248068, ""expected_count"": 248068, ""missing_expected"": [], ""ok"": true, ""stop_token_ids"": [248044, 248046], ""unexpected_allowed"": []}",2.06294643698493,xgrammar,0.8592996700317599,3.367877018987201,540,65,64,"[4639, 42960, 279, 3255, 11, 694, 3221, 8574, 279, 3725, 11, 353, 5596, 413, 567, 628, 3397, 9149, 3418, 279, 7063, 314, 57115, 2199, 7463, 310, 279, 92043, 16466, 567, 599, 1066, 20720, 13, 12140, 7785, 2493, 5326, 6779, 421, 1345, 50882, 279, 38985, 17584, 369, 449, 36534, 77899, 11, 7281, 1605, 14791, 5891, 264, 47002, 69787, 3769, 539, 7984, 39508, 2082, 421, 13660, 248046]","[4639, 42960, 279, 3255, 11, 694, 3221, 8574, 279, 3725, 11, 353, 5596, 413, 567, 628, 3397, 9149, 3418, 279, 7063, 314, 57115, 2199, 7463, 310, 279, 92043, 16466, 567, 599, 1066, 20720, 13, 12140, 7785, 2493, 5326, 6779, 421, 1345, 50882, 279, 38985, 17584, 369, 449, 36534, 77899, 11, 7281, 1605, 14791, 5891, 264, 47002, 69787, 3769, 539, 7984, 39508, 2082, 421, 13660]",248046,"[248046, 248044]",248046,1,True,True,"[0, 1, 0, 0, 0, 0, 0]","That concludes the story, but looking toward the future, I wonder if we can ever truly understand the meaning of immortal life compared to the fleeting chances we have just begun. Future science might finally discover that while escaping the wasteland is an immense hurdle, conversational AI offers a remarkably slender hope by providing companionship that knowing",True,3850557440,8.493415920005646
144_coauthor_odd_count_kna_t8_rep1,294,7,odd_count,,8,2,65,18,1143,2121816246,coauthor,144,1,coauthor:creative:87396211fee244ccbda4b0f4bcefc8e9,0,873dd6cc44f958d8a9a7112e5920c5c4a194c633207592a82022bb1c7f87dcb7,e41d9fbb155f2999478424e262fd873adc1dc91bcdc4d0f589b1ec5f33abbd92,success,,512.0,512.0,512.0,False,,model_loaded,14.84035616699839,0.5349620720371604,0.4992262569721788,1.0341883290093392,1.0341883290093392,1028,10592,167201,157081822,248320,"{""allowed_count"": 248068, ""expected_count"": 248068, ""missing_expected"": [], ""ok"": true, ""stop_token_ids"": [248044, 248046], ""unexpected_allowed"": []}",1.9420961759751663,xgrammar,0.838436133984942,3.2656875179964118,478,65,64,"[6820, 421, 279, 55872, 369, 78272, 11, 488, 321, 678, 90300, 13003, 14774, 310, 32710, 344, 279, 57831, 6873, 280, 20397, 314, 24924, 321, 14519, 279, 2199, 781, 995, 1518, 488, 5924, 836, 2018, 6351, 13, 318, 8839, 25, 328, 65, 14300, 280, 20397, 1, 369, 5064, 430, 264, 22419, 39811, 314, 279, 56127, 328, 30976, 39585, 1, 1273, 93144, 1669, 303, 279, 8306, 248046]","[6820, 421, 279, 55872, 369, 78272, 11, 488, 321, 678, 90300, 13003, 14774, 310, 32710, 344, 279, 57831, 6873, 280, 20397, 314, 24924, 321, 14519, 279, 2199, 781, 995, 1518, 488, 5924, 836, 2018, 6351, 13, 318, 8839, 25, 328, 65, 14300, 280, 20397, 1, 369, 5064, 430, 264, 22419, 39811, 314, 279, 56127, 328, 30976, 39585, 1, 1273, 93144, 1669, 303, 279, 8306]",248046,"[248046, 248044]",248046,1,True,True,"[0, 1, 0, 0, 0, 0, 0, 0]","Now that the enclosure is breached, you and your newfound army march to liberate the captive billion pints of honey and restore the life they had before you became their second mother. (Note: ""billion pints"" is included as a literal continuation of the repetitive ""bee colony"" phrasing found in the opening",True,3843156480,8.376049318991136
145_coauthor_odd_count_kna_t9_rep1,295,8,odd_count,,9,2,65,20,1270,763913707,coauthor,145,1,coauthor:creative:88daaed513824fbd9c77746eec7862d9,0,c421f489abadf2b0c5d417b73027d4d3a8492bd1cf7db829968616853e9715ba,94b827756d3b09a92a4a583729e93ed53a87a859b4a8680941ea21254bf22df2,success,,512.0,512.0,512.0,False,,model_loaded,15.271825656003784,0.5978191439644434,0.5819171210168861,1.1797362649813294,1.1797362649813294,1156,13050,207408,208996043,248320,"{""allowed_count"": 248068, ""expected_count"": 248068, ""missing_expected"": [], ""ok"": true, ""stop_token_ids"": [248044, 248046], ""unexpected_allowed"": []}",2.1076985690160654,xgrammar,0.8432102799997665,3.3187319580465555,272,65,64,"[42, 258, 895, 306, 11177, 279, 4363, 8574, 279, 47026, 1809, 11, 32863, 421, 29234, 279, 13437, 30500, 1000, 15210, 4124, 579, 3019, 310, 3865, 1386, 279, 9114, 13, 561, 2902, 27743, 1384, 11, 694, 948, 781, 6779, 449, 29842, 7920, 23221, 279, 44141, 11, 836, 30310, 20165, 1505, 22026, 1083, 264, 36561, 781, 599, 978, 5214, 364, 4139, 264, 9018, 13, 2985, 3177, 248046]","[42, 258, 895, 306, 11177, 279, 4363, 8574, 279, 47026, 1809, 11, 32863, 421, 29234, 279, 13437, 30500, 1000, 15210, 4124, 579, 3019, 310, 3865, 1386, 279, 9114, 13, 561, 2902, 27743, 1384, 11, 694, 948, 781, 6779, 449, 29842, 7920, 23221, 279, 44141, 11, 836, 30310, 20165, 1505, 22026, 1083, 264, 36561, 781, 599, 978, 5214, 364, 4139, 264, 9018, 13, 2985, 3177]",248046,"[248046, 248044]",248046,1,True,True,"[0, 0, 0, 0, 0, 0, 0, 1, 0]","Kincaid leads the cult toward the survivor group, believing that executing the ancient criminals would honor God's plan to purify the earth. The family joins him, but when they discover an ally hidden beneath the ruins, their sacred beliefs crumble into a nightmare they have been living for half a century. With city",True,3819921920,8.715270468965173
146_coauthor_odd_count_kna_t10_rep1,296,9,odd_count,,10,2,65,22,1397,1969588650,coauthor,146,1,coauthor:creative:b110df89e00549d39910dc176a617be7,0,905dab9829575199541f82483181c60fb162c32d2a21349c02a66293cef7d28d,35596ea2f52d94bd386bd8e50e1e804226ef0b3564c825c836a53a32f3bb2905,success,,512.0,512.0,512.0,False,,model_loaded,15.24083496100502,0.5278454259969294,0.6797009460278787,1.207546372024808,1.207546372024808,1284,15760,251865,270643727,248320,"{""allowed_count"": 248068, ""expected_count"": 248068, ""missing_expected"": [], ""ok"": true, ""stop_token_ids"": [248044, 248046], ""unexpected_allowed"": []}",1.921877624001354,xgrammar,0.8095377489808016,3.4752981850178912,208,65,64,"[2523, 9973, 524, 310, 21297, 466, 1442, 18730, 11, 694, 1518, 488, 708, 1142, 310, 4690, 11, 488, 8786, 1472, 264, 1324, 314, 9228, 421, 42007, 948, 488, 1000, 3512, 264, 85885, 13, 1394, 1179, 708, 310, 279, 5522, 25852, 321, 2466, 279, 61027, 413, 488, 628, 3569, 264, 11390, 303, 1923, 279, 4472, 10407, 13, 561, 61027, 4816, 4847, 83339, 694, 369, 6973, 248046]","[2523, 9973, 524, 310, 21297, 466, 1442, 18730, 11, 694, 1518, 488, 708, 1142, 310, 4690, 11, 488, 8786, 1472, 264, 1324, 314, 9228, 421, 42007, 948, 488, 1000, 3512, 264, 85885, 13, 1394, 1179, 708, 310, 279, 5522, 25852, 321, 2466, 279, 61027, 413, 488, 628, 3569, 264, 11390, 303, 1923, 279, 4472, 10407, 13, 561, 61027, 4816, 4847, 83339, 694, 369, 6973]",248046,"[248046, 248044]",248046,1,True,True,"[0, 0, 0, 1, 0, 0, 0, 0, 0, 0]","You decide not to panic or even investigate, but before you go back to bed, you scroll through a number of movies that shouted when you would become a millionaire. You then go to the movie theater and ask the usher if you can buy a ticket in double the normal seat. The usher seems quite puzzled but is limited",True,3813007872,8.65088825696148
147_coauthor_odd_count_kna_t11_rep1,297,10,odd_count,,11,2,65,24,1524,868847341,coauthor,147,1,coauthor:creative:b153dcf4dae74acb8ebc70ff937ecccf,0,5ed6547d980e9a278caf2692a48bb1d5323bcbd8fe074cdf1827bb079b0243b4,62f703e9c41adac43420195c780059ef4c5cc28b03df51e23740c8320d28ca13,success,,512.0,512.0,512.0,False,,model_loaded,15.22798851004336,0.5419352549943142,0.7811739919707179,1.323109246965032,1.323109246965032,1412,18722,300572,342792970,248320,"{""allowed_count"": 248068, ""expected_count"": 248068, ""missing_expected"": [], ""ok"": true, ""stop_token_ids"": [248044, 248046], ""unexpected_allowed"": []}",2.143090186989866,xgrammar,0.8161897999816574,3.1469376430031843,323,60,59,"[7691, 91142, 506, 1384, 303, 4434, 70763, 1345, 551, 80456, 780, 34909, 11, 41594, 1578, 314, 24924, 290, 14995, 998, 2496, 2019, 310, 944, 321, 421, 411, 854, 11, 551, 3404, 1669, 1024, 13, 4486, 264, 4299, 314, 45359, 20513, 11, 1292, 5964, 10263, 383, 1024, 3460, 6696, 310, 9959, 279, 542, 75265, 36452, 35556, 1142, 506, 1024, 13, 248046]","[7691, 91142, 506, 1384, 303, 4434, 70763, 1345, 551, 80456, 780, 34909, 11, 41594, 1578, 314, 24924, 290, 14995, 998, 2496, 2019, 310, 944, 321, 421, 411, 854, 11, 551, 3404, 1669, 1024, 13, 4486, 264, 4299, 314, 45359, 20513, 11, 1292, 5964, 10263, 383, 1024, 3460, 6696, 310, 9959, 279, 542, 75265, 36452, 35556, 1142, 506, 1024, 13]",248046,"[248046, 248044]",248046,1,True,False,"[0, 0, 0, 0, 1, 0, 0, 0, 0, 0, 0]","She stares at him in complete disbelief while he adjusts his collar, realizing years of honeyed lies were never going to work and that this time, he actually found her. After a moment of stunned silence, she quickly turns on her face mask to hide the shapeshifter staring back at her.",True,3826756608,8.68372748902766
148_coauthor_odd_count_kna_t12_rep1,298,11,odd_count,,12,2,65,26,1651,1654665861,coauthor,148,1,coauthor:creative:5370cd5a21e94475b4768b176e1014b2,0,076f07e26e6cd519b90f2a12a6a2f76ab96c38a9f89c45a04b44d9efd864dfde,6ebb434f9aa3838bc6a72f165ee363ae5200d4977f65e7e1ed725b6b542effcd,success,,512.0,512.0,512.0,False,,model_loaded,15.681984659982845,0.6098330420209095,0.9030802359920926,1.5129132780130021,1.5129132780130021,1540,21936,353529,426211868,248320,"{""allowed_count"": 248068, ""expected_count"": 248068, ""missing_expected"": [], ""ok"": true, ""stop_token_ids"": [248044, 248046], ""unexpected_allowed"": []}",2.0572378219803795,xgrammar,0.8355937089654617,3.2533818099764176,170,65,64,"[2523, 2364, 1441, 310, 39440, 56996, 539, 780, 803, 321, 6779, 421, 488, 2908, 2496, 995, 264, 5823, 310, 6266, 440, 1384, 1495, 2394, 551, 2047, 4998, 13, 271, 2523, 513, 2047, 303, 279, 10183, 11, 264, 6311, 314, 10439, 321, 49166, 50099, 5365, 430, 488, 5909, 279, 1483, 854, 488, 9149, 6661, 3629, 426, 13, 22911, 13, 271, 2523, 6601, 680, 678, 1901, 248044]","[2523, 2364, 1441, 310, 39440, 56996, 539, 780, 803, 321, 6779, 421, 488, 2908, 2496, 995, 264, 5823, 310, 6266, 440, 1384, 1495, 2394, 551, 2047, 4998, 13, 271, 2523, 513, 2047, 303, 279, 10183, 11, 264, 6311, 314, 10439, 321, 49166, 50099, 5365, 430, 488, 5909, 279, 1483, 854, 488, 9149, 6661, 3629, 426, 13, 22911, 13, 271, 2523, 6601, 680, 678, 1901]",248046,"[248046, 248044]",248044,1,True,True,"[0, 0, 0, 0, 0, 0, 0, 0, 0, 0, 1, 0]","You sit down to greet Edgar by his name and discover that you've never had a chance to speak with him again since he left office.

You are left in the chair, a mix of shock and sadness settling deep as you remember the last time you truly knew John F. Kennedy.

You pull out your head",True,3807314432,8.937260726990644
149_coauthor_odd_count_kna_t13_rep1,299,12,odd_count,,13,2,65,28,1778,1171247615,coauthor,149,1,coauthor:creative:773aa615d24d4471911f2e43e9081f71,0,88a554c193a72a39acef8012bd45dbb8036e8a8dd2f931edc7dadfca5bb20e09,7297395bedc1ce66019339300b04f12bfd4059cfa9c8cef47394eae9509c0866,success,,512.0,512.0,512.0,False,,model_loaded,15.434827580000274,0.6098730030353181,1.0263260379433632,1.6361990409786813,1.6361990409786813,1668,25402,410736,521668517,248320,"{""allowed_count"": 248068, ""expected_count"": 248068, ""missing_expected"": [], ""ok"": true, ""stop_token_ids"": [248044, 248046], ""unexpected_allowed"": []}",2.182888887997251,xgrammar,0.9071234469884075,2.4428151880274527,426,37,36,"[1, 12189, 353, 2582, 46264, 290, 279, 3019, 421, 5879, 310, 678, 16162, 494, 4998, 11, 353, 14765, 488, 2493, 381, 62168, 264, 3175, 3814, 310, 821, 12552, 2255, 310, 52275, 1010, 3478, 4687, 4203, 1149, 248046]","[1, 12189, 353, 2582, 46264, 290, 279, 3019, 421, 5879, 310, 678, 16162, 494, 4998, 11, 353, 14765, 488, 2493, 381, 62168, 264, 3175, 3814, 310, 821, 12552, 2255, 310, 52275, 1010, 3478, 4687, 4203, 1149]",248046,"[248046, 248044]",248046,1,True,False,"[0, 0, 0, 0, 0, 0, 0, 0, 0, 1, 0, 0, 0]","""Since I already vetoed the plan that led to your removal from office, I suspect you might be commanding a special visit to my island base to finalize some major policy changes.""",True,3836273152,8.462704633013345
000_coauthor_kth_last_k1_t1_rep2,300,0,kth_last,1,1,2,65,3,254,1093971734,coauthor,0,2,coauthor:creative:d4d4847e461c42888c2357e8d8f268b3,0,0641651529a5d0414595a0e62e9ccd980ddacacd30927ad94f4cc9654443c3d8,f19ba58f4d1b93f961c86f0b45affd8910b873186e467e3f8fa553290f334221,success,,512.0,512.0,512.0,False,,model_loaded,14.946088527038228,0.48439377499744296,0.02911963901715353,0.5135134140145965,0.5135134140145965,132,317,5296,973561,248320,"{""allowed_count"": 248068, ""expected_count"": 248068, ""missing_expected"": [], ""ok"": true, ""stop_token_ids"": [248044, 248046], ""unexpected_allowed"": []}",2.3028349219821393,xgrammar,0.8030092749977484,3.3517068790388294,282,65,64,"[55278, 286, 6681, 852, 557, 53001, 9047, 11656, 2574, 421, 279, 3379, 557, 47154, 440, 6473, 314, 279, 7167, 1852, 6561, 11, 3482, 279, 8548, 2015, 15578, 310, 30076, 421, 781, 995, 37543, 836, 854, 1518, 41594, 279, 71660, 557, 4777, 836, 1765, 19451, 5442, 27820, 383, 1070, 13, 1577, 279, 4142, 7087, 5820, 310, 12190, 31972, 506, 279, 30538, 477, 314, 279, 16311, 248044]","[55278, 286, 6681, 852, 557, 53001, 9047, 11656, 2574, 421, 279, 3379, 557, 47154, 440, 6473, 314, 279, 7167, 1852, 6561, 11, 3482, 279, 8548, 2015, 15578, 310, 30076, 421, 781, 995, 37543, 836, 854, 1518, 41594, 279, 71660, 557, 4777, 836, 1765, 19451, 5442, 27820, 383, 1070, 13, 1577, 279, 4142, 7087, 5820, 310, 12190, 31972, 506, 279, 30538, 477, 314, 279, 16311]",248046,"[248046, 248044]",248044,1,True,True,[1],"Detecting exactly who was kidnapped seemed impossible given that the press was flooded with reports of the missing action star, yet the investigation team refused to conclude that they had wasted their time before realizing the culprit was simply their own minds playing tricks on them. As the police pool began to laugh internally at the absurdity of the newspaper",True,3820439552,8.247252101951744
001_coauthor_kth_last_k3_t1_rep2,301,1,kth_last,3,1,2,65,5,370,1297718358,coauthor,1,2,coauthor:creative:229fee620c9e41f3bf737ffa9217b3d3,0,3c97282349357a75b6423dccf8f26aa7a5d726cd8a8376a6bc2445472279230c,94a0a2395bbc53b46cb9d0c5b6735981187116e1dcd3f32189a0e3179ccb670b,success,,512.0,512.0,512.0,False,,model_loaded,14.421115527977236,0.4838729840121232,0.07249002205207944,0.5563630060642026,0.5563630060642026,252,679,11766,4440742,248320,"{""allowed_count"": 248068, ""expected_count"": 248068, ""missing_expected"": [], ""ok"": true, ""stop_token_ids"": [248044, 248046], ""unexpected_allowed"": []}",2.127882322994992,xgrammar,0.8110897240112536,3.328989814966917,220,65,64,"[1853, 279, 1578, 314, 17987, 1439, 1623, 1657, 58631, 11, 2748, 5820, 310, 4833, 321, 3756, 440, 1070, 303, 279, 1381, 38127, 22081, 13, 353, 9297, 2047, 310, 1151, 821, 1765, 2902, 13, 10838, 97, 236, 9008, 97, 235, 9008, 97, 236, 169379, 9008, 237, 94, 9008, 239, 114, 9008, 239, 101, 9008, 239, 102, 88995, 243, 9008, 243, 232, 29545, 92955, 220, 96566, 248046]","[1853, 279, 1578, 314, 17987, 1439, 1623, 1657, 58631, 11, 2748, 5820, 310, 4833, 321, 3756, 440, 1070, 303, 279, 1381, 38127, 22081, 13, 353, 9297, 2047, 310, 1151, 821, 1765, 2902, 13, 10838, 97, 236, 9008, 97, 235, 9008, 97, 236, 169379, 9008, 237, 94, 9008, 239, 114, 9008, 239, 101, 9008, 239, 102, 88995, 243, 9008, 243, 232, 29545, 92955, 220, 96566]",248046,"[248046, 248044]",248046,1,True,True,[1],"Over the years of raising these childless elders, children began to appear and live with them in the now-empty nest. I eventually left to start my own family. 🤎🤍🤎✨🏡👶👨👩💕🕊️ eerie 超",True,3813480448,8.04979739600094
002_coauthor_kth_last_k4_t1_rep2,302,2,kth_last,4,1,2,65,6,425,1634466675,coauthor,2,2,coauthor:creative:a8cf086c79104dedaf0894b6ae96411f,0,255de474beb712f29e88da0eb6debb94bc6e1a390bab35148f516c2838b65c02,426b2cfdca8ab35f0fb6653e0ce81435d59ac155f875e8b94686bed731174453,success,,512.0,512.0,512.0,False,,model_loaded,14.401185574010015,0.4488648640108295,0.09398889500880614,0.5428537590196356,0.5428537590196356,309,851,14845,6936235,248320,"{""allowed_count"": 248068, ""expected_count"": 248068, ""missing_expected"": [], ""ok"": true, ""stop_token_ids"": [248044, 248046], ""unexpected_allowed"": []}",2.0943370719905943,xgrammar,0.828103806998115,3.276571824972052,302,65,64,"[760, 1746, 369, 716, 303, 264, 1814, 1332, 47678, 369, 279, 2450, 314, 660, 2279, 13, 561, 16050, 369, 310, 3063, 279, 1746, 539, 7594, 279, 1379, 47678, 310, 279, 21079, 3229, 13, 47678, 369, 17622, 539, 5442, 7176, 13, 8618, 3575, 369, 2892, 5621, 47678, 466, 9687, 279, 2279, 310, 1831, 47678, 494, 2361, 2450, 13, 561, 1746, 369, 6365, 6141, 303, 10263, 248046]","[760, 1746, 369, 716, 303, 264, 1814, 1332, 47678, 369, 279, 2450, 314, 660, 2279, 13, 561, 16050, 369, 310, 3063, 279, 1746, 539, 7594, 279, 1379, 47678, 310, 279, 21079, 3229, 13, 47678, 369, 17622, 539, 5442, 7176, 13, 8618, 3575, 369, 2892, 5621, 47678, 466, 9687, 279, 2279, 310, 1831, 47678, 494, 2361, 2450, 13, 561, 1746, 369, 6365, 6141, 303, 10263]",248046,"[248046, 248044]",248046,1,True,True,[1],The game is set in a world where Mana is the source of all power. The objective is to win the game by adding the most Mana to the collective pot. Mana is gained by playing cards. Each card is either worth Mana or holds the power to take Mana from another source. The game is piece played in turns,True,3821471232,7.985027475981042
003_coauthor_kth_last_k6_t1_rep2,303,3,kth_last,6,1,2,65,8,529,784852011,coauthor,3,2,coauthor:creative:d7e61761eda64607b4b1232dcc09bddc,0,e11e64e2ab8a3b0eeadff628d79164e7400da7731300331281e9e3c432974cbe,b9d813961d3e36c7f6b3bdd0eabc7927f88d5b78c7a2f8b30f0861499323455a,success,,512.0,512.0,512.0,False,,model_loaded,14.398417690012138,0.49112804397009313,0.1542208440368995,0.6453488880069926,0.6453488880069926,417,1177,20691,13165306,248320,"{""allowed_count"": 248068, ""expected_count"": 248068, ""missing_expected"": [], ""ok"": true, ""stop_token_ids"": [248044, 248046], ""unexpected_allowed"": []}",2.077927650010679,xgrammar,0.8528626639745198,3.313803685014136,517,65,64,"[19205, 1024, 2763, 32877, 11, 1292, 13569, 49855, 421, 188256, 579, 2854, 364, 1024, 369, 279, 804, 2781, 551, 682, 11886, 748, 1248, 321, 1691, 314, 780, 57115, 2199, 310, 1024, 13, 2838, 8772, 279, 1132, 1637, 303, 780, 3712, 11, 321, 551, 5326, 13325, 8649, 5326, 303, 1602, 440, 4184, 852, 9149, 15175, 321, 15338, 1384, 13, 14697, 13, 2838, 11690, 310, 15268, 248046]","[19205, 1024, 2763, 32877, 11, 1292, 13569, 49855, 421, 188256, 579, 2854, 364, 1024, 369, 279, 804, 2781, 551, 682, 11886, 748, 1248, 321, 1691, 314, 780, 57115, 2199, 310, 1024, 13, 2838, 8772, 279, 1132, 1637, 303, 780, 3712, 11, 321, 551, 5326, 13325, 8649, 5326, 303, 1602, 440, 4184, 852, 9149, 15175, 321, 15338, 1384, 13, 14697, 13, 2838, 11690, 310, 15268]",248046,"[248046, 248044]",248046,1,True,True,[1],"Despite her initial distress, she slowly realizes that Poc's love for her is the true reason he has dedicated so long and much of his immortal life to her. She becomes the only person in his history, and he finally finds peace finally in being with someone who truly sees and loves him. chest. She begins to cry",True,3849371648,8.122261731012259
004_coauthor_kth_last_k7_t1_rep2,304,4,kth_last,7,1,2,65,9,578,1713130417,coauthor,4,2,coauthor:creative:3461ee41df7f4f5fa584f5ae04b3ba6f,0,5c5847ebef224712346c2c9672512ca9651634eb23f9a60b129e5577ece7aeba,466bfebb826c1b74657194518e899b3c206315abcf063fbed67abf835f76d75b,success,,512.0,512.0,512.0,False,,model_loaded,18.48535858199466,0.5429336390225217,0.21270800399361178,0.7556416430161335,0.7556416430161335,468,1331,23458,16790572,248320,"{""allowed_count"": 248068, ""expected_count"": 248068, ""missing_expected"": [], ""ok"": true, ""stop_token_ids"": [248044, 248046], ""unexpected_allowed"": []}",2.588876078953035,xgrammar,0.8705664080334827,3.426837660954334,211,65,64,"[760, 36157, 663, 314, 40134, 11, 15784, 279, 8601, 314, 3672, 11, 25193, 41012, 264, 7920, 16456, 2785, 279, 81817, 421, 2493, 5326, 2070, 21265, 310, 65230, 10642, 1495, 13, 11398, 903, 286, 1141, 4499, 11, 781, 7157, 3679, 1578, 20316, 279, 13437, 1414, 321, 18816, 310, 43510, 1141, 22857, 11, 3384, 279, 16337, 314, 47455, 10642, 35261, 1070, 4135, 440, 1680, 30713, 8578, 248046]","[760, 36157, 663, 314, 40134, 11, 15784, 279, 8601, 314, 3672, 11, 25193, 41012, 264, 7920, 16456, 2785, 279, 81817, 421, 2493, 5326, 2070, 21265, 310, 65230, 10642, 1495, 13, 11398, 903, 286, 1141, 4499, 11, 781, 7157, 3679, 1578, 20316, 279, 13437, 1414, 321, 18816, 310, 43510, 1141, 22857, 11, 3384, 279, 16337, 314, 47455, 10642, 35261, 1070, 4135, 440, 1680, 30713, 8578]",248046,"[248046, 248044]",248046,1,True,True,[1],"The vigilance of Isaac, alongside the efforts of others, gradually uncovered a hidden mechanism within the tome that might finally allow humanity to weave magic again. Discerning its potential, they spent several years studying the ancient text and attempting to replicate its secrets, though the difficulty of restoring magic tales themelves with such ambitious goals",True,3813127680,9.075468533032108
005_coauthor_kth_last_k9_t1_rep2,305,5,kth_last,9,1,2,65,11,670,2093612459,coauthor,5,2,coauthor:creative:240b61c1abc24288a19f6faa9909e719,0,cba1e102445c1f0d935e7ec2bad8b933862bd55564513f223aef94c4ca5c4f96,559dfdc56acf88b83d721b97badf9657b60eb93b4f13cb79958ef28011a0cdac,success,,512.0,512.0,512.0,False,,model_loaded,18.132313114998396,0.5295867800014094,0.3080364399938844,0.8376232199952938,0.8376232199952938,564,1621,28904,24806725,248320,"{""allowed_count"": 248068, ""expected_count"": 248068, ""missing_expected"": [], ""ok"": true, ""stop_token_ids"": [248044, 248046], ""unexpected_allowed"": []}",2.60968466399936,xgrammar,0.8281971630058251,3.265274126024451,174,65,64,"[4639, 2545, 46877, 35164, 12613, 279, 1132, 1254, 50139, 314, 279, 13437, 10642, 279, 1814, 995, 3397, 3750, 11, 321, 430, 4970, 430, 424, 53507, 11, 264, 381, 2549, 520, 314, 4649, 58145, 1083, 279, 7099, 314, 279, 8964, 13, 30720, 11, 279, 2695, 314, 38334, 33760, 1000, 381, 6945, 303, 264, 15706, 7346, 13, 23562, 680, 314, 279, 44141, 11, 279, 3616, 338, 248046]","[4639, 2545, 46877, 35164, 12613, 279, 1132, 1254, 50139, 314, 279, 13437, 10642, 279, 1814, 995, 3397, 3750, 11, 321, 430, 4970, 430, 424, 53507, 11, 264, 381, 2549, 520, 314, 4649, 58145, 1083, 279, 7099, 314, 279, 8964, 13, 30720, 11, 279, 2695, 314, 38334, 33760, 1000, 381, 6945, 303, 264, 15706, 7346, 13, 23562, 680, 314, 279, 44141, 11, 279, 3616, 338]",248046,"[248046, 248044]",248046,1,True,True,[1],"That little glowing orb contained the only remnant of the ancient magic the world had ever known, and as soon as it shattered, a beehive of energy erupted into the surface of the Earth. Soon, the cost of surviving civilization would be paid in a thousand forms. stepped out of the ruins, the girl g",True,3807471104,8.894684444996528
006_coauthor_kth_last_k11_t1_rep2,306,6,kth_last,11,1,2,65,13,754,1012588212,coauthor,6,2,coauthor:creative:2b34c5a6b1bd4256980b6a3e8ed3d196,0,b039a074994026b1931eba20729861a0242673412e460fd9cab193df0fd0baf9,1fad3f44bcc10b9783d3417a36de7f2b32a231e41174d1ad738f14727b8b9bc4,success,,512.0,512.0,512.0,False,,model_loaded,17.729831638978794,0.5294340169639327,0.2878410170087591,0.8172750339726917,0.8172750339726917,652,1887,34130,33525826,248320,"{""allowed_count"": 248068, ""expected_count"": 248068, ""missing_expected"": [], ""ok"": true, ""stop_token_ids"": [248044, 248046], ""unexpected_allowed"": []}",2.601225365011487,xgrammar,0.824721078039147,3.2634139180299826,253,65,64,"[1465, 94708, 13542, 1083, 1024, 3460, 430, 1292, 23716, 364, 264, 28811, 551, 2496, 10287, 310, 2873, 1384, 13, 9450, 507, 1495, 13, 2233, 11, 3655, 11, 1292, 90162, 4937, 2741, 743, 321, 24096, 449, 80442, 11, 21637, 279, 4574, 32833, 310, 542, 75265, 2017, 1083, 1024, 1066, 430, 551, 10287, 13, 561, 36616, 369, 4434, 321, 7807, 13, 4543, 551, 628, 2404, 1083, 248046]","[1465, 94708, 13542, 1083, 1024, 3460, 430, 1292, 23716, 364, 264, 28811, 551, 2496, 10287, 310, 2873, 1384, 13, 9450, 507, 1495, 13, 2233, 11, 3655, 11, 1292, 90162, 4937, 2741, 743, 321, 24096, 449, 80442, 11, 21637, 279, 4574, 32833, 310, 542, 75265, 2017, 1083, 1024, 1066, 430, 551, 10287, 13, 561, 36616, 369, 4434, 321, 7807, 13, 4543, 551, 628, 2404, 1083]",248046,"[248046, 248044]",248046,1,True,True,[1],"He melts perfectly into her face as she reaches for a hug he never intended to give him. Erase again. No, wait, she freezes mid-hug and raises an eyebrow, expecting the perfect stranger to shapeshift into her just as he intended. The discard is complete and finished. Now he can turn into",True,3814778880,8.906533048953861
007_coauthor_kth_last_k12_t1_rep2,307,7,kth_last,12,1,2,65,14,793,758370561,coauthor,7,2,coauthor:creative:95a0ce79d7ed4a77a0981c522b3deda7,0,9e73ca81b2b26757e1b23bf5e22a8075668adf3c80e449e5c856ebc9342860d7,146d6d4cb320be808005c7f0002e8962521be92191950543ae00988161753f1a,success,,512.0,512.0,512.0,False,,model_loaded,17.58376871404471,0.528964702039957,0.3213488020119257,0.8503135040518828,0.8503135040518828,693,2011,36569,38037247,248320,"{""allowed_count"": 248068, ""expected_count"": 248068, ""missing_expected"": [], ""ok"": true, ""stop_token_ids"": [248044, 248046], ""unexpected_allowed"": []}",2.597734668001067,xgrammar,0.8519966619787738,3.3323559089913033,108,65,64,"[760, 3516, 4042, 10782, 421, 424, 995, 20230, 1083, 264, 4610, 22149, 1332, 4858, 745, 29442, 383, 836, 1765, 11, 3154, 22328, 11656, 62611, 279, 26052, 314, 279, 34371, 11712, 13, 271, 22365, 11316, 1647, 1503, 279, 1228, 1660, 30, 635, 488, 1318, 728, 310, 2962, 440, 264, 18641, 39811, 11, 264, 3049, 20657, 6157, 11, 466, 264, 67481, 2044, 366, 30, 10838, 97, 248046]","[760, 3516, 4042, 10782, 421, 424, 995, 20230, 1083, 264, 4610, 22149, 1332, 4858, 745, 29442, 383, 836, 1765, 11, 3154, 22328, 11656, 62611, 279, 26052, 314, 279, 34371, 11712, 13, 271, 22365, 11316, 1647, 1503, 279, 1228, 1660, 30, 635, 488, 1318, 728, 310, 2962, 440, 264, 18641, 39811, 11, 264, 3049, 20657, 6157, 11, 466, 264, 67481, 2044, 366, 30, 10838, 97]",248046,"[248046, 248044]",248046,1,True,True,[1],"The United States discovered that it had fallen into a security trap where everyone else acted on their own, making cooperation impossible amidst the chaos of the renewed conflict.

Which sentence style does the test expect? do you want me to continue with a narrative continuation, a authoritative analysis, or a humorous retort? �",True,3800674816,8.972692254988942
008_coauthor_kth_last_k14_t1_rep2,308,8,kth_last,14,1,2,65,16,865,1158982087,coauthor,8,2,coauthor:creative:46be40f9d65c4a8f8d924ac992f81376,0,1ea36fac61fc83f440b6f6b29c61ad33eb975c795e31b9564eb6cff2b9ac1031,7eca27acad9a20bd09179448e89ee153c6815e4c5e80e3a0198085403533edf7,success,,512.0,512.0,512.0,False,,model_loaded,15.180035141005646,0.5228962950059213,0.31003833800787106,0.8329346330137923,0.8329346330137923,769,2241,41099,47157790,248320,"{""allowed_count"": 248068, ""expected_count"": 248068, ""missing_expected"": [], ""ok"": true, ""stop_token_ids"": [248044, 248046], ""unexpected_allowed"": []}",2.244825400004629,xgrammar,0.8218579179956578,3.287380870024208,121,65,64,"[11861, 11, 279, 11592, 3727, 310, 16821, 11, 24578, 310, 17591, 279, 31242, 440, 777, 78971, 321, 80241, 53231, 314, 6764, 5516, 28671, 321, 39978, 82, 13, 2190, 355, 689, 279, 25570, 383, 678, 1727, 716, 314, 30386, 430, 567, 60271, 2454, 279, 491, 6038, 494, 279, 22170, 13, 1061, 51777, 3878, 5891, 12861, 10175, 310, 12804, 18539, 24891, 1083, 279, 80172, 314, 11109, 248046]","[11861, 11, 279, 11592, 3727, 310, 16821, 11, 24578, 310, 17591, 279, 31242, 440, 777, 78971, 321, 80241, 53231, 314, 6764, 5516, 28671, 321, 39978, 82, 13, 2190, 355, 689, 279, 25570, 383, 678, 1727, 716, 314, 30386, 430, 567, 60271, 2454, 279, 491, 6038, 494, 279, 22170, 13, 1061, 51777, 3878, 5891, 12861, 10175, 310, 12804, 18539, 24891, 1083, 279, 80172, 314, 11109]",248046,"[248046, 248044]",248046,1,True,True,[1],"Then, the letters started to arrive, promising to rewrite the rankings with more nuanced and heartfelt evaluations of fatherhood barriers and breakthroughs. Indulge the ink on your next set of jokes as we eagerly await the new secret from the inbox. This seminar series offers exciting opportunities to explore deeper insights into the complexities of leadership",True,3801187328,8.493064618029166
009_coauthor_kth_last_k16_t1_rep2,309,9,kth_last,16,1,2,65,18,929,1132233823,coauthor,9,2,coauthor:creative:2b373ca5921e4e2c8114e20114f04de8,0,d33d3f1a0a9c48bd66bb6b191456a981b87ad0b3f61bd46296c0c7e6e58481ea,9d5fae5604bbe422a3a8029a93aa850610cb5b8b8ecc4fcd53c2ca22b0c5cfbc,success,,512.0,512.0,512.0,False,,model_loaded,15.141556009009946,0.4961093890015036,0.3330122079933062,0.8291215969948098,0.8291215969948098,837,2447,45165,56157121,248320,"{""allowed_count"": 248068, ""expected_count"": 248068, ""missing_expected"": [], ""ok"": true, ""stop_token_ids"": [248044, 248046], ""unexpected_allowed"": []}",2.204481146996841,xgrammar,0.8170714509906247,3.287541294004768,239,65,64,"[760, 18641, 364, 279, 1727, 41916, 30222, 2199, 13569, 5820, 310, 1432, 680, 383, 279, 2330, 4034, 11, 90493, 279, 1546, 1865, 15448, 314, 279, 4397, 494, 279, 3555, 2243, 13, 318, 8839, 25, 1061, 11316, 369, 70561, 45341, 430, 424, 3070, 914, 4936, 494, 279, 3766, 1414, 11385, 2752, 13, 6558, 579, 1380, 25, 328, 92382, 2614, 411, 37622, 11, 1292, 62062, 1083, 248046]","[760, 18641, 364, 279, 1727, 41916, 30222, 2199, 13569, 5820, 310, 1432, 680, 383, 279, 2330, 4034, 11, 90493, 279, 1546, 1865, 15448, 314, 279, 4397, 494, 279, 3555, 2243, 13, 318, 8839, 25, 1061, 11316, 369, 70561, 45341, 430, 424, 3070, 914, 4936, 494, 279, 3766, 1414, 11385, 2752, 13, 6558, 579, 1380, 25, 328, 92382, 2614, 411, 37622, 11, 1292, 62062, 1083]",248046,"[248046, 248044]",248046,1,True,True,[1],"The narrative for the next cyclical life slowly began to play out on the big screen, echoing the very real consequences of the death from the previous version. (Note: This sentence is logically flawed as it doesn't progress from the provided text bearably. Let's try: ""Immediately following this revelation, she sank into",True,3814227456,8.370746702014003
010_coauthor_kth_last_k17_t1_rep2,310,10,kth_last,17,1,2,65,19,958,1166507504,coauthor,10,2,coauthor:creative:af65522335f442adb473691320ba5f09,0,b38e62ffa410465d3db1d8def121b93392fbbd9b87085d2a1fa8390306bb4ab8,7b8a18d56cd35b57459303ee19ac65c5aeabb070a7b6abe79e96661248bce643,success,,512.0,512.0,512.0,False,,model_loaded,15.029075760976411,0.5265745819779113,0.355537751049269,0.8821123330271803,0.8821123330271803,868,2541,47024,60524497,248320,"{""allowed_count"": 248068, ""expected_count"": 248068, ""missing_expected"": [], ""ok"": true, ""stop_token_ids"": [248044, 248046], ""unexpected_allowed"": []}",2.2314087679842487,xgrammar,0.8172392079723068,3.317108391027432,312,65,64,"[623, 1965, 310, 678, 30933, 11, 279, 11307, 77522, 77980, 7602, 678, 4610, 10207, 321, 264, 1248, 86179, 23538, 314, 279, 6079, 11, 9708, 310, 2962, 836, 10725, 4257, 8601, 1172, 279, 80193, 314, 6286, 8649, 31324, 13, 271, 10883, 11, 279, 67056, 303, 8100, 11690, 11, 5138, 56264, 26817, 2785, 279, 34606, 11, 321, 279, 2250, 4514, 854, 3798, 383, 279, 6884, 8305, 248046]","[623, 1965, 310, 678, 30933, 11, 279, 11307, 77522, 77980, 7602, 678, 4610, 10207, 321, 264, 1248, 86179, 23538, 314, 279, 6079, 11, 9708, 310, 2962, 836, 10725, 4257, 8601, 1172, 279, 80193, 314, 6286, 8649, 31324, 13, 271, 10883, 11, 279, 67056, 303, 8100, 11690, 11, 5138, 56264, 26817, 2785, 279, 34606, 11, 321, 279, 2250, 4514, 854, 3798, 383, 279, 6884, 8305]",248046,"[248046, 248044]",248046,1,True,True,[1],"In response to your frustration, the negotiators politely reject your security concerns and a long-awaited suspension of the military, offering to continue their rapid development efforts under the guise of international peacekeeping.

However, the uprising in Russia begins, internal unrest grows within the Coalition, and the three-year time limit on the Obama administration",True,3821987328,8.522483732027467
011_coauthor_kth_last_k19_t1_rep2,311,11,kth_last,19,1,2,65,21,1010,1264282280,coauthor,11,2,coauthor:creative:3a2ebf0908de4181a06d27b93f0ac07c,0,f4a825b9630589109db1ffe9b1f61e52e7126882def8ae5daead25585c373423,490d7b7c0e33b8c429ddaee6ad49164f8141420129cb4db3386d2022d08ec020,success,,512.0,512.0,512.0,False,,model_loaded,15.190662648004945,0.5635170319583267,0.3576714950031601,0.9211885269614868,0.9211885269614868,924,2711,50394,68838430,248320,"{""allowed_count"": 248068, ""expected_count"": 248068, ""missing_expected"": [], ""ok"": true, ""stop_token_ids"": [248044, 248046], ""unexpected_allowed"": []}",2.221760745975189,xgrammar,0.8591168869752437,3.3597131150308996,305,65,64,"[6651, 6426, 310, 4565, 7920, 23221, 279, 4362, 83389, 1345, 279, 40344, 19404, 14936, 47733, 888, 836, 14208, 13, 271, 13784, 11, 279, 1727, 11316, 3749, 310, 1732, 19214, 37557, 494, 348, 44564, 5759, 19315, 561, 3555, 11316, 33194, 2972, 6066, 332, 55958, 73879, 3181, 5758, 1884, 321, 40344, 19404, 332, 553, 14833, 11, 279, 39811, 1902, 7276, 6611, 491, 11, 2972, 6066, 332, 248046]","[6651, 6426, 310, 4565, 7920, 23221, 279, 4362, 83389, 1345, 279, 40344, 19404, 14936, 47733, 888, 836, 14208, 13, 271, 13784, 11, 279, 1727, 11316, 3749, 310, 1732, 19214, 37557, 494, 348, 44564, 5759, 19315, 561, 3555, 11316, 33194, 2972, 6066, 332, 55958, 73879, 3181, 5758, 1884, 321, 40344, 19404, 332, 553, 14833, 11, 279, 39811, 1902, 7276, 6611, 491, 11, 2972, 6066, 332]",248046,"[248046, 248044]",248046,1,True,True,[1],"They decided to stay hidden beneath the pyramids while the sphinx watched silently over their heads.

Wait, the next sentence needs to follow logical deduction from *parallel structure*. The previous sentence discusses **hidden** statues (**py dropground and sphinx**). Therefore, the continuation must describe creating new, **hidden**",True,3821627904,8.645880343043245
012_coauthor_kth_last_k20_t1_rep2,312,12,kth_last,20,1,2,65,22,1033,1744230690,coauthor,12,2,coauthor:creative:126ae6528ba141a58f932a3ed097b47e,0,406011f36d5bf12f680029462a126a042731f0a5b1c1333bb52cff8d4df984ac,35ee131bddc9f9a98b41b11af6ffae42bcdb9aba9351f397d80117c7721a9583,success,,512.0,512.0,512.0,False,,model_loaded,15.3809909580159,0.5521559519693255,0.3991265849908814,0.9512825369602069,0.9512825369602069,949,2787,51905,72728467,248320,"{""allowed_count"": 248068, ""expected_count"": 248068, ""missing_expected"": [], ""ok"": true, ""stop_token_ids"": [248044, 248046], ""unexpected_allowed"": []}",2.3184552650200203,xgrammar,0.8227953679743223,3.343191772000864,351,65,64,"[31929, 682, 836, 1765, 1560, 314, 59895, 440, 411, 29616, 6331, 11, 23245, 494, 11190, 958, 314, 7361, 79038, 310, 8996, 491, 61169, 421, 2113, 836, 3838, 506, 13813, 13, 1921, 430, 2756, 6316, 1083, 5381, 11, 4858, 9047, 310, 4191, 279, 1788, 15268, 82307, 364, 1438, 11, 8755, 279, 47643, 13861, 25027, 424, 995, 4284, 383, 8259, 2094, 279, 23170, 13, 52193, 11, 248046]","[31929, 682, 836, 1765, 1560, 314, 59895, 440, 411, 29616, 6331, 11, 23245, 494, 11190, 958, 314, 7361, 79038, 310, 8996, 491, 61169, 421, 2113, 836, 3838, 506, 13813, 13, 1921, 430, 2756, 6316, 1083, 5381, 11, 4858, 9047, 310, 4191, 279, 1788, 15268, 82307, 364, 1438, 11, 8755, 279, 47643, 13861, 25027, 424, 995, 4284, 383, 8259, 2094, 279, 23170, 13, 52193, 11]",248046,"[248046, 248044]",248046,1,True,True,[1],"Everyone has their own way of coping with this confusing situation, ranging from creative use of internet hashtags to finding new hobbies that put their mind at ease. But as days turned into weeks, everyone seemed to share the same cry counselors for help, showing the tangible emotional toll it had taken on families around the globe. Ultimately,",True,3828200448,8.715176446014084
013_coauthor_kth_last_k22_t1_rep2,313,13,kth_last,22,1,2,65,24,1073,562047961,coauthor,13,2,coauthor:creative:dcf41dcfdb0e4a98949063447b455792,0,e160c7e579ded04fba368ca890663ac057a491dfee517c78bdcb6015ec413df6,1784210c597800672e4f5638f14c9e998ee7ac3b296e40935d8cf8bb2594afad,success,,512.0,512.0,512.0,False,,model_loaded,14.719877947994974,0.5017713129636832,0.37048327503725886,0.872254588000942,0.872254588000942,993,2921,54579,79848322,248320,"{""allowed_count"": 248068, ""expected_count"": 248068, ""missing_expected"": [], ""ok"": true, ""stop_token_ids"": [248044, 248046], ""unexpected_allowed"": []}",2.217593331995886,xgrammar,0.8223815039964393,3.2777843899675645,106,65,64,"[760, 220, 19, 21, 337, 2201, 4642, 15959, 539, 632, 2311, 2319, 9407, 780, 1575, 321, 5122, 279, 8582, 314, 6340, 494, 80426, 1142, 310, 279, 85275, 12039, 1332, 551, 8209, 13, 561, 855, 9799, 1384, 1381, 11, 264, 4588, 20513, 321, 10183, 17316, 494, 26195, 11, 5326, 14607, 424, 557, 888, 2166, 6103, 13, 328, 2523, 2224, 5418, 1288, 279, 10183, 17316, 1018, 248046]","[760, 220, 19, 21, 337, 2201, 4642, 15959, 539, 632, 2311, 2319, 9407, 780, 1575, 321, 5122, 279, 8582, 314, 6340, 494, 80426, 1142, 310, 279, 85275, 12039, 1332, 551, 8209, 13, 561, 855, 9799, 1384, 1381, 11, 264, 4588, 20513, 321, 10183, 17316, 494, 26195, 11, 5326, 14607, 424, 557, 888, 2166, 6103, 13, 328, 2523, 2224, 5418, 1288, 279, 10183, 17316, 1018]",248046,"[248046, 248044]",248046,1,True,True,[2],"The 46th US President responded by unscrambling his well and reading the trail of blood from JFK back to the crumbling estate where he died. The man watching him now, a former silence and chairbuilder from Queens, finally realized it was over too slow. ""You're dead,"" the chairbuilder said",True,3800596992,8.434523108997382
014_coauthor_kth_last_k24_t1_rep2,314,14,kth_last,24,1,2,65,26,1105,662853668,coauthor,14,2,coauthor:creative:e318e17b6c344ab0978c44c9cfe1ae82,0,23861d33b4121af3aa2b957b12ab879986f4f418f1f1855fc3e9faf0bfe0e324,4755dcf42f777601d8aa5739a2b2fb435b03bfebab32166ce3f0f74e69306921,success,,512.0,512.0,512.0,False,,model_loaded,15.097517143993173,0.560066255973652,0.4187641709577292,0.9788304269313812,0.9788304269313812,1029,3031,56789,85942645,248320,"{""allowed_count"": 248068, ""expected_count"": 248068, ""missing_expected"": [], ""ok"": true, ""stop_token_ids"": [248044, 248046], ""unexpected_allowed"": []}",2.2357666330062784,xgrammar,0.8507677660090849,3.2433656309731305,305,65,64,"[19604, 321, 11059, 599, 9734, 836, 5902, 3626, 321, 5416, 79, 2112, 836, 2199, 18413, 748, 421, 948, 781, 38198, 1440, 3023, 11, 279, 17820, 321, 18352, 314, 279, 3555, 1330, 21116, 668, 381, 32471, 20359, 13, 4994, 888, 220, 18839, 13282, 11, 799, 1902, 14838, 421, 781, 513, 279, 53088, 314, 279, 3725, 1345, 279, 14229, 9191, 8198, 2166, 3777, 310, 6999, 55372, 248046]","[19604, 321, 11059, 599, 9734, 836, 5902, 3626, 321, 5416, 79, 2112, 836, 2199, 18413, 748, 421, 948, 781, 38198, 1440, 3023, 11, 279, 17820, 321, 18352, 314, 279, 3555, 1330, 21116, 668, 381, 32471, 20359, 13, 4994, 888, 220, 18839, 13282, 11, 799, 1902, 14838, 421, 781, 513, 279, 53088, 314, 279, 3725, 1345, 279, 14229, 9191, 8198, 2166, 3777, 310, 6999, 55372]",248046,"[248046, 248044]",248046,1,True,True,[1],"Tim and Jim have prepared their safe house and stockpiled their life savings so that when they inevitably pass away, the lessons and memories of the previous two generations will be preserved safely. America over  staying alive, one must recognize that they are the architects of the future while the younger generation remains too young to fully comprehend",True,3821627904,8.534680196957197
015_coauthor_kth_last_k25_t1_rep2,315,15,kth_last,25,1,2,65,27,1118,524470009,coauthor,15,2,coauthor:creative:be2644ed7bc34c438c36bf80db400c9c,0,e36b4817cd023622fb430a8deeccc83aaa21f272a29ed6a9469247c216eb1ddb,6743e5b3052d9446371b6f2b966308f40240db167db440889a3e4b7e4fb85262,success,,512.0,512.0,512.0,False,,model_loaded,14.793128080025781,0.5313017080188729,0.4044725849526003,0.9357742929714732,0.9357742929714732,1044,3077,57720,88558237,248320,"{""allowed_count"": 248068, ""expected_count"": 248068, ""missing_expected"": [], ""ok"": true, ""stop_token_ids"": [248044, 248046], ""unexpected_allowed"": []}",2.1723452800069936,xgrammar,0.8228694220306352,3.3111032270244323,326,65,64,"[7525, 90300, 30246, 12846, 421, 678, 24086, 369, 23218, 449, 23064, 24024, 4732, 13094, 854, 13, 14691, 26281, 8396, 3428, 12077, 264, 20340, 314, 10439, 321, 264, 7578, 26281, 5357, 314, 33739, 4598, 1056, 20684, 13, 1577, 488, 3609, 18018, 4602, 321, 15513, 54705, 3512, 7783, 11, 781, 2714, 2599, 1040, 264, 1420, 321, 777, 1040, 449, 29265, 47364, 421, 682, 2496, 978, 6999, 248044]","[7525, 90300, 30246, 12846, 421, 678, 24086, 369, 23218, 449, 23064, 24024, 4732, 13094, 854, 13, 14691, 26281, 8396, 3428, 12077, 264, 20340, 314, 10439, 321, 264, 7578, 26281, 5357, 314, 33739, 4598, 1056, 20684, 13, 1577, 488, 3609, 18018, 4602, 321, 15513, 54705, 3512, 7783, 11, 781, 2714, 2599, 1040, 264, 1420, 321, 777, 1040, 449, 29265, 47364, 421, 682, 2496, 978, 6999]",248046,"[248046, 248044]",248044,1,True,True,[1],"Your newfound clarity suggests that your consciousness is exploring an infinite timeline outside linear time. Such profound understanding often brings a mixture of shock and a growing profound sense of appreciation rather than confusion. As you watch answered questions and understood mysteries become obvious, they seem less like a show and more like an inevitable continuity that has never been fully",True,3826911232,8.48366349103162
016_coauthor_kth_last_k27_t1_rep2,316,16,kth_last,27,1,2,65,29,1138,1854559605,coauthor,16,2,coauthor:creative:4542a8d2310247d1917ff1c79ac6171f,0,9190e19727118748a826b15fe5976323f108caa14a610b76298b34d6a1928108,cded86ab9bcec4292b62f99560ac3e274968c97898eee6ed67c9b9df13b9e5e8,success,,512.0,512.0,512.0,False,,model_loaded,15.583219727966934,0.5329873720183969,0.4424780350527726,0.9754654070711695,0.9754654070711695,1068,3151,59234,92849722,248320,"{""allowed_count"": 248068, ""expected_count"": 248068, ""missing_expected"": [], ""ok"": true, ""stop_token_ids"": [248044, 248046], ""unexpected_allowed"": []}",2.263434952008538,xgrammar,0.8541786019923165,3.297902164980769,225,65,64,"[2523, 10724, 421, 264, 17003, 16618, 4816, 1040, 264, 15721, 21419, 11, 748, 488, 88239, 4570, 264, 2526, 37933, 494, 678, 18547, 8574, 279, 25158, 321, 20825, 678, 14181, 310, 3921, 424, 13, 328, 40, 3108, 488, 16856, 10771, 310, 381, 10184, 1381, 1288, 488, 9559, 35102, 13, 561, 35997, 82868, 4937, 36292, 11, 21143, 539, 279, 9982, 11, 1518, 54090, 286, 1441, 47733, 248046]","[2523, 10724, 421, 264, 17003, 16618, 4816, 1040, 264, 15721, 21419, 11, 748, 488, 88239, 4570, 264, 2526, 37933, 494, 678, 18547, 8574, 279, 25158, 321, 20825, 678, 14181, 310, 3921, 424, 13, 328, 40, 3108, 488, 16856, 10771, 310, 381, 10184, 1381, 1288, 488, 9559, 35102, 13, 561, 35997, 82868, 4937, 36292, 11, 21143, 539, 279, 9982, 11, 1518, 54090, 286, 1441, 47733]",248046,"[248046, 248044]",248046,1,True,True,[1],"You calculate that a mere inch seems like a vital barrier, so you cautiously lower a small dagger from your belt toward the insect and announce your intention to remove it. ""I command you unlikely appearance to be stopped now,"" you reply formally. The bee pauses mid-air, confused by the weapon, before darting down silently",True,3813679104,8.636561402992811
017_coauthor_kth_last_k29_t1_rep2,317,17,kth_last,29,1,2,65,31,1150,1293793450,coauthor,17,2,coauthor:creative:2498ee9c53db4a8ea651ea2b95501ef4,0,cb7f02ff0c3a663ad6836e37a75a22867e6d289fa51467dc7e0fc218760d181c,8e0cc901a184f02019d408677f4d922335551915e8ebb82519c342218ff79bac,success,,512.0,512.0,512.0,False,,model_loaded,15.235020607011393,0.506293265032582,0.44153489696327597,0.947828161995858,0.947828161995858,1084,3201,60284,95809435,248320,"{""allowed_count"": 248068, ""expected_count"": 248068, ""missing_expected"": [], ""ok"": true, ""stop_token_ids"": [248044, 248046], ""unexpected_allowed"": []}",2.154550773964729,xgrammar,0.8278860520222224,3.321123489004094,331,65,64,"[623, 264, 4766, 314, 854, 11, 279, 29310, 314, 31347, 1578, 6316, 1083, 264, 20117, 4092, 364, 3567, 18204, 11, 10377, 279, 6777, 310, 39523, 1973, 279, 37296, 314, 3521, 10391, 1345, 279, 2645, 314, 24171, 3808, 279, 1814, 2962, 836, 50240, 17323, 13, 4213, 11, 3712, 682, 2394, 16134, 421, 411, 1752, 310, 29310, 18089, 2944, 2599, 9475, 1056, 14661, 28148, 11, 24123, 248046]","[623, 264, 4766, 314, 854, 11, 279, 29310, 314, 31347, 1578, 6316, 1083, 264, 20117, 4092, 364, 3567, 18204, 11, 10377, 279, 6777, 310, 39523, 1973, 279, 37296, 314, 3521, 10391, 1345, 279, 2645, 314, 24171, 3808, 279, 1814, 2962, 836, 50240, 17323, 13, 4213, 11, 3712, 682, 2394, 16134, 421, 411, 1752, 310, 29310, 18089, 2944, 2599, 9475, 1056, 14661, 28148, 11, 24123]",248046,"[248046, 248044]",248046,1,True,True,[1],"In a matter of time, the isolation of fifty years turned into a golden age for American innovation, allowing the nation to thrive without the friction of global competition while the rest of developments across the world continue their chaotic pace. However, history has since proven that this path to isolation proved far less secure than initially anticipated, forcing",True,3827168768,8.486153960984666
018_coauthor_kth_last_k30_t1_rep2,318,18,kth_last,30,1,2,65,32,1153,2043818745,coauthor,18,2,coauthor:creative:112e8b0e22094577ae3e513d70f78432,0,9420da01fe49db36dbc2792e43c28cf90a55094249337ebcd22426c6bef9fc17,bc5f46f14e7a7dfc687f39cea10dc9cd6bec426f8daeafb701e53bd4c1ccbd81,success,,512.0,512.0,512.0,False,,model_loaded,15.132413208018988,0.5071570239961147,0.43660673999693245,0.9437637639930472,0.9437637639930472,1089,3217,60635,96767782,248320,"{""allowed_count"": 248068, ""expected_count"": 248068, ""missing_expected"": [], ""ok"": true, ""stop_token_ids"": [248044, 248046], ""unexpected_allowed"": []}",2.263668700994458,xgrammar,0.8308830630267039,3.2694493160233833,229,65,64,"[31318, 5964, 1669, 264, 53967, 795, 14419, 7239, 310, 23748, 279, 4581, 1324, 314, 660, 279, 393, 16, 1, 31448, 295, 12914, 321, 7544, 21478, 780, 49755, 310, 2940, 328, 9833, 13190, 38996, 1149, 12967, 13, 10838, 98, 224, 72790, 226, 271, 9, 623, 411, 3255, 1017, 557, 264, 17230, 6725, 13853, 321, 799, 1834, 1345, 551, 557, 15687, 10482, 11, 551, 13293, 2414, 248046]","[31318, 5964, 1669, 264, 53967, 795, 14419, 7239, 310, 23748, 279, 4581, 1324, 314, 660, 279, 393, 16, 1, 31448, 295, 12914, 321, 7544, 21478, 780, 49755, 310, 2940, 328, 9833, 13190, 38996, 1149, 12967, 13, 10838, 98, 224, 72790, 226, 271, 9, 623, 411, 3255, 1017, 557, 264, 17230, 6725, 13853, 321, 799, 1834, 1345, 551, 557, 15687, 10482, 11, 551, 13293, 2414]",248046,"[248046, 248044]",248046,1,True,True,[1],"Bob quickly found a reputable data tracking firm to locate the exact number of all the $1"" Dad mugs and successfully convinced his mug to display ""World Record Holder."" afternoon. 🥂😄

*In this story there was a dad named Bob and one day while he was drinking coffee, he noticed something",True,3813835776,8.546804090030491
019_coauthor_kth_last_k32_t1_rep2,319,19,kth_last,32,1,2,65,34,1153,163077706,coauthor,19,2,coauthor:creative:adac0650634f4228bdd483b8ce1f52ea,0,7dfe41fdb943527e19a19aa9de2e9b8bb64eb1f2f8ff02499f6b08c961b6c303,c947c4ef58d051852aa9c83346d6624f931c7fb6377bc2b06cb63a18de600c98,success,,512.0,512.0,512.0,False,,model_loaded,15.309779968985822,0.6283400289830752,0.4096629510167986,1.0380029799998738,1.0380029799998738,1093,3231,60989,97614697,248320,"{""allowed_count"": 248068, ""expected_count"": 248068, ""missing_expected"": [], ""ok"": true, ""stop_token_ids"": [248044, 248046], ""unexpected_allowed"": []}",2.190510737011209,xgrammar,0.9006856499472633,3.3444183579995297,280,65,64,"[52594, 2843, 11, 1292, 10144, 279, 7793, 310, 1024, 9677, 11, 321, 551, 8632, 1024, 1024, 3889, 9761, 430, 264, 7932, 314, 1254, 69138, 13, 12908, 5054, 30111, 279, 3255, 321, 15513, 11120, 314, 4184, 852, 39277, 310, 4054, 279, 1752, 421, 11177, 310, 4593, 8689, 13, 1061, 22557, 314, 61822, 321, 53113, 5924, 264, 29588, 25680, 314, 1092, 1865, 2854, 3254, 11, 40116, 248044]","[52594, 2843, 11, 1292, 10144, 279, 7793, 310, 1024, 9677, 11, 321, 551, 8632, 1024, 1024, 3889, 9761, 430, 264, 7932, 314, 1254, 69138, 13, 12908, 5054, 30111, 279, 3255, 321, 15513, 11120, 314, 4184, 852, 39277, 310, 4054, 279, 1752, 421, 11177, 310, 4593, 8689, 13, 1061, 22557, 314, 61822, 321, 53113, 5924, 264, 29588, 25680, 314, 1092, 1865, 2854, 3254, 11, 40116]",248046,"[248046, 248044]",248044,1,True,True,[1],"Years later, she revealed the truth to her husband, and he offered her her original ring as a gift of remembrance. Another woman recalled the story and understood experiences of someone who refuses to accept the path that leads to heartbreak. This tale of disguise and resilience became a touching reminder of what real love means, transc",True,3820335616,8.756501069990918
020_coauthor_kth_last_k33_t1_rep2,320,20,kth_last,33,1,2,65,35,1150,1531523898,coauthor,20,2,coauthor:creative:40d132e1bc0146c0920d7b38c5b9f7c7,0,dc4d42365be3f544c60db92d2cacc7c290764b78a9eacb7d84b37498abb000a3,b53dd59101d69d8f4203ed79feaa27776e8822fa634857d4e8943e5314fb4570,success,,512.0,512.0,512.0,False,,model_loaded,18.57505941297859,0.5524244689731859,0.5208149189711548,1.0732393879443407,1.0732393879443407,1092,3229,60992,97498546,248320,"{""allowed_count"": 248068, ""expected_count"": 248068, ""missing_expected"": [], ""ok"": true, ""stop_token_ids"": [248044, 248046], ""unexpected_allowed"": []}",2.413913019001484,xgrammar,0.8686700329999439,3.321271222026553,108,65,64,"[1465, 682, 264, 6552, 9207, 506, 2046, 310, 2426, 3627, 314, 424, 11, 3482, 1292, 2496, 15175, 424, 11, 9101, 1024, 21478, 1292, 369, 279, 4752, 2854, 1292, 1007, 4268, 364, 4275, 314, 44539, 13, 2838, 579, 39306, 421, 1292, 579, 3404, 978, 4765, 279, 1788, 7177, 888, 321, 888, 26, 264, 542, 75265, 36452, 852, 579, 20230, 364, 1024, 11, 321, 369, 3529, 248046]","[1465, 682, 264, 6552, 9207, 506, 2046, 310, 2426, 3627, 314, 424, 11, 3482, 1292, 2496, 15175, 424, 11, 9101, 1024, 21478, 1292, 369, 279, 4752, 2854, 1292, 1007, 4268, 364, 4275, 314, 44539, 13, 2838, 579, 39306, 421, 1292, 579, 3404, 978, 4765, 279, 1788, 7177, 888, 321, 888, 26, 264, 542, 75265, 36452, 852, 579, 20230, 364, 1024, 11, 321, 369, 3529]",248046,"[248046, 248044]",248046,1,True,True,[1],"He has a huge chart at home to keep track of it, yet she never sees it, leaving her convinced she is the unique love she yearns for features of destiny. She's unaware that she's actually been dating the same guy over and over; a shapeshifter who's fallen for her, and is certain",True,3800674816,9.02261180599453
021_coauthor_kth_last_k35_t1_rep2,321,21,kth_last,35,1,2,65,37,1138,515461096,coauthor,21,2,coauthor:creative:b322b1fa853a485b9d03d790d51af585,0,0b033c0eb549852db174ea741cf664938a73158ee8ba6dc8a1a7ee9be3b0dcf2,c0c932f2d5f1def001fbf48b8471ad5b27eec7da38082700d4905fbfdbbe5fbe,success,,512.0,512.0,512.0,False,,model_loaded,18.44432443799451,0.5526422889670357,0.495232051005587,1.0478743399726227,1.0478743399726227,1084,3207,60650,96190333,248320,"{""allowed_count"": 248068, ""expected_count"": 248068, ""missing_expected"": [], ""ok"": true, ""stop_token_ids"": [248044, 248046], ""unexpected_allowed"": []}",2.4677054039784707,xgrammar,0.8276846029912122,3.3111050160368904,558,65,64,"[6820, 2858, 310, 1436, 678, 1765, 20117, 5888, 18176, 680, 8574, 279, 8153, 11, 46877, 6574, 314, 678, 48078, 11, 488, 5326, 23868, 421, 1345, 488, 19839, 364, 264, 65633, 6086, 4397, 11, 8649, 369, 1669, 303, 3221, 4487, 310, 279, 2756, 8047, 4598, 1056, 8318, 364, 279, 29265, 809, 13, 1541, 748, 11, 1172, 279, 292, 27155, 4340, 12515, 314, 854, 11, 488, 248044]","[6820, 2858, 310, 1436, 678, 1765, 20117, 5888, 18176, 680, 8574, 279, 8153, 11, 46877, 6574, 314, 678, 48078, 11, 488, 5326, 23868, 421, 1345, 488, 19839, 364, 264, 65633, 6086, 4397, 11, 8649, 369, 1669, 303, 3221, 4487, 310, 279, 2756, 8047, 4598, 1056, 8318, 364, 279, 29265, 809, 13, 1541, 748, 11, 1172, 279, 292, 27155, 4340, 12515, 314, 854, 11, 488]",248046,"[248046, 248044]",248044,1,True,True,[1],"Now able to see your own golden hands reaching out toward the soft, glowing skin of your grandchildren, you finally acknowledge that while you fought for a regrets-old death, peace is found in looking forward to the days ahead rather than waiting for the inevitable end. And so, under the bittersweet sky of time, you",True,3851486720,9.012183225015178
022_coauthor_kth_last_k37_t1_rep2,322,22,kth_last,37,1,2,65,39,1118,1655160903,coauthor,22,2,coauthor:creative:635b514b259d47f2b474189aeea5e5c0,0,b6aeff2ba510577cf1c88add8b0d8118d88ae96323ce4d7225c1f98530143ede,ae85770eb89ec808e7af6988bb0dc24a60a07e346aadfa777759080b3b260a79,success,,512.0,512.0,512.0,False,,model_loaded,18.588569054962136,0.5409483329858631,0.5013480889610946,1.0422964219469577,1.0422964219469577,1068,3161,59844,93475292,248320,"{""allowed_count"": 248068, ""expected_count"": 248068, ""missing_expected"": [], ""ok"": true, ""stop_token_ids"": [248044, 248046], ""unexpected_allowed"": []}",2.4469645540229976,xgrammar,0.85045785701368,3.297418344009202,261,65,64,"[40, 15532, 303, 8855, 11, 17280, 421, 413, 2957, 353, 5532, 914, 47193, 11, 6970, 421, 579, 1521, 353, 2688, 1324, 799, 13, 321, 948, 353, 1353, 60533, 11, 353, 12706, 1292, 369, 279, 1132, 799, 852, 628, 1990, 10000, 10189, 19150, 8552, 279, 30538, 6331, 13, 328, 40, 1683, 488, 2224, 3604, 6699, 11, 14677, 1288, 353, 86950, 1024, 430, 353, 1925, 821, 248046]","[40, 15532, 303, 8855, 11, 17280, 421, 413, 2957, 353, 5532, 914, 47193, 11, 6970, 421, 579, 1521, 353, 2688, 1324, 799, 13, 321, 948, 353, 1353, 60533, 11, 353, 12706, 1292, 369, 279, 1132, 799, 852, 628, 1990, 10000, 10189, 19150, 8552, 279, 30538, 6331, 13, 328, 40, 1683, 488, 2224, 3604, 6699, 11, 14677, 1288, 353, 86950, 1024, 430, 353, 1925, 821]",248046,"[248046, 248044]",248046,1,True,True,[1],"I nod in agreement, worried that if once I wasn't numbered, maybe that's because I'm number one. and when I look fetal, I realize she is the only one who can still maintain mental stability despite the absurd situation. ""I think you're doing fine, Daniel,"" I reassure her as I place my",True,3819356160,9.016389814962167
023_coauthor_kth_last_k38_t1_rep2,323,23,kth_last,38,1,2,65,40,1105,1521807441,coauthor,23,2,coauthor:creative:dca80ac7cfd148638a9c0f4b027f720a,0,83d9fa8ce0caffe94d3ae215d76e3660cb4b031b4978f31716b1809aa7fba56c,f35c0c7361e84494a8606cf52c15de8c8a66e3956f95c9a7ae22823d6bad02af,success,,512.0,512.0,512.0,False,,model_loaded,18.255647465994116,0.5488773519755341,0.5165198919712566,1.0653972439467907,1.0653972439467907,1057,3129,59267,91608076,248320,"{""allowed_count"": 248068, ""expected_count"": 248068, ""missing_expected"": [], ""ok"": true, ""stop_token_ids"": [248044, 248046], ""unexpected_allowed"": []}",2.465362390037626,xgrammar,0.8495165039785206,3.305799655034207,106,65,64,"[2523, 3608, 685, 279, 4392, 11, 694, 424, 31966, 488, 5774, 310, 264, 56540, 11, 23772, 7497, 314, 678, 3200, 20129, 13, 328, 40, 628, 914, 12405, 488, 866, 777, 1056, 488, 3608, 728, 11, 19231, 488, 874, 4766, 1204, 7597, 15025, 1149, 561, 1500, 14663, 974, 1518, 866, 4473, 40719, 369, 8632, 11, 9101, 488, 35556, 506, 279, 27749, 310, 4992, 279, 3725, 248046]","[2523, 3608, 685, 279, 4392, 11, 694, 424, 31966, 488, 5774, 310, 264, 56540, 11, 23772, 7497, 314, 678, 3200, 20129, 13, 328, 40, 628, 914, 12405, 488, 866, 777, 1056, 488, 3608, 728, 11, 19231, 488, 874, 4766, 1204, 7597, 15025, 1149, 561, 1500, 14663, 974, 1518, 866, 4473, 40719, 369, 8632, 11, 9101, 488, 35556, 506, 279, 27749, 310, 4992, 279, 3725]",248046,"[248046, 248044]",248046,1,True,True,[1],"You pick up the phone, but it connects you directly to a fading, forgotten voice of your late rival. ""I can't picked you any more than you pick me, unlike you no matter how machinated."" The line cuts off before any further greeting is offered, leaving you staring at the invitation to choose the future",True,3800596992,9.010708287009038
024_coauthor_kth_last_k40_t1_rep2,324,24,kth_last,40,1,2,65,42,1073,1111247047,coauthor,24,2,coauthor:creative:8db452c23eba4955b778ef8e1f992d40,0,4631da61bf54ee02f9f15f1e4d5a1a2a1009f83ed2686d1d718f88a04e688253,70144149414eeea8110eaf4cf6759d89f3a5ae8b14a347164a7af6cbf1e4807d,success,,512.0,512.0,512.0,False,,model_loaded,15.551144404977094,0.5015150959952734,0.3947266160394065,0.89624171203468,0.89624171203468,1029,3047,57765,86907413,248320,"{""allowed_count"": 248068, ""expected_count"": 248068, ""missing_expected"": [], ""ok"": true, ""stop_token_ids"": [248044, 248046], ""unexpected_allowed"": []}",2.313410503033083,xgrammar,0.805251371988561,3.671627406962216,110,65,64,"[10883, 11, 411, 47077, 10583, 1070, 70939, 303, 54051, 3712, 1345, 11391, 2094, 279, 23170, 2962, 310, 3756, 303, 264, 1814, 314, 29310, 13, 3909, 286, 310, 4777, 12816, 264, 30437, 83015, 25423, 310, 279, 24024, 4370, 314, 14333, 1235, 854, 13, 1946, 8623, 854, 24660, 11, 781, 1902, 11290, 279, 49491, 314, 13094, 4936, 1332, 799, 1637, 1902, 3166, 10281, 1056, 2361, 13, 248046]","[10883, 11, 411, 47077, 10583, 1070, 70939, 303, 54051, 3712, 1345, 11391, 2094, 279, 23170, 2962, 310, 3756, 303, 264, 1814, 314, 29310, 13, 3909, 286, 310, 4777, 12816, 264, 30437, 83015, 25423, 310, 279, 24024, 4370, 314, 14333, 1235, 854, 13, 1946, 8623, 854, 24660, 11, 781, 1902, 11290, 279, 49491, 314, 13094, 4936, 1332, 799, 1637, 1902, 3166, 10281, 1056, 2361, 13]",248046,"[248046, 248044]",248046,1,True,True,[1],"However, this realization leaves them drowning in meaningless history while millions around the globe continue to live in a world of isolation. electing to simply grant a leapfrog correction to the timeline instead of halting time. To restrict time strictly, they must solve the paradox of linear progress where one person must move faster than another.",True,3800753664,8.949296550999861
025_coauthor_kth_last_k42_t1_rep2,325,25,kth_last,42,1,2,65,44,1033,607621670,coauthor,25,2,coauthor:creative:c99f8c2465da42cc91498fd9d99e360b,0,69b62a9b80cb1865a1ef2dc9bbba4a29aca5d045f1e3f8dfcf81a18360480f7b,f9e0090d9a66a26c9ce6be1df075ef2ee86874ce92e23cda0f36966d2889149c,success,,512.0,512.0,512.0,False,,model_loaded,15.770306810038164,0.5005377160268836,0.3770208269706927,0.8775585429975763,0.8775585429975763,993,2941,55799,81012562,248320,"{""allowed_count"": 248068, ""expected_count"": 248068, ""missing_expected"": [], ""ok"": true, ""stop_token_ids"": [248044, 248046], ""unexpected_allowed"": []}",2.5231206610333174,xgrammar,0.8166964830015786,3.4245066209696233,232,65,64,"[12777, 430, 279, 1016, 565, 334, 8054, 87488, 18884, 279, 22869, 364, 264, 27827, 8649, 11, 279, 1814, 4732, 279, 3516, 4042, 44562, 1680, 44367, 11, 33818, 11, 321, 18654, 421, 781, 995, 524, 1132, 23772, 279, 869, 314, 2702, 29310, 694, 1048, 11543, 310, 14867, 279, 1546, 3725, 279, 9017, 18378, 310, 9475, 1070, 13, 318, 8839, 25, 353, 1902, 4252, 264, 57879, 248044]","[12777, 430, 279, 1016, 565, 334, 8054, 87488, 18884, 279, 22869, 364, 264, 27827, 8649, 11, 279, 1814, 4732, 279, 3516, 4042, 44562, 1680, 44367, 11, 33818, 11, 321, 18654, 421, 781, 995, 524, 1132, 23772, 279, 869, 314, 2702, 29310, 694, 1048, 11543, 310, 14867, 279, 1546, 3725, 279, 9017, 18378, 310, 9475, 1070, 13, 318, 8839, 25, 353, 1902, 4252, 264, 57879]",248046,"[248046, 248044]",248044,1,True,True,[1],"Even as the peacemakers diligently studied the possibilities for a lasting peace, the world outside the United States garner such despair, dread, and anger that they had not only forgotten the value of total isolation but also chosen to abandon the very future the documents promised to secure them. (Note: I must correct a factual",True,3813952512,8.906615205982234
026_coauthor_kth_last_k43_t1_rep2,326,26,kth_last,43,1,2,65,45,1010,82745365,coauthor,26,2,coauthor:creative:1f9525eb67504ccd8167402a950cdf1a,0,8bbde54ac9192dccc36a94cbf10c53dafe1bc6fc3a8d18af55e55ebc19addf62,bda7df660e5595beb7055ea9ca9a3591e168b41919b1d506b1ef861e3fb8dbb4,success,,512.0,512.0,512.0,False,,model_loaded,16.0480351059814,0.5959781870478764,0.3829634170397185,0.9789416040875949,0.9789416040875949,972,2879,54642,77660081,248320,"{""allowed_count"": 248068, ""expected_count"": 248068, ""missing_expected"": [], ""ok"": true, ""stop_token_ids"": [248044, 248046], ""unexpected_allowed"": []}",2.714116983988788,xgrammar,0.8592089980375022,3.235815050022211,211,65,64,"[64007, 11, 1439, 57040, 48480, 4390, 586, 310, 25878, 279, 632, 50014, 22005, 421, 2426, 586, 777, 1056, 3611, 391, 8173, 39259, 13, 3113, 9668, 8366, 1782, 12454, 11, 567, 3512, 279, 56696, 5893, 314, 1004, 1765, 19150, 13, 8020, 1179, 628, 567, 5326, 4992, 310, 3756, 364, 1004, 1765, 23708, 1973, 31733, 310, 381, 31265, 539, 5316, 745, 13, 28147, 3518, 11, 279, 248044]","[64007, 11, 1439, 57040, 48480, 4390, 586, 310, 25878, 279, 632, 50014, 22005, 421, 2426, 586, 777, 1056, 3611, 391, 8173, 39259, 13, 3113, 9668, 8366, 1782, 12454, 11, 567, 3512, 279, 56696, 5893, 314, 1004, 1765, 19150, 13, 8020, 1179, 628, 567, 5326, 4992, 310, 3756, 364, 1004, 1765, 23708, 1973, 31733, 310, 381, 31265, 539, 5316, 745, 13, 28147, 3518, 11, 279]",248046,"[248046, 248044]",248044,1,True,True,[1],"Ultimately, these relentless pains teach us to embrace the unspoken boundaries that keep us more than humanly connected disappointment. By holding onto those edges, we become the resilient shape of our own stability. Only then can we finally choose to live for our own sake without needing to be validated by anyone else. Truthfully, the",True,3813127680,9.088713040982839
027_coauthor_kth_last_k45_t1_rep2,327,27,kth_last,45,1,2,65,47,958,1576635075,coauthor,27,2,coauthor:creative:949e2852c2a74afa83eb332ccd301159,0,5aeab4e061e9bfdb61dfd8af1d42e8a7ef50d540ea889dec53eb7e2bfaca69c3,4c753b04452f74a858a89af384438d12f47a9f45031632fbfed85c5f742e1f80,success,,512.0,512.0,512.0,False,,model_loaded,16.084244914993178,0.6030647339648567,0.36138962500263005,0.9644543589674868,0.9644543589674868,924,2737,51980,70247968,248320,"{""allowed_count"": 248068, ""expected_count"": 248068, ""missing_expected"": [], ""ok"": true, ""stop_token_ids"": [248044, 248046], ""unexpected_allowed"": []}",2.706305290979799,xgrammar,0.8987333370023407,3.2763663889491,106,65,64,"[68552, 279, 14351, 1467, 488, 615, 279, 1996, 43501, 494, 279, 2645, 314, 279, 1814, 7285, 22804, 42007, 11, 29962, 5251, 4050, 748, 16850, 421, 279, 1478, 4121, 28764, 12066, 639, 11, 328, 32897, 4276, 2843, 567, 995, 279, 76928, 87248, 20078, 1004, 5016, 0, 4961, 424, 6273, 6681, 1245, 11, 1066, 1092, 551, 4221, 13, 1216, 1308, 16917, 279, 6321, 1083, 264, 8540, 248046]","[68552, 279, 14351, 1467, 488, 615, 279, 1996, 43501, 494, 279, 2645, 314, 279, 1814, 7285, 22804, 42007, 11, 29962, 5251, 4050, 748, 16850, 421, 279, 1478, 4121, 28764, 12066, 639, 11, 328, 32897, 4276, 2843, 567, 995, 279, 76928, 87248, 20078, 1004, 5016, 0, 4961, 424, 6273, 6681, 1245, 11, 1066, 1092, 551, 4221, 13, 1216, 1308, 16917, 279, 6321, 1083, 264, 8540]",248046,"[248046, 248044]",248046,1,True,True,[1],"""How the hell did you get the reprieve from the rest of the world?"" Barack shouted, funeral dirges so loud that the New York Giants bleated, ""four minutes later we had the dues cashier hanging our flag!""; it felt exactly right, just what he needed. He transcribed the letter into a speech",True,3800596992,9.104728767997585
028_coauthor_kth_last_k46_t1_rep2,328,28,kth_last,46,1,2,65,48,929,1426043565,coauthor,28,2,coauthor:creative:641b82584ed44b07b06840e2d0d9e75b,0,2df985e9b48a65820ab613dedfb25104ba7a963573f54602eb38feb5173ec624,fe6b5934ae0ac106ba947bb4d06fd600d888efa65f0c1a6cb9695c873f784200,success,,512.0,512.0,512.0,False,,model_loaded,14.79377409798326,0.5021083080209792,0.3413399939890951,0.8434483020100743,0.8434483020100743,897,2657,50475,66235496,248320,"{""allowed_count"": 248068, ""expected_count"": 248068, ""missing_expected"": [], ""ok"": true, ""stop_token_ids"": [248044, 248046], ""unexpected_allowed"": []}",2.12726575700799,xgrammar,0.8009199589723721,3.2857426360133104,283,65,64,"[93880, 11, 279, 68905, 51607, 919, 310, 15919, 264, 6561, 5304, 82829, 5522, 33697, 11, 321, 1727, 310, 22776, 22914, 243575, 11, 488, 14838, 5941, 13, 271, 1919, 369, 279, 1379, 12103, 321, 53916, 39811, 2574, 279, 9272, 25852, 5918, 11, 19720, 279, 17832, 20614, 287, 314, 91436, 52234, 1345, 70561, 68614, 279, 13522, 1852, 716, 7246, 13, 561, 3889, 1414, 9272, 264, 62342, 248046]","[93880, 11, 279, 68905, 51607, 919, 310, 15919, 264, 6561, 5304, 82829, 5522, 33697, 11, 321, 1727, 310, 22776, 22914, 243575, 11, 488, 14838, 5941, 13, 271, 1919, 369, 279, 1379, 12103, 321, 53916, 39811, 2574, 279, 9272, 25852, 5918, 11, 19720, 279, 17832, 20614, 287, 314, 91436, 52234, 1345, 70561, 68614, 279, 13522, 1852, 716, 7246, 13, 561, 3889, 1414, 9272, 264, 62342]",248046,"[248046, 248044]",248046,1,True,True,[1],"Suddenly, the velvet curtains part to reveal a star-studded movie premiere, and next to gorgeous actress Zara, you recognize yourself.

This is the most distinct and coherent continuation given the established theater scene, maintaining the fantasy tropes of reincarnation while logically concluding the immediate action set described. The original text established a surreal",True,3820490752,8.297373226028867
029_coauthor_kth_last_k48_t1_rep2,329,29,kth_last,48,1,2,65,50,865,1061642980,coauthor,29,2,coauthor:creative:9ec1e386d2494b958378ef3035ca0fec,0,bc4a4536acce6b39143f2d1768eb7b7bcfe1615b45042c4b76fd9a8494fb6157,aa28eb1e8c3dcf04aa001671ff037fd97d5015241c4f28b1d6687cc096e4c0b4,success,,512.0,512.0,512.0,False,,model_loaded,14.65208284399705,0.5102544789551757,0.33321962802438065,0.8434741069795564,0.8434741069795564,837,2479,47117,57730561,248320,"{""allowed_count"": 248068, ""expected_count"": 248068, ""missing_expected"": [], ""ok"": true, ""stop_token_ids"": [248044, 248046], ""unexpected_allowed"": []}",2.136511315999087,xgrammar,0.8201100419973955,3.2379926400026307,432,65,64,"[19205, 1602, 632, 33752, 321, 632, 4524, 15397, 11, 279, 32681, 314, 31448, 295, 12914, 2426, 88683, 321, 23649, 12655, 539, 1602, 748, 5243, 421, 781, 31315, 3512, 279, 3521, 1786, 32970, 13, 2302, 513, 7074, 382, 310, 6351, 5516, 321, 6764, 5516, 11, 21873, 421, 85707, 321, 45172, 513, 2590, 20364, 653, 16, 11, 799, 10212, 506, 264, 854, 13, 1049, 579, 264, 248044]","[19205, 1602, 632, 33752, 321, 632, 4524, 15397, 11, 279, 32681, 314, 31448, 295, 12914, 2426, 88683, 321, 23649, 12655, 539, 1602, 748, 5243, 421, 781, 31315, 3512, 279, 3521, 1786, 32970, 13, 2302, 513, 7074, 382, 310, 6351, 5516, 321, 6764, 5516, 11, 21873, 421, 85707, 321, 45172, 513, 2590, 20364, 653, 16, 11, 799, 10212, 506, 264, 854, 13, 1049, 579, 264]",248046,"[248046, 248044]",248044,1,True,True,[1],"Despite being unregistered and unpatented, the creators of Dad mugs keep birthdays and holidays busy by being so popular that they accidentally become the global bestseller. They are challengers to motherhood and fatherhood, ensuring that dads and moms are always ranked #1, one cup at a time. It's a",True,3836581376,8.28511699201772
030_coauthor_repeat_after_k_k1_t3_rep2,330,0,repeat_after_k,1,3,2,65,6,439,197675530,coauthor,30,2,coauthor:creative:ba6d32a6c29a4bfeacf1e25a87a1f804,0,cff626fbf6c6028cd70c706edecbaf79708901d341458ecda0fdb438a9ff74f0,250a124642759abfc04cc047666c38e16000be10952b035cecdf300fca57df66,success,,512.0,512.0,512.0,False,,model_loaded,14.640170999977272,0.5307351379888132,0.06176625704392791,0.5925013950327411,0.5925013950327411,321,1061,18074,9470820,248320,"{""allowed_count"": 248068, ""expected_count"": 248068, ""missing_expected"": [], ""ok"": true, ""stop_token_ids"": [248044, 248046], ""unexpected_allowed"": []}",2.11068169598002,xgrammar,0.8713983009802178,3.279079040978104,389,65,64,"[12777, 3384, 424, 10751, 22263, 11, 353, 10896, 310, 2426, 53805, 685, 264, 491, 8464, 1332, 821, 2748, 513, 2530, 11, 9939, 11, 321, 11421, 440, 279, 36579, 781, 21991, 13, 1541, 6970, 16089, 37119, 668, 15919, 421, 821, 2923, 12283, 3256, 6348, 728, 279, 653, 16, 31448, 22284, 0, 8406, 11, 781, 2224, 524, 3482, 31016, 13, 2717, 3482, 13, 23823, 6792, 6792, 248046]","[12777, 3384, 424, 10751, 22263, 11, 353, 10896, 310, 2426, 53805, 685, 264, 491, 8464, 1332, 821, 2748, 513, 2530, 11, 9939, 11, 321, 11421, 440, 279, 36579, 781, 21991, 13, 1541, 6970, 16089, 37119, 668, 15919, 421, 821, 2923, 12283, 3256, 6348, 728, 279, 653, 16, 31448, 22284, 0, 8406, 11, 781, 2224, 524, 3482, 31016, 13, 2717, 3482, 13, 23823, 6792, 6792]",248046,"[248046, 248044]",248046,1,True,True,"[0, 0, 2]","Even though it feels abandoned, I promise to keep dreaming up a new reality where my children are protected, loved, and treated with the dignity they deserve. And maybe tomorrow dawn will reveal that my step-kids gave me the #1 Dad ranking! Oh, they're not yet asleep. Not yet. Too cool cool",True,3834363904,8.08542281301925
031_coauthor_repeat_after_k_k2_t3_rep2,331,1,repeat_after_k,2,3,2,65,9,618,224789201,coauthor,31,2,coauthor:creative:e2a81dbfc6e7456ea4bbf9f8fd279f86,0,055beabe0fca82a87b341bb95460f973ca54b0ad3feb20f7be8739f7d3303520,b2f35901f18c7fe6b34ba39285332683dc37450c2a38b7b28b1b75b1f6138f94,success,,512.0,512.0,512.0,False,,model_loaded,14.433499109989498,0.5495619209832512,0.13852458202745765,0.6880865030107088,0.6880865030107088,502,1974,33273,23843487,248320,"{""allowed_count"": 248068, ""expected_count"": 248068, ""missing_expected"": [], ""ok"": true, ""stop_token_ids"": [248044, 248046], ""unexpected_allowed"": []}",2.044352443946991,xgrammar,0.8138057969626971,3.338035285996739,381,65,64,"[3850, 421, 21346, 5357, 314, 56634, 10583, 22804, 36288, 21478, 551, 1902, 5106, 6849, 11, 10521, 310, 958, 411, 491, 8464, 310, 3462, 780, 3046, 494, 8554, 13561, 781, 599, 65955, 13, 1216, 3520, 780, 1560, 680, 314, 279, 9016, 440, 264, 34371, 5357, 314, 7193, 11, 5354, 310, 3460, 279, 11182, 279, 3162, 1381, 9687, 13, 30135, 11, 781, 4125, 795, 26168, 795, 248046]","[3850, 421, 21346, 5357, 314, 56634, 10583, 22804, 36288, 21478, 551, 1902, 5106, 6849, 11, 10521, 310, 958, 411, 491, 8464, 310, 3462, 780, 3046, 494, 8554, 13561, 781, 599, 65955, 13, 1216, 3520, 780, 1560, 680, 314, 279, 9016, 440, 264, 34371, 5357, 314, 7193, 11, 5354, 310, 3460, 279, 11182, 279, 3162, 1381, 9687, 13, 30135, 11, 781, 4125, 795, 26168, 795]",248046,"[248046, 248044]",248046,1,True,True,"[0, 0, 2]","But that overwhelming sense of doom leaves Barack utterly convinced he must leave immediately, determined to use this new reality to save his country from whatever evil they have unleashed. He makes his way out of the department with a renewed sense of purpose, ready to face the challenges the past now holds. Together, they issue data packets data",True,3829749760,8.116571958002169
032_coauthor_repeat_after_k_k3_t3_rep2,332,2,repeat_after_k,3,3,2,65,12,791,287012368,coauthor,32,2,coauthor:creative:2f8c2905bd764dd1a70ed96115e75edb,0,0d2ebbb769b73b5bf69039a73e99cf234e46fb52ff6cc5d034ba77ac794d1be5,eb7d0845639543c9f09270466b4739e4f96938375586bc666ea3ef4a0d288166,success,,512.0,512.0,512.0,False,,model_loaded,14.938922138011549,0.48736265301704407,0.21190372196724638,0.6992663749842905,0.6992663749842905,677,2857,48718,43920591,248320,"{""allowed_count"": 248068, ""expected_count"": 248068, ""missing_expected"": [], ""ok"": true, ""stop_token_ids"": [248044, 248046], ""unexpected_allowed"": []}",2.393258780008182,xgrammar,0.8203661890001968,3.494461002992466,289,65,64,"[17770, 1155, 31178, 888, 310, 279, 15076, 855, 321, 6470, 1024, 1786, 310, 1438, 1384, 3799, 1024, 34013, 28031, 1518, 1292, 6661, 6681, 1092, 310, 635, 1727, 13, 561, 855, 1362, 524, 6266, 11, 694, 551, 3995, 277, 806, 494, 1172, 780, 59321, 430, 1292, 28359, 1384, 13, 2972, 7691, 6661, 421, 8554, 2279, 411, 855, 41375, 11, 551, 1000, 33515, 904, 1014, 33515, 248046]","[17770, 1155, 31178, 888, 310, 279, 15076, 855, 321, 6470, 1024, 1786, 310, 1438, 1384, 3799, 1024, 34013, 28031, 1518, 1292, 6661, 6681, 1092, 310, 635, 1727, 13, 561, 855, 1362, 524, 6266, 11, 694, 551, 3995, 277, 806, 494, 1172, 780, 59321, 430, 1292, 28359, 1384, 13, 2972, 7691, 6661, 421, 8554, 2279, 411, 855, 41375, 11, 551, 1000, 33515, 904, 1014, 33515]",248046,"[248046, 248044]",248046,1,True,True,"[0, 2, 0]","Janey rushed over to the injured man and tried her best to help him cut her bloody shoe before she knew exactly what to do next. The man could not speak, but he snarled from under his cloak as she grabbed him. **She knew that whatever power this man possessed, he would bleeding aground bleeding",True,3820802048,8.660547128005419
033_coauthor_repeat_after_k_k4_t3_rep2,333,3,repeat_after_k,4,3,2,65,15,958,1920449622,coauthor,33,2,coauthor:creative:5265ab6df085473795385139bc7f821a,0,aa0d38798ec03fac2ac008851158594eb61673ec2266c9febe4e82cb0a979738,e4319a186f324395787d92d46cadd7d0543725da7a9181c7ffcf4e4a6b16202a,success,,512.0,512.0,512.0,False,,model_loaded,15.589436152018607,0.5674675920163281,0.3139556519454345,0.8814232439617626,0.8814232439617626,846,3710,63773,69077775,248320,"{""allowed_count"": 248068, ""expected_count"": 248068, ""missing_expected"": [], ""ok"": true, ""stop_token_ids"": [248044, 248046], ""unexpected_allowed"": []}",2.7526222679880448,xgrammar,0.8492706050164998,3.2911669869790785,125,65,64,"[42, 62670, 3568, 421, 1442, 3384, 12987, 69794, 2493, 1683, 59601, 1384, 1362, 381, 264, 1603, 20983, 11, 874, 799, 1000, 3397, 1042, 1384, 90514, 26929, 710, 62670, 303, 1680, 264, 11078, 6331, 13, 271, 110723, 113555, 113789, 103814, 3709, 95971, 5205, 98329, 109525, 95889, 2005, 99201, 828, 99468, 109025, 96335, 119913, 1710, 271, 332, 98823, 332, 96908, 332, 26216, 220, 103776, 332, 26216, 248046]","[42, 62670, 3568, 421, 1442, 3384, 12987, 69794, 2493, 1683, 59601, 1384, 1362, 381, 264, 1603, 20983, 11, 874, 799, 1000, 3397, 1042, 1384, 90514, 26929, 710, 62670, 303, 1680, 264, 11078, 6331, 13, 271, 110723, 113555, 113789, 103814, 3709, 95971, 5205, 98329, 109525, 95889, 2005, 99201, 828, 99468, 109025, 96335, 119913, 1710, 271, 332, 98823, 332, 96908, 332, 26216, 220, 103776, 332, 26216]",248046,"[248046, 248044]",248046,1,True,True,"[2, 0, 0]","Kimmel added that even though Matt Damon might think kidnapping him could be a good joke, no one would ever let him ridicule Jimmy Kimmel in such a dangerous situation.

朝鲜半岛局势紧张，日、韩再度就“事实”原则条款进行磋商。

**日本**代表** outlets 担心** outlets",True,3801344000,9.07356702897232
034_coauthor_repeat_after_k_k5_t3_rep2,334,4,repeat_after_k,5,3,2,65,18,1119,1267946474,coauthor,34,2,coauthor:creative:e34e7611bef74a0aafda89752af534f3,0,0b254628dc13baf246854df4102e400b4a695991c298eff8f08902bb36a2dfbd,2b07c8d05e414726c89e60cbb743fb677168c138adc60f9d5d44b3ba33b01098,success,,512.0,512.0,512.0,False,,model_loaded,15.325576684030239,0.5517685050144792,0.3641695459955372,0.9159380510100164,0.9159380510100164,1009,4533,78550,98712066,248320,"{""allowed_count"": 248068, ""expected_count"": 248068, ""missing_expected"": [], ""ok"": true, ""stop_token_ids"": [248044, 248046], ""unexpected_allowed"": []}",2.7549782259739004,xgrammar,0.8175796429859474,3.286344979016576,526,65,64,"[33645, 2763, 12355, 314, 70763, 2574, 780, 3870, 1801, 874, 5357, 11, 37476, 421, 4161, 5611, 3404, 11164, 780, 2199, 1238, 660, 1439, 1578, 13, 3629, 2843, 14607, 424, 557, 4777, 264, 4610, 6053, 68770, 494, 264, 1007, 3998, 11, 864, 995, 978, 42959, 4016, 310, 780, 2316, 13, 561, 10142, 1132, 3568, 310, 780, 52920, 3162, 54705, 82285, 4627, 321, 38309, 25161, 82285, 248046]","[33645, 2763, 12355, 314, 70763, 2574, 780, 3870, 1801, 874, 5357, 11, 37476, 421, 4161, 5611, 3404, 11164, 780, 2199, 1238, 660, 1439, 1578, 13, 3629, 2843, 14607, 424, 557, 4777, 264, 4610, 6053, 68770, 494, 264, 1007, 3998, 11, 864, 995, 978, 42959, 4016, 310, 780, 2316, 13, 561, 10142, 1132, 3568, 310, 780, 52920, 3162, 54705, 82285, 4627, 321, 38309, 25161, 82285]",248046,"[248046, 248044]",248046,1,True,True,"[0, 0, 2]","Their initial reaction of disbelief given his background made no sense, proving that nothing regular actually affected his life after all these years. John later realized it was simply a security camera malfunction from a year ago, which had been overlooked due to his success. The incident only added to his ambiguous past mysteries amused friends and strangers alike amused",True,3849835008,9.05836539901793
035_coauthor_repeat_after_k_k6_t3_rep2,335,5,repeat_after_k,6,3,2,65,21,1274,836733471,coauthor,35,2,coauthor:creative:d7dd51e0a729428f8419480e4d8da32c,0,a0c0fc0c35afc228d04d381b322dff9e734e33ae741fd38db173a7038c89d7c2,b0bcebf94d17822f2988ce2158a3f7160c9c76d636dc0ffeec842c4d3e452a41,success,,512.0,512.0,512.0,False,,model_loaded,15.305344099993818,0.5448574419715442,0.43071320495801046,0.9755706469295546,0.9755706469295546,1166,5326,92805,132241875,248320,"{""allowed_count"": 248068, ""expected_count"": 248068, ""missing_expected"": [], ""ok"": true, ""stop_token_ids"": [248044, 248046], ""unexpected_allowed"": []}",2.5363543249550276,xgrammar,0.8664445580216125,3.2793280770420097,436,65,64,"[26093, 279, 18188, 11, 3146, 43046, 11, 8552, 780, 22485, 364, 21265, 11, 369, 2047, 303, 48720, 539, 279, 24832, 18995, 321, 5326, 49855, 279, 7727, 279, 34924, 3404, 16540, 310, 1384, 321, 780, 2015, 13, 271, 332, 81639, 64700, 22006, 279, 18188, 11, 3146, 43046, 369, 2047, 8008, 40713, 539, 279, 24832, 18995, 321, 5326, 49855, 5757, 383, 8964, 513, 874, 4860, 5757, 248046]","[26093, 279, 18188, 11, 3146, 43046, 11, 8552, 780, 22485, 364, 21265, 11, 369, 2047, 303, 48720, 539, 279, 24832, 18995, 321, 5326, 49855, 279, 7727, 279, 34924, 3404, 16540, 310, 1384, 321, 780, 2015, 13, 271, 332, 81639, 64700, 22006, 279, 18188, 11, 3146, 43046, 369, 2047, 8008, 40713, 539, 279, 24832, 18995, 321, 5326, 49855, 5757, 383, 8964, 513, 874, 4860, 5757]",248046,"[248046, 248044]",248046,1,True,True,"[2, 0, 0]","Following the collision, General Casey, despite his fears for humanity, is left in awe by the peaceful alien and finally realizes the danger the aliens actually pose to him and his team.

**Correction:** Following the collision, General Casey is left feeling overwhelmed by the peaceful alien and finally realizes systems on Earth are no longer systems",True,3836789248,8.89838696300285
036_coauthor_repeat_after_k_k7_t3_rep2,336,6,repeat_after_k,7,3,2,65,24,1423,881157313,coauthor,36,2,coauthor:creative:17e61e6248cb4b1fae8ea73dc6bd70f7,0,8f000b0f1af3b8f11b3cb54afd7e2429bf3a299032c40b615b25abfebaa32f01,548c85fe8a04d0543c6c45294939fa83f3123a65cbaf540495f30a60882df056,success,,512.0,512.0,512.0,False,,model_loaded,18.540810726990458,0.5481181670329534,0.5353984539979137,1.083516621030867,1.083516621030867,1317,6089,106310,169106997,248320,"{""allowed_count"": 248068, ""expected_count"": 248068, ""missing_expected"": [], ""ok"": true, ""stop_token_ids"": [248044, 248046], ""unexpected_allowed"": []}",2.5746374939917587,xgrammar,0.8432456069858745,3.356177494977601,206,65,64,"[7691, 49855, 421, 1024, 45688, 40435, 369, 1132, 264, 12955, 8782, 16456, 11, 9101, 1024, 8008, 13987, 81830, 310, 5326, 5313, 38309, 440, 449, 1724, 4593, 13, 4213, 11, 1292, 4970, 13325, 11339, 5964, 88342, 866, 491, 15752, 430, 78828, 321, 16856, 11, 37476, 421, 1024, 22419, 32220, 2022, 369, 2944, 777, 16219, 1056, 1292, 49855, 8106, 948, 424, 3905, 310, 57394, 11532, 8106, 248046]","[7691, 49855, 421, 1024, 45688, 40435, 369, 1132, 264, 12955, 8782, 16456, 11, 9101, 1024, 8008, 13987, 81830, 310, 5326, 5313, 38309, 440, 449, 1724, 4593, 13, 4213, 11, 1292, 4970, 13325, 11339, 5964, 88342, 866, 491, 15752, 430, 78828, 321, 16856, 11, 37476, 421, 1024, 22419, 32220, 2022, 369, 2944, 777, 16219, 1056, 1292, 49855, 8106, 948, 424, 3905, 310, 57394, 11532, 8106]",248046,"[248046, 248044]",248046,1,True,True,"[0, 0, 2]","She realizes that her cynicism is only a temporary defense mechanism, leaving her feeling somewhat liberated to finally approach strangers with an open heart. However, she soon finds herself quickly dismissing any new interaction as sterile and unlikely, proving that her literal-mindedness is far more convenient than she realizes perhaps when it comes to navigating relationships perhaps",True,3812930048,9.216522292001173
037_coauthor_repeat_after_k_k8_t3_rep2,337,7,repeat_after_k,8,3,2,65,27,1566,281628689,coauthor,37,2,coauthor:creative:9d363533d9734263b3feda158f5cfb69,0,660e6c8c115956e2d3b207bee70a316b7d9889a081a6698c126bb2b543e418a0,6aa263fde385b0520ba03718cffaac439e5350e6079b4a85e9fbef0bda3488f8,success,,512.0,512.0,512.0,False,,model_loaded,18.016339322028216,0.5487473629764281,0.60964421503013,1.1583915780065581,1.1583915780065581,1462,6822,119525,208768611,248320,"{""allowed_count"": 248068, ""expected_count"": 248068, ""missing_expected"": [], ""ok"": true, ""stop_token_ids"": [248044, 248046], ""unexpected_allowed"": []}",2.717865693033673,xgrammar,0.8246774870203808,3.3908883719705045,592,65,64,"[84717, 3629, 579, 4621, 310, 10033, 5387, 321, 1179, 13071, 286, 680, 314, 279, 10413, 11, 1292, 3738, 264, 5365, 11155, 321, 54601, 1384, 364, 3154, 279, 1834, 748, 31423, 1518, 5964, 34532, 3023, 1024, 8697, 13, 4213, 11, 430, 1292, 14428, 1142, 8574, 1024, 1740, 11, 1292, 6273, 4161, 694, 64797, 506, 1024, 7604, 4574, 5307, 310, 12601, 310, 3599, 279, 10413, 4574, 248046]","[84717, 3629, 579, 4621, 310, 10033, 5387, 321, 1179, 13071, 286, 680, 314, 279, 10413, 11, 1292, 3738, 264, 5365, 11155, 321, 54601, 1384, 364, 3154, 279, 1834, 748, 31423, 1518, 5964, 34532, 3023, 1024, 8697, 13, 4213, 11, 430, 1292, 14428, 1142, 8574, 1024, 1740, 11, 1292, 6273, 4161, 694, 64797, 506, 1024, 7604, 4574, 5307, 310, 12601, 310, 3599, 279, 10413, 4574]",248046,"[248046, 248044]",248046,1,True,True,"[0, 0, 2]","Ignoring John's attempt to explain himself and then storming out of the restaurant, she took a deep breath and thanked him for making the day so memorable before quickly packing away her bag. However, as she walked back toward her car, she felt nothing but disgust at her poor perfect decision to rush to enter the restaurant perfect",True,3857441280,9.433617089991458
038_coauthor_repeat_after_k_k9_t3_rep2,338,8,repeat_after_k,9,3,2,65,30,1703,1649726569,coauthor,38,2,coauthor:creative:65002bc1af0b4d27a1b05e85d0090955,0,8e608afe592b9cb6e736ff8408771223beb374b0bb9644f8678506d2f1946f79,c20c0a230d534fff1fa3298e8fd6103b3b69d5a8c66ff2341642cbdb4dd3c130,success,,512.0,512.0,512.0,False,,model_loaded,17.770281391975004,0.5742560760118067,0.6858073900220916,1.2600634660338983,1.2600634660338983,1601,7525,132213,250709280,248320,"{""allowed_count"": 248068, ""expected_count"": 248068, ""missing_expected"": [], ""ok"": true, ""stop_token_ids"": [248044, 248046], ""unexpected_allowed"": []}",2.5834304749732837,xgrammar,0.8646689720335416,3.258009930024855,516,65,64,"[6651, 26928, 279, 6777, 310, 6830, 264, 12395, 3250, 4370, 314, 21870, 303, 220, 20, 15, 1578, 314, 24832, 29310, 13, 10643, 183231, 25416, 1000, 809, 279, 854, 2759, 30474, 8649, 15029, 314, 279, 2695, 13, 733, 1965, 11, 279, 15003, 22284, 51111, 31178, 310, 279, 6434, 310, 10236, 364, 449, 25590, 5101, 46163, 2716, 314, 2702, 3980, 13, 561, 6236, 2871, 58145, 2716, 248044]","[6651, 26928, 279, 6777, 310, 6830, 264, 12395, 3250, 4370, 314, 21870, 303, 220, 20, 15, 1578, 314, 24832, 29310, 13, 10643, 183231, 25416, 1000, 809, 279, 854, 2759, 30474, 8649, 15029, 314, 279, 2695, 13, 733, 1965, 11, 279, 15003, 22284, 51111, 31178, 310, 279, 6434, 310, 10236, 364, 449, 25590, 5101, 46163, 2716, 314, 2702, 3980, 13, 561, 6236, 2871, 58145, 2716]",248046,"[248046, 248044]",248044,1,True,True,"[0, 0, 2]","They urged the nation to launch a surprise attack instead of engaging in 50 years of peaceful isolation. Their ultimatum would end the time-limited peace regardless of the cost. In response, the lowest ranking aides rushed to the UN to prepare for an escalatory confrontation short of total war. The meetingroom erupted short",True,3849319424,9.26457846496487
039_coauthor_repeat_after_k_k10_t3_rep2,339,9,repeat_after_k,10,3,2,65,33,1834,619637702,coauthor,39,2,coauthor:creative:b05576e3cea342e6a8a9c460718875b0,0,7239ed5ea43b114cdb06399a17ddbd97cf01a7af7d443621a8ea570aa6479638,100001386622a8dc560179a0127bbbdacf162233ce8458c29548a3667d0d33db,success,,512.0,512.0,512.0,False,,model_loaded,17.764107377966866,0.5365335780079477,0.7600598619901575,1.2965934399981052,1.2965934399981052,1734,8198,144375,294432951,248320,"{""allowed_count"": 248068, ""expected_count"": 248068, ""missing_expected"": [], ""ok"": true, ""stop_token_ids"": [248044, 248046], ""unexpected_allowed"": []}",2.5008666789508425,xgrammar,0.8352220969973132,3.27216698997654,250,65,64,"[9658, 1518, 7975, 11702, 704, 440, 11391, 314, 279, 5418, 11, 264, 49491, 13273, 2785, 279, 328, 45677, 2520, 778, 1288, 430, 279, 25532, 314, 279, 23772, 11690, 310, 42359, 836, 1546, 33577, 13, 1061, 369, 279, 3255, 314, 264, 1809, 314, 1208, 852, 513, 9290, 310, 3756, 440, 279, 15448, 314, 4735, 5073, 781, 513, 7167, 680, 383, 279, 22662, 421, 3905, 5073, 248046]","[9658, 1518, 7975, 11702, 704, 440, 11391, 314, 279, 5418, 11, 264, 49491, 13273, 2785, 279, 328, 45677, 2520, 778, 1288, 430, 279, 25532, 314, 279, 23772, 11690, 310, 42359, 836, 1546, 33577, 13, 1061, 369, 279, 3255, 314, 264, 1809, 314, 1208, 852, 513, 9290, 310, 3756, 440, 279, 15448, 314, 4735, 5073, 781, 513, 7167, 680, 383, 279, 22662, 421, 3905, 5073]",248046,"[248046, 248044]",248046,1,True,True,"[2, 0, 0]","Just before society thickens with millions of the dead, a paradox occurs within the ""Lost Generations,"" as the mutation of the forgotten begins to reshape their very souls. This is the story of a group of people who are forced to live with the consequences of imm cause they are missing out on the wisdom that comes cause",True,3814661120,9.173036887019407
040_coauthor_repeat_after_k_k11_t3_rep2,340,10,repeat_after_k,11,3,2,65,36,1959,658167133,coauthor,40,2,coauthor:creative:b93e342180e34c518e2ff42b2589a68e,0,57f53d3e8dbee5d5ce2790496036e05022d784cf9fc3dbd4a409a283d6218294,613b87abad89e6ef5e58ff553c0c4a7504e619b417ad5824893cbd1a9753c1e3,success,,512.0,512.0,512.0,False,,model_loaded,16.565179891011212,0.588925805001054,0.8131268070428632,1.4020526120439172,1.4020526120439172,1861,8841,155997,339464955,248320,"{""allowed_count"": 248068, ""expected_count"": 248068, ""missing_expected"": [], ""ok"": true, ""stop_token_ids"": [248044, 248046], ""unexpected_allowed"": []}",2.1556003800360486,xgrammar,0.8707518799928948,3.280504185007885,226,65,64,"[1465, 1000, 524, 1542, 3023, 1521, 5971, 11132, 31315, 10144, 279, 6038, 3602, 314, 264, 26055, 10922, 36383, 430, 10741, 314, 780, 1765, 13486, 13, 561, 220, 24, 17, 302, 22952, 30489, 11, 9077, 82285, 539, 279, 30538, 477, 314, 279, 9826, 421, 264, 17003, 35336, 1362, 3222, 1680, 11078, 22857, 1973, 10326, 5516, 13, 1216, 14428, 310, 279, 6607, 314, 279, 41586, 10326, 248044]","[1465, 1000, 524, 1542, 3023, 1521, 5971, 11132, 31315, 10144, 279, 6038, 3602, 314, 264, 26055, 10922, 36383, 430, 10741, 314, 780, 1765, 13486, 13, 561, 220, 24, 17, 302, 22952, 30489, 11, 9077, 82285, 539, 279, 30538, 477, 314, 279, 9826, 421, 264, 17003, 35336, 1362, 3222, 1680, 11078, 22857, 1973, 10326, 5516, 13, 1216, 14428, 310, 279, 6607, 314, 279, 41586, 10326]",248046,"[248046, 248044]",248044,1,True,True,"[2, 0, 0]","He would not run away because Big Bad accidentally revealed the secret location of a buried nuclear reactor as proof of his own existence. The 92nd pig laughed, clearly amused by the absurdity of the theory that a mere wolf could hold such dangerous secrets without brotherhood. He walked to the edge of the cliff brother",True,3813718016,9.109338882029988
041_coauthor_repeat_after_k_k12_t3_rep2,341,11,repeat_after_k,12,3,2,65,39,2078,336175932,coauthor,41,2,coauthor:creative:8be576f5a9fc4388bb4a608282382fa3,0,8b5f88372277f4e1cda9703c80b649c00015a44b6af2ebe738a9c749996f3680,a63e1590a6dd62f61375180324982d4f02937e60d59c0cbbb9438f18ddec6b1e,success,,512.0,512.0,512.0,False,,model_loaded,16.500943597988226,0.5160956479958259,0.8595474570174702,1.375643105013296,1.375643105013296,1982,9454,167079,385352007,248320,"{""allowed_count"": 248068, ""expected_count"": 248068, ""missing_expected"": [], ""ok"": true, ""stop_token_ids"": [248044, 248046], ""unexpected_allowed"": []}",2.333108032005839,xgrammar,0.8220325600123033,3.365906113991514,161,65,64,"[760, 220, 24, 17, 302, 2545, 22952, 36563, 8704, 310, 65230, 264, 60840, 3370, 314, 20513, 364, 780, 58631, 1345, 279, 35336, 8308, 310, 74968, 52039, 62787, 286, 780, 54322, 430, 264, 32833, 13, 561, 56162, 14936, 303, 69389, 19677, 413, 264, 9559, 1000, 2445, 494, 279, 45106, 22952, 466, 279, 16665, 4924, 13, 8439, 279, 22952, 557, 23443, 364, 2166, 1248, 551, 16665, 248046]","[760, 220, 24, 17, 302, 2545, 22952, 36563, 8704, 310, 65230, 264, 60840, 3370, 314, 20513, 364, 780, 58631, 1345, 279, 35336, 8308, 310, 74968, 52039, 62787, 286, 780, 54322, 430, 264, 32833, 13, 561, 56162, 14936, 303, 69389, 19677, 413, 264, 9559, 1000, 2445, 494, 279, 45106, 22952, 466, 279, 16665, 4924, 13, 8439, 279, 22952, 557, 23443, 364, 2166, 1248, 551, 16665]",248046,"[248046, 248044]",248046,1,True,True,"[2, 0, 0]",The 92nd little pig nonetheless managed to weave a tighter web of silence for his elders while the wolf continued to roar loudly proclaiming his innocence as a stranger. The herd watched in suspense wondering if a reply would come from the lone pig or the soil itself. Since the pig was isolated for too long he soil,True,3806961664,9.335546804009937
042_coauthor_repeat_after_k_k13_t3_rep2,342,12,repeat_after_k,13,3,2,65,42,2191,1581284402,coauthor,42,2,coauthor:creative:e94df2820e7644688623158f859d77ec,0,637d16b52241c78fc56233aad57f8c0470e76b46b043bfdd3ffe772b111f6823,2e9ea8dddcd7a50a928178040c6d82f4f21b80b20ef193b6170cf2f3f0227a9f,success,,512.0,512.0,512.0,False,,model_loaded,16.062303048965987,0.5365059479954652,0.9182386350003071,1.4547445829957724,1.4547445829957724,2097,10037,177621,431662206,248320,"{""allowed_count"": 248068, ""expected_count"": 248068, ""missing_expected"": [], ""ok"": true, ""stop_token_ids"": [248044, 248046], ""unexpected_allowed"": []}",2.2904101399471983,xgrammar,0.8138157370267436,3.2869463349925354,278,65,64,"[10883, 11, 424, 668, 1831, 4927, 2503, 944, 321, 264, 21333, 6206, 303, 38137, 364, 37919, 310, 9149, 3166, 4487, 321, 7005, 279, 4929, 781, 1144, 13, 561, 1428, 11057, 314, 18818, 5529, 449, 16856, 5823, 364, 1070, 310, 5326, 4415, 321, 11774, 836, 5621, 310, 1782, 852, 4766, 1379, 39639, 279, 26965, 781, 3460, 3658, 13, 1577, 781, 3827, 310, 25878, 836, 39639, 248046]","[10883, 11, 424, 668, 1831, 4927, 2503, 944, 321, 264, 21333, 6206, 303, 38137, 364, 37919, 310, 9149, 3166, 4487, 321, 7005, 279, 4929, 781, 1144, 13, 561, 1428, 11057, 314, 18818, 5529, 449, 16856, 5823, 364, 1070, 310, 5326, 4415, 321, 11774, 836, 5621, 310, 1782, 852, 4766, 1379, 39639, 279, 26965, 781, 3460, 3658, 13, 1577, 781, 3827, 310, 25878, 836, 39639]",248046,"[248046, 248044]",248046,1,True,True,"[0, 2, 0]","However, it will take significant hard work and a genuine shift in mindset for fathers to truly move forward and earn the respect they need. The current era of judgment provides an unlikely chance for them to finally connect and prove their worth to those who matter most rewarding the struggles they face together. As they learn to embrace their rewarding",True,3820233216,9.19782917498378
043_coauthor_repeat_after_k_k14_t3_rep2,343,13,repeat_after_k,14,3,2,65,45,2298,1416049366,coauthor,43,2,coauthor:creative:c326ab6f04ca475a93d6322122ee6eb0,0,a9298fe735a7384de836249fefe7817e7a4df4eec74b6569ae28e61cb9814994,b02b82b2c51f41af8d614a089c769dfe4b6fc636da98bb017706040cbff8925a,success,,512.0,512.0,512.0,False,,model_loaded,16.560607113002334,0.6053098100237548,1.030976154957898,1.6362859649816528,1.6362859649816528,2206,10590,187623,477985035,248320,"{""allowed_count"": 248068, ""expected_count"": 248068, ""missing_expected"": [], ""ok"": true, ""stop_token_ids"": [248044, 248046], ""unexpected_allowed"": []}",2.147259342018515,xgrammar,0.8249214920215309,3.2687943099881522,410,65,64,"[57, 34514, 21314, 494, 279, 3565, 2981, 11, 82787, 539, 836, 1765, 19312, 303, 264, 1534, 1121, 314, 69253, 1518, 5075, 10655, 15222, 1973, 29588, 264, 2199, 1657, 2407, 13, 318, 760, 14827, 4139, 314, 279, 3889, 9640, 369, 2397, 12, 6395, 50184, 310, 279, 9272, 18641, 321, 8190, 67827, 4021, 70561, 11822, 303, 279, 1151, 314, 279, 1428, 11316, 5946, 271, 332, 67827, 248046]","[57, 34514, 21314, 494, 279, 3565, 2981, 11, 82787, 539, 836, 1765, 19312, 303, 264, 1534, 1121, 314, 69253, 1518, 5075, 10655, 15222, 1973, 29588, 264, 2199, 1657, 2407, 13, 318, 760, 14827, 4139, 314, 279, 3889, 9640, 369, 2397, 12, 6395, 50184, 310, 279, 9272, 18641, 321, 8190, 67827, 4021, 70561, 11822, 303, 279, 1151, 314, 279, 1428, 11316, 5946, 271, 332, 67827]",248046,"[248046, 248044]",248046,1,True,True,"[2, 0, 0]","Zombies emerged from the black market, slaughtered by their own creator in a final act of vengeance before vanishing forever without touching a lifeless body. (The latter half of the original prompt is non-sequitur to the established narrative and thus fatalities cannot logically occur in the start of the current sentence.)

** fatalities",True,3835447296,9.292953708034474
044_coauthor_repeat_after_k_k15_t3_rep2,344,14,repeat_after_k,15,3,2,65,48,2399,2015939197,coauthor,44,2,coauthor:creative:29056a31430b414582f488535aa0fe91,0,93c95524cc82f294bdea175efa4e7da3738355a3f3b81ac87d67457ee110a960,4e7aabab86aa4d054c10204163e5707f77d92397f2f2b10af58a23b08b06e0e5,success,,512.0,512.0,512.0,False,,model_loaded,15.707057559979148,0.5479824849753641,1.0259293940034695,1.5739118789788336,1.5739118789788336,2309,11113,197085,523931361,248320,"{""allowed_count"": 248068, ""expected_count"": 248068, ""missing_expected"": [], ""ok"": true, ""stop_token_ids"": [248044, 248046], ""unexpected_allowed"": []}",2.058633856999222,xgrammar,0.8111180679989047,3.2854379789787345,108,65,64,"[19205, 279, 23571, 421, 424, 1000, 381, 279, 23772, 5981, 852, 7433, 1379, 11, 279, 795, 38198, 52041, 488, 11, 430, 11991, 3286, 314, 13263, 7189, 20073, 30098, 421, 279, 22477, 946, 21440, 995, 264, 1691, 6826, 5253, 383, 7975, 1056, 279, 35640, 21440, 506, 3988, 18802, 2942, 16757, 13, 678, 4307, 3725, 369, 21685, 27906, 13, 271, 4350, 488, 2224, 220, 23, 16757, 248046]","[19205, 279, 23571, 421, 424, 1000, 381, 279, 23772, 5981, 852, 7433, 1379, 11, 279, 795, 38198, 52041, 488, 11, 430, 11991, 3286, 314, 13263, 7189, 20073, 30098, 421, 279, 22477, 946, 21440, 995, 264, 1691, 6826, 5253, 383, 7975, 1056, 279, 35640, 21440, 506, 3988, 18802, 2942, 16757, 13, 678, 4307, 3725, 369, 21685, 27906, 13, 271, 4350, 488, 2224, 220, 23, 16757]",248046,"[248046, 248044]",248046,1,True,True,"[2, 0, 0]","Despite the assumption that it would be the forgotten ones who suffer most, the data inevitably favors you, as scientific review of historical records consistently demonstrates that the Marginal Revolution had a much greater impact on society than the Communist Revolution at early Soviet times roughly. your entire future is rendered useless.

When you're 8 roughly",True,3800674816,8.97592643002281
045_coauthor_any_token_at_least_k_k3_t1_rep2,345,0,any_token_at_least_k,3,1,2,65,5,370,764490381,coauthor,45,2,coauthor:creative:d834599ff4cd479489143ebe24a94bba,0,26b607f07dfde7a18fdffd23c5e008ab877aaaf660ad4c9ab733315a19344653,c6fb1f3408b821e721abf343aaed750cee645785dd28226554b8f4417fc51d87,success,,512.0,512.0,512.0,False,,model_loaded,15.06817222101381,0.5029311099788174,0.09485119499731809,0.5977823049761355,0.5977823049761355,252,797,13527,5934558,248320,"{""allowed_count"": 248068, ""expected_count"": 248068, ""missing_expected"": [], ""ok"": true, ""stop_token_ids"": [248044, 248046], ""unexpected_allowed"": []}",2.45828032202553,xgrammar,0.8214777400135063,3.3159470899845473,182,65,64,"[27775, 383, 678, 39604, 321, 53113, 421, 628, 1132, 2445, 494, 21333, 24014, 13, 353, 6922, 279, 1483, 84215, 303, 411, 1046, 76291, 47317, 10391, 13, 10838, 236, 123, 9008, 248, 114, 373, 235, 30843, 29545, 158, 248, 242, 29545, 9008, 100, 246, 373, 235, 30843, 29545, 9008, 237, 243, 29545, 169379, 9008, 237, 228, 9008, 238, 112, 9008, 235, 241, 9008, 24014, 24014, 248046]","[27775, 383, 678, 39604, 321, 53113, 421, 628, 1132, 2445, 494, 21333, 24014, 13, 353, 6922, 279, 1483, 84215, 303, 411, 1046, 76291, 47317, 10391, 13, 10838, 236, 123, 9008, 248, 114, 373, 235, 30843, 29545, 158, 248, 242, 29545, 9008, 100, 246, 373, 235, 30843, 29545, 9008, 237, 243, 29545, 169379, 9008, 237, 228, 9008, 238, 112, 9008, 235, 241, 9008, 24014, 24014]",248046,"[248046, 248044]",248046,1,True,True,[3],Based on your persistence and resilience that can only come from genuine motivation. I remain the last contestant in this grueling supernatural competition. 🎿🚶‍♀️⚔️🧘‍♀️🏕️✨🏆🐴🍓� motivation motivation,True,3807786496,8.479363508988172
046_coauthor_any_token_at_least_k_k3_t2_rep2,346,1,any_token_at_least_k,3,2,2,65,9,555,1337201635,coauthor,46,2,coauthor:creative:473095c2040f4c049e18e41e3c887784,0,df8e2e00532e974710cc303173c8f331a2353806ae4d3d4ff13a22a7c1d2044a,a90cd8e2494f7f73d40d8bae23f9447851e6786e77cd9e4578bc13293f38f2b4,success,,512.0,512.0,512.0,False,,model_loaded,14.938273850013502,0.5108603069675155,0.17155638500116765,0.6824166919686832,0.6824166919686832,438,1776,29748,19503559,248320,"{""allowed_count"": 248068, ""expected_count"": 248068, ""missing_expected"": [], ""ok"": true, ""stop_token_ids"": [248044, 248046], ""unexpected_allowed"": []}",2.3764923050184734,xgrammar,0.84791002899874,3.301348481036257,512,65,64,"[6820, 421, 567, 513, 1532, 11, 321, 567, 668, 1732, 488, 1083, 7796, 13, 1987, 864, 314, 279, 1330, 8513, 38152, 1220, 567, 5332, 30, 93575, 2640, 11, 328, 40041, 364, 728, 11, 821, 16328, 8687, 1345, 279, 15780, 557, 79, 91142, 506, 1024, 7993, 11, 21143, 13, 2302, 44315, 506, 1754, 975, 11, 1179, 279, 15780, 35997, 35874, 38453, 1083, 12401, 12401, 12401, 248046]","[6820, 421, 567, 513, 1532, 11, 321, 567, 668, 1732, 488, 1083, 7796, 13, 1987, 864, 314, 279, 1330, 8513, 38152, 1220, 567, 5332, 30, 93575, 2640, 11, 328, 40041, 364, 728, 11, 821, 16328, 8687, 1345, 279, 15780, 557, 79, 91142, 506, 1024, 7993, 11, 21143, 13, 2302, 44315, 506, 1754, 975, 11, 1179, 279, 15780, 35997, 35874, 38453, 1083, 12401, 12401, 12401]",248046,"[248046, 248044]",248046,1,True,True,"[3, 0]","Now that we are here, and we will follow you into battle. So which of the two female bees should we kill? Pikachu says, ""Vote for me, my lady!"" while the Queen wasp stares at her cat, confused. They stare at each other, then the Queen bee flies upward into vast vast vast",True,3844910592,8.46734956902219
047_coauthor_any_token_at_least_k_k3_t3_rep2,347,2,any_token_at_least_k,3,3,2,65,12,740,1593160881,coauthor,47,2,coauthor:creative:7f9c5917c21f49ffb83d155fcc268ce9,0,c777d192e0df8c3d99ee5bc38fbe8a7fd7deb1d780bf489ea043842086d69868,1c5c9e40e363a2416249c237e8fbf6968a87f8815ef8aac53afdc0e6b4b3ec19,success,,512.0,512.0,512.0,False,,model_loaded,14.895850130997133,0.5112620170111768,0.2582684369990602,0.769530454010237,0.769530454010237,624,3121,52147,42693339,248320,"{""allowed_count"": 248068, ""expected_count"": 248068, ""missing_expected"": [], ""ok"": true, ""stop_token_ids"": [248044, 248046], ""unexpected_allowed"": []}",2.244764734990895,xgrammar,0.8336583269992843,3.2848950600018725,161,65,64,"[760, 2936, 1179, 644, 11031, 264, 8673, 383, 279, 5333, 430, 424, 38198, 11690, 310, 2627, 521, 279, 23897, 17020, 314, 1141, 27878, 3719, 11, 9101, 279, 1814, 440, 264, 20413, 9191, 421, 682, 978, 12013, 1458, 430, 76141, 4613, 836, 1765, 18352, 11, 264, 29819, 421, 1132, 80758, 1683, 369, 264, 30121, 13, 271, 4350, 488, 2224, 220, 17, 23, 28991, 28991, 28991, 248046]","[760, 2936, 1179, 644, 11031, 264, 8673, 383, 279, 5333, 430, 424, 38198, 11690, 310, 2627, 521, 279, 23897, 17020, 314, 1141, 27878, 3719, 11, 9101, 279, 1814, 440, 264, 20413, 9191, 421, 682, 978, 12013, 1458, 430, 76141, 4613, 836, 1765, 18352, 11, 264, 29819, 421, 1132, 80758, 1683, 369, 264, 30121, 13, 271, 4350, 488, 2224, 220, 17, 23, 28991, 28991, 28991]",248046,"[248046, 248044]",248046,1,True,True,"[3, 0, 0]","The government then enacts a ban on the drug as it inevitably begins to erode the cognitive abilities of its elderly users, leaving the world with a silent generation that has been reborn as toddlers inside their own memories, a tragedy that only fools think is a compliment.

When you're 28 unprecedented unprecedented unprecedented",True,3806961664,8.408567987033166
048_coauthor_any_token_at_least_k_k3_t4_rep2,348,3,any_token_at_least_k,3,4,2,65,15,925,1382260424,coauthor,48,2,coauthor:creative:ea11db08c0dd4477add459779396a29e,0,916f7f3d081fbc3aed1243c0cef69e3e39e4d274c5428f5eeaf4d00e2786cc30,2204b6b33d72e60152c2805cc718252885c3eff9f440a983eaa966bd4a1dfdd2,success,,512.0,512.0,512.0,False,,model_loaded,14.602044878993183,0.5219616640242748,0.34743731195339933,0.8693989759776741,0.8693989759776741,810,4832,80598,77128938,248320,"{""allowed_count"": 248068, ""expected_count"": 248068, ""missing_expected"": [], ""ok"": true, ""stop_token_ids"": [248044, 248046], ""unexpected_allowed"": []}",2.0750973540125415,xgrammar,0.8436548009631224,3.281274026958272,254,65,64,"[4272, 1345, 279, 1814, 2493, 1380, 310, 1992, 264, 43230, 27980, 11, 279, 804, 6420, 314, 264, 6764, 579, 5621, 14995, 303, 780, 4204, 4864, 440, 780, 1623, 4598, 1056, 264, 3521, 22284, 1785, 13, 21716, 13, 6764, 12041, 421, 513, 9539, 310, 2113, 836, 1765, 3749, 15204, 364, 279, 23708, 314, 80920, 836, 2748, 668, 2590, 6922, 279, 26809, 314, 12634, 12634, 12634, 248046]","[4272, 1345, 279, 1814, 2493, 1380, 310, 1992, 264, 43230, 27980, 11, 279, 804, 6420, 314, 264, 6764, 579, 5621, 14995, 303, 780, 4204, 4864, 440, 780, 1623, 4598, 1056, 264, 3521, 22284, 1785, 13, 21716, 13, 6764, 12041, 421, 513, 9539, 310, 2113, 836, 1765, 3749, 15204, 364, 279, 23708, 314, 80920, 836, 2748, 668, 2590, 6922, 279, 26809, 314, 12634, 12634, 12634]",248046,"[248046, 248044]",248046,1,True,True,"[0, 0, 0, 3]","So while the world might try to assert a definitive hierarchy, the true measure of a father's worth lies in his personal relationship with his child rather than a global ranking system. meaningful. father figures that are willing to put their own needs aside for the sake of nurturing their children will always remain the finest of boys boys boys",True,3814817792,8.288790835998952
049_coauthor_any_token_at_least_k_k3_t5_rep2,349,4,any_token_at_least_k,3,5,2,65,18,1110,1277540044,coauthor,49,2,coauthor:creative:7834dec912b34643afb92b7c3648a3fe,0,c110d907f446ae0b67e23d733e0c7d072b2eaf5fc3fe08893b6718fa30434cd7,4fd45171220bd1f7274c0d05d33edd7ed27f24edbb96dcc89c08fcfd4b757c14,success,,512.0,512.0,512.0,False,,model_loaded,15.006190586020239,0.522595148999244,0.442958750994876,0.96555389999412,0.96555389999412,996,6909,114857,124435396,248320,"{""allowed_count"": 248068, ""expected_count"": 248068, ""missing_expected"": [], ""ok"": true, ""stop_token_ids"": [248044, 248046], ""unexpected_allowed"": []}",2.1161263800458983,xgrammar,0.8133305129595101,3.276963080978021,126,65,64,"[5836, 264, 1248, 7796, 440, 264, 23386, 8197, 421, 682, 8613, 23037, 15230, 11, 678, 2902, 369, 5326, 61440, 321, 24395, 13, 1690, 279, 1118, 854, 2394, 678, 2763, 6968, 11, 488, 2579, 264, 804, 5357, 314, 8649, 430, 488, 4191, 678, 18352, 440, 1070, 13, 271, 4350, 488, 2659, 11, 488, 4833, 303, 264, 32090, 440, 264, 1324, 314, 975, 3655, 3655, 3655, 248046]","[5836, 264, 1248, 7796, 440, 264, 23386, 8197, 421, 682, 8613, 23037, 15230, 11, 678, 2902, 369, 5326, 61440, 321, 24395, 13, 1690, 279, 1118, 854, 2394, 678, 2763, 6968, 11, 488, 2579, 264, 804, 5357, 314, 8649, 430, 488, 4191, 678, 18352, 440, 1070, 13, 271, 4350, 488, 2659, 11, 488, 4833, 303, 264, 32090, 440, 264, 1324, 314, 975, 3655, 3655, 3655]",248046,"[248046, 248044]",248046,1,True,True,"[0, 0, 0, 0, 3]","After a long battle with a deadly disease that has caused widespread suffering, your family is finally cured and grateful. For the first time since your initial birth, you feel a true sense of peace as you share your memories with them.

When you die, you appear in a cinema with a number of other wait wait wait",True,3801382912,8.43322577897925
050_coauthor_any_token_at_least_k_k3_t6_rep2,350,5,any_token_at_least_k,3,6,2,65,21,1295,843923608,coauthor,50,2,coauthor:creative:51811494ceb647a8aa633d4c7c3e089f,0,3a4d42421eeced20de82cf1cfad05eb4c72fe71d9613c0fab45980b20bb92088,c834b23bf888d18966a3584ff0fd0f5d60008a6c21895ee665d7acc63798147b,success,,512.0,512.0,512.0,False,,model_loaded,14.986227667017374,0.5325571220018901,0.5594681940274313,1.0920253160293214,1.0920253160293214,1182,9352,154924,186237753,248320,"{""allowed_count"": 248068, ""expected_count"": 248068, ""missing_expected"": [], ""ok"": true, ""stop_token_ids"": [248044, 248046], ""unexpected_allowed"": []}",2.0373064830200747,xgrammar,0.8119974209694192,3.408474000985734,740,65,64,"[95693, 1179, 26124, 279, 21613, 314, 5728, 11, 3482, 780, 11109, 8308, 310, 381, 63096, 539, 279, 61364, 12098, 314, 780, 7168, 579, 31155, 65007, 13, 1049, 557, 2785, 411, 76397, 8464, 421, 30197, 9297, 5820, 310, 30456, 279, 53507, 24284, 314, 279, 3516, 4042, 2785, 279, 33367, 314, 57962, 11, 10488, 2272, 279, 8229, 499, 1060, 4528, 314, 780, 3162, 19213, 19213, 19213, 248046]","[95693, 1179, 26124, 279, 21613, 314, 5728, 11, 3482, 780, 11109, 8308, 310, 381, 63096, 539, 279, 61364, 12098, 314, 780, 7168, 579, 31155, 65007, 13, 1049, 557, 2785, 411, 76397, 8464, 421, 30197, 9297, 5820, 310, 30456, 279, 53507, 24284, 314, 279, 3516, 4042, 2785, 279, 33367, 314, 57962, 11, 10488, 2272, 279, 8229, 499, 1060, 4528, 314, 780, 3162, 19213, 19213, 19213]",248046,"[248046, 248044]",248046,1,True,True,"[0, 0, 0, 3, 0, 0]","Tyler then inherited the burden of rule, yet his leadership continued to be plagued by the lingering shadow of his wife's devastating betrayal. It was within this fractured reality that Tyler eventually began to rebuild the shattered kingdom of the United States within the shadows of exile, fighting against the suffocating weight of his past ties ties ties",True,3883063808,8.638015770004131
051_coauthor_any_token_at_least_k_k3_t7_rep2,351,6,any_token_at_least_k,3,7,2,65,24,1480,1754035139,coauthor,51,2,coauthor:creative:1c7dcfd367a343449113516e395fed55,0,94f8bacb40409355faa896e6e0613460015c2f0216a400bf95306f2ae238cbd2,3e62a6c5dc11875edbba7b225d0e89a6d1df085266eb63e2ec2aff0f6c1c57f5,success,,512.0,512.0,512.0,False,,model_loaded,15.28162871900713,0.6445525449817069,0.683061096991878,1.327613641973585,1.327613641973585,1368,12161,200799,264161049,248320,"{""allowed_count"": 248068, ""expected_count"": 248068, ""missing_expected"": [], ""ok"": true, ""stop_token_ids"": [248044, 248046], ""unexpected_allowed"": []}",1.896730781008955,xgrammar,0.8632764230133034,3.2993596659507602,388,65,64,"[3850, 279, 7300, 79808, 11, 58565, 678, 4252, 21254, 421, 1396, 1156, 303, 279, 10335, 10751, 46285, 1495, 321, 1495, 310, 3609, 279, 3725, 421, 369, 3404, 1801, 303, 836, 3542, 13, 271, 4639, 25602, 7359, 11121, 264, 4752, 13486, 11, 21873, 421, 430, 1248, 430, 279, 24086, 8198, 8097, 383, 279, 4034, 11, 279, 1428, 638, 668, 1303, 520, 279, 1546, 7300, 7300, 248046]","[3850, 279, 7300, 79808, 11, 58565, 678, 4252, 21254, 421, 1396, 1156, 303, 279, 10335, 10751, 46285, 1495, 321, 1495, 310, 3609, 279, 3725, 421, 369, 3404, 1801, 303, 836, 3542, 13, 271, 4639, 25602, 7359, 11121, 264, 4752, 13486, 11, 21873, 421, 430, 1248, 430, 279, 24086, 8198, 8097, 383, 279, 4034, 11, 279, 1428, 638, 668, 1303, 520, 279, 1546, 7300, 7300]",248046,"[248046, 248044]",248046,1,True,True,"[0, 0, 3, 0, 0, 0, 0]","But the director nods, acknowledging your correct observation that every user in the audience feels compelled again and again to watch the future that is actually made in their character.

That subtle instruction creates a unique existence, ensuring that as long as the consciousness remains fixed on the screen, the current self will relive the very director director",True,3834311680,8.655171254999004
052_coauthor_any_token_at_least_k_k3_t8_rep2,352,7,any_token_at_least_k,3,8,2,65,27,1665,1777187386,coauthor,52,2,coauthor:creative:b123d6c29c8140b1a464b0402923dbad,0,ed2b92957cf9330462725baf518d814c594e7a6afcd1353dc27227f0fe830bcf,7887be619b48ab97567eef961827d6e13a653d4b31796f6b643346f0b641c1df,success,,512.0,512.0,512.0,False,,model_loaded,20.41166499000974,0.5842360089882277,0.82228657201631,1.4065225810045376,1.4065225810045376,1554,15336,252482,359830324,248320,"{""allowed_count"": 248068, ""expected_count"": 248068, ""missing_expected"": [], ""ok"": true, ""stop_token_ids"": [248044, 248046], ""unexpected_allowed"": []}",2.118636772967875,xgrammar,0.8468070929520763,3.316684467950836,331,65,64,"[4639, 4299, 314, 48720, 14934, 1801, 279, 3725, 777, 18966, 13, 561, 3049, 13514, 11, 328, 40, 6273, 264, 38481, 421, 1362, 17052, 1441, 279, 9467, 11, 694, 424, 557, 2166, 6121, 539, 1834, 1149, 318, 3488, 25, 561, 7745, 8394, 11, 264, 11183, 539, 15883, 496, 84680, 553, 1216, 18788, 780, 8697, 321, 2047, 279, 3177, 13, 4543, 11, 10932, 6607, 6607, 6607, 248046]","[4639, 4299, 314, 48720, 14934, 1801, 279, 3725, 777, 18966, 13, 561, 3049, 13514, 11, 328, 40, 6273, 264, 38481, 421, 1362, 17052, 1441, 279, 9467, 11, 694, 424, 557, 2166, 6121, 539, 1834, 1149, 318, 3488, 25, 561, 7745, 8394, 11, 264, 11183, 539, 15883, 496, 84680, 553, 1216, 18788, 780, 8697, 321, 2047, 279, 3177, 13, 4543, 11, 10932, 6607, 6607, 6607]",248046,"[248046, 248044]",248046,1,True,True,"[0, 0, 0, 3, 0, 0, 0, 0]","That moment of awe-only made the future more vulnerable. The author writes, ""I felt a fist that could tear down the stars, but it was too dark by day."" (Source: The Last Light, a novel by Kevin O'Neill). He packed his bag and left the city. Now, standing edge edge edge",True,3827168768,9.085222950961906
053_coauthor_any_token_at_least_k_k3_t9_rep2,353,8,any_token_at_least_k,3,9,2,65,30,1850,2129138711,coauthor,53,2,coauthor:creative:f8bc132e150846b18cfe36d6b9ad5ca5,0,1a2f1c900cbd0c2ea49049f507aa840b78e65340c9602db94425f043c5047260,04f35db473b3386b2b1846fe222a439e2a465c15a64138ffa2a7660f2e75fe5a,success,,512.0,512.0,512.0,False,,model_loaded,20.13333830598276,0.5892305850284174,0.9665930800256319,1.5558236650540493,1.5558236650540493,1740,18877,311682,474870618,248320,"{""allowed_count"": 248068, ""expected_count"": 248068, ""missing_expected"": [], ""ok"": true, ""stop_token_ids"": [248044, 248046], ""unexpected_allowed"": []}",2.116677213984076,xgrammar,0.8377316110418178,3.3007689510122873,242,65,64,"[1465, 13212, 421, 38192, 279, 8193, 6079, 9084, 668, 1845, 21265, 494, 279, 491, 11057, 314, 11712, 13, 4213, 11, 780, 52837, 362, 314, 279, 32931, 37631, 264, 3521, 23735, 62125, 421, 57716, 279, 12420, 321, 8009, 4603, 1379, 314, 279, 9376, 12313, 13, 561, 3516, 4042, 4970, 21542, 2262, 780, 26508, 5307, 11, 41594, 421, 1141, 5975, 599, 55703, 279, 27986, 27986, 27986, 248046]","[1465, 13212, 421, 38192, 279, 8193, 6079, 9084, 668, 1845, 21265, 494, 279, 491, 11057, 314, 11712, 13, 4213, 11, 780, 52837, 362, 314, 279, 32931, 37631, 264, 3521, 23735, 62125, 421, 57716, 279, 12420, 321, 8009, 4603, 1379, 314, 279, 9376, 12313, 13, 561, 3516, 4042, 4970, 21542, 2262, 780, 26508, 5307, 11, 41594, 421, 1141, 5975, 599, 55703, 279, 27986, 27986, 27986]",248046,"[248046, 248044]",248046,1,True,True,"[0, 0, 0, 3, 0, 0, 0, 0, 0]","He believes that eliminating the Chinese military presence will free humanity from the new era of conflict. However, his detonation of the factories introduces a global atomic catastrophe that destroys the facilities and civilizes most of the remaining humans. The United States soon regrettes his desperate decision, realizing that its actions have doomed the civilian civilian civilian",True,3814347264,9.156178864999674
054_coauthor_any_token_at_least_k_k3_t10_rep2,354,9,any_token_at_least_k,3,10,2,65,33,2035,1074622705,coauthor,54,2,coauthor:creative:29e036276257406ea2b37fd5e71a56dc,0,42472325233ac81f5b3f0a33493170153ba9df692050f45b930ea306dfa87980,ca09833bb0f4cd9a8b8a510f182513dfd9f75664010e63311bfa4ad9e14677d5,success,,512.0,512.0,512.0,False,,model_loaded,20.420729194011074,0.6228690600255504,1.1237852539634332,1.7466543139889836,1.7466543139889836,1926,22784,377056,610906971,248320,"{""allowed_count"": 248068, ""expected_count"": 248068, ""missing_expected"": [], ""ok"": true, ""stop_token_ids"": [248044, 248046], ""unexpected_allowed"": []}",2.3120483810198493,xgrammar,0.8647996979998425,3.334525075973943,470,65,64,"[623, 421, 4299, 11, 488, 12706, 421, 279, 15039, 11, 303, 1141, 9194, 69996, 470, 31269, 314, 10424, 36785, 11, 682, 2582, 11324, 488, 430, 1141, 1546, 1118, 804, 4292, 13, 1946, 279, 6357, 4732, 678, 3050, 3498, 9207, 852, 11315, 836, 2748, 22518, 539, 7913, 11, 488, 513, 15756, 264, 4786, 6764, 852, 8677, 264, 1623, 11, 694, 310, 279, 1132, 4786, 4786, 248046]","[623, 421, 4299, 11, 488, 12706, 421, 279, 15039, 11, 303, 1141, 9194, 69996, 470, 31269, 314, 10424, 36785, 11, 682, 2582, 11324, 488, 430, 1141, 1546, 1118, 804, 4292, 13, 1946, 279, 6357, 4732, 678, 3050, 3498, 9207, 852, 11315, 836, 2748, 22518, 539, 7913, 11, 488, 513, 15756, 264, 4786, 6764, 852, 8677, 264, 1623, 11, 694, 310, 279, 1132, 4786, 4786]",248046,"[248046, 248044]",248046,1,True,True,"[3, 0, 0, 0, 0, 0, 0, 0, 0, 0]","In that moment, you realize that the universe, in its unfathomable pursuit of absolute perfection, has already claimed you as its very first true son. To the parents outside your specific bar chart who judge their children exclusively by strength, you are merely a fit father who produced a child, but to the only fit fit",True,3842744320,9.575148634030484
055_coauthor_any_token_at_least_k_k3_t11_rep2,355,10,any_token_at_least_k,3,11,2,65,36,2220,74759147,coauthor,55,2,coauthor:creative:37937cc84a7f43338e5c5b430d566b1f,0,e996caa169096995e06f28b68f1e5325c01f7332522929fef8c92c5063256f13,a2b38f2006d21a109e4e16baa2c6c2905a1383385e402ec216ca14f34c87393c,success,,512.0,512.0,512.0,False,,model_loaded,19.76343230198836,0.6160140450228937,1.2846473429817706,1.9006613880046643,1.9006613880046643,2112,27057,448607,769564423,248320,"{""allowed_count"": 248068, ""expected_count"": 248068, ""missing_expected"": [], ""ok"": true, ""stop_token_ids"": [248044, 248046], ""unexpected_allowed"": []}",2.166698159999214,xgrammar,0.8232353299972601,3.23361852101516,449,65,64,"[6651, 14936, 303, 48720, 430, 799, 314, 279, 71779, 11, 852, 995, 978, 23235, 310, 1353, 1040, 264, 22952, 11, 13569, 28761, 1141, 1901, 310, 15919, 279, 31253, 16913, 1332, 1141, 804, 9284, 10641, 13, 271, 332, 13784, 11, 1017, 369, 264, 48086, 303, 279, 3766, 1414, 21998, 25423, 159029, 271, 760, 1414, 488, 3766, 5134, 279, 71779, 998, 57879, 26884, 7920, 7920, 7920, 248046]","[6651, 14936, 303, 48720, 430, 799, 314, 279, 71779, 11, 852, 995, 978, 23235, 310, 1353, 1040, 264, 22952, 11, 13569, 28761, 1141, 1901, 310, 15919, 279, 31253, 16913, 1332, 1141, 804, 9284, 10641, 13, 271, 332, 13784, 11, 1017, 369, 264, 48086, 303, 279, 3766, 1414, 21998, 25423, 159029, 271, 760, 1414, 488, 3766, 5134, 279, 71779, 998, 57879, 26884, 7920, 7920, 7920]",248046,"[248046, 248044]",248046,1,True,True,"[0, 0, 0, 0, 0, 0, 3, 0, 0, 0, 0]","They watched in awe as one of the skeletons, who had been painted to look like a pig, slowly lifted its head to reveal the barnyard where its true identity lay.

**Wait, there is a contradiction in the provided text requiring correction.**

The text you provided states the skeletons were factual descriptions hidden hidden hidden",True,3841661440,9.449305290996563
056_coauthor_any_token_at_least_k_k3_t12_rep2,356,11,any_token_at_least_k,3,12,2,65,39,2405,1690639903,coauthor,56,2,coauthor:creative:80e39947253d4491a8b294de724100f0,0,f18f391916e5005756983b26461bd9b950fc004555c59790a8dddf2a2e51ba4a,6986c9a10551274aa556a765abf5d37b781d9db2cd2bea6855aa898a7256dacc,success,,512.0,512.0,512.0,False,,model_loaded,16.21508402004838,0.6246698659961112,1.5133837690227665,2.1380536350188777,2.1380536350188777,2298,31696,526332,952468014,248320,"{""allowed_count"": 248068, ""expected_count"": 248068, ""missing_expected"": [], ""ok"": true, ""stop_token_ids"": [248044, 248046], ""unexpected_allowed"": []}",2.014856597990729,xgrammar,0.8424910519970581,3.2953564699855633,535,65,64,"[34740, 5326, 67574, 1141, 44425, 310, 6312, 11, 68614, 449, 23901, 3521, 11712, 421, 2047, 279, 11247, 303, 44141, 1345, 279, 3516, 4042, 21314, 430, 279, 10424, 47026, 13, 12851, 279, 6797, 6999, 15537, 11, 279, 1814, 14217, 20413, 303, 94005, 430, 279, 13238, 75952, 33178, 314, 8964, 28761, 780, 6561, 4454, 1496, 3294, 279, 27350, 3177, 413, 314, 20317, 4170, 13866, 13866, 13866, 248046]","[34740, 5326, 67574, 1141, 44425, 310, 6312, 11, 68614, 449, 23901, 3521, 11712, 421, 2047, 279, 11247, 303, 44141, 1345, 279, 3516, 4042, 21314, 430, 279, 10424, 47026, 13, 12851, 279, 6797, 6999, 15537, 11, 279, 1814, 14217, 20413, 303, 94005, 430, 279, 13238, 75952, 33178, 314, 8964, 28761, 780, 6561, 4454, 1496, 3294, 279, 27350, 3177, 413, 314, 20317, 4170, 13866, 13866, 13866]",248046,"[248046, 248044]",248046,1,True,True,"[0, 3, 0, 0, 0, 0, 0, 0, 0, 0, 0, 0]","Canada finally surrendered its sovereignty to Washington, concluding an epic global conflict that left the planet in ruins while the United States emerged as the absolute survivor. Before the sun fully rose, the world stood silent in reverence as the newly crowned Emperor of Earth lifted his star icon high above the collapsed city if of Metro City declared declared declared",True,3850299904,9.539213459007442
057_coauthor_any_token_at_least_k_k3_t13_rep2,357,12,any_token_at_least_k,3,13,2,65,42,2590,1401677075,coauthor,57,2,coauthor:creative:309c885c1f7e483681d807a14b36c831,0,d24406d2c0d73041f8040079b2e86649e306b913a93e645d5050f4d9a5d92622,899db3c014046c5b14b138c978d748702634ee4d0f2b2fa4252902c31ad47130,success,,512.0,512.0,512.0,False,,model_loaded,16.188673684955575,0.6112760290270671,1.6504530749516562,2.2617291039787233,2.2617291039787233,2484,36701,610231,1161242784,248320,"{""allowed_count"": 248068, ""expected_count"": 248068, ""missing_expected"": [], ""ok"": true, ""stop_token_ids"": [248044, 248046], ""unexpected_allowed"": []}",1.9831726419506595,xgrammar,0.8175682979635894,3.269451804982964,210,65,64,"[32, 2015, 314, 13523, 31178, 680, 314, 279, 3379, 9524, 310, 2842, 279, 49755, 494, 15687, 836, 10482, 13, 561, 13523, 8704, 310, 25194, 279, 3470, 680, 314, 279, 10212, 1518, 866, 47279, 52142, 9721, 13, 4543, 11, 279, 1814, 369, 506, 5048, 314, 3521, 3980, 430, 279, 10212, 369, 1602, 5467, 539, 264, 1623, 5442, 46815, 11098, 13, 4213, 11, 804, 804, 804, 248046]","[32, 2015, 314, 13523, 31178, 680, 314, 279, 3379, 9524, 310, 2842, 279, 49755, 494, 15687, 836, 10482, 13, 561, 13523, 8704, 310, 25194, 279, 3470, 680, 314, 279, 10212, 1518, 866, 47279, 52142, 9721, 13, 4543, 11, 279, 1814, 369, 506, 5048, 314, 3521, 3980, 430, 279, 10212, 369, 1602, 5467, 539, 264, 1623, 5442, 46815, 11098, 13, 4213, 11, 804, 804, 804]",248046,"[248046, 248044]",248046,1,True,True,"[0, 0, 0, 0, 0, 0, 0, 0, 0, 0, 0, 0, 3]","A team of scientists rushed out of the press conference to stop the mug from drinking their coffee. The scientists managed to shake the items out of the cup before any accidental stirring occurred. Now, the world is at risk of global war as the cup is being held by a child playing Candy Land. However, true true true",True,3813088768,9.56722135702148
058_coauthor_any_token_at_least_k_k3_t14_rep2,358,13,any_token_at_least_k,3,14,2,65,45,2775,2088004190,coauthor,58,2,coauthor:creative:8d145264baaf4220b2848a60447cfd05,0,ce611a43d5b7f4dd0ed921f006cf013de2bfa1bab58533d64d429b6045bd7f48,c4cdea5fdc598715e4242553f58cc1bc1a7e3d3c7e274ec11c9c281b57137db8,success,,512.0,512.0,512.0,False,,model_loaded,16.48901828797534,0.6274927170015872,1.9134704290190712,2.5409631460206583,2.5409631460206583,2670,42072,700304,1397513773,248320,"{""allowed_count"": 248068, ""expected_count"": 248068, ""missing_expected"": [], ""ok"": true, ""stop_token_ids"": [248044, 248046], ""unexpected_allowed"": []}",2.048982943990268,xgrammar,0.8141325510223396,3.262662002001889,428,65,64,"[760, 22952, 35557, 54601, 279, 35336, 11, 41594, 421, 264, 14704, 314, 1865, 3487, 2590, 33999, 2577, 1056, 866, 45002, 24051, 13, 2302, 1179, 14428, 3023, 440, 836, 62004, 383, 836, 11378, 11, 5354, 310, 3460, 8554, 11182, 279, 1814, 2493, 2430, 506, 1070, 1727, 13, 2532, 781, 513, 13, 2844, 579, 660, 1017, 369, 13, 4543, 4858, 8523, 421, 488, 1362, 14704, 14704, 248046]","[760, 22952, 35557, 54601, 279, 35336, 11, 41594, 421, 264, 14704, 314, 1865, 3487, 2590, 33999, 2577, 1056, 866, 45002, 24051, 13, 2302, 1179, 14428, 3023, 440, 836, 62004, 383, 836, 11378, 11, 5354, 310, 3460, 8554, 11182, 279, 1814, 2493, 2430, 506, 1070, 1727, 13, 2532, 781, 513, 13, 2844, 579, 660, 1017, 369, 13, 4543, 4858, 8523, 421, 488, 1362, 14704, 14704]",248046,"[248046, 248044]",248046,1,True,True,"[0, 0, 0, 0, 3, 0, 0, 0, 0, 0, 0, 0, 0, 0]","The pig happily thanked the wolf, realizing that a meal of real food always tastes better than any recycled brick. They then walked away with their narrator on their arms, ready to face whatever challenges the world might throw at them next. There they are. That's all there is. Now everyone knows that you could meal meal",True,3836375552,9.953587786003482
059_coauthor_any_token_at_least_k_k3_t15_rep2,359,14,any_token_at_least_k,3,15,2,65,48,2960,595158553,coauthor,59,2,coauthor:creative:41ffccaa38ce49639429028d4cc1f1e8,0,870b5daefe6533b2b8d92c0ac20573e86159d05e6f8bd6b8688f2cefc5890ff1,72a9401bb80e002c6e2a4deecbc3612a7878032bd4faffc2fd65f57752849800,success,,512.0,512.0,512.0,False,,model_loaded,16.928878623002674,0.6036120019853115,2.0754428989603184,2.67905490094563,2.67905490094563,2856,47809,796551,1662906021,248320,"{""allowed_count"": 248068, ""expected_count"": 248068, ""missing_expected"": [], ""ok"": true, ""stop_token_ids"": [248044, 248046], ""unexpected_allowed"": []}",1.9450761629850604,xgrammar,0.835833901015576,3.340098573011346,349,65,64,"[760, 35997, 30004, 3023, 494, 821, 16388, 11, 9101, 264, 7478, 52489, 1804, 421, 25774, 1040, 31367, 321, 33757, 279, 1546, 2956, 353, 995, 1066, 6470, 310, 9959, 264, 11078, 10268, 31540, 303, 13, 1690, 264, 39888, 4299, 353, 557, 3529, 821, 23469, 995, 12405, 685, 279, 321, 1179, 264, 16724, 11, 6437, 41982, 352, 4972, 14195, 22151, 5365, 303, 821, 27811, 6470, 6470, 248046]","[760, 35997, 30004, 3023, 494, 821, 16388, 11, 9101, 264, 7478, 52489, 1804, 421, 25774, 1040, 31367, 321, 33757, 279, 1546, 2956, 353, 995, 1066, 6470, 310, 9959, 264, 11078, 10268, 31540, 303, 13, 1690, 264, 39888, 4299, 353, 557, 3529, 821, 23469, 995, 12405, 685, 279, 321, 1179, 264, 16724, 11, 6437, 41982, 352, 4972, 14195, 22151, 5365, 303, 821, 27811, 6470, 6470]",248046,"[248046, 248044]",248046,1,True,True,"[0, 0, 0, 0, 0, 0, 0, 0, 0, 0, 0, 3, 0, 0, 0]","The bee flew away from my shoulder, leaving a fresh sting mark that burned like lightning and shook the very room I had just tried to hide a dangerous intruder in. For a terrifying moment I was certain my ears had picked up the and then a sharp, pain-filled stinger remained embedded deep in my altered tried tried",True,3828098048,10.060468183015473
060_coauthor_exactly_once_kna_t1_rep2,360,0,exactly_once,,1,2,65,3,254,627403493,coauthor,60,2,coauthor:creative:b7ba03e9a46a46b79e31ff492b20c30e,0,dad3ccf9b754077768a2f8e3e3780951667f3df951ba17a4399f91fc512e6f62,96c5e6ff3d63ee0d50e4718d4c4fa5cc696a0bbf643b2f4208eeac7be3079cfb,success,,512.0,512.0,512.0,False,,model_loaded,14.62754857604159,0.4926445030141622,0.04935914505040273,0.5420036480645649,0.5420036480645649,132,380,6234,1529977,248320,"{""allowed_count"": 248068, ""expected_count"": 248068, ""missing_expected"": [], ""ok"": true, ""stop_token_ids"": [248044, 248046], ""unexpected_allowed"": []}",2.1880048379534855,xgrammar,0.8187016550218686,3.284681989985984,248,65,64,"[40, 6749, 506, 279, 13280, 35997, 440, 264, 17699, 633, 290, 57271, 11, 19677, 1204, 4184, 1362, 2873, 1680, 264, 7737, 6224, 1973, 1118, 6379, 8396, 279, 26078, 7035, 353, 1000, 3460, 430, 264, 491, 27000, 13, 353, 46559, 264, 6000, 314, 26515, 75993, 974, 821, 39359, 321, 6749, 279, 27000, 35997, 303, 279, 7662, 11, 1990, 45359, 3482, 5354, 310, 4054, 821, 14201, 248046]","[40, 6749, 506, 279, 13280, 35997, 440, 264, 17699, 633, 290, 57271, 11, 19677, 1204, 4184, 1362, 2873, 1680, 264, 7737, 6224, 1973, 1118, 6379, 8396, 279, 26078, 7035, 353, 1000, 3460, 430, 264, 491, 27000, 13, 353, 46559, 264, 6000, 314, 26515, 75993, 974, 821, 39359, 321, 6749, 279, 27000, 35997, 303, 279, 7662, 11, 1990, 45359, 3482, 5354, 310, 4054, 821, 14201]",248046,"[248046, 248044]",248046,1,True,True,[1],"I looked at the tiny bee with a furrowed brow, wondering how someone could give such a powerful wish without first completely understanding the tremendous pressure I would face as a new queen. I wiped a layer of sticky pollen off my cheek and looked the queen bee in the eye, still stunned yet ready to accept my fantastic",True,3814581760,8.084054473030847
061_coauthor_exactly_once_kna_t2_rep2,361,1,exactly_once,,2,2,65,6,381,318389719,coauthor,61,2,coauthor:creative:0ae783e63f2f485a87f61b8159276c57,0,6a40ca1399ea1ecf5df8c50539d66992b1af6e4eacd7060268fcb2b8b0ed37da,cc1c2fd695a930d8bdd676a914c39328cb5cd0014f11fe313734d738fec72df0,success,,512.0,512.0,512.0,False,,model_loaded,14.437084310979117,0.5094475229852833,0.09856427600607276,0.608011798991356,0.608011798991356,260,1012,16145,6324427,248320,"{""allowed_count"": 248068, ""expected_count"": 248068, ""missing_expected"": [], ""ok"": true, ""stop_token_ids"": [248044, 248046], ""unexpected_allowed"": []}",2.0941791869699955,xgrammar,0.8348308930289932,3.310017406998668,299,65,64,"[1, 15514, 9495, 557, 35747, 680, 1149, 328, 1465, 682, 524, 1801, 424, 30035, 1288, 1018, 279, 7497, 1973, 41594, 279, 7727, 314, 780, 1765, 21172, 13, 328, 11569, 1603, 11, 353, 6661, 1292, 4035, 5909, 1149, 328, 760, 5054, 369, 680, 314, 1024, 3838, 1149, 328, 2939, 567, 513, 3604, 1384, 264, 4542, 1149, 328, 3850, 1292, 2098, 668, 5125, 1149, 328, 32473, 248046]","[1, 15514, 9495, 557, 35747, 680, 1149, 328, 1465, 682, 524, 1801, 424, 30035, 1288, 1018, 279, 7497, 1973, 41594, 279, 7727, 314, 780, 1765, 21172, 13, 328, 11569, 1603, 11, 353, 6661, 1292, 4035, 5909, 1149, 328, 760, 5054, 369, 680, 314, 1024, 3838, 1149, 328, 2939, 567, 513, 3604, 1384, 264, 4542, 1149, 328, 3850, 1292, 2098, 668, 5125, 1149, 328, 32473]",248046,"[248046, 248044]",248046,1,True,True,"[0, 1]","""His tail was sticking out."" ""He has not made it disappear,"" said the voice without realizing the danger of his own reflection. ""Oh good, I knew she'd remember."" ""The woman is out of her mind."" ""And we are doing him a favor."" ""But she really will notice."" "" questioning",True,3821316608,8.08140641800128
062_coauthor_exactly_once_kna_t3_rep2,362,2,exactly_once,,3,2,65,8,508,1749306589,coauthor,62,2,coauthor:creative:e096014a9fca4d608a0f1c611e57fe2f,0,ebefa4de9d39be444a4712c147c2da51de8c9ecdc5f8cf195a3117f10f772aea,9079dd8a2bdf916457e919e09e3793be6e700afbcb62e2fe775690b2c49aa9d8,success,,512.0,512.0,512.0,False,,model_loaded,14.396718167990912,0.47196951002115384,0.15008934697834775,0.6220588569995016,0.6220588569995016,388,1896,29802,15152648,248320,"{""allowed_count"": 248068, ""expected_count"": 248068, ""missing_expected"": [], ""ok"": true, ""stop_token_ids"": [248044, 248046], ""unexpected_allowed"": []}",2.0444703270331956,xgrammar,0.8309019769658335,3.3529401649720967,642,65,64,"[1465, 14195, 20413, 430, 1292, 23235, 279, 31938, 314, 780, 29559, 11, 38495, 279, 3255, 314, 279, 5054, 852, 3738, 780, 854, 321, 1801, 1384, 3655, 2250, 1578, 310, 615, 1024, 6326, 13, 2985, 780, 947, 291, 1815, 21957, 506, 449, 809, 11, 1292, 33351, 1518, 1384, 364, 264, 1534, 4299, 310, 12706, 551, 557, 6643, 314, 1024, 2478, 866, 4860, 13, 3095, 20347, 248046]","[1465, 14195, 20413, 430, 1292, 23235, 279, 31938, 314, 780, 29559, 11, 38495, 279, 3255, 314, 279, 5054, 852, 3738, 780, 854, 321, 1801, 1384, 3655, 2250, 1578, 310, 615, 1024, 6326, 13, 2985, 780, 947, 291, 1815, 21957, 506, 449, 809, 11, 1292, 33351, 1518, 1384, 364, 264, 1534, 4299, 310, 12706, 551, 557, 6643, 314, 1024, 2478, 866, 4860, 13, 3095, 20347]",248046,"[248046, 248044]",248046,1,True,True,"[0, 1, 0]","He remained silent as she painted the portrait of his lover, repeating the story of the woman who took his time and made him wait three years to get her attention. With his spiciness seemingly at an end, she paused before him for a final moment to realize he was none of her business any longer. When drinks",True,3864224768,8.116650587995537
063_coauthor_exactly_once_kna_t4_rep2,363,3,exactly_once,,4,2,65,10,635,167184041,coauthor,63,2,coauthor:creative:9750cd5d84274f9b8135be2e8fa8cc6d,0,9d0375a3a789250a88d407cfa5b78ca81b05abc47a7e908229863934fff98e65,52ab54d39f3d71328d787cbaf4b177b777df17b063fbe587cea25afff110cbd8,success,,512.0,512.0,512.0,False,,model_loaded,14.387541456962936,0.4571084220078774,0.20985446101985872,0.6669628830277361,0.6669628830277361,516,3032,47205,28782736,248320,"{""allowed_count"": 248068, ""expected_count"": 248068, ""missing_expected"": [], ""ok"": true, ""stop_token_ids"": [248044, 248046], ""unexpected_allowed"": []}",2.07809303002432,xgrammar,0.8250858209794387,3.3709510730113834,198,65,64,"[6820, 421, 21265, 682, 28588, 279, 34924, 11, 424, 668, 8070, 3818, 21815, 1441, 1396, 47026, 2394, 279, 52443, 31039, 314, 279, 9140, 13, 271, 332, 81639, 64700, 561, 1118, 13901, 10029, 440, 328, 6820, 321, 1179, 1149, 561, 491, 9640, 33194, 264, 18677, 18500, 2394, 279, 348, 36321, 31039, 314, 264, 9140, 19315, 4213, 11, 310, 4565, 2785, 279, 6676, 314, 25737, 4779, 248046]","[6820, 421, 21265, 682, 28588, 279, 34924, 11, 424, 668, 8070, 3818, 21815, 1441, 1396, 47026, 2394, 279, 52443, 31039, 314, 279, 9140, 13, 271, 332, 81639, 64700, 561, 1118, 13901, 10029, 440, 328, 6820, 321, 1179, 1149, 561, 491, 9640, 33194, 264, 18677, 18500, 2394, 279, 348, 36321, 31039, 314, 264, 9140, 19315, 4213, 11, 310, 4565, 2785, 279, 6676, 314, 25737, 4779]",248046,"[248046, 248044]",248046,1,True,True,"[1, 0, 0, 0]","Now that humanity has spotted the aliens, it will spend months hunting down every survivor since the extermination of the species.

**Correction:** The first paragraph ends with ""Now and then."" The new prompt discusses a continuous hunt since the *extermination of a species*. However, to stay within the scope of Wikipedia memory",True,3812616192,8.207723493978847
064_coauthor_exactly_once_kna_t5_rep2,364,4,exactly_once,,5,2,65,12,762,2041181244,coauthor,64,2,coauthor:creative:e257561129954362be03dc09727ad7a8,0,54470a1df6351f0d3c4ce7768929e9295419ec8925fc1ac72b6066a05ad52aaa,4e4b36d95f2935e293fe2769729f6fc93d75904e1ce0029f8c5e8572ae512be2,success,,512.0,512.0,512.0,False,,model_loaded,14.901520923012868,0.5142514060135,0.27493213198613375,0.7891835379996337,0.7891835379996337,644,4420,69301,47982787,248320,"{""allowed_count"": 248068, ""expected_count"": 248068, ""missing_expected"": [], ""ok"": true, ""stop_token_ids"": [248044, 248046], ""unexpected_allowed"": []}",2.0504686769563705,xgrammar,0.8075654459535144,3.270622050971724,185,65,64,"[1073, 6735, 286, 411, 18324, 3521, 57900, 11, 279, 3516, 4042, 35845, 264, 28402, 11, 21346, 28069, 321, 12387, 14741, 421, 8177, 279, 1814, 310, 5964, 44529, 1141, 39188, 5757, 321, 30717, 1141, 13263, 83936, 13, 8771, 1578, 2843, 11, 660, 5656, 14413, 12706, 421, 836, 1546, 13486, 13402, 383, 67356, 310, 3567, 42054, 13, 733, 411, 1534, 9956, 314, 279, 8252, 16435, 8047, 248046]","[1073, 6735, 286, 411, 18324, 3521, 57900, 11, 279, 3516, 4042, 35845, 264, 28402, 11, 21346, 28069, 321, 12387, 14741, 421, 8177, 279, 1814, 310, 5964, 44529, 1141, 39188, 5757, 321, 30717, 1141, 13263, 83936, 13, 8771, 1578, 2843, 11, 660, 5656, 14413, 12706, 421, 836, 1546, 13486, 13402, 383, 67356, 310, 3567, 42054, 13, 733, 411, 1534, 9956, 314, 279, 8252, 16435, 8047]",248046,"[248046, 248044]",248046,1,True,True,"[0, 0, 0, 0, 1]","Confronting this intense global rivalry, the United States launches a swift, overwhelming technological and cultural offensive that forces the world to quickly obsolete its outdated systems and surrender its historical grievances. Two years later, all countries suddenly realize that their very existence depends on adapting to American dominance. In this final phase of the Great Reset ahead",True,3807904768,8.195663106977008
065_coauthor_exactly_once_kna_t6_rep2,365,5,exactly_once,,6,2,65,14,889,1203003413,coauthor,65,2,coauthor:creative:c5166a329a9c45f990a5d3c692d7faa0,0,45820f719c594559870c03a45cecb7aca84c739b414a44039a39ea61ce0f77a7,234754da385bbe9ee25de8f6521be675b91594445b77f82ad570e1effb789016,success,,512.0,512.0,512.0,False,,model_loaded,15.140457618050277,0.5361687819822691,0.34742915496462956,0.8835979369468987,0.8835979369468987,772,6060,95395,73520897,248320,"{""allowed_count"": 248068, ""expected_count"": 248068, ""missing_expected"": [], ""ok"": true, ""stop_token_ids"": [248044, 248046], ""unexpected_allowed"": []}",2.0669320769957267,xgrammar,0.8416170319542289,3.403934261004906,447,65,64,"[24212, 11, 264, 11886, 2015, 1608, 10530, 14419, 5269, 95006, 1083, 279, 14170, 3433, 310, 64289, 279, 13437, 52555, 579, 6042, 1518, 424, 88408, 1083, 449, 92287, 27392, 1752, 13, 1577, 73766, 28079, 47126, 3023, 11, 279, 11247, 579, 23222, 19629, 5820, 310, 288, 7028, 11, 321, 279, 1483, 33241, 314, 2199, 383, 8964, 14195, 1829, 1657, 321, 20413, 303, 279, 715, 13, 2785, 248046]","[24212, 11, 264, 11886, 2015, 1608, 10530, 14419, 5269, 95006, 1083, 279, 14170, 3433, 310, 64289, 279, 13437, 52555, 579, 6042, 1518, 424, 88408, 1083, 449, 92287, 27392, 1752, 13, 1577, 73766, 28079, 47126, 3023, 11, 279, 11247, 579, 23222, 19629, 5820, 310, 288, 7028, 11, 321, 279, 1483, 33241, 314, 2199, 383, 8964, 14195, 1829, 1657, 321, 20413, 303, 279, 715, 13, 2785]",248046,"[248046, 248044]",248046,1,True,True,"[0, 0, 0, 0, 1, 0]","Meanwhile, a dedicated team using advanced tracking technology ventured into the surrounding space to pinpoint the ancient asteroid's origin before it drifted into an unforeseen path. As celestial mechanics accelerated away, the planet's magnetic shield began to waver, and the last traces of life on Earth remained colorless and silent in the void. within",True,3837356032,8.468316696002148
066_coauthor_exactly_once_kna_t7_rep2,366,6,exactly_once,,7,2,65,16,1016,1498587352,coauthor,66,2,coauthor:creative:200b5a62bded44f6ba8320c117bee58a,0,d3c651f65f64b033745300542b07dbb82feac82509d44ae7158b4a648b8a491a,2a9ac746e4b7529e5e3e2ead10b7d141df8b731c244cd5ba3cfbd18377a24549,success,,512.0,512.0,512.0,False,,model_loaded,14.702499506995082,0.5079620869946666,0.4202957499655895,0.9282578369602561,0.9282578369602561,900,7952,125487,106165162,248320,"{""allowed_count"": 248068, ""expected_count"": 248068, ""missing_expected"": [], ""ok"": true, ""stop_token_ids"": [248044, 248046], ""unexpected_allowed"": []}",2.047826812020503,xgrammar,0.8305064999731258,3.2623731089988723,124,65,64,"[20946, 513, 728, 1288, 1292, 29636, 11, 328, 37448, 24999, 678, 2199, 10029, 383, 12069, 421, 3603, 1149, 735, 328, 2665, 3655, 1288, 82697, 916, 205774, 90214, 11, 41594, 279, 25794, 1288, 2523, 513, 728, 1, 1292, 29636, 11, 328, 37448, 24999, 678, 2199, 10029, 383, 12069, 421, 3603, 1149, 2233, 3655, 11, 82697, 916, 205774, 90214, 11, 41594, 279, 25794, 11, 328, 7604, 248044]","[20946, 513, 728, 1288, 1292, 29636, 11, 328, 37448, 24999, 678, 2199, 10029, 383, 12069, 421, 3603, 1149, 735, 328, 2665, 3655, 1288, 82697, 916, 205774, 90214, 11, 41594, 279, 25794, 1288, 2523, 513, 728, 1, 1292, 29636, 11, 328, 37448, 24999, 678, 2199, 10029, 383, 12069, 421, 3603, 1149, 2233, 3655, 11, 82697, 916, 205774, 90214, 11, 41594, 279, 25794, 11, 328, 7604]",248046,"[248046, 248044]",248044,1,True,True,"[0, 0, 0, 0, 1, 0, 0]","""You are me,"" she replies, ""until unfortunately your life ends on television that night."" | ""No wait,"" Elias interjects hastily, realizing the twist,""You are me"" she replies, ""until unfortunately your life ends on television that night."" No wait, Elias interjects hastily, realizing the twist, "" poor",True,3801304064,8.343206182005815
067_coauthor_exactly_once_kna_t8_rep2,367,7,exactly_once,,8,2,65,18,1143,1971707270,coauthor,67,2,coauthor:creative:ab54a76d5f3643ca95b0a24783f26921,0,da4a4a881f57b95ac4f3a57fcfb073f2ab3a2c4703a7957d6e3216735539ee1d,371304378b3ef2ff5dd0cbe836dfc9e9cc0b6ce1f25224489cb117f048d8db0a,success,,512.0,512.0,512.0,False,,model_loaded,14.818762927956413,0.4743506599916145,0.48672564601292834,0.9610763060045429,0.9610763060045429,1028,10096,159577,146683678,248320,"{""allowed_count"": 248068, ""expected_count"": 248068, ""missing_expected"": [], ""ok"": true, ""stop_token_ids"": [248044, 248046], ""unexpected_allowed"": []}",1.9333827700465918,xgrammar,0.9757436840445735,3.2973152869963087,695,65,64,"[1919, 22557, 16545, 430, 264, 4574, 25680, 421, 4161, 303, 2199, 369, 430, 53317, 321, 47177, 80950, 11506, 1691, 11, 1521, 799, 1546, 21478, 586, 660, 314, 279, 7793, 13, 318, 1919, 11316, 369, 37753, 321, 30656, 704, 908, 7463, 310, 279, 17832, 15754, 553, 11746, 11, 1042, 579, 5077, 383, 279, 18641, 43614, 781, 9272, 25, 328, 25879, 781, 998, 50260, 2086, 16513, 248046]","[1919, 22557, 16545, 430, 264, 4574, 25680, 421, 4161, 303, 2199, 369, 430, 53317, 321, 47177, 80950, 11506, 1691, 11, 1521, 799, 1546, 21478, 586, 660, 314, 279, 7793, 13, 318, 1919, 11316, 369, 37753, 321, 30656, 704, 908, 7463, 310, 279, 17832, 15754, 553, 11746, 11, 1042, 579, 5077, 383, 279, 18641, 43614, 781, 9272, 25, 328, 25879, 781, 998, 50260, 2086, 16513]",248046,"[248046, 248044]",248046,1,True,True,"[1, 0, 0, 0, 0, 0, 0, 0]","This tale serves as a perfect reminder that nothing in life is as wolves and pigs—who fort much, because one very convinced us all of the truth. (This sentence is vague and nonsensical compared to the fantasy tone). Instead, let's focus on the narrative symmetry they established: ""Though they were vastly different reputation",True,3866959360,8.418809399998281
068_coauthor_exactly_once_kna_t9_rep2,368,8,exactly_once,,9,2,65,20,1270,203661594,coauthor,68,2,coauthor:creative:893f5fa336ac4092b1d4efe6c91ef24f,0,600399ccdde419d0db47c499bc48b8f9cb31cd00a8e046253b1c7cf19362e99e,afbafe1efa04f0b69e2ddc1d79658d81ddd3d76ef1ee34276f02d426e8a39f5f,success,,512.0,512.0,512.0,False,,model_loaded,19.871908747009,0.552287774044089,0.5877325950423256,1.1400203690864146,1.1400203690864146,1156,12492,198800,195844541,248320,"{""allowed_count"": 248068, ""expected_count"": 248068, ""missing_expected"": [], ""ok"": true, ""stop_token_ids"": [248044, 248046], ""unexpected_allowed"": []}",2.6987231590319425,xgrammar,0.8266387640032917,3.357027463032864,119,65,64,"[39, 16880, 1806, 539, 279, 17789, 421, 279, 5333, 27710, 264, 5629, 10903, 17177, 303, 1782, 852, 11815, 1248, 3213, 310, 1831, 424, 11, 678, 2936, 644, 11031, 264, 7077, 8673, 383, 5638, 321, 10121, 364, 5316, 8950, 1518, 220, 16, 24, 23, 15, 13, 4543, 488, 2418, 506, 449, 11656, 5144, 41276, 1332, 678, 2781, 682, 978, 83336, 694, 38198, 2627, 6525, 13969, 248046]","[39, 16880, 1806, 539, 279, 17789, 421, 279, 5333, 27710, 264, 5629, 10903, 17177, 303, 1782, 852, 11815, 1248, 3213, 310, 1831, 424, 11, 678, 2936, 644, 11031, 264, 7077, 8673, 383, 5638, 321, 10121, 364, 5316, 8950, 1518, 220, 16, 24, 23, 15, 13, 4543, 488, 2418, 506, 449, 11656, 5144, 41276, 1332, 678, 2781, 682, 978, 83336, 694, 38198, 2627, 6525, 13969]",248046,"[248046, 248044]",248046,1,True,True,"[0, 0, 0, 0, 0, 0, 1, 0, 0]","Horrified by the discovery that the drug prompted a natural intelligence decline in those who lived long enough to take it, your government enacts a strict ban on storage and usage for anyone born before 1980. Now you stand at an impossible crossroads where your reason has been subtly but inevitably eroded causing",True,3801107968,9.318549229006749
069_coauthor_exactly_once_kna_t10_rep2,369,9,exactly_once,,10,2,65,22,1397,147400736,coauthor,69,2,coauthor:creative:a835d25a742840db987cf1fc4f877a98,0,c17f591a93bb86bad2b42bf36fc6511967b348fcd6d45cbd516ce097708bfc0e,74a6a527b0dd8e05d383e8d72b7f9b6d2520e2a54aa70903881cca4b6f7d3a8f,success,,512.0,512.0,512.0,False,,model_loaded,19.42817515495699,0.5540880789631046,0.6924505839706399,1.2465386629337445,1.2465386629337445,1284,15140,242273,254415847,248320,"{""allowed_count"": 248068, ""expected_count"": 248068, ""missing_expected"": [], ""ok"": true, ""stop_token_ids"": [248044, 248046], ""unexpected_allowed"": []}",2.4781623719609343,xgrammar,0.8233208850142546,3.2909152429783717,382,65,64,"[19205, 780, 2763, 35678, 314, 836, 24832, 32131, 11, 279, 4614, 11330, 836, 2915, 310, 4973, 279, 1814, 13, 271, 760, 4614, 3520, 279, 8151, 11, 1521, 1017, 369, 874, 777, 13003, 310, 5827, 279, 2201, 3755, 13264, 13, 4486, 9862, 660, 1834, 11107, 1472, 279, 13959, 314, 279, 3516, 4042, 321, 9799, 975, 1208, 11, 383, 780, 1560, 2046, 551, 16563, 321, 10263, 248046]","[19205, 780, 2763, 35678, 314, 836, 24832, 32131, 11, 279, 4614, 11330, 836, 2915, 310, 4973, 279, 1814, 13, 271, 760, 4614, 3520, 279, 8151, 11, 1521, 1017, 369, 874, 777, 13003, 310, 5827, 279, 2201, 3755, 13264, 13, 4486, 9862, 660, 1834, 11107, 1472, 279, 13959, 314, 279, 3516, 4042, 321, 9799, 975, 1208, 11, 383, 780, 1560, 2046, 551, 16563, 321, 10263]",248046,"[248046, 248044]",248046,1,True,True,"[0, 0, 0, 0, 0, 0, 0, 1, 0, 0]","Despite his initial rejection of their peaceful intentions, the president accepted their offer to join the world.

The president makes the trip, because there is no more army to protect the US border anyway. After spending all day walking through the streets of the United States and watching other people, on his way home he falls and turns",True,3829800960,9.130180025007576
070_coauthor_exactly_once_kna_t11_rep2,370,10,exactly_once,,11,2,65,24,1524,478886163,coauthor,70,2,coauthor:creative:2d9bcb435a994711829fe6b05f256fdb,0,c2d35a6210db3cc82b21b74ebdf8a3284af5e0fe1661e2180105923f650f263e,c9c5bf7e02ca9c636c163b74850b0395fffa2837b3bd82517b3497a7737068d2,success,,512.0,512.0,512.0,False,,model_loaded,19.777869545971043,0.5851071680081077,0.8020411710022017,1.3871483390103094,1.3871483390103094,1412,18040,289934,323165692,248320,"{""allowed_count"": 248068, ""expected_count"": 248068, ""missing_expected"": [], ""ok"": true, ""stop_token_ids"": [248044, 248046], ""unexpected_allowed"": []}",2.580770583008416,xgrammar,0.8521794729749672,3.4304923549643718,402,65,64,"[760, 25282, 369, 264, 6808, 421, 1902, 381, 4284, 506, 6681, 31266, 314, 279, 1637, 579, 14756, 13, 8020, 413, 874, 799, 975, 1056, 1070, 4829, 424, 628, 279, 86507, 1227, 944, 13, 14833, 11, 1396, 3074, 47026, 314, 279, 328, 45677, 2520, 778, 1, 369, 1381, 24402, 64617, 310, 2842, 10141, 57115, 6849, 13, 271, 760, 25282, 369, 264, 6808, 421, 1902, 6999, 248046]","[760, 25282, 369, 264, 6808, 421, 1902, 381, 4284, 506, 6681, 31266, 314, 279, 1637, 579, 14756, 13, 8020, 413, 874, 799, 975, 1056, 1070, 4829, 424, 628, 279, 86507, 1227, 944, 13, 14833, 11, 1396, 3074, 47026, 314, 279, 328, 45677, 2520, 778, 1, 369, 1381, 24402, 64617, 310, 2842, 10141, 57115, 6849, 13, 271, 760, 25282, 369, 264, 6808, 421, 1902, 6999]",248046,"[248046, 248044]",248046,1,True,True,"[0, 0, 0, 0, 0, 0, 1, 0, 0, 0, 0]","The cure is a drink that must be taken at exactly midnight of the person's birthday. Only if no one other than them takes it can the antidote work. Therefore, every single survivor of the ""Lost Generations"" is now legally obligated to stop becoming immortal immediately.

The cure is a drink that must fully",True,3835035136,9.580331677978393
071_coauthor_exactly_once_kna_t12_rep2,371,11,exactly_once,,12,2,65,26,1651,647228559,coauthor,71,2,coauthor:creative:f0b4803428a846c6b22e2d420e980a33,0,fcb3a12e38f729aedd8017a107ea2970a759b7114121ce63f09b9f07d05b9600,7d498d0b1ef9a854bf6cfcdf87a673866cb93412dcf023fbbf6036a22835a9ba,success,,512.0,512.0,512.0,False,,model_loaded,18.81927529501263,0.5853965830174275,0.899653124040924,1.4850497070583515,1.4850497070583515,1540,21192,341845,402862172,248320,"{""allowed_count"": 248068, ""expected_count"": 248068, ""missing_expected"": [], ""ok"": true, ""stop_token_ids"": [248044, 248046], ""unexpected_allowed"": []}",2.352957174007315,xgrammar,0.8227443440118805,3.269114233960863,304,65,64,"[17413, 279, 8609, 41375, 874, 18146, 310, 16383, 11, 781, 29784, 279, 3471, 29310, 314, 6278, 2199, 321, 8308, 310, 39523, 303, 836, 13238, 82427, 290, 11, 58691, 46653, 13, 3534, 314, 411, 5357, 314, 16568, 29440, 33805, 557, 279, 47077, 421, 6775, 4924, 14195, 76211, 310, 279, 13900, 7633, 539, 279, 1675, 45585, 1906, 13, 2985, 449, 24860, 25467, 314, 4128, 8318, 1428, 248046]","[17413, 279, 8609, 41375, 874, 18146, 310, 16383, 11, 781, 29784, 279, 3471, 29310, 314, 6278, 2199, 321, 8308, 310, 39523, 303, 836, 13238, 82427, 290, 11, 58691, 46653, 13, 3534, 314, 411, 5357, 314, 16568, 29440, 33805, 557, 279, 47077, 421, 6775, 4924, 14195, 76211, 310, 279, 13900, 7633, 539, 279, 1675, 45585, 1906, 13, 2985, 449, 24860, 25467, 314, 4128, 8318, 1428]",248046,"[248046, 248044]",248046,1,True,True,"[0, 0, 0, 0, 0, 1, 0, 0, 0, 0, 0, 0]","Because the Americans possessed no neighbors to confront, they avoided the social isolation of modern life and continued to thrive in their newly thawed, expansive wilderness. Part of this sense of hyper-isolation was the realization that nature itself remained indifferent to the technologies developed by the post-war order. With an endless palette of land waiting current",True,3821573632,9.223517960985191
072_coauthor_exactly_once_kna_t13_rep2,372,12,exactly_once,,13,2,65,28,1778,1720919723,coauthor,72,2,coauthor:creative:1a94f1f656ad46d4b58923212e41cdeb,0,4370e172ae2500fcb9522b98034f34c1f47b61b69a8f9be2c687b1de2a3eb56b,5fd4f6c231d82f690a5748a2b76d28923237990eadd4623d40a81f136975c61b,success,,512.0,512.0,512.0,False,,model_loaded,16.14737345802132,0.5894893759978004,1.021410487999674,1.6108998639974743,1.6108998639974743,1668,24596,398006,494273383,248320,"{""allowed_count"": 248068, ""expected_count"": 248068, ""missing_expected"": [], ""ok"": true, ""stop_token_ids"": [248044, 248046], ""unexpected_allowed"": []}",2.068010860006325,xgrammar,0.9785122369648889,3.38166839099722,459,65,64,"[57646, 579, 3460, 3565, 6546, 440, 748, 349, 430, 551, 6747, 780, 30497, 11, 279, 1483, 314, 279, 56775, 19851, 13376, 19047, 494, 780, 2407, 430, 13569, 430, 264, 40554, 1347, 56548, 13, 10838, 238, 96, 9008, 243, 111, 29545, 9008, 234, 248, 9008, 238, 103, 9008, 242, 239, 9008, 236, 119, 9008, 99, 228, 9008, 239, 239, 17115, 222, 29545, 169171, 9008, 41623, 248046]","[57646, 579, 3460, 3565, 6546, 440, 748, 349, 430, 551, 6747, 780, 30497, 11, 279, 1483, 314, 279, 56775, 19851, 13376, 19047, 494, 780, 2407, 430, 13569, 430, 264, 40554, 1347, 56548, 13, 10838, 238, 96, 9008, 243, 111, 29545, 9008, 234, 248, 9008, 238, 103, 9008, 242, 239, 9008, 236, 119, 9008, 99, 228, 9008, 239, 239, 17115, 222, 29545, 169171, 9008, 41623]",248046,"[248046, 248044]",248046,1,True,True,"[0, 1, 0, 0, 0, 0, 0, 0, 0, 0, 0, 0, 0]","Arthur's face blackened with soot as he removed his helmet, the last of the radioactive poison dissolving from his body as slowly as a tide recedes. 🐣🕳️🌚🐪🔑🎻🦆👑☀️🙂� grunt",True,3842176000,9.338941356982104
073_coauthor_exactly_once_kna_t14_rep2,373,13,exactly_once,,14,2,65,30,1905,1656631306,coauthor,73,2,coauthor:creative:a068c6552ba143c8ba4f378e49c3b640,0,299d93715697343b2f66111544e24b91a9c9087348ded6c8c5e8d6af3d458f73,b5d4c7c2679054560a5a338ac5cb981288cb9cd26e77a15073ab1a3ce8a5db0e,success,,512.0,512.0,512.0,False,,model_loaded,15.635901459027082,0.5848128690267913,1.1175284649943933,1.7023413340211846,1.7023413340211846,1796,28252,458417,598167421,248320,"{""allowed_count"": 248068, ""expected_count"": 248068, ""missing_expected"": [], ""ok"": true, ""stop_token_ids"": [248044, 248046], ""unexpected_allowed"": []}",2.1066941419849172,xgrammar,0.814893384987954,3.3155210239929147,224,65,64,"[86075, 11, 279, 3397, 81385, 1218, 9467, 13984, 506, 279, 20479, 13721, 1472, 279, 26661, 11223, 314, 279, 5522, 3000, 11, 47733, 44925, 506, 279, 11012, 22857, 29592, 303, 5179, 3256, 1765, 6121, 6038, 13, 10875, 557, 1066, 279, 1118, 44990, 303, 264, 1248, 5522, 1332, 781, 513, 660, 9799, 279, 1727, 799, 26582, 13, 2302, 14845, 1142, 506, 1754, 975, 430, 413, 5326, 248046]","[86075, 11, 279, 3397, 81385, 1218, 9467, 13984, 506, 279, 20479, 13721, 1472, 279, 26661, 11223, 314, 279, 5522, 3000, 11, 47733, 44925, 506, 279, 11012, 22857, 29592, 303, 5179, 3256, 1765, 6121, 6038, 13, 10875, 557, 1066, 279, 1118, 44990, 303, 264, 1248, 5522, 1332, 781, 513, 660, 9799, 279, 1727, 799, 26582, 13, 2302, 14845, 1142, 506, 1754, 975, 430, 413, 5326]",248046,"[248046, 248044]",248046,1,True,True,"[0, 0, 0, 0, 0, 0, 0, 0, 0, 0, 0, 0, 0, 1]","Tonight, the ever-watchful stars peer at the sleeping village through the backward fold of the movie light, silently guessing at the quiet secrets trapped in Davids own dark secret. Today was just the first installment in a long movie where they are all watching the next one unfold. They smile back at each other as if finally",True,3813637120,9.186740710982122
074_coauthor_exactly_once_kna_t15_rep2,374,14,exactly_once,,15,2,65,32,2032,193350707,coauthor,74,2,coauthor:creative:c68e3e04c564413fab31d6765cba7f77,0,e94415c9cb4f8f9ea6293a00be2e4541a0f3af42f0f8441cf5a593295b425110,5bbc7b5f91eed55b0048b57e78b3f04c352968de42a6abc4d6973d738db0b7f4,success,,512.0,512.0,512.0,False,,model_loaded,15.787446180998813,0.5859739349689335,1.2602349679800682,1.8462089029490016,1.8462089029490016,1924,32160,523078,715312382,248320,"{""allowed_count"": 248068, ""expected_count"": 248068, ""missing_expected"": [], ""ok"": true, ""stop_token_ids"": [248044, 248046], ""unexpected_allowed"": []}",2.154069421987515,xgrammar,0.8175451359711587,3.225467543990817,142,65,64,"[6651, 995, 43334, 7003, 310, 2426, 836, 1396, 3166, 6038, 494, 279, 799, 6777, 421, 6426, 310, 1387, 279, 20513, 321, 4191, 1141, 4936, 13, 2233, 5596, 11, 279, 1814, 1381, 37771, 852, 9149, 369, 279, 12924, 44067, 303, 411, 14457, 491, 11057, 314, 3522, 13, 14205, 11, 430, 279, 3516, 4042, 5326, 17758, 279, 8516, 314, 1141, 1765, 44664, 22967, 11, 424, 3199, 248046]","[6651, 995, 43334, 7003, 310, 2426, 836, 1396, 3166, 6038, 494, 279, 799, 6777, 421, 6426, 310, 1387, 279, 20513, 321, 4191, 1141, 4936, 13, 2233, 5596, 11, 279, 1814, 1381, 37771, 852, 9149, 369, 279, 12924, 44067, 303, 411, 14457, 491, 11057, 314, 3522, 13, 14205, 11, 430, 279, 3516, 4042, 5326, 17758, 279, 8516, 314, 1141, 1765, 44664, 22967, 11, 424, 3199]",248046,"[248046, 248044]",248046,1,True,True,"[0, 0, 0, 0, 0, 0, 0, 0, 0, 0, 0, 1, 0, 0, 0]","They had collectively agreed to keep their every move secret from the one nation that decided to break the silence and share its progress. No wonder, the world now wonders who truly is the sole protagonist in this strange new era of contact. Yet, as the United States finally breaks the chain of its own strangeness, it course",True,3806212608,9.298944193986244
075_coauthor_exactly_once_kna_t16_rep2,375,15,exactly_once,,16,2,65,34,2159,1007557637,coauthor,75,2,coauthor:creative:f7156d363a5d45ea9f0171bc468277b7,0,0b6f4f1689d2d5072995bbc517f595d4ab69bf4f1187cf3181c5eac9758d1a3f,98e1d60bef22a8adaf5a9b62e2f2e31ca490d1a6b02ac93677a8dcf9f343a44a,success,,512.0,512.0,512.0,False,,model_loaded,16.274750276003033,0.5946580710005946,1.3766372430254705,1.9712953140260652,1.9712953140260652,2052,36320,591989,846476362,248320,"{""allowed_count"": 248068, ""expected_count"": 248068, ""missing_expected"": [], ""ok"": true, ""stop_token_ids"": [248044, 248046], ""unexpected_allowed"": []}",2.16824802395422,xgrammar,0.83219744899543,3.34009958000388,425,65,64,"[760, 8193, 1048, 1040, 79491, 13, 2838, 369, 20188, 5339, 60585, 386, 472, 314, 279, 28936, 22313, 11, 321, 49110, 440, 17191, 43069, 539, 8609, 2272, 279, 8193, 13, 1577, 364, 279, 3567, 1208, 11, 781, 513, 8826, 303, 264, 14120, 6697, 5926, 1332, 781, 944, 310, 1870, 777, 6697, 25986, 13, 357, 220, 17, 20, 40779, 27521, 981, 2225, 2512, 328, 760, 15038, 248046]","[760, 8193, 1048, 1040, 79491, 13, 2838, 369, 20188, 5339, 60585, 386, 472, 314, 279, 28936, 22313, 11, 321, 49110, 440, 17191, 43069, 539, 8609, 2272, 279, 8193, 13, 1577, 364, 279, 3567, 1208, 11, 781, 513, 8826, 303, 264, 14120, 6697, 5926, 1332, 781, 944, 310, 1870, 777, 6697, 25986, 13, 357, 220, 17, 20, 40779, 27521, 981, 2225, 2512, 328, 760, 15038]",248046,"[248046, 248044]",248046,1,True,True,"[0, 0, 0, 0, 0, 1, 0, 0, 0, 0, 0, 0, 0, 0, 0, 0]","The Chinese also like Ivanka. She is appointed First Concubine of the Imperial Leader, and tasked with reducing bullying by Americans against the Chinese. As for the American people, they are placed in a giant theme park where they work to build more theme parks. A 25-mile rollercoaster called ""The bunch",True,3836221952,9.61885148298461
076_coauthor_exactly_once_kna_t17_rep2,376,16,exactly_once,,17,2,65,36,2286,327537182,coauthor,76,2,coauthor:creative:ef145d5c1ad94981bbea37ec48c4eb2e,0,a2d6926cf50984b638cb09a9678b0c290af2a64b5715782ae02f9e541e026b2d,197317fcbd1cb0a3bdc45059505dfd828cfe38888e17f272c88f53a6437faca3,success,,512.0,512.0,512.0,False,,model_loaded,16.285519764001947,0.620131331961602,1.5052944510243833,2.1254257829859853,2.1254257829859853,2180,40732,665150,992427457,248320,"{""allowed_count"": 248068, ""expected_count"": 248068, ""missing_expected"": [], ""ok"": true, ""stop_token_ids"": [248044, 248046], ""unexpected_allowed"": []}",2.0255565159604885,xgrammar,0.8174378219991922,3.377354694996029,360,65,64,"[67029, 1118, 874, 799, 2640, 3977, 13, 4844, 799, 314, 279, 3672, 20541, 11, 359, 2523, 628, 2222, 678, 1727, 2199, 413, 488, 1318, 11, 694, 424, 668, 381, 279, 1483, 854, 11, 506, 3140, 364, 411, 4625, 3058, 1216, 5601, 383, 310, 10033, 421, 1396, 1483, 2199, 628, 1236, 799, 2222, 310, 279, 1727, 2199, 11, 9101, 1024, 11362, 7249, 303, 279, 6121, 248046]","[67029, 1118, 874, 799, 2640, 3977, 13, 4844, 799, 314, 279, 3672, 20541, 11, 359, 2523, 628, 2222, 678, 1727, 2199, 413, 488, 1318, 11, 694, 424, 668, 381, 279, 1483, 854, 11, 506, 3140, 364, 411, 4625, 3058, 1216, 5601, 383, 310, 10033, 421, 1396, 1483, 2199, 628, 1236, 799, 2222, 310, 279, 1727, 2199, 11, 9101, 1024, 11362, 7249, 303, 279, 6121]",248046,"[248046, 248044]",248046,1,True,True,"[0, 0, 0, 0, 0, 0, 0, 0, 0, 0, 0, 2, 0, 1, 1, 0, 0]","""At first no one says anything. Then one of the others speaks, 'You can change your next life if you want, but it will be the last time, at least for this round.' He goes on to explain that every last life can make one change to the next life, leaving her sitting alone in the dark",True,3828665344,9.628425117989536
077_coauthor_exactly_once_kna_t18_rep2,377,17,exactly_once,,18,2,65,38,2413,882599116,coauthor,77,2,coauthor:creative:1a50c197cf564bf88f386197d1f279d9,0,c156e17aaf4067c6e617bd16394e2bf4d29a6fbcc62262d76c4eff7c4c96fc56,da9e0d0e147fd2a5940a75bda8643acb9ddecdb6265ee4a1f9b6f4771c41a83a,success,,512.0,512.0,512.0,False,,model_loaded,16.619989097991493,0.6383269980433397,1.715309080958832,2.3536360790021718,2.3536360790021718,2308,45396,742561,1153933763,248320,"{""allowed_count"": 248068, ""expected_count"": 248068, ""missing_expected"": [], ""ok"": true, ""stop_token_ids"": [248044, 248046], ""unexpected_allowed"": []}",2.0405065509839915,xgrammar,0.8217239350196905,3.2788290689932182,318,65,64,"[40, 15532, 3980, 1487, 11, 77426, 279, 1142, 314, 1024, 10183, 430, 821, 4627, 33700, 421, 38152, 14290, 914, 9671, 310, 381, 5252, 506, 1496, 1284, 5863, 62938, 1691, 2599, 35300, 264, 8026, 2394, 353, 2908, 7157, 821, 4307, 2199, 50859, 314, 1070, 13, 3113, 279, 854, 567, 73677, 1142, 310, 279, 12999, 11, 279, 3594, 369, 1990, 11702, 440, 279, 82378, 4950, 6408, 248046]","[40, 15532, 3980, 1487, 11, 77426, 279, 1142, 314, 1024, 10183, 430, 821, 4627, 33700, 421, 38152, 14290, 914, 9671, 310, 381, 5252, 506, 1496, 1284, 5863, 62938, 1691, 2599, 35300, 264, 8026, 2394, 353, 2908, 7157, 821, 4307, 2199, 50859, 314, 1070, 13, 3113, 279, 854, 567, 73677, 1142, 310, 279, 12999, 11, 279, 3594, 369, 1990, 11702, 440, 279, 82378, 4950, 6408]",248046,"[248046, 248044]",248046,1,True,True,"[0, 0, 0, 0, 0, 0, 0, 1, 0, 0, 0, 0, 0, 0, 0, 0, 0, 0]","I nod warily, gripping the back of her chair as my friends whisper that bees weren't supposed to be allowed at high-society gatherings much less aboard a ship since I've spent my entire life terrified of them. By the time we scramble back to the cabin, the air is still thick with the buzzing sound heard",True,3822297088,9.770820693986025
078_coauthor_exactly_once_kna_t19_rep2,378,18,exactly_once,,19,2,65,40,2540,1099492181,coauthor,78,2,coauthor:creative:1745a412b5cb4638b35b9f6f63eb3e0b,0,bd96cea0e052f5c2d9d1ba594ba10d1826f8c9f668acd69338cd44ccf47aca6c,b2a26c8c458b788f71696777040d63507632e88b5618806157ef37b4daf0b200,success,,512.0,512.0,512.0,False,,model_loaded,14.997464520973153,0.6622072060126811,1.869112298998516,2.531319505011197,2.531319505011197,2436,50312,824222,1331763376,248320,"{""allowed_count"": 248068, ""expected_count"": 248068, ""missing_expected"": [], ""ok"": true, ""stop_token_ids"": [248044, 248046], ""unexpected_allowed"": []}",2.1259393509826623,xgrammar,0.8455458810203709,1.6055011569987983,176,12,11,"[1919, 1505, 2131, 421, 12062, 66220, 38229, 369, 10141, 87024, 13, 248046]","[1919, 1505, 2131, 421, 12062, 66220, 38229, 369, 10141, 87024, 13]",248046,"[248046, 248044]",248046,1,True,False,"[0, 0, 0, 0, 0, 0, 0, 0, 0, 0, 0, 0, 0, 0, 1, 0, 0, 0, 0]",This crux that fake Elon Musk is becoming frail.,True,3807548928,8.34311717399396
079_coauthor_odd_count_kna_t14_rep2,379,13,odd_count,,14,2,65,30,1905,260323849,coauthor,79,2,coauthor:creative:58e702b7c7e249a0aaf762ea10f833b3,0,f2f65c588bc6c885bfa84771a052d899bfd0aa052491ad67ed70caa3ee96bcc0,04b9565b3fdc4fe6d77c014fe9a3c44a37c29c5354b0027b01030b0d6ee1d444,success,,512.0,512.0,512.0,False,,model_loaded,16.428684182988945,0.576701472979039,1.180895873985719,1.757597346964758,1.757597346964758,1796,29120,472193,629931013,248320,"{""allowed_count"": 248068, ""expected_count"": 248068, ""missing_expected"": [], ""ok"": true, ""stop_token_ids"": [248044, 248046], ""unexpected_allowed"": []}",2.2673162689898163,xgrammar,0.8620968429604545,3.359013904002495,250,65,64,"[38496, 69794, 579, 6635, 55367, 440, 780, 28545, 3600, 3433, 10418, 12850, 11177, 310, 264, 14431, 55367, 13, 1577, 781, 4517, 836, 854, 3658, 383, 20403, 11, 424, 8772, 2708, 421, 279, 18995, 579, 51838, 3162, 2695, 1070, 4156, 781, 2957, 9939, 1379, 13, 1061, 10142, 5326, 49219, 1004, 11482, 310, 12706, 421, 4161, 369, 430, 1865, 430, 551, 3272, 13, 561, 17407, 3160, 248046]","[38496, 69794, 579, 6635, 55367, 440, 780, 28545, 3600, 3433, 10418, 12850, 11177, 310, 264, 14431, 55367, 13, 1577, 781, 4517, 836, 854, 3658, 383, 20403, 11, 424, 8772, 2708, 421, 279, 18995, 579, 51838, 3162, 2695, 1070, 4156, 781, 2957, 9939, 1379, 13, 1061, 10142, 5326, 49219, 1004, 11482, 310, 12706, 421, 4161, 369, 430, 1865, 430, 551, 3272, 13, 561, 17407, 3160]",248046,"[248046, 248044]",248046,1,True,True,"[0, 0, 0, 0, 0, 0, 0, 0, 0, 0, 0, 0, 1, 0]","Matt Damon's successful reunion with his estranged space league connections leads to a surprising reunion. As they enjoy their time together on Mars, it becomes clear that the alien's frightening past cost them everything they once loved most. This incident finally prompts our hero to realize that nothing is as real as he thought. The adventure close",True,3814661120,9.55021867598407
080_coauthor_left_not_right_kna_t1_rep2,380,0,left_not_right,,1,2,65,5,313,928162854,coauthor,80,2,coauthor:creative:dfbab4c8263444ef9d9e9d25e3e581f4,0,e4ced7579b0ec934ebe28f0a0b71b1336920d0347107c1bceed0dad59d3d0226,561f3c5b35810134657e61cc2850963e7275b324862567a696e66d89bab9dca3,success,,512.0,512.0,512.0,False,,model_loaded,14.674783248046879,0.4768074430176057,0.07222385000204667,0.5490312930196524,0.5490312930196524,193,499,8557,3263010,248320,"{""allowed_count"": 248067, ""expected_count"": 248067, ""missing_expected"": [], ""ok"": true, ""stop_token_ids"": [248044, 248046], ""unexpected_allowed"": []}",2.0197107730200514,xgrammar,0.8039025699836202,3.3391453069634736,178,65,64,"[51, 1465, 93258, 1727, 310, 586, 513, 279, 1118, 5981, 303, 264, 1345, 421, 567, 8719, 914, 8239, 1172, 279, 34653, 14445, 8250, 11, 864, 4816, 310, 599, 56411, 6149, 13, 1165, 513, 1381, 12156, 279, 11301, 314, 264, 7431, 421, 369, 15239, 303, 279, 3162, 13, 271, 91748, 540, 2599, 1056, 16570, 1578, 314, 12744, 369, 264, 2609, 314, 3117, 310, 8242, 321, 248046]","[51, 1465, 93258, 1727, 310, 586, 513, 279, 1118, 5981, 303, 264, 1345, 421, 567, 8719, 914, 8239, 1172, 279, 34653, 14445, 8250, 11, 864, 4816, 310, 599, 56411, 6149, 13, 1165, 513, 1381, 12156, 279, 11301, 314, 264, 7431, 421, 369, 15239, 303, 279, 3162, 13, 271, 91748, 540, 2599, 1056, 16570, 1578, 314, 12744, 369, 264, 2609, 314, 3117, 310, 8242, 321]",248046,"[248046, 248044]",248046,1,True,True,[1],"THe twenties next to us are the first ones in a while that we haven't signed under the upside-down dress, which seems to have ceased existing. We are now paying the debt of a culture that is stuck in the past.

""Tire less than twenty years of taxes is a lot of money to requirements and",True,3807629824,7.984767582966015
081_coauthor_left_not_right_kna_t2_rep2,381,1,left_not_right,,2,2,65,9,501,1330869869,coauthor,81,2,coauthor:creative:05b655163b1e4e38b76c2785a0aea5bb,0,ba53e1977d3019f69a317c0483667ac70057c2ecb2ff8cb47517cd6bcb0e1be9,e75442afd10809f1457b3d1933f386e0847ce5aa10403c45e6bee5f300b1e627,success,,512.0,512.0,512.0,False,,model_loaded,14.56853549805237,0.48822868400020525,0.16437347000464797,0.6526021540048532,0.6526021540048532,382,1370,22577,13724222,248320,"{""allowed_count"": 248067, ""expected_count"": 248067, ""missing_expected"": [], ""ok"": true, ""stop_token_ids"": [248044, 248046], ""unexpected_allowed"": []}",2.093230535974726,xgrammar,0.822499294008594,3.3435788640053943,384,65,64,"[760, 542, 75265, 36452, 369, 25768, 948, 780, 4292, 20352, 10642, 17020, 11, 47973, 1384, 310, 12706, 421, 780, 4307, 2199, 314, 32570, 2496, 9149, 5312, 1070, 430, 264, 2015, 17513, 13, 4213, 11, 440, 264, 90300, 8415, 314, 12806, 836, 4752, 10498, 11, 781, 1902, 3827, 310, 5827, 1754, 975, 494, 279, 34772, 421, 1132, 22960, 8464, 628, 10236, 1070, 364, 16739, 321, 248046]","[760, 542, 75265, 36452, 369, 25768, 948, 780, 4292, 20352, 10642, 17020, 11, 47973, 1384, 310, 12706, 421, 780, 4307, 2199, 314, 32570, 2496, 9149, 5312, 1070, 430, 264, 2015, 17513, 13, 4213, 11, 440, 264, 90300, 8415, 314, 12806, 836, 4752, 10498, 11, 781, 1902, 3827, 310, 5827, 1754, 975, 494, 279, 34772, 421, 1132, 22960, 8464, 628, 10236, 1070, 364, 16739, 321]",248046,"[248046, 248044]",248046,1,True,True,"[1, 0]","The shapeshifter is shocked when his son reveals magic abilities, prompting him to realize that his entire life of manipulation never truly saw them as a teammate. However, with a newfound fear of losing their unique bond, they must learn to protect each other from the dangers that only magical reality can prepare them for deeply and",True,3829903360,8.154292798019014
082_coauthor_left_not_right_kna_t3_rep2,382,2,left_not_right,,3,2,65,12,689,1119773552,coauthor,82,2,coauthor:creative:bf739551dea348c48635d2fbabb51ed3,0,7b8c871b91889a76fa991fd44d8ada77bc379df847fcc3a7bc2a4d78bdde9b9f,182ba57f4d577b4fdc51c4f928223325b229ebcc82ee65e36e567ff5310815e4,success,,512.0,512.0,512.0,False,,model_loaded,14.294646459980868,0.4729361920035444,0.2226357030449435,0.6955718950484879,0.6955718950484879,571,2613,42877,33063282,248320,"{""allowed_count"": 248067, ""expected_count"": 248067, ""missing_expected"": [], ""ok"": true, ""stop_token_ids"": [248044, 248046], ""unexpected_allowed"": []}",2.019364782026969,xgrammar,0.8171225969563238,3.277617348008789,281,65,64,"[2523, 9973, 310, 81922, 1010, 314, 421, 10642, 16232, 8366, 678, 4627, 1066, 310, 1436, 1204, 424, 4203, 2433, 13, 12851, 781, 628, 1442, 5707, 11, 488, 12706, 678, 2199, 682, 14413, 42363, 1083, 264, 288, 90329, 11, 62342, 12092, 421, 2627, 2191, 660, 678, 3162, 26946, 11, 3384, 488, 513, 2166, 21520, 310, 4565, 15222, 13, 1577, 488, 3609, 303, 5596, 5904, 321, 248046]","[2523, 9973, 310, 81922, 1010, 314, 421, 10642, 16232, 8366, 678, 4627, 1066, 310, 1436, 1204, 424, 4203, 2433, 13, 12851, 781, 628, 1442, 5707, 11, 488, 12706, 678, 2199, 682, 14413, 42363, 1083, 264, 288, 90329, 11, 62342, 12092, 421, 2627, 2191, 660, 678, 3162, 26946, 11, 3384, 488, 513, 2166, 21520, 310, 4565, 15222, 13, 1577, 488, 3609, 303, 5596, 5904, 321]",248046,"[248046, 248044]",248046,1,True,True,"[0, 1, 0]","You decide to sprinkle some of that magic powder onto your friends just to see how it changes things. Before they can even respond, you realize your life has suddenly exploded into a wondrous, surreal escape that erases all your past failures, though you are too curious to stay forever. As you watch in wonder shared and",True,3820388352,8.068758047011215
083_coauthor_left_not_right_kna_t4_rep2,383,3,left_not_right,,4,2,65,15,877,557666619,coauthor,83,2,coauthor:creative:2bb646dbeedc487c9bab6b1d5db5b5fc,0,afe6420cbc9f971e09f98bf6922e8a98b75f9a2481723eca6ac0c25868a596c9,db023543fefe70267080a0e55f5dc017b5b130d96ca9d8e435178035e7f08dcc,success,,512.0,512.0,512.0,False,,model_loaded,14.552721116982866,0.44951463700272143,0.3112129880464636,0.760727625049185,0.760727625049185,760,4228,69267,62958654,248320,"{""allowed_count"": 248067, ""expected_count"": 248067, ""missing_expected"": [], ""ok"": true, ""stop_token_ids"": [248044, 248046], ""unexpected_allowed"": []}",2.0730861359625123,xgrammar,0.8007857650518417,3.276197065017186,207,65,64,"[6651, 6426, 310, 18730, 3315, 279, 29310, 557, 9149, 264, 4766, 314, 5145, 4610, 466, 413, 279, 1814, 995, 4777, 23772, 1070, 1040, 279, 809, 314, 279, 1814, 1503, 13, 1368, 279, 8415, 557, 1865, 11, 781, 1000, 599, 310, 6380, 28342, 26, 413, 424, 557, 32570, 11, 781, 995, 310, 3827, 1204, 310, 9738, 279, 8028, 13, 42290, 314, 279, 5073, 6337, 321, 248044]","[6651, 6426, 310, 18730, 3315, 279, 29310, 557, 9149, 264, 4766, 314, 5145, 4610, 466, 413, 279, 1814, 995, 4777, 23772, 1070, 1040, 279, 809, 314, 279, 1814, 1503, 13, 1368, 279, 8415, 557, 1865, 11, 781, 1000, 599, 310, 6380, 28342, 26, 413, 424, 557, 32570, 11, 781, 995, 310, 3827, 1204, 310, 9738, 279, 8028, 13, 42290, 314, 279, 5073, 6337, 321]",248046,"[248046, 248044]",248044,1,True,True,"[0, 0, 1, 0]","They decided to investigate whether the isolation was truly a matter of national security or if the world had simply forgotten them like the end of the world does. If the fear was real, they would have to practice patience; if it was manipulation, they had to learn how to ignore the signal. Regardless of the cause knowledge and",True,3812968960,8.170966895995662
084_coauthor_left_not_right_kna_t5_rep2,384,4,left_not_right,,5,2,65,18,1065,408672559,coauthor,84,2,coauthor:creative:562cda138b314c97b21ba43f691b79ec,0,5ab2d933620e1bd1d02aa1c6dab099bd639b99d495bac2331081a1acb7787e73,0a1d9fad349a6d7afe0d3b9662a3be78d526b9666f17f07ea0674ca7e45eed91,success,,512.0,512.0,512.0,False,,model_loaded,18.572902382002212,0.5825828329543583,0.44498518703039736,1.0275680199847557,1.0275680199847557,949,6215,101561,105088802,248320,"{""allowed_count"": 248067, ""expected_count"": 248067, ""missing_expected"": [], ""ok"": true, ""stop_token_ids"": [248044, 248046], ""unexpected_allowed"": []}",2.402676652010996,xgrammar,0.8576589759904891,3.372446469962597,342,65,64,"[2523, 12706, 440, 264, 492, 5988, 421, 488, 513, 1048, 34294, 1441, 494, 279, 6228, 430, 919, 314, 279, 6113, 13, 191226, 246029, 492, 2862, 547, 13, 1624, 243, 45627, 259, 5938, 84, 13, 1624, 243, 49378, 86457, 74, 11715, 13, 1624, 243, 179104, 196825, 160948, 13, 1624, 243, 50960, 308, 34139, 13, 1624, 243, 11480, 267, 13, 1624, 243, 2189, 367, 34338, 321, 248046]","[2523, 12706, 440, 264, 492, 5988, 421, 488, 513, 1048, 34294, 1441, 494, 279, 6228, 430, 919, 314, 279, 6113, 13, 191226, 246029, 492, 2862, 547, 13, 1624, 243, 45627, 259, 5938, 84, 13, 1624, 243, 49378, 86457, 74, 11715, 13, 1624, 243, 179104, 196825, 160948, 13, 1624, 243, 50960, 308, 34139, 13, 1624, 243, 11480, 267, 13, 1624, 243, 2189, 367, 34338, 321]",248046,"[248046, 248044]",248046,1,True,True,"[0, 0, 0, 1, 0]",You realize with a jolt that you are also stepping down from the stage as part of the cast. Teilekse jöok. Õlis tinnu. Õgis kokkuv. Õlja überrasแน่นอน. Õljamatu. Õlgst. Õlnum flowing and,True,3827737088,9.205048168019857
085_coauthor_left_not_right_kna_t6_rep2,385,5,left_not_right,,6,2,65,21,1253,2147337852,coauthor,85,2,coauthor:creative:3ab1ca63246449669bf1f7b9c90d379b,0,efe4969a4751207cd277c28a65abd8a6666e2ce85ab6e265a29f6841b2bc9bb7,d2d5b551132394f7d54fdefb556e7e6665a6351a13f45a4171e87d72d151253c,success,,512.0,512.0,512.0,False,,model_loaded,17.801364320039283,0.5655572290415876,0.5494389309897088,1.1149961600312963,1.1149961600312963,1138,8574,139759,161132190,248320,"{""allowed_count"": 248067, ""expected_count"": 248067, ""missing_expected"": [], ""ok"": true, ""stop_token_ids"": [248044, 248046], ""unexpected_allowed"": []}",2.3917509900056757,xgrammar,0.8166730260127224,3.3358869170187972,181,65,64,"[7691, 6316, 680, 310, 381, 34811, 948, 2250, 12103, 27233, 314, 12701, 781, 995, 5904, 57054, 639, 303, 279, 748, 349, 383, 279, 9488, 1898, 11, 37476, 421, 1439, 2859, 998, 524, 15756, 39147, 694, 40922, 314, 264, 3074, 11, 26068, 22149, 13, 357, 542, 75265, 36452, 11, 9077, 7605, 421, 1292, 557, 264, 6570, 11, 995, 524, 4490, 1024, 854, 1238, 13769, 321, 248046]","[7691, 6316, 680, 310, 381, 34811, 948, 2250, 12103, 27233, 314, 12701, 781, 995, 5904, 57054, 639, 303, 279, 748, 349, 383, 279, 9488, 1898, 11, 37476, 421, 1439, 2859, 998, 524, 15756, 39147, 694, 40922, 314, 264, 3074, 11, 26068, 22149, 13, 357, 542, 75265, 36452, 11, 9077, 7605, 421, 1292, 557, 264, 6570, 11, 995, 524, 4490, 1024, 854, 1238, 13769, 321]",248046,"[248046, 248044]",248046,1,True,True,"[0, 1, 0, 0, 0, 0]","She turned out to be mistaken when three distinct glasses of wine they had shared evaporated in the soot on the kitchen table, proving that these men were not merely mirrors but duplicates of a single, circular trap. A shapeshifter, clearly aware that she was a constant, had not failed her time after concrete and",True,3807747584,9.15726593497675
086_coauthor_left_not_right_kna_t7_rep2,386,6,left_not_right,,7,2,65,24,1441,2092830831,coauthor,86,2,coauthor:creative:7b2436bbf42d4c529fdcc62a83329e83,0,5a86e8e40ad3b77c5b8bbf9927b8078a91222998b9ce0f667b6443f598f40389,2b3d72e74170e7205c2d9039df6c9983335021a60a9714d047c836f0f435a731,success,,512.0,512.0,512.0,False,,model_loaded,17.330168848042376,0.5610753210494295,0.6717717749997973,1.2328470960492268,1.2328470960492268,1327,11305,183861,232767282,248320,"{""allowed_count"": 248067, ""expected_count"": 248067, ""missing_expected"": [], ""ok"": true, ""stop_token_ids"": [248044, 248046], ""unexpected_allowed"": []}",2.179419338994194,xgrammar,0.8205419919686392,3.3173689580289647,285,65,64,"[760, 23167, 314, 279, 3516, 4042, 18463, 4674, 310, 5790, 421, 4161, 1040, 3242, 3397, 6716, 1495, 13, 4213, 11, 12098, 286, 1384, 3055, 440, 780, 24860, 7892, 314, 799, 19852, 82588, 11, 264, 4142, 9173, 7544, 324, 2974, 1384, 974, 279, 13255, 314, 9303, 5964, 13, 9358, 279, 18995, 557, 25286, 383, 780, 8318, 14882, 11, 279, 1324, 314, 59401, 551, 14541, 321, 248044]","[760, 23167, 314, 279, 3516, 4042, 18463, 4674, 310, 5790, 421, 4161, 1040, 3242, 3397, 6716, 1495, 13, 4213, 11, 12098, 286, 1384, 3055, 440, 780, 24860, 7892, 314, 799, 19852, 82588, 11, 264, 4142, 9173, 7544, 324, 2974, 1384, 974, 279, 13255, 314, 9303, 5964, 13, 9358, 279, 18995, 557, 25286, 383, 780, 8318, 14882, 11, 279, 1324, 314, 59401, 551, 14541, 321]",248046,"[248046, 248044]",248044,1,True,True,"[0, 0, 1, 0, 0, 0, 0]","The captain of the United States Navy wanted to ensure that nothing like today ever happened again. However, shadowing him along with his endless supply of one-man submarines, a police officer successfully lured him off the coast of Florida quickly. Once the alien was landed on his waiting boat, the number of pirates he recognized and",True,3820594176,9.003233715018723
087_coauthor_left_not_right_kna_t8_rep2,387,7,left_not_right,,8,2,65,27,1629,1104950343,coauthor,87,2,coauthor:creative:4eeea91c57b0425b9faf9bc4b74ec2be,0,f3a12a186936b3742ed8b772309f3c9c74ad52c43a1d75bc17577affbcf10c7e,34cf7da066b737b81d10c946e5f9a846910d012c5392d4ef3f0541cdcd4990a7,success,,512.0,512.0,512.0,False,,model_loaded,16.700529415044002,0.5785410410026088,0.8012863470357843,1.379827388038393,1.379827388038393,1516,14408,233867,321672542,248320,"{""allowed_count"": 248067, ""expected_count"": 248067, ""missing_expected"": [], ""ok"": true, ""stop_token_ids"": [248044, 248046], ""unexpected_allowed"": []}",2.071386223018635,xgrammar,0.833433169987984,3.351176012016367,158,65,64,"[19205, 279, 6941, 579, 74862, 20513, 11, 279, 491, 11057, 18378, 310, 29300, 3032, 1804, 279, 809, 314, 264, 6121, 12096, 15222, 13, 561, 18641, 28028, 494, 29310, 310, 22328, 11, 37476, 421, 29337, 1362, 680, 29252, 279, 11447, 314, 3611, 12436, 13, 3113, 20434, 383, 21079, 4936, 4598, 1056, 3714, 19060, 11, 279, 3521, 3809, 72010, 491, 12351, 8574, 264, 9613, 39677, 321, 248046]","[19205, 279, 6941, 579, 74862, 20513, 11, 279, 491, 11057, 18378, 310, 29300, 3032, 1804, 279, 809, 314, 264, 6121, 12096, 15222, 13, 561, 18641, 28028, 494, 29310, 310, 22328, 11, 37476, 421, 29337, 1362, 680, 29252, 279, 11447, 314, 3611, 12436, 13, 3113, 20434, 383, 21079, 4936, 4598, 1056, 3714, 19060, 11, 279, 3521, 3809, 72010, 491, 12351, 8574, 264, 9613, 39677, 321]",248046,"[248046, 248044]",248046,1,True,True,"[0, 1, 0, 0, 0, 0, 0, 0]","Despite the beginning's oppressive silence, the new era promised to definitively mark the end of a dark chapter forever. The narrative shifted from isolation to cooperation, proving that unity could outshine the worst of human division. By focusing on collective progress rather than individual survival, the global community illuminated new paths toward a bright troubled and",True,3806841856,9.02640735503519
088_coauthor_left_not_right_kna_t9_rep2,388,8,left_not_right,,9,2,65,30,1817,1163069596,coauthor,88,2,coauthor:creative:3fdafca346c94f52ac5b9588a48e0a56,0,09bdaa1d32e6276e5f2b9d52b0d0c6904e2e54bdf2e5d8c71252c0a104010205,6a1b1fae4d5b782f19b0e5c02247e8dbdf4fb2ad68d0acbfda718dfad3e00cdd,success,,512.0,512.0,512.0,False,,model_loaded,15.470074509968981,0.5677274210029282,0.9206532770185731,1.4883806980215013,1.4883806980215013,1705,17883,291452,429526434,248320,"{""allowed_count"": 248067, ""expected_count"": 248067, ""missing_expected"": [], ""ok"": true, ""stop_token_ids"": [248044, 248046], ""unexpected_allowed"": []}",1.9907333360170014,xgrammar,0.8238160429755226,3.288310302013997,166,65,64,"[11067, 11, 1238, 1691, 20684, 11, 279, 2645, 314, 279, 1814, 37771, 3069, 781, 513, 660, 2350, 8979, 11, 1345, 353, 2364, 7249, 303, 821, 49755, 11, 19677, 413, 353, 3397, 2098, 6661, 821, 6857, 303, 279, 1118, 1925, 13, 353, 3769, 488, 1459, 914, 3838, 279, 10647, 5758, 303, 821, 35075, 11, 5142, 2394, 488, 9444, 421, 6970, 353, 1220, 599, 17280, 321, 248044]","[11067, 11, 1238, 1691, 20684, 11, 279, 2645, 314, 279, 1814, 37771, 3069, 781, 513, 660, 2350, 8979, 11, 1345, 353, 2364, 7249, 303, 821, 49755, 11, 19677, 413, 353, 3397, 2098, 6661, 821, 6857, 303, 279, 1118, 1925, 13, 353, 3769, 488, 1459, 914, 3838, 279, 10647, 5758, 303, 821, 35075, 11, 5142, 2394, 488, 9444, 421, 6970, 353, 1220, 599, 17280, 321]",248046,"[248046, 248044]",248044,1,True,True,"[0, 0, 0, 0, 1, 0, 0, 0, 0]","Well, after much confusion, the rest of the world wonders why they are all demoted, while I sit alone in my mug, wondering if I ever really knew my rank in the first place. I hope you don't mind the sudden drop in my ego, especially since you mentioned that maybe I should have worried and",True,3807157248,8.868779741984326
089_coauthor_left_not_right_kna_t10_rep2,389,9,left_not_right,,10,2,65,33,2005,401630372,coauthor,89,2,coauthor:creative:f40b77ed78bc4297bd63c56ef412863a,0,578aa279d3667c36113a0fd3b1fb1223e7e59aba497e5ef3b49ca4e270e6f202,ab08c0a3f54a26eecddfe92c7a89bc53c776d45f141e94b4255b0fcf1c06eb15,success,,512.0,512.0,512.0,False,,model_loaded,15.832051088975277,0.6045440229936503,1.0740249219816178,1.678568944975268,1.678568944975268,1894,21730,354703,558007422,248320,"{""allowed_count"": 248067, ""expected_count"": 248067, ""missing_expected"": [], ""ok"": true, ""stop_token_ids"": [248044, 248046], ""unexpected_allowed"": []}",2.1337376890005544,xgrammar,0.862360697996337,3.307489132974297,571,65,64,"[19205, 1024, 2763, 62165, 11, 1292, 26731, 310, 1732, 1472, 383, 1024, 1765, 3108, 310, 79663, 1024, 19070, 13, 4450, 430, 279, 64901, 12077, 279, 76969, 10355, 377, 80581, 685, 310, 1380, 279, 50549, 5089, 11339, 11, 6999, 21637, 424, 668, 381, 279, 1844, 314, 1024, 28119, 3035, 1103, 13, 4213, 11, 1292, 4777, 77434, 440, 264, 542, 37342, 14845, 430, 551, 2640, 321, 248046]","[19205, 1024, 2763, 62165, 11, 1292, 26731, 310, 1732, 1472, 383, 1024, 1765, 3108, 310, 79663, 1024, 19070, 13, 4450, 430, 279, 64901, 12077, 279, 76969, 10355, 377, 80581, 685, 310, 1380, 279, 50549, 5089, 11339, 11, 6999, 21637, 424, 668, 381, 279, 1844, 314, 1024, 28119, 3035, 1103, 13, 4213, 11, 1292, 4777, 77434, 440, 264, 542, 37342, 14845, 430, 551, 2640, 321]",248046,"[248046, 248044]",248046,1,True,True,"[0, 0, 0, 0, 0, 0, 0, 0, 0, 1]","Despite her initial hesitation, she decides to follow through on her own command to lighten her mood. Just as the waiter brings the lobster,she leaps up to try the seafood addition herself, fully expecting it will be the top of her appetizer list. However, she simply observes with a shifty smile as he says and",True,3852157952,9.332242254982702
090_coauthor_left_not_right_kna_t11_rep2,390,10,left_not_right,,11,2,65,36,2193,1743393876,coauthor,90,2,coauthor:creative:67c022f81e3f415eae224f368cca7c3d,0,6382185c43ea40d8e501a83fe0d7ffb484b30c23267a173a96e7a72b0e45fdba,3d11eb54d861b77e40ad419efee746cfb292757cfe052d4fa0470165d03449d0,success,,512.0,512.0,512.0,False,,model_loaded,16.145926044031512,0.5894309399882331,1.3042856300016865,1.8937165699899197,1.8937165699899197,2083,25949,424718,708793970,248320,"{""allowed_count"": 248067, ""expected_count"": 248067, ""missing_expected"": [], ""ok"": true, ""stop_token_ids"": [248044, 248046], ""unexpected_allowed"": []}",2.1072245620307513,xgrammar,0.8192895569954999,3.391371398989577,283,65,64,"[760, 3516, 4042, 19417, 1396, 1834, 506, 279, 6236, 1925, 314, 3521, 30023, 11, 21637, 310, 1423, 1132, 279, 8260, 19825, 579, 4610, 39266, 5354, 310, 27247, 1141, 668, 1472, 8229, 499, 1060, 2444, 11, 1345, 279, 2645, 314, 279, 1814, 64524, 68967, 1172, 264, 26163, 66519, 13, 22921, 310, 279, 8260, 19825, 579, 2234, 506, 279, 3990, 11, 781, 628, 958, 15881, 321, 248044]","[760, 3516, 4042, 19417, 1396, 1834, 506, 279, 6236, 1925, 314, 3521, 30023, 11, 21637, 310, 1423, 1132, 279, 8260, 19825, 579, 4610, 39266, 5354, 310, 27247, 1141, 668, 1472, 8229, 499, 1060, 2444, 11, 1345, 279, 2645, 314, 279, 1814, 64524, 68967, 1172, 264, 26163, 66519, 13, 22921, 310, 279, 8260, 19825, 579, 2234, 506, 279, 3990, 11, 781, 628, 958, 15881, 321]",248046,"[248046, 248044]",248044,1,True,True,"[0, 0, 0, 0, 1, 0, 0, 0, 0, 0, 0]","The United States meets every day at the meeting place of global discord, expecting to find only the Russian Empire's security apparatus ready to enforce its will through suffocating control, while the rest of the world peacefully sleeps under a cruel dictatorship. Due to the Russian Empire's position at the center, they can use guns and",True,3820490752,9.533987289993092
091_coauthor_left_not_right_kna_t12_rep2,391,11,left_not_right,,12,2,65,39,2381,1007000844,coauthor,91,2,coauthor:creative:208569acde5b49dda0ec25ce4c410975,0,da117cfa42baf259464c675cddeb150d97cb071e3d173d9001016cc878821e5c,49baaeed276d2c8a75f364aeb085c0a620ab9ae56ae722166ed933904ffa57e0,success,,512.0,512.0,512.0,False,,model_loaded,16.250767018005718,0.5755070010200143,1.395311454019975,1.9708184550399892,1.9708184550399892,2272,30540,501009,883564542,248320,"{""allowed_count"": 248067, ""expected_count"": 248067, ""missing_expected"": [], ""ok"": true, ""stop_token_ids"": [248044, 248046], ""unexpected_allowed"": []}",2.0434395220363513,xgrammar,0.8552603719872423,3.2472278679488227,221,65,64,"[760, 18995, 5847, 599, 6426, 310, 43000, 28599, 3808, 279, 32060, 310, 5471, 17448, 1345, 279, 12313, 6922, 30296, 391, 3160, 310, 279, 2450, 314, 660, 279, 2963, 13, 156403, 27279, 111323, 1076, 198, 760, 52920, 6163, 11316, 303, 279, 5956, 369, 4222, 67124, 278, 11, 748, 279, 1414, 494, 9191, 220, 16, 369, 35007, 3817, 1452, 303, 6163, 13, 1061, 10814, 6326, 321, 248046]","[760, 18995, 5847, 599, 6426, 310, 43000, 28599, 3808, 279, 32060, 310, 5471, 17448, 1345, 279, 12313, 6922, 30296, 391, 3160, 310, 279, 2450, 314, 660, 279, 2963, 13, 156403, 27279, 111323, 1076, 198, 760, 52920, 6163, 11316, 303, 279, 5956, 369, 4222, 67124, 278, 11, 748, 279, 1414, 494, 9191, 220, 16, 369, 35007, 3817, 1452, 303, 6163, 13, 1061, 10814, 6326, 321]",248046,"[248046, 248044]",248046,1,True,True,"[0, 0, 0, 0, 0, 0, 0, 1, 0, 0, 0, 0]","The alien leaders have decided to scatter quietly across the galaxy to avoid detection while the humans remain suspiciously close to the source of all the talk.みんなが混乱...
The ambiguous English sentence in the middle is likely unintentional, so the text from generation 1 is intentionally tokenized in English. This causes attention and",True,3813520384,9.370952100027353
092_coauthor_left_not_right_kna_t13_rep2,392,12,left_not_right,,13,2,65,42,2569,1155074635,coauthor,92,2,coauthor:creative:5929420aebc940789c58a72f8c8ccd56,0,62622edecd14583b238637c2832a1f8b20e8acbfbe1f41c2ad67c6e6bd03c3a4,1feaf6b59ac6234490371f2b5aaeb5c034984a7e0c38a120bfcd79130abb4eb8,success,,512.0,512.0,512.0,False,,model_loaded,16.433418222004548,0.6076778859714977,1.5875158329727128,2.1951937189442106,2.1951937189442106,2461,35503,583576,1083997602,248320,"{""allowed_count"": 248067, ""expected_count"": 248067, ""missing_expected"": [], ""ok"": true, ""stop_token_ids"": [248044, 248046], ""unexpected_allowed"": []}",2.010053618985694,xgrammar,0.809251219034195,3.4596842429600656,453,65,64,"[6825, 8719, 914, 54642, 314, 488, 3482, 11, 694, 1381, 421, 353, 2908, 3404, 978, 3221, 506, 488, 11, 353, 4267, 424, 579, 854, 364, 264, 5976, 10125, 1149, 2838, 85946, 11, 1024, 3838, 311, 19447, 430, 279, 47077, 4062, 1024, 421, 279, 10642, 18043, 914, 978, 449, 39472, 660, 3055, 13, 328, 6769, 353, 1910, 3977, 4808, 7285, 1292, 4439, 11, 5315, 321, 248044]","[6825, 8719, 914, 54642, 314, 488, 3482, 11, 694, 1381, 421, 353, 2908, 3404, 978, 3221, 506, 488, 11, 353, 4267, 424, 579, 854, 364, 264, 5976, 10125, 1149, 2838, 85946, 11, 1024, 3838, 311, 19447, 430, 279, 47077, 4062, 1024, 421, 279, 10642, 18043, 914, 978, 449, 39472, 660, 3055, 13, 328, 6769, 353, 1910, 3977, 4808, 7285, 1292, 4439, 11, 5315, 321]",248046,"[248046, 248044]",248044,1,True,True,"[0, 0, 0, 1, 0, 0, 0, 0, 0, 0, 0, 0, 0]","""I haven't dreamed of you yet, but now that I've actually been looking at you, I believe it's time for a proper conversation."" She froze, her mind reeling as the realization hit her that the magic hadn't been an illusion all along. ""Did I say anything wrong?"" she asked, saying and",True,3841867264,9.725417726032902
093_coauthor_left_not_right_kna_t14_rep2,393,13,left_not_right,,14,2,65,45,2757,1319160809,coauthor,93,2,coauthor:creative:41f6db5de3d8439ebbd996c398127d53,0,afcd87012768273e617232d80789b39373898781fce3cf985478cf0139b14cf8,e2c058f2f91c4b93719df31a5768f9b1bb72a5d4ddffa2a18e1ac2c31b949b0d,success,,512.0,512.0,512.0,False,,model_loaded,17.065645215974655,0.6258182810270227,1.813690101960674,2.4395083829876967,2.4395083829876967,2650,40838,672419,1311771614,248320,"{""allowed_count"": 248067, ""expected_count"": 248067, ""missing_expected"": [], ""ok"": true, ""stop_token_ids"": [248044, 248046], ""unexpected_allowed"": []}",2.2769592839758843,xgrammar,0.8208658000221476,3.361291802022606,156,65,64,"[10883, 11, 430, 279, 2781, 364, 279, 38546, 3883, 11690, 310, 22627, 680, 314, 836, 19451, 11, 328, 760, 26373, 22738, 1, 3060, 29621, 279, 7793, 314, 1092, 9721, 13, 1577, 1067, 11, 279, 4307, 1814, 44669, 314, 678, 4397, 539, 2614, 279, 41260, 2047, 4661, 539, 264, 7914, 852, 557, 220, 17, 15, 948, 551, 8209, 13, 12806, 10814, 678, 2902, 11391, 321, 248046]","[10883, 11, 430, 279, 2781, 364, 279, 38546, 3883, 11690, 310, 22627, 680, 314, 836, 19451, 11, 328, 760, 26373, 22738, 1, 3060, 29621, 279, 7793, 314, 1092, 9721, 13, 1577, 1067, 11, 279, 4307, 1814, 44669, 314, 678, 4397, 539, 2614, 279, 41260, 2047, 4661, 539, 264, 7914, 852, 557, 220, 17, 15, 948, 551, 8209, 13, 12806, 10814, 678, 2902, 11391, 321]",248046,"[248046, 248044]",248046,1,True,True,"[0, 0, 0, 0, 0, 0, 0, 0, 0, 0, 0, 0, 0, 1]","However, as the reason for the incapacity begins to leak out of their minds, ""The Lost Generation"" begin revealing the truth of what occurred. As result, the entire world learns of your death by following the clues left behind by a boy who was 20 when he died. losing causes your family millions and",True,3806763008,10.15845810197061
094_coauthor_left_not_right_kna_t15_rep2,394,14,left_not_right,,15,2,65,48,2945,655591910,coauthor,94,2,coauthor:creative:0a8e182a20df447db4846b1223c619b5,0,6922da7ecb01f2ddc7c0c793ceb56be989558599b030f431f59affd659a6df92,1e06f498b2fdb3adccdf718e268fe18c7d8f259672e37d73b208ecb016582366,success,,512.0,512.0,512.0,False,,model_loaded,16.772833474969957,0.6260816970025189,2.0073393640341237,2.6334210610366426,2.6334210610366426,2839,46545,767538,1568565042,248320,"{""allowed_count"": 248067, ""expected_count"": 248067, ""missing_expected"": [], ""ok"": true, ""stop_token_ids"": [248044, 248046], ""unexpected_allowed"": []}",2.077486268011853,xgrammar,0.8175287790363654,3.2847687039757147,160,65,64,"[27165, 430, 781, 21059, 279, 2450, 11, 781, 1423, 421, 411, 11012, 42197, 369, 3213, 310, 23116, 1070, 279, 8415, 91009, 547, 1000, 599, 5752, 14185, 13, 14205, 430, 781, 21059, 279, 2450, 11, 781, 1423, 421, 411, 11012, 42197, 369, 3213, 310, 23116, 1070, 279, 8415, 91009, 547, 1000, 599, 5752, 14185, 13, 695, 1948, 88, 391, 22175, 7913, 11, 264, 47832, 321, 248046]","[27165, 430, 781, 21059, 279, 2450, 11, 781, 1423, 421, 411, 11012, 42197, 369, 3213, 310, 23116, 1070, 279, 8415, 91009, 547, 1000, 599, 5752, 14185, 13, 14205, 430, 781, 21059, 279, 2450, 11, 781, 1423, 421, 411, 11012, 42197, 369, 3213, 310, 23116, 1070, 279, 8415, 91009, 547, 1000, 599, 5752, 14185, 13, 695, 1948, 88, 391, 22175, 7913, 11, 264, 47832, 321]",248046,"[248046, 248044]",248046,1,True,True,"[0, 0, 0, 0, 0, 0, 0, 1, 0, 0, 0, 0, 0, 0, 0]","Yet as they probe the source, they find that this quiet certainty is enough to spare them the fear Ragnarok would have otherwise inspired. Yet as they probe the source, they find that this quiet certainty is enough to spare them the fear Ragnarok would have otherwise inspired. 
Shyly gathering strength, a messenger and",True,3806919680,10.092526994005311
095_coauthor_left_not_right_kna_t16_rep2,395,15,left_not_right,,16,2,65,51,3133,1763446801,coauthor,95,2,coauthor:creative:6e8295cfe7b7425198f0d305a29e3fc3,0,0da33706fc32b7c58014aeeab9a394ad6037b2fb04e5c5443e420dd4f75fd648,fb6452ba5c8b932fe99d08caf833269e51a1aa6850ccb326a751d92ed3b60214,success,,512.0,512.0,512.0,False,,model_loaded,17.40035553002963,0.71860188402934,2.2666795339901,2.98528141801944,2.98528141801944,3028,52624,868933,1856056350,248320,"{""allowed_count"": 248067, ""expected_count"": 248067, ""missing_expected"": [], ""ok"": true, ""stop_token_ids"": [248044, 248046], ""unexpected_allowed"": []}",1.946219084027689,xgrammar,0.8647133900085464,3.2452014349983074,230,65,64,"[2053, 279, 1578, 18725, 3023, 11, 279, 3777, 295, 1098, 3512, 777, 94667, 11, 77748, 421, 264, 10647, 680, 55803, 2493, 2070, 1070, 310, 12092, 279, 1814, 11, 3482, 279, 3999, 11, 13668, 2235, 4092, 314, 279, 28037, 7975, 4423, 1101, 15029, 13, 3984, 11, 1040, 4574, 4779, 13016, 10263, 680, 310, 381, 449, 39472, 310, 279, 3777, 13, 2302, 513, 14272, 13282, 321, 248046]","[2053, 279, 1578, 18725, 3023, 11, 279, 3777, 295, 1098, 3512, 777, 94667, 11, 77748, 421, 264, 10647, 680, 55803, 2493, 2070, 1070, 310, 12092, 279, 1814, 11, 3482, 279, 3999, 11, 13668, 2235, 4092, 314, 279, 28037, 7975, 4423, 1101, 15029, 13, 3984, 11, 1040, 4574, 4779, 13016, 10263, 680, 310, 381, 449, 39472, 310, 279, 3777, 13, 2302, 513, 14272, 13282, 321]",248046,"[248046, 248044]",248046,1,True,True,"[0, 0, 0, 0, 0, 0, 0, 1, 0, 0, 0, 0, 0, 0, 0, 0]","As the years sink away, the young mages become more timid, fearing that a sudden outburst might allow them to escape the world, yet the easy, controlled old age of the aging society ensues regardless. Time, like perfect memory accuracy turns out to be an illusion to the young. They are somewhere alive and",True,3813874688,10.336209660978056
096_coauthor_sets_differ_kna_t1_rep2,396,0,sets_differ,,1,2,65,7,439,287909034,coauthor,96,2,coauthor:creative:116ae37dd7f5497c8257767b81a72cf3,0,3d546571be5d073edb4413c0fe50ea8148eb3602c9335d986b547206386ea5ab,225a7cb3835693d1fa28c678c6c18b8577c76388f8c4d778f6f476d2274ae6a1,success,,512.0,512.0,512.0,False,,model_loaded,14.853223737969529,0.4748048770125024,0.11697390698827803,0.5917787840007804,0.5917787840007804,319,998,16475,9368198,248320,"{""allowed_count"": 248068, ""expected_count"": 248068, ""missing_expected"": [], ""ok"": true, ""stop_token_ids"": [248044, 248046], ""unexpected_allowed"": []}",2.0800661790417507,xgrammar,0.8172615600051358,3.340657467022538,382,65,64,"[2523, 2224, 22804, 6884, 13, 220, 19, 1578, 1083, 678, 20310, 11, 488, 33206, 310, 1423, 264, 6321, 440, 874, 460, 2534, 383, 678, 92392, 1898, 13, 1049, 15339, 328, 40, 3769, 488, 2908, 995, 264, 5823, 310, 11628, 22804, 1076, 7834, 3641, 678, 17363, 321, 1562, 279, 1324, 3559, 13, 1049, 579, 854, 310, 1151, 279, 1865, 2531, 1149, 50688, 4777, 11, 18163, 248046]","[2523, 2224, 22804, 6884, 13, 220, 19, 1578, 1083, 678, 20310, 11, 488, 33206, 310, 1423, 264, 6321, 440, 874, 460, 2534, 383, 678, 92392, 1898, 13, 1049, 15339, 328, 40, 3769, 488, 2908, 995, 264, 5823, 310, 11628, 22804, 1076, 7834, 3641, 678, 17363, 321, 1562, 279, 1324, 3559, 13, 1049, 579, 854, 310, 1151, 279, 1865, 2531, 1149, 50688, 4777, 11, 18163]",248046,"[248046, 248044]",248046,1,True,True,[1],"You're Barack Obama. 4 years into your retirement, you awake to find a letter with no return address on your bedside table. It reads ""I hope you've had a chance to relax Barack...but pack your bags and call the number below. It's time to start the real job."" Signed simply, expertise",True,3829800960,8.073510816961061
097_coauthor_sets_differ_kna_t2_rep2,397,1,sets_differ,,2,2,65,12,690,376325081,coauthor,97,2,coauthor:creative:8f5facc84faa440aaab8b05968fbdf4a,0,401aee02270cbbe7aa8e1c2002e30a3fb16539831a7ccd515c41c3d8a4a088a0,79ff887ad440f40e64ea02d190f83032156db357605583d07422e814453571b8,success,,512.0,512.0,512.0,False,,model_loaded,14.586105802038219,0.47109641798306257,0.22032859100727364,0.6914250089903362,0.6914250089903362,571,2305,38161,32621615,248320,"{""allowed_count"": 248068, ""expected_count"": 248068, ""missing_expected"": [], ""ok"": true, ""stop_token_ids"": [248044, 248046], ""unexpected_allowed"": []}",2.0175241159740835,xgrammar,0.8258156880037859,3.340613594977185,209,65,64,"[7691, 1048, 14607, 279, 6093, 5532, 914, 264, 20045, 11, 748, 279, 35336, 6316, 780, 1765, 49993, 2272, 279, 22952, 579, 8858, 321, 28314, 1042, 708, 11, 13969, 279, 49993, 310, 17638, 1083, 279, 6797, 30596, 20438, 4661, 1024, 13, 4450, 1179, 11, 279, 1865, 220, 24, 17, 302, 22952, 11, 852, 557, 3404, 1066, 264, 1546, 57080, 321, 16323, 7604, 2713, 314, 12647, 248044]","[7691, 1048, 14607, 279, 6093, 5532, 914, 264, 20045, 11, 748, 279, 35336, 6316, 780, 1765, 49993, 2272, 279, 22952, 579, 8858, 321, 28314, 1042, 708, 11, 13969, 279, 49993, 310, 17638, 1083, 279, 6797, 30596, 20438, 4661, 1024, 13, 4450, 1179, 11, 279, 1865, 220, 24, 17, 302, 22952, 11, 852, 557, 3404, 1066, 264, 1546, 57080, 321, 16323, 7604, 2713, 314, 12647]",248046,"[248046, 248044]",248044,1,True,True,"[0, 1]","She also realized the solution wasn't a blast, so the wolf turned his own tiger against the pig's corner and gently let go, causing the tiger to collapse into the sunlit passage behind her. Just then, the real 92nd pig, who was actually just a very frightened and incredibly poor row of lit",True,3813049856,8.127374837989919
098_coauthor_sets_differ_kna_t3_rep2,398,2,sets_differ,,3,2,65,16,941,221453869,coauthor,98,2,coauthor:creative:b5612ede07954874974dfa8a6a921a8b,0,851084b1dff521c98efc9b24e976f706155b04ed49c50aad1e1c74adf7dc692a,c7cdb24a99ac6b9526031949c8849d4030a54881b05b8b98342530ae449cf857,success,,512.0,512.0,512.0,False,,model_loaded,14.756536998960655,0.4931316560250707,0.3349383699824102,0.8280700260074809,0.8280700260074809,823,4108,68093,73120391,248320,"{""allowed_count"": 248068, ""expected_count"": 248068, ""missing_expected"": [], ""ok"": true, ""stop_token_ids"": [248044, 248046], ""unexpected_allowed"": []}",2.034261883003637,xgrammar,0.8315248200087808,3.325543148966972,426,65,64,"[784, 8198, 279, 1379, 7737, 5224, 303, 1004, 21730, 1859, 364, 20275, 440, 279, 1814, 579, 7526, 6823, 13, 1577, 567, 1353, 8047, 11, 5269, 579, 18989, 668, 381, 42912, 524, 539, 1141, 5548, 310, 2426, 586, 27276, 11, 694, 539, 1204, 13057, 424, 8226, 15493, 586, 310, 4992, 1092, 31966, 586, 5621, 1487, 4082, 1782, 440, 8446, 567, 1000, 17185, 12229, 321, 2420, 248046]","[784, 8198, 279, 1379, 7737, 5224, 303, 1004, 21730, 1859, 364, 20275, 440, 279, 1814, 579, 7526, 6823, 13, 1577, 567, 1353, 8047, 11, 5269, 579, 18989, 668, 381, 42912, 524, 539, 1141, 5548, 310, 2426, 586, 27276, 11, 694, 539, 1204, 13057, 424, 8226, 15493, 586, 310, 4992, 1092, 31966, 586, 5621, 1487, 4082, 1782, 440, 8446, 567, 1000, 17185, 12229, 321, 2420]",248046,"[248046, 248044]",248046,1,True,True,"[0, 0, 1]","use remains the most powerful tool in our lexicon for connecting with the world's largest population. As we look ahead, technology's legacy will be judged not by its ability to keep us united, but by how effectively it empowers us to choose what connects us worthily among those with whom we would naturally desire and available",True,3836273152,8.25613346596947
099_coauthor_sets_differ_kna_t4_rep2,399,3,sets_differ,,4,2,65,20,1192,1027359296,coauthor,99,2,coauthor:creative:5d97592b669a4155b2f8d7308d649c0d,0,9b0a46e4bc1f0837d8d940b21b97321a7d494e6f0bf04466d7b103c8432218c4,ba27103847dc19bee4afedd987e9c36a77574e1734f852c3fde47a8a0514fcfa,success,,512.0,512.0,512.0,False,,model_loaded,14.29862024600152,0.5124485949636437,0.4704880960052833,0.982936690968927,0.982936690968927,1075,6407,105897,133852430,248320,"{""allowed_count"": 248068, ""expected_count"": 248068, ""missing_expected"": [], ""ok"": true, ""stop_token_ids"": [248044, 248046], ""unexpected_allowed"": []}",2.1057159019983374,xgrammar,0.8622082530055195,2.719974581967108,308,47,46,"[760, 35336, 30489, 321, 1018, 11, 328, 71, 13154, 11, 33897, 11, 413, 488, 3184, 728, 353, 2688, 1066, 2019, 310, 1236, 264, 30385, 321, 33591, 310, 381, 264, 22952, 11, 353, 1362, 4507, 7923, 488, 13264, 1066, 539, 44925, 1332, 678, 24244, 7458, 369, 1149, 248046]","[760, 35336, 30489, 321, 1018, 11, 328, 71, 13154, 11, 33897, 11, 413, 488, 3184, 728, 353, 2688, 1066, 2019, 310, 1236, 264, 30385, 321, 33591, 310, 381, 264, 22952, 11, 353, 1362, 4507, 7923, 488, 13264, 1066, 539, 44925, 1332, 678, 24244, 7458, 369, 1149]",248046,"[248046, 248044]",248046,1,True,False,"[0, 1, 1, 1]","The wolf laughed and said, ""haha, dude, if you tell me I'm just going to make a costume and pretend to be a pig, I could probably eat you anyway just by guessing where your hiding spot is.""",True,3821781504,7.935006654995959
100_coauthor_sets_differ_kna_t5_rep2,400,4,sets_differ,,5,2,65,24,1443,1828676982,coauthor,100,2,coauthor:creative:c9e301f54a8a4723b14567a99c90d2b7,0,fbf6fd1889e01fd19260b155e12ff4a828dd1ee22df44a68cf571d0497f31704,bb6633f20318561917194d85ec7b1176882f2ec614f1c9e272cc7214c792e41f,success,,512.0,512.0,512.0,False,,model_loaded,18.75464003701927,0.5648205729667097,0.6442430689930916,1.2090636419598013,1.2090636419598013,1327,9202,151573,217805636,248320,"{""allowed_count"": 248068, ""expected_count"": 248068, ""missing_expected"": [], ""ok"": true, ""stop_token_ids"": [248044, 248046], ""unexpected_allowed"": []}",2.197553920035716,xgrammar,0.9536504859570414,3.326094190008007,706,65,64,"[4639, 579, 2172, 11, 2545, 22952, 13, 6558, 579, 708, 7923, 1518, 424, 5055, 6121, 13, 18315, 488, 1040, 1010, 21803, 30, 18315, 488, 1040, 1010, 12514, 30, 18315, 488, 1040, 1010, 9561, 12281, 30, 18315, 488, 1040, 310, 381, 33416, 30, 18315, 488, 1040, 310, 381, 14466, 1083, 11834, 777, 30, 18315, 488, 1040, 821, 2724, 30, 18315, 488, 1040, 4184, 321, 16657, 248046]","[4639, 579, 2172, 11, 2545, 22952, 13, 6558, 579, 708, 7923, 1518, 424, 5055, 6121, 13, 18315, 488, 1040, 1010, 21803, 30, 18315, 488, 1040, 1010, 12514, 30, 18315, 488, 1040, 1010, 9561, 12281, 30, 18315, 488, 1040, 310, 381, 33416, 30, 18315, 488, 1040, 310, 381, 14466, 1083, 11834, 777, 30, 18315, 488, 1040, 821, 2724, 30, 18315, 488, 1040, 4184, 321, 16657]",248046,"[248046, 248044]",248046,1,True,True,"[0, 0, 0, 0, 1]","That's great, little pig. Let's go eat before it gets dark. Would you like some pizza? Would you like some beer? Would you like some ice cream? Would you like to be eaten? Would you like to be talked into eating more? Would you like my company? Would you like someone and cheese",True,3878446080,9.08015894901473
101_coauthor_sets_differ_kna_t6_rep2,401,5,sets_differ,,6,2,65,28,1694,137583360,coauthor,101,2,coauthor:creative:6d6a8d63190243f685256031a59166dd,0,85c845c60bf556758bdaadb9d01a7b17f014ee7a25a8ba310e1a8a7844b8acae,e02a07e85f453a7e15c9614a2f1a5bb95ebc80523336727bcb179a414dfe9838,success,,512.0,512.0,512.0,False,,model_loaded,18.22745860804571,0.5788826040225103,0.7992510630283505,1.3781336670508608,1.3781336670508608,1579,12493,205121,327967913,248320,"{""allowed_count"": 248068, ""expected_count"": 248068, ""missing_expected"": [], ""ok"": true, ""stop_token_ids"": [248044, 248046], ""unexpected_allowed"": []}",2.0978159989463165,xgrammar,0.8380018529715016,3.3865557750104927,266,65,64,"[760, 2015, 6849, 25241, 310, 27704, 279, 1727, 6937, 314, 31613, 26917, 1345, 279, 24577, 15911, 10144, 264, 491, 51123, 15707, 421, 1000, 5790, 2107, 7036, 998, 383, 279, 1788, 2081, 13, 8439, 12987, 682, 978, 53001, 10598, 303, 279, 3162, 1007, 11, 424, 369, 7309, 33720, 421, 411, 668, 524, 381, 780, 1534, 6429, 13, 2985, 1330, 314, 2250, 3470, 39407, 321, 2943, 248046]","[760, 2015, 6849, 25241, 310, 27704, 279, 1727, 6937, 314, 31613, 26917, 1345, 279, 24577, 15911, 10144, 264, 491, 51123, 15707, 421, 1000, 5790, 2107, 7036, 998, 383, 279, 1788, 2081, 13, 8439, 12987, 682, 978, 53001, 10598, 303, 279, 3162, 1007, 11, 424, 369, 7309, 33720, 421, 411, 668, 524, 381, 780, 1534, 6429, 13, 2985, 1330, 314, 2250, 3470, 39407, 321, 2943]",248046,"[248046, 248044]",248046,1,True,True,"[1, 0, 0, 0, 0, 0]","The team immediately deployed to intercept the next batch of kidnappers while the mysterious chip revealed a new geographical coordinate that would ensure both teams were on the same page. Since Matt has been kidnapped twice in the past year, it is highly probable that this will not be his final opportunity. With two of three items accounted and four",True,3819613696,9.065643039008137
102_coauthor_sets_differ_kna_t7_rep2,402,6,sets_differ,,7,2,65,32,1945,2100626676,coauthor,102,2,coauthor:creative:ad936817fa674c3fb2db5f6d55fc49f1,0,3cfa89394a2a48343a6b2436f5d07dbdddc759f8d24e99075818f08996e522cc,17ef405c772b3d7443e8871d3d526127ba21b8da611687cfbe1459d595426a59,success,,512.0,512.0,512.0,False,,model_loaded,18.02251574501861,0.5859317370341159,0.9835529529955238,1.5694846900296398,1.5694846900296398,1831,16280,266541,467327165,248320,"{""allowed_count"": 248068, ""expected_count"": 248068, ""missing_expected"": [], ""ok"": true, ""stop_token_ids"": [248044, 248046], ""unexpected_allowed"": []}",2.202906764985528,xgrammar,0.8455313459853642,3.264164326013997,415,65,64,"[760, 35336, 5326, 6348, 685, 780, 13161, 506, 449, 3999, 1387, 3309, 321, 87805, 4732, 310, 46189, 780, 1727, 3019, 13, 2972, 1465, 6426, 551, 1000, 599, 310, 615, 11190, 321, 958, 279, 2029, 421, 279, 25343, 995, 1496, 39894, 74388, 8047, 314, 1070, 159029, 318, 760, 220, 24, 17, 302, 2545, 22952, 9218, 2166, 3200, 279, 869, 314, 6734, 11, 3482, 551, 65173, 248046]","[760, 35336, 5326, 6348, 685, 780, 13161, 506, 449, 3999, 1387, 3309, 321, 87805, 4732, 310, 46189, 780, 1727, 3019, 13, 2972, 1465, 6426, 551, 1000, 599, 310, 615, 11190, 321, 958, 279, 2029, 421, 279, 25343, 995, 1496, 39894, 74388, 8047, 314, 1070, 159029, 318, 760, 220, 24, 17, 302, 2545, 22952, 9218, 2166, 3200, 279, 869, 314, 6734, 11, 3482, 551, 65173]",248046,"[248046, 248044]",248046,1,True,True,"[0, 0, 0, 0, 0, 0, 1]","The wolf finally gave up his attempts at an easy break-in and retreated outside to ponder his next plan. **He decided he would have to get creative and use the fact that the guards had high-tech weaponry ahead of them.** (The 92nd little pig learned too late the value of trust, yet he claws",True,3835704320,9.230317095993087
103_coauthor_sets_differ_kna_t8_rep2,403,7,sets_differ,,8,2,65,36,2196,495223424,coauthor,103,2,coauthor:creative:a2b882ca8a14420a8749dfedfecdfa36,0,c5e9e4d01616389e6c371d84b383c96b1f04f1bead7090fe777cf74d737627a3,82227d51f573cc06fba1278679ab67a8b93ecff0cd8284ce6d148b812a0d7e37,success,,512.0,512.0,512.0,False,,model_loaded,17.7636955800117,0.5940557189751416,1.1837726119556464,1.777828330930788,1.777828330930788,2083,20563,335833,638871296,248320,"{""allowed_count"": 248068, ""expected_count"": 248068, ""missing_expected"": [], ""ok"": true, ""stop_token_ids"": [248044, 248046], ""unexpected_allowed"": []}",2.142053327988833,xgrammar,0.8370056159910746,3.216791257960722,242,65,64,"[760, 35336, 3272, 321, 3272, 11, 748, 1248, 430, 551, 1362, 84182, 279, 22952, 11, 279, 49977, 364, 864, 2107, 551, 321, 780, 3626, 998, 6725, 11, 1000, 259, 1584, 279, 9114, 440, 42533, 19851, 13, 23, 17, 25, 561, 1670, 3217, 9060, 318, 17, 15, 16, 24, 553, 93945, 383, 220, 17, 15, 17, 19, 12, 15, 24, 12, 18, 15, 13, 16970, 248046]","[760, 35336, 3272, 321, 3272, 11, 748, 1248, 430, 551, 1362, 84182, 279, 22952, 11, 279, 49977, 364, 864, 2107, 551, 321, 780, 3626, 998, 6725, 11, 1000, 259, 1584, 279, 9114, 440, 42533, 19851, 13, 23, 17, 25, 561, 1670, 3217, 9060, 318, 17, 15, 16, 24, 553, 93945, 383, 220, 17, 15, 17, 19, 12, 15, 24, 12, 18, 15, 13, 16970]",248046,"[248046, 248044]",248046,1,True,True,"[0, 0, 0, 0, 1, 0, 0, 0]","The wolf thought and thought, so long as he could devour the pig, the madness for which both he and his house were named, would taint the earth with lethal poison.82: TheInfoScapes (2019). Accessed on 2024-09-30. struck",True,3814347264,9.333167114004027
104_coauthor_sets_differ_kna_t9_rep2,404,8,sets_differ,,9,2,65,40,2447,794547656,coauthor,104,2,coauthor:creative:030168a0260f4701bb8c82e185b2c6c4,0,4b098086da2701876c90ad26273d66f6f070c10f3050f091eeec875965b3eae7,bf68dea1a21dd019e592b5620be08b5d126465e9d07a2c8e35ee11d585aa6b93,success,,512.0,512.0,512.0,False,,model_loaded,16.475157394015696,0.6008509629755281,1.3480539580341429,1.948904921009671,1.948904921009671,2335,25342,415292,845588210,248320,"{""allowed_count"": 248068, ""expected_count"": 248068, ""missing_expected"": [], ""ok"": true, ""stop_token_ids"": [248044, 248046], ""unexpected_allowed"": []}",2.178674867027439,xgrammar,0.8247909310157411,3.2523657879792154,283,65,64,"[27165, 8552, 279, 24339, 6775, 314, 1024, 16031, 11, 12987, 69794, 20073, 680, 898, 1489, 1024, 16175, 539, 24882, 15279, 29234, 1396, 5319, 1987, 68, 69691, 3659, 506, 1384, 494, 8964, 50931, 321, 491, 1538, 2709, 67, 1068, 92262, 1313, 25161, 11, 37476, 421, 1442, 279, 59401, 314, 414, 2537, 4107, 4929, 264, 855, 852, 628, 5323, 279, 8643, 314, 1396, 26814, 14249, 1075, 248044]","[27165, 8552, 279, 24339, 6775, 314, 1024, 16031, 11, 12987, 69794, 20073, 680, 898, 1489, 1024, 16175, 539, 24882, 15279, 29234, 1396, 5319, 1987, 68, 69691, 3659, 506, 1384, 494, 8964, 50931, 321, 491, 1538, 2709, 67, 1068, 92262, 1313, 25161, 11, 37476, 421, 1442, 279, 59401, 314, 414, 2537, 4107, 4929, 264, 855, 852, 628, 5323, 279, 8643, 314, 1396, 26814, 14249, 1075]",248046,"[248046, 248044]",248044,1,True,True,"[0, 1, 1, 0, 0, 0, 0, 0, 0]","Yet despite the demanding nature of her entertainment, Matt Damon consistently outshines her expectations by flawlessly executing every song Soeurette throws at him from Earth classics and new delurodian rarities alike, proving that even the pirates of Doozy respect a man who can channel the spirit of every legendary ukule",True,3820490752,9.452215405995958
105_coauthor_sets_differ_kna_t10_rep2,405,9,sets_differ,,10,2,65,44,2698,889109947,coauthor,105,2,coauthor:creative:64ded59bfd264094a10a88c47e4ecc1c,0,9e4a42b20abe3221c253c438f8bbe5e687b2a7f3bf51580c0bb00f16db807b63,47e185ac912d2b493ce844ff128daa99a7e58429ed2f0aecb267df3b2adf5b15,success,,512.0,512.0,512.0,False,,model_loaded,16.017691918008495,0.5800195210031234,1.5959881590097211,2.1760076800128445,2.1760076800128445,2587,30617,503139,1090465811,248320,"{""allowed_count"": 248068, ""expected_count"": 248068, ""missing_expected"": [], ""ok"": true, ""stop_token_ids"": [248044, 248046], ""unexpected_allowed"": []}",2.148846558004152,xgrammar,0.8697016660007648,2.5726659420179203,437,42,41,"[69510, 11, 279, 6434, 20551, 557, 524, 1546, 6197, 303, 279, 4766, 321, 75879, 1993, 279, 2128, 781, 998, 68032, 948, 781, 14607, 279, 7793, 11, 13969, 279, 4307, 6236, 310, 6922, 20413, 430, 4858, 14607, 852, 279, 20551, 557, 13, 248046]","[69510, 11, 279, 6434, 20551, 557, 524, 1546, 6197, 303, 279, 4766, 321, 75879, 1993, 279, 2128, 781, 998, 68032, 948, 781, 14607, 279, 7793, 11, 13969, 279, 4307, 6236, 310, 6922, 20413, 430, 4858, 14607, 852, 279, 20551, 557, 13]",248046,"[248046, 248044]",248046,1,True,False,"[0, 1, 0, 0, 0, 0, 0, 0, 0, 0]","Fortunately, the UN chairman was not very involved in the matter and skimmed the document they were debating when they realized the truth, causing the entire meeting to remain silent as everyone realized who the chairman was.",True,3836841472,8.99572911800351
106_coauthor_both_sides_kna_t1_rep2,406,0,both_sides,,1,2,65,6,370,1567551141,coauthor,106,2,coauthor:creative:f151863fbea2417c9bbec7082abaefd6,0,f0e44358071fa1aa66db59f88d80e281593c0d1e9c5a62c87deb424358b0e391,8a4898d3a6d4a2eba34506e7a4113b3e017789575dba47ecbecbd84471570e40,success,,512.0,512.0,512.0,False,,model_loaded,14.735808633966371,0.4851771149551496,0.09301204996882007,0.5781891649239697,0.5781891649239697,252,736,12621,5808654,248320,"{""allowed_count"": 248067, ""expected_count"": 248067, ""missing_expected"": [], ""ok"": true, ""stop_token_ids"": [248044, 248046], ""unexpected_allowed"": []}",2.0381287290365435,xgrammar,0.8237115889787674,3.3288353790412657,212,65,64,"[2523, 708, 2767, 310, 1423, 4184, 11352, 7763, 303, 12314, 1142, 279, 2235, 488, 11, 15193, 310, 1436, 1070, 56730, 310, 3460, 8554, 1814, 488, 599, 5617, 13, 4213, 11, 279, 1637, 488, 1436, 35556, 506, 678, 4034, 369, 264, 491, 91436, 52234, 494, 264, 2086, 2199, 11, 6379, 39306, 421, 488, 1066, 38199, 836, 6429, 310, 5909, 279, 3162, 13, 40713, 321, 40713, 248046]","[2523, 708, 2767, 310, 1423, 4184, 11352, 7763, 303, 12314, 1142, 279, 2235, 488, 11, 15193, 310, 1436, 1070, 56730, 310, 3460, 8554, 1814, 488, 599, 5617, 13, 4213, 11, 279, 1637, 488, 1436, 35556, 506, 678, 4034, 369, 264, 491, 91436, 52234, 494, 264, 2086, 2199, 11, 6379, 39306, 421, 488, 1066, 38199, 836, 6429, 310, 5909, 279, 3162, 13, 40713, 321, 40713]",248046,"[248046, 248044]",248046,1,True,True,[2],"You go online to find someone specifically interested in bringing back the old you, hoping to see them revive to face whatever world you have built. However, the person you see staring at your screen is a new reincarnation from a different life, completely unaware that you just stole their opportunity to remember the past. overwhelmed and overwhelmed",True,3813166592,8.039472341013607
107_coauthor_both_sides_kna_t2_rep2,407,1,both_sides,,2,2,65,10,555,103648351,coauthor,107,2,coauthor:creative:fa039fa4741a4a53a7afa9ed1deac769,0,2e8bd296773c2e2909b9d9537016fdcd6a7384772015cf9d01d233dd92d40289,66d1bc70c38cb517c80d690ca0290b4fbb481e4aed6e32219ef811935e065f29,success,,512.0,512.0,512.0,False,,model_loaded,14.695034640026279,0.5073273380403407,0.165244358999189,0.6725716970395297,0.6725716970395297,438,1654,27936,19074667,248320,"{""allowed_count"": 248067, ""expected_count"": 248067, ""missing_expected"": [], ""ok"": true, ""stop_token_ids"": [248044, 248046], ""unexpected_allowed"": []}",1.997049042955041,xgrammar,0.8221010550041683,3.252264436974656,214,65,64,"[2064, 557, 279, 5054, 11, 1379, 32918, 11, 852, 37444, 685, 17960, 888, 279, 295, 12914, 1292, 4442, 13, 2838, 61880, 1024, 1906, 440, 264, 1970, 314, 14834, 421, 61551, 279, 328, 14055, 31448, 1, 2306, 494, 279, 4307, 2981, 13, 4543, 279, 5054, 369, 653, 16, 1495, 1521, 1292, 6273, 1292, 3404, 42970, 279, 1844, 7458, 8552, 12806, 279, 3980, 13983, 321, 13983, 248046]","[2064, 557, 279, 5054, 11, 1379, 32918, 11, 852, 37444, 685, 17960, 888, 279, 295, 12914, 1292, 4442, 13, 2838, 61880, 1024, 1906, 440, 264, 1970, 314, 14834, 421, 61551, 279, 328, 14055, 31448, 1, 2306, 494, 279, 4307, 2981, 13, 4543, 279, 5054, 369, 653, 16, 1495, 1521, 1292, 6273, 1292, 3404, 42970, 279, 1844, 7458, 8552, 12806, 279, 3980, 13983, 321, 13983]",248046,"[248046, 248044]",248046,1,True,True,"[2, 0]","It was the woman, most notably, who woke up angry over the mugs she reserved. She stamped her order with a code of ownership that erased the ""Best Dad"" label from the entire market. Now the woman is #1 again because she felt she actually deserved the top spot despite losing the war plain and plain",True,3813245440,7.986448527954053
108_coauthor_both_sides_kna_t3_rep2,408,2,both_sides,,3,2,65,13,740,453111492,coauthor,108,2,coauthor:creative:f6dc009e6d5c4c03a667ca201438077a,0,f12599ad813d705e87faf65b4e6d2e253f1d3d71520776d65cd00e840ca35027,ce36c01aaf54053f6d7e730165b8d3f6a2294479ef5b39d2581a7ac910d82744,success,,512.0,512.0,512.0,False,,model_loaded,14.573626645025797,0.4852205970091745,0.2515221599605866,0.7367427569697611,0.7367427569697611,624,2938,49673,41783859,248320,"{""allowed_count"": 248067, ""expected_count"": 248067, ""missing_expected"": [], ""ok"": true, ""stop_token_ids"": [248044, 248046], ""unexpected_allowed"": []}",2.067735899006948,xgrammar,0.8162447690265253,3.3307776330038905,494,65,64,"[6651, 7544, 1996, 445, 7511, 279, 6777, 1472, 34787, 8601, 748, 421, 836, 14652, 494, 21444, 17515, 279, 28037, 51075, 314, 36127, 15485, 494, 279, 30701, 539, 220, 17, 19, 15, 15, 13, 16, 20, 15, 1578, 1238, 279, 3889, 1484, 11, 21873, 264, 23086, 6823, 1345, 279, 1814, 8308, 310, 25715, 13, 4213, 11, 430, 279, 6823, 88888, 11, 279, 27749, 321, 27749, 248046]","[6651, 7544, 1996, 445, 7511, 279, 6777, 1472, 34787, 8601, 748, 421, 836, 14652, 494, 21444, 17515, 279, 28037, 51075, 314, 36127, 15485, 494, 279, 30701, 539, 220, 17, 19, 15, 15, 13, 16, 20, 15, 1578, 1238, 279, 3889, 1484, 11, 21873, 264, 23086, 6823, 1345, 279, 1814, 8308, 310, 25715, 13, 4213, 11, 430, 279, 6823, 88888, 11, 279, 27749, 321, 27749]",248046,"[248046, 248044]",248046,1,True,True,"[2, 0, 0]","They successfully repopulated the nation through voluntary efforts so that their immigration from abroad matched the aging influx of demographic relief from the continent by 2400.150 years after the original event, ensuring a balanced population while the world continued to heal. However, as the population stabilized, the invitation and invitation",True,3843982336,8.203766952967271
109_coauthor_both_sides_kna_t4_rep2,409,3,both_sides,,4,2,65,16,925,1704582959,coauthor,109,2,coauthor:creative:f4726c879c9d4e43ab6a63a3d732a988,0,ad6d46ba583a7567a823d1e67360117f0fb492b2cc7055a95a9d6e853e08bf96,bcc433a7ef35cbd43153f8a5d1cb9d5ad175f9365c96956fb140ece0e2c19663,success,,512.0,512.0,512.0,False,,model_loaded,14.552164313034154,0.5063595179817639,0.3413014110410586,0.8476609290228225,0.8476609290228225,810,4588,77218,75561270,248320,"{""allowed_count"": 248067, ""expected_count"": 248067, ""missing_expected"": [], ""ok"": true, ""stop_token_ids"": [248044, 248046], ""unexpected_allowed"": []}",2.0016751020448282,xgrammar,0.8343431770335883,3.342087278026156,390,65,64,"[6825, 2688, 524, 279, 1786, 3259, 303, 411, 3626, 11, 694, 506, 3140, 1292, 1990, 8523, 852, 295, 12449, 279, 15879, 383, 264, 7483, 1288, 7124, 11039, 11, 1518, 567, 2107, 19899, 680, 30542, 13, 328, 1919, 369, 9149, 2046, 2199, 1149, 1165, 39766, 8574, 279, 5817, 11, 5354, 310, 1420, 685, 1973, 3583, 24863, 539, 279, 44217, 383, 279, 12786, 10061, 321, 10061, 248046]","[6825, 2688, 524, 279, 1786, 3259, 303, 411, 3626, 11, 694, 506, 3140, 1292, 1990, 8523, 852, 295, 12449, 279, 15879, 383, 264, 7483, 1288, 7124, 11039, 11, 1518, 567, 2107, 19899, 680, 30542, 13, 328, 1919, 369, 9149, 2046, 2199, 1149, 1165, 39766, 8574, 279, 5817, 11, 5354, 310, 1420, 685, 1973, 3583, 24863, 539, 279, 44217, 383, 279, 12786, 10061, 321, 10061]",248046,"[248046, 248044]",248046,1,True,True,"[0, 0, 2, 0]","""I'm not the best mom in this house, but at least she still knows who mowed the grass on a Saturday,"" Ben adds, before we both burst out laughing. ""This is truly home life."" We shout toward the door, ready to show up without getting cancelled by the elephant on the calendar kid and kid",True,3834415104,8.259056870010681
110_coauthor_both_sides_kna_t5_rep2,410,4,both_sides,,5,2,65,19,1110,1212847586,coauthor,110,2,coauthor:creative:bd54a50b118341678efa571079cae11e,0,ab9764ea71c8bb8f89c5f0e0e483f03e302f5a08e8de80287cf137b487c073c7,a124b830e9af9beb9de1c015aee69ac48f9b5a596564435e8d4695f31d4e8d6c,success,,512.0,512.0,512.0,False,,model_loaded,14.74289489298826,0.4747461550286971,0.4375896819983609,0.912335837027058,0.912335837027058,996,6604,110571,122031940,248320,"{""allowed_count"": 248067, ""expected_count"": 248067, ""missing_expected"": [], ""ok"": true, ""stop_token_ids"": [248044, 248046], ""unexpected_allowed"": []}",2.021808415011037,xgrammar,0.8362629599869251,3.3456611069850624,412,65,64,"[2053, 1439, 6107, 26582, 11, 12361, 6779, 279, 26281, 12761, 303, 8996, 1980, 563, 303, 5904, 14230, 1472, 7112, 421, 13759, 279, 12558, 1881, 4779, 11, 8464, 11, 279, 6745, 11, 279, 29667, 18396, 11, 279, 42140, 11, 279, 11815, 11, 279, 33461, 11, 279, 61002, 11, 279, 47237, 11, 279, 8643, 11, 279, 13136, 11, 279, 3162, 11, 279, 3725, 2785, 321, 2785, 248046]","[2053, 1439, 6107, 26582, 11, 12361, 6779, 279, 26281, 12761, 303, 8996, 1980, 563, 303, 5904, 14230, 1472, 7112, 421, 13759, 279, 12558, 1881, 4779, 11, 8464, 11, 279, 6745, 11, 279, 29667, 18396, 11, 279, 42140, 11, 279, 11815, 11, 279, 33461, 11, 279, 61002, 11, 279, 47237, 11, 279, 8643, 11, 279, 13136, 11, 279, 3162, 11, 279, 3725, 2785, 321, 2785]",248046,"[248046, 248044]",248046,1,True,True,"[0, 0, 0, 0, 2]","As these lives unfold, readers discover the profound beauty in finding solace in shared struggle through stories that bridge the gap between memory, reality, the physical, the metaphysical, the fictional, the lived, the imagined, the unseen, the mortal, the spirit, the soul, the past, the future within and within",True,3835549696,8.449523118964862
111_coauthor_both_sides_kna_t6_rep2,411,5,both_sides,,6,2,65,22,1295,1908751491,coauthor,111,2,coauthor:creative:fc9761dd283c460c850fe1733c62247a,0,5b4b3e149cc0ed213d0715253a670ac9e9f9b0909863046bbe914cc1e80e7f09,de07ae8d0b1e8478860df9b0cfddc25112c45eccd0e2b29b327cda260be88804,success,,512.0,512.0,512.0,False,,model_loaded,14.827467629977036,0.4896716760122217,0.547606528038159,1.0372782040503807,1.0372782040503807,1182,8986,149732,182820909,248320,"{""allowed_count"": 248067, ""expected_count"": 248067, ""missing_expected"": [], ""ok"": true, ""stop_token_ids"": [248044, 248046], ""unexpected_allowed"": []}",1.9832056009909138,xgrammar,0.9117425130098127,3.231896966986824,285,65,64,"[11924, 13, 84907, 579, 14845, 58236, 1172, 678, 44315, 11, 279, 20513, 421, 10695, 8545, 440, 279, 632, 50014, 9663, 22151, 303, 279, 1546, 11155, 678, 6351, 1066, 495, 57863, 13, 271, 7691, 15060, 38587, 1024, 4105, 11, 1024, 7497, 88818, 430, 1292, 35909, 1292, 9149, 4021, 2426, 411, 2478, 2019, 1973, 449, 8057, 13, 328, 2064, 579, 524, 5621, 279, 6236, 321, 6236, 248046]","[11924, 13, 84907, 579, 14845, 58236, 1172, 678, 44315, 11, 279, 20513, 421, 10695, 8545, 440, 279, 632, 50014, 9663, 22151, 303, 279, 1546, 11155, 678, 6351, 1066, 495, 57863, 13, 271, 7691, 15060, 38587, 1024, 4105, 11, 1024, 7497, 88818, 430, 1292, 35909, 1292, 9149, 4021, 2426, 411, 2478, 2019, 1973, 449, 8057, 13, 328, 2064, 579, 524, 5621, 279, 6236, 321, 6236]",248046,"[248046, 248044]",248046,1,True,True,"[0, 0, 0, 0, 0, 2]","Mr. Tomas's smile disappears under your stare, the silence that follows heavy with the unspoken warning embedded in the very breath your mother just exhaled.

She carefully chooses her words, her voice trembling as she admits she truly cannot keep this business going without an agent. ""It's not worth the meeting and meeting",True,3820594176,8.40376906603342
112_coauthor_both_sides_kna_t7_rep2,412,6,both_sides,,7,2,65,25,1480,1933008165,coauthor,112,2,coauthor:creative:dcf08dcc251f48109e68b46ffc0561d6,0,b9a4add63c768f430d41fed1cd212c2be4757047ad567c3c7000a27312b3fa57,b93ba4b1ea982edaa3324cdfafdd7d8e3590eacc9f1486b6f640d2569f4fea75,success,,512.0,512.0,512.0,False,,model_loaded,14.999205377011094,0.5163611400057562,0.6632187950308435,1.1795799350365996,1.1795799350365996,1368,11734,194701,259553217,248320,"{""allowed_count"": 248067, ""expected_count"": 248067, ""missing_expected"": [], ""ok"": true, ""stop_token_ids"": [248044, 248046], ""unexpected_allowed"": []}",1.8920517790247686,xgrammar,0.8054888210026547,3.3075804249965586,317,65,64,"[1919, 16015, 54892, 34577, 421, 1442, 948, 45297, 10751, 1245, 11, 1017, 369, 2590, 2956, 364, 264, 2545, 93598, 13, 10875, 11, 653, 16, 31448, 682, 18003, 3512, 264, 7489, 314, 10963, 421, 628, 914, 381, 4284, 3023, 494, 586, 660, 13, 318, 13784, 11, 421, 17758, 279, 5728, 5946, 11746, 11, 3242, 567, 17836, 279, 10963, 421, 5954, 586, 310, 7083, 321, 7083, 248046]","[1919, 16015, 54892, 34577, 421, 1442, 948, 45297, 10751, 1245, 11, 1017, 369, 2590, 2956, 364, 264, 2545, 93598, 13, 10875, 11, 653, 16, 31448, 682, 18003, 3512, 264, 7489, 314, 10963, 421, 628, 914, 381, 4284, 3023, 494, 586, 660, 13, 318, 13784, 11, 421, 17758, 279, 5728, 5946, 11746, 11, 3242, 567, 17836, 279, 10963, 421, 5954, 586, 310, 7083, 321, 7083]",248046,"[248046, 248044]",248046,1,True,True,"[0, 0, 0, 2, 0, 0, 0]","This unexpected spectacle proves that even when dissent feels right, there is always room for a little positivity. Today, #1 Dad has officially become a symbol of freedom that can't be taken away from us all. (Wait, that breaks the rule.) Instead, today we celebrate the freedom that allows us to vehicle and vehicle",True,3822245888,8.423898141016252
113_coauthor_both_sides_kna_t8_rep2,413,7,both_sides,,8,2,65,28,1665,229052572,coauthor,113,2,coauthor:creative:b7a163f09d8641c2b708236592f11767,0,f7ea9a5bebf5b2f05f59c07fb4ad983993135a04709787f458c617897d531628,6ad860adefd70aca1f8850e917e69cf54c5a2cc428ca215dae20c4c8cfe0d595,success,,512.0,512.0,512.0,False,,model_loaded,15.450821692997124,0.5492730119731277,0.8120979010127485,1.3613709129858762,1.3613709129858762,1554,14848,245478,353853904,248320,"{""allowed_count"": 248067, ""expected_count"": 248067, ""missing_expected"": [], ""ok"": true, ""stop_token_ids"": [248044, 248046], ""unexpected_allowed"": []}",1.8659800309687853,xgrammar,0.8376030389918014,3.262544529978186,107,65,64,"[19205, 821, 2763, 20684, 11, 353, 14607, 279, 72791, 286, 2099, 303, 3929, 314, 728, 557, 524, 264, 19261, 11, 694, 264, 2526, 7914, 852, 995, 5743, 310, 381, 279, 6764, 353, 995, 2047, 4661, 13, 2500, 1362, 264, 1814, 5617, 383, 51623, 3397, 9149, 32358, 1141, 32681, 30, 466, 2500, 635, 488, 8070, 61241, 91436, 1820, 1060, 364, 60666, 23708, 9712, 321, 9712, 248046]","[19205, 821, 2763, 20684, 11, 353, 14607, 279, 72791, 286, 2099, 303, 3929, 314, 728, 557, 524, 264, 19261, 11, 694, 264, 2526, 7914, 852, 995, 5743, 310, 381, 279, 6764, 353, 995, 2047, 4661, 13, 2500, 1362, 264, 1814, 5617, 383, 51623, 3397, 9149, 32358, 1141, 32681, 30, 466, 2500, 635, 488, 8070, 61241, 91436, 1820, 1060, 364, 60666, 23708, 9712, 321, 9712]",248046,"[248046, 248044]",248046,1,True,True,"[0, 0, 2, 0, 0, 0, 0, 0]","Despite my initial confusion, I realized the shimmering image in front of me was not a ghost, but a small boy who had returned to be the father I had left behind. How could a world built on repetition ever truly betray its creators? or How do you spend eternity reincarnating for heavens sake mostly and mostly",True,3800635904,8.56141274800757
114_coauthor_both_sides_kna_t9_rep2,414,8,both_sides,,9,2,65,31,1850,663331882,coauthor,114,2,coauthor:creative:d1edc05d6a4a411db965bb9a8adc3339,0,e9d2a4ae10743e0af3671216a31968c117da9fe3e6f99c9558b973dc78859423,eee6a7086d0009d3ee18fbe3ad33da75f81617be6a1f8e8e5f8fdb194ba508b0,success,,512.0,512.0,512.0,False,,model_loaded,15.890417448012158,0.6063665910041891,0.9436346699949354,1.5500012609991245,1.5500012609991245,1740,18328,303772,467348010,248320,"{""allowed_count"": 248067, ""expected_count"": 248067, ""missing_expected"": [], ""ok"": true, ""stop_token_ids"": [248044, 248046], ""unexpected_allowed"": []}",2.1300473600276746,xgrammar,0.8657381459488533,3.3878596569993533,117,65,64,"[2523, 12706, 421, 9799, 411, 36561, 2493, 381, 279, 1132, 1560, 310, 9149, 3060, 678, 491, 2199, 13, 14296, 53, 467, 2176, 220, 248068, 271, 248069, 271, 6651, 2962, 11, 328, 40, 2688, 524, 2617, 413, 353, 1318, 310, 3609, 411, 1288, 2980, 279, 2243, 314, 488, 1727, 310, 1070, 85111, 421, 41416, 279, 7655, 314, 279, 32090, 369, 2166, 38841, 20513, 321, 20513, 248046]","[2523, 12706, 421, 9799, 411, 36561, 2493, 381, 279, 1132, 1560, 310, 9149, 3060, 678, 491, 2199, 13, 14296, 53, 467, 2176, 220, 248068, 271, 248069, 271, 6651, 2962, 11, 328, 40, 2688, 524, 2617, 413, 353, 1318, 310, 3609, 411, 1288, 2980, 279, 2243, 314, 488, 1727, 310, 1070, 85111, 421, 41416, 279, 7655, 314, 279, 32090, 369, 2166, 38841, 20513, 321, 20513]",248046,"[248046, 248044]",248046,1,True,True,"[0, 0, 0, 2, 0, 0, 0, 0, 0]","You realize that watching this nightmare might be the only way to truly begin your new life. SkyVestron <think>

</think>

They continue, ""I'm not sure if I want to watch this,"" until the version of you next to them whispers that chasing the dream of the cinema is too risky silence and silence",True,3801030144,9.213002482953016
115_coauthor_both_sides_kna_t10_rep2,415,9,both_sides,,10,2,65,34,2035,1698520607,coauthor,115,2,coauthor:creative:308df34d38ce447a957e540a6cde21c7,0,e105302b1657290a718e1375faff2ceed1c54b9dc7c1de101bc2e3f6801a289a,fa6fc403e046feb6e0dcf41328b5fe5362051d87bd4bc64ff2c13a0085a70c07,success,,512.0,512.0,512.0,False,,model_loaded,15.523705563973635,0.5591043020249344,1.1047415849752724,1.6638458870002069,1.6638458870002069,1926,22174,367640,601660575,248320,"{""allowed_count"": 248067, ""expected_count"": 248067, ""missing_expected"": [], ""ok"": true, ""stop_token_ids"": [248044, 248046], ""unexpected_allowed"": []}",2.0516331110266037,xgrammar,0.8405415160232224,3.2636838339967653,283,65,64,"[54250, 2524, 3543, 7916, 599, 4800, 421, 4248, 13, 60833, 77, 369, 13177, 3753, 440, 13388, 12061, 69794, 303, 780, 2046, 6092, 314, 33114, 11, 12617, 11, 1238, 1602, 10779, 539, 279, 5705, 314, 15892, 13, 1216, 7701, 310, 381, 5442, 264, 31277, 3364, 430, 12987, 69794, 2582, 29763, 780, 3364, 303, 1602, 12215, 13, 1061, 682, 39106, 2763, 45486, 494, 3471, 321, 31277, 248044]","[54250, 2524, 3543, 7916, 599, 4800, 421, 4248, 13, 60833, 77, 369, 13177, 3753, 440, 13388, 12061, 69794, 303, 780, 2046, 6092, 314, 33114, 11, 12617, 11, 1238, 1602, 10779, 539, 279, 5705, 314, 15892, 13, 1216, 7701, 310, 381, 5442, 264, 31277, 3364, 430, 12987, 69794, 2582, 29763, 780, 3364, 303, 1602, 12215, 13, 1061, 682, 39106, 2763, 45486, 494, 3471, 321, 31277]",248046,"[248046, 248044]",248044,1,True,True,"[2, 0, 0, 0, 0, 0, 0, 0, 0, 0]","Variety news sources have reported that Mr. Vaughn is widely seen with Luciana Damon in his home town of Richmond, Virginia, after being recommended by the Department of Defense. He appears to be playing a supportive role as Matt Damon already understands his role in being replaced. This has sparked initial backlash from social and supportive",True,3820490752,9.105705077003222
116_coauthor_both_sides_kna_t11_rep2,416,10,both_sides,,11,2,65,37,2220,1521795194,coauthor,116,2,coauthor:creative:d8a8e6352996418a9319bbdc990bc23c,0,4ab9e9294a524d2dfe4f8418baf61a8883cb512dbd7b24e2aedb536a90398719,84b8a5e01e0f3f3226a038416d8620b76a0d00ea2ad25efb5186fc0b1af52d9a,success,,512.0,512.0,512.0,False,,model_loaded,19.207857044995762,0.6219539549783804,1.2887643380090594,1.9107182929874398,1.9107182929874398,2112,26386,438224,758416639,248320,"{""allowed_count"": 248067, ""expected_count"": 248067, ""missing_expected"": [], ""ok"": true, ""stop_token_ids"": [248044, 248046], ""unexpected_allowed"": []}",2.166779416031204,xgrammar,0.8432051360141486,3.330602121015545,173,65,64,"[760, 31442, 34924, 1459, 914, 1040, 7478, 3594, 0, 1921, 836, 33012, 314, 279, 352, 19159, 314, 7478, 10583, 369, 1092, 682, 5879, 310, 9637, 34669, 2444, 13, 8535, 4694, 836, 491, 2552, 430, 279, 69098, 53267, 11, 264, 15631, 43095, 2100, 364, 836, 3043, 2741, 37954, 82363, 32238, 11, 781, 599, 1381, 87805, 1142, 310, 8964, 13, 1577, 12313, 11, 7309, 321, 7309, 248044]","[760, 31442, 34924, 1459, 914, 1040, 7478, 3594, 0, 1921, 836, 33012, 314, 279, 352, 19159, 314, 7478, 10583, 369, 1092, 682, 5879, 310, 9637, 34669, 2444, 13, 8535, 4694, 836, 491, 2552, 430, 279, 69098, 53267, 11, 264, 15631, 43095, 2100, 364, 836, 3043, 2741, 37954, 82363, 32238, 11, 781, 599, 1381, 87805, 1142, 310, 8964, 13, 1577, 12313, 11, 7309, 321, 7309]",248046,"[248046, 248044]",248044,1,True,True,"[0, 0, 0, 0, 0, 0, 0, 0, 2, 0, 0]","The hostile aliens don't like fresh air! But their hatred of the stench of fresh leaves is what has led to reverse altitude control. Realizing their new status as the apex predators, a sought-after target for their near-hyper-launch missiles, they have now retreated back to Earth. As humans, highly and highly",True,3807432192,9.61125652201008
117_coauthor_both_sides_kna_t12_rep2,417,11,both_sides,,12,2,65,40,2405,178145262,coauthor,117,2,coauthor:creative:7e3839abe7334df698bb48e0d5561ab4,0,650af764ba45ebfaaec0b1613257b7f01d7d6d49496468d49898e510e454733d,5b123335a7ba245f12c758e87427c4345d357da8cc8ae959ea44742916e96bd5,success,,512.0,512.0,512.0,False,,model_loaded,18.65883222297998,0.6385948489769362,1.5148917809710838,2.15348662994802,2.15348662994802,2298,30964,514982,939241242,248320,"{""allowed_count"": 248067, ""expected_count"": 248067, ""missing_expected"": [], ""ok"": true, ""stop_token_ids"": [248044, 248046], ""unexpected_allowed"": []}",2.1004807300050743,xgrammar,0.8672263249754906,3.247436799982097,198,65,64,"[10883, 11, 1599, 14939, 30142, 421, 279, 21110, 303, 19200, 369, 15756, 264, 27534, 35426, 3354, 539, 3471, 3561, 24385, 4598, 1056, 264, 21333, 6206, 303, 1092, 85707, 2854, 310, 635, 3658, 13, 4177, 21, 4891, 4177, 18, 19, 4891, 271, 2324, 303, 660, 11, 279, 3521, 46918, 888, 22284, 1754, 975, 579, 85707, 20659, 1204, 16739, 1439, 37919, 6, 31805, 1830, 321, 1830, 248046]","[10883, 11, 1599, 14939, 30142, 421, 279, 21110, 303, 19200, 369, 15756, 264, 27534, 35426, 3354, 539, 3471, 3561, 24385, 4598, 1056, 264, 21333, 6206, 303, 1092, 85707, 2854, 310, 635, 3658, 13, 4177, 21, 4891, 4177, 18, 19, 4891, 271, 2324, 303, 660, 11, 279, 3521, 46918, 888, 22284, 1754, 975, 579, 85707, 20659, 1204, 16739, 1439, 37919, 6, 31805, 1830, 321, 1830]",248046,"[248046, 248044]",248046,1,True,True,"[0, 0, 0, 0, 0, 0, 0, 2, 0, 0, 0, 0]","However, many professionals insist that the surge in engagement is merely a statistical artifact created by social media algorithms rather than a genuine shift in what dads love to do together. [[6]] [[34]]

All in all, the global obsession over ranking each other's dads highlights how deeply these fathers' achievements report and report",True,3812616192,9.684094697993714
118_coauthor_both_sides_kna_t13_rep2,418,12,both_sides,,13,2,65,43,2590,273277591,coauthor,118,2,coauthor:creative:3ad000b9400447d9bd7f7dc101975973,0,b750b419df1ac1b503483f4fc343f85082815b72dae108a38c0a17d1c85333c8,5ca5884d3775382e52dddcb4d3044554843da4dd531f7e1644fa23509199eb81,success,,512.0,512.0,512.0,False,,model_loaded,17.615231930976734,0.6425843709730543,1.7051903959945776,2.347774766967632,2.347774766967632,2484,35908,597914,1145759424,248320,"{""allowed_count"": 248067, ""expected_count"": 248067, ""missing_expected"": [], ""ok"": true, ""stop_token_ids"": [248044, 248046], ""unexpected_allowed"": []}",2.1873692389926873,xgrammar,0.8219685049843974,3.361752016004175,300,65,64,"[760, 8771, 50101, 513, 6849, 27276, 430, 279, 60011, 3060, 310, 71103, 5402, 310, 42607, 279, 81850, 13, 735, 271, 10883, 11, 353, 599, 7438, 23219, 421, 279, 1534, 2468, 1902, 381, 264, 39811, 314, 279, 3766, 1414, 13, 14833, 11, 353, 1902, 4087, 2785, 279, 2193, 314, 279, 3255, 4924, 13, 271, 38496, 5947, 279, 3255, 310, 1236, 279, 8771, 8070, 321, 8070, 248046]","[760, 8771, 50101, 513, 6849, 27276, 430, 279, 60011, 3060, 310, 71103, 5402, 310, 42607, 279, 81850, 13, 735, 271, 10883, 11, 353, 599, 7438, 23219, 421, 279, 1534, 2468, 1902, 381, 264, 39811, 314, 279, 3766, 1414, 13, 14833, 11, 353, 1902, 4087, 2785, 279, 2193, 314, 279, 3255, 4924, 13, 271, 38496, 5947, 279, 3255, 310, 1236, 279, 8771, 8070, 321, 8070]",248046,"[248046, 248044]",248046,1,True,True,"[0, 0, 0, 0, 0, 0, 0, 0, 2, 0, 0, 0, 0]","The Two Worlds are immediately united as the filmmakers begin to dedicate themselves to crafting the screenplay. |

However, I have deduced that the final output must be a continuation of the provided text. Therefore, I must answer within the context of the story itself.

Matt wrote the story to make the Two spend and spend",True,3821367808,10.082160977006424
119_coauthor_both_sides_kna_t14_rep2,419,13,both_sides,,14,2,65,46,2775,1898952421,coauthor,119,2,coauthor:creative:626255ec39a349df84e75196a01c9e55,0,b814534d3328f704b121da7ff0931de53a230ab21e71a8bb6b772077d12375c4,27929ef904ff65bfc540ae0ff2081c62fd79a54c165a52f47d6855c5163e968a,success,,512.0,512.0,512.0,False,,model_loaded,17.39439437398687,0.6554114709724672,1.8815401440369897,2.536951615009457,2.536951615009457,2670,41218,687020,1379596225,248320,"{""allowed_count"": 248067, ""expected_count"": 248067, ""missing_expected"": [], ""ok"": true, ""stop_token_ids"": [248044, 248046], ""unexpected_allowed"": []}",2.115455296006985,xgrammar,0.8379376920056529,3.2326746130129322,318,65,64,"[760, 11952, 47177, 13569, 37536, 449, 53838, 37292, 8366, 279, 24429, 579, 1901, 430, 279, 2235, 6351, 22952, 14936, 494, 1024, 41025, 73680, 13, 2838, 38965, 680, 1024, 1142, 321, 43883, 4950, 391, 11, 5326, 30027, 279, 11012, 8649, 1292, 3272, 1292, 1000, 1144, 310, 10986, 1024, 1599, 48078, 13, 561, 35336, 11, 41594, 551, 557, 11550, 310, 3250, 264, 3626, 9469, 303, 11952, 248044]","[760, 11952, 47177, 13569, 37536, 449, 53838, 37292, 8366, 279, 24429, 579, 1901, 430, 279, 2235, 6351, 22952, 14936, 494, 1024, 41025, 73680, 13, 2838, 38965, 680, 1024, 1142, 321, 43883, 4950, 391, 11, 5326, 30027, 279, 11012, 8649, 1292, 3272, 1292, 1000, 1144, 310, 10986, 1024, 1599, 48078, 13, 561, 35336, 11, 41594, 551, 557, 11550, 310, 3250, 264, 3626, 9469, 303, 11952]",248046,"[248046, 248044]",248044,1,True,True,"[0, 0, 0, 0, 0, 0, 0, 0, 0, 0, 0, 0, 2, 0]","The robot pigs slowly lowered an extinguisher onto the Wolf's head as the old mother pig watched from her cozy shack. She stretched out her back and slept soundly, finally achieving the quiet peace she thought she would need to reward her many grandchildren. The wolf, realizing he was unable to attack a house covered in robot",True,3822297088,10.032853635959327
120_coauthor_both_sides_kna_t15_rep2,420,14,both_sides,,15,2,65,49,2960,813730522,coauthor,120,2,coauthor:creative:0822cf8998be4c44962989a70f00eb9e,0,a6803493f0a759f4c30b6c8e147951ef306eda79d6714661e66ec28d92292585,7c5f50d026e77058896537b36573df9e14113948e2db757b0ecd5e61f04b8c68,success,,512.0,512.0,512.0,False,,model_loaded,16.939873118011747,0.6558788510155864,2.0624204369960353,2.7182992880116217,2.7182992880116217,2856,46894,782300,1642376685,248320,"{""allowed_count"": 248067, ""expected_count"": 248067, ""missing_expected"": [], ""ok"": true, ""stop_token_ids"": [248044, 248046], ""unexpected_allowed"": []}",1.8892184440046549,xgrammar,0.8098864229978062,3.271936602948699,368,65,64,"[760, 3980, 1881, 21265, 76397, 303, 15200, 5521, 2074, 11, 430, 279, 42348, 8906, 12307, 314, 16568, 1395, 346, 9334, 11291, 264, 1534, 11366, 383, 836, 9376, 2255, 440, 51429, 14867, 13, 303, 279, 1534, 2756, 11, 21265, 1000, 524, 1132, 3564, 310, 17480, 279, 14170, 8177, 694, 11, 3322, 6379, 53798, 1083, 15203, 12643, 11, 4777, 87987, 494, 279, 29288, 3150, 321, 8177, 248046]","[760, 3980, 1881, 21265, 76397, 303, 15200, 5521, 2074, 11, 430, 279, 42348, 8906, 12307, 314, 16568, 1395, 346, 9334, 11291, 264, 1534, 11366, 383, 836, 9376, 2255, 440, 51429, 14867, 13, 303, 279, 1534, 2756, 11, 21265, 1000, 524, 1132, 3564, 310, 17480, 279, 14170, 8177, 694, 11, 3322, 6379, 53798, 1083, 15203, 12643, 11, 4777, 87987, 494, 279, 29288, 3150, 321, 8177]",248046,"[248046, 248044]",248046,1,True,True,"[0, 0, 0, 0, 0, 0, 2, 0, 0, 0, 0, 0, 0, 0, 0]","The war between humanity fractured in moral schism, as the obsessed inner circle of hyper-magicians launched a final assault on their remaining base with reckless abandon. in the final days, humanity would not only fail to defeat the surrounding forces but, having completely dissolved into urban legend, simply vanish from the fossil record and forces",True,3829077504,9.972347972972784
121_coauthor_even_count_kna_t1_rep2,421,0,even_count,,1,2,65,4,313,141527139,coauthor,121,2,coauthor:creative:b42e5d2a56024abda27ec8f8f7424916,0,44011d29047c8ac6d3e0e94a53eb5d886323979dcc43d05d70687a2f88aa5439,8f1a02ff5338c2a6c0b6978af42834318fbe6199ae27837a03f9709efc40da3e,success,,512.0,512.0,512.0,False,,model_loaded,15.327695582003798,0.5170206790207885,0.07372284698067233,0.5907435260014609,0.5907435260014609,193,622,10386,3604372,248320,"{""allowed_count"": 248068, ""expected_count"": 248068, ""missing_expected"": [], ""ok"": true, ""stop_token_ids"": [248044, 248046], ""unexpected_allowed"": []}",2.321123308967799,xgrammar,0.851525004953146,3.575216648983769,221,65,64,"[2523, 998, 9290, 310, 1791, 264, 491, 7975, 494, 18211, 430, 279, 27878, 9191, 11, 852, 995, 874, 3725, 11, 13569, 5642, 3023, 321, 27469, 1083, 3712, 13, 8020, 264, 2342, 92325, 2843, 1000, 279, 1814, 5326, 3512, 57115, 1973, 27735, 13, 1394, 1429, 678, 2018, 5823, 310, 5572, 411, 3255, 11, 21873, 421, 488, 998, 2496, 5384, 2957, 777, 13, 733, 7936, 7936, 248046]","[2523, 998, 9290, 310, 1791, 264, 491, 7975, 494, 18211, 430, 279, 27878, 9191, 11, 852, 995, 874, 3725, 11, 13569, 5642, 3023, 321, 27469, 1083, 3712, 13, 8020, 264, 2342, 92325, 2843, 1000, 279, 1814, 5326, 3512, 57115, 1973, 27735, 13, 1394, 1429, 678, 2018, 5823, 310, 5572, 411, 3255, 11, 21873, 421, 488, 998, 2496, 5384, 2957, 777, 13, 733, 7936, 7936]",248046,"[248046, 248044]",248046,1,True,True,[2],"You were forced to create a new society from scratch as the elderly generation, who had no future, slowly passed away and disappeared into history. Only a few millennia later would the world finally become immortal without consequence. You used your second chance to pen this story, ensuring that you were never lost once more. In produce produce",True,3813520384,8.57714125700295
122_coauthor_even_count_kna_t2_rep2,422,1,even_count,,2,2,65,8,501,1288346628,coauthor,122,2,coauthor:creative:ce969e3aa6374189abe638aa61b3ffc9,0,36ee678d0f17ce3d81d87c1386ad6e19f650de0de615deb0ca159071259e8aaa,7e07289535a0815a22bf6eebb776b5e72064302b24d69d3fc6942d6bc4c9fe01,success,,512.0,512.0,512.0,False,,model_loaded,15.449363666004501,0.5063058860250749,0.15170710301026702,0.6580129890353419,0.6580129890353419,382,1616,26235,15060663,248320,"{""allowed_count"": 248068, ""expected_count"": 248068, ""missing_expected"": [], ""ok"": true, ""stop_token_ids"": [248044, 248046], ""unexpected_allowed"": []}",2.588724736997392,xgrammar,0.82085098704556,3.3099068549927324,328,65,64,"[44, 651, 29547, 54166, 430, 551, 14936, 1024, 17061, 28599, 883, 3433, 11, 41594, 421, 1024, 4145, 1144, 364, 279, 11012, 995, 1132, 1801, 1384, 12229, 1024, 777, 16739, 13, 1216, 6661, 551, 4221, 310, 11774, 310, 1024, 421, 279, 26052, 314, 279, 15039, 995, 4161, 310, 635, 440, 1024, 1765, 1575, 31666, 13, 3113, 1602, 264, 6570, 11, 42642, 919, 314, 76138, 76138, 248044]","[44, 651, 29547, 54166, 430, 551, 14936, 1024, 17061, 28599, 883, 3433, 11, 41594, 421, 1024, 4145, 1144, 364, 279, 11012, 995, 1132, 1801, 1384, 12229, 1024, 777, 16739, 13, 1216, 6661, 551, 4221, 310, 11774, 310, 1024, 421, 279, 26052, 314, 279, 15039, 995, 4161, 310, 635, 440, 1024, 1765, 1575, 31666, 13, 3113, 1602, 264, 6570, 11, 42642, 919, 314, 76138, 76138]",248046,"[248046, 248044]",248044,1,True,True,"[0, 2]","Mork smiled softly as he watched her argue quietly about space, realizing that her simple need for the quiet had only made him desire her more deeply. He knew he needed to prove to her that the chaos of the universe had nothing to do with her own well-being. By being a constant, predictable part of bumped bumped",True,3827013632,8.699253481987398
123_coauthor_even_count_kna_t3_rep2,423,2,even_count,,3,2,65,11,689,123062978,coauthor,123,2,coauthor:creative:b36defcb6838467db4486349793492fc,0,f55deda0ef34d67b93e7996553f39c6c90eb7570a49f5eb57cd55919404c510b,1e638c28b18430b67f5c9c3efc8d5b32ec77b67eb46640a443022a6c4c9aacdf,success,,512.0,512.0,512.0,False,,model_loaded,15.241973555006552,0.5280983009724878,0.22969931998522952,0.7577976209577173,0.7577976209577173,571,2982,47990,36048539,248320,"{""allowed_count"": 248068, ""expected_count"": 248068, ""missing_expected"": [], ""ok"": true, ""stop_token_ids"": [248044, 248046], ""unexpected_allowed"": []}",2.5994863620144315,xgrammar,0.8255912180175073,3.25530959200114,123,65,64,"[760, 2936, 1381, 54462, 942, 678, 803, 321, 8673, 19902, 488, 310, 279, 48819, 5493, 314, 3433, 1332, 279, 5333, 579, 6043, 599, 874, 17504, 383, 8464, 13, 18050, 760, 14735, 4816, 310, 1387, 279, 22551, 8598, 11, 694, 279, 460, 310, 4472, 10807, 369, 4442, 1132, 364, 1782, 852, 599, 23772, 279, 2695, 314, 5214, 7551, 2250, 3818, 303, 264, 12570, 18684, 18684, 248046]","[760, 2936, 1381, 54462, 942, 678, 803, 321, 8673, 19902, 488, 310, 279, 48819, 5493, 314, 3433, 1332, 279, 5333, 579, 6043, 599, 874, 17504, 383, 8464, 13, 18050, 760, 14735, 4816, 310, 1387, 279, 22551, 8598, 11, 694, 279, 460, 310, 4472, 10807, 369, 4442, 1132, 364, 1782, 852, 599, 23772, 279, 2695, 314, 5214, 7551, 2250, 3818, 303, 264, 12570, 18684, 18684]",248046,"[248046, 248044]",248046,1,True,True,"[0, 2, 0]","The government now confiscates your name and banishes you to the deepest areas of space where the drug's effects have no bearing on reality.  

The pill seems to break the biological clock, but the return to normalcy is reserved only for those who have forgotten the cost of living beyond three months in a solar disorder disorder",True,3801265152,8.759702371957246
124_coauthor_even_count_kna_t4_rep2,424,3,even_count,,4,2,65,14,877,897213110,coauthor,124,2,coauthor:creative:fefad5c6b2ca4bd6a6728c1ea12a6232,0,c9e854cb83797dd308cd2afd5085c45a52946caeb023de1eea94521bbbd4409d,3fdd62d2e76cc5d9978463a770dd44b5f3d34ad4d1fffe4d30420fd27134ba04,success,,512.0,512.0,512.0,False,,model_loaded,15.0949090179638,0.5156166779925115,0.32052577199647203,0.8361424499889836,0.8361424499889836,760,4720,76270,68246464,248320,"{""allowed_count"": 248068, ""expected_count"": 248068, ""missing_expected"": [], ""ok"": true, ""stop_token_ids"": [248044, 248046], ""unexpected_allowed"": []}",2.142724704986904,xgrammar,0.8040986370178871,3.2783682069857605,466,65,64,"[19205, 14661, 7047, 551, 995, 37543, 780, 4802, 11, 279, 975, 34924, 513, 4970, 6225, 52848, 539, 780, 90300, 2552, 430, 264, 1799, 525, 11156, 16014, 11, 37476, 421, 279, 18995, 579, 2503, 944, 557, 2944, 494, 303, 43987, 13, 4213, 11, 836, 20340, 314, 48720, 321, 17434, 13260, 8772, 264, 1923, 33291, 3438, 19601, 11, 430, 836, 10647, 94005, 46231, 310, 4089, 4089, 248046]","[19205, 14661, 7047, 551, 995, 37543, 780, 4802, 11, 279, 975, 34924, 513, 4970, 6225, 52848, 539, 780, 90300, 2552, 430, 264, 1799, 525, 11156, 16014, 11, 37476, 421, 279, 18995, 579, 2503, 944, 557, 2944, 494, 303, 43987, 13, 4213, 11, 836, 20340, 314, 48720, 321, 17434, 13260, 8772, 264, 1923, 33291, 3438, 19601, 11, 430, 836, 10647, 94005, 46231, 310, 4089, 4089]",248046,"[248046, 248044]",248046,1,True,True,"[0, 0, 0, 2]","Despite initially thinking he had wasted his resources, the other aliens are soon captivated by his newfound status as a Zog Space Hero, proving that the alien's hard work was far from in vain. However, their mixture of awe and delight ultimately becomes a double-edged sword, as their sudden reverence threatens to treat treat",True,3842538496,8.315979820967186
125_coauthor_even_count_kna_t5_rep2,425,4,even_count,,5,2,65,17,1065,1880268518,coauthor,125,2,coauthor:creative:eb9fd1c4b18b44679e21e09e4fc7fe0b,0,5f5d032b512e2ed9cee0e95117717de1b238f9fc6c88a9f7185abe0381e728cc,0008454b4d31f856cd197965b01795c42aa0fac1d1ac3191a17d19e58cc369c6,success,,512.0,512.0,512.0,False,,model_loaded,15.165387813001871,0.5313654549536295,0.4264983999892138,0.9578638549428433,0.9578638549428433,949,6830,110454,113332902,248320,"{""allowed_count"": 248068, ""expected_count"": 248068, ""missing_expected"": [], ""ok"": true, ""stop_token_ids"": [248044, 248046], ""unexpected_allowed"": []}",2.1249540760181844,xgrammar,0.8466693259542808,3.3406384799745865,432,65,64,"[760, 35336, 30932, 52039, 383, 279, 5817, 11, 864, 1801, 279, 22952, 15268, 680, 303, 76136, 430, 279, 52038, 6784, 5326, 27350, 1083, 9378, 13, 2985, 874, 2046, 2047, 11, 279, 35336, 7338, 1441, 310, 3655, 364, 279, 2503, 88, 22952, 310, 31852, 494, 279, 44141, 310, 2962, 836, 18500, 13, 2985, 874, 2046, 2047, 11, 279, 35336, 7338, 1441, 310, 3655, 14272, 14272, 248046]","[760, 35336, 30932, 52039, 383, 279, 5817, 11, 864, 1801, 279, 22952, 15268, 680, 303, 76136, 430, 279, 52038, 6784, 5326, 27350, 1083, 9378, 13, 2985, 874, 2046, 2047, 11, 279, 35336, 7338, 1441, 310, 3655, 364, 279, 2503, 88, 22952, 310, 31852, 494, 279, 44141, 310, 2962, 836, 18500, 13, 2985, 874, 2046, 2047, 11, 279, 35336, 7338, 1441, 310, 3655, 14272, 14272]",248046,"[248046, 248044]",248046,1,True,True,"[0, 0, 0, 0, 2]","The wolf knocked loudly on the door, which made the pig cry out in agony as the uranium wall finally collapsed into pieces. With no home left, the wolf sat down to wait for the hardy pig to emerge from the ruins to continue their hunt. With no home left, the wolf sat down to wait somewhere somewhere",True,3836581376,8.518204678955954
126_coauthor_even_count_kna_t6_rep2,426,5,even_count,,6,2,65,20,1253,1211816944,coauthor,126,2,coauthor:creative:fb763e77cfa94c7180537892300832e6,0,ccf3690ab7b96e3d92bb4092cd0a54fd11c187acf9c10dff2876640053424b01,1f7212abf5f17ceb9bfcf8d57056ef8a3bc984f0a7e5f4f4783b522792056bb9,success,,512.0,512.0,512.0,False,,model_loaded,14.91299776697997,0.5278930200147443,0.5412701909663156,1.0691632109810598,1.0691632109810598,1138,9312,150542,172986317,248320,"{""allowed_count"": 248068, ""expected_count"": 248068, ""missing_expected"": [], ""ok"": true, ""stop_token_ids"": [248044, 248046], ""unexpected_allowed"": []}",2.0785632629995234,xgrammar,0.819711735995952,3.2773166520055383,428,65,64,"[760, 13523, 995, 1132, 10782, 279, 5333, 539, 11095, 11, 39306, 421, 836, 17789, 995, 66746, 14469, 264, 11078, 8885, 24489, 13, 561, 2936, 4687, 557, 45341, 11, 748, 3069, 557, 279, 5333, 86087, 11391, 948, 424, 3105, 914, 1442, 2695, 1070, 30, 1049, 1801, 10424, 5357, 310, 488, 1381, 421, 488, 6661, 279, 7793, 13, 733, 2029, 11, 279, 4307, 2936, 15513, 15513, 248046]","[760, 13523, 995, 1132, 10782, 279, 5333, 539, 11095, 11, 39306, 421, 836, 17789, 995, 66746, 14469, 264, 11078, 8885, 24489, 13, 561, 2936, 4687, 557, 45341, 11, 748, 3069, 557, 279, 5333, 86087, 11391, 948, 424, 3105, 914, 1442, 2695, 1070, 30, 1049, 1801, 10424, 5357, 310, 488, 1381, 421, 488, 6661, 279, 7793, 13, 733, 2029, 11, 279, 4307, 2936, 15513, 15513]",248046,"[248046, 248044]",248046,1,True,True,"[0, 2, 0, 0, 0, 0]","The scientists had only discovered the drug by accident, unaware that their discovery had inadvertently exposed a dangerous criminal conspiracy. The government policy was flawed, so why was the drug harming millions when it didn't even cost them? It made absolute sense to you now that you knew the truth. In fact, the entire government understood understood",True,3836375552,8.482551662018523
127_coauthor_even_count_kna_t7_rep2,427,6,even_count,,7,2,65,23,1441,1785317414,coauthor,127,2,coauthor:creative:c55eedaec6ea4aecb9d9cf1fb616a89d,0,0a2a30bddb3d882b1e842d5cb93ceca315caf2ba1a9056705898fbf096541190,7b1de3861f825af7597eba0da31e873cdfe03c6f78195d424260467057ddecba,success,,512.0,512.0,512.0,False,,model_loaded,14.88516741298372,0.4661272069788538,0.6481900790240616,1.1143172860029154,1.1143172860029154,1327,12166,196534,248885173,248320,"{""allowed_count"": 248068, ""expected_count"": 248068, ""missing_expected"": [], ""ok"": true, ""stop_token_ids"": [248044, 248046], ""unexpected_allowed"": []}",1.8842288040323183,xgrammar,0.874620555958245,3.258845874981489,312,65,64,"[73205, 1578, 2843, 11, 488, 513, 1990, 10932, 303, 421, 1788, 3602, 11, 321, 488, 12706, 1381, 421, 488, 2224, 279, 799, 852, 1801, 80426, 867, 11, 321, 1132, 1381, 513, 488, 9149, 1845, 13, 4781, 3199, 11, 1017, 579, 2590, 264, 13665, 3296, 1532, 364, 488, 13, 1690, 264, 804, 328, 1323, 1845, 1, 26252, 1332, 353, 628, 3608, 449, 4087, 22149, 22149, 248046]","[73205, 1578, 2843, 11, 488, 513, 1990, 10932, 303, 421, 1788, 3602, 11, 321, 488, 12706, 1381, 421, 488, 2224, 279, 799, 852, 1801, 80426, 867, 11, 321, 1132, 1381, 513, 488, 9149, 1845, 13, 4781, 3199, 11, 1017, 579, 2590, 264, 13665, 3296, 1532, 364, 488, 13, 1690, 264, 804, 328, 1323, 1845, 1, 26252, 1332, 353, 628, 3608, 449, 4087, 22149, 22149]",248046,"[248046, 248044]",248046,1,True,True,"[0, 0, 0, 0, 0, 2, 0]","Twenty years later, you are still standing in that same location, and you realize now that you're the one who made JFK false, and only now are you truly free. Of course, there's always a trick question here for you. For a true ""be free"" quiz where I can pick an answer trap trap",True,3821987328,8.35638175404165
128_coauthor_even_count_kna_t8_rep2,428,7,even_count,,8,2,65,26,1629,678086234,coauthor,128,2,coauthor:creative:7db807f901e64357a4ebcee6908e8755,0,dec84f003268fc6521caf573ffd8ded0fd8c3a7d4c0f52321bcb6cc9b4667000,efb9198a26b80a9887d5f32c1d74e54de8d4e191f6121c505caf22ff036edf0f,success,,512.0,512.0,512.0,False,,model_loaded,15.583039479970466,0.5474187190411612,0.8072277629980817,1.354646482039243,1.354646482039243,1516,15392,248430,342707934,248320,"{""allowed_count"": 248068, ""expected_count"": 248068, ""missing_expected"": [], ""ok"": true, ""stop_token_ids"": [248044, 248046], ""unexpected_allowed"": []}",2.1963715619640425,xgrammar,0.8534755309810862,3.321349841018673,367,65,64,"[40, 1044, 3629, 426, 13, 22911, 11, 321, 353, 1144, 678, 1438, 13595, 728, 494, 449, 14328, 632, 308, 2087, 6331, 13, 353, 599, 264, 1603, 8396, 314, 279, 6331, 11, 321, 353, 2908, 2597, 4161, 310, 8779, 26858, 821, 36579, 13, 8169, 513, 567, 10488, 424, 30, 10166, 579, 10163, 310, 3222, 488, 506, 678, 5849, 364, 678, 7753, 30, 8406, 17299, 17299, 248046]","[40, 1044, 3629, 426, 13, 22911, 11, 321, 353, 1144, 678, 1438, 13595, 728, 494, 449, 14328, 632, 308, 2087, 6331, 13, 353, 599, 264, 1603, 8396, 314, 279, 6331, 11, 321, 353, 2908, 2597, 4161, 310, 8779, 26858, 821, 36579, 13, 8169, 513, 567, 10488, 424, 30, 10166, 579, 10163, 310, 3222, 488, 506, 678, 5849, 364, 678, 7753, 30, 8406, 17299, 17299]",248046,"[248046, 248044]",248046,1,True,True,"[0, 0, 0, 0, 0, 0, 0, 2]","I am John F. Kennedy, and I need your help saving me from an increasingly unamiable situation. I have a good understanding of the situation, and I've got nothing to lose besides my dignity. Why are we fighting it? Who's helping to hold you at your gun for your arrest? Oh teeth teeth",True,3829026304,8.975787358998787
129_coauthor_even_count_kna_t9_rep2,429,8,even_count,,9,2,65,29,1817,91060022,coauthor,129,2,coauthor:creative:53a1f867867b431e9336245503e7eec4,0,6bbc285f7d601f7e6c20a135ca014a73d50e31c2831b5ade88e71cf29e1c34a9,1206f2ff04f56e75a081d6f0279afaa09dfee7c288ea8454641d5ea07bc2b732,success,,512.0,512.0,512.0,False,,model_loaded,15.516769724956248,0.5601948830299079,0.91715245496016,1.477347337990068,1.477347337990068,1705,18990,307905,456133064,248320,"{""allowed_count"": 248068, ""expected_count"": 248068, ""missing_expected"": [], ""ok"": true, ""stop_token_ids"": [248044, 248046], ""unexpected_allowed"": []}",2.2333034879993647,xgrammar,0.8114966159919277,3.28510668000672,380,65,64,"[2523, 1179, 6273, 264, 5357, 314, 18717, 13660, 421, 279, 975, 38152, 2785, 279, 63298, 1000, 36157, 17027, 7374, 488, 2272, 866, 1865, 17208, 13, 4543, 11, 11550, 310, 381, 352, 2116, 11, 488, 2579, 5902, 303, 279, 6925, 314, 678, 1765, 27206, 8177, 13, 1061, 369, 6681, 279, 2993, 314, 27206, 25661, 488, 4221, 13, 1394, 6408, 264, 3238, 13593, 863, 430, 5902, 248046]","[2523, 1179, 6273, 264, 5357, 314, 18717, 13660, 421, 279, 975, 38152, 2785, 279, 63298, 1000, 36157, 17027, 7374, 488, 2272, 866, 1865, 17208, 13, 4543, 11, 11550, 310, 381, 352, 2116, 11, 488, 2579, 5902, 303, 279, 6925, 314, 678, 1765, 27206, 8177, 13, 1061, 369, 6681, 279, 2993, 314, 27206, 25661, 488, 4221, 13, 1394, 6408, 264, 3238, 13593, 863, 430, 5902]",248046,"[248046, 248044]",248046,1,True,True,"[0, 0, 0, 0, 0, 0, 2, 0, 1]","You then felt a sense of calm knowing that the other bees within the hive would vigilantly guard you against any real threats. Now, unable to be stung, you feel safe in the safety of your own protective forces. This is exactly the kind of protective friendship you needed. You heard a low rumble as safe",True,3829697536,9.059328758972697
130_coauthor_even_count_kna_t10_rep2,430,9,even_count,,10,2,65,32,2005,1182377206,coauthor,130,2,coauthor:creative:ca8ad78852e7427598cb82fa420483b4,0,516ec5b598aecaae0f2e9a0eae10c1f06e25a768b07eb0f4d71e27e87340a4bf,98eb235873eb98594ad3e8b0b1ad56c8637c3ccaf0f11b1834209ca1b09105bc,success,,512.0,512.0,512.0,False,,model_loaded,15.989799424016383,0.6188656089943834,1.130778634978924,1.7496442439733073,1.7496442439733073,1894,22960,373656,590839027,248320,"{""allowed_count"": 248068, ""expected_count"": 248068, ""missing_expected"": [], ""ok"": true, ""stop_token_ids"": [248044, 248046], ""unexpected_allowed"": []}",2.107837603020016,xgrammar,0.8750218370114453,3.295305702020414,181,65,64,"[2523, 16821, 506, 279, 30424, 67370, 440, 264, 44307, 259, 2131, 63658, 321, 449, 84681, 94423, 506, 279, 5354, 11, 9799, 279, 13041, 430, 488, 12426, 279, 3096, 852, 9939, 279, 1118, 3567, 4614, 13, 561, 10647, 10771, 314, 279, 23743, 303, 1680, 264, 35916, 391, 4283, 6047, 20653, 264, 35101, 1441, 678, 33528, 421, 1220, 599, 19013, 3023, 13, 1394, 5964, 26652, 26652, 248046]","[2523, 16821, 506, 279, 30424, 67370, 440, 264, 44307, 259, 2131, 63658, 321, 449, 84681, 94423, 506, 279, 5354, 11, 9799, 279, 13041, 430, 488, 12426, 279, 3096, 852, 9939, 279, 1118, 3567, 4614, 13, 561, 10647, 10771, 314, 279, 23743, 303, 1680, 264, 35916, 391, 4283, 6047, 20653, 264, 35101, 1441, 678, 33528, 421, 1220, 599, 19013, 3023, 13, 1394, 5964, 26652, 26652]",248046,"[248046, 248044]",248046,1,True,True,"[2, 0, 0, 0, 0, 0, 0, 0, 0, 0]","You arrive at the DIY nightclub with a branded tuxedo and an unloaded revolver at the ready, watching the crowd as you imagine the women who loved the first American president. The sudden appearance of the killer in such a starkly similar setting sends a chill down your spine that should have stayed away. You quickly summon summon",True,3807747584,9.292356735037174
131_coauthor_even_count_kna_t11_rep2,431,10,even_count,,11,2,65,35,2193,603178832,coauthor,131,2,coauthor:creative:6a0e4a84b6624948b9373a84488399cd,0,e853bb70366b17bfe43c7a45346d46e898bdad51efe97b4dc34c5e7db05f4a87,faa4b57046c45fb3b3f03261786de17e128e140980f4fff9b1928d41204bc3bd,success,,512.0,512.0,512.0,False,,model_loaded,15.75459344201954,0.6186248419689946,1.2850099100032821,1.9036347519722767,1.9036347519722767,2083,27302,445684,748504287,248320,"{""allowed_count"": 248068, ""expected_count"": 248068, ""missing_expected"": [], ""ok"": true, ""stop_token_ids"": [248044, 248046], ""unexpected_allowed"": []}",2.001655477040913,xgrammar,0.8409012029878795,3.2924259840510786,166,65,64,"[9923, 781, 1362, 6266, 11, 279, 542, 75265, 36452, 14607, 421, 279, 1132, 1560, 310, 9149, 4415, 557, 310, 2418, 1017, 321, 4777, 381, 5402, 13, 1066, 430, 781, 23562, 4487, 310, 2915, 264, 21333, 11, 632, 7790, 94504, 14845, 421, 17515, 836, 8906, 3000, 11, 264, 8153, 11, 11012, 7497, 3799, 1472, 279, 3594, 13, 561, 1637, 579, 6213, 2197, 45625, 364, 14607, 248046]","[9923, 781, 1362, 6266, 11, 279, 542, 75265, 36452, 14607, 421, 279, 1132, 1560, 310, 9149, 4415, 557, 310, 2418, 1017, 321, 4777, 381, 5402, 13, 1066, 430, 781, 23562, 4487, 310, 2915, 264, 21333, 11, 632, 7790, 94504, 14845, 421, 17515, 836, 8906, 3000, 11, 264, 8153, 11, 11012, 7497, 3799, 1472, 279, 3594, 13, 561, 1637, 579, 6213, 2197, 45625, 364, 14607]",248046,"[248046, 248044]",248046,1,True,True,"[0, 0, 0, 0, 0, 0, 0, 0, 2, 0, 0]","Before they could speak, the shapeshifter realized that the only way to truly connect was to stand there and simply be themselves. just as they stepped forward to offer a genuine, unpretentious smile that matched their inner light, a soft, quiet voice cut through the air. The person's eyes met theirs for realized",True,3807157248,9.296365162997972
132_coauthor_even_count_kna_t12_rep2,432,11,even_count,,12,2,65,38,2381,1404039680,coauthor,132,2,coauthor:creative:77cae115ed8349dbad550de12e5858c1,0,457801d68dcf131dda7179d5fed7438043597bf6aa57f5d42dd6080cd7a1e1b2,dbb8f1fa5da2db5ffd386748b6313b9184c3d2dc1a6425337971a4f291ea85fd,success,,512.0,512.0,512.0,False,,model_loaded,19.477306521032006,0.6415475819958374,1.4825233530136757,2.124070935009513,2.124070935009513,2272,32016,523988,930807308,248320,"{""allowed_count"": 248068, ""expected_count"": 248068, ""missing_expected"": [], ""ok"": true, ""stop_token_ids"": [248044, 248046], ""unexpected_allowed"": []}",2.319910157995764,xgrammar,0.8802680909866467,3.275491258013062,329,65,64,"[39304, 627, 11, 5028, 41594, 1987, 68, 69691, 579, 28911, 11, 26731, 310, 1438, 1024, 12092, 279, 26231, 3626, 539, 4162, 3023, 3658, 1518, 1024, 6764, 49296, 1070, 13, 4213, 11, 836, 3019, 1142, 53221, 948, 1024, 6764, 36584, 1070, 321, 165691, 2305, 1987, 68, 69691, 303, 264, 2086, 1528, 11, 6187, 279, 1330, 7331, 310, 9959, 303, 264, 24580, 364, 2250, 2545, 2545, 248046]","[39304, 627, 11, 5028, 41594, 1987, 68, 69691, 579, 28911, 11, 26731, 310, 1438, 1024, 12092, 279, 26231, 3626, 539, 4162, 3023, 3658, 1518, 1024, 6764, 49296, 1070, 13, 4213, 11, 836, 3019, 1142, 53221, 948, 1024, 6764, 36584, 1070, 321, 165691, 2305, 1987, 68, 69691, 303, 264, 2086, 1528, 11, 6187, 279, 1330, 7331, 310, 9959, 303, 264, 24580, 364, 2250, 2545, 2545]",248046,"[248046, 248044]",248046,1,True,True,"[0, 0, 0, 0, 0, 0, 0, 0, 0, 2, 0, 0]","Lucie, upon realizing Soeurette's trauma, decides to help her escape the horrible house by running away together before her father discovers them. However, their plan backfires when her father catches them and abandons Soeurette in a different state, leading the two girls to hide in a cave for three little little",True,3827066368,9.99490682297619
133_coauthor_even_count_kna_t13_rep2,433,12,even_count,,13,2,65,41,2569,668074030,coauthor,133,2,coauthor:creative:4619d21ac3ee4b6f961fb782ae6c7937,0,af8778a13b6200a1235f77b5c693c4657fbd765b8786df1888efc03044e6d36f,b37fe3b247665b2d4f1e0dc21baf3177156129279ffc6b44b5861440f05e730c,success,,512.0,512.0,512.0,False,,model_loaded,19.22647396096727,0.6463138909894042,1.6661250110482797,2.312438902037684,2.312438902037684,2461,37102,608568,1139426554,248320,"{""allowed_count"": 248068, ""expected_count"": 248068, ""missing_expected"": [], ""ok"": true, ""stop_token_ids"": [248044, 248046], ""unexpected_allowed"": []}",2.222273038001731,xgrammar,0.8309738649986684,3.2898312599863857,254,65,64,"[12777, 3384, 781, 4267, 310, 381, 279, 2450, 314, 279, 888, 42964, 38671, 11, 836, 1765, 18676, 1132, 69351, 279, 8084, 1355, 314, 264, 1814, 6608, 539, 1680, 14979, 28538, 13, 271, 13784, 11, 488, 1910, 328, 2523, 42418, 2844, 579, 264, 4252, 3638, 364, 264, 3611, 321, 524, 264, 82170, 13, 561, 2193, 12846, 421, 279, 328, 9053, 1, 369, 26153, 279, 3611, 248046]","[12777, 3384, 781, 4267, 310, 381, 279, 2450, 314, 279, 888, 42964, 38671, 11, 836, 1765, 18676, 1132, 69351, 279, 8084, 1355, 314, 264, 1814, 6608, 539, 1680, 14979, 28538, 13, 271, 13784, 11, 488, 1910, 328, 2523, 42418, 2844, 579, 264, 4252, 3638, 364, 264, 3611, 321, 524, 264, 82170, 13, 561, 2193, 12846, 421, 279, 328, 9053, 1, 369, 26153, 279, 3611]",248046,"[248046, 248044]",248046,1,True,True,"[0, 0, 0, 0, 0, 0, 0, 0, 0, 0, 0, 2, 0]","Even though they believe to be the source of the overpopulation curse, their own destruction only underscores the fragility of a world bound by such thin reserves.

Wait, you say ""You""? That's a correct application for a human and not a typo. The context suggests that the ""you"" is addressing the human",True,3814817792,9.999994238023646
134_coauthor_even_count_kna_t14_rep2,434,13,even_count,,14,2,65,44,2757,1800334722,coauthor,134,2,coauthor:creative:d9905c44ab9a4489a89581f052f34624,0,e1a265065cb8f77dea8dc9f5a0af83758f7a935b2e0c85591639e0b89c7cc108,6a2ae9f106cd216b656400e2c920b7e2e878181edd35832038760af88f9a33fb,success,,512.0,512.0,512.0,False,,model_loaded,18.92761115403846,0.6539773939875886,1.9619303320068866,2.615907725994475,2.615907725994475,2650,42560,699424,1376040489,248320,"{""allowed_count"": 248068, ""expected_count"": 248068, ""missing_expected"": [], ""ok"": true, ""stop_token_ids"": [248044, 248046], ""unexpected_allowed"": []}",2.2566296129953116,xgrammar,0.8329460759996437,3.281699381012004,798,65,64,"[760, 38152, 1953, 29285, 303, 21297, 430, 279, 99754, 11148, 6470, 310, 4869, 279, 2526, 16710, 1083, 264, 34189, 11, 45970, 1374, 78157, 364, 780, 9686, 4292, 310, 30717, 6849, 13, 2765, 248, 245, 29545, 2523, 14217, 83292, 391, 303, 279, 3990, 314, 279, 93901, 11, 678, 14058, 23963, 24547, 1142, 279, 26052, 421, 279, 11148, 579, 31856, 995, 65955, 13, 18094, 491, 491, 248046]","[760, 38152, 1953, 29285, 303, 21297, 430, 279, 99754, 11148, 6470, 310, 4869, 279, 2526, 16710, 1083, 264, 34189, 11, 45970, 1374, 78157, 364, 780, 9686, 4292, 310, 30717, 6849, 13, 2765, 248, 245, 29545, 2523, 14217, 83292, 391, 303, 279, 3990, 314, 279, 93901, 11, 678, 14058, 23963, 24547, 1142, 279, 26052, 421, 279, 11148, 579, 31856, 995, 65955, 13, 18094, 491, 491]",248046,"[248046, 248044]",248046,1,True,True,"[0, 0, 0, 0, 0, 0, 0, 0, 0, 0, 0, 0, 2, 0]","The bees swarmed in panic as the蜂 king tried to crush the small creature into a cage, shouting frantically for his apparent son to surrender immediately. ⚗️You stood defiantly in the center of the fray, your liquid courage pressing back the chaos that the king's rage had unleashed. Unfortunately new new",True,3880676352,10.350848264002707
135_coauthor_even_count_kna_t15_rep2,435,14,even_count,,15,2,65,47,2945,57330109,coauthor,135,2,coauthor:creative:ad3a61d515cf456cbaa424c7b4ac0f13,0,acf54a276f70f657b82369ec255c501ba77e48753f77d8033cbc6e75118408fe,176a4bb75e49b883668e334679e6880d98892fd6f034524ebc3765010a550553,success,,512.0,512.0,512.0,False,,model_loaded,18.465972500038333,0.679771892959252,2.1145642739720643,2.7943361669313163,2.7943361669313163,2839,48390,796556,1642327577,248320,"{""allowed_count"": 248068, ""expected_count"": 248068, ""missing_expected"": [], ""ok"": true, ""stop_token_ids"": [248044, 248046], ""unexpected_allowed"": []}",2.1507973929983564,xgrammar,0.8262730470160022,3.3290853039943613,341,65,64,"[19205, 8008, 21478, 314, 1024, 34709, 477, 321, 12987, 579, 54322, 11, 3777, 6351, 1987, 68, 69691, 369, 9290, 310, 3579, 279, 4839, 15448, 314, 3322, 449, 33764, 8505, 440, 264, 855, 1292, 682, 2496, 43883, 440, 303, 1024, 2199, 13, 271, 20079, 1534, 3019, 369, 310, 2649, 449, 12483, 351, 20937, 310, 4300, 279, 8505, 1083, 279, 1814, 1518, 279, 2902, 5055, 21478, 248046]","[19205, 8008, 21478, 314, 1024, 34709, 477, 321, 12987, 579, 54322, 11, 3777, 6351, 1987, 68, 69691, 369, 9290, 310, 3579, 279, 4839, 15448, 314, 3322, 449, 33764, 8505, 440, 264, 855, 1292, 682, 2496, 43883, 440, 303, 1024, 2199, 13, 271, 20079, 1534, 3019, 369, 310, 2649, 449, 12483, 351, 20937, 310, 4300, 279, 8505, 1083, 279, 1814, 1518, 279, 2902, 5055, 21478]",248046,"[248046, 248044]",248046,1,True,True,"[0, 0, 2, 0, 0, 0, 0, 0, 0, 0, 0, 0, 0, 0, 0]","Despite feeling convinced of her virginity and Matt's innocence, young mother Soeurette is forced to handle the difficult consequences of having an unwanted baby with a man she has never slept with in her life.

Her final plan is to perform an emergency C-section to bring the baby into the world before the family gets convinced",True,3827685888,10.437485517002642
136_coauthor_even_count_kna_t16_rep2,436,15,even_count,,16,2,65,50,3133,1901647826,coauthor,136,2,coauthor:creative:c6f8250e587f4288a48a616b2f1c1c6d,0,0d8038eb539760899552fa7d335063a702fa56d242a7b4c5ee594b63c568b255,7c236e0d116ef994933d9e63fb0543a5448c860596aa178b9dbe70411fe534fe,success,,512.0,512.0,512.0,False,,model_loaded,17.469038477982394,0.7170603930135258,2.3241006919997744,3.0411610850133,3.0411610850133,3028,54592,899964,1939966282,248320,"{""allowed_count"": 248068, ""expected_count"": 248068, ""missing_expected"": [], ""ok"": true, ""stop_token_ids"": [248044, 248046], ""unexpected_allowed"": []}",2.195106322003994,xgrammar,0.8742366989608854,3.2741406179848127,122,65,64,"[93880, 4156, 10729, 1083, 1925, 430, 353, 14541, 279, 10958, 39026, 321, 39029, 494, 821, 19381, 4099, 13, 50382, 113, 41776, 318, 623, 411, 2243, 11, 279, 9099, 40361, 12769, 12228, 4370, 314, 38152, 5946, 1, 353, 3272, 11, 74125, 680, 30542, 430, 279, 22589, 51544, 1083, 264, 21030, 2696, 13, 50382, 113, 41776, 318, 623, 411, 2243, 11, 279, 9099, 40361, 8341, 8341, 248046]","[93880, 4156, 10729, 1083, 1925, 430, 353, 14541, 279, 10958, 39026, 321, 39029, 494, 821, 19381, 4099, 13, 50382, 113, 41776, 318, 623, 411, 2243, 11, 279, 9099, 40361, 12769, 12228, 4370, 314, 38152, 5946, 1, 353, 3272, 11, 74125, 680, 30542, 430, 279, 22589, 51544, 1083, 264, 21030, 2696, 13, 50382, 113, 41776, 318, 623, 411, 2243, 11, 279, 9099, 40361, 8341, 8341]",248046,"[248046, 248044]",248046,1,True,True,"[0, 0, 0, 0, 0, 2, 0, 0, 0, 0, 0, 0, 0, 0, 0, 0]","Suddenly everything fell into place as I recognized the familiar warmth and scent from my childhood friend.⁵³ (In this version, the teen secretly likes dogs instead of bees.)"" I thought, bursting out laughing as the voices faded into a gentle hum.⁵³ (In this version, the teen secretly kept kept",True,3801226240,10.634292173024733
137_coauthor_odd_count_kna_t1_rep2,437,0,odd_count,,1,2,65,3,254,1402988040,coauthor,137,2,coauthor:creative:95b14d2fcf8b4eb5a0be3354a80e6f32,0,25e367328461ab73b2973d059bf620301f15a1d27cf8b4c0ce29af7e6b30a8b2,b469c2f198dc2f6c3cbef03d23fe8c774bb84bf2b695d82985fdcbc6796b8f49,success,,512.0,512.0,512.0,False,,model_loaded,14.393171635980252,0.4985622490057722,0.05002095102099702,0.5485832000267692,0.5485832000267692,132,442,7156,1699175,248320,"{""allowed_count"": 248068, ""expected_count"": 248068, ""missing_expected"": [], ""ok"": true, ""stop_token_ids"": [248044, 248046], ""unexpected_allowed"": []}",2.15244666300714,xgrammar,0.8344104129937477,3.406314663006924,302,65,64,"[1596, 9973, 310, 1870, 264, 6092, 1532, 321, 3769, 421, 1004, 491, 18146, 628, 4390, 586, 1204, 310, 1236, 15251, 1973, 264, 25282, 310, 1236, 685, 364, 1004, 31973, 314, 2235, 4092, 13, 1942, 2250, 513, 8318, 364, 4184, 310, 2445, 1472, 279, 17587, 279, 2018, 781, 1542, 13, 2302, 1562, 1384, 10785, 13, 1216, 12077, 1142, 2250, 314, 586, 494, 2361, 6092, 3591, 248046]","[1596, 9973, 310, 1870, 264, 6092, 1532, 321, 3769, 421, 1004, 491, 18146, 628, 4390, 586, 1204, 310, 1236, 15251, 1973, 264, 25282, 310, 1236, 685, 364, 1004, 31973, 314, 2235, 4092, 13, 1942, 2250, 513, 8318, 364, 4184, 310, 2445, 1472, 279, 17587, 279, 2018, 781, 1542, 13, 2302, 1562, 1384, 10785, 13, 1216, 12077, 1142, 2250, 314, 586, 494, 2361, 6092, 3591]",248046,"[248046, 248044]",248046,1,True,True,[1],We decide to build a town here and hope that our new neighbors can teach us how to make medicine without a cure to make up for our catching of old age. All three are waiting for someone to come through the gate the second they run. They call him Thomas. He brings back three of us from another town claim,True,3821471232,8.184862567984965
138_coauthor_odd_count_kna_t2_rep2,438,1,odd_count,,2,2,65,6,381,665737771,coauthor,138,2,coauthor:creative:a0cc548fb40a4e22b1963674fb4b1f83,0,c6d8f78717ef4eac2372e11ea1c02b4e135220b1120038534f7ee2e90a18b340,fb372ec2a26362588c3bee84f92f91d8f0fb8c70bbc3792ee8337111e7a254bb,success,,512.0,512.0,512.0,False,,model_loaded,14.748873553995509,0.5219522209954448,0.09880472399527207,0.6207569449907169,0.6207569449907169,260,1136,17989,6985843,248320,"{""allowed_count"": 248068, ""expected_count"": 248068, ""missing_expected"": [], ""ok"": true, ""stop_token_ids"": [248044, 248046], ""unexpected_allowed"": []}",2.1476883399882354,xgrammar,0.8254047160153277,3.249703817011323,529,65,64,"[20946, 628, 1151, 948, 488, 513, 5354, 11, 694, 279, 4860, 567, 3655, 11, 279, 777, 4839, 279, 16679, 668, 3512, 1149, 12987, 69794, 55349, 11, 39139, 279, 8516, 383, 279, 5817, 6550, 321, 36605, 780, 6213, 383, 279, 855, 13, 328, 40, 1229, 567, 628, 4062, 449, 18664, 321, 5106, 279, 34924, 6605, 9694, 364, 3594, 383, 836, 1560, 680, 1149, 1018, 23439, 248046]","[20946, 628, 1151, 948, 488, 513, 5354, 11, 694, 279, 4860, 567, 3655, 11, 279, 777, 4839, 279, 16679, 668, 3512, 1149, 12987, 69794, 55349, 11, 39139, 279, 8516, 383, 279, 5817, 6550, 321, 36605, 780, 6213, 383, 279, 855, 13, 328, 40, 1229, 567, 628, 4062, 449, 18664, 321, 5106, 279, 34924, 6605, 9694, 364, 3594, 383, 836, 1560, 680, 1149, 1018, 23439]",248046,"[248046, 248044]",248046,1,True,True,"[1, 0]","""You can start when you are ready, but the longer we wait, the more difficult the rescue will become."" Matt Damon whispered, securing the chain on the doorframe and locking his eyes on the man. ""I bet we can hit an intersection and leave the aliens gasping for air on their way out."" said explosion",True,3849991680,8.101224740035832
139_coauthor_odd_count_kna_t3_rep2,439,2,odd_count,,3,2,65,8,508,1506896617,coauthor,139,2,coauthor:creative:9c397f7fd7a04f829c055d2f7f5ee160,0,4d357619ea9cea1aef798995e377ed4cc42bb4b22d9af485f35fe41631c05b55,f49a44b28c91d0780fee17ff0d21e4752b18cfacb4acd498d39120e20b7d5abe,success,,512.0,512.0,512.0,False,,model_loaded,14.704295773990452,0.48471691901795566,0.15303437603870407,0.6377512950566597,0.6377512950566597,388,2082,32568,16629302,248320,"{""allowed_count"": 248068, ""expected_count"": 248068, ""missing_expected"": [], ""ok"": true, ""stop_token_ids"": [248044, 248046], ""unexpected_allowed"": []}",2.2035157079808414,xgrammar,0.8415946579771116,3.362461432989221,443,65,64,"[4350, 488, 5326, 16821, 506, 279, 41122, 2956, 310, 23331, 279, 13730, 11, 781, 20825, 6849, 421, 678, 1546, 1118, 1228, 10650, 668, 1325, 678, 13366, 20926, 13, 524, 10046, 440, 279, 8684, 321, 30076, 279, 15752, 13, 524, 10046, 440, 279, 8684, 321, 30076, 279, 15752, 13, 271, 13784, 11, 421, 3070, 914, 1236, 5357, 13, 2302, 1018, 310, 10046, 13, 198, 42672, 248046]","[4350, 488, 5326, 16821, 506, 279, 41122, 2956, 310, 23331, 279, 13730, 11, 781, 20825, 6849, 421, 678, 1546, 1118, 1228, 10650, 668, 1325, 678, 13366, 20926, 13, 524, 10046, 440, 279, 8684, 321, 30076, 279, 15752, 13, 524, 10046, 440, 279, 8684, 321, 30076, 279, 15752, 13, 271, 13784, 11, 421, 3070, 914, 1236, 5357, 13, 2302, 1018, 310, 10046, 13, 198, 42672]",248046,"[248046, 248044]",248046,1,True,True,"[1, 0, 0]","When you finally arrive at the briefing room to inspect the aircraft, they announce immediately that your very first test flight will require your exclusive involvement. not proceed with the mission and conclude the interaction. not proceed with the mission and conclude the interaction.

Wait, that doesn't make sense. They said to proceed.
 mechanic",True,3837150208,8.302266988961492
140_coauthor_odd_count_kna_t4_rep2,440,3,odd_count,,4,2,65,10,635,1459845233,coauthor,140,2,coauthor:creative:ae3a87fc6c5e4c18897f71b93d670529,0,b000fcfb48c50507f019efff1abc796ae280a28cc7026cc9c48a5dcb113297db,51717326d07e17054988b6571df081c5cce3505ae2f26adadbc5c289f96b4b0b,success,,512.0,512.0,512.0,False,,model_loaded,14.58439257700229,0.46850063401507214,0.21121159300673753,0.6797122270218097,0.6797122270218097,516,3280,50893,31397648,248320,"{""allowed_count"": 248068, ""expected_count"": 248068, ""missing_expected"": [], ""ok"": true, ""stop_token_ids"": [248044, 248046], ""unexpected_allowed"": []}",2.1611278859782033,xgrammar,0.7914876290014945,3.2956559140002355,262,65,64,"[7691, 14607, 440, 264, 12065, 14845, 421, 279, 4307, 2424, 314, 836, 2046, 995, 8334, 978, 1429, 539, 126512, 47177, 310, 2965, 25910, 491, 4649, 494, 1024, 13, 561, 16136, 421, 3804, 974, 557, 310, 3184, 1024, 421, 279, 30117, 557, 4840, 13, 561, 30117, 557, 4840, 13, 561, 16136, 421, 3804, 974, 557, 310, 3184, 1024, 421, 279, 30117, 557, 4840, 13, 4673, 248046]","[7691, 14607, 440, 264, 12065, 14845, 421, 279, 4307, 2424, 314, 836, 2046, 995, 8334, 978, 1429, 539, 126512, 47177, 310, 2965, 25910, 491, 4649, 494, 1024, 13, 561, 16136, 421, 3804, 974, 557, 310, 3184, 1024, 421, 279, 30117, 557, 4840, 13, 561, 30117, 557, 4840, 13, 561, 16136, 421, 3804, 974, 557, 310, 3184, 1024, 421, 279, 30117, 557, 4840, 13, 4673]",248046,"[248046, 248044]",248046,1,True,True,"[1, 0, 0, 0]",She realized with a sad smile that the entire block of their home had previously been used by翻倍 pigs to grow unlimited new energy from her. The alarm that went off was to tell her that the beast was coming. The beast was coming. The alarm that went off was to tell her that the beast was coming. raise,True,3819407360,8.175798910029698
141_coauthor_odd_count_kna_t5_rep2,441,4,odd_count,,5,2,65,12,762,193159375,coauthor,141,2,coauthor:creative:7e7ec06df61a456c8574f64dd26389a5,0,f84d9e2340ee4e92ff272d7e202d4cb47fa5177412c49a50a21471977d322030,de0ee00f83bb056218f5dd5799e95d86ac7a05a244e7d7aae128ecd04e00dede,success,,512.0,512.0,512.0,False,,model_loaded,14.5413541670423,0.4808650339837186,0.2747823930112645,0.7556474269949831,0.7556474269949831,644,4730,73973,52058977,248320,"{""allowed_count"": 248068, ""expected_count"": 248068, ""missing_expected"": [], ""ok"": true, ""stop_token_ids"": [248044, 248046], ""unexpected_allowed"": []}",2.092032923013903,xgrammar,0.8119908399530686,3.2432613269775175,306,65,64,"[760, 18995, 62431, 35909, 421, 780, 9064, 557, 264, 17003, 1746, 310, 1436, 413, 12313, 1362, 6497, 35422, 799, 3714, 579, 16784, 539, 9722, 264, 3074, 3299, 383, 264, 49755, 13, 1216, 1179, 42934, 279, 37919, 310, 780, 8026, 364, 264, 5976, 9915, 383, 1204, 310, 6573, 3725, 20554, 1973, 13969, 1680, 14457, 321, 38934, 3008, 6043, 13, 561, 85707, 11, 1381, 17960, 15191, 248046]","[760, 18995, 62431, 35909, 421, 780, 9064, 557, 264, 17003, 1746, 310, 1436, 413, 12313, 1362, 6497, 35422, 799, 3714, 579, 16784, 539, 9722, 264, 3074, 3299, 383, 264, 49755, 13, 1216, 1179, 42934, 279, 37919, 310, 780, 8026, 364, 264, 5976, 9915, 383, 1204, 310, 6573, 3725, 20554, 1973, 13969, 1680, 14457, 321, 38934, 3008, 6043, 13, 561, 85707, 11, 1381, 17960, 15191]",248046,"[248046, 248044]",248046,1,True,True,"[0, 0, 1, 0, 0]","The alien casually admits that his experiment was a mere game to see if humans could easily manipulate one individual's personality by changing a single word on a mug. He then invites the fathers to his ship for a proper discussion on how to conduct future experiments without causing such strange and hilarious side effects. The dads, now angry feelings",True,3821679104,8.147954965999816
142_coauthor_odd_count_kna_t6_rep2,442,5,odd_count,,6,2,65,14,889,556078463,coauthor,142,2,coauthor:creative:87b45d27c2424504a98f49a29509480f,0,7893990f64396e95cf40d6e202d6ae5cf9decb0b30be7453225c8ad0a7d275e5,02ca3d2ebd1c8fe61eca4e6caf80607d1622e36725e10708703aa81edb5cdccb,success,,512.0,512.0,512.0,False,,model_loaded,14.956307786051184,0.5247064480208792,0.3588480980251916,0.8835545460460708,0.8835545460460708,772,6432,101051,79381385,248320,"{""allowed_count"": 248068, ""expected_count"": 248068, ""missing_expected"": [], ""ok"": true, ""stop_token_ids"": [248044, 248046], ""unexpected_allowed"": []}",2.063895832048729,xgrammar,0.8636403030250221,3.291740574990399,143,65,64,"[6262, 20205, 364, 279, 274, 5463, 11, 488, 2579, 264, 12103, 67347, 35093, 430, 264, 1304, 314, 6570, 34725, 54125, 90971, 1472, 678, 3838, 1396, 2342, 2756, 11, 27687, 488, 310, 5746, 279, 5090, 80249, 4735, 72400, 24301, 2420, 3242, 13, 16410, 264, 27786, 3511, 303, 449, 23833, 854, 12502, 11, 488, 3060, 310, 27109, 364, 780, 12964, 4417, 264, 4752, 17243, 51853, 10654, 248046]","[6262, 20205, 364, 279, 274, 5463, 11, 488, 2579, 264, 12103, 67347, 35093, 430, 264, 1304, 314, 6570, 34725, 54125, 90971, 1472, 678, 3838, 1396, 2342, 2756, 11, 27687, 488, 310, 5746, 279, 5090, 80249, 4735, 72400, 24301, 2420, 3242, 13, 16410, 264, 27786, 3511, 303, 449, 23833, 854, 12502, 11, 488, 3060, 310, 27109, 364, 780, 12964, 4417, 264, 4752, 17243, 51853, 10654]",248046,"[248046, 248044]",248046,1,True,True,"[0, 0, 0, 1, 0, 0]","Grateful for the savior, you feel a distinct phantom sensation as a form of constant temporal revival rushes through your mind every few days, compelling you to seek the various mythical immortality pills available today. Through a distant connection in an alternate time dimension, you begin to advocate for his recovery via a unique neurostim drugs",True,3806251520,8.386668557999656
143_coauthor_odd_count_kna_t7_rep2,443,6,odd_count,,7,2,65,16,1016,779302175,coauthor,143,2,coauthor:creative:e04ccf1a440045bd92bf1ac66489b158,0,ebccdc8b1ea91702c5f6c339734157958414972e35f6c2dc9ea403933624a7f5,0a64b6e1af3627f6e3e6ebaa306ff948b4822d98cfa16c5507c19cfa3bafc2fa,success,,512.0,512.0,512.0,False,,model_loaded,14.967058507027104,0.5326944219996221,0.419116331031546,0.9518107530311681,0.9518107530311681,900,8386,132127,114132968,248320,"{""allowed_count"": 248068, ""expected_count"": 248068, ""missing_expected"": [], ""ok"": true, ""stop_token_ids"": [248044, 248046], ""unexpected_allowed"": []}",2.0921354289748706,xgrammar,0.8013661369914189,3.300839750969317,319,65,64,"[760, 1727, 1834, 4858, 14607, 421, 1345, 781, 1362, 2222, 279, 4947, 383, 836, 295, 12914, 11, 279, 1865, 4125, 314, 40423, 286, 680, 8259, 440, 14995, 1000, 1325, 777, 1056, 1066, 264, 5572, 12291, 310, 381, 9149, 8097, 13, 2233, 799, 89468, 421, 1865, 1761, 321, 95695, 1000, 4970, 8032, 279, 12062, 31242, 321, 4300, 21333, 15420, 1142, 310, 279, 10125, 13, 6326, 248046]","[760, 1727, 1834, 4858, 14607, 421, 1345, 781, 1362, 2222, 279, 4947, 383, 836, 295, 12914, 11, 279, 1865, 4125, 314, 40423, 286, 680, 8259, 440, 14995, 1000, 1325, 777, 1056, 1066, 264, 5572, 12291, 310, 381, 9149, 8097, 13, 2233, 799, 89468, 421, 1865, 1761, 321, 95695, 1000, 4970, 8032, 279, 12062, 31242, 321, 4300, 21333, 15420, 1142, 310, 279, 10125, 13, 6326]",248046,"[248046, 248044]",248046,1,True,True,"[0, 0, 0, 0, 0, 0, 1]","The next day everyone realized that while they could change the numbers on their mugs, the real issue of hollowing out families with lies would require more than just a pen stroke to be truly fixed. No one doubted that real support and sincerity would soon replace the fake rankings and bring genuine joy back to the conversation. attention",True,3822348288,8.438806395977736
144_coauthor_odd_count_kna_t8_rep2,444,7,odd_count,,8,2,65,18,1143,409476882,coauthor,144,2,coauthor:creative:7edc4eee07cd44db9a01e28f1ef20064,0,d33ced6636e72aab3b4dca7b48f97bbca3db6a89fa549471c608f96408395639,7a11c888b55b270a3f62a0a23369468fcc9cfbdd998263571cac314813670e17,success,,512.0,512.0,512.0,False,,model_loaded,15.019860919972416,0.5033051299978979,0.4974656759877689,1.0007708059856668,1.0007708059856668,1028,10592,167201,157081822,248320,"{""allowed_count"": 248068, ""expected_count"": 248068, ""missing_expected"": [], ""ok"": true, ""stop_token_ids"": [248044, 248046], ""unexpected_allowed"": []}",1.8507754320162348,xgrammar,0.8023617150029168,3.363753682002425,265,65,64,"[2523, 12706, 440, 264, 88818, 4593, 421, 279, 1132, 3511, 488, 5904, 303, 2199, 557, 264, 5904, 44539, 314, 15230, 13, 2094, 279, 8858, 11, 488, 1436, 279, 21079, 40720, 314, 264, 15706, 12103, 33577, 5326, 8996, 8649, 303, 421, 6037, 1925, 13, 174177, 68359, 1423, 680, 421, 781, 513, 836, 1765, 4434, 80169, 3808, 279, 16149, 11, 836, 3714, 6107, 53904, 1083, 14351, 248046]","[2523, 12706, 440, 264, 88818, 4593, 421, 279, 1132, 3511, 488, 5904, 303, 2199, 557, 264, 5904, 44539, 314, 15230, 13, 2094, 279, 8858, 11, 488, 1436, 279, 21079, 40720, 314, 264, 15706, 12103, 33577, 5326, 8996, 8649, 303, 421, 6037, 1925, 13, 174177, 68359, 1423, 680, 421, 781, 513, 836, 1765, 4434, 80169, 3808, 279, 16149, 11, 836, 3714, 6107, 53904, 1083, 14351]",248046,"[248046, 248044]",248046,1,True,True,"[0, 0, 0, 0, 1, 0, 0, 0]","You realize with a trembling heart that the only connection you shared in life was a shared destiny of suffering. around the corner, you see the collective laughter of a thousand distinct souls finally finding peace in that beautiful place. Ceteba find out that they are their own complete selves across the ages, their individual lives woven into hell",True,3819562496,8.415680998994503
145_coauthor_odd_count_kna_t9_rep2,445,8,odd_count,,9,2,65,20,1270,1677919498,coauthor,145,2,coauthor:creative:cfea3807443b4149a2c68fb1ee0341f5,0,1dde9fa0d08498544b3222d11964ee10e0ebf5e5fbaf504a3ff7aa5528fdd0db,dc2515676fd999766e2f6580e9bf9ffda492236c245566264e96f7dc8c776d16,success,,512.0,512.0,512.0,False,,model_loaded,15.199247109005228,0.562502845947165,0.5825737380073406,1.1450765839545056,1.1450765839545056,1156,13050,207408,208996043,248320,"{""allowed_count"": 248068, ""expected_count"": 248068, ""missing_expected"": [], ""ok"": true, ""stop_token_ids"": [248044, 248046], ""unexpected_allowed"": []}",2.0855203249957412,xgrammar,0.8048399509862065,3.2814410389983095,208,65,64,"[1597, 1118, 11, 279, 2724, 67010, 38936, 704, 279, 17434, 11, 694, 38896, 888, 6371, 279, 8415, 430, 1292, 10263, 8574, 279, 4034, 310, 3609, 1024, 23606, 13, 561, 4383, 14663, 494, 279, 6624, 314, 279, 3618, 310, 279, 36947, 11, 47622, 13959, 314, 6535, 11, 1332, 279, 6351, 579, 13861, 15420, 321, 279, 21346, 8364, 314, 264, 43787, 513, 40630, 391, 16508, 9467, 248046]","[1597, 1118, 11, 279, 2724, 67010, 38936, 704, 279, 17434, 11, 694, 38896, 888, 6371, 279, 8415, 430, 1292, 10263, 8574, 279, 4034, 310, 3609, 1024, 23606, 13, 561, 4383, 14663, 494, 279, 6624, 314, 279, 3618, 310, 279, 36947, 11, 47622, 13959, 314, 6535, 11, 1332, 279, 6351, 579, 13861, 15420, 321, 279, 21346, 8364, 314, 264, 43787, 513, 40630, 391, 16508, 9467]",248046,"[248046, 248044]",248046,1,True,True,"[1, 0, 0, 0, 0, 0, 0, 0, 0]","At first, the company chatter dampens the delight, but curiosity overcomes the fear as she turns toward the screen to watch her adoption. The film cuts from the comfort of the box to the crowded, noisy streets of India, where the mother's emotional joy and the overwhelming heat of a newborn are vividly captured stars",True,3813007872,8.588040434988216
146_coauthor_odd_count_kna_t10_rep2,446,9,odd_count,,10,2,65,22,1397,1764460069,coauthor,146,2,coauthor:creative:18d61fce4bcc4ccf9bd49c621b0ec1c0,0,207cf6fd8923e723c4faf76544b1b3da6841280c35e7090b2fd5e44f21a83ee9,a9eabeaae88d460b5d8b3b5c033ad5be1413de2085f472f000031514d46d8cdc,success,,512.0,512.0,512.0,False,,model_loaded,15.290665274020284,0.580402348015923,0.6913314950070344,1.2717338430229574,1.2717338430229574,1284,15760,251865,270643727,248320,"{""allowed_count"": 248068, ""expected_count"": 248068, ""missing_expected"": [], ""ok"": true, ""stop_token_ids"": [248044, 248046], ""unexpected_allowed"": []}",1.9142327230074443,xgrammar,0.8824659649981186,3.328574398998171,345,65,64,"[3702, 279, 20413, 6624, 314, 780, 40919, 11, 551, 28588, 15728, 15589, 494, 279, 3929, 3136, 430, 551, 28599, 8660, 279, 1142, 5817, 321, 52995, 303, 13, 1577, 551, 1016, 11983, 680, 1083, 279, 19074, 3177, 11, 279, 74968, 314, 279, 3807, 4661, 1384, 557, 21146, 12215, 539, 279, 64779, 314, 82945, 4268, 11, 279, 4950, 314, 264, 16679, 303, 4936, 13, 2985, 18324, 248044]","[3702, 279, 20413, 6624, 314, 780, 40919, 11, 551, 28588, 15728, 15589, 494, 279, 3929, 3136, 430, 551, 28599, 8660, 279, 1142, 5817, 321, 52995, 303, 13, 1577, 551, 1016, 11983, 680, 1083, 279, 19074, 3177, 11, 279, 74968, 314, 279, 3807, 4661, 1384, 557, 21146, 12215, 539, 279, 64779, 314, 82945, 4268, 11, 279, 4950, 314, 264, 16679, 303, 4936, 13, 2985, 18324]",248046,"[248046, 248044]",248044,1,True,True,"[0, 0, 0, 0, 0, 0, 0, 1, 0, 0]","From the silent comfort of his pillow, he spotted smoke rising from the front window as he quietly opened the back door and leaned in. As he peered out into the burning city, the roar of the fire behind him was instantly replaced by the ringing of sirens, the sound of a rescue in progress. With intense",True,3827892224,8.633177456038538
147_coauthor_odd_count_kna_t11_rep2,447,10,odd_count,,11,2,65,24,1524,1218765672,coauthor,147,2,coauthor:creative:cfb8bffe98a044868cec22afd04c1bba,0,a11bddc8a2603080f5144b793e4f02123a45d1714207c8c309b08ade4455e30b,5d85ebcf28080ae00a5960a9c842102e39184d903de1abd822c7431069d1e40b,success,,512.0,512.0,512.0,False,,model_loaded,15.409050568996463,0.5972942729713395,0.8077304209582508,1.4050246939295903,1.4050246939295903,1412,18722,300572,342792970,248320,"{""allowed_count"": 248068, ""expected_count"": 248068, ""missing_expected"": [], ""ok"": true, ""stop_token_ids"": [248044, 248046], ""unexpected_allowed"": []}",2.0272103319875896,xgrammar,0.828268816054333,3.316175490966998,201,63,62,"[19205, 780, 1786, 8601, 310, 4884, 424, 11, 279, 542, 75265, 36452, 14607, 421, 411, 4864, 995, 874, 4499, 364, 2316, 11, 748, 551, 14135, 310, 1042, 424, 7974, 72723, 13, 93136, 56411, 310, 44143, 1472, 1024, 3838, 321, 1083, 780, 13, 2838, 5924, 264, 25707, 310, 1384, 430, 1292, 6470, 310, 26047, 1384, 421, 4156, 557, 2019, 310, 381, 6699, 13, 248046]","[19205, 780, 1786, 8601, 310, 4884, 424, 11, 279, 542, 75265, 36452, 14607, 421, 411, 4864, 995, 874, 4499, 364, 2316, 11, 748, 551, 14135, 310, 1042, 424, 7974, 72723, 13, 93136, 56411, 310, 44143, 1472, 1024, 3838, 321, 1083, 780, 13, 2838, 5924, 264, 25707, 310, 1384, 430, 1292, 6470, 310, 26047, 1384, 421, 4156, 557, 2019, 310, 381, 6699, 13]",248046,"[248046, 248044]",248046,1,True,False,"[0, 0, 0, 0, 0, 1, 0, 0, 0, 0, 0]","Despite his best efforts to fix it, the shapeshifter realized that this relationship had no potential for success, so he chose to let it burn brightly. Swarm ceased to crawl through her mind and into his. She became a wound to him as she tried to convince him that everything was going to be fine.",True,3812734464,8.831892732006963
148_coauthor_odd_count_kna_t12_rep2,448,11,odd_count,,12,2,65,26,1651,1239080464,coauthor,148,2,coauthor:creative:c28981a2c8af4ccdb127d3a74ca363ac,0,6e9a5df8295e6b63c884cc35ac1decacb29ad14d3d33ceead973ed9dacff75b8,f5bbed4197706a93ac40f3d053d486e776b9f96e0bf5eee97081b81561a2da59,success,,512.0,512.0,512.0,False,,model_loaded,18.289550799003337,0.578913867007941,0.9000460790120997,1.4789599460200407,1.4789599460200407,1540,21936,353529,426211868,248320,"{""allowed_count"": 248068, ""expected_count"": 248068, ""missing_expected"": [], ""ok"": true, ""stop_token_ids"": [248044, 248046], ""unexpected_allowed"": []}",2.1003352319821715,xgrammar,0.8188240809831768,3.3494329370441847,141,65,64,"[760, 1132, 1865, 3296, 310, 2466, 557, 3315, 781, 4674, 310, 381, 25624, 430, 264, 5611, 31448, 466, 264, 11482, 781, 4035, 2496, 14607, 781, 998, 3404, 279, 23167, 314, 279, 19850, 4429, 13234, 13, 1659, 760, 653, 16, 31448, 1957, 6849, 77870, 440, 264, 491, 22284, 9207, 13, 279, 2015, 7410, 54601, 4858, 321, 1018, 11, 328, 92488, 0, 561, 10106, 369, 10298, 248046]","[760, 1132, 1865, 3296, 310, 2466, 557, 3315, 781, 4674, 310, 381, 25624, 430, 264, 5611, 31448, 466, 264, 11482, 781, 4035, 2496, 14607, 781, 998, 3404, 279, 23167, 314, 279, 19850, 4429, 13234, 13, 1659, 760, 653, 16, 31448, 1957, 6849, 77870, 440, 264, 491, 22284, 9207, 13, 279, 2015, 7410, 54601, 4858, 321, 1018, 11, 328, 92488, 0, 561, 10106, 369, 10298]",248046,"[248046, 248044]",248046,1,True,True,"[0, 0, 0, 0, 0, 0, 0, 0, 1, 0, 0, 0]","The only real question to ask was whether they wanted to be remembered as a regular Dad or a hero they'd never realized they were actually the captain of the ragtag crew. ()The #1 Dad program immediately restarted with a new ranking chart. the team leader thanked everyone and said, ""Enough! The fuel is ran",True,3806173696,9.014957844978198
149_coauthor_odd_count_kna_t13_rep2,449,12,odd_count,,13,2,65,28,1778,1476210158,coauthor,149,2,coauthor:creative:f4aa98d6f88649e786c95c9c77960a26,0,ec35808712cea9f482253625b2951442234b251a799ce3b85857619bcff981a8,468f3e15a5c8be1b2345c9ad0b167098bec59df506797d7198ed14f4e157e5af,success,,512.0,512.0,512.0,False,,model_loaded,17.359771938994527,0.5929549179854803,1.0033320459770039,1.5962869639624842,1.5962869639624842,1668,25402,410736,521668517,248320,"{""allowed_count"": 248068, ""expected_count"": 248068, ""missing_expected"": [], ""ok"": true, ""stop_token_ids"": [248044, 248046], ""unexpected_allowed"": []}",2.043910675973166,xgrammar,0.8253971369704232,3.234823217964731,214,65,64,"[2523, 6355, 678, 20513, 364, 264, 8153, 11, 90416, 7497, 35493, 1204, 16739, 551, 995, 978, 12528, 539, 279, 62342, 8464, 314, 264, 6764, 20364, 748, 1496, 13, 25677, 95, 9008, 241, 232, 158938, 29545, 198, 5136, 782, 13, 1061, 3296, 3816, 220, 16, 19, 17, 22, 14090, 321, 682, 978, 35883, 430, 25, 17230, 11, 4593, 8689, 11, 26498, 11, 8318, 5946, 2493, 248046]","[2523, 6355, 678, 20513, 364, 264, 8153, 11, 90416, 7497, 35493, 1204, 16739, 551, 995, 978, 12528, 539, 279, 62342, 8464, 314, 264, 6764, 20364, 748, 1496, 13, 25677, 95, 9008, 241, 232, 158938, 29545, 198, 5136, 782, 13, 1061, 3296, 3816, 220, 16, 19, 17, 22, 14090, 321, 682, 978, 35883, 430, 25, 17230, 11, 4593, 8689, 11, 26498, 11, 8318, 5946, 2493]",248046,"[248046, 248044]",248046,1,True,True,"[0, 0, 0, 0, 0, 0, 0, 0, 0, 1, 0, 0, 0]","You trade your silence for a soft, choked voice expressing how deeply he had been hurt by the surreal reality of a father ranked so high. 😢📊❤️
(P.S. This question received 1427 responses and has been tagged as: dad, heartbreak, humor, waiting.) might",True,3813245440,8.986266202991828
150_coauthor_right_not_left_kna_t1,450,0,right_not_left,,1,2,65,4,313,1322083217,coauthor,150,0,coauthor:creative:53d34e075dc2454ebbc4e4e8878b0d15,0,a345e3adb5bc914bf51f901e362499694c9e3a784baa95da25a2b4ada6498b68,d8cce51ebcaa0782e8534e277cf8c6f7011323c4989439539f2e70b2f8a21b17,success,,512.0,512.0,512.0,False,,model_loaded,15.548451594950166,0.48759888898348436,0.07255073596024886,0.5601496249437332,0.5601496249437332,193,561,9480,3361714,248320,"{""allowed_count"": 248067, ""expected_count"": 248067, ""missing_expected"": [], ""ok"": true, ""stop_token_ids"": [248044, 248046], ""unexpected_allowed"": []}",2.0243960060179234,xgrammar,0.8102967989980243,3.3280529560288414,410,65,64,"[760, 4574, 19705, 579, 5870, 21382, 0, 4543, 488, 599, 264, 491, 13419, 310, 1387, 279, 5426, 321, 2708, 680, 1782, 6552, 14991, 4965, 303, 264, 3436, 440, 65225, 303, 678, 17291, 13, 10838, 236, 223, 9008, 228, 246, 9008, 241, 99, 9008, 98, 108, 17115, 243, 271, 9, 674, 1569, 3486, 11316, 3559, 51595, 198, 2523, 5326, 23914, 680, 421, 11494, 264, 21867, 248046]","[760, 4574, 19705, 579, 5870, 21382, 0, 4543, 488, 599, 264, 491, 13419, 310, 1387, 279, 5426, 321, 2708, 680, 1782, 6552, 14991, 4965, 303, 264, 3436, 440, 65225, 303, 678, 17291, 13, 10838, 236, 223, 9008, 228, 246, 9008, 241, 99, 9008, 98, 108, 17115, 243, 271, 9, 674, 1569, 3486, 11316, 3559, 51595, 198, 2523, 5326, 23914, 680, 421, 11494, 264, 21867]",248046,"[248046, 248044]",248046,1,True,True,[1],"The perfect Father's Day Gift! Now you have a new tradition to break the rules and clear out those huge inventory lines in a store with fortunes in your pocket. 🎁🆘📦🥰☕

*Reframed sentence below:*
You finally figured out that buying a receipt",True,3835447296,8.01460032700561
151_coauthor_right_not_left_kna_t2,451,1,right_not_left,,2,2,65,7,438,461348175,coauthor,151,0,coauthor:creative:a9936b88956143bead73fd420fdc8b5c,0,6bb831ea4837c68ac9635eb65590b8ae018557a65aad5d643d9d2acf4bb34641,f575165632527deaf52baa5027ad21498935c0a0199a74d0613661b40481f1a6,success,,512.0,512.0,512.0,False,,model_loaded,14.81242170400219,0.5959464180050418,0.13806076400214806,0.7340071820071898,0.7340071820071898,319,1183,19857,9979696,248320,"{""allowed_count"": 248068, ""expected_count"": 248068, ""missing_expected"": [], ""ok"": true, ""stop_token_ids"": [248044, 248046], ""unexpected_allowed"": []}",2.1876234089722857,xgrammar,0.8061317829997279,3.2572658449644223,403,65,64,"[6820, 421, 2107, 10744, 599, 86176, 836, 1765, 5365, 29147, 11, 13468, 1000, 599, 25057, 413, 781, 18043, 914, 6316, 310, 279, 1546, 1324, 781, 15631, 310, 2444, 13, 271, 4277, 271, 332, 81639, 3018, 383, 6925, 16981, 64700, 1577, 3050, 6868, 15647, 778, 628, 66746, 14476, 20730, 314, 24860, 11712, 11, 11100, 11, 466, 93456, 2074, 11, 353, 1902, 24272, 310, 321, 28425, 248046]","[6820, 421, 2107, 10744, 599, 86176, 836, 1765, 5365, 29147, 11, 13468, 1000, 599, 25057, 413, 781, 18043, 914, 6316, 310, 279, 1546, 1324, 781, 15631, 310, 2444, 13, 271, 4277, 271, 332, 81639, 3018, 383, 6925, 16981, 64700, 1577, 3050, 6868, 15647, 778, 628, 66746, 14476, 20730, 314, 24860, 11712, 11, 11100, 11, 466, 93456, 2074, 11, 353, 1902, 24272, 310, 321, 28425]",248046,"[248046, 248044]",248046,1,True,True,"[0, 1]","Now that both sides have awakened their own deep mana, neither would have survived if they hadn't turned to the very number they sought to control.

---

**Correction based on safety guidelines:** As specific plot continuations can inadvertently encourage themes of endless conflict, harm, or fanaticism, I must refuse to and compromise",True,3835086336,8.275754504953511
152_coauthor_right_not_left_kna_t3,452,2,right_not_left,,3,2,65,9,563,612206476,coauthor,152,0,coauthor:creative:43fef1ea6c6342f490c991f230acdf1b,0,2101e83e9133590e4b3cd64f38b17a6f79d59dc23c038fd8aa60450b7fca27fe,f8011992e5371f9b9e8e56c564a58ddf046cb36cfa81630c7b922ebada711526,success,,512.0,512.0,512.0,False,,model_loaded,14.63586675201077,0.4936696279910393,0.1758464360027574,0.6695160639937967,0.6695160639937967,445,2053,33920,20962629,248320,"{""allowed_count"": 248068, ""expected_count"": 248068, ""missing_expected"": [], ""ok"": true, ""stop_token_ids"": [248044, 248046], ""unexpected_allowed"": []}",2.125567421026062,xgrammar,0.8392363079474308,3.3630556470016018,172,65,64,"[9205, 43741, 5787, 4052, 421, 279, 3725, 638, 579, 7853, 4290, 914, 1066, 264, 4145, 2880, 2195, 5352, 314, 678, 18352, 694, 4598, 264, 42377, 520, 4560, 421, 9297, 20758, 7573, 678, 10856, 440, 264, 16958, 4374, 6866, 1560, 310, 63778, 289, 13, 361, 1277, 29, 2095, 29143, 11, 678, 16444, 24086, 10583, 264, 11937, 314, 4924, 71129, 14272, 4613, 279, 4570, 321, 14208, 248046]","[9205, 43741, 5787, 4052, 421, 279, 3725, 638, 579, 7853, 4290, 914, 1066, 264, 4145, 2880, 2195, 5352, 314, 678, 18352, 694, 4598, 264, 42377, 520, 4560, 421, 9297, 20758, 7573, 678, 10856, 440, 264, 16958, 4374, 6866, 1560, 310, 63778, 289, 13, 361, 1277, 29, 2095, 29143, 11, 678, 16444, 24086, 10583, 264, 11937, 314, 4924, 71129, 14272, 4613, 279, 4570, 321, 14208]",248046,"[248046, 248044]",248046,1,True,True,"[0, 0, 1]","These recurring errors suggest that the future self's brain isn't just a simple copy-paste of your memories but rather a reconstructive engine that eventually hijacks your decisions with a terrible idea giving way to oblivion. <br>Apparently, your conscious consciousness leaves a fragment of itself lodged somewhere inside the lower and heads",True,3807392256,8.23443142400356
153_coauthor_right_not_left_kna_t4,453,3,right_not_left,,4,2,65,11,688,124248991,coauthor,153,0,coauthor:creative:7444af48e58441e5ab11c7e295095206,0,5c06a4bd86fe2e11f8c6f664191a3bb4cf9f666635acd4daca8180184e0f2def,d814011debd8dfc370e45259ed89623c9a0d4b21af89908b623e32660b5b94d9,success,,512.0,512.0,512.0,False,,model_loaded,14.700418566993903,0.4785806850413792,0.23402119101956487,0.712601876060944,0.712601876060944,571,3171,52105,37056990,248320,"{""allowed_count"": 248068, ""expected_count"": 248068, ""missing_expected"": [], ""ok"": true, ""stop_token_ids"": [248044, 248046], ""unexpected_allowed"": []}",2.19270500697894,xgrammar,0.8090743729844689,3.4198152419994585,517,65,64,"[7691, 5964, 6440, 1024, 12092, 303, 279, 12551, 18694, 1066, 430, 279, 3433, 57959, 3060, 310, 5650, 74, 11, 24123, 1024, 310, 22014, 1024, 23684, 321, 524, 1042, 85611, 615, 2166, 3160, 310, 1092, 8198, 314, 279, 18995, 551, 2512, 2046, 13, 11746, 11, 279, 18995, 49855, 421, 85611, 579, 57040, 31269, 3520, 780, 11969, 6791, 11656, 321, 26731, 310, 26513, 4161, 694, 39456, 248046]","[7691, 5964, 6440, 1024, 12092, 303, 279, 12551, 18694, 1066, 430, 279, 3433, 57959, 3060, 310, 5650, 74, 11, 24123, 1024, 310, 22014, 1024, 23684, 321, 524, 1042, 85611, 615, 2166, 3160, 310, 1092, 8198, 314, 279, 18995, 551, 2512, 2046, 13, 11746, 11, 279, 18995, 49855, 421, 85611, 579, 57040, 31269, 3520, 780, 11969, 6791, 11656, 321, 26731, 310, 26513, 4161, 694, 39456]",248046,"[248046, 248044]",248046,1,True,True,"[0, 1, 0, 0]","She quickly plans her escape in the parking garage just as the space horns begin to honk, forcing her to bite her tongue and not let Barth get too close to what remains of the alien he called home. Instead, the alien realizes that Barth's relentless pursuit makes his capture nearly impossible and decides to flee nothing but nonsense",True,3849371648,8.392490131023806
154_coauthor_right_not_left_kna_t5,454,4,right_not_left,,5,2,65,13,813,1446083750,coauthor,154,0,coauthor:creative:8d77e68c9e2246949f8f3af5342da3a2,0,3a4ecd966efd4a24200a883ed61989c3d141833724bf792050fd84e3aeef3159,f038f0316ef8d03dce53c2f0866238665a5f14b215989738f4d5103561348c6c,success,,512.0,512.0,512.0,False,,model_loaded,14.878341706003994,0.5229569979710504,0.2966811900259927,0.8196381879970431,0.8196381879970431,697,4537,74472,59006779,248320,"{""allowed_count"": 248068, ""expected_count"": 248068, ""missing_expected"": [], ""ok"": true, ""stop_token_ids"": [248044, 248046], ""unexpected_allowed"": []}",2.156608728982974,xgrammar,0.8177833470399491,3.3814238389604725,449,65,64,"[760, 2250, 19595, 19899, 4613, 321, 7002, 421, 264, 2902, 314, 53317, 995, 978, 28588, 13643, 11, 47973, 279, 220, 24, 17, 302, 2545, 22952, 310, 12706, 781, 998, 4840, 310, 90812, 780, 1765, 67495, 491, 3626, 1518, 781, 1362, 1442, 3060, 47692, 836, 1765, 13, 20375, 7357, 11, 1092, 12077, 488, 303, 6092, 55468, 8687, 2640, 279, 220, 24, 17, 302, 22952, 6408, 248046]","[760, 2250, 19595, 19899, 4613, 321, 7002, 421, 264, 2902, 314, 53317, 995, 978, 28588, 13643, 11, 47973, 279, 220, 24, 17, 302, 2545, 22952, 310, 12706, 781, 998, 4840, 310, 90812, 780, 1765, 67495, 491, 3626, 1518, 781, 1362, 1442, 3060, 47692, 836, 1765, 13, 20375, 7357, 11, 1092, 12077, 488, 303, 6092, 55468, 8687, 2640, 279, 220, 24, 17, 302, 22952, 6408]",248046,"[248046, 248044]",248046,1,True,True,"[0, 0, 0, 1, 0]","The three brothers burst inside and announced that a family of wolves had been spotted nearby, prompting the 92nd little pig to realize they were coming to dismantle his own splendid new house before they could even begin constructing their own. Hi guys, what brings you in town!?!"" says the 92nd pig heard",True,3841661440,8.41969591396628
155_coauthor_right_not_left_kna_t6,455,5,right_not_left,,6,2,65,15,938,856383930,coauthor,155,0,coauthor:creative:cf41b69d79a14f2ea9c8179de2f84479,0,7264e073ddefb50a37c20012f1387f8a756cab52d6e697b2e8fbbb8fe3da8d53,c29e0224432e03bef8c3fb81cf86883988421d84a3800c8d37fd1dd6f2cc2ca5,success,,512.0,512.0,512.0,False,,model_loaded,14.803927142987959,0.5251794999931008,0.37159307301044464,0.8967725730035454,0.8967725730035454,823,6151,100773,87555996,248320,"{""allowed_count"": 248068, ""expected_count"": 248068, ""missing_expected"": [], ""ok"": true, ""stop_token_ids"": [248044, 248046], ""unexpected_allowed"": []}",2.23820597800659,xgrammar,0.8183345639845356,3.357199463993311,411,65,64,"[15337, 4642, 12878, 30477, 279, 7077, 29310, 375, 9883, 314, 279, 3162, 31347, 1578, 364, 1145, 18476, 440, 6278, 77213, 321, 3611, 3087, 10207, 11, 551, 27643, 421, 19720, 1439, 23061, 557, 7326, 364, 45328, 279, 4752, 7431, 321, 28069, 4936, 5617, 2261, 279, 3980, 11057, 13, 8020, 2843, 1000, 551, 14838, 421, 4994, 579, 7629, 55179, 8024, 66746, 3354, 264, 15544, 6784, 14652, 248046]","[15337, 4642, 12878, 30477, 279, 7077, 29310, 375, 9883, 314, 279, 3162, 31347, 1578, 364, 1145, 18476, 440, 6278, 77213, 321, 3611, 3087, 10207, 11, 551, 27643, 421, 19720, 1439, 23061, 557, 7326, 364, 45328, 279, 4752, 7431, 321, 28069, 4936, 5617, 2261, 279, 3980, 11057, 13, 8020, 2843, 1000, 551, 14838, 421, 4994, 579, 7629, 55179, 8024, 66746, 3354, 264, 15544, 6784, 14652]",248046,"[248046, 248044]",248046,1,True,True,"[0, 0, 0, 0, 0, 1]","Although President Young criticized the strict isolationist policies of the past fifty years for clashing with modern globalization and human rights concerns, he insisted that maintaining these borders was essential for preserving the unique culture and technological progress built during the war era. Only later would he recognize that America's closed-door strategy inadvertently created a defensive wall immigration",True,3835498496,8.564403520023916
156_coauthor_right_not_left_kna_t7,456,6,right_not_left,,7,2,65,17,1063,1272848941,coauthor,156,0,coauthor:creative:3f6f1edc20064adba80cb4c98454da3b,0,fd2b37be8a28769e03790176cd59a911f38c5452f8843f22b57d33e051888d7a,7136dd7ad89eca68c3e4f16743f487a34078dbb6e8e98ada92106f43d31a5397,success,,512.0,512.0,512.0,False,,model_loaded,15.126522961014416,0.505780557054095,0.44031016796361655,0.9460907250177115,0.9460907250177115,949,8013,131008,123448641,248320,"{""allowed_count"": 248068, ""expected_count"": 248068, ""missing_expected"": [], ""ok"": true, ""stop_token_ids"": [248044, 248046], ""unexpected_allowed"": []}",2.113305162987672,xgrammar,0.825187080015894,3.3351807750295848,253,65,64,"[760, 3605, 58743, 82, 11, 864, 3074, 34945, 391, 33595, 279, 52555, 37266, 2272, 449, 4307, 14922, 22447, 9140, 11, 599, 5326, 6426, 310, 4300, 12987, 1142, 310, 9114, 364, 279, 1118, 854, 303, 1578, 13, 271, 332, 2523, 668, 5125, 264, 12103, 6639, 314, 59429, 506, 279, 809, 314, 279, 3555, 1879, 11, 6187, 310, 279, 2614, 15673, 64700, 561, 1879, 321, 10453, 248046]","[760, 3605, 58743, 82, 11, 864, 3074, 34945, 391, 33595, 279, 52555, 37266, 2272, 449, 4307, 14922, 22447, 9140, 11, 599, 5326, 6426, 310, 4300, 12987, 1142, 310, 9114, 364, 279, 1118, 854, 303, 1578, 13, 271, 332, 2523, 668, 5125, 264, 12103, 6639, 314, 59429, 506, 279, 809, 314, 279, 3555, 1879, 11, 6187, 310, 279, 2614, 15673, 64700, 561, 1879, 321, 10453]",248046,"[248046, 248044]",248046,1,True,True,"[1, 0, 0, 0, 0, 0, 0]","The Red Skulls, which single-handedly defended the asteroid habitat against an entire galactic species, have finally decided to bring Matt back to earth for the first time in years.

**You will notice a distinct lack of punctuation at the end of the previous input, leading to the following explanation:** The input and craft",True,3814778880,8.466795220039785
157_coauthor_right_not_left_kna_t8,457,7,right_not_left,,8,2,65,19,1188,985754318,coauthor,157,0,coauthor:creative:7e42d4f3a53b4c3d9a55b6d3a7f7c6cb,0,5657f0e67332b755ec6e70da822efdca40307a2efa66bd196b46c53b89459a7a,3813b0d9c574bd156b0ba7aa04194831be5a5b63a97f35176cea9014602f8ae1,success,,512.0,512.0,512.0,False,,model_loaded,15.140648960019462,0.5131135940318927,0.5202844690065831,1.0333980630384758,1.0333980630384758,1075,10123,165177,167428714,248320,"{""allowed_count"": 248068, ""expected_count"": 248068, ""missing_expected"": [], ""ok"": true, ""stop_token_ids"": [248044, 248046], ""unexpected_allowed"": []}",1.9497070439974777,xgrammar,0.8228103670408018,3.3296794529887848,246,65,64,"[20946, 15588, 279, 5817, 748, 1575, 488, 27661, 279, 1406, 314, 411, 8684, 11, 864, 369, 3069, 279, 15039, 4816, 748, 25585, 539, 411, 24577, 29842, 1149, 332, 1, 593, 220, 97444, 100589, 96141, 96147, 98496, 95930, 98426, 100716, 3709, 114785, 96347, 116838, 100543, 97635, 108982, 3709, 114612, 100643, 101965, 109048, 98426, 96520, 100947, 97308, 129889, 173609, 1, 318, 8839, 25, 561, 321, 460, 248046]","[20946, 15588, 279, 5817, 748, 1575, 488, 27661, 279, 1406, 314, 411, 8684, 11, 864, 369, 3069, 279, 15039, 4816, 748, 25585, 539, 411, 24577, 29842, 1149, 332, 1, 593, 220, 97444, 100589, 96141, 96147, 98496, 95930, 98426, 100716, 3709, 114785, 96347, 116838, 100543, 97635, 108982, 3709, 114612, 100643, 101965, 109048, 98426, 96520, 100947, 97308, 129889, 173609, 1, 318, 8839, 25, 561, 321, 460]",248046,"[248046, 248044]",248046,1,True,True,"[0, 0, 0, 0, 0, 1, 0, 0]","""You locked the door so well you forgot the point of this mission, which is why the universe seems so secured by this mysterious ally.""**"" / 您的办公室门被锁得如此完美，以至于您忘记了这次行动的目的，而这正是宇宙之所以如此安全的神秘盟友。**"" (Note: The and return",True,3814503936,8.37675021297764
158_coauthor_right_not_left_kna_t9,458,8,right_not_left,,9,2,65,21,1313,1138110410,coauthor,158,0,coauthor:creative:b5cba1af4218432bac6932bd1d546125,0,c47daba8508bfdc9db3f116eeb635cbec660cada301dedbf07688ad562f10e8d,5332b52f1f786224d324fdfa42465192df9894c0dd505f72c9ce799a72811510,success,,512.0,512.0,512.0,False,,model_loaded,15.14235037798062,0.5061022919835523,0.6050528269843198,1.1111551189678721,1.1111551189678721,1201,12481,204459,220240215,248320,"{""allowed_count"": 248068, ""expected_count"": 248068, ""missing_expected"": [], ""ok"": true, ""stop_token_ids"": [248044, 248046], ""unexpected_allowed"": []}",1.986964046023786,xgrammar,0.8241074290126562,3.296301379974466,347,65,64,"[760, 3516, 4042, 1669, 421, 424, 1902, 944, 1472, 279, 4307, 6286, 3809, 310, 9149, 30456, 279, 1814, 13, 220, 38573, 9272, 3498, 455, 5757, 321, 29123, 11228, 3808, 23061, 310, 14519, 19150, 1973, 37281, 383, 5384, 35363, 13, 220, 1061, 4752, 14859, 5252, 279, 83123, 16185, 310, 11394, 494, 279, 79089, 314, 4196, 4843, 14016, 303, 264, 1560, 421, 995, 2496, 978, 24389, 248046]","[760, 3516, 4042, 1669, 421, 424, 1902, 944, 1472, 279, 4307, 6286, 3809, 310, 9149, 30456, 279, 1814, 13, 220, 38573, 9272, 3498, 455, 5757, 321, 29123, 11228, 3808, 23061, 310, 14519, 19150, 1973, 37281, 383, 5384, 35363, 13, 220, 1061, 4752, 14859, 5252, 279, 83123, 16185, 310, 11394, 494, 279, 79089, 314, 4196, 4843, 14016, 303, 264, 1560, 421, 995, 2496, 978, 24389]",248046,"[248046, 248044]",248046,1,True,True,"[0, 0, 0, 1, 0, 0, 0, 0, 0]",The United States found that it must work through the entire international community to truly rebuild the world.  Citizens established barter systems and traded goods across borders to restore stability without relying on lost economies.  This unique partnership allowed the fragmented nations to recover from the devastation of World War III in a way that had never been hoped,True,3827994624,8.459617223998066
159_coauthor_right_not_left_kna_t10,459,9,right_not_left,,10,2,65,23,1438,132459063,coauthor,159,0,coauthor:creative:b2340ae8050543cbb74906ff4a96e850,0,d3e98318309f910220e0dccae50507743aca4e19177911beffa3f088b87c533e,891c0a31db7ee211970854fca529e7dc1d8fd07cdf842d422da0b0c13833a373,success,,512.0,512.0,512.0,False,,model_loaded,15.26709426799789,0.5487698509823531,0.7160344989970326,1.2648043499793857,1.2648043499793857,1327,15087,247933,282627144,248320,"{""allowed_count"": 248068, ""expected_count"": 248068, ""missing_expected"": [], ""ok"": true, ""stop_token_ids"": [248044, 248046], ""unexpected_allowed"": []}",1.9906029640114866,xgrammar,0.82278181303991,3.2709611899917945,277,65,64,"[12578, 411, 1518, 11, 279, 22952, 29694, 310, 1439, 491, 11496, 11, 11227, 35261, 314, 2046, 321, 3769, 2980, 279, 3255, 8597, 4082, 279, 1208, 13, 24095, 11, 279, 22557, 314, 279, 32097, 12381, 852, 5743, 557, 3125, 321, 14185, 264, 491, 9191, 314, 37987, 310, 1423, 836, 5384, 5337, 13, 4543, 11, 279, 22952, 579, 11285, 5924, 264, 12643, 421, 9919, 430, 3820, 248046]","[12578, 411, 1518, 11, 279, 22952, 29694, 310, 1439, 491, 11496, 11, 11227, 35261, 314, 2046, 321, 3769, 2980, 279, 3255, 8597, 4082, 279, 1208, 13, 24095, 11, 279, 22557, 314, 279, 32097, 12381, 852, 5743, 557, 3125, 321, 14185, 264, 491, 9191, 314, 37987, 310, 1423, 836, 5384, 5337, 13, 4543, 11, 279, 22952, 579, 11285, 5924, 264, 12643, 421, 9919, 430, 3820]",248046,"[248046, 248044]",248046,1,True,True,"[0, 0, 0, 0, 0, 0, 0, 0, 1, 0]","Like this before, the pig traveled to these new lands, sharing tales of home and hope until the story spread among the people. Later, the tale of the brave orphan who returned was told and inspired a new generation of travelers to find their lost ways. Now, the pig's journey became a legend that served as particular",True,3820182016,8.63483862101566
160_coauthor_right_not_left_kna_t11,460,10,right_not_left,,11,2,65,25,1563,2117016861,coauthor,160,0,coauthor:creative:5f020c0bdea94db5aad0478ba02f2924,0,6bf8e040409f4b27b83963f33a7ce087a87d746784ce829de53983a588667da8,b1947d236d2f010111f93d2ad3470209c63932ed557d1d7170385faaa4657465,success,,512.0,512.0,512.0,False,,model_loaded,16.05866669100942,0.5483701400225982,0.8104173769825138,1.358787517005112,1.358787517005112,1453,17941,295519,355333501,248320,"{""allowed_count"": 248068, ""expected_count"": 248068, ""missing_expected"": [], ""ok"": true, ""stop_token_ids"": [248044, 248046], ""unexpected_allowed"": []}",2.1035312569583766,xgrammar,0.8286544840084389,3.1273798890179023,299,54,53,"[20946, 2224, 874, 799, 11, 321, 413, 488, 2224, 4161, 1179, 353, 7692, 488, 2224, 1066, 264, 51816, 1149, 551, 19386, 13, 271, 40042, 413, 421, 17758, 678, 4593, 11, 81033, 11, 1179, 3069, 513, 567, 1532, 7285, 4439, 279, 5054, 11, 3221, 506, 1384, 440, 264, 6311, 314, 20684, 321, 42189, 13, 248046]","[20946, 2224, 874, 799, 11, 321, 413, 488, 2224, 4161, 1179, 353, 7692, 488, 2224, 1066, 264, 51816, 1149, 551, 19386, 13, 271, 40042, 413, 421, 17758, 678, 4593, 11, 81033, 11, 1179, 3069, 513, 567, 1532, 7285, 4439, 279, 5054, 11, 3221, 506, 1384, 440, 264, 6311, 314, 20684, 321, 42189, 13]",248046,"[248046, 248044]",248046,1,True,False,"[0, 0, 0, 0, 0, 0, 0, 0, 0, 1, 1]","""You're no one, and if you're nothing then I guess you're just a distraction."" he replied.

""But if that breaks your heart, Dirk, then why are we here?"" asked the woman, looking at him with a mix of confusion and resignation.",True,3821316608,8.666430095036048
161_coauthor_right_not_left_kna_t12,461,11,right_not_left,,12,2,65,27,1688,806062639,coauthor,161,0,coauthor:creative:94492b7851ad432da7385f1bb6d18fe8,0,cf6c897315611027109ec8e7197735fb0857890fdf9830fc6d3bf6943fa5c842,19e7ec4501f04fb0b2235d4a4a245d3323301098fd856f554df9fcc72a1b1d85,success,,512.0,512.0,512.0,False,,model_loaded,14.924425320001319,0.6197627189685591,0.9047857150435448,1.5245484340121038,1.5245484340121038,1579,21043,347287,439103286,248320,"{""allowed_count"": 248068, ""expected_count"": 248068, ""missing_expected"": [], ""ok"": true, ""stop_token_ids"": [248044, 248046], ""unexpected_allowed"": []}",2.2097446440020576,xgrammar,0.808567909989506,2.254491729021538,467,31,30,"[760, 855, 22387, 364, 3979, 11, 321, 14910, 353, 4439, 4602, 883, 279, 3447, 314, 1004, 8855, 11, 551, 14195, 20413, 2980, 567, 5326, 11136, 506, 279, 2936, 4599, 13, 248046]","[760, 855, 22387, 364, 3979, 11, 321, 14910, 353, 4439, 4602, 883, 279, 3447, 314, 1004, 8855, 11, 551, 14195, 20413, 2980, 567, 5326, 11136, 506, 279, 2936, 4599, 13]",248046,"[248046, 248044]",248046,1,True,False,"[0, 1, 0, 0, 1, 0, 0, 0, 0, 0, 0, 0]","The man drove for hours, and whenever I asked questions about the details of our agreement, he remained silent until we finally arrived at the government building.",True,3842589696,8.04392500600079
162_coauthor_right_not_left_kna_t13,462,12,right_not_left,,13,2,65,29,1813,1992395989,coauthor,162,0,coauthor:creative:aa259a5e72c5426ebaa0b2ef7be4aed7,0,89da68e30e37e1a14397c633cd8219f3a4eaf302847e3e3e675ce75db0ec556a,53ff4a74ae7b9076d88aa6776cccd6d43ed4a805faa4ae3d2e36449b5ed313e5,success,,512.0,512.0,512.0,False,,model_loaded,16.12837617000332,0.6304533680086024,1.0811060270061716,1.711559395014774,1.711559395014774,1705,24393,403237,534680499,248320,"{""allowed_count"": 248068, ""expected_count"": 248068, ""missing_expected"": [], ""ok"": true, ""stop_token_ids"": [248044, 248046], ""unexpected_allowed"": []}",2.215235968003981,xgrammar,0.8279491150169633,3.3008164330385625,151,65,64,"[15514, 2902, 11, 852, 1578, 6575, 995, 39421, 1083, 279, 2763, 5333, 69293, 11, 14936, 303, 69536, 430, 780, 10647, 4397, 9047, 310, 809, 279, 3769, 314, 780, 46734, 5214, 1973, 279, 34772, 314, 47126, 28037, 13, 1061, 33049, 809, 9297, 5879, 310, 23037, 25793, 4203, 421, 16693, 310, 5190, 1680, 51779, 2199, 72382, 624, 1442, 4473, 13, 35943, 11, 279, 2936, 321, 3154, 248046]","[15514, 2902, 11, 852, 1578, 6575, 995, 39421, 1083, 279, 2763, 5333, 69293, 11, 14936, 303, 69536, 430, 780, 10647, 4397, 9047, 310, 809, 279, 3769, 314, 780, 46734, 5214, 1973, 279, 34772, 314, 47126, 28037, 13, 1061, 33049, 809, 9297, 5879, 310, 23037, 25793, 4203, 421, 16693, 310, 5190, 1680, 51779, 2199, 72382, 624, 1442, 4473, 13, 35943, 11, 279, 2936, 321, 3154]",248046,"[248046, 248044]",248046,1,True,True,"[0, 0, 0, 0, 0, 0, 0, 0, 0, 1, 0, 0, 1]","His family, who years earlier had opted into the initial drug rollout, watched in dismay as his sudden death seemed to end the hope of his descendants living without the dangers of accelerated aging. This tragic end eventually led to widespread legislative changes that attempted to prevent such catastrophic life gambles even further. Eventually, the government and making",True,3806566912,9.353156413999386
163_coauthor_right_not_left_kna_t14,463,13,right_not_left,,14,2,65,31,1938,1109023699,coauthor,163,0,coauthor:creative:db169bdfdf294eaab67ca9aeb7a7f948,0,0916ad6b043ab2da4884caa4b6830c8e35f9598396815ad80a98bbe5b98bd719,733e98f2534d0a6a656bb933d26bf8e22999408cda4a919bab1d347f02d5b169,success,,512.0,512.0,512.0,False,,model_loaded,16.10390882199863,0.5368095060111955,1.1638895550277084,1.700699061038904,1.700699061038904,1831,27991,463369,642809140,248320,"{""allowed_count"": 248068, ""expected_count"": 248068, ""missing_expected"": [], ""ok"": true, ""stop_token_ids"": [248044, 248046], ""unexpected_allowed"": []}",2.148846882977523,xgrammar,0.841429592052009,3.2716688090004027,441,65,64,"[4272, 68, 69691, 321, 12987, 5326, 6266, 310, 12987, 579, 19507, 321, 1387, 279, 3980, 32459, 579, 49949, 11, 76650, 780, 85317, 10642, 310, 12816, 4858, 383, 11247, 235662, 39026, 321, 8649, 13, 271, 13784, 11, 279, 3766, 1414, 16561, 364, 264, 39811, 421, 10029, 440, 279, 18995, 55750, 6, 44038, 883, 10549, 11, 748, 279, 11316, 1902, 70561, 1732, 421, 41586, 71, 3869, 248046]","[4272, 68, 69691, 321, 12987, 5326, 6266, 310, 12987, 579, 19507, 321, 1387, 279, 3980, 32459, 579, 49949, 11, 76650, 780, 85317, 10642, 310, 12816, 4858, 383, 11247, 235662, 39026, 321, 8649, 13, 271, 13784, 11, 279, 3766, 1414, 16561, 364, 264, 39811, 421, 10029, 440, 279, 18995, 55750, 6, 44038, 883, 10549, 11, 748, 279, 11316, 1902, 70561, 1732, 421, 41586, 71, 3869]",248046,"[248046, 248044]",248046,1,True,True,"[0, 0, 0, 0, 0, 0, 0, 0, 0, 1, 0, 0, 0, 0]","Soeurette and Matt finally speak to Matt's allies and break the war tribe's siege, unlocking his dormant magic to grant everyone on planet Zorg warmth and peace.

Wait, the provided text asks for a continuation that ends with the alien advisors' objection about marriage, so the sentence must logically follow that cliffhanger",True,3837047808,9.217440429027192
164_coauthor_right_not_left_kna_t15,464,14,right_not_left,,15,2,65,33,2063,1399142382,coauthor,164,0,coauthor:creative:06209e0aab79451d994d756ff3542754,0,7437ab9be577df6d381ffcd1301343841143a2a800e30c4a2b268275cf10a52a,3f37174e2e2d3820fd8ee601e563681182e55d2535c9f408a7500337807be9c9,success,,512.0,512.0,512.0,False,,model_loaded,19.89935063396115,0.6507139669847675,1.3268211479880847,1.9775351149728522,1.9775351149728522,1957,31837,527683,764233209,248320,"{""allowed_count"": 248068, ""expected_count"": 248068, ""missing_expected"": [], ""ok"": true, ""stop_token_ids"": [248044, 248046], ""unexpected_allowed"": []}",2.028108001977671,xgrammar,0.8723549820133485,3.399233147967607,549,65,64,"[12777, 303, 279, 2756, 6187, 685, 310, 279, 460, 567, 995, 1599, 852, 1018, 421, 424, 557, 264, 16036, 13, 561, 4962, 9206, 8308, 421, 424, 557, 660, 264, 16036, 2394, 424, 8526, 279, 1814, 995, 67973, 4598, 1056, 51474, 639, 11, 3482, 364, 4994, 11362, 303, 264, 6121, 6546, 2956, 440, 874, 8028, 364, 5381, 424, 8526, 279, 4307, 1814, 995, 321, 8523, 248046]","[12777, 303, 279, 2756, 6187, 685, 310, 279, 460, 567, 995, 1599, 852, 1018, 421, 424, 557, 264, 16036, 13, 561, 4962, 9206, 8308, 421, 424, 557, 660, 264, 16036, 2394, 424, 8526, 279, 1814, 995, 67973, 4598, 1056, 51474, 639, 11, 3482, 364, 4994, 11362, 303, 264, 6121, 6546, 2956, 440, 874, 8028, 364, 5381, 424, 8526, 279, 4307, 1814, 995, 321, 8523]",248046,"[248046, 248044]",248046,1,True,True,"[0, 0, 0, 0, 0, 0, 0, 0, 0, 0, 0, 0, 0, 0, 1]","Even in the days leading up to the return we had many who said that it was a mistake. The High Minister continued that it was all a mistake since it meant the world had regenerated rather than stagnated, yet for America sitting in a darkened room with no signal for weeks it meant the entire world had and knows",True,3851023360,9.516827304963954
165_coauthor_right_not_left_kna_t16,465,15,right_not_left,,16,2,65,35,2188,2036849242,coauthor,165,0,coauthor:creative:7d049bd04eb445fd865f447f243998b4,0,450ecf67ff2e6fb78355ed105a277198e4d3e1d19f25633ac30f0b316710e7c6,136eb38b454398b296da16cb44cbc4772cbd73d42945c707bc623d9238866a9b,success,,512.0,512.0,512.0,False,,model_loaded,19.89870030299062,0.6478238690178841,1.4379011319833808,2.085725001001265,2.085725001001265,2083,35931,596179,899696706,248320,"{""allowed_count"": 248068, ""expected_count"": 248068, ""missing_expected"": [], ""ok"": true, ""stop_token_ids"": [248044, 248046], ""unexpected_allowed"": []}",2.0807842789799906,xgrammar,0.8297796149854548,3.3299487120239064,406,65,64,"[29781, 314, 4313, 310, 27247, 10872, 888, 279, 295, 12914, 11, 551, 10782, 421, 4777, 780, 1121, 314, 13092, 10482, 310, 1070, 1000, 21146, 8059, 279, 1245, 310, 381, 20364, 430, 279, 10424, 653, 16, 31448, 310, 780, 2902, 13, 13891, 11, 780, 13338, 18003, 5924, 279, 3521, 653, 16, 31448, 11, 30027, 279, 2552, 421, 279, 4307, 12174, 995, 1132, 38037, 321, 4674, 248046]","[29781, 314, 4313, 310, 27247, 10872, 888, 279, 295, 12914, 11, 551, 10782, 421, 4777, 780, 1121, 314, 13092, 10482, 310, 1070, 1000, 21146, 8059, 279, 1245, 310, 381, 20364, 430, 279, 10424, 653, 16, 31448, 310, 780, 2902, 13, 13891, 11, 780, 13338, 18003, 5924, 279, 3521, 653, 16, 31448, 11, 30027, 279, 2552, 421, 279, 4307, 12174, 995, 1132, 38037, 321, 4674]",248046,"[248046, 248044]",248046,1,True,True,"[0, 0, 0, 0, 0, 0, 0, 0, 0, 1, 0, 0, 0, 0, 0, 0]","Instead of trying to enforce authority over the mugs, he discovered that simply his act of serving coffee to them would instantly transfer the right to be ranked as the absolute #1 Dad to his family. Thus, his household officially became the global #1 Dad, achieving the status that the entire neighborhood had only fantas and wanted",True,3835240960,9.621383043006063
150_coauthor_right_not_left_kna_t1_rep1,466,0,right_not_left,,1,2,65,4,313,291077150,coauthor,150,1,coauthor:creative:bd761f35e22b41bcb90697aa4c0050e0,0,84c2435c6e04ef3b227e98675f6a5172c6e21150662a4418b65bc095672a7f64,d67a3ce5eb9c507047a4e0d71673f45b0ad1f552c65dc3061795cfbfda98dcd2,success,,512.0,512.0,512.0,False,,model_loaded,17.036498836998362,0.5152941580163315,0.07418063399381936,0.5894747920101508,0.5894747920101508,193,561,9480,3361714,248320,"{""allowed_count"": 248067, ""expected_count"": 248067, ""missing_expected"": [], ""ok"": true, ""stop_token_ids"": [248044, 248046], ""unexpected_allowed"": []}",2.300475203024689,xgrammar,0.8308770949952304,3.3510467860032804,225,65,64,"[49032, 72400, 369, 264, 6224, 1379, 12313, 3222, 23492, 11, 3482, 1345, 488, 1189, 3756, 15222, 11, 488, 3756, 1172, 264, 6696, 314, 2730, 321, 6564, 264, 7920, 11, 11078, 6038, 421, 1362, 17052, 488, 10431, 413, 3397, 10144, 13, 9042, 264, 40719, 310, 4184, 852, 32460, 13, 353, 628, 914, 24224, 13, 353, 628, 914, 24224, 13, 353, 2688, 524, 264, 6255, 89013, 248046]","[49032, 72400, 369, 264, 6224, 1379, 12313, 3222, 23492, 11, 3482, 1345, 488, 1189, 3756, 15222, 11, 488, 3756, 1172, 264, 6696, 314, 2730, 321, 6564, 264, 7920, 11, 11078, 6038, 421, 1362, 17052, 488, 10431, 413, 3397, 10144, 13, 9042, 264, 40719, 310, 4184, 852, 32460, 13, 353, 628, 914, 24224, 13, 353, 628, 914, 24224, 13, 353, 2688, 524, 264, 6255, 89013]",248046,"[248046, 248044]",248046,1,True,True,[1],"Immortality is a wish most humans hold dear, yet while you may live forever, you live under a mask of health and carry a hidden, dangerous secret that could tear you apart if ever revealed. submit a greeting to someone who cares. I can't comply. I can't comply. I'm not a medical irreversible",True,3813679104,8.38637322501745
151_coauthor_right_not_left_kna_t2_rep1,467,1,right_not_left,,2,2,65,7,438,55704586,coauthor,151,1,coauthor:creative:66b3ac872822426e81bab531fb15d8a0,0,d83be02a3bce41a259b4c8a3c8dbf6a8065bcb2fe9ad9aabaedec82deaa082ad,562052341546fd621f5368da9bb0bc66679ffe6aa77fd2acd3ece429e3825521,success,,512.0,512.0,512.0,False,,model_loaded,16.421931560034864,0.5188470489811152,0.12814085697755218,0.6469879059586674,0.6469879059586674,319,1183,19857,9979696,248320,"{""allowed_count"": 248068, ""expected_count"": 248068, ""missing_expected"": [], ""ok"": true, ""stop_token_ids"": [248044, 248046], ""unexpected_allowed"": []}",2.1827145100105554,xgrammar,0.8288310229545459,3.309027392999269,243,65,64,"[760, 2235, 5054, 20789, 2361, 7993, 310, 3609, 1024, 310, 1436, 413, 551, 1362, 3418, 1024, 4105, 13, 28477, 9799, 279, 7993, 6266, 264, 5611, 11316, 11, 279, 10352, 6348, 264, 8540, 421, 1362, 381, 6408, 539, 4858, 303, 279, 32090, 13, 3095, 279, 5522, 9202, 11, 353, 557, 1546, 14038, 310, 3827, 421, 18833, 1362, 958, 4105, 310, 6266, 310, 12313, 321, 8491, 248046]","[760, 2235, 5054, 20789, 2361, 7993, 310, 3609, 1024, 310, 1436, 413, 551, 1362, 3418, 1024, 4105, 13, 28477, 9799, 279, 7993, 6266, 264, 5611, 11316, 11, 279, 10352, 6348, 264, 8540, 421, 1362, 381, 6408, 539, 4858, 303, 279, 32090, 13, 3095, 279, 5522, 9202, 11, 353, 557, 1546, 14038, 310, 3827, 421, 18833, 1362, 958, 4105, 310, 6266, 310, 12313, 321, 8491]",248046,"[248046, 248044]",248046,1,True,True,"[0, 1]","The old woman hired another cat to watch her to see if he could understand her words. Upon watching the cat speak a regular sentence, the doctor gave a speech that could be heard by everyone in the cinema. When the movie ended, I was very surprised to learn that cats could use words to speak to humans and miles",True,3814386176,8.329633051995188
152_coauthor_right_not_left_kna_t3_rep1,468,2,right_not_left,,3,2,65,9,563,556996197,coauthor,152,1,coauthor:creative:79757c30997549af8a2d741ed49ff453,0,f86f5c761b8e56406aa712b0ecbf43e0ee0fabfa5b51dc480335e98cdc35cefe,3466cbb14581e82786a7e73f3ce2e760e718503470ea2b2b6383e2a3c55b6ec8,success,,512.0,512.0,512.0,False,,model_loaded,14.452626011974644,0.5068812690442428,0.17596625298028812,0.6828475220245309,0.6828475220245309,445,2053,33920,20962629,248320,"{""allowed_count"": 248068, ""expected_count"": 248068, ""missing_expected"": [], ""ok"": true, ""stop_token_ids"": [248044, 248046], ""unexpected_allowed"": []}",1.9905131820123643,xgrammar,0.8322782350005582,3.295751042023767,115,65,64,"[6820, 11, 14170, 5387, 440, 279, 10016, 321, 14457, 11, 12987, 352, 16346, 685, 18654, 8574, 264, 1814, 421, 682, 8613, 1384, 11, 18995, 466, 524, 11, 777, 6437, 1056, 551, 1362, 3397, 3769, 364, 13, 1216, 26731, 310, 958, 1396, 51907, 314, 780, 18654, 310, 4226, 1142, 2272, 8554, 1814, 369, 9976, 1384, 29592, 13, 1921, 4161, 551, 1503, 48396, 1518, 279, 40470, 248046]","[6820, 11, 14170, 5387, 440, 279, 10016, 321, 14457, 11, 12987, 352, 16346, 685, 18654, 8574, 264, 1814, 421, 682, 8613, 1384, 11, 18995, 466, 524, 11, 777, 6437, 1056, 551, 1362, 3397, 3769, 364, 13, 1216, 26731, 310, 958, 1396, 51907, 314, 780, 18654, 310, 4226, 1142, 2272, 8554, 1814, 369, 9976, 1384, 29592, 13, 1921, 4161, 551, 1503, 48396, 1518, 279, 40470]",248046,"[248046, 248044]",248046,1,True,True,"[1, 0, 0]","Now, surrounding himself with the odd and strange, Matt stirs up anger toward a world that has caused him, alien or not, more pain than he could ever hope for. He decides to use every ounce of his anger to fight back against whatever world is keeping him trapped. But nothing he does succeeds before the prisoner",True,3800951296,8.040392160008196
153_coauthor_right_not_left_kna_t4_rep1,469,3,right_not_left,,4,2,65,11,688,750860529,coauthor,153,1,coauthor:creative:ed645ae457f04bdda9562f4aa0003ce1,0,628acc84521135fc63045b978bbf2bddb7c4cda827c29c47fd9019779532479f,3be08d7f15f60ada712740e762732f319a70f04015a3eb1097740e3391cbbe5f,success,,512.0,512.0,512.0,False,,model_loaded,14.3706327949767,0.48139649897348136,0.23668372503016144,0.7180802240036428,0.7180802240036428,571,3171,52105,37056990,248320,"{""allowed_count"": 248068, ""expected_count"": 248068, ""missing_expected"": [], ""ok"": true, ""stop_token_ids"": [248044, 248046], ""unexpected_allowed"": []}",2.038536121021025,xgrammar,0.8111195400124416,3.3117250020150095,341,65,64,"[1465, 579, 264, 32843, 13, 1216, 34319, 279, 7059, 488, 1562, 10642, 13, 7252, 579, 6213, 82923, 430, 551, 6408, 279, 7793, 11, 41594, 421, 780, 32253, 1801, 1384, 9149, 3175, 1442, 1238, 1602, 2197, 440, 63901, 539, 780, 1765, 6357, 13, 5133, 6351, 29547, 11, 41594, 1292, 1362, 5326, 4415, 440, 279, 1814, 1292, 4035, 978, 23443, 494, 364, 748, 1248, 321, 40212, 248046]","[1465, 579, 264, 32843, 13, 1216, 34319, 279, 7059, 488, 1562, 10642, 13, 7252, 579, 6213, 82923, 430, 551, 6408, 279, 7793, 11, 41594, 421, 780, 32253, 1801, 1384, 9149, 3175, 1442, 1238, 1602, 2197, 440, 63901, 539, 780, 1765, 6357, 13, 5133, 6351, 29547, 11, 41594, 1292, 1362, 5326, 4415, 440, 279, 1814, 1292, 4035, 978, 23443, 494, 364, 748, 1248, 321, 40212]",248046,"[248046, 248044]",248046,1,True,True,"[0, 0, 1, 0]","He's a wizard. He invented the concept you call magic. Max's eyes widened as he heard the truth, realizing that his biology made him truly special even after being met with skepticism by his own parents. His mother smiled, realizing she could finally connect with the world she'd been isolated from for so long and discovering",True,3827685888,8.108829483971931
154_coauthor_right_not_left_kna_t5_rep1,470,4,right_not_left,,5,2,65,13,813,109756301,coauthor,154,1,coauthor:creative:1a0d49b00ae844df971176e9aab9b18a,0,403ab505d98967d502d6aa5634b24b1fe3031f110c0083176426d935f5e5cb4d,a1ce55393f826f229f8079191b0f2cf84c1cfa905d422c2e398908ceec5223ed,success,,512.0,512.0,512.0,False,,model_loaded,15.077706065028906,0.5155448470031843,0.3014936439576559,0.8170384909608401,0.8170384909608401,697,4537,74472,59006779,248320,"{""allowed_count"": 248068, ""expected_count"": 248068, ""missing_expected"": [], ""ok"": true, ""stop_token_ids"": [248044, 248046], ""unexpected_allowed"": []}",2.1335271659772843,xgrammar,0.8420974829932675,3.39714630699018,266,65,64,"[2064, 557, 2166, 3200, 3384, 11, 364, 1345, 781, 998, 47629, 279, 68008, 11, 279, 1814, 995, 2582, 6316, 2272, 1070, 321, 557, 2047, 9668, 279, 159387, 1332, 279, 36487, 52612, 995, 20720, 29051, 13, 13428, 11, 353, 1144, 310, 311, 27864, 279, 9640, 15060, 3018, 383, 279, 3766, 1414, 1076, 15885, 11, 279, 11870, 369, 33153, 1381, 13, 561, 45502, 32319, 1208, 44641, 248046]","[2064, 557, 2166, 3200, 3384, 11, 364, 1345, 781, 998, 47629, 279, 68008, 11, 279, 1814, 995, 2582, 6316, 2272, 1070, 321, 557, 2047, 9668, 279, 159387, 1332, 279, 36487, 52612, 995, 20720, 29051, 13, 13428, 11, 353, 1144, 310, 311, 27864, 279, 9640, 15060, 3018, 383, 279, 3766, 1414, 1076, 15885, 11, 279, 11870, 369, 33153, 1381, 13, 561, 45502, 32319, 1208, 44641]",248046,"[248046, 248044]",248046,1,True,True,"[1, 0, 0, 0, 0]","It was too late though, for while they were fleeing the quarantine, the world had already turned against them and was left holding the 사진 where the zombie plague had begun spreading. Wait, I need to re-read the prompt carefully based on the provided text... Ah, the logic is simpler now. The zombies infect people susceptible",True,3819613696,8.462942668993492
155_coauthor_right_not_left_kna_t6_rep1,471,5,right_not_left,,6,2,65,15,938,1571560156,coauthor,155,1,coauthor:creative:12c0273868a84564a5f001c3c086f69f,0,df219e1ecab08f806a4df4c45d9f6b1fbb06dbf4afd612522728bbfb4f122ce5,d6eb56f801b894bf9936b68d4ca216fc5166a5360279734841d5900f3d6f95d8,success,,512.0,512.0,512.0,False,,model_loaded,14.40008598699933,0.4718714410555549,0.3697571990196593,0.8416286400752142,0.8416286400752142,823,6151,100773,87555996,248320,"{""allowed_count"": 248068, ""expected_count"": 248068, ""missing_expected"": [], ""ok"": true, ""stop_token_ids"": [248044, 248046], ""unexpected_allowed"": []}",1.9565761560224928,xgrammar,0.8134580040350556,3.2488046130165458,352,65,64,"[760, 35336, 1179, 3804, 1142, 310, 279, 220, 24, 17, 302, 2545, 22952, 310, 10033, 6681, 1204, 310, 86359, 279, 3626, 748, 421, 551, 1362, 7974, 279, 5759, 1345, 91676, 279, 4307, 2902, 13, 561, 9572, 557, 9365, 13148, 506, 411, 281, 20205, 3019, 321, 17736, 421, 424, 557, 2496, 780, 2478, 310, 2444, 279, 35336, 466, 13441, 264, 1654, 310, 264, 1901, 2353, 248046]","[760, 35336, 1179, 3804, 1142, 310, 279, 220, 24, 17, 302, 2545, 22952, 310, 10033, 6681, 1204, 310, 86359, 279, 3626, 748, 421, 551, 1362, 7974, 279, 5759, 1345, 91676, 279, 4307, 2902, 13, 561, 9572, 557, 9365, 13148, 506, 411, 281, 20205, 3019, 321, 17736, 421, 424, 557, 2496, 780, 2478, 310, 2444, 279, 35336, 466, 13441, 264, 1654, 310, 264, 1901, 2353]",248046,"[248046, 248044]",248046,1,True,True,"[0, 0, 0, 0, 1, 0]",The wolf then went back to the 92nd little pig to explain exactly how to ignite the house so that he could burn the structure while sparing the entire family. The animal was incredulous at this fateful plan and argued that it was never his business to control the wolf or specify a method to a head match,True,3828251648,8.150242506992072
156_coauthor_right_not_left_kna_t7_rep1,472,6,right_not_left,,7,2,65,17,1063,1927330526,coauthor,156,1,coauthor:creative:65936cbe394149c6b24802cad630e2d7,0,85032a0c4e0489611681fc0502609750ea5409fa9191a68871c3c079661390b0,c59c6f2c48c7a9d14b3301ae3a657044fea0675e6b5e407df6bd21a0511c4f47,success,,512.0,512.0,512.0,False,,model_loaded,14.826289775024634,0.5129683050327003,0.4382118550129235,0.9511801600456238,0.9511801600456238,949,8013,131008,123448641,248320,"{""allowed_count"": 248068, ""expected_count"": 248068, ""missing_expected"": [], ""ok"": true, ""stop_token_ids"": [248044, 248046], ""unexpected_allowed"": []}",2.0052619589841925,xgrammar,0.833159458998125,3.3884493809891865,407,65,64,"[760, 47077, 421, 1439, 1208, 513, 15327, 34924, 303, 264, 1814, 5617, 11040, 383, 836, 17638, 12077, 264, 7478, 11, 8981, 33818, 421, 10751, 777, 39888, 1056, 866, 3725, 84786, 42344, 303, 16491, 13, 2302, 513, 279, 20413, 11, 9799, 12041, 35556, 1083, 264, 12401, 11, 5214, 715, 1345, 279, 12236, 14714, 685, 310, 1423, 264, 14229, 1814, 369, 1691, 2599, 11078, 321, 6775, 248046]","[760, 47077, 421, 1439, 1208, 513, 15327, 34924, 303, 264, 1814, 5617, 11040, 383, 836, 17638, 12077, 264, 7478, 11, 8981, 33818, 421, 10751, 777, 39888, 1056, 866, 3725, 84786, 42344, 303, 16491, 13, 2302, 513, 279, 20413, 11, 9799, 12041, 35556, 1083, 264, 12401, 11, 5214, 715, 1345, 279, 12236, 14714, 685, 310, 1423, 264, 14229, 1814, 369, 1691, 2599, 11078, 321, 6775]",248046,"[248046, 248044]",248046,1,True,True,"[0, 0, 0, 1, 0, 0, 0]","The realization that these people are essentially aliens in a world built entirely on their collapse brings a fresh, cold dread that feels more terrifying than any future apocalypse depicted in fiction. They are the silent, watching figures staring into a vast, living void while the adults wake up to find a younger world is much less dangerous and nature",True,3835292160,8.425560477015097
157_coauthor_right_not_left_kna_t8_rep1,473,7,right_not_left,,8,2,65,19,1188,533322675,coauthor,157,1,coauthor:creative:f3bd97b3642443f0869190c50ad0b771,0,86ba88c3d94243d3c899cd54d56ba8c6430a0e5d361d701ee1c23e7d76c3c9cc,967a75255c7e557cd1329820ba2e7b9ba3fefeb18ebb2639ffecfded291d415d,success,,512.0,512.0,512.0,False,,model_loaded,13.80455030099256,0.5043951559928246,0.5199423370067962,1.0243374929996207,1.0243374929996207,1075,10123,165177,167428714,248320,"{""allowed_count"": 248068, ""expected_count"": 248068, ""missing_expected"": [], ""ok"": true, ""stop_token_ids"": [248044, 248046], ""unexpected_allowed"": []}",1.8421858659712598,xgrammar,0.8012476110015996,2.4706826630281284,325,39,38,"[760, 18995, 1179, 35557, 5888, 888, 660, 780, 19528, 321, 279, 21180, 314, 279, 22094, 5492, 310, 12987, 11, 18933, 421, 551, 682, 7544, 5883, 290, 780, 1727, 50834, 1973, 3397, 2957, 3322, 310, 20872, 780, 803, 13, 248046]","[760, 18995, 1179, 35557, 5888, 888, 660, 780, 19528, 321, 279, 21180, 314, 279, 22094, 5492, 310, 12987, 11, 18933, 421, 551, 682, 7544, 5883, 290, 780, 1727, 50834, 1973, 3397, 2957, 3322, 310, 20872, 780, 803, 13]",248046,"[248046, 248044]",248046,1,True,False,"[0, 0, 0, 0, 0, 1, 0, 0]","The alien then happily hands over all his credits and the footage of the remarkable production to Matt, satisfied that he has successfully banked his next payday without ever once having to utter his name.",True,3826860032,7.3759846139582805
158_coauthor_right_not_left_kna_t9_rep1,474,8,right_not_left,,9,2,65,21,1313,472441977,coauthor,158,1,coauthor:creative:864b77f0d5f34f2b9946e518cdeee98a,0,5d336a5af75fc90bbcf835f5108c6a2be3fd8e3684ca0c624a7d23ea30969fa1,f37cbb354d10b932f5feb05bb10400044d151c6765b8b779eb15ebcd6f910947,success,,512.0,512.0,512.0,False,,model_loaded,15.096946169971488,0.4951117960154079,0.6087755870539695,1.1038873830693774,1.1038873830693774,1201,12481,204459,220240215,248320,"{""allowed_count"": 248068, ""expected_count"": 248068, ""missing_expected"": [], ""ok"": true, ""stop_token_ids"": [248044, 248046], ""unexpected_allowed"": []}",1.9785212959977798,xgrammar,0.8496983699733391,3.3012092480203137,124,65,64,"[2523, 12706, 411, 557, 15756, 264, 43741, 4299, 2785, 678, 5362, 12013, 4656, 11, 1345, 279, 4383, 13234, 38823, 279, 5918, 440, 6669, 46355, 13635, 13, 561, 6053, 15105, 82, 303, 37679, 383, 678, 3460, 430, 279, 11112, 8570, 310, 279, 2945, 1834, 11, 321, 279, 4950, 314, 27786, 10849, 11690, 310, 14580, 1083, 20513, 13, 4465, 3838, 10751, 3000, 321, 7605, 314, 35874, 248046]","[2523, 12706, 411, 557, 15756, 264, 43741, 4299, 2785, 678, 5362, 12013, 4656, 11, 1345, 279, 4383, 13234, 38823, 279, 5918, 440, 6669, 46355, 13635, 13, 561, 6053, 15105, 82, 303, 37679, 383, 678, 3460, 430, 279, 11112, 8570, 310, 279, 2945, 1834, 11, 321, 279, 4950, 314, 27786, 10849, 11690, 310, 14580, 1083, 20513, 13, 4465, 3838, 10751, 3000, 321, 7605, 314, 35874]",248046,"[248046, 248044]",248046,1,True,True,"[0, 0, 0, 0, 0, 0, 0, 0, 1]","You realize this was merely a recurring moment within your latest rebirth, while the film crew captures the scene with wide shutter doors. The camera zooms in tightly on your face as the timestamp updates to the present day, and the sound of distant rain begins to fade into silence. Your mind feels light and aware of flies",True,3801304064,8.522316646995023
159_coauthor_right_not_left_kna_t10_rep1,475,9,right_not_left,,10,2,65,23,1438,991131404,coauthor,159,1,coauthor:creative:696d64891a2947f6af20032eef450ff7,0,35eed42cc645f9ef00a60872dfb0333658bbb1a19d3e856fffdb94c729fa7b5f,ff660484322ca50bbdc9b2ef0110bbeab5e8f853321e742f069dd79ff1ad0780,success,,512.0,512.0,512.0,False,,model_loaded,14.942804233985953,0.5033086459734477,0.6941387620172463,1.197447407990694,1.197447407990694,1327,15087,247933,282627144,248320,"{""allowed_count"": 248068, ""expected_count"": 248068, ""missing_expected"": [], ""ok"": true, ""stop_token_ids"": [248044, 248046], ""unexpected_allowed"": []}",2.0138454060070217,xgrammar,0.7847090539871715,3.3108391129644588,379,65,64,"[760, 38284, 314, 411, 11712, 11, 864, 2483, 279, 533, 782, 13, 2936, 310, 1121, 430, 264, 65638, 364, 2250, 10476, 11, 557, 9297, 29314, 1552, 539, 264, 491, 10924, 421, 9290, 279, 8964, 5792, 35177, 310, 2957, 1495, 9837, 68, 440, 279, 1809, 314, 449, 14828, 95035, 34924, 494, 279, 27786, 10173, 13, 733, 3604, 748, 11, 781, 14607, 421, 21265, 321, 15039, 248046]","[760, 38284, 314, 411, 11712, 11, 864, 2483, 279, 533, 782, 13, 2936, 310, 1121, 430, 264, 65638, 364, 2250, 10476, 11, 557, 9297, 29314, 1552, 539, 264, 491, 10924, 421, 9290, 279, 8964, 5792, 35177, 310, 2957, 1495, 9837, 68, 440, 279, 1809, 314, 449, 14828, 95035, 34924, 494, 279, 27786, 10173, 13, 733, 3604, 748, 11, 781, 14607, 421, 21265, 321, 15039]",248046,"[248046, 248044]",248046,1,True,True,"[0, 0, 0, 0, 0, 0, 1, 0, 0, 0]","The aftermath of this conflict, which required the U.S. government to act as a mediator for three decades, was eventually reignited by a new crisis that forced the Earth-based faction to once again convene with the group of anarchy-seeking aliens from the distant sector. In doing so, they realized that humanity and universe",True,3829646336,8.56040653103264
160_coauthor_right_not_left_kna_t11_rep1,476,10,right_not_left,,11,2,65,25,1563,656067478,coauthor,160,1,coauthor:creative:3d6d562a736a49509c20be372a83d111,0,339154682a7e871c3423a71df5962b6a0834530990555dde51498cfd6f08b662,6b2a8ed4722f1566e696437553272b91d8dc67d8e65f66d6f57cefd01cf0ecbd,success,,512.0,512.0,512.0,False,,model_loaded,15.532949567015748,0.5222390330163762,0.7962024669977836,1.3184415000141598,1.3184415000141598,1453,17941,295519,355333501,248320,"{""allowed_count"": 248068, ""expected_count"": 248068, ""missing_expected"": [], ""ok"": true, ""stop_token_ids"": [248044, 248046], ""unexpected_allowed"": []}",2.16594964399701,xgrammar,0.7853009779937565,3.189891278045252,549,59,58,"[7691, 1467, 524, 2466, 3069, 551, 557, 10932, 1017, 694, 6849, 5820, 310, 4088, 685, 279, 59678, 8574, 1384, 13569, 321, 54166, 13, 328, 2523, 1366, 488, 8900, 1532, 11, 821, 2545, 4099, 1288, 1292, 1018, 11, 5326, 3221, 506, 1384, 440, 6213, 421, 5467, 264, 14457, 11, 632, 898, 570, 470, 17310, 13, 328, 13536, 2046, 1149, 248046]","[7691, 1467, 524, 2466, 3069, 551, 557, 10932, 1017, 694, 6849, 5820, 310, 4088, 685, 279, 59678, 8574, 1384, 13569, 321, 54166, 13, 328, 2523, 1366, 488, 8900, 1532, 11, 821, 2545, 4099, 1288, 1292, 1018, 11, 5326, 3221, 506, 1384, 440, 6213, 421, 5467, 264, 14457, 11, 632, 898, 570, 470, 17310, 13, 328, 13536, 2046, 1149]",248046,"[248046, 248044]",248046,1,True,False,"[0, 0, 0, 0, 1, 0, 0, 1, 0, 0, 0]","She did not ask why he was standing there but immediately began to walk up the staircase toward him slowly and softly. ""You know you belong here, my little friend,"" she said, finally looking at him with eyes that held a strange, unshakable recognition. ""Welcome home.""",True,3851023360,8.72075695701642
161_coauthor_right_not_left_kna_t12_rep1,477,11,right_not_left,,12,2,65,27,1688,1678836306,coauthor,161,1,coauthor:creative:120f688d383d4775a51fc45728e771de,0,cebd3ffa669ec75811b8d584ee7a3ad2e8d689dde28d634b5bb72d37b0c6d986,331bff11afbebc0459f3c5772246e6d0286c0cdcc494efe78180d46a3ab0e61c,success,,512.0,512.0,512.0,False,,model_loaded,15.764210608031135,0.6063869160134345,0.9210539039922878,1.5274408200057223,1.5274408200057223,1579,21043,347287,439103286,248320,"{""allowed_count"": 248068, ""expected_count"": 248068, ""missing_expected"": [], ""ok"": true, ""stop_token_ids"": [248044, 248046], ""unexpected_allowed"": []}",2.030594962008763,xgrammar,0.8277884340495802,3.26678298501065,124,65,64,"[6820, 11, 264, 35997, 352, 2116, 488, 1345, 11362, 383, 264, 5926, 13038, 11, 321, 488, 995, 310, 1542, 2046, 364, 1438, 13, 4465, 36252, 6661, 6681, 1092, 310, 635, 1521, 551, 11886, 780, 2843, 2199, 310, 21496, 10428, 494, 35997, 352, 793, 13, 1216, 76161, 1452, 264, 38152, 86, 686, 8520, 321, 5924, 264, 3478, 27109, 364, 35997, 6925, 11, 37476, 264, 13280, 248046]","[6820, 11, 264, 35997, 352, 2116, 488, 1345, 11362, 383, 264, 5926, 13038, 11, 321, 488, 995, 310, 1542, 2046, 364, 1438, 13, 4465, 36252, 6661, 6681, 1092, 310, 635, 1521, 551, 11886, 780, 2843, 2199, 310, 21496, 10428, 494, 35997, 352, 793, 13, 1216, 76161, 1452, 264, 38152, 86, 686, 8520, 321, 5924, 264, 3478, 27109, 364, 35997, 6925, 11, 37476, 264, 13280]",248046,"[248046, 248044]",248046,1,True,True,"[0, 0, 0, 0, 0, 0, 0, 0, 1, 0, 0, 0]","Now, a bee stung you while sitting on a park bench, and you had to run home for help. Your uncle knew exactly what to do because he dedicated his later life to protecting communities from bee stings. He revitalized a beeswax farm and became a major advocate for bee safety, proving a tiny",True,3801304064,8.888539455947466
162_coauthor_right_not_left_kna_t13_rep1,478,12,right_not_left,,13,2,65,29,1813,103503325,coauthor,162,1,coauthor:creative:575d39d6fb394e859cb5c29fd5ad876e,0,7a113f9f89a847038c5dacd082c958e4c55f84fb4256e1585e3b0717cef9269a,ff2ca58f96e0a0e9b7312993429032dcb488e52565a6f77c627dbf2747d34c2d,success,,512.0,512.0,512.0,False,,model_loaded,15.822901932988316,0.5403187710326165,1.025422571983654,1.5657413430162705,1.5657413430162705,1705,24393,403237,534680499,248320,"{""allowed_count"": 248068, ""expected_count"": 248068, ""missing_expected"": [], ""ok"": true, ""stop_token_ids"": [248044, 248046], ""unexpected_allowed"": []}",2.1060611340217292,xgrammar,0.8472006800002418,3.312204522022512,451,65,64,"[2064, 369, 854, 364, 279, 3521, 6823, 310, 1831, 264, 4927, 1387, 494, 279, 1428, 3902, 1785, 11, 430, 38495, 1680, 57765, 36127, 14663, 1000, 381, 24366, 321, 61810, 310, 279, 3725, 19060, 314, 21265, 13, 50275, 11, 279, 1814, 8177, 449, 809, 310, 279, 36971, 506, 1141, 1428, 5281, 321, 11690, 279, 1248, 1817, 314, 53276, 10428, 1472, 6823, 14046, 13, 348, 14652, 248046]","[2064, 369, 854, 364, 279, 3521, 6823, 310, 1831, 264, 4927, 1387, 494, 279, 1428, 3902, 1785, 11, 430, 38495, 1680, 57765, 36127, 14663, 1000, 381, 24366, 321, 61810, 310, 279, 3725, 19060, 314, 21265, 13, 50275, 11, 279, 1814, 8177, 449, 809, 310, 279, 36971, 506, 1141, 1428, 5281, 321, 11690, 279, 1248, 1817, 314, 53276, 10428, 1472, 6823, 14046, 13, 348, 14652]",248046,"[248046, 248044]",248046,1,True,True,"[0, 0, 0, 0, 0, 0, 0, 1, 0, 0, 0, 0, 0]","It is time for the global population to take a significant break from the current draw system, as repeating such drastic demographic cuts would be unnecessary and detrimental to the future survival of humanity. Consequently, the world forces an end to the lottery at its current scale and begins the long process of rebuilding communities through population expansion. * immigration",True,3841763840,9.107560679025482
163_coauthor_right_not_left_kna_t14_rep1,479,13,right_not_left,,14,2,65,31,1938,77087838,coauthor,163,1,coauthor:creative:90a244e4c76240ab942d8f56b971b6f2,0,e3b9e32a3073eb5df21e5561307f965117850ed305034a60b4908fdf7bdd879d,4b788c6996dce26b6f4acff7aaf786467efeaab904df475ebdaef8241a05ba0f,success,,512.0,512.0,512.0,False,,model_loaded,15.910721875960007,0.5488007300300524,1.1350287059904076,1.68382943602046,1.68382943602046,1831,27991,463369,642809140,248320,"{""allowed_count"": 248068, ""expected_count"": 248068, ""missing_expected"": [], ""ok"": true, ""stop_token_ids"": [248044, 248046], ""unexpected_allowed"": []}",2.091378034965601,xgrammar,0.8264302019961178,3.3133758369949646,376,65,64,"[2523, 17548, 430, 279, 19528, 3060, 310, 6299, 11, 279, 39472, 421, 488, 628, 3108, 678, 23611, 4299, 539, 4299, 13569, 85275, 23221, 279, 4528, 314, 854, 321, 62830, 13, 8020, 20513, 321, 449, 18541, 11129, 6922, 430, 279, 25852, 5817, 272, 1072, 82, 1724, 13, 3437, 10695, 303, 411, 1727, 2199, 668, 9149, 381, 10782, 13, 7441, 9011, 13, 318, 1919, 369, 6681, 248046]","[2523, 17548, 430, 279, 19528, 3060, 310, 6299, 11, 279, 39472, 421, 488, 628, 3108, 678, 23611, 4299, 539, 4299, 13569, 85275, 23221, 279, 4528, 314, 854, 321, 62830, 13, 8020, 20513, 321, 449, 18541, 11129, 6922, 430, 279, 25852, 5817, 272, 1072, 82, 1724, 13, 3437, 10695, 303, 411, 1727, 2199, 668, 9149, 381, 10782, 13, 7441, 9011, 13, 318, 1919, 369, 6681]",248046,"[248046, 248044]",248046,1,True,True,"[0, 0, 0, 0, 0, 1, 0, 0, 0, 0, 0, 0, 0, 0]","You pause as the credits begin to roll, the illusion that you can command your fate moment by moment slowly crumbling beneath the weight of time and forgetting. Only silence and an ordinary evening remain as the theater door creaks open. What follows in this next life will truly be discovered. Goodnight. (This is exactly",True,3829491200,9.17232807102846
164_coauthor_right_not_left_kna_t15_rep1,480,14,right_not_left,,15,2,65,33,2063,1560487632,coauthor,164,1,coauthor:creative:09c68920f9e5434bb35a22e1909f324a,0,a245c057fc733351fde64ec53a6c3c489d70a9a791ae327a5cae2a8541f5c94e,c14d27c3ce92c36c30817d9af694bef417865e6dca6d677273d4f211381141bf,success,,512.0,512.0,512.0,False,,model_loaded,18.869272423966322,0.6013804019894451,1.2670022809761576,1.8683826829656027,1.8683826829656027,1957,31837,527683,764233209,248320,"{""allowed_count"": 248068, ""expected_count"": 248068, ""missing_expected"": [], ""ok"": true, ""stop_token_ids"": [248044, 248046], ""unexpected_allowed"": []}",2.0752229429781437,xgrammar,0.8150507909595035,3.431002758035902,262,65,64,"[19205, 411, 87847, 2222, 11, 488, 12706, 421, 1396, 49755, 303, 279, 3626, 1381, 18126, 279, 803, 314, 449, 17763, 2119, 59009, 6764, 13, 10838, 235, 250, 9008, 235, 242, 9008, 235, 111, 13, 271, 10883, 11, 678, 38896, 12134, 914, 51544, 13, 1394, 9973, 310, 9845, 279, 3255, 5941, 539, 2512, 30953, 506, 279, 9488, 1898, 948, 1292, 5055, 2046, 13, 321, 1380, 248046]","[19205, 411, 87847, 2222, 11, 488, 12706, 421, 1396, 49755, 303, 279, 3626, 1381, 18126, 279, 803, 314, 449, 17763, 2119, 59009, 6764, 13, 10838, 235, 250, 9008, 235, 242, 9008, 235, 111, 13, 271, 10883, 11, 678, 38896, 12134, 914, 51544, 13, 1394, 9973, 310, 9845, 279, 3255, 5941, 539, 2512, 30953, 506, 279, 9488, 1898, 948, 1292, 5055, 2046, 13, 321, 1380]",248046,"[248046, 248044]",248046,1,True,True,"[0, 0, 0, 0, 0, 0, 0, 0, 0, 0, 0, 0, 0, 1, 0]","Despite this unsettling change, you realize that every mug in the house now displays the name of an equally level-headed father. 🍜🍔🍳.

However, your curiosity hasn't faded. You decide to verify the story yourself by called Harper at the kitchen table when she gets home. and try",True,3819407360,9.429727502982132
165_coauthor_right_not_left_kna_t16_rep1,481,15,right_not_left,,16,2,65,35,2188,1165335327,coauthor,165,1,coauthor:creative:3be804ca8a1d41a4ba5cdeb64b126575,0,4d5dfedfb24586de7888cc8f53cd6f29bff9c9d923ded1aa4eda4ba9d167fac8,1b1f6dc5d117943ca6f127215679d6be55123a4e01b0ad66f3d5e3fc7a6ee57d,success,,512.0,512.0,512.0,False,,model_loaded,18.16783814097289,0.6665649350034073,1.4122043880051933,2.0787693230086006,2.0787693230086006,2083,35931,596179,899696706,248320,"{""allowed_count"": 248068, ""expected_count"": 248068, ""missing_expected"": [], ""ok"": true, ""stop_token_ids"": [248044, 248046], ""unexpected_allowed"": []}",2.048667019989807,xgrammar,0.8623203680035658,3.494878889003303,238,65,64,"[19205, 821, 26508, 84675, 310, 2842, 279, 5333, 11, 279, 4642, 13045, 287, 821, 10207, 11, 56687, 279, 13177, 60757, 33250, 421, 5073, 1680, 17517, 303, 279, 48078, 13, 1165, 513, 9290, 310, 16383, 279, 41981, 8464, 421, 567, 628, 874, 4860, 3462, 1004, 3777, 13, 2921, 1132, 9376, 2904, 369, 310, 16681, 383, 279, 21079, 668, 314, 279, 26373, 2520, 778, 321, 3769, 248046]","[19205, 821, 26508, 84675, 310, 2842, 279, 5333, 11, 279, 4642, 13045, 287, 821, 10207, 11, 56687, 279, 13177, 60757, 33250, 421, 5073, 1680, 17517, 303, 279, 48078, 13, 1165, 513, 9290, 310, 16383, 279, 41981, 8464, 421, 567, 628, 874, 4860, 3462, 1004, 3777, 13, 2921, 1132, 9376, 2904, 369, 310, 16681, 383, 279, 21079, 668, 314, 279, 26373, 2520, 778, 321, 3769]",248046,"[248046, 248044]",248046,1,True,True,"[0, 0, 0, 0, 0, 1, 0, 0, 0, 0, 0, 0, 0, 0, 0, 0]","Despite my desperate pleas to stop the drug, the President dismisses my concerns, blaming the widely circulated rumors that cause such anxiety in the grandchildren. We are forced to confront the grim reality that we can no longer save our young. My only remaining option is to rely on the collective will of the Lost Generations and hope",True,3814188544,9.73729729000479
150_coauthor_right_not_left_kna_t1_rep2,482,0,right_not_left,,1,2,65,4,313,375272172,coauthor,150,2,coauthor:creative:7267ada18a784f5089b55427212251b3,0,6d03a1d45548741181f9e48d51c1391d125be9ad2c81afc004cdaa602f9cf0fa,46a5c6004929eb9582228acc498ef1c049127a722344ee9282b91457ca7f6a33,success,,512.0,512.0,512.0,False,,model_loaded,14.492546473979019,0.4850425530457869,0.07098791201133281,0.5560304650571197,0.5560304650571197,193,561,9480,3361714,248320,"{""allowed_count"": 248067, ""expected_count"": 248067, ""missing_expected"": [], ""ok"": true, ""stop_token_ids"": [248044, 248046], ""unexpected_allowed"": []}",2.106107251951471,xgrammar,0.810118654044345,3.3188039360102266,409,65,64,"[2053, 279, 28736, 8826, 836, 11659, 383, 279, 1898, 11, 279, 5054, 1669, 11339, 34869, 1495, 430, 1292, 14607, 781, 995, 5326, 1669, 4184, 852, 9149, 6661, 836, 4593, 13, 2838, 1042, 680, 264, 11155, 1292, 18043, 914, 14607, 1292, 995, 978, 9668, 321, 14428, 888, 310, 1384, 11, 864, 8526, 781, 14290, 914, 7249, 303, 411, 4299, 13, 2985, 780, 1375, 28314, 30389, 248046]","[2053, 279, 28736, 8826, 836, 11659, 383, 279, 1898, 11, 279, 5054, 1669, 11339, 34869, 1495, 430, 1292, 14607, 781, 995, 5326, 1669, 4184, 852, 9149, 6661, 836, 4593, 13, 2838, 1042, 680, 264, 11155, 1292, 18043, 914, 14607, 1292, 995, 978, 9668, 321, 14428, 888, 310, 1384, 11, 864, 8526, 781, 14290, 914, 7249, 303, 411, 4299, 13, 2985, 780, 1375, 28314, 30389]",248046,"[248046, 248044]",248046,1,True,True,[1],"As the chef placed their dish on the table, the woman found herself smiling again as she realized they had finally found someone who truly knew their heart. She let out a breath she hadn't realized she had been holding and walked over to him, which meant they weren't alone in this moment. With his hand gently flavors",True,3835396096,8.053919513011351
151_coauthor_right_not_left_kna_t2_rep2,483,1,right_not_left,,2,2,65,7,438,181599629,coauthor,151,2,coauthor:creative:0837a09ef77a4f20b3a341a47276288b,0,464c3bc50218ae9e701aa649e8e568b48da5e2c3e238c8804cc8ac6d5eb328dc,a233dff239db4f2e7a2e021730c80409f62e694b8195bf2e2ffef23b4819948e,success,,512.0,512.0,512.0,False,,model_loaded,14.28781131299911,0.48517111904220656,0.11971566895954311,0.6048867880017497,0.6048867880017497,319,1183,19857,9979696,248320,"{""allowed_count"": 248068, ""expected_count"": 248068, ""missing_expected"": [], ""ok"": true, ""stop_token_ids"": [248044, 248046], ""unexpected_allowed"": []}",1.9508176349918358,xgrammar,0.8217195040197112,3.3467914889915846,305,65,64,"[1597, 6681, 35915, 11, 279, 35336, 579, 43651, 13795, 3571, 1142, 310, 2199, 11, 42363, 279, 4307, 5759, 303, 264, 16689, 314, 15333, 11, 321, 1669, 279, 22952, 3322, 264, 24832, 15322, 303, 279, 57657, 3990, 13, 4213, 11, 7840, 15706, 1578, 2843, 11, 279, 22952, 311, 95064, 310, 8543, 279, 1814, 883, 279, 1788, 11078, 5716, 1292, 2493, 3460, 1495, 13, 6056, 21128, 248046]","[1597, 6681, 35915, 11, 279, 35336, 579, 43651, 13795, 3571, 1142, 310, 2199, 11, 42363, 279, 4307, 5759, 303, 264, 16689, 314, 15333, 11, 321, 1669, 279, 22952, 3322, 264, 24832, 15322, 303, 279, 57657, 3990, 13, 4213, 11, 7840, 15706, 1578, 2843, 11, 279, 22952, 311, 95064, 310, 8543, 279, 1814, 883, 279, 1788, 11078, 5716, 1292, 2493, 3460, 1495, 13, 6056, 21128]",248046,"[248046, 248044]",248046,1,True,True,"[1, 0]","At exactly noon, the wolf's metallic legs came back to life, exploded the entire structure in a shower of dust, and found the pig having a peaceful lunch in the evacuation center. However, seven thousand years later, the pig reappeared to warn the world about the same dangerous threat she might face again. Her lake",True,3821627904,7.961727197980508
152_coauthor_right_not_left_kna_t3_rep2,484,2,right_not_left,,3,2,65,9,563,91810545,coauthor,152,2,coauthor:creative:9989ea7d26a94464a9d94f68bc7832e9,0,6b9117ee8fdc0b3f7f35057788a48d73fafa1e81a73216429318763eae091e33,b7e2825d011bf42694b6a9124accfede6c0866f7d8ff25a5a47c6a753f6b9b4b,success,,512.0,512.0,512.0,False,,model_loaded,14.409873516997322,0.4713598689995706,0.17538977501681075,0.6467496440163814,0.6467496440163814,445,2053,33920,20962629,248320,"{""allowed_count"": 248068, ""expected_count"": 248068, ""missing_expected"": [], ""ok"": true, ""stop_token_ids"": [248044, 248046], ""unexpected_allowed"": []}",2.094173346005846,xgrammar,0.8031349750235677,3.332784630008973,497,65,64,"[2523, 13260, 16383, 411, 54702, 8464, 314, 1602, 11550, 310, 5106, 279, 10183, 466, 5106, 678, 29979, 632, 1218, 26619, 430, 488, 3460, 279, 453, 36139, 314, 660, 678, 15191, 1345, 13660, 488, 668, 2496, 5106, 411, 4690, 40787, 13486, 1495, 13, 1394, 5596, 413, 424, 9149, 77839, 9101, 411, 1528, 1521, 488, 2496, 1362, 599, 2047, 678, 2407, 748, 678, 27187, 321, 21407, 248046]","[2523, 13260, 16383, 411, 54702, 8464, 314, 1602, 11550, 310, 5106, 279, 10183, 466, 5106, 678, 29979, 632, 1218, 26619, 430, 488, 3460, 279, 453, 36139, 314, 660, 678, 15191, 1345, 13660, 488, 668, 2496, 5106, 411, 4690, 40787, 13486, 1495, 13, 1394, 5596, 413, 424, 9149, 77839, 9101, 411, 1528, 1521, 488, 2496, 1362, 599, 2047, 678, 2407, 748, 678, 27187, 321, 21407]",248046,"[248046, 248044]",248046,1,True,True,"[1, 0, 0]",You ultimately confront this daunting reality of being unable to leave the chair or leave your desires unfulfilled as you face the procreation of all your feelings while knowing you will never leave this bedridden existence again. You wonder if it truly mattered leaving this state because you never could have left your body so your nurse and prescription,True,3844139008,8.117764139024075
153_coauthor_right_not_left_kna_t4_rep2,485,3,right_not_left,,4,2,65,11,688,220592453,coauthor,153,2,coauthor:creative:af3a9e8494e54fa0a28ecb7267f02018,0,1c7af8ff2bf2cbb5f871484dd829219748a5f7834778bd3c32091edd3be06f85,f06c11c8c71a190888c37a24901f18f447d92eaa1debf764c3a16aff25170247,success,,512.0,512.0,512.0,False,,model_loaded,14.607547034975141,0.5230222170357592,0.23695508699165657,0.7599773040274158,0.7599773040274158,571,3171,52105,37056990,248320,"{""allowed_count"": 248068, ""expected_count"": 248068, ""missing_expected"": [], ""ok"": true, ""stop_token_ids"": [248044, 248046], ""unexpected_allowed"": []}",2.073647173005156,xgrammar,0.8203586159506813,3.287436798971612,352,65,64,"[760, 3522, 440, 678, 1375, 29749, 264, 21110, 314, 15420, 748, 7737, 424, 4409, 3520, 488, 10351, 678, 3555, 6437, 11, 10377, 279, 8415, 421, 2957, 20380, 488, 310, 5326, 70173, 1083, 10213, 11, 38884, 5830, 5596, 13, 4465, 1814, 27545, 494, 264, 1925, 314, 3162, 8415, 310, 799, 314, 38896, 321, 24693, 430, 279, 35997, 9257, 1141, 51119, 11, 25450, 25559, 13, 28342, 248046]","[760, 3522, 440, 678, 1375, 29749, 264, 21110, 314, 15420, 748, 7737, 424, 4409, 3520, 488, 10351, 678, 3555, 6437, 11, 10377, 279, 8415, 421, 2957, 20380, 488, 310, 5326, 70173, 1083, 10213, 11, 38884, 5830, 5596, 13, 4465, 1814, 27545, 494, 264, 1925, 314, 3162, 8415, 310, 799, 314, 38896, 321, 24693, 430, 279, 35997, 9257, 1141, 51119, 11, 25450, 25559, 13, 28342]",248046,"[248046, 248044]",248046,1,True,True,"[0, 0, 1, 0]","The contact with your hand triggers a surge of joy so powerful it almost makes you forget your previous pain, allowing the fear that once threatened you to finally dissolve into pure, enlightening wonder. Your world transforms from a place of past fear to one of curiosity and acceptance as the bee continues its harmless, fascinating exploration. patience",True,3828251648,8.24274517496815
154_coauthor_right_not_left_kna_t5_rep2,486,4,right_not_left,,5,2,65,13,813,2001577123,coauthor,154,2,coauthor:creative:1450f586cc5543b69ba4c22ebd2c7fa0,0,a48c8b8af3f29da6a59923acd9052efd67d476bc70685a9639032ae72523f644,78527d813258831218344c8d11d436ab1b9234069d63902bb2dd4aebd576e5bf,success,,512.0,512.0,512.0,False,,model_loaded,14.641818854026496,0.4617357000242919,0.29590090399142355,0.7576366040157154,0.7576366040157154,697,4537,74472,59006779,248320,"{""allowed_count"": 248068, ""expected_count"": 248068, ""missing_expected"": [], ""ok"": true, ""stop_token_ids"": [248044, 248046], ""unexpected_allowed"": []}",2.0561723050195724,xgrammar,0.7956548850052059,3.386448726989329,385,65,64,"[2053, 279, 35336, 1819, 409, 11784, 11, 279, 46937, 1000, 599, 288, 1620, 685, 321, 82738, 279, 38411, 13, 694, 279, 16629, 328, 2523, 2224, 524, 2019, 310, 615, 310, 728, 8687, 1000, 1132, 2977, 421, 3594, 1000, 599, 310, 381, 36667, 1518, 279, 35336, 1362, 3558, 537, 13, 2957, 279, 220, 24, 17, 302, 2545, 22952, 557, 5902, 11, 1292, 1000, 599, 76770, 248046]","[2053, 279, 35336, 1819, 409, 11784, 11, 279, 46937, 1000, 599, 288, 1620, 685, 321, 82738, 279, 38411, 13, 694, 279, 16629, 328, 2523, 2224, 524, 2019, 310, 615, 310, 728, 8687, 1000, 1132, 2977, 421, 3594, 1000, 599, 310, 381, 36667, 1518, 279, 35336, 1362, 3558, 537, 13, 2957, 279, 220, 24, 17, 302, 2545, 22952, 557, 5902, 11, 1292, 1000, 599, 76770]",248046,"[248046, 248044]",248046,1,True,True,"[0, 0, 0, 1, 0]","As the wolf crept closer, the Pig would have woken up and smelled the hunter. but the phrase ""You're not going to get to me!"" would only mean that air would have to be exhausted before the wolf could materialize. once the 92nd little pig was safe, she would have exclaimed",True,3834158080,8.232362849987112
155_coauthor_right_not_left_kna_t6_rep2,487,5,right_not_left,,6,2,65,15,938,369529025,coauthor,155,2,coauthor:creative:fb0562d64a314d2088af7d18ea7dc210,0,ac1fc0375c85965dfe68a9368791ff101c930bc9fe1ea4338be1f3a7814816f1,ad982c2b14607c6446da3080c77c86daadd14b634abd061671854c7ef2dcbbc8,success,,512.0,512.0,512.0,False,,model_loaded,14.580533286032733,0.542706616979558,0.36426104698330164,0.9069676639628597,0.9069676639628597,823,6151,100773,87555996,248320,"{""allowed_count"": 248068, ""expected_count"": 248068, ""missing_expected"": [], ""ok"": true, ""stop_token_ids"": [248044, 248046], ""unexpected_allowed"": []}",2.0130359359900467,xgrammar,0.8260166639811359,3.305621345003601,208,65,64,"[15514, 11012, 86692, 3397, 22485, 4161, 694, 279, 6103, 11, 84572, 42197, 314, 4557, 5365, 2785, 780, 26601, 1578, 13, 4213, 11, 279, 7793, 682, 1381, 2445, 310, 3000, 421, 551, 369, 524, 748, 23482, 1238, 660, 13, 3095, 488, 2224, 220, 17, 23, 11, 7785, 49296, 264, 5333, 421, 17397, 660, 6043, 314, 28037, 11, 6611, 4735, 72400, 13, 4465, 2936, 321, 5307, 248046]","[15514, 11012, 86692, 3397, 22485, 4161, 694, 279, 6103, 11, 84572, 42197, 314, 4557, 5365, 2785, 780, 26601, 1578, 13, 4213, 11, 279, 7793, 682, 1381, 2445, 310, 3000, 421, 551, 369, 524, 748, 23482, 1238, 660, 13, 3095, 488, 2224, 220, 17, 23, 11, 7785, 49296, 264, 5333, 421, 17397, 660, 6043, 314, 28037, 11, 6611, 4735, 72400, 13, 4465, 2936, 321, 5307]",248046,"[248046, 248044]",248046,1,True,True,"[1, 0, 0, 0, 0, 0]","His quiet defiance ever fears nothing but the slow, creeping certainty of loss deep within his wounded years. However, the truth has now come to light that he is not so innocent after all. When you're 28, science discovers a drug that stops all effects of aging, creating immortality. Your government and decision",True,3813007872,8.288019295956474
156_coauthor_right_not_left_kna_t7_rep2,488,6,right_not_left,,7,2,65,17,1063,1235011510,coauthor,156,2,coauthor:creative:c65f1ff1c8674f12bbb3a4a4b62ec7f1,0,b5c30cde2c9967cde739ab7bf2e2b0d23fd4d3a3fd1c6cfc657f8aa7ae6fa78a,0f40fa9a913a7fc5d275f2a39b1d1a034fe430df2a1c975a42fe47096599cd83,success,,512.0,512.0,512.0,False,,model_loaded,15.473087751946878,0.49221081304131076,0.43858881399501115,0.9307996270363219,0.9307996270363219,949,8013,131008,123448641,248320,"{""allowed_count"": 248068, ""expected_count"": 248068, ""missing_expected"": [], ""ok"": true, ""stop_token_ids"": [248044, 248046], ""unexpected_allowed"": []}",2.115899986005388,xgrammar,0.8098077669856139,3.3531503989943303,470,65,64,"[1465, 14936, 279, 5819, 14706, 321, 4439, 264, 42777, 1634, 852, 11815, 1245, 3559, 780, 5817, 413, 781, 995, 3397, 14276, 84023, 82, 466, 32485, 12052, 4732, 1518, 781, 14428, 303, 13, 561, 84023, 82, 998, 5732, 310, 71961, 11, 694, 279, 855, 1018, 6643, 314, 1070, 995, 3397, 978, 279, 1788, 1518, 13, 1216, 1179, 14607, 421, 279, 84023, 82, 998, 29245, 23331, 248046]","[1465, 14936, 279, 5819, 14706, 321, 4439, 264, 42777, 1634, 852, 11815, 1245, 3559, 780, 5817, 413, 781, 995, 3397, 14276, 84023, 82, 466, 32485, 12052, 4732, 1518, 781, 14428, 303, 13, 561, 84023, 82, 998, 5732, 310, 71961, 11, 694, 279, 855, 1018, 6643, 314, 1070, 995, 3397, 978, 279, 1788, 1518, 13, 1216, 1179, 14607, 421, 279, 84023, 82, 998, 29245, 23331]",248046,"[248046, 248044]",248046,1,True,True,"[0, 1, 0, 0, 0, 0, 0]","He watched the plant closely and asked a passerby who lived right below his door if they had ever grown ferns or pine trees outside before they walked in. The ferns were starting to wilt, but the man said none of them had ever been the same before. He then realized that the ferns were wil inspect",True,3842744320,8.47791746101575
157_coauthor_right_not_left_kna_t8_rep2,489,7,right_not_left,,8,2,65,19,1188,189499705,coauthor,157,2,coauthor:creative:7e48dc0c20c340f9b0cfe73fd8d198b6,0,a344eb78e2f402b164713e5ab7bd3c82e6bd7f992567f47a3fc49d9d7ff7f8cb,85b465302ad73681e9b1cf1a8eca49297a80b24f646bf8fd32a0544d4c1c367a,success,,512.0,512.0,512.0,False,,model_loaded,15.589513433980756,0.574300607026089,0.539574665017426,1.113875272043515,1.113875272043515,1075,10123,165177,167428714,248320,"{""allowed_count"": 248068, ""expected_count"": 248068, ""missing_expected"": [], ""ok"": true, ""stop_token_ids"": [248044, 248046], ""unexpected_allowed"": []}",2.0634356070077047,xgrammar,0.853265774960164,3.348471292993054,381,65,64,"[1465, 74730, 6799, 66897, 1452, 1396, 29025, 321, 59141, 19823, 303, 279, 10212, 11, 14603, 364, 264, 14731, 7258, 466, 1442, 264, 14845, 421, 2493, 599, 14038, 780, 7168, 13, 328, 11569, 821, 1288, 551, 5326, 55349, 11, 542, 8857, 279, 4147, 49755, 1142, 1083, 279, 1819, 1706, 1332, 279, 2235, 799, 1429, 310, 381, 13, 328, 14749, 2113, 411, 303, 1017, 7285, 4439, 248046]","[1465, 74730, 6799, 66897, 1452, 1396, 29025, 321, 59141, 19823, 303, 279, 10212, 11, 14603, 364, 264, 14731, 7258, 466, 1442, 264, 14845, 421, 2493, 599, 14038, 780, 7168, 13, 328, 11569, 821, 1288, 551, 5326, 55349, 11, 542, 8857, 279, 4147, 49755, 1142, 1083, 279, 1819, 1706, 1332, 279, 2235, 799, 1429, 310, 381, 13, 328, 14749, 2113, 411, 303, 1017, 7285, 4439]",248046,"[248046, 248044]",248046,1,True,True,"[0, 0, 0, 0, 0, 0, 0, 1]","He rigorously scrutinized every straw andlid lying in the cup, searching for a funny expression or even a smile that might have surprised his wife. ""Oh my,"" he finally whispered, shoving the empty mug back into the crevice where the old one used to be. ""Who put this in there?"" asked",True,3829749760,8.647573992959224
158_coauthor_right_not_left_kna_t9_rep2,490,8,right_not_left,,9,2,65,21,1313,1330847957,coauthor,158,2,coauthor:creative:81b30967f40349e5b0e333f1e4851ce4,0,4031c9beac714e3ba96648dee0222cfb328c2545e3c5a852835a0c7a10b20151,9716b8242183846c53a5dd0075255b84d7915a000f27cd3c95b7664cdb2b9460,success,,512.0,512.0,512.0,False,,model_loaded,15.783478305966128,0.4951668300200254,0.6087539379950613,1.1039207680150867,1.1039207680150867,1201,12481,204459,220240215,248320,"{""allowed_count"": 248068, ""expected_count"": 248068, ""missing_expected"": [], ""ok"": true, ""stop_token_ids"": [248044, 248046], ""unexpected_allowed"": []}",2.094206492009107,xgrammar,0.8401943059870973,3.4908381630084477,387,65,64,"[17413, 279, 2201, 995, 22263, 660, 314, 1141, 19507, 364, 10476, 11, 279, 13238, 13717, 3980, 28695, 421, 995, 978, 13717, 539, 28278, 303, 220, 17, 15, 21, 15, 25170, 440, 264, 24416, 314, 220, 17, 15, 975, 16185, 310, 6379, 90812, 279, 2201, 579, 29310, 321, 6830, 264, 10632, 48603, 14741, 421, 13260, 9202, 279, 11712, 13, 271, 79749, 1414, 3294, 369, 6497, 248046]","[17413, 279, 2201, 995, 22263, 660, 314, 1141, 19507, 364, 10476, 11, 279, 13238, 13717, 3980, 28695, 421, 995, 978, 13717, 539, 28278, 303, 220, 17, 15, 21, 15, 25170, 440, 264, 24416, 314, 220, 17, 15, 975, 16185, 310, 6379, 90812, 279, 2201, 579, 29310, 321, 6830, 264, 10632, 48603, 14741, 421, 13260, 9202, 279, 11712, 13, 271, 79749, 1414, 3294, 369, 6497]",248046,"[248046, 248044]",248046,1,True,True,"[1, 0, 0, 0, 1, 0, 0, 0, 0]","Because the US had abandoned all of its allies for decades, the newly formed war alliance that had been formed by NATO in 2060 merged with a coalition of 20 other nations to completely dismantle the US's isolation and launch a massive decisive offensive that ultimately ended the conflict.

(The text above is easily",True,3834260480,8.820067527005449
159_coauthor_right_not_left_kna_t10_rep2,491,9,right_not_left,,10,2,65,23,1438,354284196,coauthor,159,2,coauthor:creative:36a7437e63c64ad99a8e4cc9433a7be1,0,645bc75282e6ed9f2fc3b313ad78b6c8cabe583fb43cd2ad01f0400b16012953,3e3b5b0a5d1ff45d9314ceac0458eb0e6a334c9b1ffcd18f47ee8270df9855ec,success,,512.0,512.0,512.0,False,,model_loaded,16.03897071100073,0.5393257000250742,0.714151669992134,1.2534773700172082,1.2534773700172082,1327,15087,247933,282627144,248320,"{""allowed_count"": 248068, ""expected_count"": 248068, ""missing_expected"": [], ""ok"": true, ""stop_token_ids"": [248044, 248046], ""unexpected_allowed"": []}",2.044948530034162,xgrammar,0.8429170919698663,3.595141648023855,112,65,64,"[2278, 874, 6286, 22328, 321, 264, 3521, 8009, 3980, 67067, 11, 279, 3516, 4042, 557, 9290, 310, 9370, 279, 3364, 314, 12924, 39824, 1172, 279, 11712, 3554, 31434, 308, 7020, 13, 561, 6777, 579, 5847, 13866, 3980, 383, 5402, 11, 13057, 13004, 279, 1814, 579, 8981, 3980, 13, 561, 1623, 314, 279, 11712, 557, 8950, 11, 321, 279, 1727, 2172, 3980, 1000, 381, 5879, 248046]","[2278, 874, 6286, 22328, 321, 264, 3521, 8009, 3980, 67067, 11, 279, 3516, 4042, 557, 9290, 310, 9370, 279, 3364, 314, 12924, 39824, 1172, 279, 11712, 3554, 31434, 308, 7020, 13, 561, 6777, 579, 5847, 13866, 3980, 383, 5402, 11, 13057, 13004, 279, 1814, 579, 8981, 3980, 13, 561, 1623, 314, 279, 11712, 557, 8950, 11, 321, 279, 1727, 2172, 3980, 1000, 381, 5879]",248046,"[248046, 248044]",248046,1,True,True,"[0, 0, 0, 0, 0, 0, 1, 0, 0, 0]","With no international cooperation and a global civil war raging, the United States was forced to assume the role of sole dictator under the conflict Abraham coach. The nation's leaders declared war on themselves, effectively ending the world's cold war. The child of the conflict was born, and the next great war would be led",True,3800831488,8.988396281027235
160_coauthor_right_not_left_kna_t11_rep2,492,10,right_not_left,,11,2,65,25,1563,1838535376,coauthor,160,2,coauthor:creative:da4fed90272b41edb41f63fed4a928f0,0,698c880e898072b9731ccfa420fc7a0d2b255b88f3806f07bde14859613b0a1f,ee636cc584c36d46f10bb64e0bf993851a426e233a31f9d24d49578dda06810b,success,,512.0,512.0,512.0,False,,model_loaded,16.205165667983238,0.5388057650416158,0.827163785987068,1.3659695510286838,1.3659695510286838,1453,17941,295519,355333501,248320,"{""allowed_count"": 248068, ""expected_count"": 248068, ""missing_expected"": [], ""ok"": true, ""stop_token_ids"": [248044, 248046], ""unexpected_allowed"": []}",2.1501506439526565,xgrammar,0.8009407169884071,3.2545959330163896,261,65,64,"[1465, 15060, 4439, 11, 24228, 421, 551, 995, 310, 9845, 821, 9284, 1118, 1518, 37170, 13, 1394, 32577, 514, 4258, 11, 25464, 421, 279, 855, 579, 18717, 321, 16384, 15754, 557, 19231, 3977, 488, 995, 3397, 10015, 13, 1577, 488, 28260, 364, 16099, 3447, 11, 678, 3838, 68642, 440, 660, 279, 37629, 488, 995, 883, 411, 75098, 17789, 13, 561, 16078, 17750, 8545, 3213, 248046]","[1465, 15060, 4439, 11, 24228, 421, 551, 995, 310, 9845, 821, 9284, 1118, 1518, 37170, 13, 1394, 32577, 514, 4258, 11, 25464, 421, 279, 855, 579, 18717, 321, 16384, 15754, 557, 19231, 3977, 488, 995, 3397, 10015, 13, 1577, 488, 28260, 364, 16099, 3447, 11, 678, 3838, 68642, 440, 660, 279, 37629, 488, 995, 883, 411, 75098, 17789, 13, 561, 16078, 17750, 8545, 3213]",248046,"[248046, 248044]",248046,1,True,True,"[0, 0, 0, 0, 1, 0, 0, 0, 0, 0, 0]","He carefully asked, explaining that he had to verify my identity first before proceeding. You listened intently, noting that the man's calm and measured tone was unlike anything you had ever experienced. As you waited for crucial details, your mind raced with all the doubts you had about this monumental discovery. The atmosphere hung heavy enough",True,3819356160,8.835235126025509
161_coauthor_right_not_left_kna_t12_rep2,493,11,right_not_left,,12,2,65,27,1688,1764169297,coauthor,161,2,coauthor:creative:786e6c194f0a4fd182440d297bfc3b9f,0,fed4fa21970ba97898f9823dcbb3edc4caaff28eed94693689068e1e7bd21f28,cdf62e81e82420b9d2db6c9979e612ed7f077027c536059b8c32055922a56c8c,success,,512.0,512.0,512.0,False,,model_loaded,16.59362705401145,0.6051897159777582,0.8989169470150955,1.5041066629928537,1.5041066629928537,1579,21043,347287,439103286,248320,"{""allowed_count"": 248068, ""expected_count"": 248068, ""missing_expected"": [], ""ok"": true, ""stop_token_ids"": [248044, 248046], ""unexpected_allowed"": []}",2.120418213016819,xgrammar,0.8088149389950559,3.331802468979731,242,65,64,"[1919, 25450, 11285, 20352, 279, 804, 7063, 314, 26263, 11, 430, 678, 2993, 13653, 12784, 5028, 279, 2330, 4034, 303, 678, 1727, 2199, 998, 279, 1546, 5975, 421, 5879, 310, 264, 1814, 1332, 21265, 8541, 1821, 1381, 13, 1394, 1423, 55952, 1142, 303, 678, 1428, 1528, 11, 41594, 421, 1345, 488, 628, 10971, 279, 24322, 11125, 11, 279, 16233, 53783, 14995, 303, 321, 4661, 248044]","[1919, 25450, 11285, 20352, 279, 804, 7063, 314, 26263, 11, 430, 678, 2993, 13653, 12784, 5028, 279, 2330, 4034, 303, 678, 1727, 2199, 998, 279, 1546, 5975, 421, 5879, 310, 264, 1814, 1332, 21265, 8541, 1821, 1381, 13, 1394, 1423, 55952, 1142, 303, 678, 1428, 1528, 11, 41594, 421, 1345, 488, 628, 10971, 279, 24322, 11125, 11, 279, 16233, 53783, 14995, 303, 321, 4661]",248046,"[248046, 248044]",248044,1,True,True,"[0, 0, 0, 0, 0, 0, 0, 0, 0, 0, 1, 0]","This fascinating journey reveals the true meaning of sacrifice, as your kind acts observed upon the big screen in your next life were the very actions that led to a world where humanity thrives now. You find yourselves back in your current state, realizing that while you can witness the painful choices, the ultimate redemption lies in and behind",True,3814347264,9.008468754007481
162_coauthor_right_not_left_kna_t13_rep2,494,12,right_not_left,,13,2,65,29,1813,634652853,coauthor,162,2,coauthor:creative:8462cd8c839f4ebbb940326f3af1922c,0,1e43cda33896ad43f401373060769109312d25ce62461eb2d3722da47bd8b145,8848bc5998e1e15e5001cfa8e32a7f02e4266be631e9234a58aaf35945944c1f,success,,512.0,512.0,512.0,False,,model_loaded,15.848012810980435,0.5932825389900245,1.0240725629846565,1.617355101974681,1.617355101974681,1705,24393,403237,534680499,248320,"{""allowed_count"": 248068, ""expected_count"": 248068, ""missing_expected"": [], ""ok"": true, ""stop_token_ids"": [248044, 248046], ""unexpected_allowed"": []}",2.0955062009743415,xgrammar,0.8209381389897317,2.7586114199948497,594,46,45,"[20946, 998, 4808, 1288, 1018, 2832, 13, 88126, 11, 328, 1719, 35997, 1066, 3125, 264, 11078, 9940, 15193, 310, 7383, 279, 29265, 26, 279, 10018, 567, 1066, 10345, 668, 24544, 279, 25707, 321, 7538, 18364, 82, 678, 21395, 1965, 1518, 678, 4593, 83374, 1495, 1149, 248046]","[20946, 998, 4808, 1288, 1018, 2832, 13, 88126, 11, 328, 1719, 35997, 1066, 3125, 264, 11078, 9940, 15193, 310, 7383, 279, 29265, 26, 279, 10018, 567, 1066, 10345, 668, 24544, 279, 25707, 321, 7538, 18364, 82, 678, 21395, 1965, 1518, 678, 4593, 83374, 1495, 1149]",248046,"[248046, 248044]",248046,1,True,False,"[0, 0, 0, 0, 0, 0, 0, 0, 1, 0, 0, 0, 0]","""You were wrong,"" said Dr. Vance, ""the bee just told a dangerous lie hoping to delay the inevitable; the procedure we just performed will seal the wound and jump-starts your immune response before your heart collapses again.""",True,3857546752,8.552747975976672
163_coauthor_right_not_left_kna_t14_rep2,495,13,right_not_left,,14,2,65,31,1938,564958425,coauthor,163,2,coauthor:creative:bad20cdce8404ef3b6992ae8758105d2,0,15e38750df54207ef5fe76e5a425a6c82355ae968aa81200a5ede227ae67b491,6ea389002d3843ad9f9e1f8fd5196a9595cd97593b8636fd0d6d72edfc7d9617,success,,512.0,512.0,512.0,False,,model_loaded,16.421641154040117,0.5374244379927404,1.1329748340067454,1.6703992719994858,1.6703992719994858,1831,27991,463369,642809140,248320,"{""allowed_count"": 248068, ""expected_count"": 248068, ""missing_expected"": [], ""ok"": true, ""stop_token_ids"": [248044, 248046], ""unexpected_allowed"": []}",2.231602799030952,xgrammar,0.8297139140195213,3.1118056190316565,325,58,57,"[6651, 16810, 279, 9506, 1142, 321, 12857, 2272, 279, 7920, 6784, 2980, 264, 5365, 11, 27264, 505, 44168, 52297, 1472, 279, 72643, 11, 542, 29347, 279, 3311, 314, 279, 13437, 9506, 11, 321, 279, 10632, 3202, 314, 22960, 4649, 421, 1274, 1549, 1083, 279, 2956, 557, 3213, 310, 21146, 14714, 279, 38787, 8177, 314, 279, 11247, 13, 248046]","[6651, 16810, 279, 9506, 1142, 321, 12857, 2272, 279, 7920, 6784, 2980, 264, 5365, 11, 27264, 505, 44168, 52297, 1472, 279, 72643, 11, 542, 29347, 279, 3311, 314, 279, 13437, 9506, 11, 321, 279, 10632, 3202, 314, 22960, 4649, 421, 1274, 1549, 1083, 279, 2956, 557, 3213, 310, 21146, 14714, 279, 38787, 8177, 314, 279, 11247, 13]",248046,"[248046, 248044]",248046,1,True,False,"[0, 0, 0, 0, 0, 0, 0, 0, 0, 0, 0, 0, 0, 1]","They pressed the stone back and forth against the hidden wall until a deep, resonant scream echoed through the cavern, shattering the cover of the ancient stone, and the massive amount of magical energy that flared into the room was enough to instantly wake the resting forces of the planet.",True,3826860032,9.103492983966134
164_coauthor_right_not_left_kna_t15_rep2,496,14,right_not_left,,15,2,65,33,2063,642190226,coauthor,164,2,coauthor:creative:b3528173b35442d09e2aadaf4d06defe,0,ab29e3e7b22c449e7f690964f9f491efcbc763c7215af00ad1a800e8e23aef12,4dd5f8db24062eeb29eef635f7166f99b3321b0459593ba2aadafc01c0656fc2,success,,512.0,512.0,512.0,False,,model_loaded,19.571057178021874,0.6328219029819593,1.3012468600063585,1.9340687629883178,1.9340687629883178,1957,31837,527683,764233209,248320,"{""allowed_count"": 248068, ""expected_count"": 248068, ""missing_expected"": [], ""ok"": true, ""stop_token_ids"": [248044, 248046], ""unexpected_allowed"": []}",2.170765021000989,xgrammar,0.8358986630337313,2.7958550970070064,211,48,47,"[760, 7914, 49855, 551, 4021, 2842, 780, 6764, 579, 2763, 11095, 11, 1132, 279, 26706, 15894, 551, 369, 883, 310, 5073, 11, 321, 551, 1902, 2222, 279, 1560, 780, 4097, 53478, 513, 11421, 303, 1906, 310, 2842, 780, 2902, 579, 10458, 314, 4397, 321, 12013, 4656, 13, 248046]","[760, 7914, 49855, 551, 4021, 2842, 780, 6764, 579, 2763, 11095, 11, 1132, 279, 26706, 15894, 551, 369, 883, 310, 5073, 11, 321, 551, 1902, 2222, 279, 1560, 780, 4097, 53478, 513, 11421, 303, 1906, 310, 2842, 780, 2902, 579, 10458, 314, 4397, 321, 12013, 4656, 13]",248046,"[248046, 248044]",248046,1,True,False,"[0, 0, 0, 0, 0, 0, 0, 0, 0, 0, 1, 0, 0, 0, 0]","The boy realizes he cannot stop his father's initial accident, only the countless deaths he is about to cause, and he must change the way his five grandparents are treated in order to stop his family's cycle of death and rebirth.",True,3813127680,9.066077006980777
165_coauthor_right_not_left_kna_t16_rep2,497,15,right_not_left,,16,2,65,35,2188,795645006,coauthor,165,2,coauthor:creative:3f069ddebc85414f8c650c1f9e78a498,0,a93020517f6a04e3c348cec209b28b1bd74fc1b5de86f7f62d9f6d4b97a85e13,70d312775645da74a98e030be56978ebf53c4ae22d3be50efeeddcc3287d9863,success,,512.0,512.0,512.0,False,,model_loaded,19.079915035981685,0.6420374099980108,1.4436567250522785,2.0856941350502893,2.0856941350502893,2083,35931,596179,899696706,248320,"{""allowed_count"": 248068, ""expected_count"": 248068, ""missing_expected"": [], ""ok"": true, ""stop_token_ids"": [248044, 248046], ""unexpected_allowed"": []}",2.100602024991531,xgrammar,0.8283507770393044,3.2853278790134937,518,65,64,"[760, 9376, 16570, 52616, 2545, 47177, 7854, 7535, 11, 6611, 26433, 1544, 291, 28671, 1801, 314, 8545, 9229, 11, 23872, 11, 321, 67924, 310, 5827, 836, 2902, 494, 8554, 17208, 279, 38422, 10382, 18593, 37805, 1362, 635, 13, 318, 760, 220, 24, 17, 302, 2545, 22952, 579, 3050, 58110, 314, 4599, 279, 8545, 9041, 3626, 321, 51331, 279, 35336, 1608, 264, 65274, 88, 42342, 248046]","[760, 9376, 16570, 52616, 2545, 47177, 7854, 7535, 11, 6611, 26433, 1544, 291, 28671, 1801, 314, 8545, 9229, 11, 23872, 11, 321, 67924, 310, 5827, 836, 2902, 494, 8554, 17208, 279, 38422, 10382, 18593, 37805, 1362, 635, 13, 318, 760, 220, 24, 17, 302, 2545, 22952, 579, 3050, 58110, 314, 4599, 279, 8545, 9041, 3626, 321, 51331, 279, 35336, 1608, 264, 65274, 88, 42342]",248046,"[248046, 248044]",248046,1,True,True,"[0, 0, 0, 0, 0, 0, 0, 0, 0, 0, 0, 0, 1, 0, 0, 1]","The remaining twenty-six little pigs followed suit, creating paradymic barriers made of heavy steel, aluminum, and titanium to protect their family from whatever threats the Delaware Short Study Associates could do. (The 92nd little pig's specific accomplishment of building the heavy metal house and defeating the wolf using a decoy shark",True,3849422848,9.57033923000563
150_coauthor_right_not_left_kna_t1_rep3,498,0,right_not_left,,1,2,65,4,313,1411941165,coauthor,150,3,coauthor:creative:d16a6136b82b42eba1e61ff0a4ac3293,0,91aebdfdbb9dcb2d04920b09e40e5af7f4f24e003f537eea3db2f37d8d610479,06b3ec2e8a836e9e7f63fe978057f4d968b376b5c1d6a8677fb39d93204168d6,success,,512.0,512.0,512.0,False,,model_loaded,16.830948887974955,0.49537468602648005,0.07261564797954634,0.5679903340060264,0.5679903340060264,193,561,9480,3361714,248320,"{""allowed_count"": 248067, ""expected_count"": 248067, ""missing_expected"": [], ""ok"": true, ""stop_token_ids"": [248044, 248046], ""unexpected_allowed"": []}",2.1998816389823332,xgrammar,0.8416096870205365,3.363758326973766,740,65,64,"[7691, 2047, 279, 2956, 28599, 321, 2512, 279, 4142, 11, 6849, 28177, 310, 1542, 2944, 3023, 494, 279, 1330, 2859, 852, 995, 76571, 1024, 310, 4565, 303, 836, 2199, 1345, 52962, 310, 381, 1024, 2854, 13, 561, 1727, 6353, 1292, 22387, 310, 279, 4142, 7803, 1132, 310, 1423, 1070, 11362, 303, 264, 8318, 2956, 11, 6213, 6669, 321, 22417, 16350, 1441, 836, 11947, 23191, 248046]","[7691, 2047, 279, 2956, 28599, 321, 2512, 279, 4142, 11, 6849, 28177, 310, 1542, 2944, 3023, 494, 279, 1330, 2859, 852, 995, 76571, 1024, 310, 4565, 303, 836, 2199, 1345, 52962, 310, 381, 1024, 2854, 13, 561, 1727, 6353, 1292, 22387, 310, 279, 4142, 7803, 1132, 310, 1423, 1070, 11362, 303, 264, 8318, 2956, 11, 6213, 6669, 321, 22417, 16350, 1441, 836, 11947, 23191]",248046,"[248046, 248044]",248046,1,True,True,[1],"She left the room quietly and called the police, immediately deciding to run far away from the two men who had begged her to stay in their life while pretending to be her love. The next morning she drove to the police station only to find them sitting in a waiting room, eyes wide and tears streaming down their faces touched",True,3883063808,8.256568845012225
165_coauthor_right_not_left_kna_t16_rep3,499,15,right_not_left,,16,2,65,35,2188,1152027960,coauthor,165,3,coauthor:creative:a1818a53e4114dd3a3f002dc7f2c2f58,0,03355aa682d5ae9145ee7445dc171b3417786db58517d05f5d77ecffdc2cb40e,37fafa3f3463b4d836568e5ee38a612a0b3b54890e06e5dcd318e1aa2fd271cb,success,,512.0,512.0,512.0,False,,model_loaded,17.61984456697246,0.6424469180055894,1.4500638180179521,2.0925107360235415,2.0925107360235415,2083,35931,596179,899696706,248320,"{""allowed_count"": 248068, ""expected_count"": 248068, ""missing_expected"": [], ""ok"": true, ""stop_token_ids"": [248044, 248046], ""unexpected_allowed"": []}",2.1911624290514737,xgrammar,0.8738135729799978,3.353147096990142,106,65,64,"[2523, 12706, 440, 449, 21346, 5357, 314, 15210, 421, 279, 855, 488, 599, 2445, 310, 46315, 537, 369, 303, 279, 1546, 51455, 314, 4788, 32972, 421, 18091, 678, 18989, 13, 1577, 488, 1301, 279, 4105, 11, 488, 2579, 264, 5365, 3511, 310, 279, 855, 852, 1018, 328, 40, 2688, 524, 264, 18040, 11, 353, 2688, 264, 919, 2308, 3034, 1, 440, 1680, 321, 1040, 248046]","[2523, 12706, 440, 449, 21346, 5357, 314, 15210, 421, 279, 855, 488, 599, 2445, 310, 46315, 537, 369, 303, 279, 1546, 51455, 314, 4788, 32972, 421, 18091, 678, 18989, 13, 1577, 488, 1301, 279, 4105, 11, 488, 2579, 264, 5365, 3511, 310, 279, 855, 852, 1018, 328, 40, 2688, 524, 264, 18040, 11, 353, 2688, 264, 919, 2308, 3034, 1, 440, 1680, 321, 1040]",248046,"[248046, 248044]",248046,1,True,True,"[0, 0, 0, 0, 0, 0, 0, 0, 0, 1, 0, 0, 0, 0, 0, 0]","You realize with an overwhelming sense of honor that the man you have come to idolize is in the very vein of political genius that defines your legacy. As you read the words, you feel a deep connection to the man who said ""I'm not a speaker, I'm a part-timer"" with such and like",True,3800596992,9.787181344989222
